499
215
182 104 227 153 846 321 153 160 464 799 948 249 919 618 417 317 461 896 968 20 148 227 384 837 373 219 454 95 940 573 976 940 622 244 614 531 647 350 571 500 447 444 989 240 260 752 874 84 414 187 403 667 556 834 222 379 992 65 234 95 858 412 350 675 599 257 399 651 712 367 994 246 223 945 547 346 240 866 332 72 909 674 641 806 150 990 206 122 371 454 710 84 994 67 170 294 678 226 999 189 593 850 262 218 628 286 309 986 587 820 165 534 894 42 731 923 113 737 934 745 540 34 525 377 716 600 429 440 297 34 692 827 633 312 232 919 866 895 348 364 151 674 455 6 114 888 928 983 846 155 927 277 334 815 586 923 862 956 668 922 36 659 5 649 675 20 755 216 589 238 806 642 886 73 426 849 218 566 453 978 969 987 295 615 382 679 252 663 43 475 205 762 337 322 756 138 726 264 152 616 20 836 526 9 528 573 119 600 468 819 372 338 264 48 36
404
780 329 711 490 358 24 338 740 217 466 677 586 749 586 172 574 812 694 755 633 667 886 243 703 257 232 915 432 140 375 130 989 612 848 635 376 677 609 123 592 102 282 479 584 39 324 862 741 809 856 728 515 251 129 869 579 139 965 98 591 872 794 118 538 478 288 726 591 366 647 652 608 642 309 950 557 605 856 544 241 831 867 18 564 299 834 103 842 612 661 278 402 169 44 917 411 491 409 221 280 795 616 725 156 390 514 327 388 341 801 940 915 876 101 41 222 854 977 217 745 146 103 449 359 907 65 11 317 221 885 731 350 413 808 616 48 648 452 466 839 331 21 161 498 476 995 49 522 985 839 972 678 364 794 977 193 263 894 7 532 741 820 751 139 565 61 258 376 866 422 758 813 245 286 460 570 763 602 229 660 822 537 948 912 572 214 256 516 278 595 490 474 9 589 212 107 630 473 421 195 317 715 189 700 434 165 596 114 21 319 376 481 738 170 522 251 424 183 89 312 1 437 393 563 584 207 885 347 452 679 483 196 119 647 560 683 63 718 35 138 777 380 505 18 702 239 289 693 330 837 547 918 181 463 983 363 117 527 70 924 869 561 604 685 66 788 307 317 4 350 762 649 838 809 567 361 64 248 564 642 569 413 751 993 633 612 18 45 987 896 480 515 762 223 470 547 195 608 192 178 318 515 626 828 930 277 579 601 979 251 555 294 719 325 402 205 261 758 447 516 555 749 551 591 246 705 214 792 358 889 515 888 539 138 535 720 165 986 405 29 764 269 379 575 182 368 881 379 852 462 524 619 423 11 234 350 978 364 451 129 249 465 628 773 405 407 717 86 563 372 374 735 79 515 186 248 506 386 162 373 359 467 730 15 588 207 942 574 511 969 816 755 368 886 850 735 457 367 760 628 927 315 162 789
490
751 382 850 385 832 519 951 283 192 702 387 984 624 216 684 474 165 892 981 420 874 553 770 713 498 828 902 274 394 819 225 74 843 193 174 244 706 703 547 586 343 384 46 195 66 819 597 584 751 622 450 415 510 173 985 816 15 666 572 356 298 264 441 581 854 602 925 499 610 964 984 766 416 257 572 652 574 578 912 271 460 329 921 625 890 871 275 960 54 114 848 383 558 714 602 259 456 732 404 781 434 616 520 707 171 320 59 509 520 370 895 927 535 748 324 746 561 444 754 732 999 221 370 870 658 201 343 94 289 913 391 630 426 513 79 40 460 221 555 90 848 938 297 318 920 558 194 532 983 389 362 419 493 14 754 257 734 691 577 818 108 507 487 326 197 541 94 419 818 4 532 730 787 921 884 494 166 970 324 756 982 15 477 769 272 238 759 921 624 460 22 676 757 181 135 539 916 164 671 533 698 683 327 129 879 460 422 305 999 190 921 579 123 249 61 790 822 727 875 874 803 37 109 955 80 947 738 8 544 973 322 57 55 533 38 75 216 546 966 201 890 813 284 234 164 596 779 794 745 627 21 260 128 158 481 596 135 365 793 231 65 824 322 747 103 232 419 694 663 434 558 847 83 669 406 957 548 76 159 655 660 794 965 629 770 95 501 523 70 531 17 421 75 104 260 229 551 81 578 46 417 328 109 187 483 352 517 107 843 489 137 686 617 105 208 44 816 935 205 180 142 84 446 269 680 651 164 983 44 743 48 530 483 580 444 875 509 481 68 530 427 986 869 275 819 381 574 552 781 394 493 634 365 843 915 381 170 290 104 288 372 117 802 624 206 826 618 579 747 916 530 625 534 329 366 907 249 513 177 151 65 545 814 4 144 53 262 572 821 424 300 854 395 5 17 532 966 999 149 782 851 32 637 383 994 770 857 992 854 708 20 174 959 133 540 416 680 770 247 681 741 285 407 365 425 305 162 969 779 75 63 633 25 491 539 594 190 439 452 507 663 670 129 665 573 849 217 388 544 420 147 795 560 768 546 273 92 158 40 761 498 924 957 171 605 171 497 603 667 311 949 959 420 408 905 615 403 963 965 341 483 234 110 737 205 555 399 716 984 206
939
865 935 44 862 320 124 471 756 445 128 391 516 465 618 332 120 33 36 346 601 537 280 467 814 956 539 21 499 175 706 683 746 241 396 715 428 39 341 280 708 928 829 81 344 537 119 446 441 502 41 366 700 751 833 931 943 47 146 231 193 389 178 615 952 417 609 148 855 413 608 52 402 976 796 617 323 410 203 215 706 812 907 181 442 37 932 753 858 763 209 913 313 89 364 438 615 37 465 370 781 998 588 501 14 927 445 43 779 37 906 430 997 725 794 433 279 851 478 572 815 423 931 402 857 409 218 883 290 621 791 403 304 716 972 943 144 895 619 949 99 855 133 978 824 156 220 830 753 319 723 156 40 53 353 262 786 406 858 4 339 248 328 402 341 188 149 24 179 748 442 96 790 513 337 169 153 968 751 681 139 664 84 460 796 426 886 544 793 363 492 588 60 405 538 623 140 839 55 445 842 763 756 346 359 980 395 863 827 332 123 660 957 736 919 514 256 490 882 595 596 433 776 955 298 754 567 89 626 30 634 944 111 57 411 475 616 357 575 44 75 953 667 955 37 6 509 91 144 314 532 592 629 625 366 51 858 40 125 956 704 173 267 431 454 18 94 293 818 425 542 514 208 669 639 954 79 122 461 632 720 157 233 631 920 758 568 746 644 950 731 363 66 482 712 498 339 364 718 992 163 690 840 41 181 806 73 402 310 281 999 956 168 654 106 73 716 222 519 870 691 987 775 136 530 245 192 500 630 791 38 94 676 415 836 117 166 44 657 770 997 862 445 103 75 641 706 902 701 711 626 231 626 522 852 244 999 211 71 39 376 564 148 638 73 61 483 917 926 53 253 173 922 505 186 733 855 450 798 105 498 244 103 544 387 834 120 419 638 780 669 686 31 344 805 81 580 389 216 15 858 288 994 755 518 83 845 834 462 328 185 442 635 475 93 735 61 548 86 834 599 189 759 527 333 236 357 198 11 149 811 118 474 523 704 172 837 517 603 741 15 44 735 976 197 635 813 113 486 309 213 949 484 893 822 476 662 148 606 866 900 624 903 446 213 784 193 386 229 772 174 710 693 677 407 663 362 309 875 472 852 50 332 92 746 520 438 132 52 497 203 903 237 157 826 862 333 310 605 860 691 869 966 390 213 543 361 697 369 539 656 890 827 859 152 806 399 858 952 197 361 136 929 991 181 433 682 101 230 68 619 963 671 247 25 489 398 841 458 530 921 840 615 200 602 915 679 847 891 752 619 463 393 822 985 239 527 968 216 466 659 770 83 971 906 503 963 792 705 761 937 56 443 772 379 141 725 124 632 501 97 270 356 356 484 517 29 465 370 205 175 769 163 572 218 434 944 796 204 11 268 440 372 576 441 946 392 963 514 717 975 277 830 143 870 897 318 471 561 502 671 863 922 659 471 325 534 744 155 769 970 24 487 951 539 267 167 414 152 44 66 769 209 306 906 895 168 780 249 529 644 660 996 260 826 340 793 798 521 938 648 925 399 358 416 47 162 616 802 67 698 539 171 119 882 103 546 344 382 49 356 991 124 297 413 380 360 20 995 446 83 338 229 385 609 438 148 732 591 846 841 614 854 846 379 597 807 528 842 998 560 528 418 594 573 506 650 128 312 920 779 408 727 155 970 757 217 828 550 227 464 761 43 199 204 894 8 379 709 506 811 308 295 464 492 559 721 285 510 741 301 467 203 675 40 612 884 248 937 212 934 988 493 363 116 597 900 160 839 358 765 299 162 412 503 793 811 226 509 898 883 995 243 862 859 551 716 119 239 733 123 379 229 9 580 262 758 655 140 962 485 122 307 931 115 305 920 119 38 204 358 88 446 934 978 953 916 967 877 272 926 208 336 408 411 15 891 450 700 566 689 340 695 13 313 354 324 664 799 669 204 191 823 74 8 200 786 432 777 544 524 590 797 813 354 812 661 45 192 711 976 164 429 832 92 337 902 632 489 646 546 94 948 109 189 255 630 195 644 526 865 155 957 249 818 846 894 350 662 851 581 552 938 729 459 94 588 745 876 816 185 151 641 756 317 168 787 725 376 532 462 970 954 331 343 257 553 658 692 953 217 847 590 562 625 195 858 360 161 867 369 387 467 145 613 801 560 477 952 846
665
92 290 299 768 957 305 746 956 37 231 584 22 602 875 634 382 368 891 66 74 921 15 597 96 265 744 385 92 763 80 711 132 181 239 132 962 130 638 250 112 656 505 158 905 991 407 497 451 996 474 447 336 343 882 134 140 94 620 571 272 450 443 84 346 2 681 933 726 857 494 628 182 324 591 521 662 936 3 913 542 655 720 144 930 235 468 552 340 32 319 468 404 449 144 804 857 760 333 288 803 701 448 466 482 690 344 168 674 619 630 292 150 636 926 664 277 685 644 398 449 583 212 466 16 84 955 136 796 136 132 167 737 748 859 222 749 86 587 644 544 713 538 133 499 111 759 963 924 511 329 426 176 715 803 668 445 436 424 473 313 786 353 106 595 230 74 688 827 787 446 307 987 842 910 422 481 369 902 541 197 244 167 370 80 971 620 587 741 64 660 551 999 83 163 302 264 842 169 70 241 866 462 13 654 71 804 851 973 457 717 622 481 653 471 80 5 599 700 276 635 854 724 717 859 40 115 999 950 496 327 120 176 747 952 467 491 275 27 172 850 838 970 208 357 678 630 803 439 66 957 842 827 438 999 157 572 830 858 318 621 214 238 516 79 497 876 72 819 932 964 195 757 827 706 759 994 231 810 713 511 700 107 337 15 531 276 528 91 107 81 670 436 144 333 302 388 839 816 98 303 54 924 8 263 420 884 63 423 986 573 121 427 855 535 978 955 934 192 401 152 745 371 130 444 711 221 181 957 267 93 369 645 244 454 310 171 245 605 519 600 279 389 841 878 112 392 580 189 457 830 462 139 94 760 542 383 997 540 287 379 903 296 12 598 128 344 729 848 254 159 287 326 957 868 767 990 696 277 546 5 817 953 329 4 812 927 403 248 836 2 914 923 324 824 385 477 829 163 478 237 496 671 916 525 162 876 915 242 958 23 967 372 273 484 469 51 603 973 669 678 442 109 289 745 926 939 226 226 601 563 921 18 602 956 19 901 196 808 436 678 304 509 90 775 608 34 51 534 902 680 782 894 647 928 758 298 976 965 897 607 498 891 691 727 419 282 450 5 158 149 242 847 677 69 363 107 305 383 620 490 696 120 762 74 546 378 652 128 945 644 849 724 737 524 1 420 656 722 69 81 59 931 727 227 669 106 727 740 308 602 961 766 334 391 286 140 424 988 747 151 290 302 927 598 894 354 936 272 664 611 749 815 706 255 633 177 134 926 952 287 888 149 602 830 202 864 755 893 579 511 147 595 715 377 309 651 417 915 94 981 796 533 435 373 681 805 22 536 359 203 624 934 687 440 769 735 904 454 231 511 818 61 399 615 155 464 557 328 937 874 177 826 543 197 58 945 507 619 577 310 610 134 623 659 823 263 868 593 604 223 946 35 82 995 475 397 465 410 738 457 521 920 739 341 607 984 733 855 618 110 749 110 182 329 297 961 835 237 499 473 231 749 255 938 852 173 512 308 61 744 723 539 863 412 384 967 257 289 940 356 67 257 535 277 476
192
317 120 572 862 857 493 61 802 781 908 154 846 719 875 771 115 584 346 948 892 92 251 609 669 781 574 914 57 486 817 407 816 725 833 23 274 917 53 923 620 562 360 952 233 435 527 193 842 900 268 539 838 112 153 360 900 339 449 894 479 2 192 269 562 535 655 329 644 304 119 693 199 9 724 326 458 978 292 193 237 830 128 366 532 537 683 34 894 993 623 909 54 19 952 350 525 909 126 20 392 487 114 705 144 502 549 433 317 586 203 849 533 111 759 942 917 345 997 678 679 892 37 358 226 117 883 928 43 416 587 250 120 73 121 542 996 939 14 804 951 908 985 376 490 30 472 983 277 283 392 665 659 11 123 383 679 536 345 309 314 251 551 895 936 146 554 514 178 644 222 706 858 439 279 116 86 277 868 479 475 942 849 536 675 402 974 993 367 740 740 193 388
192
706 474 604 975 365 93 533 889 182 799 933 592 120 136 33 14 123 433 221 988 793 631 453 987 11 417 215 476 445 74 967 585 21 687 188 656 802 492 458 88 532 718 928 105 416 605 712 973 164 207 190 413 314 579 23 519 686 861 613 613 254 948 557 762 534 461 988 44 92 636 237 351 2 888 860 43 425 979 250 153 969 101 179 106 31 602 800 838 289 289 745 425 430 918 548 718 968 942 233 912 110 11 601 45 532 39 692 146 981 407 574 46 82 633 384 676 765 13 675 38 931 359 445 379 437 849 551 80 707 345 260 920 120 959 782 747 810 485 526 174 310 900 953 806 316 877 724 551 7 562 977 48 711 334 101 70 617 730 93 67 803 784 765 302 251 36 222 977 296 259 61 357 380 709 105 23 253 581 809 215 649 52 705 594 941 19 353 717 345 944 164 997
704
193 835 435 105 396 575 824 312 201 562 575 251 543 904 687 980 982 164 47 731 656 995 835 639 902 286 861 391 764 722 798 140 636 651 816 145 479 661 169 579 718 379 586 651 698 786 549 649 649 344 288 224 75 344 488 937 263 877 447 743 406 899 977 425 269 656 867 933 7 398 660 405 120 11 334 914 869 544 762 197 113 238 401 768 724 948 640 357 793 173 726 605 941 476 810 695 250 463 911 18 375 658 827 932 733 942 296 79 364 505 618 242 586 667 553 80 293 304 216 585 728 933 592 473 781 459 11 74 792 843 100 908 605 154 543 538 860 302 352 388 769 443 847 266 306 237 998 568 714 371 509 501 187 899 710 541 831 160 682 345 442 713 244 789 877 296 341 249 862 793 61 865 690 222 254 685 95 142 812 505 689 853 345 71 148 769 617 536 187 292 658 705 668 327 314 329 906 482 183 512 968 665 827 867 119 244 902 316 82 953 130 883 530 110 474 487 124 427 906 525 761 639 265 307 657 351 705 760 156 72 537 981 708 794 757 849 142 850 506 497 768 423 246 113 349 457 636 179 549 422 234 678 305 566 941 431 377 127 791 580 303 547 873 138 196 893 131 541 971 96 362 742 475 766 594 734 853 228 333 391 269 362 989 623 801 600 261 604 460 999 316 926 492 39 351 292 381 447 241 633 488 690 520 54 576 820 909 548 719 429 234 592 108 806 988 301 217 703 635 529 464 99 510 363 294 982 315 65 731 565 435 889 85 710 114 28 665 761 265 621 743 210 516 66 276 326 180 547 584 360 68 413 206 670 243 307 696 292 568 444 23 794 189 91 767 600 371 450 83 927 221 843 745 141 649 240 879 133 801 749 13 176 878 959 417 589 573 433 147 841 76 191 557 76 674 99 98 249 407 857 323 916 206 751 604 950 75 141 166 386 635 633 207 103 639 908 503 475 353 857 645 107 658 609 386 487 292 662 447 246 723 146 111 296 101 7 483 776 564 909 19 944 226 609 486 543 23 919 809 435 695 832 328 260 75 399 945 776 868 976 899 93 736 947 112 238 329 621 731 797 258 299 511 614 633 891 656 915 676 94 908 16 820 63 730 747 315 199 517 71 806 130 128 278 935 535 31 538 182 512 335 395 704 415 236 767 985 182 327 383 817 688 423 321 497 418 509 244 76 382 393 120 206 105 372 707 613 78 234 859 142 357 813 118 301 370 864 951 380 505 323 796 766 1000 597 40 827 316 309 478 111 706 150 761 169 479 59 853 140 285 812 232 250 524 179 159 824 627 377 319 631 720 533 552 266 778 530 278 667 120 575 313 758 954 836 639 245 803 876 693 416 818 777 874 872 768 907 396 528 546 319 117 634 68 328 214 236 630 186 454 264 421 716 887 411 235 372 625 421 65 380 560 654 950 23 194 678 507 355 904 4 456 507 637 277 77 92 87 963 120 202 722 190 583 63 356 340 176 386 779 613 927 851 832 818 638 487 412 508 592 727 68 913 492 984 433 761 449 665 599 476 626 51 696 704 571 824 749 43 898 788 11 774 484 538 335 326 387 77 129 817 478 352 779 973 334 42 812 218 452 83 76 64 825
869
82 219 140 188 365 1000 775 494 548 868 830 958 361 691 860 376 782 741 24 316 616 579 797 143 711 697 715 193 776 467 134 555 361 805 662 476 56 230 319 488 37 838 967 805 588 599 176 932 155 620 930 890 660 471 962 650 69 84 378 698 199 473 658 690 89 1000 787 200 26 748 813 125 800 830 639 961 739 617 553 17 411 76 447 312 454 641 58 749 756 310 558 614 257 935 109 232 417 97 138 790 256 151 963 235 468 178 433 764 827 365 214 548 7 416 580 858 718 691 157 666 858 352 764 591 492 849 315 797 766 745 296 470 503 889 170 770 244 940 429 380 804 231 105 141 357 986 549 220 998 694 825 740 495 244 387 343 807 859 310 335 601 94 377 521 301 24 229 302 848 724 705 286 712 719 309 191 97 674 481 171 423 481 537 509 124 482 789 159 92 304 401 944 627 270 965 690 817 16 323 600 376 309 921 793 581 405 830 135 422 597 514 355 396 142 315 522 319 126 391 675 331 254 854 416 469 466 357 226 387 510 968 669 792 256 178 792 155 669 907 376 884 930 864 436 101 282 249 521 849 3 647 659 682 906 433 975 331 986 526 106 415 306 800 239 377 835 381 33 978 17 294 833 210 201 659 403 845 325 216 764 401 80 753 29 958 535 237 49 284 743 751 557 666 103 566 893 352 806 937 622 824 48 4 397 342 478 423 865 361 122 988 696 168 255 502 709 580 118 870 184 366 253 326 841 652 419 335 512 527 230 341 350 937 82 225 143 726 830 926 127 163 581 641 49 427 118 564 84 196 338 574 520 977 961 256 885 797 349 932 227 48 266 475 371 708 70 119 510 231 552 909 483 774 542 111 460 242 70 488 304 887 885 995 547 55 783 885 100 819 599 503 28 757 521 241 166 942 487 302 784 535 345 616 113 840 218 215 123 671 977 29 482 38 482 937 137 755 139 749 159 212 438 586 746 542 334 802 25 17 461 512 786 638 964 804 425 145 685 30 798 984 280 301 705 689 809 676 48 167 248 402 506 806 339 67 890 611 260 887 139 823 197 669 553 738 150 856 272 490 565 94 78 401 730 602 888 175 14 940 125 619 855 674 865 229 387 19 980 899 596 838 755 84 201 262 998 621 72 939 586 85 689 873 89 637 967 698 338 584 499 588 207 507 366 547 517 686 769 543 78 356 702 685 380 53 838 689 494 960 415 815 307 496 356 965 716 897 346 883 606 203 232 372 176 426 635 142 500 891 375 73 900 940 678 983 27 677 748 1000 496 482 583 303 261 783 589 293 139 155 92 93 638 451 609 366 840 200 886 375 738 429 70 49 775 665 398 329 873 724 757 514 659 200 785 72 901 699 776 815 946 120 758 686 993 274 679 162 715 939 631 507 78 240 600 673 701 593 197 317 765 140 149 944 551 166 8 69 90 524 329 841 687 899 539 139 684 716 872 52 260 77 491 700 37 373 148 945 472 953 110 693 119 132 949 270 782 221 966 422 637 155 106 652 506 2 153 946 135 501 553 822 980 662 992 288 967 216 863 285 954 175 256 131 813 546 956 828 736 32 86 926 15 415 604 284 328 659 858 995 447 969 272 507 618 755 336 156 635 803 418 462 979 825 730 29 441 16 531 172 601 798 358 578 127 273 226 53 219 299 101 275 533 281 707 769 405 683 799 995 798 794 199 636 855 444 459 121 645 406 669 767 10 874 562 287 435 516 659 323 276 694 269 371 509 92 321 703 241 294 522 855 71 587 596 563 745 848 158 288 980 700 458 673 138 679 54 223 742 844 981 89 661 510 847 357 221 830 444 359 992 103 403 928 383 684 254 212 687 631 617 680 775 741 744 215 501 423 427 888 738 371 917 982 161 47 890 582 559 639 642 900 678 962 757 87 404 35 119 877 755 306 514 600 91 143 577 377 931 594 48 869 278 118 459 131 784 974 11 402 933 296 699 551 941 975 990 449 732 897
767
111 659 862 532 794 447 879 490 802 292 56 12 664 44 497 761 486 187 866 682 158 37 212 682 735 355 840 581 249 603 646 27 876 250 967 559 586 1 74 596 583 811 419 647 569 57 734 286 920 483 100 649 584 223 883 645 70 663 316 698 545 156 72 111 340 166 604 470 802 598 212 281 185 37 636 145 1 604 283 853 332 292 917 692 768 200 348 750 547 106 820 939 816 505 311 214 648 373 380 178 13 634 689 757 698 152 294 323 188 376 98 760 67 481 173 181 169 276 286 525 384 712 171 601 295 403 658 736 632 747 450 235 609 242 564 925 7 836 151 712 294 124 607 855 823 38 828 143 749 801 340 290 157 470 865 550 203 65 470 721 464 770 662 531 909 665 561 997 944 609 890 126 313 710 346 60 782 812 523 123 441 870 990 550 822 609 858 845 269 522 851 381 894 939 450 859 367 63 380 325 723 215 548 452 816 448 553 37 84 341 223 613 778 813 700 268 978 332 182 633 32 552 900 867 821 912 525 199 30 665 375 889 753 407 221 222 350 436 233 552 291 487 344 998 517 792 703 361 484 287 501 594 618 760 259 37 772 765 764 194 144 946 725 695 516 605 319 285 446 15 648 394 903 91 135 153 477 179 17 275 926 886 986 260 67 968 914 840 766 315 144 228 167 564 466 634 656 567 270 754 394 293 543 513 737 187 72 977 189 624 951 503 463 664 170 793 759 74 209 465 81 636 495 405 28 362 216 945 540 453 342 887 271 350 781 556 612 669 213 145 881 366 84 835 289 904 1000 905 251 818 433 430 103 493 512 153 361 336 588 392 596 480 702 866 116 142 394 822 892 531 333 766 582 563 111 893 811 966 841 991 653 85 579 957 94 841 873 607 789 812 169 822 780 807 75 948 28 377 941 601 649 426 982 588 168 114 263 675 754 563 832 219 958 705 688 29 357 913 69 749 34 751 315 811 761 137 414 58 246 886 964 771 765 87 862 821 36 835 125 469 239 206 340 211 626 958 156 891 548 65 194 56 334 607 399 14 302 308 83 140 854 899 210 864 420 353 482 674 166 603 263 520 388 540 444 75 75 988 273 781 538 367 518 87 409 406 35 155 380 524 362 393 787 128 847 667 859 209 200 623 141 475 995 116 426 437 459 758 540 127 854 230 383 524 586 104 279 375 257 122 925 372 122 825 839 30 423 770 771 152 986 7 10 778 131 635 576 851 570 88 573 442 801 128 813 83 768 435 596 913 172 112 500 833 733 957 712 231 663 537 952 692 27 173 939 552 379 699 378 278 915 949 32 691 79 141 673 574 851 517 219 633 386 89 20 575 849 98 374 455 211 292 543 689 478 335 596 404 47 391 133 994 287 999 651 603 568 569 444 497 806 464 844 590 592 400 356 171 432 15 556 399 316 143 314 67 253 533 618 743 763 799 21 209 318 519 27 977 240 957 555 895 776 881 878 479 738 206 238 156 40 760 300 636 236 227 212 187 30 769 386 982 650 696 597 818 24 952 418 871 771 960 526 297 356 678 26 894 225 554 84 234 489 216 628 261 977 986 638 39 803 574 16 998 497 217 595 737 128 259 409 226 761 186 974 974 851 472 946 113 504 358 942 919 875 768 200 302 913 249 530 409 101 431 379 652 585 606 631 672 852 275 976 56 236 196 797 819 11 773 489 444 237 454 189 595 202 986 84 67 735 269 114 603 86 620 853 555 702 550 402 430 705 527 706 412 417
706
152 180 794 345 854 677 890 252 179 543 966 106 824 218 207 700 487 964 490 563 626 120 689 743 923 579 609 560 574 964 134 950 453 411 909 683 956 508 208 914 693 670 807 850 699 555 114 346 409 367 596 776 673 112 768 161 362 102 175 526 719 209 369 346 450 146 348 880 294 439 920 835 420 136 702 747 458 186 618 440 986 208 351 985 107 218 429 704 186 978 254 587 313 640 219 789 799 116 278 156 721 465 898 131 536 358 450 191 26 737 106 24 226 286 960 809 651 848 699 864 222 729 408 233 886 674 926 487 689 486 113 478 541 623 844 952 120 528 848 250 259 2 884 374 926 627 536 618 333 251 885 233 264 538 447 857 796 738 27 448 811 424 757 251 239 576 56 843 46 918 799 370 742 605 347 83 232 161 278 639 251 893 805 911 838 530 436 157 785 267 819 611 883 530 437 423 479 418 574 232 636 497 751 178 349 359 77 621 594 423 538 550 214 898 354 430 190 201 836 513 220 862 699 952 327 838 493 235 92 31 655 771 623 788 8 887 145 808 264 198 491 199 921 910 681 154 146 987 607 407 180 996 459 275 34 602 271 975 573 577 462 821 814 974 579 79 808 752 648 38 946 907 293 998 37 46 366 892 322 272 197 823 771 849 117 902 72 280 574 839 546 310 253 286 507 233 850 1 389 67 313 239 976 296 686 688 540 84 332 804 536 721 884 133 136 6 184 819 871 147 525 451 710 864 982 194 55 884 934 921 179 256 530 132 853 262 252 933 89 526 756 271 869 427 122 55 901 320 199 958 987 860 361 907 77 922 897 507 168 519 724 610 398 813 704 123 771 491 376 992 560 981 293 570 972 533 310 684 610 71 796 610 895 499 258 229 778 189 24 637 654 730 946 240 678 211 890 534 174 535 687 736 651 136 440 442 319 345 950 39 306 976 687 548 882 636 870 749 589 263 123 922 685 261 517 301 702 515 979 546 794 380 352 684 793 841 405 895 538 872 665 61 611 395 716 185 471 136 360 634 113 877 596 359 314 921 681 314 257 347 872 542 416 248 957 848 878 498 836 399 931 510 229 301 212 797 252 865 898 429 20 515 78 158 259 572 606 867 620 730 100 467 153 859 938 206 598 293 148 828 984 937 604 962 840 554 515 818 344 461 122 678 814 978 165 303 699 232 508 343 535 235 205 983 877 29 138 471 399 280 585 509 894 835 443 400 897 236 879 575 453 724 68 656 232 127 810 776 601 58 85 109 557 122 839 30 637 119 299 972 62 309 898 677 715 691 675 730 980 396 688 205 639 725 772 679 882 585 249 655 590 740 144 278 516 116 58 911 456 399 896 442 456 806 930 618 127 76 189 996 471 84 136 47 432 145 159 368 202 349 834 909 929 881 522 187 75 420 819 978 243 447 791 905 862 187 211 627 514 299 708 212 630 455 106 559 762 298 642 414 359 301 248 791 6 630 289 62 177 884 594 22 75 394 512 477 390 264 379 921 913 938 756 708 462 502 654 722 259 585 996 340 170 406 106 478 486 774 349 360 248 574 576 429 171 197 474 455 698 870 732 522 28 654 347 689 592 72 97 513 531 296 288 554 824 736
289
346 1 133 130 880 220 588 220 137 671 277 934 722 209 912 418 961 702 589 553 650 287 539 824 137 785 474 205 794 123 801 996 218 31 190 402 775 34 146 44 884 903 609 179 409 783 861 145 273 31 276 98 680 490 363 6 680 366 582 786 909 628 215 648 334 396 247 346 66 141 90 171 297 868 185 12 701 656 739 337 225 535 648 518 224 973 930 194 46 729 570 868 783 17 877 27 717 303 343 684 506 963 367 175 135 666 773 867 328 188 945 34 766 210 477 876 542 583 889 221 994 121 261 707 43 290 729 399 476 247 294 533 351 770 711 439 376 979 726 874 286 803 695 210 123 985 644 760 811 541 735 963 145 249 256 967 624 647 337 503 369 38 99 202 759 869 48 686 241 570 211 151 188 991 294 315 924 818 500 463 734 676 753 51 827 145 157 775 266 924 139 334 876 764 935 530 395 392 593 748 937 556 331 161 547 982 734 207 983 639 73 48 583 640 150 454 371 170 65 624 961 949 943 420 853 443 307 191 828 488 218 617 2 956 488 30 126 13 579 295 46 415 984 24 106 922 947 953 320 338 446 311 880 777 849 724 305 315 845 919 268 132 638 869 920 114 758 611 390 155 10 752 75 510 603 717 256 225 450 449 147 561 179 444 841 917 618 138 543
572
681 209 56 997 859 584 993 176 352 169 771 461 697 832 735 36 491 198 276 150 714 384 768 880 696 516 313 835 177 719 868 744 537 417 776 639 740 977 944 755 200 187 648 906 776 664 642 371 986 234 507 374 474 860 682 624 666 93 989 990 963 51 39 219 804 592 192 293 247 999 158 223 196 86 692 120 301 232 676 525 173 127 378 160 479 695 19 645 499 888 674 755 53 599 956 119 61 615 811 727 232 894 545 235 592 643 289 206 652 992 502 618 725 64 984 396 457 679 204 920 272 668 463 466 490 140 57 284 410 680 787 396 245 607 625 333 302 118 337 825 672 489 757 500 493 49 778 800 167 190 247 633 690 240 526 167 780 549 483 435 497 352 535 710 658 935 469 874 153 528 882 312 788 754 897 686 830 385 621 894 460 605 186 525 14 478 357 559 187 697 884 141 806 523 386 990 97 936 844 713 493 414 371 907 875 574 216 267 944 277 231 90 849 313 415 218 664 447 65 925 522 746 485 146 651 844 221 391 270 585 134 107 48 701 90 236 326 884 489 570 670 50 707 389 240 323 940 311 229 427 350 260 781 281 242 843 308 956 293 154 635 877 892 94 814 473 725 851 300 559 455 927 407 465 72 480 390 637 896 451 676 528 478 50 156 139 746 459 573 836 633 889 127 10 40 36 809 321 952 229 766 463 366 319 492 160 520 404 778 733 842 723 46 217 405 630 114 131 604 187 443 620 255 421 452 790 89 322 401 844 808 948 714 837 671 723 105 275 633 979 596 249 452 641 546 934 676 360 985 822 592 348 620 587 698 787 330 806 495 507 963 392 780 750 724 901 312 459 217 77 7 771 485 775 225 45 847 194 830 839 563 816 467 28 531 445 973 340 894 308 586 252 829 111 166 680 584 927 783 157 667 782 278 264 487 212 84 460 521 818 573 70 67 206 837 161 867 997 771 360 542 329 355 700 581 460 518 609 760 382 900 592 629 582 62 146 75 415 140 895 237 362 637 866 420 70 617 535 761 638 111 637 955 525 480 471 390 212 412 503 311 803 132 252 722 990 735 605 382 965 2 93 107 599 508 98 19 327 32 163 413 263 355 551 755 732 360 741 573 61 224 505 693 666 252 919 659 941 6 98 277 983 975 975 120 260 481 16 817 433 745 507 718 952 14 711 777 638 153 395 150 96 598 686 316 591 259 215 864 647 539 571 980 212 725 791 921 180 177 937 592 751 365 777 366 179 312 634 311 899 826 567 791 859 770 690 856 850 619 178 850 56 294 206 107 154 194 33 483 169 839 213
52
307 980 298 519 723 701 948 680 723 401 201 875 967 298 445 404 338 445 530 296 948 562 208 408 713 232 339 852 430 544 3 913 905 155 26 569 720 540 71 372 76 563 451 766 87 589 182 45 257 481 874 994
138
555 312 55 746 593 301 276 771 476 956 178 986 69 158 970 508 793 612 370 742 512 445 43 565 882 990 183 359 183 992 94 221 798 660 402 857 906 302 563 196 164 799 358 17 538 52 490 85 716 434 536 946 716 139 708 276 108 66 921 121 673 718 627 725 144 153 180 965 647 64 667 677 369 637 850 406 897 442 913 103 56 176 543 514 191 764 999 714 780 398 136 453 396 850 918 307 446 930 202 437 895 274 269 41 551 962 715 328 104 100 140 225 721 391 892 161 951 699 446 154 651 480 305 503 517 103 260 234 8 250 212 458 208 204 903 17 563 46
181
545 929 439 702 775 4 443 270 491 386 275 28 911 722 258 797 181 122 658 860 69 856 685 853 797 661 605 194 899 386 768 6 550 210 496 299 93 492 54 790 425 609 320 617 13 747 926 840 308 773 935 200 827 277 717 58 853 377 893 722 992 94 615 934 786 513 625 865 854 704 255 601 135 11 7 926 937 553 697 24 934 381 938 264 350 914 21 125 143 649 403 751 309 831 358 634 871 660 248 754 420 29 999 28 598 139 372 678 294 41 352 188 377 10 225 501 505 568 37 216 727 836 883 734 871 421 310 440 43 468 997 1000 658 654 959 686 628 478 310 37 868 708 55 697 704 494 328 720 916 521 514 951 74 562 600 244 711 436 39 692 197 822 96 561 279 589 638 134 612 374 432 568 659 55 816 850 181 645 940 556 795
458
977 439 51 411 654 310 361 36 372 269 835 34 793 814 326 204 51 507 583 109 990 248 602 282 433 816 796 491 670 211 638 60 315 991 119 769 152 459 748 786 359 692 531 179 125 379 794 289 895 474 722 464 501 898 922 129 284 3 57 612 462 507 387 479 499 658 585 135 610 247 607 466 969 625 398 848 430 199 798 724 123 73 622 553 83 203 50 808 376 182 190 671 614 286 960 107 129 459 86 744 29 807 246 113 801 875 756 698 457 166 643 340 828 369 197 536 627 482 650 566 30 746 742 992 651 683 440 425 771 162 766 204 673 754 735 953 917 575 15 406 731 441 306 85 892 655 879 934 52 354 587 280 805 886 273 779 227 887 276 611 736 819 663 689 119 907 373 876 552 610 827 331 533 651 772 913 400 963 104 168 710 377 50 231 717 600 607 938 997 412 321 439 777 283 232 225 2 49 822 752 516 145 655 27 15 971 577 374 245 822 227 794 288 322 366 738 449 628 549 709 787 63 370 287 833 781 347 277 102 35 871 1 464 147 744 914 290 437 880 308 316 309 175 339 320 620 761 102 789 656 229 838 339 43 693 872 783 552 441 539 465 441 277 409 615 864 27 52 293 341 804 762 169 104 895 975 502 905 236 722 986 433 179 245 3 809 329 848 960 134 81 210 364 835 607 969 388 102 49 129 363 474 711 24 650 910 795 818 537 50 345 476 937 634 601 218 450 670 22 121 162 288 50 979 493 76 154 308 297 691 916 237 427 689 53 699 722 106 182 960 235 431 563 166 816 918 733 516 622 531 589 951 655 80 520 293 536 418 214 272 984 982 592 145 309 757 632 637 661 271 331 261 876 958 563 535 507 729 80 2 851 92 541 615 388 901 419 291 701 926 973 888 945 967 26 352 863 651 253 751 908 274 600 481 171 828 371 714 838 212 725 663 128 742 502 169 716 515 870 696 306 967 98 357 29 216 125 172 92 523 294 831 949 479 412 904 564 142 123 743 433 274 416 434 191 249 529 458 244 232 384 717 842 370 760 384 190 887
254
693 444 774 177 774 896 800 64 903 585 165 34 275 807 76 855 30 289 285 745 331 293 25 136 678 963 668 143 847 838 312 34 930 25 914 550 92 237 443 965 689 628 896 121 575 338 393 117 118 347 29 425 50 313 720 313 706 941 888 317 810 621 775 766 601 291 597 392 630 103 776 200 541 448 148 162 151 121 560 272 163 418 825 782 474 300 307 449 459 49 611 207 150 408 367 983 758 622 510 578 501 84 734 625 263 337 94 376 217 472 431 506 564 689 335 842 402 898 68 925 607 597 37 835 107 867 559 260 382 130 466 901 559 873 133 837 636 163 535 583 246 886 509 449 904 505 913 176 182 258 536 471 108 352 252 711 719 579 67 628 543 296 692 50 309 289 455 640 271 921 747 340 846 351 582 509 883 268 187 356 296 582 702 926 318 13 202 226 137 826 747 580 619 123 762 331 963 322 432 287 345 61 601 878 949 632 76 737 645 81 34 133 601 320 769 468 260 110 143 850 332 56 311 644 880 344 266 471 969 868 70 508 459 70 888 548 963 434 355 150 244 343 203 336 985 978 217 234 77 267 852 635 349 600
864
433 567 268 800 126 438 790 732 680 349 92 728 948 289 193 667 439 530 606 477 114 624 604 552 960 987 517 289 925 754 230 357 49 894 627 721 8 931 801 36 875 774 25 660 308 755 5 654 379 424 306 446 199 534 704 907 879 885 922 536 174 830 416 502 864 729 817 59 535 619 416 462 801 967 586 558 327 802 273 354 933 89 319 201 243 156 754 820 307 781 802 99 310 741 351 109 604 489 249 906 600 208 307 564 472 490 91 109 471 416 552 858 891 692 917 986 695 248 523 195 1 481 550 86 295 182 662 493 170 835 219 538 424 857 25 317 820 313 230 846 205 728 63 227 921 347 154 110 992 159 796 710 705 735 490 728 620 943 2 516 7 21 854 448 113 28 725 107 391 540 151 445 539 528 463 160 964 742 441 769 668 790 149 604 299 664 663 778 258 540 818 815 78 509 448 702 175 41 639 865 16 147 520 128 480 673 656 405 401 219 997 494 283 449 97 170 58 777 209 919 161 774 605 315 301 427 321 113 719 854 355 369 703 674 238 746 480 95 284 304 964 855 196 597 199 665 952 741 293 179 834 155 520 984 496 590 778 495 493 372 61 903 592 639 265 786 708 686 585 203 334 106 501 713 695 513 916 233 176 967 450 373 870 189 34 287 639 819 160 245 385 212 83 678 892 79 658 140 228 870 178 785 747 899 783 737 447 379 577 219 457 907 239 300 559 216 944 411 641 878 206 475 815 83 286 235 214 949 764 102 379 473 729 817 43 943 446 581 192 878 664 363 682 740 243 851 816 197 435 93 687 411 827 238 927 860 8 730 194 498 242 648 599 92 37 971 78 701 303 4 121 602 995 41 925 314 518 523 223 701 97 466 283 41 251 266 858 827 411 340 400 723 307 766 201 904 872 820 463 877 410 948 899 519 968 199 737 777 217 303 766 74 491 964 109 750 273 666 955 755 301 595 240 562 756 40 400 685 700 848 464 314 819 535 84 365 432 42 955 219 564 35 167 137 302 310 809 97 236 827 39 602 33 498 738 824 695 246 485 112 902 625 357 108 627 625 820 344 970 431 679 830 828 836 434 524 116 851 969 949 237 442 632 152 270 712 822 323 635 95 499 845 380 617 233 692 741 635 240 272 658 276 717 554 26 536 269 633 332 321 421 969 772 439 439 113 840 933 469 888 988 410 750 558 180 250 959 591 886 355 110 562 785 403 359 576 610 216 669 466 907 921 902 348 123 655 72 572 804 923 309 529 149 104 389 506 588 54 279 866 537 431 939 875 119 960 466 552 116 825 753 67 983 342 36 948 978 437 470 907 656 178 833 810 163 728 29 879 719 152 578 878 642 242 362 754 202 376 615 811 216 454 38 820 836 68 925 661 194 914 445 789 236 259 732 840 751 597 602 909 7 349 568 641 133 322 505 478 90 52 136 278 797 56 380 445 484 444 802 339 86 521 775 406 358 843 247 524 268 146 239 813 888 894 43 325 835 366 653 11 503 918 600 252 522 132 277 724 760 707 318 410 220 804 580 369 319 175 426 768 311 874 473 954 214 487 838 537 791 823 647 679 373 888 412 65 127 570 314 555 612 892 224 742 812 764 821 736 695 868 826 863 240 177 424 913 68 894 569 871 295 633 157 695 820 345 990 344 242 533 748 384 236 477 548 639 592 102 365 107 241 444 397 532 761 284 466 51 952 755 777 620 536 22 51 526 24 505 440 678 274 587 769 334 190 24 495 869 368 850 815 901 265 766 582 721 946 817 278 543 356 991 147 415 263 826 118 913 435 736 388 339 963 979 600 18 196 742 535 954 314 621 434 42 602 971 488 263 50 580 275 527 573 682 332 809 819 859 122 583 462 82 826 785 2 814 273 547 294 868 41 278 561 295 870 153 979 183 979 778 565 113 208 992 44 653 742 609 425 596 316 42 192 746 813 495 562 459 678 227 922 739 896 608
466
630 178 192 981 373 775 194 13 751 190 642 959 115 74 198 498 862 355 449 556 514 430 571 208 275 218 457 872 365 254 640 496 435 510 270 403 782 378 343 674 726 150 919 459 677 15 517 170 742 806 415 874 697 374 713 45 962 782 16 50 596 972 369 220 476 976 752 124 461 793 435 149 824 364 481 31 24 98 499 979 839 60 688 539 850 568 686 886 634 529 822 501 100 982 423 807 452 655 204 794 593 684 353 11 241 337 645 781 866 865 422 173 386 85 510 261 499 834 983 32 492 442 289 852 308 490 170 517 632 216 887 319 53 860 356 870 805 521 758 180 863 750 115 261 92 485 191 679 910 955 52 13 778 477 40 525 735 1000 601 168 328 917 599 222 645 39 263 122 973 548 731 563 990 842 380 518 977 156 581 579 667 684 425 430 335 2 476 893 653 530 479 429 436 809 253 52 515 516 875 13 87 971 410 386 390 695 125 168 484 201 406 951 914 379 999 193 339 908 671 108 829 303 345 661 976 931 671 853 553 545 408 707 427 868 811 16 286 189 967 548 749 713 759 87 136 366 140 21 63 793 244 645 748 279 251 493 486 884 664 325 958 474 405 626 785 262 136 242 200 496 726 926 990 891 845 204 668 731 342 508 881 423 322 597 126 795 697 917 64 790 187 849 940 254 28 414 328 865 836 407 385 866 338 82 742 342 306 529 253 293 280 647 532 321 905 935 55 599 623 993 490 553 206 449 976 571 539 54 665 156 644 419 805 249 590 516 122 13 930 256 25 429 836 709 66 621 798 551 45 324 194 514 257 19 456 647 651 209 143 202 902 436 365 297 557 347 257 120 861 533 186 762 96 594 818 810 473 396 613 324 259 185 62 949 429 179 644 894 743 641 522 74 232 837 154 716 419 533 774 66 175 812 503 959 605 373 729 509 923 587 222 573 186 792 657 571 370 5 121 47 697 152 901 346 952 604 896 875 265 220 379 570 690 90 428 99 331 549 284 419 44 282 969 868 25 16 833 143 60 849 899 778 413 195 692 361 654 808 43 28 968 249 821 440 45 687
519
699 780 231 521 284 372 343 736 753 918 115 869 467 181 451 977 324 12 193 709 429 187 641 147 880 686 40 366 771 894 317 7 230 497 666 419 944 709 606 871 948 779 160 19 654 789 641 825 207 468 327 324 813 486 952 289 635 933 157 915 377 255 715 934 111 881 739 991 56 470 104 689 899 724 350 302 998 985 772 611 592 782 935 999 750 247 250 847 808 766 930 948 133 604 715 678 767 287 339 241 315 556 946 236 567 833 929 78 129 390 706 860 29 763 370 71 131 189 667 926 644 90 133 940 49 553 313 308 472 929 644 443 271 139 906 237 139 707 186 648 135 58 686 164 233 118 236 279 965 539 765 21 645 659 896 582 254 131 968 731 971 161 325 666 588 751 348 928 959 563 374 724 403 611 189 790 510 248 124 243 854 928 130 427 80 790 280 823 565 123 200 555 227 342 6 992 306 599 243 352 481 195 784 342 138 776 903 789 790 282 641 351 906 182 817 934 176 993 965 926 725 926 409 672 527 661 954 454 580 18 297 211 934 222 141 558 863 851 302 503 843 969 829 301 874 511 815 969 610 405 335 735 850 780 737 331 863 283 294 462 983 494 756 804 473 907 136 350 53 124 236 710 700 713 313 926 942 75 829 985 690 289 714 544 530 592 110 975 680 579 883 354 225 239 818 721 483 365 581 443 523 350 897 881 278 858 366 907 141 521 68 50 813 58 180 241 467 677 735 985 524 568 12 170 607 134 907 633 647 61 290 196 908 156 43 298 740 140 838 684 577 858 960 553 779 370 110 993 352 429 37 150 342 784 527 385 555 838 762 570 339 330 296 429 979 534 690 975 445 996 441 662 822 498 121 879 440 743 177 950 556 662 829 339 377 56 897 767 156 33 347 753 237 284 981 447 897 864 53 719 164 813 988 269 644 438 802 213 932 417 110 993 338 478 914 233 5 278 298 650 475 371 529 343 961 426 899 229 90 443 148 359 438 765 7 499 374 798 512 984 308 711 121 111 178 675 844 352 681 156 648 192 388 126 455 449 843 117 989 90 884 651 554 948 450 119 358 332 117 764 915 240 852 640 867 728 493 454 841 320 997 525 936 710 907 253 244 364 354 815 66 682 457 933 828 391 142 888 135 443 467 375 439 507 251 527 535 604 27 8 792 889 671 802 347 541 236 381 173
485
33 589 754 199 899 934 53 817 633 880 535 989 528 421 364 850 315 414 980 704 86 192 643 222 410 172 263 484 524 598 367 539 398 929 571 773 855 149 317 110 253 257 998 149 806 166 12 472 274 334 625 296 714 338 176 288 993 228 620 131 456 891 264 695 708 351 697 714 468 103 208 645 979 482 618 296 522 97 839 316 559 9 746 274 881 246 87 692 478 500 425 757 536 651 932 321 576 340 729 503 470 218 707 509 115 612 619 818 534 816 383 675 253 133 434 455 97 656 583 842 977 821 506 607 162 315 412 399 440 255 732 858 200 317 462 226 606 593 192 32 750 458 705 880 252 558 644 373 523 411 470 747 553 883 919 329 639 320 761 497 48 417 821 513 12 335 510 82 935 756 257 602 535 873 500 613 765 151 911 758 420 817 357 209 29 190 362 209 509 719 97 176 316 396 336 799 926 308 753 116 808 911 61 491 462 968 818 740 659 819 825 824 731 870 237 40 253 773 999 939 532 925 705 326 264 639 59 322 883 859 853 984 133 892 408 649 401 128 986 923 857 957 273 876 755 63 258 56 539 51 468 479 532 617 237 236 99 826 996 959 764 295 506 454 84 122 267 635 500 968 445 357 966 911 319 280 6 636 242 310 880 431 469 323 421 65 831 918 480 629 444 297 946 678 787 772 985 606 539 323 77 658 975 757 358 622 573 190 12 20 245 52 909 97 464 114 891 226 961 434 329 115 327 170 825 328 909 4 502 2 89 1000 161 676 160 623 734 312 770 82 771 351 797 228 502 742 534 47 762 169 64 991 857 772 585 638 892 442 495 803 911 646 627 13 135 455 297 635 472 623 498 548 943 800 172 716 128 692 641 848 202 206 419 717 807 633 815 180 712 284 152 374 32 587 321 931 965 855 903 742 523 637 3 850 649 826 378 222 392 15 852 92 588 385 971 587 820 795 326 441 319 667 78 543 604 568 995 359 750 630 59 228 791 222 958 544 703 959 25 901 42 892 86 901 509 625 560 284 806 623 567 473 200 973 246 31 411 36 494 348 641 648 573 789 996 711 230 783 260 474 983 992 177 317 694 542 482 978 537 120 170 762 168 979 213
532
690 528 335 486 167 99 142 902 901 112 477 677 72 422 270 893 369 749 934 392 533 400 159 835 305 861 449 593 786 620 674 16 310 424 808 345 665 880 125 327 395 816 673 647 730 768 441 153 211 399 169 515 705 556 66 73 931 273 90 612 389 590 901 681 316 868 259 348 289 85 914 129 218 385 971 685 544 933 510 21 882 238 981 806 688 28 849 476 511 800 341 420 301 35 621 666 580 720 665 864 641 630 675 85 594 623 75 407 165 676 410 837 134 875 386 217 735 517 502 13 650 636 636 409 747 703 801 104 817 716 471 959 922 476 909 740 984 850 906 684 711 907 77 530 679 214 417 903 919 368 943 606 604 156 656 633 353 44 688 643 346 21 559 794 656 970 33 715 761 204 410 975 140 256 86 101 181 566 502 826 827 968 528 96 905 443 866 431 408 842 546 660 405 373 444 470 918 27 938 87 45 568 608 588 384 124 884 369 798 967 505 556 252 217 676 603 595 656 374 321 659 923 282 917 792 399 111 233 233 468 577 926 221 626 151 510 604 665 449 7 528 466 52 811 605 725 938 699 107 696 929 733 587 352 70 949 174 98 906 831 283 932 640 175 741 803 925 541 451 998 937 444 416 158 833 944 622 954 974 296 362 727 368 623 298 810 503 572 462 624 884 427 311 140 630 710 866 376 253 837 944 2 531 969 35 983 183 880 840 598 406 18 445 700 309 203 257 524 908 211 484 4 961 658 469 106 265 243 531 606 468 433 427 314 145 777 548 614 405 808 272 890 11 927 248 114 986 561 872 669 718 345 481 824 827 464 822 160 103 803 692 557 942 406 465 197 917 69 464 644 9 284 25 780 232 716 247 329 4 666 306 737 438 384 275 85 847 358 126 718 398 22 545 403 299 780 166 386 168 645 538 227 401 344 126 445 273 225 326 384 478 210 373 441 926 706 905 950 337 973 985 14 448 391 367 578 807 941 570 448 662 940 669 62 928 333 707 274 197 956 92 55 944 645 105 187 652 198 266 761 409 589 326 553 304 367 459 112 631 53 684 494 800 407 799 489 837 378 133 718 715 245 751 253 841 459 513 302 177 555 572 960 357 243 973 767 490 88 588 795 14 596 17 335 672 656 848 91 668 155 852 636 246 108 194 655 314 628 637 327 516 137 742 696 304 101 802 405 65 4 933 731 935 822 798 799 117 932 171 753 306 90
623
570 139 447 421 145 141 361 129 242 214 313 549 489 283 624 776 536 791 866 636 133 409 87 672 151 554 590 342 641 730 256 920 994 680 958 244 817 507 546 222 357 16 173 223 423 680 687 533 817 798 868 70 356 897 408 406 41 843 157 939 423 597 924 592 912 514 839 577 171 686 457 259 868 330 883 717 440 414 992 338 661 517 330 123 806 25 371 548 445 386 444 106 308 138 64 689 808 145 483 687 649 317 246 421 319 945 922 159 522 903 432 580 302 180 735 715 393 982 244 158 900 165 668 892 709 978 219 662 375 288 141 737 988 847 814 418 328 691 486 669 959 650 327 448 329 515 858 309 173 705 280 595 6 901 509 222 631 106 788 2 447 31 431 767 403 45 617 840 189 610 742 412 58 58 803 781 955 649 826 951 678 636 670 710 657 612 509 168 725 221 380 598 285 921 596 600 232 416 849 588 98 606 975 339 28 540 500 663 925 342 110 128 895 455 14 257 843 210 513 702 549 979 104 598 481 555 236 484 901 495 13 823 566 638 171 787 348 285 120 338 349 122 819 123 716 354 108 156 684 492 208 65 809 591 756 925 48 812 330 834 166 797 883 716 529 574 977 260 568 404 321 475 903 574 185 545 198 655 418 672 712 421 765 592 931 953 419 595 290 704 119 716 603 416 514 4 714 949 320 135 235 486 232 59 480 90 634 132 997 429 656 905 628 470 862 991 237 159 960 8 613 276 673 389 161 419 979 973 592 519 949 985 21 609 990 141 845 374 726 90 670 898 154 239 797 179 258 157 247 212 671 727 615 904 838 146 399 813 39 861 236 876 14 228 487 654 659 775 880 293 483 926 123 220 512 372 646 911 168 935 736 942 728 995 420 106 983 705 340 668 951 238 918 324 124 730 245 835 526 74 253 926 735 12 65 65 347 926 81 615 729 479 137 305 850 309 684 118 20 232 215 457 38 841 978 255 581 138 554 257 618 540 765 602 300 758 734 358 641 47 384 649 954 280 11 679 959 401 863 405 912 819 301 617 726 91 867 849 485 226 976 376 379 19 746 289 243 713 505 392 675 125 856 518 928 4 191 30 972 688 648 721 523 454 62 381 468 426 755 349 240 840 813 248 200 610 212 320 888 97 641 616 547 405 692 917 292 877 573 820 311 722 554 69 25 987 847 905 45 325 467 263 858 339 76 934 908 938 948 69 6 766 800 705 47 783 847 228 376 336 84 275 292 244 188 568 374 381 670 869 612 647 525 379 783 684 990 864 680 486 454 324 868 207 89 932 528 129 85 18 42 751 909 359 471 909 216 49 602 548 662 29 891 687 42 574 482 894 930 525 414 903 237 386 875 738 300 895 283 259 845 854 458 662 212 65 18 267 739 660 961 816 905 934 897 918 691 685 563 445 316 574 868
101
161 26 441 137 118 536 866 190 963 377 677 943 298 620 198 252 855 371 36 297 4 74 576 548 467 680 178 422 410 45 869 827 106 157 390 362 772 489 9 70 24 300 211 956 451 925 616 347 330 109 221 843 967 856 424 37 984 68 98 355 633 57 610 92 402 664 265 181 928 922 457 589 156 191 7 372 224 606 61 773 165 36 306 897 89 951 509 881 732 352 993 423 327 450 888 657 774 511 786 151 244
901
106 867 674 613 634 197 737 556 379 256 749 997 993 672 122 495 611 210 771 564 677 312 168 489 615 178 387 688 369 858 997 434 712 783 782 934 265 55 485 428 151 598 975 349 685 263 857 959 743 770 105 521 649 409 203 366 306 364 318 826 539 540 659 51 731 219 5 979 488 778 529 575 794 310 768 357 529 217 222 978 250 101 482 180 88 846 520 515 483 519 649 388 905 368 662 656 714 457 248 213 241 243 880 628 246 715 921 145 866 773 869 476 255 938 210 622 809 552 668 629 554 48 158 73 615 725 359 846 932 567 389 596 805 940 768 484 793 655 227 618 216 54 193 741 842 640 69 92 387 271 256 446 729 418 549 481 11 992 105 713 230 445 495 498 917 873 528 985 502 915 190 302 880 348 403 126 100 666 988 998 665 92 947 412 133 254 142 534 237 652 900 484 990 980 907 237 55 342 852 412 792 595 317 868 746 364 344 659 706 488 498 766 779 410 543 242 333 573 836 785 586 14 898 792 810 863 488 471 141 609 27 196 633 355 560 353 831 280 683 451 127 263 692 424 208 942 518 360 416 698 644 510 622 590 362 239 316 96 453 55 966 522 224 334 409 298 636 456 64 707 432 796 173 858 303 47 103 653 52 177 98 189 644 104 826 131 935 680 516 893 371 863 798 845 880 422 317 919 62 310 701 197 973 325 125 4 58 825 43 433 298 53 435 772 592 491 83 222 802 506 173 665 952 434 356 943 874 679 35 798 110 180 787 779 233 382 876 109 154 759 498 40 404 759 671 960 62 103 17 262 375 879 219 582 467 816 818 849 302 744 352 632 941 9 575 297 963 317 596 948 953 51 561 944 834 419 905 891 756 1000 213 271 500 445 401 203 974 708 115 244 839 21 774 305 868 503 676 748 715 188 3 248 287 651 732 415 712 77 122 616 38 434 521 200 898 233 643 360 506 252 276 513 687 612 437 65 383 144 749 690 89 965 194 779 824 745 561 965 408 591 684 147 758 487 210 244 829 446 307 89 59 27 733 854 406 178 799 606 873 334 106 355 25 105 460 272 383 735 734 464 28 159 169 409 344 162 77 899 142 459 470 946 241 91 860 490 919 786 157 618 233 497 352 503 479 574 597 348 165 336 394 543 610 287 240 290 208 287 945 34 185 51 100 848 575 219 655 953 774 92 821 210 604 920 899 209 562 416 294 969 429 863 708 657 202 118 149 619 487 990 851 638 742 998 225 540 343 605 359 107 244 309 34 81 524 219 439 860 207 500 334 839 982 385 670 52 210 374 725 18 65 82 267 793 765 701 360 537 495 21 243 599 738 783 313 397 593 850 904 422 272 459 53 831 175 596 118 639 613 768 600 832 21 505 387 937 332 237 611 879 939 467 853 469 60 256 579 343 520 798 521 303 286 444 448 453 909 970 939 397 52 960 369 571 581 694 844 183 275 818 410 813 200 174 879 519 744 494 872 663 86 72 196 774 221 567 951 307 293 60 382 96 505 917 738 863 434 974 176 541 378 557 117 586 95 934 965 630 261 275 838 666 139 331 635 955 695 425 765 405 667 105 831 248 879 1000 822 159 651 518 416 715 92 822 444 372 103 616 175 668 365 945 557 590 242 502 998 346 195 648 140 663 558 928 963 979 198 652 147 462 15 323 944 112 175 44 249 420 35 210 461 385 179 623 590 877 883 823 394 440 63 114 909 628 377 11 33 76 974 733 301 408 7 864 158 951 285 829 833 31 744 791 795 425 433 790 82 879 996 463 248 839 677 376 790 22 931 704 703 279 275 95 831 586 809 463 106 107 834 907 409 203 50 406 703 902 572 183 784 596 737 557 486 138 339 270 440 435 845 378 388 323 605 151 662 14 986 389 654 519 493 291 643 336 455 702 268 475 287 817 932 225 472 338 844 490 604 19 568 512 478 385 392 2 794 171 888 257 185 418 239 858 232 52 599 22 176 547 918 536 950 671 465 850 386 319 50 743 417 918 551 880 375 952 808 901 428 400 561 909 488 837 87 818 902 226 719 338 982 162 229
127
820 893 735 843 160 638 377 672 144 703 636 671 475 992 892 87 264 552 128 673 202 647 772 992 173 389 368 438 126 921 356 220 443 946 878 212 955 469 861 476 959 777 11 698 720 600 274 82 295 943 198 33 158 988 993 994 626 74 714 582 502 796 134 354 668 754 284 715 262 190 73 69 866 721 766 643 98 602 469 186 962 334 301 570 948 645 141 568 366 732 715 63 489 644 777 704 797 785 826 959 701 630 397 108 752 379 189 292 936 587 108 67 457 691 367 64 419 477 804 918 715 186 123 595 937 347 662
239
27 83 426 892 692 116 231 514 261 395 350 491 683 287 58 49 599 669 60 651 231 326 979 675 15 78 272 469 482 263 55 687 303 58 799 583 852 38 579 274 192 942 42 369 809 781 7 482 707 91 458 110 607 709 726 936 100 216 73 740 642 117 606 772 228 66 348 892 571 996 872 880 784 655 626 583 574 923 14 690 55 63 979 602 861 923 485 279 376 29 134 856 704 395 714 529 108 66 719 418 413 913 667 338 751 875 410 58 732 768 122 757 401 580 330 131 299 563 348 945 626 533 661 760 547 136 321 529 288 149 816 640 287 929 999 841 558 112 663 142 218 652 284 377 553 356 614 996 420 180 15 991 890 548 540 592 371 223 438 761 429 297 412 474 159 188 964 341 108 388 925 44 541 243 614 907 926 150 938 129 27 499 318 258 51 489 997 859 266 43 393 816 624 918 46 487 643 518 932 930 145 512 903 226 742 184 450 244 274 84 410 908 495 28 767 322 51 185 96 270 300 44 127 521 73 741 517 831 399 716 101 537 831 117 286 656 299 94 215
910
435 10 713 113 419 230 141 168 652 55 664 365 458 934 104 313 560 521 493 863 296 986 366 32 603 362 5 562 426 571 260 419 315 89 295 209 449 528 184 383 482 224 274 132 389 490 180 924 651 872 486 1 75 955 78 394 381 417 889 514 346 109 212 426 902 311 716 189 569 920 593 891 194 816 44 673 948 119 922 76 209 275 800 839 665 787 466 142 837 482 935 476 79 593 608 10 492 801 448 471 404 860 533 965 196 919 710 877 952 164 576 219 959 480 912 931 204 950 276 220 192 81 958 380 10 833 11 857 15 193 925 380 306 750 587 750 179 791 870 585 825 182 221 769 329 784 11 520 767 93 340 334 258 63 554 80 560 25 825 810 6 911 345 40 697 572 729 370 294 999 850 710 620 757 13 998 343 859 289 890 78 512 21 805 806 545 987 297 806 189 298 809 184 632 840 87 912 764 393 350 504 376 721 134 233 935 683 974 320 416 220 156 695 710 563 562 114 366 785 800 321 43 284 807 484 142 796 527 718 61 773 456 142 951 856 475 522 752 313 472 380 261 537 134 506 775 44 428 134 835 278 452 265 282 544 606 340 429 217 135 557 752 708 914 482 411 103 170 305 477 61 481 351 987 352 104 116 286 307 315 697 928 354 538 114 634 611 218 401 104 761 254 193 499 372 404 220 980 960 659 855 796 647 953 888 223 588 327 161 683 63 416 821 491 30 155 796 838 71 368 29 39 151 21 713 715 847 558 880 744 358 645 730 816 824 77 846 223 626 666 536 693 504 973 589 107 516 832 110 612 905 243 326 99 807 422 670 955 453 816 659 451 375 187 389 126 15 521 499 909 424 142 307 781 905 738 914 650 60 233 421 918 409 213 16 42 963 160 553 916 535 514 271 516 836 400 480 995 874 380 232 413 136 947 956 276 794 949 435 377 437 453 305 811 457 308 582 10 918 637 520 316 733 549 444 741 665 399 644 379 983 51 917 844 906 925 843 598 810 758 341 4 341 881 46 426 392 680 133 211 120 4 284 860 322 886 752 433 355 970 141 478 845 339 97 843 184 987 939 239 920 193 570 985 221 73 287 553 724 890 845 659 699 867 178 816 700 593 119 369 52 741 740 666 394 71 607 737 922 244 490 835 613 214 319 349 948 804 782 767 617 743 626 661 412 476 406 790 763 385 623 744 512 857 492 254 583 902 659 387 406 747 363 982 693 104 549 880 19 336 303 196 537 380 737 313 326 200 112 719 515 272 796 391 771 254 101 517 427 730 39 445 25 558 676 567 373 298 36 786 431 621 357 48 886 450 25 373 752 274 288 770 830 431 769 856 320 989 369 737 127 673 381 126 652 101 745 855 118 210 390 583 515 171 166 850 427 531 205 976 864 806 450 843 658 780 70 592 443 202 630 20 152 489 792 50 510 498 88 436 149 188 902 454 871 93 43 508 625 241 470 700 282 35 549 390 490 952 717 964 668 5 794 858 223 369 599 868 68 267 953 320 853 760 605 33 465 637 158 87 69 948 640 98 175 471 87 504 299 213 51 800 879 423 788 970 961 390 309 844 115 519 707 959 841 257 142 67 720 839 566 412 262 300 732 264 830 191 202 654 472 721 468 694 69 487 16 448 267 723 767 154 52 878 564 817 334 595 435 613 947 814 250 184 927 239 954 544 728 9 727 253 28 372 333 70 769 490 121 907 611 272 943 990 701 412 460 497 808 133 263 394 559 717 474 858 933 468 25 470 275 813 656 571 213 974 926 372 127 942 409 131 513 261 813 713 600 800 861 299 224 383 708 376 548 137 504 870 183 762 517 621 496 324 361 728 988 977 111 655 652 592 80 221 28 985 336 107 836 873 129 824 778 562 948 946 111 433 275 733 741 576 919 841 366 438 812 944 645 763 762 184 918 657 787 79 255 69 183 31 744 318 709 498 983 940 717 122 83 812 180 99 374 862 499 462 602 71 155 656 81 996 92 569 349 600 356 483 46 642 538 656 133 721 970 341 80 386 699 848 493 61 914 545 276 923 826 597 655 323 125 416 72 835 211 917 642 742 269 621
461
220 907 112 217 601 70 932 481 564 799 885 649 182 510 106 910 966 300 587 833 704 896 940 212 793 311 755 692 339 864 475 624 569 919 304 501 363 793 187 253 440 596 752 97 402 960 77 999 142 459 732 452 358 743 656 425 987 640 487 267 664 146 672 759 512 882 955 605 670 556 929 57 464 831 81 468 652 997 681 715 486 948 673 103 160 20 311 172 669 927 738 385 169 886 111 498 987 27 110 182 499 309 47 642 251 80 988 768 184 17 429 374 676 377 314 308 669 32 120 790 727 697 180 399 83 3 475 46 237 803 751 93 790 75 271 25 480 49 441 471 402 450 73 820 154 613 270 919 928 43 473 818 580 843 415 198 424 541 542 557 197 425 308 321 284 864 477 596 415 855 885 53 356 592 563 534 584 541 520 811 108 737 61 711 872 513 225 969 430 496 646 867 931 502 687 457 678 191 915 260 780 310 510 200 857 510 922 32 397 820 255 582 13 490 412 766 295 225 616 481 436 978 498 386 363 402 590 74 976 565 599 546 451 898 477 567 13 351 339 389 49 398 271 375 233 765 503 701 763 905 960 984 247 806 638 149 949 628 829 319 299 531 590 139 409 31 769 429 702 677 501 651 128 317 85 81 670 352 272 194 374 695 345 576 1000 983 258 98 56 942 829 260 247 835 567 715 224 42 178 537 92 704 515 469 79 593 995 22 701 118 981 337 460 15 391 779 153 638 463 538 213 483 344 745 696 107 825 432 811 290 967 252 532 564 957 849 575 643 6 252 334 291 665 527 26 384 88 208 241 654 257 337 426 443 768 425 270 94 94 627 599 971 346 449 827 138 842 514 715 205 805 58 612 804 132 992 951 556 579 691 541 715 657 236 20 98 54 131 209 316 847 459 263 179 342 828 711 965 766 877 716 800 554 426 271 162 888 684 907 427 26 962 436 979 169 51 197 984 279 122 332 121 59 898 343 394 633 844 713 823 577 699 359 253 491 594 204 77 156 480 319 701 310 561 125 314 450 296 167 485 834 581 227 949 287 539 26 577 143 652 631
56
749 781 482 401 997 344 908 819 345 508 278 26 45 770 608 743 999 835 250 723 964 8 594 939 481 344 977 650 606 398 659 167 239 45 885 496 696 630 155 635 597 687 234 824 842 769 992 962 161 955 580 973 671 438 558 282
528
882 986 478 726 232 369 575 522 142 178 525 449 354 243 884 883 416 718 965 15 119 891 95 494 885 742 222 263 452 902 973 78 465 935 223 881 209 290 329 282 233 991 346 351 89 34 814 329 473 787 828 77 791 376 695 957 289 958 688 205 173 855 937 885 222 193 243 918 254 473 607 214 112 704 889 979 440 198 117 868 612 275 767 969 476 948 225 954 918 339 827 602 565 168 718 680 901 166 471 135 733 891 854 731 113 241 792 735 819 570 183 700 993 513 499 145 677 40 596 47 254 445 579 583 66 864 48 739 113 326 690 564 523 707 603 931 479 291 78 585 49 793 446 729 684 372 141 841 121 89 326 961 441 86 413 52 751 900 71 745 370 274 339 421 131 681 12 846 804 133 714 603 177 479 111 893 927 67 886 912 42 408 981 724 244 915 192 102 709 390 560 470 895 381 650 612 441 141 145 57 750 800 351 217 79 493 714 895 885 410 167 480 160 22 720 123 946 284 496 635 917 524 418 833 362 354 714 838 870 273 681 355 477 115 39 911 465 441 991 949 688 441 389 567 705 816 102 67 85 974 257 90 646 480 469 478 694 214 664 191 24 933 644 105 245 163 206 34 74 266 284 206 938 904 897 949 196 314 341 717 688 130 498 507 902 296 70 58 237 263 477 467 561 901 324 3 641 697 488 184 605 664 492 568 290 750 69 983 214 146 605 613 233 239 862 213 449 521 534 866 343 66 110 53 765 197 348 640 271 823 418 304 869 864 250 530 679 626 625 756 596 875 894 259 895 502 368 520 90 875 89 9 151 945 718 111 583 290 101 191 149 233 95 189 595 578 946 940 912 327 164 896 327 290 969 361 344 336 300 729 514 625 923 78 915 321 420 6 134 779 605 340 171 102 695 35 68 913 654 238 962 786 579 986 538 386 462 111 647 891 179 299 445 177 292 857 660 923 596 52 427 472 930 111 412 633 904 399 283 270 518 676 520 791 894 559 98 320 247 581 693 828 216 247 985 191 620 590 996 206 25 948 791 51 161 364 680 912 240 11 867 590 60 76 318 500 756 180 812 683 992 536 835 692 708 637 100 63 567 684 903 202 226 708 11 725 607 245 305 338 386 279 701 464 938 66 269 182 216 645 575 379 510 748 503 477 627 160 535 583 910 85 767 796 634 222 756 605 85 495 684 846 29 96 566 789 603 17
333
709 652 550 911 213 953 307 473 438 13 905 579 188 608 860 860 920 882 520 733 571 339 146 458 776 878 991 386 321 388 733 836 79 818 37 920 1000 284 150 765 498 804 89 630 447 56 644 751 299 861 520 478 649 27 423 937 430 82 126 548 786 515 196 956 294 705 908 252 525 642 165 786 716 780 576 564 808 542 453 655 774 387 947 672 57 740 442 856 470 845 29 761 592 461 774 445 790 237 978 328 803 469 135 167 18 401 290 318 565 935 164 857 725 872 468 432 838 133 650 559 844 239 487 501 960 634 790 710 342 964 583 131 457 712 256 943 50 538 283 138 324 58 731 688 52 757 902 992 448 506 548 413 670 568 269 615 389 31 881 149 336 201 626 39 26 881 544 360 260 521 83 97 267 216 344 3 557 917 791 53 835 843 528 813 242 936 902 788 815 673 352 318 4 747 200 346 615 250 319 866 407 216 786 560 811 96 794 597 975 977 631 810 39 388 749 295 942 884 402 933 702 318 801 342 609 211 332 864 543 447 467 278 433 72 247 845 238 457 273 483 466 19 418 380 173 714 520 611 462 884 54 165 883 539 676 890 869 201 613 647 823 778 705 680 983 229 22 469 706 121 77 112 583 526 518 803 445 136 239 464 291 758 27 188 665 804 134 199 229 894 861 120 763 116 424 118 434 170 769 514 472 384 412 692 414 949 182 721 387 621 329 842 114 502 906 26 219 767 692 433 925 469 638 779 294 139 139 389 794 511 558 902 312
822
173 142 880 667 943 647 183 472 553 234 386 732 101 508 686 744 351 23 23 543 772 693 771 296 980 331 195 611 459 286 909 343 560 20 666 504 378 381 314 457 782 94 314 893 27 921 117 290 730 169 473 624 637 968 925 28 453 20 384 714 922 548 935 4 641 450 775 994 538 674 61 957 536 879 21 130 336 13 797 427 215 155 683 515 884 512 679 192 424 876 303 949 413 773 300 784 122 814 464 12 947 344 117 339 558 403 632 922 2 494 974 581 259 882 447 768 811 944 112 738 732 393 387 273 312 64 900 115 631 721 360 26 235 181 619 902 142 422 196 769 172 367 33 635 116 933 198 542 214 172 892 193 147 392 79 522 818 516 630 386 922 345 517 421 255 197 468 295 394 435 579 87 339 643 441 983 433 130 577 478 886 673 632 440 464 716 265 47 845 736 690 121 390 214 501 622 511 965 115 333 404 855 256 85 353 959 982 981 606 109 693 982 477 459 208 889 586 215 901 551 726 469 858 348 16 252 117 587 20 781 725 305 448 501 110 596 198 719 533 670 963 79 703 120 184 742 412 120 544 40 330 134 918 468 790 317 750 713 659 947 174 731 221 3 358 113 180 331 770 532 134 372 787 779 256 440 1000 758 737 908 705 387 388 431 830 223 414 707 369 538 636 206 586 814 459 572 957 559 938 594 139 178 423 616 677 951 706 835 523 87 829 170 334 816 12 783 152 812 549 492 898 72 942 601 142 336 122 536 497 944 265 491 17 533 252 896 555 411 634 527 479 978 221 53 935 883 868 270 453 264 966 769 366 572 515 732 437 540 526 337 68 585 812 904 7 652 721 339 757 732 249 772 202 959 113 587 438 43 902 44 12 147 467 442 124 551 616 582 190 986 823 832 444 602 656 984 651 443 572 17 349 718 14 866 246 623 465 964 351 546 267 92 437 574 197 819 693 270 632 239 880 108 462 143 617 503 806 189 53 610 31 393 77 70 667 215 679 820 320 342 326 396 451 474 119 584 508 232 225 51 969 533 111 616 165 42 797 530 66 444 898 341 7 597 236 589 975 357 714 298 67 948 348 795 48 178 672 684 400 376 431 579 367 23 289 794 707 715 963 374 479 314 694 946 741 287 494 602 543 501 879 648 303 214 778 30 351 360 479 647 731 826 475 451 556 436 415 932 436 630 314 724 810 508 17 595 751 347 972 241 654 142 761 269 89 379 640 686 721 412 243 20 368 644 356 328 136 563 26 843 104 761 609 295 836 512 886 55 694 838 569 593 30 844 240 180 869 234 564 799 844 428 598 762 437 289 669 356 610 560 414 692 802 821 146 203 645 743 855 67 847 894 230 599 382 736 808 756 334 621 402 747 711 232 792 264 121 483 555 786 174 311 801 891 699 236 654 385 287 740 628 964 989 258 987 11 890 324 696 578 315 145 760 565 490 61 891 483 591 538 82 114 652 24 520 694 399 8 293 232 677 719 354 53 266 255 572 947 317 889 967 421 111 971 194 680 813 386 800 733 621 284 644 120 336 738 143 104 325 497 92 284 898 750 659 734 878 637 458 866 270 348 802 691 961 543 622 599 175 829 291 185 988 120 827 566 644 988 483 853 310 5 10 468 334 240 73 221 116 783 260 720 500 825 39 903 471 865 254 494 69 240 387 3 965 855 875 133 955 501 1000 625 228 661 284 478 337 274 876 906 606 917 600 469 719 225 153 332 725 496 321 219 71 107 130 188 358 423 603 458 863 409 25 127 60 195 821 595 741 426 118 69 964 15 156 818 700 643 262 62 171 520 118 976 490 874 648 471 217 875 296 345 375 746 499 431 319 420 791 395 515 414 513 385 38 177 226 341 841 261 811 208
670
271 132 722 387 722 573 524 246 709 167 820 902 272 879 167 638 537 431 560 621 123 92 348 824 439 310 457 563 506 103 280 838 846 69 577 615 166 571 609 728 42 792 822 419 492 785 838 357 438 875 749 638 845 478 95 26 36 683 530 457 639 173 187 630 342 984 282 259 507 901 786 882 264 447 6 662 722 739 582 507 441 835 93 986 403 52 144 990 843 458 87 745 141 274 847 287 121 321 922 739 210 938 635 995 399 283 72 261 754 112 341 823 314 238 303 619 590 659 222 30 827 727 608 193 14 494 614 973 844 397 912 917 189 916 340 424 831 832 37 655 564 326 733 688 832 360 876 294 979 391 556 316 974 788 315 994 368 69 789 545 1000 927 979 568 34 793 718 1000 772 90 132 922 537 21 791 674 396 257 714 146 603 6 440 282 594 156 377 71 593 836 61 715 55 369 697 136 101 826 394 780 16 611 288 565 2 553 703 521 22 734 841 639 800 899 162 790 239 25 315 450 90 241 190 825 715 961 261 410 962 384 148 10 118 966 640 902 913 729 907 147 853 223 302 519 817 354 800 806 704 995 201 179 833 174 948 891 976 766 816 573 396 488 673 651 728 292 332 365 787 682 998 774 528 552 692 762 987 405 639 938 83 550 598 983 823 663 524 978 640 591 375 891 875 160 705 369 147 97 472 919 633 197 371 410 598 553 836 374 136 710 544 403 255 450 747 427 48 832 480 308 150 605 979 42 484 435 4 934 637 935 313 464 164 37 792 517 122 908 187 104 60 431 834 589 852 413 745 447 769 465 219 149 613 72 40 953 218 111 544 435 497 490 730 949 11 396 727 504 237 6 959 114 954 342 586 290 521 632 124 757 688 738 263 963 207 744 402 858 555 543 919 703 119 147 215 772 989 104 908 229 328 802 963 270 846 859 551 652 469 56 884 860 707 41 543 671 295 933 252 597 826 880 511 595 842 792 111 302 754 153 830 23 578 126 308 838 546 615 118 719 149 140 17 978 422 104 508 200 164 903 935 275 261 322 984 880 922 667 969 416 277 37 439 825 23 324 591 954 813 704 801 509 896 838 277 40 815 755 782 129 474 750 7 522 435 440 63 398 121 755 393 389 376 470 454 555 500 235 252 113 48 188 348 152 729 503 600 601 234 560 248 258 805 18 764 626 306 634 682 661 575 651 345 452 715 38 604 573 203 430 228 43 788 223 243 414 413 523 74 740 233 982 389 893 664 812 936 618 783 421 216 42 107 530 965 923 543 334 780 485 779 349 581 216 927 952 519 586 98 426 57 743 620 978 609 856 64 705 413 160 40 473 576 146 109 279 940 508 931 751 844 960 145 937 162 678 952 740 373 2 232 619 799 613 329 206 922 269 768 495 874 139 144 881 770 185 392 829 499 819 105 430 602 725 311 688 852 211 994 665 815 509 17 298 200 30 460 593 879 467 765 468 316 818 191 121 525 333 186 643 560 512 785 303 365 393 782 401 408 983 952 554 901 402 313 111 877 650 245 439
227
187 589 413 365 683 425 253 997 427 735 866 517 141 145 63 133 867 829 825 527 341 776 132 251 690 61 700 839 741 569 228 585 46 530 604 202 855 283 699 317 757 466 261 209 835 88 318 424 513 559 524 941 152 806 703 34 643 614 834 272 670 437 221 591 168 623 195 157 867 222 490 402 185 719 556 959 931 243 176 501 788 354 974 795 724 423 358 149 349 621 467 172 98 26 698 59 17 629 618 486 816 505 844 337 132 429 585 612 230 363 670 189 437 653 831 602 929 199 449 621 103 579 379 12 226 601 876 417 360 598 283 697 464 291 802 586 72 136 548 417 504 146 966 518 591 255 895 950 988 808 1000 557 32 198 699 602 666 575 174 119 236 270 244 701 934 203 156 580 837 131 8 858 661 664 133 269 114 87 886 901 829 976 987 38 204 300 149 554 504 944 762 987 64 799 363 280 447 69 413 612 434 823 728 526 856 97 668 77 828 840 896 22 644 627 918 412 626 715 199 881 691 815 463 785 299 597 703
583
756 758 102 430 453 335 256 906 877 923 883 296 938 404 678 294 405 525 176 273 204 121 757 844 576 650 547 587 251 7 752 596 311 900 854 862 599 406 12 520 576 621 442 593 729 799 729 770 562 631 952 444 535 558 965 755 953 978 501 193 122 572 745 680 128 843 625 43 3 980 983 1000 73 165 636 785 320 257 800 330 405 861 336 797 365 973 660 386 933 840 952 246 25 847 857 63 657 595 548 858 193 83 992 394 136 720 76 156 46 593 596 816 874 301 556 106 22 606 221 808 225 745 689 777 685 346 713 139 989 859 641 324 180 167 506 649 39 802 939 563 953 662 358 240 36 794 680 59 662 881 524 96 718 679 756 236 943 470 945 643 803 936 212 819 887 382 95 710 499 40 553 401 598 253 841 610 596 339 41 561 675 736 575 936 83 657 916 166 629 739 864 120 430 973 769 295 146 887 178 573 306 806 428 13 666 358 667 105 854 838 852 42 463 961 366 272 856 865 422 730 682 749 240 583 720 298 300 808 498 429 559 829 758 419 143 70 944 863 569 646 818 868 349 96 425 230 384 62 631 440 580 74 293 346 503 369 211 571 701 264 995 43 383 789 354 783 636 539 746 880 121 175 247 589 720 254 801 514 815 894 714 246 316 107 239 415 803 413 60 470 250 541 175 521 528 586 935 49 405 171 967 596 182 992 138 184 504 933 350 693 660 292 512 83 790 203 912 517 654 856 33 622 608 112 91 221 64 379 22 315 590 523 423 180 800 191 793 797 290 713 441 59 37 997 736 789 780 363 716 747 678 987 108 842 114 871 463 828 941 579 302 903 182 723 58 17 666 271 193 364 10 968 245 120 726 520 854 445 43 294 588 387 444 255 243 791 270 269 754 78 132 509 19 222 946 11 765 469 151 26 205 35 55 694 484 341 5 216 755 336 19 483 830 375 975 525 527 303 9 380 447 393 85 480 278 319 789 615 183 277 699 392 797 654 28 994 754 462 978 414 749 746 551 479 588 346 259 977 711 200 86 86 764 323 677 699 397 156 279 800 726 115 955 761 867 181 773 796 162 950 329 281 111 294 765 695 872 476 669 957 353 832 150 107 504 92 193 490 762 733 263 502 959 479 405 418 387 802 22 402 265 538 987 680 738 145 438 821 254 238 837 876 167 532 970 382 846 662 994 332 531 937 842 976 582 183 61 78 199 594 303 708 203 258 778 212 110 269 759 175 809 984 259 103 359 642 896 145 599 955 77 519 51 512 220 834 354 20 10 319 217 392 910 276 685 376 778 753 555 530 976 291 752 344 477 673 741 868 17 747 455 233 583
5
654 423 865 546 20
168
989 878 527 15 557 915 423 159 126 214 10 41 189 446 901 739 585 970 255 809 528 26 615 352 990 19 201 945 527 53 643 516 250 67 419 103 118 870 660 705 514 258 451 442 385 397 311 819 621 293 872 191 711 797 544 961 140 723 195 954 700 25 639 73 673 185 366 377 296 661 939 227 491 397 907 476 237 919 185 338 318 693 297 348 997 478 274 519 775 119 315 765 645 873 971 752 550 871 823 675 440 44 656 13 710 914 574 392 898 688 977 68 589 367 21 496 394 61 338 69 644 920 151 411 872 710 256 24 464 773 246 175 451 678 231 628 602 70 199 445 763 800 508 391 873 346 826 286 838 933 916 143 57 45 778 929 479 559 440 706 105 222 346 780 659 840 586 362
478
529 627 978 698 3 117 458 488 832 782 493 703 652 607 716 318 991 981 477 550 724 525 323 529 289 378 756 820 411 790 671 201 957 865 208 309 991 739 342 324 107 604 806 936 606 849 714 71 598 499 785 290 795 524 406 859 724 267 105 172 378 500 440 350 829 723 379 840 617 963 251 950 510 269 732 944 903 180 669 126 692 969 981 898 566 45 811 959 21 710 970 932 325 778 675 574 839 418 783 883 588 387 809 621 969 787 764 568 463 553 701 244 409 422 693 267 694 717 433 24 785 276 780 247 258 372 892 343 207 898 654 981 597 556 288 707 944 459 846 386 432 635 419 592 390 366 922 358 390 54 33 916 736 476 893 603 642 507 563 503 10 805 258 183 900 990 606 428 780 820 158 892 762 520 546 376 300 485 976 749 677 435 93 406 187 839 213 656 343 564 240 365 410 346 524 911 632 14 850 689 347 224 100 429 181 315 382 271 710 539 81 622 45 278 894 849 909 790 992 303 697 347 128 623 697 918 836 414 778 862 729 738 851 522 704 809 609 533 914 378 324 843 379 438 104 862 41 175 25 118 375 526 273 674 822 613 742 536 115 595 875 18 503 367 670 349 298 976 869 636 79 187 233 73 284 457 195 518 61 541 850 214 822 510 632 760 919 428 160 29 209 946 571 51 748 984 644 244 535 118 736 190 188 141 767 255 41 114 378 242 549 992 369 933 454 662 999 368 310 365 249 147 772 627 201 255 143 140 504 389 417 905 617 727 808 394 157 646 250 127 595 603 924 531 639 246 809 517 227 990 569 930 907 58 634 881 430 621 465 582 158 464 575 368 814 886 511 263 361 549 927 369 584 120 723 794 70 954 346 483 916 640 406 396 46 741 388 327 569 868 701 725 560 791 84 648 752 60 495 702 919 394 58 380 763 471 297 603 968 173 26 388 319 63 795 163 836 165 234 82 560 313 579 296 620 478 804 625 70 792 653 469 273 617 317 847 665 469 790 902 924 736 583 921 263 506 840 279 274 363 906 829 659 256 805 61 96 629 538 547 138 431 708 315 903 441 713 420 433 497 911 533 943 894 372 785 231 831
816
356 411 774 429 610 594 366 804 922 210 696 92 607 190 678 388 550 204 587 711 248 235 209 150 276 805 561 237 684 610 872 323 643 193 504 376 253 854 621 725 447 398 540 281 256 338 473 504 451 970 475 939 178 372 537 628 211 573 216 858 957 571 275 943 599 674 380 685 68 16 411 867 81 260 111 981 76 821 144 859 896 940 95 604 241 458 231 567 497 820 255 978 242 50 496 398 307 309 486 200 328 856 46 771 231 330 410 451 465 56 180 942 852 173 811 935 298 313 674 816 784 312 771 813 363 323 556 311 857 32 584 845 265 267 119 824 30 492 626 877 547 693 34 507 931 757 582 66 639 401 335 137 958 215 869 359 540 5 525 963 152 573 296 629 745 79 854 822 209 842 271 380 313 628 842 540 745 376 94 401 113 126 82 130 797 601 768 687 138 306 354 67 575 58 441 508 572 115 410 295 10 10 918 95 457 658 770 380 107 503 378 818 990 163 130 684 873 231 394 604 752 655 632 972 19 849 563 680 936 310 368 966 936 332 816 693 322 600 487 192 718 965 54 735 662 112 413 89 59 656 953 785 644 598 543 101 304 515 564 605 432 914 857 75 256 907 731 70 978 5 521 525 95 344 259 245 918 419 29 726 400 476 999 622 50 397 986 307 630 62 461 490 423 792 448 307 795 961 624 667 374 31 3 351 438 418 71 701 399 132 241 386 779 563 464 179 799 645 666 939 493 815 362 983 689 462 963 559 735 738 539 483 474 73 382 222 817 486 676 519 668 553 328 151 891 649 403 584 636 721 705 882 559 625 803 861 493 401 1000 811 223 603 301 193 35 931 128 36 33 584 380 210 603 837 563 206 137 612 471 1000 995 334 138 948 17 900 969 804 860 468 262 964 573 486 263 961 986 320 619 222 330 909 329 434 861 974 387 486 467 587 600 759 135 969 920 39 53 661 943 208 608 592 552 130 604 760 496 391 300 474 455 236 145 144 439 344 309 935 593 127 422 991 33 407 790 817 497 470 100 770 853 870 357 568 30 786 704 340 159 947 745 100 260 264 633 127 65 693 87 323 792 156 354 438 820 333 172 840 715 57 332 13 490 387 175 606 684 675 804 632 221 523 691 123 186 794 176 448 101 47 40 49 923 142 647 463 91 259 335 819 711 488 875 802 77 794 114 13 611 729 390 939 101 487 735 26 777 863 630 597 193 86 573 867 304 84 725 886 856 224 177 159 943 772 492 823 27 221 390 51 333 401 622 232 835 440 942 199 792 533 666 51 424 348 709 243 707 711 278 818 826 545 453 523 140 478 546 249 431 684 416 545 367 810 402 134 299 855 375 345 448 270 342 270 948 120 573 213 92 226 868 162 835 527 120 79 426 173 376 451 413 845 653 594 390 947 204 620 249 791 515 932 288 503 161 229 608 9 419 60 606 365 928 503 374 82 549 868 238 992 204 323 453 951 994 733 247 847 287 287 652 377 480 796 260 774 989 342 2 484 784 623 482 232 735 278 790 662 24 584 263 282 879 963 275 498 316 801 566 309 286 333 165 30 769 837 706 907 406 864 285 673 705 42 417 572 520 153 746 502 332 540 907 633 816 569 361 918 364 548 819 193 18 442 325 947 892 761 595 654 821 279 198 452 564 164 761 751 238 796 863 602 787 333 772 652 99 176 436 539 962 492 918 349 438 637 176 666 676 369 475 866 957 606 809 674 777 929 964 665 49 358 946 719 442 534 149 373 964 531 504 552 248 148 41 822 7 259 412 106 804 583 588 263 921 670 944 177 881 29 150 916 169 664 54 331 136 647 47 186 314 336 308 311 670 654 837 130 511 342 840 280 386 579 58 434
495
765 12 715 979 252 100 964 594 15 793 584 525 515 430 340 85 810 416 13 340 39 212 548 633 44 147 894 776 473 767 481 865 700 573 564 604 403 522 636 449 858 515 964 567 53 410 3 335 622 151 283 864 329 708 32 260 213 785 449 783 722 515 586 637 991 363 544 511 250 973 371 968 669 377 54 990 147 642 255 343 87 930 885 521 831 173 226 916 93 605 795 754 640 880 685 578 270 858 445 150 487 736 753 883 980 936 630 884 867 650 476 688 91 70 123 704 910 628 286 568 699 407 602 841 192 339 307 421 81 41 513 278 716 116 12 893 752 26 516 972 983 32 417 918 468 902 463 16 62 421 190 747 860 885 669 488 662 288 460 878 507 975 21 16 329 67 808 332 419 786 562 315 561 465 652 820 354 296 528 329 323 693 748 441 451 891 901 290 698 871 838 505 930 320 326 722 502 663 110 467 515 868 834 60 343 76 333 219 305 330 79 199 928 714 613 6 435 63 859 566 1000 992 105 260 847 717 698 902 301 185 99 247 905 535 83 523 158 830 669 538 872 278 845 862 839 317 765 483 979 570 609 614 792 710 253 47 379 940 398 95 313 289 555 284 330 793 233 884 135 599 947 121 377 703 722 177 697 429 34 253 943 598 462 560 264 125 239 163 115 111 888 282 294 680 902 168 618 291 606 460 257 881 291 562 139 296 214 819 541 200 603 315 587 193 941 983 630 51 38 362 380 703 237 673 991 286 272 157 573 589 386 731 235 349 974 181 138 171 483 733 543 317 3 363 81 488 23 769 46 805 121 227 760 337 435 850 911 910 534 494 961 614 513 466 618 563 592 905 277 839 416 330 197 908 938 279 355 577 550 426 658 535 640 945 365 214 3 978 422 431 264 790 596 124 465 737 223 694 713 160 722 996 887 487 707 144 165 975 777 78 634 92 685 840 834 256 484 295 224 424 975 684 280 278 55 635 694 741 55 935 569 713 179 905 185 805 927 588 180 424 923 714 125 360 358 121 759 380 215 782 3 770 783 874 98 451 139 857 325 15 182 87 303 338 844 955 259 347 904 149 418 900 686 403 335 681 636 336 672 304 343 858 400 38 311 966 993 403 808 134 833 966 471 341 866
844
633 419 777 925 408 151 507 123 556 765 216 560 595 511 950 681 951 394 936 4 733 534 201 299 522 756 777 989 385 679 950 520 869 683 752 408 858 910 896 908 833 466 916 399 684 791 166 268 95 272 241 907 373 124 60 150 130 697 946 351 550 365 298 788 559 717 283 359 155 316 601 840 317 781 498 333 436 663 554 585 294 948 283 752 272 482 213 796 577 695 627 102 624 850 987 8 195 786 576 349 57 586 543 285 387 767 318 179 514 378 714 978 946 386 555 976 318 322 589 441 784 543 407 647 817 677 183 159 717 860 396 937 179 416 727 400 664 172 827 816 778 175 95 559 319 205 792 78 812 470 62 408 56 951 589 579 789 917 899 53 981 242 623 917 545 193 193 755 546 316 916 216 367 993 418 377 942 930 118 955 557 360 812 914 613 539 385 789 80 630 982 134 51 573 945 966 281 46 371 773 757 469 965 512 181 621 975 628 722 527 945 649 664 100 703 581 7 23 777 260 315 506 640 250 189 880 769 18 129 315 141 917 140 692 955 729 976 540 190 826 488 96 283 387 74 141 332 469 724 60 614 655 340 939 334 763 701 134 155 787 7 93 984 90 497 353 314 126 784 355 327 746 456 403 293 649 367 894 182 109 234 328 806 235 988 409 22 508 574 621 719 451 43 362 304 164 175 868 19 109 879 565 566 140 462 877 620 183 490 314 853 333 283 58 628 672 860 345 728 118 252 598 404 47 279 657 861 812 59 639 940 270 593 901 415 358 585 650 129 24 385 155 120 67 975 837 981 937 551 375 483 491 265 715 724 572 615 317 886 191 296 425 265 948 351 155 510 630 851 790 891 615 222 843 71 384 612 824 945 236 488 106 976 923 714 853 806 199 141 446 611 817 620 920 438 788 540 389 946 312 570 306 219 912 446 987 689 895 336 362 529 124 280 223 967 374 962 300 898 982 302 554 138 398 166 338 709 65 716 260 289 995 164 642 732 162 530 635 98 452 135 735 723 827 930 247 246 159 300 889 901 407 20 82 666 290 24 723 973 994 418 975 827 770 346 456 4 295 430 371 610 192 256 529 665 357 423 306 588 852 413 960 291 913 363 658 795 43 719 894 580 131 379 823 150 758 35 504 477 811 236 543 51 423 408 772 510 693 324 178 475 295 745 960 323 546 298 223 731 266 65 360 900 773 580 186 94 803 236 825 940 775 506 769 22 263 698 36 615 527 376 297 741 805 708 112 734 708 763 887 768 507 428 620 290 841 358 164 420 580 714 566 886 768 635 242 276 114 422 968 415 766 883 595 4 256 96 624 251 750 716 66 623 664 4 97 312 26 71 23 486 418 30 269 494 199 10 777 375 415 915 77 684 209 938 412 458 150 308 532 293 232 257 776 270 272 297 186 687 168 538 114 617 233 646 139 122 228 753 286 40 328 320 838 998 345 233 843 38 149 914 410 224 719 31 35 183 717 860 767 122 617 832 277 78 348 516 49 387 346 294 625 806 995 759 740 902 789 568 999 419 907 395 326 189 632 22 615 832 556 270 304 708 976 331 512 131 431 161 171 513 637 592 240 322 84 222 520 845 974 48 326 101 28 831 294 320 257 818 395 624 867 344 271 266 800 299 952 283 464 958 842 227 742 900 453 2 116 943 778 700 431 514 581 774 592 706 197 439 273 253 660 971 563 621 140 250 939 307 956 634 759 771 183 548 651 958 559 125 242 518 777 394 889 802 754 562 540 62 651 954 734 385 536 426 295 367 654 669 783 629 534 720 4 212 884 479 370 839 261 750 775 953 904 976 889 396 233 903 988 798 767 492 248 190 411 376 361 205 797 999 163 933 329 778 836 766 33 987 542 636 183 920 751 462 87 228 859 735 670 426 332 84 633 87 259 992 29 971 540 815 528 916 959
897
397 197 666 323 429 52 39 297 612 132 753 998 54 559 820 887 658 871 608 150 293 746 417 200 33 87 6 533 762 967 811 720 823 926 372 656 294 636 853 160 637 720 81 437 22 465 563 44 245 574 881 223 793 461 494 945 260 12 246 38 55 723 304 40 729 218 721 661 806 557 64 641 562 198 676 227 627 847 239 708 981 829 584 423 430 879 641 28 273 86 966 308 78 113 81 966 138 183 90 434 629 380 960 972 102 532 743 692 949 398 362 560 97 133 64 297 973 605 650 11 256 431 555 323 458 248 135 680 821 931 264 163 284 511 362 906 909 845 351 670 422 383 111 779 12 914 124 816 12 715 338 968 306 839 53 822 647 964 41 773 428 290 779 729 614 326 735 156 735 900 604 38 729 788 329 948 422 661 86 537 526 841 771 622 839 957 874 143 459 8 142 285 756 739 385 113 717 437 416 535 469 190 341 590 145 248 182 363 872 804 516 475 787 930 946 987 108 985 345 716 205 979 478 569 580 466 647 528 170 900 404 420 518 112 264 699 312 348 163 471 581 832 598 105 779 560 257 173 567 390 847 368 57 151 862 61 235 504 338 770 457 99 434 17 556 68 173 457 428 947 72 957 707 221 753 887 458 285 742 161 368 267 35 807 248 195 527 984 807 949 115 69 111 900 421 673 982 916 251 958 600 752 167 121 708 937 219 556 933 485 718 187 703 742 131 370 583 814 628 725 936 748 640 811 151 977 891 625 90 656 167 222 705 212 292 8 846 269 677 570 226 835 222 868 502 863 955 198 223 879 364 439 366 829 593 547 843 353 791 96 34 895 192 773 155 534 467 968 660 594 163 20 589 307 69 481 317 255 57 260 439 381 369 44 33 445 143 910 826 381 169 956 466 145 144 778 917 659 626 685 210 553 593 447 897 226 544 570 327 851 761 80 805 981 674 33 848 662 773 95 634 888 82 971 357 336 231 303 432 202 546 499 850 883 724 585 325 282 467 844 398 864 5 304 133 392 562 741 453 662 463 655 110 44 841 380 495 521 520 437 647 788 686 441 880 343 364 440 66 974 783 473 906 728 248 686 177 558 488 358 290 317 804 350 736 513 21 344 94 483 480 173 290 180 171 788 698 781 622 998 492 583 234 846 541 59 539 668 303 793 378 245 679 996 323 19 420 219 36 312 963 300 674 513 426 603 904 256 412 352 115 692 339 435 171 381 344 721 188 326 308 813 102 21 818 362 20 248 776 661 982 832 674 465 796 220 6 879 194 139 725 208 991 398 371 970 320 939 122 509 221 366 610 982 4 436 68 488 143 635 379 583 755 332 944 421 328 993 507 206 227 158 584 459 575 469 698 948 117 451 535 521 607 16 866 176 656 922 632 473 949 879 404 508 459 971 70 175 139 127 466 842 646 700 415 273 569 673 917 26 670 377 184 313 748 402 678 732 204 140 120 139 676 656 601 794 682 36 457 897 856 741 843 793 876 236 508 21 92 727 399 603 520 945 899 960 5 329 802 350 384 927 487 602 474 127 444 779 983 756 581 913 269 98 162 802 419 374 661 853 781 846 278 479 759 576 938 720 719 986 554 10 182 760 248 728 778 105 907 154 280 319 669 500 674 729 289 884 808 22 368 104 604 668 411 297 821 97 567 387 620 875 652 947 118 295 95 589 587 461 914 876 576 784 965 563 226 91 249 48 933 670 925 929 427 234 898 202 853 694 36 830 750 773 123 917 740 137 285 253 929 345 901 560 295 59 482 460 920 878 471 921 433 711 330 673 4 747 123 528 563 351 875 685 449 487 978 332 77 593 562 967 49 365 284 976 675 277 258 963 650 469 1000 13 548 917 749 145 37 924 245 39 441 63 406 781 809 238 828 53 848 770 137 368 16 72 426 848 980 863 609 689 572 893 763 680 48 853 578 984 581 628 624 608 86 340 824 125 124 40 338 356 614 489 699 482 480 101 570 373 317 718 755 744 760 392 545 142 539 543 936 427 360 419 779 808 61 682 934 463 785 906 379 296 900 826 516
596
32 936 692 167 263 319 137 900 342 626 161 766 735 540 672 652 501 755 701 435 12 834 199 879 639 998 203 827 432 955 590 942 510 820 823 920 729 797 217 69 187 510 113 315 614 336 727 911 516 769 360 564 625 893 339 553 903 639 118 653 564 283 822 668 928 718 692 229 673 116 494 707 602 601 672 755 252 485 748 828 490 217 131 117 365 772 587 210 524 976 488 876 141 991 749 133 586 14 165 796 133 581 648 638 650 586 938 745 414 945 138 762 617 674 662 253 712 75 834 552 666 105 451 357 328 858 991 642 545 570 370 144 558 153 446 900 999 782 1000 531 123 777 693 235 77 288 991 587 977 340 791 326 29 713 882 101 189 221 167 48 171 221 984 878 912 580 868 746 812 837 160 943 596 352 390 628 672 722 8 397 57 303 611 532 109 373 133 518 514 723 893 172 380 850 705 30 19 845 704 382 59 161 581 878 492 823 503 914 283 945 319 697 654 124 680 511 331 282 596 508 861 849 348 454 540 800 947 794 326 293 727 246 790 889 480 554 167 798 2 678 365 516 567 880 433 404 559 10 405 636 505 234 599 390 683 869 503 368 310 282 74 317 761 548 7 706 86 17 801 622 43 781 980 505 219 873 899 712 463 547 813 695 494 561 924 478 616 825 960 260 342 499 730 85 155 683 29 387 66 525 754 944 991 248 843 763 822 175 574 504 317 681 129 105 298 551 384 812 283 904 833 967 29 847 172 231 25 616 524 296 491 812 853 504 811 520 601 974 3 401 585 785 751 15 255 462 380 326 202 142 442 942 16 880 59 135 994 511 497 925 986 603 789 105 165 557 593 101 637 463 551 860 999 240 517 501 857 56 429 17 798 393 525 6 818 369 598 531 558 295 700 358 84 93 793 659 209 824 783 694 304 679 938 109 218 226 528 932 532 40 48 452 115 105 884 154 234 535 794 1000 799 983 226 944 483 139 444 955 728 288 266 606 647 799 402 145 558 154 698 416 922 671 201 132 523 307 697 830 922 216 268 112 38 178 119 47 987 461 173 63 893 934 285 353 629 861 442 372 807 180 479 250 91 475 184 600 322 954 713 767 565 306 413 705 64 364 550 331 603 514 225 389 903 659 499 986 633 960 600 988 809 375 748 811 659 683 14 99 951 580 879 538 55 373 326 853 176 496 530 200 675 307 574 215 317 883 946 440 247 291 932 140 240 461 985 687 255 325 698 107 859 745 472 980 538 317 920 33 216 90 733 51 36 885 313 860 535 36 669 409 728 911 996 777 80 307 718 545 558 54 293 612 526 706 812 708 413 125 891 283 757 324 18 965 27 81 497 837 567 333 259 186 794 881 196 812
518
330 609 125 930 186 694 720 125 335 788 402 836 647 85 152 496 738 155 602 358 543 326 118 91 201 99 580 518 701 175 663 532 551 631 815 245 346 296 132 446 850 468 131 877 990 510 225 809 260 727 939 627 593 534 415 748 590 14 960 645 318 931 574 559 149 100 555 306 254 508 636 802 475 343 876 499 983 939 400 552 764 684 208 930 339 645 298 943 781 702 595 622 447 108 682 472 173 388 485 304 757 702 995 259 213 66 693 41 764 119 604 670 103 365 22 239 419 504 957 199 544 441 847 812 455 847 624 561 210 938 488 243 330 992 133 592 686 857 169 509 553 612 274 959 69 249 671 578 129 885 849 812 335 923 900 356 254 276 613 108 954 320 153 249 612 317 710 522 254 619 220 233 740 269 213 239 196 284 940 615 557 346 292 292 942 266 624 749 622 323 635 533 496 869 601 451 332 517 728 514 590 267 407 522 770 920 286 864 380 625 537 899 605 177 704 332 697 590 400 41 530 564 308 44 845 291 259 371 160 479 298 241 99 331 241 318 94 703 143 574 801 982 383 770 317 800 640 540 175 150 657 658 359 15 484 108 852 172 778 318 772 842 898 401 626 752 804 32 631 828 106 105 409 260 31 940 777 13 986 456 546 644 798 135 262 352 457 612 243 165 813 906 524 157 337 642 450 860 10 719 105 187 338 588 530 636 438 226 799 79 631 921 795 902 861 24 46 231 783 564 807 704 460 999 697 501 631 7 859 884 840 782 789 168 259 111 10 277 175 918 162 202 912 675 725 715 570 885 863 341 148 15 391 992 210 626 783 420 190 84 419 169 645 488 676 28 426 995 379 683 589 835 770 293 550 482 891 58 294 790 699 780 297 686 159 565 554 887 25 434 207 793 40 864 57 20 459 446 391 339 293 366 135 860 575 71 832 262 491 3 400 347 455 358 14 668 534 511 244 926 565 317 956 825 444 901 989 627 935 859 802 410 410 962 517 844 453 620 53 273 807 671 603 477 942 311 51 600 684 54 300 89 297 422 317 387 246 723 382 120 449 199 724 362 895 175 473 70 807 374 641 437 358 587 909 907 181 214 200 188 121 284 135 171 596 811 781 529 112 493 617 756 436 248 234 28 34 884 339 58 155 541 965 946 56 244 60 634 219 168 77 159 271 444 687 525 479 811
935
489 20 212 657 801 869 751 892 56 413 155 766 736 189 372 758 281 203 724 319 547 997 84 187 39 577 275 498 697 406 804 125 357 195 752 381 612 773 862 561 390 868 964 136 353 659 143 142 332 951 555 97 135 956 636 646 95 247 361 786 197 318 334 452 125 301 601 46 566 927 626 483 69 722 637 505 706 676 286 751 782 613 291 111 269 265 354 962 659 419 191 928 979 658 15 647 219 856 110 729 969 109 141 941 421 935 358 208 90 940 318 763 518 403 668 131 192 678 888 898 351 188 68 293 884 137 377 272 862 383 658 616 197 829 842 921 270 373 964 459 79 345 39 838 795 344 259 384 815 960 192 127 25 224 653 949 181 208 745 755 556 12 406 814 620 147 937 752 774 721 585 159 491 409 759 131 552 819 563 478 579 949 899 691 939 224 80 50 946 600 865 445 476 907 252 770 897 611 294 143 378 774 723 419 466 224 992 869 556 756 300 9 381 305 797 701 890 317 264 108 393 998 920 340 419 957 1000 822 462 40 983 903 392 762 742 745 267 582 224 610 995 817 414 227 338 395 707 479 44 172 573 178 963 562 755 923 520 366 701 645 85 179 847 245 689 353 127 111 760 83 212 426 505 921 614 268 72 802 804 506 164 241 217 143 657 670 305 847 573 637 697 797 802 826 159 646 926 531 385 433 708 21 758 627 535 398 580 452 206 493 937 628 800 362 307 960 493 220 158 380 458 423 197 578 496 162 47 759 873 599 30 358 992 779 349 711 528 318 254 839 547 418 795 424 696 612 156 635 279 41 336 835 813 63 143 297 263 624 570 268 199 858 570 324 663 133 299 606 86 764 252 109 887 437 255 497 251 425 427 789 854 76 760 167 369 657 416 213 249 586 150 142 637 424 515 590 482 74 277 299 311 310 448 707 714 55 992 193 661 194 771 131 940 556 128 239 401 309 904 222 31 271 946 817 293 469 371 470 568 336 146 770 573 988 185 348 887 138 257 516 930 165 73 663 828 904 651 75 421 573 993 937 972 810 806 975 81 592 517 789 949 391 963 26 3 428 987 538 231 95 101 996 268 854 802 582 386 191 610 391 979 334 255 360 204 949 891 715 601 758 817 570 73 623 153 432 510 475 811 681 997 507 749 25 295 547 10 553 485 173 982 143 165 708 131 178 6 885 732 572 65 131 596 150 314 825 402 803 20 315 949 992 87 344 617 582 450 114 924 686 74 937 448 882 273 753 850 301 256 102 561 976 361 231 999 533 345 292 911 299 785 16 251 797 903 304 631 692 255 322 306 246 440 990 71 196 512 537 217 575 206 843 748 238 497 152 23 170 229 472 135 627 264 914 228 993 434 894 491 442 771 592 18 149 738 999 864 304 844 423 912 797 93 79 667 940 318 29 97 281 71 413 231 680 841 41 339 400 685 187 782 569 569 941 218 590 11 560 622 690 977 573 193 595 701 237 519 668 150 839 107 297 246 833 963 598 632 949 467 724 1 444 580 780 282 51 944 247 112 220 309 230 106 590 560 811 530 229 240 490 199 638 549 963 152 206 353 150 975 962 761 750 969 249 835 750 264 394 204 725 128 334 404 587 555 780 886 439 940 384 562 270 725 463 513 220 452 282 944 989 434 230 468 884 195 861 54 195 556 821 778 428 913 462 488 517 425 330 781 56 914 893 318 333 639 920 978 882 742 829 91 239 368 589 574 114 646 35 599 471 558 411 951 492 530 891 417 293 845 437 937 828 48 593 129 613 467 344 901 696 594 897 562 125 404 295 388 143 83 594 393 545 537 964 553 243 745 131 282 589 534 904 155 583 825 760 284 633 721 167 164 560 519 609 808 321 984 600 468 562 903 93 400 763 827 846 929 63 916 193 443 530 885 193 67 826 777 692 87 274 883 651 237 957 337 528 902 753 578 320 111 205 600 773 190 541 286 265 264 724 684 370 104 616 949 751 34 971 916 859 619 428 221 186 234 177 388 729 100 35 283 267 346 123 101 204 414 602 984 700 65 914 695 441 221 525 212 130 548 431 593 783 203 580 143 347 407 585 890 217 365 355 741 509 382 64 861 68 606 570 335 92 35 300 308 751 388 50 281 475 557 5 359 558 331
201
98 295 889 319 514 458 246 1 210 448 856 384 640 743 633 934 869 326 737 922 303 557 597 672 281 567 892 874 498 498 142 376 551 554 890 620 656 578 471 614 85 72 284 327 119 72 180 900 665 94 856 33 46 392 665 609 235 285 848 988 585 575 993 276 342 216 876 835 384 459 44 709 533 137 449 779 704 429 228 65 421 546 662 79 547 468 134 637 770 553 662 646 46 473 924 772 942 373 710 212 392 478 341 635 249 89 665 152 470 312 310 556 442 346 977 910 534 184 596 419 382 563 629 112 472 813 405 998 683 771 894 976 610 56 765 165 379 563 205 885 173 409 813 433 680 962 995 758 792 825 810 255 942 772 762 579 467 930 439 884 856 225 358 754 188 230 361 910 976 488 325 822 541 211 523 253 374 75 792 142 204 635 907 252 543 600 895 877 431 884 512 198 293 272 424 622 594 913 273 404 420
68
384 105 874 417 347 770 126 531 992 181 842 574 128 694 911 856 246 328 473 868 192 404 172 621 184 48 789 399 461 420 616 567 286 1 586 939 908 489 503 476 757 411 106 166 544 455 398 211 609 254 215 105 349 456 200 167 71 500 86 443 426 857 898 99 340 745 437 877
473
959 394 284 254 167 886 726 132 957 807 190 114 144 948 104 183 333 570 768 240 252 934 719 523 613 91 14 111 512 397 974 738 871 413 82 221 795 68 544 305 80 417 646 764 230 804 4 181 774 522 593 812 399 698 360 83 363 330 37 646 826 606 939 579 562 425 416 219 476 573 798 165 59 986 681 753 266 352 461 177 458 585 984 943 809 494 487 403 618 546 443 812 856 817 938 131 668 58 385 712 369 516 787 533 792 46 884 983 618 266 313 874 244 769 76 84 431 30 379 170 362 457 96 118 517 301 489 255 203 298 2 288 114 578 940 395 249 754 157 853 89 227 117 466 291 199 828 851 814 275 192 875 485 889 380 870 810 891 250 741 385 109 140 383 891 244 660 901 774 17 557 757 936 847 295 10 533 863 688 805 862 899 308 906 921 524 945 212 383 332 651 820 698 642 476 104 925 243 677 242 786 829 180 831 942 915 109 847 242 768 527 39 976 545 523 628 601 42 575 644 994 208 401 239 116 294 429 245 735 682 99 661 876 917 363 797 399 650 268 116 847 278 213 551 320 467 875 883 974 992 770 346 362 991 422 766 500 393 996 780 38 271 456 664 504 941 276 83 555 36 254 202 343 817 88 925 153 480 146 523 911 894 515 183 194 310 252 559 347 147 80 747 501 694 768 573 125 177 548 898 79 52 260 7 451 785 520 85 338 71 338 821 740 73 59 730 802 418 799 391 648 631 146 522 831 518 577 836 54 954 901 654 77 998 905 904 519 759 66 704 648 662 745 242 739 611 762 821 956 884 199 910 562 342 416 520 80 716 172 562 43 559 215 251 328 494 730 373 257 760 634 542 711 363 428 654 409 620 350 210 108 953 233 449 46 665 259 467 40 720 33 390 942 623 485 252 930 889 822 928 858 960 533 306 719 110 297 845 320 75 695 442 168 29 131 328 210 825 313 122 43 682 236 394 444 711 221 908 294 324 672 644 237 697 301 661 504 476 453 601 203 603 218 342 542 411 497 512 780 120 142 449 645 525 426 636 501 789 153 311 963 648 838 316 303 660 805 47 575 196 744 170 37
229
857 35 927 221 380 135 930 331 819 596 17 609 412 193 885 293 527 141 638 611 583 834 7 629 466 815 3 197 807 276 86 146 858 251 937 897 975 364 830 295 819 501 579 228 769 259 361 786 90 401 154 996 963 678 147 662 40 748 546 114 997 193 374 304 746 945 72 536 330 862 336 302 997 70 860 35 220 444 683 201 921 923 496 151 417 957 734 981 571 48 278 130 546 791 371 36 188 137 518 849 825 138 790 439 358 613 614 230 340 392 202 252 378 565 299 254 259 567 495 151 908 626 128 110 904 884 312 171 507 633 167 985 779 970 634 728 674 811 742 88 500 494 372 79 646 943 843 864 927 898 37 373 531 422 662 319 392 524 40 622 851 95 465 399 780 360 990 651 762 695 745 494 113 106 834 531 480 576 352 958 337 82 934 279 63 703 302 88 571 415 223 428 369 408 227 706 249 639 691 103 476 898 791 589 523 902 499 763 368 810 409 549 389 825 593 151 858 131 194 839 811 159 100 415 170 571 958 137 815
867
131 33 813 774 834 531 362 394 598 687 273 165 326 817 902 593 789 849 393 814 149 156 261 438 487 381 452 403 238 20 395 719 213 370 538 946 552 760 832 199 920 357 78 290 69 353 989 518 261 697 672 347 989 150 617 97 701 674 430 294 534 732 183 371 244 798 805 953 905 247 920 858 18 444 417 387 673 861 247 996 465 469 498 784 943 34 223 551 745 605 175 971 634 161 877 730 970 219 839 229 79 401 221 160 906 643 20 88 359 484 736 460 102 218 902 763 116 561 192 567 689 957 619 165 803 962 202 153 148 633 399 87 46 176 566 4 310 84 649 237 910 98 656 214 309 832 34 802 954 897 689 457 473 620 212 619 584 603 563 142 125 73 142 51 888 108 457 617 330 167 925 842 237 955 278 79 686 259 883 543 407 783 767 967 463 236 932 822 956 964 967 89 481 939 946 651 831 123 20 844 271 204 823 20 433 332 437 101 580 917 421 810 884 957 4 837 391 337 784 165 510 645 316 421 177 397 681 832 753 251 465 393 564 826 777 709 434 270 44 438 857 676 796 708 903 247 626 669 392 520 762 610 668 157 498 742 47 757 469 196 774 181 623 6 777 729 614 381 93 969 489 679 314 302 670 548 280 271 347 388 697 360 529 378 684 485 379 928 617 849 932 225 28 286 650 783 603 51 95 789 376 88 503 453 646 98 311 355 439 989 779 364 150 942 197 577 951 174 875 228 47 165 907 677 938 172 133 988 370 193 117 82 96 12 876 856 323 467 474 498 221 406 431 179 42 385 354 500 71 539 497 722 963 396 964 662 906 324 606 441 978 356 618 512 728 107 308 394 143 307 536 331 818 544 523 464 252 461 639 242 365 677 32 321 449 415 131 906 747 338 971 83 689 548 407 246 231 834 629 666 204 247 588 676 76 804 984 373 426 799 297 366 994 549 910 711 420 612 719 214 517 309 213 552 196 976 792 568 702 748 34 852 256 652 397 210 742 278 539 378 616 106 603 793 9 129 472 781 826 476 189 613 176 263 410 164 633 322 116 954 106 281 393 485 748 519 262 817 745 203 741 515 447 659 865 882 188 807 572 147 772 308 225 955 232 519 311 128 739 448 534 811 233 7 169 150 201 148 862 27 204 102 851 153 10 387 854 159 202 734 989 804 884 224 733 817 728 202 12 989 644 509 597 516 248 23 641 242 104 324 186 282 990 208 580 384 700 741 458 740 283 384 674 489 42 774 496 59 845 239 102 73 290 674 30 434 669 53 953 4 781 767 680 136 734 324 284 287 489 765 46 67 454 777 373 530 943 852 306 990 252 10 847 263 491 859 457 831 762 987 316 541 452 639 180 112 174 678 1 247 882 865 128 616 675 717 768 512 738 13 67 286 49 79 340 35 122 116 433 217 697 796 701 755 910 62 261 165 730 31 953 290 814 285 518 594 705 543 255 481 418 700 80 829 167 375 668 9 716 159 652 532 375 908 666 193 790 881 350 770 589 363 743 17 183 549 685 368 840 432 409 269 658 123 796 516 85 74 934 459 145 927 903 765 971 65 694 589 258 5 26 905 816 552 719 184 667 650 1000 425 934 275 705 232 747 82 621 66 330 503 733 434 339 258 415 862 858 606 687 409 427 58 478 129 129 124 390 802 19 723 594 684 688 306 569 482 960 490 732 921 630 625 576 518 796 188 235 160 976 69 899 896 302 264 606 948 311 169 198 493 632 455 594 296 954 221 478 682 20 164 451 786 853 837 987 412 438 98 481 918 419 446 523 578 207 18 783 970 177 179 571 619 446 702 789 335 181 247 693 495 235 335 969 938 665 889 342 501 379 78 927 158 336 622 365 119 782 1000 119 444 591 739 555 353 49 962 845 673 105 217 705 337 220 469 732 466 620 321 271 539 26 915 813 91 55 834 901 463 374 87 848 983 401 771 638 937 644 438 51 920 37 968 883 721 991 715 274
319
636 26 10 18 549 868 312 273 696 684 733 578 651 36 59 934 234 196 457 882 135 945 494 909 955 922 209 595 400 494 649 141 828 214 76 522 346 150 951 70 906 88 264 564 870 117 983 81 802 106 301 27 849 723 758 4 238 377 44 643 687 95 694 229 6 978 562 482 609 604 171 341 205 344 443 916 349 814 805 649 82 28 395 907 984 542 420 813 762 767 808 896 825 611 597 982 650 360 94 253 600 188 641 246 204 518 146 639 597 528 763 343 178 554 948 33 772 459 902 976 596 303 902 997 991 92 145 313 104 295 932 432 871 79 651 652 589 290 303 179 578 417 125 177 25 574 322 704 767 905 270 132 587 28 522 528 243 71 644 724 876 285 52 187 527 438 67 955 790 720 908 495 788 145 667 809 843 125 145 881 273 173 167 1000 711 34 236 500 299 375 821 748 683 886 179 49 333 857 383 652 748 329 815 444 861 310 796 682 209 684 980 333 359 272 82 602 275 14 990 593 699 608 9 545 581 554 474 441 345 880 903 663 273 810 211 491 256 990 192 814 73 659 165 177 945 42 835 342 638 884 39 6 656 264 457 227 473 250 424 39 799 817 441 340 945 117 52 847 456 67 763 185 524 164 704 720 685 343 257 464 426 934 323 240 2 924 839 307 895 428 126 136 997 30 25 110 532 321 74 859 325 792 237 657 298 332 499 4 827 656 101 233 754 908 5 847 58 581 977
693
527 116 690 896 145 993 846 908 290 155 472 60 196 881 955 314 351 203 405 450 73 991 678 148 560 65 797 742 267 888 619 212 176 892 196 568 593 933 568 312 635 702 240 905 383 719 512 690 506 18 128 626 223 227 212 684 453 825 232 537 367 9 746 780 422 169 513 752 281 923 214 430 383 679 394 492 973 698 902 750 458 833 588 203 60 709 940 859 973 152 612 196 184 308 628 246 391 757 977 78 653 711 898 461 979 653 414 306 151 181 874 629 35 853 106 492 441 913 744 238 632 363 296 423 953 338 383 151 119 503 386 992 411 782 883 324 427 805 62 228 522 459 694 310 210 948 434 199 952 242 683 602 280 898 851 859 754 755 673 28 727 975 932 455 172 767 294 585 407 859 322 587 395 450 556 679 873 825 156 600 562 951 64 652 430 377 767 441 840 536 577 296 635 927 600 120 575 836 859 130 428 543 710 179 207 648 496 313 990 457 540 229 873 374 575 22 724 285 245 329 794 989 569 32 803 399 724 658 126 504 881 823 165 184 456 195 878 171 192 344 739 996 505 622 854 392 905 527 729 607 161 555 984 796 376 702 672 789 404 187 428 515 766 668 989 997 166 877 261 334 149 255 203 462 874 366 151 349 733 654 395 895 581 148 904 884 284 573 734 358 576 800 779 920 421 964 462 360 122 510 777 723 518 831 651 95 468 270 426 51 801 885 305 350 471 32 263 614 207 476 731 948 168 334 508 497 608 312 297 420 235 89 876 740 405 90 371 315 720 36 899 335 590 875 397 666 378 75 723 371 22 566 741 177 905 780 246 280 324 349 629 872 56 143 771 855 15 717 863 349 699 969 644 719 614 69 386 229 426 922 601 566 785 42 358 633 243 389 647 962 230 416 501 159 371 514 670 825 226 870 92 471 259 985 290 673 419 305 948 54 901 240 94 611 337 239 735 967 641 270 658 623 153 681 124 703 497 40 76 332 406 188 888 924 414 805 599 508 739 842 404 751 316 204 464 323 355 648 709 314 471 953 285 241 619 384 705 112 872 911 649 167 187 90 466 956 709 173 894 429 722 343 991 169 75 566 191 430 684 856 76 817 987 555 489 579 71 933 381 684 366 759 256 621 340 81 158 317 347 570 372 683 606 84 139 651 963 517 59 662 392 409 138 433 79 45 263 224 119 935 358 982 637 248 457 692 726 615 130 568 65 193 927 860 506 298 798 952 380 851 531 949 434 665 806 714 126 792 9 284 380 465 271 675 125 389 325 421 674 38 387 449 863 485 824 513 280 656 896 879 129 217 327 603 903 793 905 546 567 348 544 625 150 712 930 394 531 382 684 989 600 802 894 677 112 368 450 656 63 658 588 565 635 594 396 330 553 852 925 978 163 312 813 427 393 427 61 402 814 920 405 226 694 747 471 971 964 46 262 471 93 904 157 562 350 573 662 776 401 811 174 280 767 303 175 143 444 137 660 247 915 62 459 994 153 180 355 404 436 827 81 717 445 651 333 264 230 647 665 824 21 356 42 871 528 605 755 673 824 870 454 554 189 920 604 511 601 532 290 538 533 399 738
201
686 579 453 424 526 84 743 542 42 444 358 693 600 253 166 773 955 152 700 34 79 332 167 580 858 908 689 694 167 654 681 400 462 100 956 843 667 371 851 79 872 121 925 412 71 108 131 230 816 488 279 178 897 369 365 700 137 907 391 777 674 172 128 826 916 351 220 913 83 757 823 803 581 587 151 888 118 740 139 843 919 321 739 311 542 789 440 881 829 708 944 15 842 659 290 476 852 163 122 957 202 79 715 275 783 857 899 861 517 210 640 190 56 129 716 243 346 379 523 602 661 421 250 330 723 389 833 917 440 893 14 868 294 987 868 25 57 263 106 830 323 470 412 803 263 607 642 392 565 516 586 998 519 363 534 758 880 724 736 749 943 811 837 644 630 593 324 748 706 111 865 46 699 876 249 880 689 378 98 541 344 529 1000 987 222 513 886 620 574 735 241 626 443 677 802 413 980 847 566 911 146
207
306 649 766 308 771 431 907 972 804 444 630 553 170 878 390 546 202 922 106 529 320 286 211 625 260 332 747 353 748 790 281 770 830 240 749 959 563 557 68 817 99 361 112 765 683 364 287 253 343 398 378 32 263 490 753 189 291 172 332 552 480 657 467 742 783 298 658 877 990 535 289 880 949 182 270 818 627 905 836 531 342 63 758 906 361 372 970 779 812 186 962 586 954 252 283 893 642 633 14 809 499 70 236 237 345 384 664 792 757 504 632 770 420 79 862 232 808 109 575 504 731 107 617 456 135 352 845 448 36 919 489 173 497 922 501 289 7 360 566 700 382 458 782 565 652 260 201 266 348 470 605 320 318 437 836 297 566 701 602 133 186 155 468 860 521 881 173 282 635 206 737 972 436 671 434 647 506 109 404 134 630 291 886 82 477 769 999 782 702 656 201 479 734 723 871 462 939 390 886 572 648 695 515 566 196 944 810
195
590 216 568 24 510 598 608 44 818 719 329 176 650 946 510 427 612 718 6 191 525 235 713 550 67 522 991 411 365 478 616 566 747 895 737 503 676 665 662 251 875 913 284 258 471 739 269 180 642 253 893 673 249 480 470 457 82 373 415 840 557 199 839 486 918 140 808 583 943 442 141 51 675 801 191 112 343 154 285 640 633 834 31 317 610 834 372 785 819 1 254 758 638 539 950 251 853 259 94 16 197 832 545 435 559 6 242 414 4 982 373 562 788 969 378 931 758 551 617 837 180 782 887 117 521 533 106 467 420 382 556 946 433 667 472 829 652 896 359 262 506 150 600 686 292 290 73 779 86 378 499 266 554 662 1 986 182 113 563 986 551 260 153 28 121 209 351 491 581 6 148 455 554 655 712 116 140 129 692 1 25 7 176 192 901 983 942 268 38 265 501 513 619 30 639
936
537 757 151 469 563 23 486 881 403 29 612 403 263 619 902 409 948 168 586 563 521 415 200 739 326 288 317 249 358 308 936 512 54 696 85 537 162 506 342 608 187 769 251 319 596 148 712 21 619 2 779 97 682 767 450 614 94 246 519 362 597 735 485 304 329 34 828 395 962 778 550 957 195 520 51 2 966 741 136 231 42 178 886 24 1 719 252 315 138 532 105 982 334 980 194 457 143 640 263 694 552 48 531 627 761 177 764 458 536 551 87 63 572 938 578 288 579 873 188 173 69 642 980 134 851 49 311 804 481 221 487 430 862 945 521 883 553 644 203 6 99 401 128 361 609 104 190 608 611 391 796 897 668 264 718 85 88 4 792 952 291 512 276 390 776 135 527 421 799 2 383 350 81 230 550 776 579 386 717 393 30 1 263 634 680 653 409 497 149 912 988 904 404 964 478 538 21 770 293 156 882 472 805 648 821 536 954 694 528 414 984 248 350 793 565 543 666 873 147 63 782 736 720 138 332 400 282 624 679 448 82 783 410 805 742 495 63 235 934 476 929 186 230 834 304 662 308 419 32 181 736 852 716 327 718 184 24 398 930 185 776 494 328 371 355 551 705 750 694 26 390 935 666 520 514 305 95 184 862 745 798 685 38 127 552 968 185 216 109 180 580 863 981 864 279 710 387 186 946 242 558 226 49 503 443 305 333 200 831 708 95 114 333 234 192 74 754 912 402 831 163 144 595 467 463 69 493 905 651 921 848 459 869 445 17 18 849 261 817 838 558 851 773 956 190 644 360 774 345 308 600 133 244 449 34 594 89 207 939 901 386 578 918 120 687 740 981 928 424 858 911 169 586 889 727 531 385 849 422 312 195 168 560 853 446 530 414 476 76 414 699 897 359 946 454 989 788 762 95 743 238 262 131 49 494 177 356 484 374 293 79 832 413 819 708 725 642 472 718 957 465 206 349 559 896 843 14 346 60 796 697 320 509 171 790 409 996 208 976 310 909 524 703 328 87 331 171 466 45 881 446 381 596 408 126 425 650 77 682 223 716 399 293 848 206 441 374 358 493 850 444 682 685 691 591 317 601 283 772 788 238 927 46 388 756 677 65 317 542 811 766 160 43 741 779 770 24 458 422 954 973 282 349 568 23 896 381 86 989 847 823 660 21 926 73 146 718 464 267 564 447 830 708 87 337 561 292 313 276 528 152 881 718 62 11 227 822 982 802 651 276 813 956 384 584 683 585 121 483 858 326 193 260 116 714 785 773 161 892 616 95 166 673 500 912 123 634 110 886 314 13 417 982 553 757 159 477 78 220 642 104 837 908 284 442 976 548 520 82 776 264 118 327 926 763 186 29 77 656 611 304 795 887 267 797 780 776 472 815 258 121 769 356 318 72 300 816 837 908 521 996 184 435 554 72 833 116 558 394 807 769 483 902 58 454 931 690 939 314 974 371 687 544 551 281 468 131 278 348 823 773 812 49 150 929 576 963 516 843 585 768 896 191 31 410 817 963 959 377 905 748 55 677 984 682 159 939 858 408 90 910 469 355 473 691 791 193 248 758 576 649 2 472 714 888 315 275 548 99 939 362 30 687 189 471 35 602 958 387 382 397 302 649 169 632 56 368 313 816 49 308 911 705 552 123 807 316 843 448 912 654 206 791 142 269 545 460 698 767 763 773 443 443 383 5 507 986 690 949 887 400 928 611 79 143 630 758 338 478 25 832 307 282 391 722 261 223 681 627 241 811 728 161 604 928 312 326 14 293 862 721 780 207 2 134 307 743 805 752 181 104 839 607 958 198 823 446 981 176 353 125 271 645 512 187 259 578 106 989 718 354 358 841 892 587 10 17 168 974 924 580 79 18 754 19 576 947 819 265 730 561 898 159 493 848 796 984 429 529 566 390 339 84 326 256 218 776 616 687 146 151 925 570 492 563 95 946 84 835 97 351 586 662 112 137 796 581 360 395 217 811 643 65 939 688 879 462 718 905 598 801 895 776 654 517 80 987 808 776 558 956 211 16 705 98 864 975 578 157 665 980 670 670 461 253 996 562 460 243 819 301 664 564 931 571 337 825 864 537 6 169 890 580 799 882 626 996 821 933 718 742 492 411 22 916 510
451
166 353 499 212 263 39 987 798 87 731 538 868 852 263 521 580 998 577 721 129 113 868 499 693 214 124 516 763 537 479 174 287 728 920 493 650 734 829 108 382 479 959 256 377 364 575 179 603 363 489 22 265 158 36 132 789 51 118 333 328 329 252 220 875 627 965 19 286 826 603 726 894 243 312 667 876 364 918 488 861 170 951 912 465 948 248 664 767 346 215 680 452 151 995 96 55 186 964 819 578 328 357 851 395 246 252 514 280 665 127 747 774 765 532 511 472 732 853 598 112 46 992 212 153 529 33 554 146 750 213 113 756 953 151 495 627 251 422 5 358 531 395 549 748 730 84 58 543 461 798 971 878 659 607 588 54 983 935 40 155 972 483 375 163 586 233 132 664 257 780 813 567 723 57 554 449 333 663 66 889 592 407 51 337 986 585 149 424 28 526 429 146 449 711 563 192 129 786 851 532 143 756 677 366 616 433 621 499 934 316 480 274 790 597 635 622 591 776 367 61 932 663 547 775 975 688 725 861 690 788 675 40 125 228 854 226 56 712 758 4 696 82 11 861 549 597 309 815 401 84 401 615 925 332 806 363 346 470 624 183 745 183 115 261 780 181 881 956 677 46 833 206 307 974 20 623 277 424 245 979 918 776 118 547 307 881 139 992 859 296 110 222 617 834 56 187 57 817 58 323 533 96 626 298 234 283 810 983 370 259 492 239 692 638 749 190 275 583 244 193 520 25 463 862 82 714 398 783 920 605 494 665 561 358 517 995 162 899 586 523 977 309 212 376 428 884 460 252 841 554 556 413 710 519 37 19 457 350 321 241 519 206 905 266 920 747 55 514 272 196 218 977 691 955 874 778 909 737 182 505 4 715 928 805 46 343 469 86 765 568 164 403 934 780 959 638 320 114 907 877 212 252 636 46 661 152 392 926 55 398 509 201 467 23 834 726 385 237 980 144 177 114 316 889 335 650 534 218 772 791 45 553 125 186 550 849 764 538 287 498 630 780 479 211 947 689 248 669 303 118 259
572
43 600 897 640 462 301 907 319 319 312 945 510 525 68 766 771 846 158 523 895 337 706 197 740 983 945 15 125 548 137 956 38 776 726 171 103 29 740 447 157 350 707 577 134 895 39 955 573 792 561 946 393 363 991 884 561 683 276 992 808 300 735 150 843 60 282 416 659 192 216 734 700 134 164 191 41 950 655 573 841 748 891 431 615 387 89 96 583 919 521 274 78 444 836 87 916 608 755 910 396 347 351 437 746 748 125 350 212 682 516 65 966 882 711 329 848 946 995 11 19 710 996 760 840 270 709 965 196 872 758 501 456 379 736 530 898 625 496 928 46 27 969 213 405 460 592 451 208 1 765 879 670 1 954 674 370 928 268 720 920 374 199 973 118 78 312 491 972 453 34 87 331 692 104 665 972 420 625 187 7 761 375 87 173 480 537 760 587 983 458 187 914 652 217 680 334 784 479 862 484 194 826 324 975 504 339 672 39 458 317 597 483 846 670 94 802 306 527 461 804 592 725 69 932 718 544 76 473 190 753 257 428 563 767 73 253 817 5 319 857 153 635 628 680 744 8 403 660 185 142 347 314 59 818 729 905 448 162 253 31 937 704 384 692 851 571 537 643 911 680 888 886 777 199 477 827 962 810 801 558 183 12 135 303 505 889 183 220 716 344 112 874 931 681 666 435 169 519 859 286 61 998 631 12 53 447 600 802 722 173 108 233 259 73 304 658 528 792 872 36 203 62 717 161 593 189 608 272 673 216 708 300 853 888 449 736 778 154 51 746 468 333 484 795 940 567 118 717 393 505 129 275 906 513 398 237 566 233 583 103 953 346 959 636 388 184 174 33 458 905 549 868 917 167 884 669 571 102 910 636 231 399 591 258 717 728 239 423 351 986 874 314 782 61 50 593 145 201 381 950 969 604 492 873 444 199 719 431 283 492 748 505 253 703 83 842 27 265 536 491 128 203 741 675 970 316 890 880 919 682 991 126 642 200 422 584 466 248 270 158 16 369 944 602 971 286 996 15 13 351 702 500 787 739 748 135 144 57 555 637 245 39 923 294 373 799 30 20 871 784 129 711 241 356 911 530 943 982 976 728 966 606 982 346 901 820 33 938 464 503 793 79 981 635 53 714 431 226 593 194 853 47 37 913 914 866 739 96 433 874 458 305 933 334 239 327 740 503 22 311 697 693 558 842 66 648 736 832 350 883 313 319 206 627 319 673 708 278 908 219 648 473 375 229 218 924 146 627 774 265 982 954 512 314 276 893 40 915 684 673 370 307 378 574 848 572 361 455 877 444 754 232
427
238 898 441 172 907 924 468 710 489 224 946 529 795 543 345 423 206 766 498 331 368 46 332 960 611 163 782 927 815 456 535 429 333 934 600 367 897 50 271 693 476 870 241 225 32 739 342 795 193 600 725 566 810 870 635 350 602 313 38 417 119 73 290 487 453 299 323 76 97 691 515 264 32 623 876 186 766 680 858 355 465 532 716 141 579 670 530 350 778 228 890 122 762 255 910 947 78 201 310 778 88 612 633 480 588 5 786 395 514 471 606 395 790 678 516 188 211 593 789 244 119 292 667 641 338 153 935 152 802 229 797 696 661 345 374 946 235 805 728 50 533 796 393 984 212 584 586 801 143 725 696 871 563 316 288 846 135 796 221 883 148 847 25 628 334 395 842 965 336 219 244 643 584 851 153 72 82 697 491 586 625 190 507 246 806 720 51 530 745 287 993 104 386 180 910 954 911 518 429 840 195 4 588 765 766 455 363 42 342 973 121 649 478 237 825 809 169 320 210 828 240 420 642 912 492 406 111 49 988 634 890 21 695 946 213 461 472 875 479 396 634 857 799 555 416 713 28 77 717 121 874 212 712 639 53 46 243 670 919 512 108 283 961 421 54 361 263 131 411 756 809 867 28 169 894 58 863 707 563 460 821 93 593 136 985 877 738 725 809 164 31 551 533 488 727 111 688 86 477 293 666 212 561 994 287 215 948 161 327 6 66 25 13 889 986 721 768 241 415 563 9 952 346 467 607 574 812 391 580 813 87 61 55 600 476 222 659 335 11 111 479 409 331 547 69 896 495 32 647 996 991 96 94 919 236 203 672 760 271 849 663 290 210 531 123 56 898 875 456 688 587 168 13 174 386 588 368 592 167 601 10 584 355 705 230 748 173 331 365 251 940 30 354 799 526 416 732 994 372 904 670 357 778 133 89 507 149 621 552 637 887 471 201 421 199 648 110 378 98 935 426 867 524 803 999 356 46
447
635 166 415 279 441 367 526 430 103 561 12 577 710 899 38 57 196 501 498 380 96 424 133 513 2 752 873 325 69 974 794 527 601 331 643 77 900 439 153 377 910 841 722 738 244 349 177 660 334 940 809 592 577 350 476 508 348 875 119 228 950 514 813 31 875 781 640 10 958 197 140 674 240 108 509 259 211 166 872 470 824 735 616 97 260 192 598 868 923 915 757 729 993 393 659 93 694 760 74 26 139 616 489 869 997 415 642 128 414 701 659 512 801 86 929 39 633 525 649 597 728 75 947 892 924 359 569 579 854 458 201 754 422 895 670 971 404 828 366 259 742 537 41 245 530 859 494 983 739 458 777 416 581 160 966 905 7 988 329 169 391 408 34 827 213 657 339 353 625 73 901 39 578 735 209 145 530 690 358 7 393 635 4 732 285 404 506 935 182 796 709 254 418 344 898 186 844 114 989 847 426 733 390 471 680 307 522 915 496 765 464 961 115 1 547 191 357 947 86 303 114 127 130 798 240 72 987 545 643 330 150 883 661 961 41 759 863 406 905 539 98 429 241 164 527 25 604 215 921 740 546 803 637 359 702 552 73 872 179 846 458 809 866 929 717 272 953 379 832 483 684 572 751 652 686 953 925 656 802 423 763 378 969 857 613 280 922 999 510 90 271 402 62 351 722 187 608 638 466 598 444 950 821 553 173 114 604 21 456 390 877 150 503 780 565 60 339 746 686 639 379 671 955 92 943 521 831 261 845 388 914 252 2 678 433 681 800 917 339 890 277 263 196 466 236 183 669 444 923 79 913 932 281 422 788 833 13 669 160 406 461 389 887 365 959 367 292 405 409 585 55 187 86 783 653 855 335 2 284 245 617 535 555 667 851 119 385 895 556 47 284 78 611 656 340 825 445 639 255 10 200 660 420 31 729 836 42 1 850 626 775 145 651 853 596 813 879 404 214 260 214 258 945 605 735 449 847 329 570 889 593 515 608 744 462 362 261 722 11 710 559 792 197 876 614 162 116
634
710 499 97 959 224 272 664 776 418 378 214 600 623 23 459 701 237 418 631 834 528 203 823 879 858 729 9 391 517 533 697 847 11 975 614 927 271 343 669 670 791 295 306 494 880 101 957 508 661 913 796 499 628 717 796 922 671 404 56 713 487 795 743 264 512 103 749 604 320 501 400 653 426 717 245 210 961 527 692 281 397 213 861 910 47 622 249 803 712 276 437 918 110 997 744 567 363 671 565 403 443 737 796 1 215 563 353 186 489 438 9 777 542 926 873 296 967 851 831 420 935 737 545 353 243 856 558 530 9 690 90 562 202 823 343 785 705 950 960 718 296 401 624 673 53 4 859 911 204 735 972 882 541 41 525 333 433 117 146 138 751 282 978 825 347 382 474 764 140 199 182 1 215 372 907 703 389 199 286 69 565 183 62 758 242 271 389 985 181 273 634 586 999 501 234 953 994 834 19 992 462 206 825 580 145 245 387 158 395 925 89 663 555 656 723 792 655 548 35 176 153 711 48 487 327 906 811 461 513 386 237 501 820 799 987 481 508 309 349 309 273 523 349 819 663 166 755 11 580 109 754 905 484 953 78 832 447 391 159 808 243 847 469 371 222 640 892 43 547 337 369 40 588 257 152 853 614 503 334 431 471 655 292 92 967 926 258 87 178 804 247 997 769 511 464 151 871 945 86 256 89 635 493 859 53 646 140 916 291 858 974 551 898 464 811 859 502 221 957 37 725 274 715 491 232 733 423 571 93 598 603 891 548 877 650 255 75 64 793 823 251 755 146 647 919 662 938 970 976 120 197 294 976 115 361 26 186 347 441 820 993 848 714 522 500 603 909 971 131 796 651 785 810 185 429 78 85 876 516 210 745 382 120 119 976 150 645 500 127 912 957 677 299 586 494 860 928 649 527 562 922 72 794 874 713 636 243 835 625 237 191 965 803 433 556 63 608 886 792 769 238 757 677 860 605 863 260 443 912 86 643 432 14 127 805 590 605 546 31 419 150 632 555 145 663 341 366 679 327 497 73 408 931 310 109 893 232 653 975 377 136 971 35 90 422 190 336 52 579 280 610 67 641 390 124 163 778 270 753 98 655 449 150 889 240 257 75 268 260 200 979 461 75 386 213 879 771 721 937 777 339 307 19 441 392 162 970 754 736 734 822 282 696 750 161 267 736 887 949 517 871 470 922 217 953 489 463 585 440 695 64 142 562 756 443 932 386 557 357 923 44 705 550 671 296 781 280 91 706 805 425 467 770 107 720 461 564 251 953 964 851 269 841 403 356 703 128 452 248 402 656 74 758 364 63 81 596 854 197 373 894 496 433 920 759 594 692 209 234 679 361 994 383 167 111 873 475 908 824 93 89 450 733 441 578 101 616 38 650 710 797 52 107 720 150 765 39 644 502 993 953 430 704 321 881 444 774 976 710 300 915 424 426 442
328
98 11 379 480 635 961 204 870 417 425 952 42 786 417 244 916 181 985 544 470 584 718 174 257 784 972 581 348 729 312 804 339 748 287 14 1 234 394 736 907 367 656 661 470 796 248 806 740 837 569 55 675 454 24 386 540 855 284 136 248 973 536 630 916 486 174 225 538 924 523 292 577 77 135 69 294 297 957 111 919 982 885 343 501 423 118 295 367 123 75 784 151 961 440 347 772 833 380 673 120 23 787 133 550 446 654 219 71 818 698 284 509 471 900 344 172 227 924 185 11 859 391 26 502 171 266 952 538 259 750 973 754 692 269 240 624 114 173 637 817 437 119 692 554 922 456 249 764 519 302 601 244 103 786 716 281 22 279 388 89 169 501 907 660 936 377 653 996 518 991 623 755 885 268 426 117 925 907 685 494 156 23 927 218 401 594 219 116 359 81 565 466 692 473 778 840 773 739 910 818 809 666 350 190 199 952 698 150 984 914 291 234 545 1 476 136 617 62 471 182 870 561 909 742 848 935 837 72 869 869 830 443 829 430 993 90 220 777 565 885 954 305 920 433 871 524 508 231 534 380 909 219 772 213 742 594 642 344 120 105 785 361 232 83 747 513 686 766 913 648 812 896 312 422 1 952 774 668 321 487 858 701 786 465 409 773 683 935 971 942 561 131 907 836 206 450 32 738 462 140 939 727 750 839 458 574 607 962 252 714 626 890 496 367 173 647 677 871 311 853 820 730 26 844 726 716 431 197
936
446 628 835 305 591 437 142 246 288 63 912 667 389 527 618 492 802 221 250 281 80 255 913 939 358 345 536 798 520 15 110 826 466 733 985 386 562 918 464 808 148 451 910 874 975 154 706 111 295 321 535 558 181 161 278 254 59 99 731 312 282 771 496 36 160 848 483 324 776 737 211 326 272 601 76 74 793 875 702 656 229 326 995 89 382 116 679 423 48 937 920 215 38 549 265 913 925 57 189 130 721 153 402 814 733 823 197 609 952 347 896 873 196 50 154 665 312 893 687 782 636 517 409 434 140 966 533 269 22 800 143 244 199 857 217 364 475 197 177 16 174 502 781 167 213 19 886 60 205 458 439 376 720 400 128 18 253 496 285 392 680 647 274 647 924 45 177 996 690 471 967 531 257 688 403 651 774 589 105 11 40 981 382 107 133 233 577 557 722 583 166 462 608 682 694 331 40 225 416 769 440 387 949 192 813 146 504 853 716 190 789 432 602 484 128 405 363 577 997 494 889 354 572 244 473 218 73 652 514 670 611 72 478 744 528 982 570 124 91 73 362 5 711 244 928 18 188 975 4 203 979 534 186 976 705 136 152 948 482 558 76 544 535 835 265 489 876 705 182 568 35 381 623 93 597 766 223 770 576 311 918 124 484 290 646 182 340 381 169 150 165 505 448 105 493 938 450 225 226 476 471 983 85 586 682 891 410 387 912 74 636 881 29 789 558 992 300 917 72 302 852 294 129 409 640 29 264 261 141 317 808 376 659 504 335 929 831 830 802 40 733 869 527 338 843 285 638 959 599 807 567 946 528 376 468 307 761 755 399 537 535 623 439 424 520 958 400 676 907 948 761 604 473 724 14 368 69 590 278 57 848 150 393 102 260 737 891 977 88 978 281 327 319 517 284 494 248 433 872 846 397 864 292 18 96 302 471 363 116 447 274 945 593 71 218 104 780 449 472 810 30 858 559 601 323 778 945 336 342 442 575 522 919 375 499 918 901 719 887 705 838 1000 295 350 210 309 189 555 896 819 853 310 112 135 351 738 410 896 35 912 195 225 372 817 772 524 566 337 929 882 940 396 356 304 651 651 499 600 901 807 4 362 820 736 453 550 94 391 85 194 15 142 921 592 15 275 628 305 462 471 943 607 820 26 983 674 87 640 836 162 131 958 862 80 84 817 856 783 836 980 109 281 172 936 235 283 596 414 568 403 838 549 559 896 368 805 51 165 138 136 83 911 1 63 784 556 971 783 404 522 792 754 727 105 259 369 580 250 625 544 418 48 46 480 255 548 405 950 802 949 196 323 546 426 369 745 376 929 273 213 258 316 611 22 976 258 44 302 327 760 534 885 526 504 593 646 700 97 849 244 268 851 799 770 133 508 862 182 288 878 524 977 52 736 599 584 884 581 767 340 700 936 440 833 404 56 779 546 377 179 383 669 191 779 670 405 674 289 737 407 328 530 835 205 327 11 191 547 727 329 817 125 138 961 552 717 916 307 223 63 760 979 436 599 614 72 204 595 624 344 253 632 219 110 29 541 982 333 404 762 217 505 994 492 419 157 545 359 616 986 655 485 868 555 569 887 403 368 940 19 66 829 502 697 366 641 202 141 74 603 178 46 62 912 319 188 287 832 270 340 740 828 180 934 295 972 646 927 727 434 301 386 862 847 420 828 78 432 361 983 453 747 195 207 839 851 784 14 451 404 633 982 2 352 530 669 476 784 684 238 553 186 45 528 871 276 276 697 566 441 115 281 462 478 953 992 899 866 460 994 161 844 161 444 190 946 33 392 417 939 212 201 749 389 455 309 547 174 516 229 678 406 654 795 1 997 654 778 24 561 911 342 124 572 765 662 615 488 33 516 925 395 257 441 223 123 344 608 997 996 618 129 37 261 416 627 783 315 808 393 810 358 476 535 351 440 960 797 10 356 906 585 10 809 453 748 71 981 447 170 844 37 581 59 571 943 438 298 734 518 770 358 323 194 287 433 275 865 216 293 853 175 270 308 833 442 799 710 738 52 705 56 474 250 407 674 601 589 668 996 741 509 579 344 97 49 46 203 154 774 717 647 223 227 561 442 188 279 346 382 501 95 210 327 108 30 677 555 197 227 71 924 988 843 545 112
639
591 650 654 67 490 396 183 320 257 665 668 168 27 934 49 98 554 738 876 891 863 462 16 919 326 844 804 657 787 294 469 579 913 583 950 854 622 919 839 322 102 255 909 389 171 238 940 314 530 729 483 139 583 828 326 468 907 925 190 636 762 708 187 313 143 458 986 547 273 622 447 972 617 737 480 925 762 53 523 127 94 964 571 199 302 844 673 452 927 162 262 693 501 505 824 443 540 489 672 183 629 895 826 566 415 179 571 454 310 284 4 972 419 320 376 626 252 725 248 716 789 281 107 911 559 435 829 623 889 135 321 467 658 561 519 943 31 478 306 117 884 877 757 593 440 556 601 225 918 27 279 206 832 45 551 670 244 548 257 744 436 689 101 28 141 555 844 538 438 24 927 653 320 563 48 895 291 232 559 349 756 155 210 617 258 594 374 399 798 840 554 475 658 476 766 721 769 321 843 12 422 11 400 575 603 473 620 804 369 332 669 130 836 492 836 435 742 337 571 37 690 674 327 786 585 552 203 606 610 320 366 710 84 579 267 145 601 84 21 454 969 421 982 790 496 956 141 456 531 950 644 438 113 359 104 895 712 679 833 963 472 581 702 52 525 465 678 618 286 351 479 204 847 897 404 78 342 577 433 365 403 498 829 235 401 857 503 669 569 667 462 637 103 229 366 90 459 63 6 983 299 296 115 974 257 561 345 415 528 498 923 776 878 129 564 688 863 869 600 908 423 508 235 661 281 154 432 897 459 485 772 460 358 879 685 553 895 437 986 819 610 956 607 389 917 551 1000 824 7 402 162 484 179 23 60 746 914 8 183 979 511 36 486 720 309 200 413 635 495 256 533 191 445 815 478 391 129 429 85 283 40 462 612 322 502 140 630 845 109 421 652 261 886 227 714 784 378 186 32 60 724 217 450 676 39 462 708 117 137 677 225 175 923 43 886 639 848 820 824 157 700 953 617 121 767 282 560 274 995 119 251 944 822 155 559 314 232 417 782 145 981 993 76 69 51 848 202 436 513 522 600 998 46 826 921 368 781 98 198 506 277 820 388 751 369 51 493 493 229 960 880 617 668 570 100 897 681 743 355 719 775 934 214 121 273 121 654 376 61 699 698 402 508 80 172 473 493 156 280 256 633 863 818 297 763 64 980 844 369 703 689 148 326 732 123 133 944 35 58 409 410 830 330 735 566 148 170 149 86 595 698 573 238 778 505 371 590 42 567 849 899 941 245 911 606 224 388 219 427 286 768 133 383 795 710 629 653 328 310 5 123 78 886 857 637 17 506 252 707 238 333 826 428 235 567 241 285 981 110 523 516 698 670 6 446 54 300 96 446 211 690 384 999 367 136 283 994 66 725 826 57 363 425 965 278 806 626 606 821 305 582 135 430 495 172 652 219 313 869 395 798 886 846 847 863 853 521 428 932 777 98 627 23 727 500 250 937 227 964
274
586 900 241 442 978 449 614 438 371 104 360 203 321 533 734 799 859 897 298 766 208 836 489 797 94 70 215 382 570 639 742 105 788 621 325 855 659 106 839 865 115 791 30 981 98 283 299 724 932 75 935 525 228 871 919 689 925 935 77 524 621 551 495 98 984 601 27 33 204 988 81 110 93 811 42 818 119 847 237 763 223 146 592 250 234 301 602 703 270 898 649 664 942 700 797 568 887 558 402 513 667 353 633 399 932 269 345 609 991 853 963 73 928 40 508 627 722 473 720 417 258 844 946 62 473 914 563 374 650 684 918 485 530 892 614 22 804 187 951 954 341 900 419 981 819 667 710 984 666 222 712 775 619 941 265 552 916 728 171 806 868 319 250 494 552 613 95 936 936 168 180 167 910 191 212 145 644 193 81 425 234 903 711 828 47 531 488 293 329 388 671 906 929 802 588 324 524 960 287 655 320 218 960 964 845 521 746 956 592 673 265 750 925 332 124 769 175 275 226 869 960 762 768 595 246 706 799 492 226 751 268 997 365 353 904 166 890 48 214 985 303 370 814 333 856 946 549 771 393 404 960 244 572 828 643 578 981 239 101 283 594 303 293 163 773 309 485 488 931 50 457 86 692 655
701
507 662 112 507 304 603 998 843 734 709 952 263 837 862 424 977 492 579 664 7 910 758 74 190 419 590 168 290 176 259 779 381 979 257 570 786 809 212 254 731 387 498 989 940 709 19 710 802 222 463 707 754 75 516 393 261 495 860 707 823 676 25 784 95 677 551 488 761 688 389 36 982 137 664 522 561 104 162 58 59 887 430 376 349 828 860 424 217 391 94 445 301 694 551 593 358 990 781 715 940 645 150 892 100 251 315 962 685 208 358 670 419 109 222 484 435 424 164 382 449 967 944 902 713 52 414 93 500 66 773 703 34 813 653 373 555 804 428 225 604 625 882 168 88 281 903 140 824 416 727 989 674 213 278 720 947 611 997 816 669 791 62 128 764 193 589 357 130 318 599 288 254 979 122 252 497 797 551 403 220 753 868 537 441 304 838 392 515 958 326 800 523 441 106 930 914 295 481 605 128 490 552 969 46 54 270 157 651 199 769 655 646 569 936 372 991 190 304 660 850 944 907 67 196 717 662 711 41 170 517 99 749 312 913 749 461 981 526 549 935 931 298 295 48 885 623 654 841 386 83 436 399 25 228 720 227 979 996 191 643 994 276 34 379 425 869 423 443 863 288 181 598 424 256 992 320 427 738 903 840 954 570 538 434 251 500 525 723 687 403 893 142 596 594 36 927 750 65 309 310 361 931 976 243 593 309 991 654 772 748 114 279 428 343 700 289 381 996 620 423 885 859 572 504 67 268 705 469 283 651 251 814 359 290 662 540 596 841 342 945 853 434 731 491 442 28 865 710 422 536 87 481 640 229 660 449 570 847 59 735 606 148 366 632 496 368 177 812 596 47 653 786 658 470 891 150 777 289 15 867 624 14 625 382 947 234 463 275 265 788 824 795 498 583 452 406 394 235 996 949 902 829 927 620 924 787 106 310 352 577 44 89 865 17 623 672 532 992 395 103 506 684 238 709 279 457 999 630 616 912 927 133 127 71 903 391 434 160 112 453 625 836 613 760 459 951 455 607 371 76 485 264 792 60 208 23 678 724 656 567 197 507 887 386 815 13 17 810 118 871 129 607 28 827 133 166 441 895 139 361 808 292 985 459 630 322 519 155 403 359 328 730 930 297 419 900 311 125 787 625 933 410 209 435 976 312 162 396 308 821 588 523 669 4 18 581 165 388 673 119 165 931 79 553 915 6 226 1000 140 775 527 559 220 551 321 12 674 883 605 762 531 898 139 657 5 438 671 308 555 945 769 774 601 876 757 789 189 945 967 551 541 116 677 355 243 72 867 55 134 457 415 284 434 134 567 310 751 588 452 953 10 865 565 521 484 108 625 178 195 795 80 525 72 995 973 428 64 827 285 225 804 601 12 529 683 99 796 52 248 314 932 92 368 189 387 179 94 508 689 79 80 88 263 703 901 690 73 683 517 969 135 226 831 957 468 275 275 44 159 800 432 319 123 113 286 636 881 785 888 182 101 151 491 606 700 785 74 321 261 568 66 918 190 853 788 751 251 842 802 1 522 832 323 227 180 342 888 725 54 519 759 260 934 903 557 798 733 222 650 945 916 577 192 92 402 208 99 693 726 400 660
437
759 415 548 920 767 711 476 538 692 648 141 406 775 246 468 681 366 449 416 422 210 658 614 11 637 171 302 545 107 221 850 166 984 436 384 477 842 997 557 173 353 755 731 774 636 259 489 917 967 636 286 445 806 636 716 536 755 991 781 263 51 342 696 484 116 527 887 974 208 333 695 724 409 420 672 175 814 704 421 662 29 167 869 245 666 446 868 840 346 72 992 898 214 773 207 346 214 295 1000 53 538 83 356 865 519 859 818 451 890 239 906 272 556 700 432 266 568 594 738 294 742 409 706 443 376 538 846 698 572 346 551 909 506 15 394 924 615 892 180 766 845 844 671 630 370 898 559 151 979 477 723 716 175 652 264 379 949 235 269 760 826 408 761 774 181 735 601 545 295 487 996 484 174 776 108 199 351 634 543 792 264 429 94 865 44 177 181 843 949 710 626 241 231 922 300 406 465 17 595 398 184 46 682 850 533 311 693 228 843 874 84 274 202 282 143 893 646 802 301 763 989 545 106 581 274 142 32 652 653 565 83 328 254 607 150 567 725 980 322 627 192 746 860 435 706 330 547 579 69 665 169 521 325 864 550 58 551 827 752 239 160 323 21 130 949 182 171 200 946 191 763 428 392 58 235 123 181 855 547 253 595 324 818 130 282 747 952 690 503 539 921 873 523 404 960 875 208 694 584 381 452 64 901 859 471 639 820 203 651 798 197 502 967 341 745 542 97 353 146 782 505 865 496 97 961 176 663 324 752 67 79 249 961 48 138 691 323 440 455 867 803 256 566 707 894 762 408 281 844 734 803 750 523 192 111 714 853 500 804 546 868 808 248 880 587 234 856 286 699 473 50 486 369 960 348 663 340 348 427 59 785 207 469 189 941 102 141 106 836 574 434 340 415 902 572 204 78 704 594 466 549 410 598 215 998 923 694 853 15 696 856 757 886 928 64 186 911 571 861 821 270 48 611 219 769 557 383 885 385 738 128 354 142 18 635 44 789
437
746 757 483 377 156 909 308 413 641 33 310 591 152 918 636 182 329 588 948 969 15 21 26 539 34 948 52 300 445 207 918 391 722 515 204 410 726 506 346 142 407 193 176 183 538 800 25 971 26 965 191 429 922 828 173 15 210 605 613 808 946 681 808 78 991 337 88 267 241 173 606 720 551 774 553 934 924 781 750 122 169 941 208 954 632 271 629 784 513 216 969 273 256 438 346 589 804 677 593 941 530 830 921 950 254 295 104 594 21 400 578 955 17 49 903 300 169 148 854 941 974 947 661 289 696 348 639 664 199 403 929 452 578 40 547 151 410 603 301 785 57 186 86 805 151 721 264 781 724 688 675 190 870 636 153 799 78 342 417 361 498 746 552 582 244 570 308 870 341 965 440 113 525 648 535 425 809 582 776 93 639 195 358 890 851 201 244 167 599 492 776 144 399 820 335 966 417 715 871 780 500 404 894 993 354 268 314 207 631 641 724 484 937 581 859 965 234 665 50 187 147 532 890 920 98 623 224 30 195 26 706 162 470 957 433 258 681 757 115 907 596 40 395 102 826 737 767 189 661 174 224 464 222 427 92 999 295 349 621 569 905 705 931 622 612 849 107 50 774 962 254 433 754 767 788 638 710 959 499 694 121 966 466 948 206 15 653 218 977 636 325 866 380 166 53 909 992 474 580 97 241 334 816 521 673 176 558 225 795 442 997 378 834 15 300 272 696 723 746 260 885 64 757 750 456 322 55 831 845 872 1000 209 460 883 737 605 279 2 234 799 727 940 528 654 763 9 223 248 792 755 814 842 834 951 954 235 951 32 213 772 206 277 767 670 46 793 841 238 237 372 527 375 685 271 973 540 436 919 18 333 622 392 726 120 156 661 706 932 673 826 252 93 423 182 788 969 922 977 184 623 300 933 338 260 45 76 690 499 108 690 894 840 701 3 620 10 717 84 574 432 266 448 929 987 601 93 474 259 885 750 2 541 196 306 438 148 270
707
486 6 497 257 487 740 667 986 180 993 121 404 211 581 393 176 420 291 539 948 94 360 856 888 357 222 754 540 341 867 913 256 716 293 970 761 853 361 199 560 412 275 630 174 910 772 634 641 747 546 436 669 551 327 683 274 250 838 310 554 499 441 122 950 9 379 342 493 832 539 287 301 193 198 801 993 639 830 128 535 385 136 113 261 26 3 783 277 908 605 428 451 816 914 854 867 734 554 592 432 211 237 305 746 283 886 41 329 517 420 200 252 139 469 565 721 306 313 890 995 991 516 961 495 642 242 962 693 700 738 543 31 95 827 928 351 797 48 378 62 44 566 121 927 877 200 21 465 831 728 334 392 418 532 940 284 771 639 395 955 218 359 873 800 456 386 316 686 107 965 684 471 75 676 950 110 609 340 865 438 406 998 743 972 204 383 724 69 744 215 971 994 54 750 235 363 177 494 45 512 121 514 759 801 588 362 420 983 798 368 864 705 109 588 94 493 489 977 535 95 278 191 455 589 59 46 726 993 510 775 957 253 741 53 569 320 87 847 49 290 302 207 931 204 44 906 916 392 218 724 190 432 73 984 101 36 491 477 814 156 353 351 763 807 916 822 67 166 245 832 91 901 864 642 718 127 382 187 501 806 749 664 68 518 263 198 402 674 407 331 111 569 463 43 306 971 68 960 548 23 904 404 989 877 455 300 211 451 37 630 464 643 815 831 940 132 715 412 647 933 886 278 736 450 543 215 562 316 222 181 12 482 565 501 96 514 850 35 998 778 786 841 527 646 586 703 646 560 806 717 144 939 856 434 497 617 362 976 163 13 740 188 130 490 263 371 302 936 359 49 958 467 231 349 337 187 480 544 298 448 959 650 84 692 433 519 844 785 547 129 152 262 387 942 78 804 777 307 747 663 356 841 857 864 720 499 15 381 360 189 526 289 448 295 680 760 87 348 393 396 145 257 695 470 97 551 809 544 911 151 3 258 960 43 793 587 719 635 250 534 992 128 382 340 552 434 653 318 536 824 941 985 356 352 792 325 268 787 113 584 973 142 3 151 395 623 975 788 188 869 17 153 349 562 286 103 458 292 848 38 689 783 542 593 941 930 27 935 688 397 191 344 700 329 697 110 838 125 688 950 738 212 616 106 765 420 767 11 498 428 285 39 891 410 740 542 142 250 4 407 763 803 641 496 772 63 923 151 894 833 261 331 596 25 141 475 815 683 58 908 949 85 823 901 222 196 254 729 592 62 190 134 98 608 736 704 667 369 448 704 154 758 595 654 329 640 686 272 831 968 401 961 888 237 587 466 616 573 762 361 59 846 251 308 146 626 11 857 704 457 29 88 807 440 175 601 996 259 43 192 540 911 680 431 889 935 200 252 761 314 206 875 139 330 44 975 388 73 161 18 547 893 440 364 679 620 894 738 292 618 860 1000 973 687 364 615 453 815 152 73 68 199 33 235 274 4 70 126 900 428 349 452 618 541 980 434 455 438 946 810 62 837 558 374 175 157 901 68 988 160 85 523 180 970 902 132 637 128 290 237 706 71 551 721 836 480 660 143 15 386 185 978 806 989 882 549 707 998 645 29 185 173 711 47 611 949 894
522
49 155 913 335 102 83 857 654 796 382 254 757 962 961 280 713 116 721 59 797 907 956 729 367 656 811 974 598 857 804 57 578 260 995 437 191 115 385 433 17 733 272 311 429 617 616 81 324 170 603 426 613 624 597 732 948 708 645 719 133 802 260 865 589 684 706 412 480 421 879 490 317 129 264 399 977 572 192 465 534 920 743 634 568 838 7 948 941 344 163 103 123 987 725 387 289 912 559 232 360 203 784 124 633 622 38 791 125 31 979 39 845 369 979 173 955 525 522 878 280 325 862 242 150 281 237 263 300 269 106 464 653 676 743 903 642 232 144 298 708 509 835 877 939 264 978 284 107 71 853 584 177 362 106 144 308 454 69 70 151 827 180 440 962 360 963 297 889 26 480 960 840 251 837 887 861 998 485 667 897 880 269 803 152 256 148 657 386 150 586 874 197 88 307 230 151 827 60 520 976 716 386 108 822 426 873 994 308 694 923 176 897 727 671 132 882 13 497 793 94 557 624 339 568 80 355 269 462 126 228 397 793 650 468 754 182 548 102 826 928 39 91 479 882 516 442 31 667 980 589 994 883 64 367 327 166 872 603 202 18 252 38 499 9 86 45 157 31 590 415 681 9 133 574 612 778 657 962 95 324 39 252 280 315 315 343 223 639 288 534 359 283 13 756 837 688 694 340 931 163 591 871 166 733 832 660 172 830 32 576 681 667 965 615 147 913 232 235 194 570 159 101 541 857 76 840 745 652 803 179 618 754 371 59 68 929 870 889 483 797 750 576 471 45 839 632 258 849 508 804 640 571 280 81 384 254 79 521 829 366 507 905 571 924 161 818 707 276 35 468 445 90 595 859 27 219 759 368 869 345 421 349 76 283 1 597 790 146 658 308 66 263 147 403 879 971 728 333 804 797 84 592 887 855 647 913 978 371 426 108 681 597 286 11 503 817 891 642 856 782 113 344 428 950 950 264 484 594 618 507 778 706 546 596 549 871 367 331 429 560 16 638 525 450 77 13 448 288 520 279 329 793 820 671 273 660 308 886 191 903 744 571 461 907 953 580 766 931 244 535 551 594 116 707 304 64 951 268 281 188 800 309 915 754 799 298 39 851 312 823 914 75 652 282 119 69 637 935 950 865 401 802 556 923 436 983 3 681 653 779 810 685 509 456 979 654 902 672 949 698 335 326
634
312 121 248 732 615 379 766 902 238 305 989 546 578 123 270 53 412 704 137 609 125 691 163 27 139 798 169 603 351 2 792 780 877 815 476 537 108 831 962 374 393 646 238 86 968 508 16 943 488 343 489 683 124 279 352 794 773 794 381 886 305 355 182 577 569 897 822 78 793 62 125 490 539 713 30 666 937 378 492 851 25 712 312 342 181 441 983 693 102 436 99 84 506 824 436 87 198 878 153 260 859 394 135 952 19 465 686 1000 478 601 22 690 942 484 402 458 810 804 729 218 328 500 378 122 941 431 897 966 517 991 331 381 249 114 109 896 375 134 405 349 560 331 818 702 499 283 727 717 43 649 880 935 982 877 636 621 459 670 494 377 362 621 992 310 641 739 299 904 873 404 256 498 583 296 356 690 454 601 712 561 44 589 126 526 511 190 94 469 235 80 291 864 17 623 524 165 447 689 625 723 955 551 288 576 671 342 34 731 400 263 796 600 230 992 275 172 10 688 672 468 527 840 598 838 141 514 193 584 722 300 126 977 898 596 244 853 151 357 266 107 58 683 359 324 375 616 824 972 672 874 25 110 79 894 505 19 186 232 470 829 509 719 516 292 981 593 322 516 403 794 782 957 244 502 327 311 705 189 736 986 808 731 272 293 357 730 520 95 253 642 620 282 277 900 984 217 593 702 770 64 783 628 366 148 981 453 665 946 384 364 132 682 337 109 670 8 759 662 447 721 731 81 298 952 813 333 397 203 495 182 906 629 339 373 263 911 788 936 754 263 183 33 250 326 65 83 499 868 599 745 297 532 364 844 72 453 6 492 212 69 306 826 88 582 248 716 683 405 638 20 975 229 320 182 35 610 213 14 846 455 802 38 792 635 653 556 863 690 772 671 640 244 644 327 34 809 551 929 577 543 846 730 435 232 944 984 108 503 161 460 417 706 87 684 815 190 641 749 228 43 923 986 124 37 55 493 237 961 219 257 61 447 333 916 876 446 519 583 637 381 754 530 291 296 367 495 256 99 829 377 252 989 691 987 640 616 984 946 432 561 624 74 101 44 780 870 402 283 943 772 275 129 585 300 218 714 960 500 882 925 889 982 938 443 737 346 608 800 998 997 777 639 615 633 103 650 893 135 757 513 120 9 884 510 410 352 79 624 282 885 761 714 144 500 160 725 247 918 868 874 904 334 913 79 907 541 997 590 901 148 474 609 946 381 998 752 721 574 518 461 682 506 844 506 33 475 334 883 575 251 258 956 760 81 999 918 952 207 866 384 494 140 386 537 312 11 104 554 769 255 596 675 919 766 899 312 513 539 614 845 387 276 772 64 899 154 569 391 529 419 340 664 101 868 159 550 910 301 895 810 566 772 237 691 766 37 136 284 30 27 111 584 968 151 446 473 490 913 570 583 521 674 276 402 232 127 369 523 475 332 779 601 335 609
584
323 437 683 705 731 952 192 532 250 332 350 912 188 758 825 659 676 31 665 402 872 226 298 790 728 757 735 854 837 779 410 948 153 485 850 401 91 262 180 835 270 738 821 727 48 197 140 130 201 84 314 42 791 857 310 198 156 533 665 380 843 929 870 1 374 646 641 661 339 925 479 412 15 203 247 38 642 142 740 765 304 108 845 67 61 327 131 799 988 625 827 802 369 2 800 248 393 648 965 912 220 24 651 280 202 151 614 830 345 771 431 748 119 991 55 73 178 479 862 687 682 996 739 961 345 99 624 113 168 311 326 468 984 286 382 12 49 41 821 530 12 980 503 436 594 737 283 850 911 847 376 987 444 449 86 644 42 664 816 299 356 419 903 731 515 502 726 669 328 258 325 292 882 657 741 556 465 698 491 303 833 524 984 139 976 799 751 749 217 237 874 837 493 59 604 324 628 454 211 685 805 810 62 72 559 191 899 706 475 89 226 57 802 973 884 439 626 733 879 577 742 535 285 834 960 302 301 370 673 312 703 467 987 784 341 647 281 354 94 761 572 826 468 623 883 614 544 308 508 794 265 171 135 196 914 701 363 456 175 793 816 994 15 474 726 160 502 499 406 433 506 252 476 830 776 415 656 230 267 619 638 716 100 910 624 578 443 439 395 595 425 972 245 568 869 872 256 9 672 318 538 130 713 301 641 336 366 732 407 134 22 923 445 157 992 301 305 13 706 848 739 486 634 147 906 63 935 316 678 446 721 691 864 13 999 322 883 746 644 396 269 827 429 465 524 886 640 444 743 354 57 873 106 188 43 37 248 762 425 554 628 223 969 364 121 148 267 419 741 919 592 668 59 366 939 649 322 633 756 948 431 509 704 285 689 945 956 208 982 720 496 226 411 883 661 37 154 567 429 120 138 635 166 671 65 648 791 461 352 981 150 13 564 659 818 974 771 173 556 723 379 65 239 679 525 295 439 764 307 789 403 929 855 420 845 467 792 43 781 395 637 300 700 459 277 115 680 20 461 895 880 248 659 197 229 256 826 112 700 459 199 729 198 479 615 501 97 465 437 261 335 381 439 12 754 132 267 507 192 937 402 318 309 37 717 382 568 566 156 995 482 82 67 115 491 77 297 437 918 642 11 135 808 227 653 584 446 65 424 406 204 642 396 345 309 366 750 1 947 736 866 665 977 267 149 828 139 912 832 369 321 989 577 823 170 564 773 769 618 53 606 136 283 383 551 759 254 293 985 639 319 779 700 636 188 859 78 682 712 60 338 202 755 566 303 948 346 802 292 822 474 49 17 756 536 35 367 454 253 301 11 591 924 317
56
194 655 961 59 202 737 392 474 555 142 288 477 501 260 523 414 833 84 660 140 509 658 423 290 281 753 376 954 998 203 91 351 507 752 394 773 902 449 490 472 345 140 35 499 494 190 613 608 285 738 419 182 753 459 574 42
517
408 867 732 609 9 146 225 764 847 991 366 5 352 797 730 371 267 810 620 744 204 317 718 5 655 830 91 53 912 948 527 140 529 939 956 294 222 202 838 136 309 393 409 814 819 359 633 4 423 706 569 482 437 140 116 161 574 362 248 72 559 139 953 344 73 272 408 995 154 127 736 308 373 291 409 190 698 966 845 470 48 900 127 598 23 720 488 835 947 422 967 464 331 220 317 741 174 957 504 298 428 81 490 656 72 481 347 264 516 405 532 934 64 485 520 875 840 132 711 411 522 237 505 889 114 272 31 880 909 796 720 937 351 772 271 52 755 87 853 961 223 762 209 329 55 512 882 382 656 657 401 592 430 300 673 768 569 507 987 365 159 132 468 138 433 435 449 973 784 514 708 262 162 271 552 799 371 201 966 602 684 72 201 599 829 308 191 949 517 180 748 1 565 145 394 156 801 961 887 938 183 818 367 146 520 867 679 412 197 268 650 199 143 341 603 740 62 355 956 590 125 417 848 807 504 669 324 440 68 817 365 73 229 790 720 610 947 739 739 806 649 950 236 346 957 510 549 201 231 41 907 284 395 906 293 865 126 537 395 756 409 413 93 184 991 395 566 515 421 590 689 297 278 312 245 733 379 12 486 238 228 962 448 821 909 395 257 279 574 887 270 103 994 406 756 357 332 807 11 302 382 818 22 127 333 994 456 981 740 754 137 465 490 227 893 133 198 5 280 477 452 708 236 471 784 823 1 836 92 962 855 522 782 570 54 190 948 227 783 435 497 127 786 676 154 953 150 645 939 158 627 968 341 118 955 716 585 281 710 800 80 551 979 177 166 562 544 971 467 472 678 171 662 77 170 871 813 218 594 283 626 566 765 550 984 811 902 890 36 643 496 280 947 120 750 841 586 985 633 660 446 68 684 712 751 958 94 89 833 73 845 574 726 411 990 972 888 282 107 430 34 592 517 20 885 971 109 914 88 787 809 665 526 640 488 507 186 479 403 243 222 465 669 116 183 608 565 240 589 656 98 911 199 119 683 263 836 689 729 935 166 592 516 437 164 151 452 866 539 864 243 308 493 255 660 564 819 233 54 930 411 909 952 208 752 61 340 909 927 405 434 445 668 982 734 6 545 768 817 763 157 589 359 311 457 217 877 958 119 596 620 885 780 548 579 282 71
961
407 933 157 161 891 73 462 66 647 785 723 383 165 896 303 267 730 905 572 334 318 875 72 629 961 710 879 466 608 663 337 838 579 964 580 922 633 418 211 436 572 852 589 459 752 193 124 378 827 897 191 599 589 285 79 218 135 295 265 277 503 931 292 426 281 340 759 417 980 409 519 435 267 717 187 326 391 749 391 531 230 485 647 930 715 19 84 538 756 587 654 695 647 700 542 839 764 265 125 768 814 919 177 683 194 450 596 207 734 624 914 29 646 855 860 518 493 293 15 871 137 472 582 680 511 999 889 87 556 855 250 898 26 997 233 213 958 871 252 570 541 31 911 177 654 538 550 736 382 252 818 394 229 782 292 247 616 471 962 403 641 743 285 692 985 716 794 906 617 236 319 748 845 729 599 507 989 427 287 500 110 459 952 652 152 694 735 969 96 2 253 721 786 676 476 624 639 775 215 735 207 602 863 32 655 586 173 770 345 666 738 118 635 991 635 234 362 166 328 315 549 498 412 194 12 579 138 310 371 472 837 944 945 909 85 818 646 860 494 930 123 722 206 739 957 310 72 523 327 930 488 58 592 140 721 143 286 132 281 148 325 538 308 770 482 117 811 552 640 757 561 791 276 779 251 402 847 343 420 721 67 207 392 154 730 951 301 276 907 25 188 370 124 708 66 281 410 948 390 796 688 149 782 625 347 353 991 281 318 28 87 383 20 498 25 349 985 704 350 504 593 472 268 168 823 97 496 459 704 796 713 674 739 331 181 182 319 911 981 926 310 488 863 779 453 584 927 112 677 295 208 706 29 910 453 44 291 773 305 523 85 296 510 813 839 420 544 549 301 218 455 459 250 213 883 619 424 593 400 467 507 41 824 822 202 100 319 201 843 552 32 788 416 279 844 492 221 678 70 892 797 42 117 54 627 710 826 569 867 134 745 798 471 64 247 72 699 513 625 647 833 490 945 412 47 587 164 272 571 121 188 805 87 196 638 75 510 62 824 404 361 645 466 616 837 794 222 933 820 943 324 514 353 551 528 521 207 317 135 961 371 698 827 659 927 980 363 278 229 284 513 873 553 933 83 790 616 330 100 296 444 604 193 778 938 139 115 995 79 113 411 427 74 79 49 714 556 188 139 695 820 779 927 100 831 299 599 195 687 102 752 184 500 746 126 65 912 352 269 158 380 31 57 764 984 818 840 777 781 141 343 333 616 384 934 108 157 166 486 326 434 590 583 243 253 197 158 447 322 517 428 222 402 402 145 471 883 631 30 865 932 279 532 515 559 576 580 240 881 319 317 787 182 842 520 765 685 26 201 207 995 630 417 195 324 46 806 713 212 951 558 235 786 680 316 310 572 460 101 517 454 998 676 309 743 134 830 819 273 311 481 540 344 196 640 564 688 570 5 271 880 118 809 325 266 606 999 34 991 503 5 936 839 228 240 139 599 146 254 120 758 24 561 116 547 427 306 266 712 320 129 482 93 587 528 289 870 840 370 990 756 441 295 420 763 361 136 160 589 84 640 895 125 312 757 804 641 767 122 100 146 222 287 197 319 565 368 16 184 963 777 569 887 894 601 220 615 12 850 531 705 106 665 140 789 981 265 380 996 242 310 705 154 802 344 11 14 116 263 60 36 997 879 120 533 956 463 511 252 580 462 37 807 234 434 732 814 129 75 493 854 641 61 163 8 743 782 460 95 638 499 421 3 419 57 343 544 343 131 736 678 134 370 896 556 362 933 424 174 265 51 250 266 127 947 839 571 487 82 841 552 732 996 444 497 868 238 840 374 759 200 880 922 510 162 135 36 963 460 799 593 990 278 181 31 58 536 466 430 500 990 176 193 964 144 773 808 112 928 718 926 306 829 771 943 703 376 678 879 871 646 60 424 601 862 444 405 644 280 395 684 922 336 357 508 410 979 77 224 211 32 83 97 920 66 705 586 719 470 395 236 743 920 381 331 805 113 577 837 684 185 651 296 618 586 987 180 801 369 542 622 356 619 457 582 37 270 599 393 163 190 744 96 493 248 797 249 520 226 410 572 444 276 59 408 633 471 806 475 114 570 611 632 427 55 782 94 34 634 782 482 734 547 815 958 574 350 147 997 955 220 976 568 46 374 752 516 864 241 64 220 576 294 74 350 545 250 9 968 655 508 780 49 101 495 152 542 891 801 158 480
879
481 456 953 506 702 507 259 894 86 795 80 683 43 86 216 807 443 495 282 971 747 193 626 286 110 618 244 601 194 144 218 189 929 924 847 681 814 416 324 971 423 744 372 967 329 182 649 101 13 140 572 14 279 233 301 340 759 61 662 40 287 179 554 327 45 625 304 319 676 169 563 483 471 807 208 117 579 185 336 481 566 850 685 641 968 284 474 738 2 175 618 630 75 504 644 247 240 606 253 883 917 96 578 188 670 371 317 359 514 302 694 543 652 897 974 324 696 18 121 297 544 186 234 69 928 278 739 849 52 951 355 898 905 902 417 325 901 486 151 208 352 36 677 705 758 822 990 185 683 260 742 767 650 652 72 602 807 386 505 927 116 447 128 776 744 727 986 964 278 866 715 357 914 332 534 511 257 652 587 129 987 519 679 846 923 667 710 114 89 59 970 940 10 826 796 569 581 982 40 148 663 611 197 32 654 569 615 300 77 814 284 925 436 757 298 489 832 709 765 201 7 15 54 747 136 739 754 277 421 572 963 186 668 555 765 619 970 108 181 786 699 943 530 562 184 77 310 726 379 495 53 185 689 772 832 767 119 551 350 711 804 219 237 982 891 215 374 133 433 92 245 878 221 581 442 21 92 903 891 754 193 545 395 793 963 790 311 267 635 466 826 434 473 434 608 922 762 362 204 855 950 500 684 279 168 123 448 256 753 806 34 161 941 322 124 953 373 367 559 952 586 783 582 485 244 139 835 999 221 871 511 584 857 871 627 762 439 614 670 269 480 737 432 12 11 175 855 107 148 423 111 771 522 305 747 403 563 499 847 1000 589 250 491 723 857 886 472 143 449 129 287 305 762 646 718 638 206 916 291 889 212 720 764 222 126 803 554 439 190 964 85 806 666 253 371 431 767 395 582 732 994 75 979 574 311 446 460 30 350 352 225 985 134 975 646 209 886 31 11 845 294 795 525 799 639 654 427 361 937 479 928 784 166 145 558 521 97 569 887 456 638 938 981 83 79 82 361 393 630 742 454 361 156 474 650 806 306 245 998 38 394 493 433 718 760 577 635 467 749 209 377 232 767 410 282 524 368 228 435 613 243 465 371 248 993 250 620 819 592 854 777 482 93 302 172 382 770 533 57 795 521 273 809 786 888 340 81 802 678 356 303 989 584 465 195 474 86 582 667 371 528 908 532 820 484 908 19 795 568 502 952 445 311 656 371 282 462 849 339 977 7 772 33 162 475 238 998 157 701 758 390 12 93 998 56 535 391 861 486 883 301 274 353 233 743 548 209 87 37 686 605 529 677 859 563 154 440 346 311 169 866 855 485 36 926 493 560 351 910 993 309 87 709 954 879 114 113 166 672 816 892 938 580 490 24 121 248 765 792 458 474 246 914 33 814 836 32 908 106 734 883 646 807 644 317 533 146 828 243 168 470 472 846 575 909 742 829 744 9 183 551 490 536 675 58 985 248 567 682 722 429 841 547 213 908 420 205 242 459 514 749 709 868 181 522 256 746 142 397 152 638 67 137 262 517 534 820 453 13 844 556 447 560 52 83 345 782 729 915 541 282 688 320 534 877 447 140 49 4 171 23 222 676 663 233 322 186 509 668 500 201 582 110 82 126 346 78 633 621 83 767 376 870 827 710 193 463 353 562 760 368 862 373 376 860 616 936 274 123 631 891 632 414 716 12 982 429 192 421 634 254 922 124 177 140 219 550 34 168 94 715 575 377 776 934 182 859 135 208 775 395 701 438 844 510 695 398 108 303 93 358 947 340 808 563 233 684 404 285 809 413 908 887 811 707 585 848 269 630 377 895 829 475 455 964 155 527 29 27 737 35 281 663 623 133 571 929 605 434 123 437 745 523 72 50 135 895 718 568 302 259 72 464 552 284 198 525 311 588 301 456 935 589 831 137 466 839 249 551 804 434 958 382 727 961 390 974 848 595 353 679 849 628 819 548 509 555 867 736 983 392 563 310 576 475 442 127 3 740
628
835 506 906 767 855 41 529 65 671 192 363 850 837 948 209 54 145 596 199 131 806 795 608 577 170 426 160 793 202 211 191 272 612 230 659 861 385 913 399 18 934 285 822 449 990 883 454 49 874 246 701 519 110 679 635 310 478 335 249 55 336 334 947 404 39 174 863 249 239 840 972 584 665 453 809 585 31 941 478 745 754 945 133 449 68 426 603 508 926 972 952 545 746 478 205 773 384 983 290 122 502 682 875 524 911 825 635 709 201 492 684 492 734 425 68 703 101 875 300 821 556 839 150 852 981 890 384 495 681 361 38 732 789 946 294 376 943 661 912 471 425 870 133 775 347 154 507 975 908 325 644 973 447 800 311 110 310 489 349 201 347 251 668 272 289 262 913 588 358 778 986 916 80 224 69 850 988 316 813 683 46 604 487 164 74 721 708 466 439 152 166 219 46 582 989 768 499 222 561 378 170 923 239 604 912 188 912 460 119 458 635 503 468 100 651 662 894 128 257 440 736 279 607 423 494 333 216 221 714 846 1 225 634 472 718 592 627 508 151 947 123 758 677 634 106 56 76 424 502 337 624 221 692 47 280 461 391 260 497 382 169 829 123 586 803 589 202 918 761 212 986 961 55 292 444 233 870 842 713 698 260 135 262 350 34 565 485 166 463 229 702 583 495 208 258 988 275 300 155 595 574 96 399 142 834 923 572 173 806 550 939 451 713 436 441 281 239 911 318 705 435 507 778 545 604 101 752 374 540 602 874 222 950 723 173 573 726 648 926 703 993 49 490 757 674 834 727 881 813 266 102 584 342 66 969 578 291 137 817 283 509 527 709 855 357 518 609 661 889 713 762 226 156 731 818 401 571 844 957 565 862 862 328 949 950 739 209 420 349 420 473 930 704 337 69 382 667 319 809 274 494 634 751 988 495 603 502 311 767 370 26 587 167 966 653 401 627 866 331 592 722 634 755 96 139 744 647 421 585 937 157 59 626 723 375 654 631 383 489 512 100 110 282 122 780 184 123 425 918 390 352 432 984 714 563 998 54 663 308 416 645 746 4 405 644 59 444 107 254 443 451 262 982 124 957 753 867 455 382 516 89 7 861 634 200 466 167 750 872 495 205 892 962 39 505 663 56 11 873 428 490 447 803 999 629 237 384 261 283 688 4 528 633 142 636 983 889 678 438 455 494 1000 44 52 625 737 512 76 999 232 182 513 314 91 706 922 672 450 318 765 840 299 764 491 565 56 772 981 70 306 403 29 672 95 951 704 547 454 405 130 176 227 463 218 609 918 917 622 681 45 898 647 52 403 296 757 207 532 293 921 216 898 868 786 377 412 413 63 926 910 427 79 802 24 999 277 802 693 713 244 421 510 542 110 440 377 638 756 5 318 191 590 643 35 822 49 916 329 551 502 222 459 245 366 826 163 760 791
765
513 807 984 283 439 950 946 665 428 289 268 85 782 454 160 521 716 374 700 9 463 880 982 359 789 887 72 67 716 406 169 107 429 596 358 507 300 29 943 162 418 586 377 523 306 667 362 953 860 629 675 352 33 766 249 497 72 911 819 276 997 513 727 16 979 335 624 20 915 982 779 751 844 10 9 384 765 459 840 434 201 93 99 761 936 895 670 912 797 854 544 558 103 537 79 47 378 968 462 579 118 912 609 846 136 322 183 511 459 37 658 611 428 876 617 990 513 550 993 22 180 275 51 415 674 742 49 927 928 983 692 572 855 61 966 869 630 720 322 919 775 734 495 868 812 794 319 397 158 376 915 240 170 363 361 754 981 518 502 513 949 293 185 650 298 460 836 952 698 909 999 330 26 32 463 603 9 428 352 446 894 44 820 801 746 684 308 928 202 131 212 336 27 184 446 619 257 441 871 695 66 671 623 71 679 702 10 814 231 424 95 1 318 483 433 211 713 394 841 55 884 656 58 107 746 922 500 840 441 904 708 140 745 869 736 169 437 240 132 416 766 964 296 859 633 855 65 719 595 517 570 966 186 891 216 831 222 657 257 719 466 551 40 960 589 88 787 318 260 630 498 251 603 618 802 850 880 566 288 327 726 459 336 36 787 574 731 341 833 296 679 161 272 620 815 127 678 736 601 576 44 196 202 151 863 763 729 173 642 355 188 761 725 860 729 366 376 361 540 116 384 245 211 514 247 465 82 281 929 333 471 537 251 216 481 36 7 321 976 859 560 608 39 504 850 464 750 423 160 769 522 19 928 438 780 522 78 631 174 998 803 75 240 359 694 210 930 629 967 163 381 888 228 853 639 568 563 432 837 652 566 469 877 998 999 866 307 899 175 184 79 266 840 479 823 285 664 525 564 212 293 507 233 638 157 807 678 350 680 32 982 314 834 652 685 862 784 604 784 333 27 694 362 598 746 953 664 89 719 651 1000 816 500 277 1 608 24 851 866 339 980 254 199 458 5 249 395 381 83 788 959 815 97 425 497 609 248 944 309 489 809 819 259 593 21 284 346 821 763 570 980 494 338 253 290 476 166 716 354 717 365 551 226 799 702 548 645 861 340 354 94 5 94 127 246 253 154 851 129 895 857 936 614 549 741 387 993 849 732 967 738 908 908 469 637 793 772 285 848 499 633 971 769 898 128 534 116 334 487 956 410 894 447 651 445 805 776 669 190 600 656 883 306 124 984 128 77 370 318 811 746 887 797 123 349 452 938 930 830 560 916 697 386 504 85 298 938 837 849 611 302 621 291 517 279 301 417 764 566 257 471 983 160 907 411 47 969 57 388 823 642 401 560 583 671 141 652 270 179 745 450 115 647 249 137 440 667 465 771 107 921 242 133 644 477 532 667 234 344 500 460 974 290 32 776 488 700 184 675 673 211 457 470 7 262 95 680 214 705 743 178 354 652 866 888 940 227 417 361 494 115 829 718 780 760 631 975 737 220 23 631 625 730 668 479 712 694 773 619 441 743 73 950 472 964 280 573 771 30 102 856 748 816 540 132 511 601 128 968 371 581 126 638 492 418 636 215 945 231 375 550 890 490 44 945 608 256 788 917 24 512 835 122 378 64 508 945 100 197 518 214 527 781 510 858 372 698 638 614 981 767 51 817 308 432 591 337 399 226 520 147 906 489 216 462 829 662 37 309 573 466 992 90 982 472 969 259 425 968 725 994 802 154 995 792
717
311 908 25 365 240 361 895 694 608 76 276 27 761 75 69 89 954 984 946 536 98 842 672 564 982 730 399 516 99 320 614 170 208 111 179 545 716 841 991 250 683 117 973 609 856 656 801 269 780 575 239 300 893 887 99 149 289 951 203 597 604 59 670 779 899 587 293 439 163 999 707 802 215 415 433 496 370 38 868 136 106 754 149 677 442 988 93 215 494 408 910 52 840 430 546 573 241 801 525 711 394 966 630 404 878 941 766 667 172 15 862 422 923 370 63 601 335 479 510 368 920 299 5 839 700 151 215 67 844 779 915 45 285 632 718 788 839 88 580 141 38 231 255 890 211 804 67 288 730 517 974 288 728 900 358 221 599 477 667 66 157 68 497 952 559 909 289 981 524 121 37 396 86 956 162 678 802 119 16 154 257 722 964 56 882 889 456 278 11 996 144 70 641 7 516 412 510 349 36 349 488 726 924 876 653 844 584 985 546 653 892 341 635 190 348 166 814 898 473 870 146 648 261 845 5 391 245 184 930 928 802 91 940 512 565 56 246 212 994 357 319 558 397 410 536 920 951 853 676 981 33 716 688 58 92 185 198 908 404 329 148 822 144 762 840 857 811 21 492 451 416 44 503 301 898 966 717 845 531 65 225 637 742 652 757 671 198 819 145 610 370 900 661 468 369 206 265 921 931 232 133 19 506 6 988 124 199 733 477 811 873 471 485 790 800 453 839 978 444 711 835 712 64 867 773 890 122 330 979 471 156 847 202 999 48 603 202 274 917 652 942 751 935 960 328 738 484 619 370 852 279 705 848 981 506 802 895 659 545 142 628 353 205 955 5 48 573 6 438 542 996 138 452 777 495 708 502 329 89 636 699 5 507 391 816 647 549 998 790 597 804 135 42 308 963 731 4 891 276 710 668 679 985 712 768 674 563 393 72 709 427 78 958 721 539 304 224 344 528 18 921 786 27 240 496 233 401 146 218 706 252 576 82 296 187 671 308 503 138 302 638 731 836 576 138 887 111 518 576 397 507 201 207 795 535 857 551 495 758 452 89 254 187 814 411 429 598 171 712 700 311 485 359 27 595 600 578 106 879 247 425 163 165 903 554 599 173 558 774 623 799 974 177 517 330 797 32 760 929 270 977 408 748 263 658 893 43 672 254 478 304 402 257 44 555 356 908 123 473 531 417 446 226 992 104 596 299 915 414 545 855 497 522 375 369 704 747 863 879 962 661 889 811 494 349 912 823 172 777 686 128 732 274 32 797 570 497 742 989 441 63 227 141 683 663 578 933 505 579 471 638 602 833 924 477 830 818 579 938 488 618 563 592 603 131 518 126 441 73 629 951 468 582 251 131 527 826 183 162 452 466 521 250 813 807 316 80 3 511 362 97 594 300 314 133 899 294 515 420 287 37 24 986 291 893 370 984 87 155 597 505 507 274 662 601 725 396 820 698 613 803 557 455 482 54 53 298 510 489 312 677 449 770 984 912 454 721 292 440 68 115 726 192 826 848 425 436 229 86 21 53 862 152 476 607 643 526 645 331 773 157 643 796 496 1 40 118 911 245 518 728 100 114 31 349 425 839 723 626 704 140 958 561 253 906 896 518 611 405 948 357 694 779 320 654 914 383
514
833 615 233 903 798 277 555 134 858 793 956 700 96 774 651 925 810 850 730 925 304 968 886 142 928 105 647 579 969 814 366 353 696 554 804 488 529 981 131 595 684 392 957 395 554 944 779 880 207 751 424 262 363 356 491 337 730 687 862 987 889 174 978 769 15 648 771 414 863 582 392 262 450 56 814 855 658 810 938 749 697 826 407 716 4 667 535 947 101 294 123 453 52 228 651 726 530 533 145 292 690 498 944 684 1000 125 335 233 221 909 652 815 52 337 34 570 602 616 655 354 973 126 432 354 366 418 117 169 501 336 835 552 159 446 815 505 666 249 731 381 331 505 898 527 90 158 265 890 48 725 102 654 252 867 251 379 603 700 848 246 976 782 218 196 537 387 364 178 970 486 953 874 299 346 559 133 721 433 71 25 153 858 49 130 470 880 965 882 976 151 242 111 619 396 692 615 168 656 746 453 657 809 29 666 683 579 924 65 506 325 83 833 148 91 307 583 162 166 760 528 821 809 358 320 789 536 23 220 28 809 534 238 846 495 776 218 431 299 841 935 465 817 261 923 728 795 11 161 617 217 548 709 515 573 777 733 836 533 325 143 409 998 530 473 339 71 705 246 140 839 791 198 28 458 549 209 632 183 521 978 824 348 769 634 714 868 910 906 97 223 150 618 567 958 203 991 901 192 190 711 831 998 395 303 280 45 744 190 933 759 81 575 517 147 141 104 525 650 28 128 907 566 712 457 802 362 384 633 144 462 747 380 642 972 123 564 847 43 659 302 543 554 516 878 520 68 156 751 311 666 271 875 693 888 23 465 429 273 677 283 75 524 811 368 742 516 614 879 254 416 425 423 683 894 143 130 322 248 146 456 798 265 508 743 707 867 997 461 674 589 680 500 309 913 355 312 525 694 675 644 941 927 664 559 357 633 327 815 542 5 685 110 126 568 894 881 195 845 717 180 906 980 748 645 68 1000 7 670 834 199 936 949 800 252 462 111 873 473 48 368 991 654 172 660 103 140 670 205 396 731 321 30 610 270 196 873 279 500 597 256 310 700 961 124 768 633 836 125 345 581 586 427 199 523 789 762 864 843 643 999 500 885 155 63 388 277 489 761 505 476 155 86 578 482 590 392 819 758 436 340 348 548 213 107 262 805 68 127 613 204 725 649 567 947
444
113 484 978 196 96 691 449 653 285 295 465 135 978 15 982 502 86 10 869 921 711 142 855 130 261 868 493 271 397 925 703 560 869 845 1000 673 691 760 762 718 317 440 206 502 220 661 93 698 685 86 405 832 347 650 299 915 618 484 442 559 984 254 308 649 110 90 902 729 1000 157 797 944 899 648 746 924 482 486 474 760 797 914 351 288 445 924 613 719 629 552 774 314 626 782 331 846 303 986 628 200 9 734 407 140 595 34 614 615 426 626 997 463 64 708 773 391 761 693 820 615 182 875 471 652 891 749 814 249 323 505 452 47 327 42 132 298 332 44 723 52 805 280 571 432 123 164 18 958 949 997 479 237 316 251 580 565 733 292 498 775 440 566 914 528 203 838 116 324 137 191 390 312 186 630 201 768 689 950 332 760 150 657 508 10 230 480 58 747 60 776 866 101 902 748 673 731 888 842 118 490 171 662 935 541 81 266 920 620 115 39 164 65 239 977 896 654 844 335 695 938 758 701 374 344 770 549 240 443 432 995 692 352 930 559 50 844 996 211 525 266 563 843 917 103 21 805 399 760 872 582 267 252 836 952 639 427 822 656 240 794 408 772 428 281 845 124 991 121 394 445 936 698 115 250 46 418 337 129 14 769 916 675 484 619 59 343 713 434 123 946 453 263 337 997 339 619 684 825 554 368 347 430 57 906 439 995 690 271 605 706 999 881 810 44 84 65 169 921 145 239 191 294 961 535 191 737 526 949 610 459 625 702 900 172 109 679 983 641 518 937 78 662 648 475 711 986 236 184 861 464 207 340 484 843 702 606 185 811 209 824 18 218 338 189 353 575 346 408 300 807 231 735 561 299 80 303 90 671 157 309 138 902 749 835 631 576 807 19 371 580 344 665 715 689 577 564 635 215 726 471 819 338 684 187 244 220 181 772 841 890 805 610 425 369 432 857 782 559 515 717 662 367 632 852 75 776 634 676 152 552 778 815 473 249 235 743 304 8 444 151 910 652 684 100
295
669 301 461 651 382 527 727 624 958 678 256 161 754 913 719 664 691 410 912 60 764 68 938 632 529 343 230 800 357 149 717 881 916 608 510 906 273 482 772 573 563 142 539 830 122 995 196 56 655 300 896 257 147 910 711 315 430 10 992 174 286 440 964 326 459 979 704 777 415 345 527 733 387 148 790 160 877 202 562 34 847 873 350 592 505 533 205 924 375 966 60 464 797 225 162 899 621 671 539 307 752 901 683 670 374 429 405 458 337 988 945 289 792 974 499 259 449 127 421 530 495 938 443 403 361 171 179 511 632 737 268 415 911 710 487 815 945 765 595 542 63 727 829 551 328 201 480 957 850 379 870 47 517 210 342 691 937 584 527 332 613 749 741 516 417 63 492 359 326 543 156 972 621 871 524 329 145 288 399 296 723 256 417 51 650 508 942 411 701 798 170 350 902 614 681 137 503 791 789 988 566 115 523 319 149 528 952 791 180 93 457 906 796 925 421 671 214 681 755 439 741 673 552 21 873 535 112 254 257 718 693 483 275 105 407 331 975 75 939 206 859 708 614 439 372 142 109 717 725 546 829 850 973 603 513 265 704 566 749 239 831 50 786 610 432 782 773 190 397 93 231 693 879 891 776 356 548 285 487 701 890 322 951 920 861 734 666 21 317 463 281 950 644 79 455
536
30 234 660 891 408 4 579 810 170 2 693 395 306 14 646 717 897 646 45 722 673 213 63 398 282 313 438 362 815 504 599 460 82 173 948 74 996 334 748 904 626 108 135 913 429 433 946 43 439 656 874 39 561 654 593 187 327 408 279 223 658 253 94 42 91 432 128 681 255 774 643 740 270 503 1 538 993 371 199 334 726 862 589 615 629 236 843 409 473 684 583 504 54 989 433 793 768 752 316 561 145 524 497 445 801 686 144 809 555 377 638 430 600 24 652 66 803 291 748 465 957 825 696 118 58 780 118 997 760 631 602 756 663 133 225 757 240 876 537 185 57 450 754 15 305 140 755 709 460 614 450 736 924 61 319 66 776 289 633 254 759 300 962 389 198 409 986 713 318 901 704 758 945 52 59 730 286 546 432 737 841 983 307 298 760 694 526 178 146 165 888 571 190 428 437 651 804 820 295 663 170 456 361 1000 235 310 233 246 515 275 509 680 433 42 796 224 51 489 67 511 344 58 820 534 282 529 901 609 280 544 721 397 36 362 796 605 484 481 649 843 641 590 169 647 491 557 120 798 478 932 377 498 219 583 332 415 756 390 834 964 875 541 342 102 682 180 136 99 288 78 189 650 621 475 107 859 498 360 243 285 82 224 917 590 639 338 774 332 433 642 126 210 784 759 400 764 261 723 217 591 417 294 13 705 639 998 395 139 410 648 82 81 537 571 724 109 772 371 386 537 906 812 937 914 534 535 178 904 652 678 69 88 685 848 689 894 444 585 935 27 288 367 941 753 887 367 801 106 558 714 62 8 385 921 836 282 244 99 156 364 518 487 80 733 27 977 587 380 479 179 992 630 750 529 177 960 758 599 511 772 884 82 159 434 968 27 965 562 598 348 152 716 758 3 190 808 525 475 955 825 356 32 460 657 415 226 668 740 725 489 10 991 863 35 76 395 161 508 420 441 475 963 155 261 503 127 523 460 964 940 98 480 264 280 608 150 83 566 654 118 434 136 316 292 445 701 889 755 501 625 758 966 136 59 388 121 891 634 217 427 134 448 397 930 951 726 568 777 932 251 446 414 976 798 581 744 846 851 868 704 267 70 603 51 143 655 641 938 989 67 40 574 153 96 355 361 908 150 62 56 428 904 188 689 543 362 883 142 519 255 914 173 571 740 973 987 10 837 999 996 215 142 971 269 720 182 994 535 932 450 178 89 657 771 888 131
512
742 880 817 757 998 261 786 420 879 847 581 300 956 11 115 880 493 245 914 845 213 674 833 240 986 101 66 135 392 130 561 654 275 862 69 635 581 993 287 359 521 28 766 681 915 981 761 916 953 40 233 500 804 606 101 492 234 39 781 547 963 759 780 437 649 628 972 287 205 535 388 978 946 823 151 728 198 761 534 463 842 711 511 883 55 661 550 188 724 169 102 455 230 94 722 595 309 240 368 405 590 217 674 916 599 486 139 848 878 87 130 608 283 118 978 315 835 370 4 287 681 584 29 659 180 412 166 406 944 454 1 68 182 621 157 936 95 78 776 928 769 675 143 569 138 573 469 599 764 255 343 96 358 128 456 560 307 536 5 115 249 641 516 967 323 246 953 914 170 992 129 661 109 823 345 642 587 55 638 961 905 17 115 428 753 627 41 352 955 233 173 202 865 408 186 179 942 643 743 768 956 972 668 198 987 883 402 288 242 132 540 608 752 859 395 533 884 539 488 583 998 911 104 786 616 109 896 288 802 828 309 621 462 244 605 942 62 846 703 966 411 751 767 455 214 916 219 982 603 518 621 849 405 518 157 79 252 872 454 818 684 466 918 207 510 863 395 583 152 292 652 722 861 849 281 432 9 395 225 976 748 834 448 66 873 596 320 488 854 56 570 346 785 645 17 378 145 232 355 452 106 418 117 533 202 455 256 362 417 555 291 167 189 363 737 342 307 975 99 196 25 731 236 788 73 813 473 499 632 506 739 827 303 801 404 416 792 70 881 197 765 826 267 784 648 75 372 588 460 570 804 100 438 194 386 867 697 640 397 168 583 609 727 437 721 584 204 662 594 216 136 175 482 573 574 67 486 474 677 655 364 616 118 973 688 873 576 525 427 201 60 788 564 154 217 591 381 514 625 323 102 772 218 501 304 712 760 773 398 944 806 845 78 71 518 914 180 524 226 334 469 463 303 460 838 910 691 116 576 146 909 605 31 19 62 347 347 722 589 389 195 74 253 935 7 666 621 584 987 213 149 361 533 172 409 904 199 492 922 236 149 491 641 792 418 539 873 518 510 866 17 443 956 884 857 399 539 364 332 574 207 527 156 357 983 563 212 736 957 278 240 916 122 279 429 827 681 519 614 314 466 396 821 178 484 570 134 757 361 684 232 435
731
271 436 135 999 212 695 460 641 512 865 653 545 431 471 497 512 807 40 87 239 941 171 535 164 150 350 394 196 142 926 34 725 65 982 73 678 810 830 140 997 518 657 923 668 991 658 661 133 729 382 176 196 435 634 244 467 729 64 907 804 720 411 253 310 996 907 835 442 548 945 26 385 896 114 988 133 363 438 94 707 778 519 219 441 636 260 960 260 455 518 799 675 560 581 331 666 780 386 771 769 152 619 691 502 603 966 701 695 4 706 482 188 178 412 609 872 664 155 298 408 346 879 82 206 50 667 544 140 999 218 708 584 907 164 693 492 101 214 246 763 314 579 555 144 411 853 720 370 236 885 506 598 905 842 277 656 34 993 407 696 516 171 684 498 437 204 932 937 907 576 883 140 928 774 952 780 554 342 191 775 679 866 876 661 856 943 273 135 369 648 691 688 213 231 625 947 731 278 843 270 317 546 237 31 963 904 341 259 347 386 350 559 550 84 553 157 645 654 400 363 274 699 284 87 457 768 790 850 476 901 997 883 187 896 593 622 89 15 6 874 876 378 43 885 432 176 572 984 856 83 521 759 812 761 285 14 388 171 715 243 317 168 622 458 393 994 627 894 4 163 195 746 894 849 558 847 503 226 317 826 171 752 381 586 414 26 70 453 187 692 302 644 369 856 955 762 831 283 216 302 748 434 220 980 891 945 48 384 730 787 595 900 77 640 558 753 619 377 130 318 24 15 621 153 430 612 780 530 666 476 453 667 542 362 499 474 962 707 962 448 893 947 692 711 868 778 380 436 84 632 323 193 480 288 38 106 429 677 354 884 204 274 426 167 82 809 827 38 36 37 612 245 44 390 104 931 574 51 5 180 546 366 701 946 319 664 990 321 94 766 68 353 385 568 882 412 311 43 407 957 41 435 535 317 625 866 773 983 789 854 716 907 419 181 875 106 710 308 350 333 745 557 260 654 915 322 479 573 533 168 14 461 506 675 877 634 411 809 245 360 530 689 49 614 182 48 547 535 434 47 353 924 996 656 629 351 630 245 366 654 929 814 86 809 730 738 979 733 662 449 266 763 547 302 13 37 70 210 784 371 326 207 657 771 530 926 555 548 832 963 462 956 336 735 483 899 75 235 419 863 614 735 22 202 138 274 652 840 643 722 386 6 33 842 394 473 37 891 720 200 704 823 108 854 568 577 319 866 42 950 162 34 271 698 43 355 953 507 809 558 725 759 853 104 93 184 501 385 505 766 651 1 69 238 238 831 188 88 807 766 493 814 471 520 52 583 869 842 141 945 780 127 205 775 8 451 386 32 159 756 18 809 798 714 303 173 320 376 625 843 685 300 647 671 351 497 855 324 28 376 3 153 473 205 449 532 918 535 795 195 509 719 16 691 77 129 842 853 532 509 866 760 670 373 231 369 539 767 123 894 554 413 893 743 10 507 560 45 204 253 373 265 808 820 904 890 269 592 772 118 44 197 95 921 846 861 301 565 564 864 308 89 555 319 5 88 581 550 671 937 846 91 218 698 36 211 105 221 268 904 989 437 914 895 38 881 395 174 912 938 384 770 280 42 739 423 533 702 201 355 788 513 754 941 454 408 687 989 327 803 356 802 180 909 267 652 302 44 408 975 246 655 262 317 308 124 665 31 767 545 617
484
639 283 863 952 764 705 986 857 280 831 369 804 803 289 683 1 331 84 729 596 312 569 398 832 289 150 796 714 349 798 488 416 526 132 211 397 88 85 693 116 117 577 576 252 540 760 437 722 470 917 249 788 615 583 363 944 248 316 638 998 601 808 426 406 700 169 159 565 910 365 754 566 634 563 915 43 615 888 563 863 596 676 253 629 214 611 944 80 219 268 601 353 625 671 856 132 232 642 211 667 542 121 867 170 983 268 875 684 863 998 752 792 163 794 202 521 980 536 93 140 143 499 776 870 227 47 785 827 283 284 288 11 4 970 957 446 534 850 526 142 568 418 62 555 201 4 302 365 296 494 717 213 516 550 356 567 648 868 225 461 260 200 94 288 507 89 215 389 871 464 355 992 433 968 399 294 274 984 210 102 239 260 385 83 29 508 639 809 3 683 999 316 213 579 47 939 468 480 499 257 422 710 389 368 663 591 135 170 859 947 504 835 589 142 897 364 168 625 569 222 486 529 332 676 239 508 750 739 616 366 683 880 726 498 371 282 777 35 706 241 207 633 430 321 740 768 540 396 652 626 306 9 539 548 278 57 476 526 219 680 321 4 576 269 144 620 785 840 463 387 199 721 487 65 454 616 423 902 932 328 834 436 534 675 759 149 670 754 329 71 134 340 686 431 536 190 211 15 981 282 697 12 277 777 88 940 63 941 126 133 518 268 796 776 173 679 990 520 234 843 113 230 804 689 833 251 318 607 138 662 121 954 509 131 954 593 105 837 499 835 949 608 269 622 494 39 98 340 535 426 721 12 519 812 408 625 908 52 169 694 895 631 790 472 645 124 160 31 226 424 469 9 943 821 861 214 662 680 80 493 446 220 407 238 821 907 372 2 895 9 258 376 38 426 372 132 859 999 97 771 917 533 805 948 509 544 885 703 907 136 450 252 236 933 250 52 89 520 118 6 887 937 648 213 688 82 960 355 977 200 540 416 25 693 102 565 140 961 962 390 81 520 168 332 790 438 696 308 64 335 416 634 468 165 807 640 585 580 515 698 879 679 846 21 816 883 220 959 142 942 714 938 103 442 636 764 146 706 32 801 281 587 515 609
637
462 167 361 579 594 490 368 639 842 514 263 939 190 255 159 423 864 509 35 344 170 390 750 608 89 606 38 578 940 99 456 503 136 345 274 218 148 916 844 139 719 978 430 531 787 652 500 403 981 749 315 663 65 272 888 189 33 739 51 224 593 918 187 149 394 263 521 677 179 97 599 499 374 552 96 633 557 93 616 380 891 280 520 409 865 105 804 543 435 903 445 673 310 400 867 340 969 215 283 268 494 269 557 711 91 847 271 318 458 751 555 290 644 936 290 614 341 392 887 512 914 743 264 716 577 224 11 818 582 730 987 639 292 221 846 451 882 230 412 222 195 389 996 996 692 373 202 722 153 92 728 604 237 34 353 604 91 559 408 240 430 47 230 90 817 302 66 872 749 952 889 452 783 991 827 915 588 915 270 559 729 460 782 518 568 455 157 878 186 859 954 76 604 321 933 212 624 446 584 452 637 453 707 861 578 663 697 460 429 548 957 832 381 481 829 544 231 304 321 725 101 352 507 590 548 480 104 719 837 341 884 948 141 679 422 281 680 651 858 514 64 539 1000 863 708 3 253 914 544 429 239 693 307 729 184 246 66 557 217 758 398 253 930 351 1 526 7 150 381 726 813 245 130 501 98 820 340 70 530 328 361 920 148 398 288 307 238 741 465 74 667 950 370 226 374 895 316 146 495 518 535 84 136 178 943 237 37 855 285 807 820 959 793 720 772 792 953 13 663 897 413 275 153 807 413 51 914 212 346 536 515 906 507 302 852 582 791 284 675 223 510 978 514 763 964 441 501 666 228 402 591 344 516 320 531 254 737 285 756 739 502 422 675 900 624 866 1 727 156 472 964 630 16 985 901 479 567 955 600 446 115 82 732 176 379 185 529 739 419 612 792 846 860 792 151 590 101 123 830 852 317 402 724 703 333 850 841 752 133 261 787 131 258 849 598 1 361 276 595 641 535 232 449 725 630 514 410 373 738 107 364 472 796 993 436 324 198 339 485 347 347 758 878 979 208 641 327 752 326 380 719 178 832 271 708 490 367 541 32 92 813 848 798 956 787 696 354 762 613 403 268 401 328 414 544 230 60 364 345 727 915 277 977 376 156 21 879 592 443 24 507 716 588 494 61 392 476 708 141 962 676 477 929 487 416 116 452 7 902 588 155 689 495 269 434 494 237 871 132 867 731 943 71 265 928 199 579 141 681 787 78 960 2 804 411 101 184 971 368 711 43 961 316 17 555 667 777 43 942 981 142 312 335 920 272 283 582 919 573 803 57 718 473 480 76 209 946 747 503 62 641 782 564 195 260 819 578 45 681 400 713 97 281 616 322 823 693 16 60 909 539 671 543 80 759 375 881 47 837 606 520 141 763 435 141 144 472 151 40 292 552 590 350 19 77 341 789 628 211 247 193 142 177 923 158 913 831 980 410 85 960 398 378 131 105 114 90
686
607 870 337 682 74 963 884 524 329 868 844 1000 388 385 647 203 617 241 424 694 567 102 981 34 383 126 366 699 351 175 555 363 694 257 751 505 46 542 3 848 134 15 468 705 952 743 990 764 781 425 791 363 63 936 731 872 274 714 690 191 374 989 294 702 73 99 542 345 957 666 912 217 194 571 790 47 552 989 595 929 558 943 159 130 763 669 444 90 116 507 157 760 749 866 377 108 76 645 792 954 273 887 40 50 956 655 119 89 849 814 912 426 693 266 258 32 789 617 165 588 281 165 223 755 819 991 267 750 759 996 643 206 202 718 95 163 859 453 874 39 151 502 981 286 961 770 228 202 310 72 585 18 825 911 651 646 40 815 173 475 280 298 454 395 748 591 46 90 776 803 244 125 178 427 801 878 303 27 13 139 511 472 505 703 593 353 77 802 981 767 579 673 233 358 636 528 382 319 272 518 402 983 241 339 139 443 295 790 293 857 667 371 619 491 434 925 633 477 529 907 653 580 75 925 728 934 171 668 10 760 15 913 933 237 938 914 449 721 432 520 699 566 711 168 453 208 877 890 174 181 986 828 309 783 75 819 375 174 897 390 532 178 627 487 789 286 392 84 195 606 139 769 849 357 753 549 950 226 663 752 614 947 563 854 298 700 607 495 752 134 654 957 426 91 62 602 939 161 416 36 917 520 485 574 497 24 135 287 658 756 432 511 270 617 667 593 441 536 453 919 754 626 609 342 56 901 886 220 597 627 810 954 650 517 63 34 656 51 436 123 440 827 403 329 786 688 799 191 282 358 59 578 816 657 791 276 518 208 338 222 267 865 475 306 629 364 524 811 895 751 233 375 600 490 987 357 690 29 631 797 551 298 353 418 12 282 245 655 857 23 571 989 900 343 824 927 17 882 713 798 684 299 187 496 491 948 388 658 106 737 784 931 639 324 147 758 151 240 643 281 219 196 310 755 167 164 647 183 94 929 213 629 62 519 97 734 925 319 207 155 571 629 274 552 868 178 87 328 754 864 728 700 941 743 332 309 937 821 351 320 10 72 281 455 995 930 297 624 121 952 567 460 487 541 124 870 826 472 421 17 674 695 21 659 100 192 352 304 226 586 725 219 528 632 326 106 322 315 269 710 389 560 801 434 931 302 88 878 611 499 592 719 218 651 475 917 416 602 1000 333 749 326 418 377 348 367 202 101 296 749 730 416 19 577 463 499 74 852 251 207 924 156 835 829 696 643 121 476 380 378 624 342 474 783 775 943 353 138 390 322 18 249 918 14 467 416 247 683 241 713 374 700 142 122 817 35 637 837 77 543 331 639 681 686 835 937 455 269 831 687 443 20 587 106 806 47 24 447 403 501 337 822 169 553 10 956 980 80 785 614 208 631 218 965 641 424 457 568 542 988 257 876 556 663 874 610 210 876 319 612 741 805 514 133 934 160 430 877 720 125 740 533 216 858 467 718 292 468 753 788 724 398 419 549 226 133 578 159 218 182 391 859 475 208 341 712 131 619 319 341 421 179 743 629 105 536 606 40 496 555 215 507 937 573 259 580
223
664 912 843 140 927 763 40 197 732 868 223 744 306 136 87 641 878 416 820 605 818 812 747 174 646 501 237 469 404 860 693 539 702 528 437 986 928 234 100 195 925 239 841 606 424 672 418 223 832 920 394 864 133 874 896 426 118 563 719 911 382 28 496 601 103 39 903 520 7 25 399 892 912 222 856 887 339 385 28 761 419 365 916 939 237 879 265 605 331 916 215 672 38 278 898 689 938 590 985 763 395 104 310 532 348 857 600 79 58 758 391 797 27 178 79 725 958 494 705 364 735 723 960 342 921 862 668 860 821 582 12 31 865 8 627 861 541 296 476 304 442 381 340 656 682 53 746 629 662 383 928 525 752 234 932 180 527 479 742 72 857 44 686 256 990 147 551 609 357 142 101 853 699 132 954 718 380 393 732 993 773 788 752 307 675 984 423 535 369 319 67 979 833 309 454 633 887 858 226 967 393 823 714 784 753 819 3 704 954 632 527 438 20 834 757 6 684 247 442 177 959 134 728
105
702 695 936 826 617 120 52 381 209 870 529 447 115 930 329 99 167 200 489 592 488 303 120 404 983 842 748 286 574 47 787 981 768 190 71 420 734 705 838 8 25 810 601 587 365 776 775 168 167 506 233 604 593 523 804 628 421 738 787 470 557 58 614 815 346 587 689 579 301 842 240 258 416 503 531 369 186 239 889 960 570 335 568 677 592 504 997 707 457 372 838 891 48 298 583 942 582 690 638 844 514 361 28 297 546
775
788 22 538 908 257 243 720 658 424 493 974 465 748 305 635 117 882 117 160 124 387 744 921 899 350 310 831 308 721 147 783 441 175 262 117 902 701 680 588 965 50 782 738 969 829 478 570 197 56 565 828 458 4 542 73 629 598 367 695 600 974 261 616 319 275 982 3 557 633 617 596 118 808 530 795 839 760 921 909 152 932 138 302 846 135 399 422 106 150 723 915 401 852 374 740 628 410 620 677 325 956 265 166 547 594 964 872 675 708 299 226 949 513 174 462 328 823 648 242 172 146 671 716 460 283 585 326 386 113 880 248 777 705 633 455 325 692 68 330 816 317 439 432 12 504 463 308 746 97 293 307 2 1000 123 117 839 748 134 586 542 87 26 729 238 216 422 951 198 419 597 755 169 770 956 490 381 919 617 418 45 123 243 28 887 841 213 944 407 947 44 836 769 742 491 921 208 148 33 89 103 868 23 744 110 278 463 483 30 559 685 34 106 279 255 146 414 198 76 786 583 660 642 421 543 154 146 844 703 818 853 152 307 441 583 213 391 593 886 222 764 648 15 52 180 841 703 873 943 395 458 151 669 899 696 697 802 884 253 772 782 313 131 114 144 73 659 777 670 775 896 271 902 67 348 434 370 443 585 821 534 203 400 338 681 156 684 833 681 852 187 528 46 525 902 437 315 296 906 963 233 492 3 828 493 157 548 307 220 979 658 553 628 452 679 598 367 71 807 890 661 888 145 540 145 113 419 420 199 524 786 582 113 233 640 336 42 780 410 56 953 750 65 899 430 417 864 471 823 987 851 315 754 167 354 674 977 145 468 123 207 117 111 459 557 288 484 733 605 683 300 13 837 79 38 628 25 475 283 588 724 627 971 359 454 23 575 772 750 40 257 741 923 842 566 601 931 957 432 639 835 846 176 732 149 631 42 644 568 119 703 314 390 115 232 399 405 898 480 244 990 589 608 305 712 873 515 125 850 808 281 1000 596 775 16 481 406 658 29 295 214 493 958 205 123 834 547 495 698 885 675 329 603 303 256 95 398 171 797 47 632 578 787 638 955 834 964 880 508 921 606 140 169 468 488 234 927 839 927 816 563 223 735 419 551 241 305 89 352 129 900 217 837 856 57 129 607 530 278 492 657 347 113 638 280 689 623 423 176 591 341 295 603 115 811 29 552 65 329 340 961 748 777 701 778 740 197 182 623 743 795 821 916 68 965 806 241 413 872 36 99 665 785 819 249 890 226 987 782 195 595 933 829 47 107 502 448 722 327 191 553 133 569 750 580 926 558 320 520 252 698 838 854 331 65 42 417 500 395 552 315 962 304 257 937 165 250 117 420 909 421 150 68 603 495 885 63 926 959 664 219 895 878 728 446 890 138 941 431 387 729 918 547 625 29 199 225 62 847 686 291 128 599 64 72 550 765 222 658 798 401 694 802 563 626 958 819 550 359 376 17 868 898 511 556 647 536 625 39 755 745 284 173 887 720 692 754 881 365 922 79 402 831 997 428 595 411 298 468 778 509 495 75 592 995 851 345 881 372 407 433 427 724 868 417 139 651 188 715 956 706 199 282 72 70 636 476 907 230 329 4 984 195 157 530 640 283 711 416 114 453 389 569 735 928 887 786 868 901 310 262 258 465 323 929 986 128 26 830 658 574 168 275 122 476 687 402 273 379 147 38 254 944 880 635 183 615 798 769 247 564 173 742 376 720 518 723 952 216 115 197 323 236 607 997 818 543 178 428 319 426 206 986 634 177 577
730
83 131 103 604 727 901 891 578 569 511 545 794 120 7 999 902 863 500 667 820 993 36 805 356 448 781 583 659 753 202 233 780 734 331 998 61 517 624 695 431 938 764 730 38 150 747 764 743 310 97 715 663 624 861 7 296 614 872 410 69 826 854 726 838 778 371 500 978 944 43 930 910 841 74 259 481 685 524 618 812 14 890 556 438 241 815 348 169 531 584 295 310 432 799 419 488 505 757 839 889 899 605 840 485 845 790 77 715 496 285 607 207 950 315 712 689 80 810 742 457 264 80 214 225 815 529 582 902 541 400 958 466 968 231 414 438 795 650 244 472 105 968 882 93 301 98 334 272 681 328 470 609 261 856 454 111 393 238 772 669 446 679 843 773 812 662 456 213 60 600 74 593 16 691 856 585 447 347 651 191 898 168 885 834 525 658 61 813 417 60 766 562 785 670 883 511 896 166 776 127 924 275 312 905 644 197 597 108 552 540 518 495 223 356 892 301 882 666 632 708 26 797 928 891 260 827 17 316 791 544 804 907 599 52 640 313 348 829 919 602 233 113 767 121 575 671 159 518 957 436 807 728 159 502 286 595 478 542 419 98 550 841 9 885 234 597 562 623 82 844 750 802 582 134 244 15 902 892 912 884 910 175 523 194 95 231 7 304 675 320 430 660 18 951 589 765 36 36 643 231 232 80 34 389 866 589 530 196 821 422 414 630 116 729 688 434 299 223 2 850 387 898 822 688 619 128 597 513 68 400 577 22 382 307 890 514 194 640 458 417 515 830 7 837 818 579 718 620 675 383 285 639 647 700 571 823 566 365 620 222 447 398 985 838 202 918 414 862 883 628 250 134 400 127 294 857 909 183 458 198 717 552 586 219 588 170 549 344 39 151 502 710 864 704 233 391 309 831 410 709 627 441 781 785 492 965 15 781 722 754 452 654 406 269 514 40 932 9 35 180 246 320 286 230 484 470 543 529 873 150 517 308 249 145 846 846 441 484 660 128 514 54 983 965 429 664 184 239 431 607 647 599 522 164 620 130 809 907 21 883 395 676 741 386 520 31 928 207 392 367 297 629 991 530 707 469 401 248 27 175 109 826 815 578 194 363 535 573 73 709 201 604 674 532 819 67 615 387 947 229 841 932 601 902 45 282 727 254 361 457 840 565 974 540 96 904 317 824 634 34 57 305 410 613 128 605 578 73 665 803 296 234 731 598 315 117 529 739 268 766 75 708 195 31 304 288 540 988 376 293 489 656 446 411 792 968 846 213 485 928 940 820 934 382 960 173 29 896 470 170 759 41 951 814 18 290 970 254 473 403 351 618 98 944 457 511 222 486 170 490 313 565 692 314 811 644 16 331 368 831 110 990 948 790 627 115 395 746 263 701 420 373 744 416 834 421 660 607 946 91 388 586 781 562 108 410 695 702 913 229 605 829 199 95 373 880 974 402 500 196 640 312 393 403 234 659 889 560 334 125 464 195 466 541 885 228 969 732 555 930 987 189 672 580 996 199 653 315 737 66 879 302 418 135 907 537 224 998 557 207 64 592 468 349 150 791 196 856 979 333 120 377 78 206 95 478 795 173 866 522 435 904 251 890 491 381 709 334 414 441 90 168 700 547 81 21 676 425 979 953 760 425 3 337 558 295 279 492 739 869
575
49 199 472 984 893 594 693 656 520 754 188 638 19 986 975 558 410 929 784 18 139 394 944 670 523 258 509 540 656 681 71 672 391 237 390 515 306 472 251 910 615 274 142 864 416 590 220 215 613 643 21 904 547 160 61 79 970 693 552 710 13 368 854 261 82 808 79 515 956 352 507 268 950 138 726 59 675 435 477 883 632 768 2 672 238 830 806 723 482 23 879 921 731 309 514 910 740 594 18 275 730 444 386 765 838 59 255 231 664 671 741 477 342 621 990 723 319 888 676 771 624 100 999 505 758 494 797 822 272 824 109 387 486 248 691 192 684 977 320 177 29 992 275 238 739 539 629 860 660 475 414 176 104 588 301 371 913 773 330 232 131 369 87 659 402 944 981 812 547 864 415 280 768 804 927 273 779 247 90 910 524 799 739 291 950 52 183 422 125 820 405 873 394 493 584 235 312 566 887 523 934 900 408 492 53 608 759 906 583 617 127 430 381 733 676 481 586 137 471 16 375 347 969 680 59 581 531 632 127 607 701 768 484 731 510 188 461 202 77 21 582 543 98 161 293 253 375 575 498 923 32 960 548 66 470 284 781 583 313 418 478 659 756 253 605 912 598 48 116 124 323 369 259 770 806 606 100 707 238 848 56 663 51 870 740 64 608 804 324 34 909 657 773 706 179 106 576 73 69 31 974 922 86 482 452 938 555 729 340 456 259 371 340 601 894 326 346 253 458 426 69 262 958 720 585 628 577 50 222 821 895 371 859 154 175 398 509 241 835 264 137 372 699 819 169 874 550 854 577 511 215 676 926 564 881 555 142 922 396 849 537 520 944 130 162 927 537 500 701 261 257 52 597 804 675 836 224 572 374 550 532 546 585 185 538 979 443 706 523 369 937 712 180 264 465 447 164 54 236 510 658 257 492 762 454 167 834 663 538 254 23 122 130 277 905 337 668 173 19 703 949 253 994 907 8 355 268 551 665 322 631 378 41 29 866 389 901 554 446 785 917 802 541 969 434 660 616 841 140 41 691 829 213 163 349 463 608 452 216 528 290 762 620 816 637 512 938 946 41 437 499 25 863 364 638 865 661 740 556 900 515 573 644 307 968 307 299 70 291 511 721 682 212 250 11 523 519 169 81 272 658 958 279 382 907 296 494 504 512 218 528 57 355 924 30 554 343 774 851 654 998 863 591 50 851 965 306 658 380 970 683 488 579 954 898 953 312 208 817 858 137 260 938 6 371 659 753 883 364 829 217 910 793 479 35 373 505 929 64 670 735 296 309 291 966 765 566 765 634 678 747 603 519 129 589
323
398 269 776 641 704 725 159 875 943 187 570 412 578 551 850 69 453 421 725 774 120 348 991 850 524 702 780 555 511 884 674 325 614 292 869 895 553 438 611 369 709 693 982 767 918 80 686 350 233 917 575 8 964 182 686 949 763 715 904 186 385 331 726 443 866 359 920 589 854 237 620 709 819 92 27 702 914 974 796 104 110 649 636 785 259 461 696 423 62 115 986 186 875 60 542 775 857 497 959 710 619 679 105 139 638 575 781 395 784 353 730 320 105 289 774 294 70 554 241 259 222 692 497 563 489 757 294 54 361 814 113 693 143 701 561 739 479 376 735 174 172 898 436 276 81 381 658 371 902 120 10 743 958 556 17 712 493 248 441 892 196 674 321 562 235 814 430 388 911 443 854 300 947 614 555 254 908 947 776 896 215 58 647 736 798 605 700 824 656 192 47 99 787 508 747 380 646 142 728 127 442 517 759 655 348 703 276 729 591 134 392 375 682 158 216 556 532 632 754 192 990 457 867 105 534 648 171 268 538 597 255 454 662 405 980 791 130 609 785 622 135 833 357 277 788 496 574 403 884 975 345 721 258 447 176 623 338 136 402 894 187 35 577 635 86 618 314 452 174 425 794 181 429 858 511 909 372 354 188 711 247 428 892 699 3 556 985 358 208 825 659 686 696 298 487 551 115 355 19 589 9 330 875 639 288 595 134 93 980 183 427 203 329 109 171 386 88 883 86 180 777 718 784
569
873 645 749 283 521 776 945 84 608 96 610 709 803 321 118 195 403 131 362 916 277 677 170 468 97 556 459 583 306 705 749 9 468 382 660 847 647 153 139 865 313 947 637 944 87 945 68 49 161 583 418 470 56 392 190 290 930 226 135 181 408 890 95 885 387 166 178 914 1 200 433 759 230 408 823 628 775 732 353 746 507 168 43 932 406 529 953 34 140 235 212 258 651 943 106 22 503 409 341 896 579 136 469 483 730 881 703 511 957 126 323 787 131 877 884 910 151 965 265 17 555 454 591 196 605 351 212 176 508 979 896 199 114 723 550 359 68 910 650 286 851 214 99 670 988 444 675 364 854 921 863 164 482 759 201 904 291 922 509 53 609 715 424 694 224 699 957 297 927 709 431 78 129 10 7 905 104 554 814 992 259 771 451 31 830 855 967 78 151 40 603 568 849 650 613 183 811 680 751 309 750 278 386 219 1000 405 806 405 420 395 5 605 521 442 157 616 606 179 362 755 529 600 410 510 897 859 633 971 369 46 239 952 393 761 766 814 181 788 796 98 294 947 319 573 941 155 955 723 876 772 793 239 860 700 457 613 856 339 568 396 556 456 850 194 162 831 660 374 662 662 992 986 546 143 348 986 371 975 318 995 940 282 656 309 364 728 417 674 793 144 6 791 835 804 62 968 557 257 970 81 819 753 574 739 895 509 422 959 842 79 238 789 724 462 276 539 866 878 461 58 6 104 721 980 900 602 771 366 103 945 823 850 734 720 910 189 332 362 949 446 402 636 358 695 953 529 156 479 610 91 678 568 51 894 956 747 907 279 980 415 242 537 922 815 699 581 15 259 215 367 350 573 596 913 634 353 327 121 899 24 587 613 827 70 437 339 568 340 594 699 924 676 336 853 16 225 978 471 420 391 688 364 779 534 290 558 265 692 848 885 543 432 530 154 320 317 613 60 195 236 165 429 137 786 54 488 93 349 308 489 173 22 274 215 965 625 11 588 277 270 15 597 815 738 935 201 859 319 228 671 240 916 71 371 814 619 510 389 582 189 735 455 373 152 376 400 948 884 21 312 223 272 376 116 536 935 236 722 272 112 719 609 591 535 686 737 108 970 605 870 189 575 986 828 57 242 285 352 349 767 483 653 905 650 195 895 589 685 914 379 18 166 939 597 161 83 291 148 824 628 894 956 321 999 976 73 73 698 592 241 780 863 485 575 270 113 187 533 941 278 265 124 245 268 949 861 434 108 146 776 402 568 10 954 666 130 802 316 821 32 25 579 737 375 646 674 607 584 101
121
929 725 561 20 463 390 179 788 867 329 167 457 213 153 750 897 735 180 652 584 861 651 33 215 623 217 969 894 448 760 844 434 314 128 238 622 879 943 708 365 347 744 154 191 540 189 363 481 270 692 316 92 562 982 794 713 193 155 169 15 884 135 841 665 532 766 967 510 131 634 542 887 276 120 830 925 683 259 556 460 812 215 703 291 314 714 753 434 191 887 655 176 714 856 355 711 791 457 772 685 618 787 138 709 988 86 168 331 747 209 99 721 279 236 417 157 609 839 487 293 263
82
135 476 315 352 778 418 970 336 471 617 167 621 896 147 158 395 295 905 231 269 613 206 388 294 589 207 65 367 578 252 532 154 433 377 973 431 471 138 495 812 304 794 577 500 625 961 878 284 631 127 795 416 810 82 364 167 834 620 933 346 960 537 528 802 39 446 546 916 627 180 157 512 43 206 482 355 876 410 254 270 388 428
731
920 275 539 687 861 138 233 280 62 633 484 624 867 720 770 128 271 839 216 589 259 409 507 290 562 123 9 75 733 152 152 892 723 675 606 991 517 86 800 606 488 906 908 893 25 265 703 959 535 125 916 115 551 945 909 805 440 429 216 740 361 472 81 799 501 386 835 128 788 549 695 380 528 806 289 234 336 778 320 222 802 618 276 274 926 708 634 12 501 266 591 341 972 373 611 274 889 588 23 491 614 665 140 99 921 292 884 65 576 515 970 50 513 709 496 939 306 376 803 952 540 442 354 669 337 472 248 840 998 175 740 510 447 608 269 499 233 159 251 110 973 165 728 480 364 827 170 613 660 485 547 14 386 940 316 438 783 534 841 547 770 379 868 537 253 260 228 477 883 797 41 776 785 766 718 396 950 470 984 478 744 743 890 824 533 452 988 98 321 186 892 576 220 482 578 422 523 936 50 209 547 686 167 533 712 919 175 979 483 790 939 991 782 868 297 423 835 62 868 86 684 444 662 137 748 73 627 127 213 178 736 651 128 553 670 383 994 661 874 520 599 763 582 969 816 98 148 285 94 860 616 802 757 294 4 83 547 981 115 422 670 299 744 664 42 692 901 487 797 241 273 696 429 704 68 736 574 2 942 880 880 65 107 803 172 557 458 28 669 543 100 807 542 737 114 312 487 639 753 388 481 950 535 933 545 567 874 10 55 83 207 733 255 545 217 313 240 335 431 173 830 317 4 608 487 95 145 326 674 885 815 380 874 246 115 36 922 365 260 691 33 546 948 478 713 162 469 500 307 786 672 339 548 536 763 299 594 575 976 609 924 34 529 296 362 539 940 815 124 149 156 118 903 918 110 497 277 617 317 404 576 810 187 126 266 444 619 750 493 826 640 893 523 148 728 198 963 581 326 320 392 547 375 107 717 263 654 780 362 406 242 550 235 374 865 733 790 896 399 796 847 264 593 362 52 724 644 77 192 904 514 803 97 617 242 510 550 701 641 894 890 58 639 47 335 651 300 35 501 500 566 425 740 819 682 120 999 244 211 393 473 519 153 855 338 623 207 234 128 361 632 545 991 185 51 451 544 712 347 940 48 139 368 922 946 535 926 167 898 688 794 572 479 389 38 666 115 56 513 120 390 257 844 468 828 52 816 875 224 340 190 345 781 604 667 725 946 338 973 154 436 679 350 951 130 678 119 972 329 747 999 668 899 848 539 348 360 622 498 129 389 876 176 815 434 405 780 971 756 56 975 124 285 533 244 457 845 413 605 546 548 235 110 70 385 474 82 722 225 572 416 582 798 223 700 911 168 688 691 298 895 874 780 452 339 664 974 482 898 583 282 895 288 806 910 961 510 995 760 280 122 322 428 661 452 796 591 832 268 888 321 414 296 70 525 304 890 788 328 307 97 211 583 479 848 679 941 434 445 329 546 252 175 852 581 188 192 344 607 394 137 136 841 732 886 131 641 933 434 406 577 195 771 243 751 461 300 4 360 358 538 841 579 191 215 103 256 108 703 602 623 644 227 211 165 150 966 261 313 649 278 387 439 686 163 955 113 501 842 671 466 696 494 656 70 20 34 359 614 719 916 673 43 919 88 917 773 854 121 545 209 712 420 95 955 650 204 294 862 536 991 940 251 157 249 146 731 522 519 224 566
305
63 306 105 127 501 301 327 332 717 808 417 823 162 146 689 928 17 678 657 229 175 600 219 171 824 861 110 130 158 254 970 261 478 30 689 172 101 698 827 692 649 520 403 413 42 659 129 433 302 28 236 154 574 707 811 309 505 694 167 813 904 121 899 338 248 345 832 52 949 915 986 650 990 499 550 731 670 480 461 274 182 740 600 303 547 496 18 701 72 68 773 67 835 18 195 792 446 844 730 288 184 427 679 543 169 995 825 639 825 336 855 109 464 109 982 556 797 23 471 847 423 725 978 562 107 931 757 18 113 634 980 419 860 196 822 610 670 876 385 253 592 800 185 450 867 413 341 486 916 690 332 904 920 810 253 767 950 923 569 58 322 69 582 650 34 678 63 437 660 654 896 249 585 333 214 251 556 554 288 571 661 907 460 978 402 972 144 955 708 489 190 206 613 730 181 632 508 973 938 724 640 120 846 803 856 193 183 687 158 257 998 763 418 875 425 773 741 835 856 192 93 114 998 771 933 789 805 724 445 114 200 928 679 517 493 951 787 291 203 408 644 864 459 344 872 460 373 812 401 427 253 219 466 65 155 266 615 42 285 975 778 159 818 578 533 191 356 648 878 724 159 784 20 877 748 966 23 819 228 711 602 774 152 29 252 927 146 369 351 325 862 744 14 349 523 259 847 398 907 270 669 973 28 115 121
420
188 120 242 512 964 194 147 652 197 110 307 630 309 190 341 623 836 147 384 849 189 966 717 307 937 99 956 689 229 717 653 105 462 46 586 147 676 692 618 904 994 695 96 396 861 244 894 653 969 510 675 638 199 278 742 832 673 15 755 16 423 380 94 886 104 834 543 885 814 73 137 448 150 494 56 864 237 868 674 950 149 976 710 90 705 487 490 827 108 191 507 487 287 528 646 45 849 798 395 451 307 798 608 382 378 634 530 274 536 375 430 587 740 611 906 697 517 605 873 425 836 697 710 868 718 983 168 262 62 752 364 86 545 147 970 376 420 767 817 159 886 832 127 762 508 891 283 328 595 676 649 83 249 747 293 868 254 817 754 354 151 230 867 304 133 907 357 676 775 509 667 190 227 718 687 437 885 52 117 147 503 70 201 870 127 567 76 967 286 768 20 90 170 614 899 677 458 210 471 780 826 960 931 186 589 363 787 183 668 322 146 371 248 317 317 896 629 679 395 623 469 492 754 158 500 790 622 992 3 593 141 362 807 58 935 244 424 824 325 645 898 228 504 681 32 841 986 146 967 943 180 963 342 179 122 20 498 656 834 511 490 627 414 989 584 163 362 386 444 777 315 873 981 442 537 679 430 831 641 558 200 627 41 666 374 539 561 270 532 603 541 78 301 292 66 388 811 642 511 816 835 782 285 535 286 720 542 814 717 790 592 813 693 855 35 101 81 595 514 69 646 595 679 929 258 383 159 103 313 815 515 611 947 328 899 378 239 474 633 4 698 384 329 222 876 435 783 644 804 730 274 729 601 761 507 117 809 508 171 482 115 465 609 454 226 981 807 426 752 984 329 802 381 402 752 583 632 11 230 897 848 444 794 529 292 997 741 923 512 749 849 130 607 244 797 810 828 899 727 657 233 12 216 176 230 406 316 223 467 934 155 145 567 920 183 742 635 927 688 104
799
339 776 611 23 946 649 285 14 592 822 522 973 758 23 967 965 211 211 693 360 197 370 799 473 359 123 679 404 885 589 309 154 969 103 885 639 724 336 935 547 522 150 408 716 958 829 37 819 622 850 497 909 60 210 987 846 559 835 929 224 482 537 702 743 125 143 160 553 150 900 759 130 512 620 522 286 655 148 351 658 599 19 890 53 474 194 476 819 396 519 28 983 53 188 366 460 351 969 135 645 515 387 276 389 189 94 895 115 103 320 697 927 104 531 641 319 743 797 207 970 31 478 196 969 873 424 335 194 22 700 526 906 350 435 685 779 372 794 900 128 479 524 338 640 207 344 895 346 885 760 123 842 318 92 179 1000 27 993 616 302 793 683 327 627 232 751 284 811 168 180 948 859 217 153 561 544 332 927 331 649 912 516 857 379 17 270 277 42 241 135 122 811 425 958 315 746 97 188 386 248 878 417 795 955 225 112 104 656 525 479 39 881 904 335 896 220 86 902 198 392 974 11 318 22 105 585 238 627 408 299 996 88 365 856 355 798 452 700 761 305 84 909 439 593 976 990 660 669 337 489 349 831 408 315 407 664 269 240 873 806 540 178 395 264 686 950 534 462 859 782 449 553 499 432 312 70 219 680 105 25 533 951 910 665 96 879 447 351 961 864 784 136 442 86 873 926 273 739 230 912 301 783 966 479 373 211 98 504 789 984 10 820 24 137 670 495 516 781 704 101 304 656 315 649 249 927 887 611 131 327 81 623 493 870 234 127 372 139 294 417 3 613 531 866 203 779 935 389 148 415 68 709 31 331 935 103 827 57 15 905 778 755 560 303 701 822 513 835 808 191 859 275 962 376 777 331 639 213 577 232 124 26 213 936 859 605 102 681 93 775 437 143 503 571 357 341 859 51 326 517 793 580 129 188 335 887 54 264 350 408 376 483 660 890 502 434 235 55 948 882 7 940 876 182 88 469 218 808 240 687 602 931 476 703 379 484 432 119 981 285 856 757 265 379 123 579 324 800 356 106 803 346 669 478 694 216 166 156 170 280 849 604 563 897 957 109 202 267 613 954 510 452 149 353 711 808 413 748 612 336 265 963 870 435 647 999 724 7 577 20 688 42 963 445 271 557 843 744 319 831 720 442 867 558 894 336 298 947 690 425 191 1 283 57 705 600 29 456 346 639 680 136 638 530 164 130 222 752 163 638 469 171 910 30 793 391 769 651 130 49 287 438 938 156 187 518 61 732 242 936 328 84 369 795 881 328 334 239 86 437 4 714 729 521 257 236 846 402 998 766 58 999 429 49 233 884 353 846 184 606 84 734 943 920 954 893 193 981 250 638 874 404 946 203 398 389 794 12 509 534 776 817 659 19 692 298 367 241 626 743 15 31 501 497 277 53 603 819 327 936 311 705 545 613 594 297 754 18 611 5 81 538 792 695 152 401 914 660 925 22 475 873 33 620 520 458 415 749 276 906 144 853 187 790 32 433 261 597 249 150 37 104 290 779 708 313 846 818 707 896 397 914 943 403 790 906 160 507 960 873 519 886 140 614 772 674 647 887 441 324 495 472 55 225 265 56 191 834 739 649 765 372 994 544 801 491 479 952 915 86 429 49 508 566 438 894 22 135 519 996 440 283 491 693 540 41 918 958 670 610 612 810 405 374 480 488 41 604 756 916 238 833 714 578 291 344 835 314 926 387 962 894 380 375 83 24 264 39 886 88 565 598 771 300 53 52 792 706 58 21 109 284 334 482 349 937 57 357 486 458 824 271 731 509 6 865 996 972 50 640 632 658 818 512 52 263 207 472 436
598
570 552 13 650 670 509 254 750 224 738 560 275 334 242 589 341 991 153 152 218 178 178 124 384 406 42 375 196 883 441 57 237 761 948 764 247 207 355 998 28 300 929 93 868 215 934 103 898 178 17 896 726 674 679 970 545 951 202 141 546 73 8 173 395 894 790 244 138 28 803 40 27 535 482 531 806 836 751 674 881 221 413 478 136 773 196 776 903 847 304 76 482 898 939 901 335 308 785 608 651 647 42 262 801 120 252 874 223 993 54 120 993 439 547 369 248 847 230 148 685 733 903 305 995 699 930 303 209 596 672 341 367 366 193 922 226 659 289 470 354 506 681 984 668 809 1000 187 987 784 321 520 401 801 586 501 59 760 399 424 344 467 674 959 951 621 284 402 738 142 9 51 375 580 249 191 959 853 84 71 559 398 114 797 781 3 113 323 957 673 952 159 985 810 87 12 522 248 337 589 402 354 340 914 769 803 393 266 445 501 318 78 486 71 85 663 430 830 915 505 286 451 622 570 926 3 552 544 246 752 578 392 119 207 160 60 508 639 404 955 123 588 955 469 859 921 654 84 299 5 856 281 480 689 50 319 327 810 837 997 517 793 990 162 419 881 437 639 727 708 961 781 222 170 537 691 309 935 2 875 183 155 312 246 404 858 957 49 30 156 277 226 222 853 424 387 511 73 928 832 811 954 972 116 49 81 565 958 911 910 643 541 68 354 670 570 420 424 125 385 326 90 658 605 275 986 781 706 886 745 362 969 697 158 827 64 445 251 380 404 810 631 490 275 412 409 630 226 705 833 866 236 803 686 587 73 596 420 954 873 221 169 932 500 801 101 263 281 850 836 922 306 654 974 611 865 907 152 987 34 905 106 540 473 771 515 440 338 901 886 235 390 902 955 3 335 928 428 116 742 311 967 487 717 202 843 622 91 206 117 856 280 271 501 435 527 959 408 880 874 673 927 186 234 56 268 364 254 786 617 594 56 454 686 292 895 142 158 784 503 308 612 718 198 570 997 758 153 919 742 867 54 487 502 710 846 937 254 847 787 267 893 544 710 654 966 638 954 711 143 91 795 294 118 443 726 759 419 626 192 182 357 292 920 15 138 52 323 178 56 560 636 689 465 168 208 683 92 690 147 723 952 57 299 341 273 900 351 978 429 72 169 977 783 611 371 744 491 311 7 970 605 215 152 585 695 941 938 258 259 178 681 520 483 364 178 405 854 613 844 826 768 489 735 450 943 137 565 174 39 225 937 423 252 385 919 533 611 119 938 840 953 446 151 486 880 953 5 433 496 895 616 663 1000 912 555 31 580 195 328 561 357 498 837 546 94 179 89 716 567 241 67 376 791 846 301 970 982 842
29
557 788 661 208 83 910 285 453 309 926 299 356 675 907 710 19 575 50 995 296 307 926 843 953 287 830 617 102 702
676
649 736 177 644 736 616 250 320 626 574 32 173 291 111 449 461 713 94 190 413 223 899 457 659 435 776 918 193 745 836 942 552 635 639 421 381 70 137 6 222 460 914 271 575 277 195 4 398 523 928 615 540 694 224 39 472 761 344 691 633 844 873 234 647 213 42 228 287 571 758 600 786 851 82 592 42 351 999 769 866 382 492 196 349 974 607 218 41 97 125 852 392 224 890 248 628 865 665 330 863 460 4 72 870 462 361 737 670 319 249 394 752 828 251 717 518 580 276 402 574 959 121 763 528 360 518 930 997 485 873 366 507 517 499 185 602 464 163 15 79 28 414 38 735 485 439 351 715 944 570 179 805 55 905 218 896 784 351 460 667 351 65 82 104 492 935 905 281 207 403 227 286 310 109 191 936 708 394 571 147 923 69 632 978 254 232 991 230 942 210 501 414 217 113 260 253 686 727 418 477 8 608 170 41 252 493 267 126 625 259 120 375 267 210 118 573 774 118 646 969 295 276 874 562 221 200 99 571 997 569 175 57 495 703 962 467 320 399 81 858 105 751 16 936 777 344 503 873 45 423 762 799 202 727 250 880 3 508 683 578 875 392 52 933 706 127 643 35 272 24 290 549 650 734 3 758 848 78 528 916 316 679 447 816 454 188 839 937 111 228 133 770 746 158 74 703 255 207 733 543 349 913 320 464 308 823 889 124 238 382 736 502 251 1000 192 358 49 473 714 345 945 291 48 25 968 899 591 297 159 609 186 704 863 556 964 748 620 47 101 64 728 17 460 274 258 510 694 364 508 829 384 334 344 157 270 363 104 339 452 192 687 200 768 266 66 489 975 704 330 754 108 408 775 897 553 129 170 287 491 705 602 866 685 150 82 342 955 677 446 863 111 940 517 140 707 267 955 65 259 212 244 651 151 771 828 121 594 852 937 329 837 927 882 669 332 826 854 79 877 811 767 427 250 825 819 647 703 309 458 243 542 565 668 895 307 307 895 142 852 781 602 176 285 998 129 839 431 938 591 378 191 948 410 121 89 734 607 994 867 206 69 941 815 399 129 35 608 590 435 629 709 131 897 196 163 907 693 207 622 276 481 849 609 985 739 195 370 987 59 729 91 656 630 155 160 990 487 995 769 735 590 977 785 485 37 278 842 265 588 424 934 444 909 157 615 71 408 535 941 372 511 402 537 530 302 91 701 573 868 635 434 149 329 870 771 751 257 434 785 561 571 402 404 908 476 738 705 672 119 230 338 415 313 708 378 531 243 561 228 189 867 501 467 660 708 18 997 406 692 566 541 934 768 548 321 872 77 264 55 980 548 292 106 257 26 556 611 597 654 639 610 642 593 745 955 815 607 65 213 4 494 565 347 350 419 126 696 366 529 745 196 915 77 90 815 508 361 426 480 324 684 318 802 870 367 784 989 596 985 992 843 313 61 992 940 374 943 712 758 638 559 800 74 519 103 187 34 653 612 209 844 678 523 912 932 694 181 514 917 235 399 62 586 570 229 604 838 969 746 826 932 712 492 110 408 970
629
146 688 221 542 97 542 576 443 351 94 546 481 344 8 278 770 92 328 119 322 528 634 379 898 131 885 150 643 89 914 234 460 645 738 817 503 736 562 80 591 95 154 624 506 738 288 213 281 563 483 318 553 623 582 683 252 26 532 496 331 474 763 729 246 553 892 285 449 505 917 358 840 876 233 339 698 927 307 163 124 285 273 25 185 597 843 892 612 370 991 688 890 783 516 321 400 394 369 82 635 584 835 730 312 180 697 68 284 478 418 472 309 994 79 191 80 941 463 325 215 636 881 129 337 330 328 10 852 872 826 833 292 516 622 395 479 293 889 574 479 106 419 45 748 502 467 226 406 225 251 127 466 489 176 39 746 86 87 542 635 555 782 760 29 891 606 422 325 338 196 992 985 51 300 427 909 325 582 584 957 277 293 689 25 750 497 810 323 508 890 248 166 8 316 394 996 90 744 41 232 408 880 136 258 390 804 488 288 658 767 507 552 221 397 875 359 659 412 72 586 779 256 767 99 128 354 242 848 903 498 885 559 993 253 570 352 497 394 707 493 299 555 13 912 678 258 455 171 957 675 326 319 762 870 690 854 821 143 741 116 768 506 295 441 287 910 175 990 584 674 884 259 478 467 62 174 15 86 236 250 258 819 81 706 5 615 892 264 637 179 414 405 333 777 79 611 965 850 442 22 951 66 435 675 415 361 692 228 140 789 13 372 206 725 363 170 567 742 38 219 384 480 809 775 517 653 163 462 575 862 830 153 187 513 173 695 273 546 473 312 590 206 968 301 570 89 418 371 594 482 197 534 188 298 98 28 406 966 259 90 763 562 934 709 572 878 396 363 850 288 385 733 75 590 238 760 545 198 468 842 321 583 508 656 781 677 730 793 493 721 88 66 861 150 414 870 525 551 190 614 356 58 78 983 428 805 438 92 431 601 66 964 494 597 961 78 607 888 490 41 133 331 518 295 995 424 663 400 434 934 623 235 835 439 271 876 941 805 687 898 345 813 534 223 234 734 157 650 216 514 486 483 828 137 324 531 295 196 657 488 166 839 520 357 983 799 617 366 291 716 713 699 654 392 962 185 826 699 953 730 520 643 628 813 495 601 170 361 318 653 200 916 192 565 243 364 369 749 146 341 710 522 402 489 429 695 870 396 578 930 264 190 928 132 115 878 45 771 726 688 98 852 614 698 847 652 350 271 702 58 759 478 140 234 863 940 949 701 204 570 100 970 117 21 827 325 51 512 434 529 977 194 124 761 214 316 961 296 818 740 997 917 544 121 131 561 332 588 799 492 315 118 119 19 980 310 199 135 156 327 904 629 43 227 292 714 157 878 929 579 645 217 439 330 845 207 558 317 752 851 413 381 469 194 682 658 269 378 584 954 954 162 178 630 420 405 82 220 630 807 591 116 768 827 388 739 116 65 618
141
441 627 757 497 753 208 688 927 924 926 771 155 855 193 137 6 842 393 592 67 22 815 967 650 493 500 806 332 77 249 317 761 264 921 128 704 791 863 771 952 897 368 217 170 944 230 239 564 55 452 488 969 287 118 17 61 967 524 911 748 441 883 239 874 723 604 158 358 58 656 533 777 43 747 385 467 477 125 736 906 407 58 903 794 690 981 258 29 197 741 2 869 531 948 489 820 278 938 710 53 18 9 356 952 938 675 491 677 317 314 772 390 199 121 903 357 676 940 421 995 491 291 164 824 20 482 633 108 129 222 394 851 34 867 715 219 752 607 845 587 876
139
893 472 518 675 649 982 756 546 654 334 738 70 916 227 434 707 130 158 86 786 530 747 659 157 979 152 2 155 877 510 54 153 750 279 370 412 721 206 973 26 871 992 843 538 645 663 499 259 608 771 454 770 528 322 447 584 238 660 116 285 431 928 457 183 313 956 457 864 639 602 476 991 312 132 32 454 880 158 207 544 919 365 322 513 784 721 242 939 20 532 392 836 818 458 935 833 102 560 871 582 608 918 567 283 64 23 173 588 655 514 54 408 255 222 623 950 900 829 640 141 38 805 849 961 575 985 871 666 346 139 582 252 302 3 465 263 872 484 837
535
955 13 18 545 100 215 352 210 588 571 827 919 200 103 846 916 418 647 252 521 900 744 25 440 396 473 342 891 76 613 170 617 485 971 230 612 407 318 528 471 392 485 250 805 341 158 246 693 873 165 483 251 438 519 955 684 566 342 971 716 10 668 629 35 171 271 414 555 849 424 547 245 642 888 537 390 796 378 179 416 624 969 631 371 324 595 264 432 623 726 626 776 186 858 262 629 214 297 361 220 316 357 127 281 1000 76 543 776 742 458 283 858 333 295 897 456 166 194 918 615 398 50 499 932 519 405 294 848 552 284 466 99 821 739 17 945 817 768 973 943 357 923 553 371 848 482 554 714 207 267 171 241 472 163 499 302 426 256 896 932 876 854 430 386 362 324 884 708 832 97 594 291 817 697 789 517 556 535 327 912 868 247 566 687 454 297 174 787 478 225 311 548 412 748 578 176 82 848 759 364 335 74 691 751 294 594 37 861 667 482 542 100 608 146 676 351 186 644 10 281 19 958 762 710 380 723 922 601 656 385 934 90 212 764 366 633 881 610 986 788 949 339 82 149 6 458 178 241 617 729 892 44 267 66 616 206 389 22 841 968 655 957 765 156 850 714 759 417 665 120 949 169 326 384 499 250 232 518 667 984 892 824 959 935 126 501 885 779 750 728 457 326 773 518 844 664 194 722 463 477 58 571 240 738 453 496 545 277 849 559 544 545 89 114 339 737 889 759 23 303 496 239 850 464 1000 539 820 142 725 498 269 950 108 543 351 345 577 835 288 772 616 60 160 165 239 611 579 265 567 859 425 128 949 580 370 905 322 409 597 546 4 335 615 603 543 498 938 293 648 225 124 674 879 338 587 361 448 841 545 393 4 85 434 679 8 20 218 714 379 568 419 720 845 656 196 616 422 983 135 274 293 356 424 221 928 132 749 190 692 344 11 442 718 833 484 748 95 459 868 735 115 596 219 66 850 677 810 328 421 828 424 113 142 397 131 136 394 78 505 133 428 436 932 262 349 955 378 277 273 129 752 596 832 472 860 479 164 390 481 486 379 179 203 653 434 383 645 665 293 866 798 673 220 291 957 130 392 106 234 56 100 743 164 910 26 739 954 634 836 644 861 169 760 106 327 96 963 625 235 201 409 169 853 227 951 693 182 517 237 76 872 741 639 532 38 486 850 726 980 754 62 311 602 357 925 683 895 889 984 892 131 312 825 805 222
709
171 801 274 473 578 646 723 390 302 839 822 757 413 971 527 286 729 354 131 442 185 949 889 402 661 994 927 709 302 220 554 247 638 687 185 819 215 691 481 284 717 379 786 581 871 464 826 376 132 860 596 796 193 292 75 503 746 87 135 900 6 834 27 280 753 756 163 438 564 749 634 104 361 706 993 932 679 848 596 663 948 311 949 154 979 945 640 867 259 715 169 774 967 20 315 245 207 857 893 235 566 52 587 8 158 902 866 987 355 627 861 162 306 679 958 473 478 366 271 624 736 721 540 237 109 902 321 890 423 325 929 75 67 126 632 783 716 618 340 22 798 298 545 278 804 278 647 863 39 717 886 10 599 269 739 814 146 161 977 933 7 46 843 141 244 842 264 66 212 725 888 310 926 979 212 383 143 421 762 196 365 648 108 908 50 878 348 467 775 380 42 860 537 322 146 667 69 60 87 265 136 252 188 723 17 11 760 273 236 139 464 340 387 705 454 176 402 210 802 213 836 400 692 789 654 142 646 187 193 271 408 762 975 923 144 80 246 691 832 264 149 28 103 908 965 720 615 404 423 453 426 948 181 579 69 253 534 660 719 753 151 69 218 328 370 892 106 662 333 432 363 295 415 186 558 753 662 311 378 706 604 967 895 832 668 561 692 524 476 209 289 612 927 82 101 161 248 624 313 600 377 709 182 712 951 179 214 61 465 859 1 703 411 490 530 7 721 372 178 24 846 572 379 52 426 875 140 624 729 850 177 955 42 964 732 783 501 325 279 760 561 684 824 236 25 271 351 476 986 458 65 970 623 505 861 264 669 768 466 991 441 837 472 337 532 354 1000 396 970 181 985 102 488 785 22 901 286 663 131 790 782 152 410 555 697 941 921 545 208 453 960 757 137 130 652 573 283 737 790 975 940 986 765 153 410 687 49 790 586 585 190 99 863 988 909 1 804 926 828 309 205 215 187 723 651 277 273 108 4 846 186 230 649 832 227 970 446 330 471 102 414 519 456 730 355 968 463 572 324 21 740 511 890 620 534 126 83 928 148 165 446 426 28 103 259 932 767 301 313 755 920 252 108 633 422 781 444 202 987 427 760 488 68 698 702 531 295 487 20 584 726 756 840 350 356 58 371 482 352 567 172 824 361 426 783 1000 809 969 829 42 42 137 656 813 821 285 876 980 522 934 879 151 749 381 110 925 384 173 973 808 572 5 463 433 886 336 188 435 458 987 223 643 931 351 212 799 762 249 581 851 503 904 949 290 14 851 993 101 518 217 900 283 619 123 911 25 396 938 90 565 542 445 88 795 580 897 823 196 12 435 157 27 520 10 764 402 563 755 920 722 994 533 484 496 854 466 364 385 962 688 932 141 917 756 549 460 605 269 382 462 983 977 891 436 118 633 318 179 457 929 729 143 643 403 994 700 872 231 140 105 264 536 584 687 102 822 834 774 622 76 895 841 311 325 926 167 901 403 217 890 964 914 132 10 546 973 227 71 384 338 775 414 52 610 233 295 534 949 341 295 69 392 263 121 479 119 359 127 45 180 19 752 77 742 88 637 517 993 448 951 589 268 636 73 415 591 710 863 246 43 153 763 122 359 297 110 765 2 700
811
936 692 818 55 412 115 484 700 912 125 625 969 696 992 496 809 516 224 174 587 506 697 873 900 488 867 551 637 529 149 83 214 232 652 863 387 463 68 230 699 947 242 531 572 305 649 506 698 950 509 375 452 255 812 238 221 16 39 784 677 707 156 842 645 680 526 278 280 801 843 928 106 506 445 9 443 722 13 609 181 163 503 334 921 719 511 381 29 973 638 622 878 989 516 4 969 138 689 837 387 299 402 187 154 543 359 73 241 505 960 378 354 717 733 483 505 303 855 834 384 858 522 561 480 213 484 833 373 888 71 501 366 999 135 41 82 283 413 428 715 972 157 545 933 367 821 633 826 308 90 837 483 646 105 298 400 865 146 955 282 250 730 826 109 133 555 881 704 388 277 781 545 367 770 691 480 227 116 144 274 407 898 358 33 123 754 883 299 321 87 862 263 719 484 123 909 665 142 957 344 669 360 890 283 645 142 313 108 493 155 449 928 254 921 969 629 235 755 571 606 616 365 232 795 667 789 270 347 311 694 64 425 545 352 985 319 416 384 402 59 898 977 482 656 174 864 579 109 64 988 43 278 509 685 725 617 409 902 248 515 795 265 77 394 41 712 889 211 819 91 131 775 20 344 590 322 558 379 495 409 916 16 309 429 437 89 135 800 457 109 303 352 530 349 109 766 481 971 630 228 827 605 174 937 710 831 706 869 690 115 735 725 41 260 953 243 849 114 615 260 159 830 52 764 253 307 684 339 499 837 547 337 403 545 647 978 284 234 696 10 518 133 52 956 445 434 763 331 104 710 822 90 533 550 365 796 201 499 958 177 431 939 13 997 307 92 555 376 188 453 9 524 207 722 255 259 957 4 202 263 48 790 629 163 547 349 636 185 941 656 327 589 471 634 986 888 642 906 545 769 645 436 842 137 521 980 878 712 696 843 961 495 380 246 295 327 133 117 115 82 232 675 918 273 909 232 416 630 800 241 302 901 48 901 950 463 687 436 241 133 785 715 634 912 708 957 222 485 683 704 465 466 473 470 860 773 371 135 548 65 953 297 600 185 387 202 996 118 109 47 472 113 520 577 365 285 364 15 114 918 547 247 943 896 109 334 552 642 164 191 184 299 98 445 13 416 468 186 813 568 151 671 927 770 882 389 969 52 295 785 146 372 182 266 225 591 401 821 880 373 949 337 150 981 602 247 824 508 695 793 632 167 112 417 517 850 371 381 903 495 715 831 145 859 129 313 687 774 125 466 971 838 521 346 968 353 997 220 251 458 194 203 335 101 948 425 750 109 435 887 820 296 908 471 160 622 930 277 844 261 785 65 42 534 832 965 154 791 436 532 72 865 895 308 395 768 59 885 609 830 400 367 966 668 825 522 5 762 548 612 982 438 290 264 729 105 897 828 157 669 561 370 535 101 292 25 278 788 198 262 237 246 810 86 694 382 12 656 601 370 242 654 215 791 241 1000 679 877 232 705 555 220 993 30 4 822 562 580 314 445 742 769 281 136 347 76 836 966 776 829 227 224 411 307 740 642 417 682 453 888 17 851 330 986 674 475 32 501 57 771 455 722 975 380 324 66 800 860 636 253 394 36 198 196 899 297 545 703 772 411 309 115 43 772 709 788 204 946 883 16 281 766 350 902 765 464 707 599 336 2 343 367 400 362 647 260 459 387 213 249 328 795 238 705 274 429 7 651 206 671 22 581 241 596 152 411 102 216 951 791 727 332 126 340 427 849 956 952 452 858 317 162 544 837 45 547 434 530 501 22 847 939 571 508 598 524 746 698 878 166 535 146 766 692 309 273 174 673 530 64 381 931 417 694 461 529 684 224 97 954 664
317
440 79 931 722 309 414 741 348 894 495 25 704 174 761 438 204 435 580 336 741 552 788 587 505 394 708 945 322 258 209 799 846 799 42 88 529 401 485 543 375 170 240 450 509 138 718 40 885 325 60 367 409 399 539 224 440 731 810 880 812 248 336 978 205 72 254 945 86 754 54 135 777 731 411 490 437 343 232 744 500 947 508 520 721 545 419 249 883 631 181 303 900 467 111 210 772 145 407 392 758 299 821 231 286 122 8 104 688 810 751 816 443 306 736 431 501 324 703 856 352 87 185 170 559 934 399 699 754 27 954 642 418 201 554 801 467 786 368 335 932 361 593 131 547 142 698 347 219 464 381 284 967 464 319 901 42 19 103 80 304 592 469 933 435 413 767 505 123 54 144 83 48 118 198 950 394 281 141 301 218 611 32 54 145 3 714 981 200 985 950 37 100 772 558 195 760 333 11 528 653 183 516 153 603 84 185 630 616 287 264 147 63 285 151 824 266 643 82 227 811 334 272 370 717 959 764 750 838 571 756 841 937 824 50 316 768 512 476 683 976 473 96 477 61 803 237 187 288 94 942 554 543 897 901 317 64 749 234 191 234 455 146 704 84 584 46 544 714 683 843 795 220 877 369 527 617 469 620 476 576 164 754 796 465 186 616 550 891 314 756 567 376 738 9 122 385 772 484 730 561 999 802 955 115 335 116 908 608 164 24 93 809 200 569 842 537 534
226
209 91 63 715 225 431 203 561 268 318 695 241 724 965 862 987 314 93 66 575 74 773 967 985 153 738 629 640 610 215 253 249 813 592 84 667 789 258 489 534 38 714 473 664 59 852 328 642 135 896 771 552 632 269 350 676 938 467 188 595 648 310 258 717 902 224 14 515 717 635 652 827 280 574 428 469 515 691 349 302 913 32 927 308 374 282 582 450 290 757 47 394 145 681 419 644 655 9 635 526 532 119 702 459 263 714 688 901 440 60 992 343 701 512 20 472 113 439 137 935 535 969 832 848 682 665 785 655 846 444 896 595 395 859 237 800 421 67 340 655 877 581 412 403 745 858 426 439 573 623 169 680 508 569 251 851 3 199 971 917 213 496 827 942 593 229 319 223 603 748 139 150 560 87 903 231 123 276 289 305 717 285 390 913 469 276 504 650 912 49 477 769 756 16 815 594 73 641 436 236 904 812 726 612 852 38 746 762 679 689 369 277 320 217 509 248 846 455 514 173 382 327 607 330 185 342
95
592 402 393 889 4 521 807 979 246 185 476 376 196 528 115 261 428 490 518 924 602 897 766 940 785 146 917 268 116 892 64 126 683 757 131 589 38 275 154 405 429 8 920 996 456 95 676 362 825 315 326 82 308 810 739 100 243 649 627 848 216 214 346 91 186 765 246 975 16 192 27 410 843 687 439 196 196 778 445 508 913 62 168 209 172 330 111 903 418 940 911 526 178 768 127
143
486 516 430 650 816 389 742 980 647 489 772 915 231 852 269 122 22 131 907 457 144 665 755 714 104 299 886 571 320 81 132 764 224 542 788 108 745 984 334 145 87 841 330 882 499 540 766 435 761 590 780 908 433 469 654 926 618 235 875 361 499 793 376 129 893 211 186 631 680 231 691 458 164 922 74 685 128 918 448 48 84 484 487 703 708 990 882 184 664 289 383 808 413 578 341 851 628 420 268 869 886 277 647 979 272 508 405 62 405 243 899 812 831 79 337 942 283 749 392 222 555 27 506 612 442 779 628 296 883 635 779 14 229 998 481 181 691 485 957 61 32 447 987
58
68 805 191 104 282 999 602 54 556 233 134 878 644 184 403 81 974 608 619 559 618 610 865 370 12 256 752 382 476 128 380 809 529 62 895 922 587 853 354 106 741 892 27 349 296 818 309 915 152 941 523 869 553 285 842 209 72 208
898
640 509 550 528 312 184 763 971 776 449 707 377 206 676 984 57 393 446 665 240 652 414 85 462 195 50 242 326 951 553 101 457 490 661 912 235 262 718 765 944 316 562 489 20 194 279 465 319 55 218 619 417 755 280 789 440 656 597 652 553 342 525 432 919 936 157 240 229 149 546 484 643 451 819 460 931 186 177 717 395 138 986 924 429 409 518 291 855 168 656 693 16 528 3 923 539 919 920 988 830 677 597 390 183 838 739 923 138 562 614 384 109 854 833 982 199 685 653 642 323 204 826 618 585 555 443 163 516 86 725 291 136 977 683 190 951 703 48 875 3 173 324 81 758 538 902 910 641 62 51 366 753 798 961 356 808 392 634 552 304 461 426 547 812 377 837 575 712 876 929 651 278 916 388 820 417 908 846 442 954 461 645 878 339 139 987 844 329 597 199 381 846 705 947 164 64 869 975 187 336 842 490 572 694 238 387 114 398 654 348 669 38 818 67 967 996 896 132 881 483 933 629 828 434 562 79 928 798 95 291 762 630 511 989 148 105 824 156 716 825 216 240 80 361 376 238 87 222 402 785 767 702 205 733 354 329 836 391 370 6 392 529 427 420 867 288 992 367 238 700 928 20 912 72 622 374 393 545 666 689 601 676 510 139 663 348 407 20 489 1000 273 782 475 21 107 839 690 968 144 610 255 899 293 65 953 216 974 325 430 708 724 222 941 954 341 819 422 588 206 566 658 995 195 38 866 542 468 918 586 13 275 443 955 69 934 408 812 441 798 464 813 204 903 380 246 922 60 185 344 762 712 670 236 160 466 63 972 426 151 614 415 837 100 729 617 138 374 229 223 943 547 969 638 451 257 290 300 78 794 822 812 765 651 252 895 493 183 911 925 901 87 287 723 788 87 168 247 807 516 189 191 540 894 521 309 657 520 731 439 20 509 412 304 858 985 267 69 482 629 673 920 197 636 11 888 218 214 435 410 248 562 186 432 74 441 556 425 909 83 253 324 663 472 948 309 4 877 290 137 286 534 811 76 827 680 472 369 89 365 108 785 549 166 106 615 727 259 711 266 870 51 694 995 772 729 622 543 363 893 555 466 806 865 675 371 863 360 744 288 796 35 804 389 618 702 596 260 455 850 166 676 791 678 119 676 760 580 379 548 354 510 941 136 593 837 931 62 619 222 857 705 32 284 910 680 92 393 18 461 177 215 505 41 269 952 79 948 997 409 344 360 347 139 351 618 905 99 454 138 262 47 187 194 574 567 537 510 798 489 471 451 428 738 516 963 941 397 713 524 147 214 866 387 224 252 466 655 83 378 420 790 944 917 687 987 946 813 485 298 38 286 344 539 240 579 765 261 642 983 330 276 476 764 685 176 789 633 580 669 746 555 204 214 437 289 184 492 626 637 969 715 640 953 561 282 368 9 901 268 190 935 873 415 294 149 470 836 547 193 242 445 498 835 695 122 212 36 90 975 761 601 673 157 846 779 598 512 189 850 958 87 862 68 225 591 653 45 204 508 330 7 9 666 299 11 885 17 282 213 185 834 928 115 711 756 997 710 864 570 757 502 498 212 912 726 645 777 603 867 549 306 972 60 156 873 856 500 492 614 105 598 339 676 784 971 150 401 783 150 938 406 468 494 847 711 499 678 937 20 678 971 80 281 342 583 581 912 402 340 351 763 367 584 335 131 626 667 246 540 643 311 626 546 129 88 775 743 146 845 943 738 222 270 704 166 248 520 590 720 778 678 724 238 929 516 674 280 237 305 695 888 750 522 292 723 503 966 80 674 137 86 600 529 180 404 465 706 511 570 143 997 744 127 935 298 820 551 307 174 349 938 824 452 587 308 186 423 194 225 303 86 775 316 963 576 979 427 235 748 9 489 113 328 571 710 911 842 61 264 390 309 559 259 327 912 272 449 885 475 736 60 777 329 84 952 278 499 785 810 765 616 81 96 147 515 890 499 362 995 589 844 338 995 4 324 239 3 824 409 42 765 359 987 389 830 264 652 755 835 329 394 541 751 619 564 638 983 83
752
773 76 69 837 284 299 18 306 218 649 248 413 218 666 240 981 677 170 680 826 766 80 621 577 915 321 888 329 20 135 797 88 194 508 548 976 376 509 532 148 419 409 20 747 207 434 581 882 219 40 530 736 558 695 724 189 131 21 441 13 277 465 194 780 146 748 373 622 898 96 123 433 255 701 348 152 873 520 590 421 977 463 58 946 115 877 492 987 626 400 684 140 119 358 750 40 632 705 499 229 138 677 883 368 991 820 274 147 323 560 108 75 357 101 535 481 12 919 732 536 644 29 421 984 344 27 667 108 470 619 665 335 937 323 959 266 429 876 639 85 451 166 871 112 183 926 283 158 99 670 783 571 723 158 512 194 780 492 316 921 60 262 727 893 445 751 3 133 819 824 746 858 464 792 120 179 68 242 807 344 730 420 230 642 880 490 694 579 33 49 206 191 679 712 744 1000 448 544 857 513 303 330 729 525 470 182 467 903 157 258 262 490 912 908 692 972 825 91 620 941 285 799 974 560 326 930 566 875 282 269 314 934 607 594 37 262 268 890 482 241 286 254 572 336 137 841 908 423 455 545 943 174 444 814 216 997 533 405 772 480 503 294 912 9 523 242 479 349 681 538 411 814 34 7 54 505 305 812 220 719 871 832 904 7 755 738 780 792 290 995 727 692 985 923 998 104 108 237 228 742 926 256 802 868 1000 737 13 367 868 862 307 185 803 975 890 169 933 30 487 133 402 76 920 844 695 243 924 186 919 453 685 855 88 359 405 601 886 210 994 728 499 675 438 534 57 659 220 18 62 80 86 392 791 243 568 571 139 840 574 491 944 238 455 793 866 953 264 991 7 492 683 753 545 491 240 554 554 249 788 932 485 8 593 726 890 692 133 638 234 674 761 439 475 924 292 874 392 525 660 24 300 721 191 388 658 292 21 508 686 718 486 479 312 932 981 290 367 403 513 638 827 967 251 960 56 199 553 294 280 358 107 825 261 411 908 304 279 101 17 399 411 662 279 879 835 963 842 988 665 331 688 406 745 730 260 860 339 524 722 8 13 656 218 713 875 985 388 768 665 996 756 297 702 197 749 304 865 95 326 107 812 428 573 829 900 640 39 469 811 110 937 421 183 169 790 96 487 833 767 497 1 264 456 220 21 461 840 443 977 822 317 159 859 591 998 833 421 843 623 925 660 63 165 702 318 493 61 944 65 973 160 80 601 49 771 351 552 671 789 953 66 217 931 163 620 25 911 621 418 785 680 713 449 282 815 137 756 867 696 479 369 25 509 828 102 948 964 957 394 936 776 363 585 501 649 925 811 702 843 617 40 253 947 232 21 884 633 868 238 949 318 1000 926 845 769 722 199 928 200 915 428 579 468 238 34 887 59 657 697 796 229 749 957 601 125 164 531 37 995 818 523 742 664 612 407 25 444 701 491 209 2 389 9 729 454 445 7 419 281 450 877 678 944 810 978 279 10 238 27 936 13 653 868 883 425 674 330 39 791 648 909 450 318 837 808 642 772 499 980 680 20 199 931 626 771 70 182 875 140 410 342 938 540 97 48 807 366 916 813 858 448 233 762 808 445 199 829 915 800 364 777 791 247 9 143 499 798 539 546 815 423 53 756 436 202 622 842 194 253 495 819 984 643 186 487 249 836 108 227 202 684 39 456 919 240 990 361 871 574 506 862 66 110 111 889 831 326 302 948 613 612 92
17
896 633 881 256 964 907 981 940 975 579 149 797 349 200 321 242 78
465
429 230 72 274 707 410 262 633 148 818 594 700 921 971 724 385 25 56 850 334 399 624 217 172 771 171 341 402 986 426 433 509 482 633 213 112 372 699 641 950 701 976 658 516 440 251 297 808 674 441 128 10 963 21 386 381 921 708 906 541 211 979 882 820 904 713 234 25 545 744 49 649 301 188 326 115 760 644 149 20 82 703 207 880 880 143 744 589 865 645 937 931 97 839 983 964 350 773 644 110 750 991 119 718 58 40 764 307 790 700 179 800 743 774 499 708 668 589 198 305 254 905 88 614 163 805 799 125 539 418 152 53 804 207 174 301 166 884 190 30 516 580 14 357 174 996 456 464 940 907 545 503 981 713 363 316 818 205 610 89 595 474 963 1000 535 515 593 821 78 257 283 945 652 453 579 948 195 673 45 135 887 564 383 12 496 694 81 215 498 429 703 672 295 325 785 749 990 335 849 493 772 473 183 24 134 830 890 570 54 262 471 311 993 868 834 529 454 340 443 129 391 732 983 913 591 639 602 513 388 756 401 320 507 883 355 815 882 128 939 930 918 305 831 145 718 221 160 506 934 889 786 935 789 951 663 149 683 928 64 225 953 925 3 855 537 391 55 676 830 306 567 285 239 1 336 847 648 404 6 384 342 416 1 263 403 984 400 469 643 235 642 423 561 834 984 873 961 704 989 58 167 324 35 470 646 60 584 304 737 847 98 272 210 241 861 516 685 382 456 195 512 654 215 622 779 12 769 16 526 562 612 379 863 810 472 920 380 131 48 254 288 275 163 966 699 806 936 132 2 926 467 259 117 662 775 831 757 658 821 67 975 449 452 956 601 875 552 594 161 32 888 515 976 364 850 276 864 220 512 959 9 739 711 454 179 715 764 819 325 655 783 349 501 623 927 912 114 840 284 640 393 361 516 319 863 952 255 744 998 582 811 612 532 579 754 588 698 383 880 996 629 574 17 369 605 942 755 603 728 495 674 185 984 513 79 995 322 224 296 385 917 617 539 408 250 246 960 164 595 268 508 591 977 912 258 24 434 72 907 335 835 562 434 219 423
933
360 623 788 139 107 227 826 201 70 210 885 628 287 741 288 493 696 423 967 371 295 876 417 174 898 281 167 759 518 422 790 59 354 102 969 775 662 2 130 351 631 348 546 42 164 29 14 833 371 18 305 191 999 753 717 671 270 298 303 528 148 406 997 329 311 144 232 587 291 568 879 233 987 876 605 41 23 496 580 883 160 648 719 830 577 157 428 264 942 610 298 372 970 246 820 392 911 163 914 556 604 574 843 443 64 758 82 182 887 18 887 340 736 70 843 237 992 795 928 728 54 774 616 72 472 650 876 755 197 526 636 726 236 539 326 536 779 403 278 279 225 692 309 621 109 640 562 611 654 428 939 237 142 469 155 171 410 649 607 973 525 652 780 237 745 326 501 247 380 300 246 529 841 770 972 528 145 163 986 500 323 32 854 766 372 459 26 110 309 129 851 97 477 407 385 335 269 934 418 808 784 870 527 614 749 761 667 761 172 214 456 611 244 440 902 214 889 729 218 390 615 21 380 753 149 567 459 619 799 252 81 463 802 107 628 844 114 218 398 75 119 849 945 73 538 99 219 268 580 111 996 407 832 832 149 30 990 354 764 595 635 741 861 501 992 530 374 462 347 869 992 456 704 943 668 957 428 172 66 798 801 672 947 735 49 536 199 866 799 16 32 684 267 73 552 251 390 731 195 270 442 328 540 56 27 506 112 258 789 174 974 970 232 437 882 633 62 654 580 232 964 499 402 652 551 856 378 579 946 634 28 518 310 434 844 613 852 229 315 955 179 74 141 988 242 346 635 429 590 871 220 937 6 830 129 722 671 531 141 586 37 88 113 118 313 606 180 726 391 755 476 12 106 591 553 312 119 272 769 238 662 566 136 632 195 659 389 223 775 834 212 407 168 758 313 604 577 762 615 481 336 65 343 711 90 7 506 19 586 273 275 921 520 819 917 657 9 456 131 43 741 643 6 995 694 124 426 226 39 81 794 606 249 382 225 313 811 788 659 363 605 1000 243 982 660 296 878 825 767 460 434 759 129 827 599 225 539 867 284 510 440 46 108 56 846 477 106 470 806 961 154 598 415 965 498 583 389 968 35 578 410 266 387 837 859 846 518 781 317 429 704 207 452 751 100 883 207 990 420 41 846 351 282 215 22 239 478 325 429 589 572 291 663 764 365 640 936 23 548 695 409 328 522 609 571 91 835 133 66 365 918 873 331 688 592 20 158 621 326 211 404 471 219 982 403 177 254 261 693 19 87 71 731 231 513 609 340 968 161 221 54 946 305 84 705 478 329 835 956 380 556 237 379 142 437 822 485 619 211 712 926 335 869 979 83 162 224 415 945 580 846 735 108 744 727 553 816 161 598 136 706 894 835 625 364 260 122 407 744 563 391 502 234 717 490 330 439 588 994 154 629 701 945 533 950 792 562 750 251 78 452 325 453 827 326 440 45 54 351 112 74 113 779 876 724 591 529 892 969 392 282 381 87 441 188 109 266 357 476 83 426 782 624 213 220 586 336 552 411 148 663 857 752 771 519 325 204 395 988 848 683 13 978 118 664 587 571 278 32 53 100 421 122 183 940 920 228 415 951 529 522 984 866 168 213 555 519 711 227 854 292 875 229 290 704 250 866 784 794 923 749 242 487 180 682 236 40 759 297 883 433 754 550 362 582 616 80 402 887 676 507 653 609 771 566 359 721 712 374 104 526 997 997 299 754 549 476 964 716 165 692 178 262 42 979 874 133 161 64 278 641 220 626 15 163 693 544 890 947 319 515 805 245 970 45 646 262 795 867 511 14 341 829 162 998 100 347 109 836 95 586 782 786 530 546 41 147 400 526 826 20 545 738 449 920 864 131 878 2 866 634 32 997 637 83 21 11 628 214 793 44 939 853 835 771 826 624 274 871 845 603 393 886 610 185 765 425 424 516 641 984 636 314 636 874 797 358 373 510 982 977 403 699 667 377 227 218 552 962 146 576 718 556 247 928 392 55 753 26 117 569 374 226 736 808 879 660 101 506 895 542 225 280 382 406 187 204 83 254 672 457 397 398 696 692 777 203 502 130 246 804 14 959 673 421 957 177 356 175 834 158 742 556 668 105 670 144 875 809 842 206 555 249
733
634 12 706 666 868 835 45 667 87 278 877 349 659 743 57 179 96 861 320 51 774 569 147 502 703 589 120 370 837 257 570 149 157 630 961 994 819 631 287 43 914 12 890 726 779 600 703 42 690 616 916 182 374 606 223 759 324 237 658 600 284 322 679 953 542 415 492 931 331 9 214 244 16 751 100 620 882 712 753 18 68 740 317 306 267 681 344 14 716 800 240 474 575 299 245 757 507 488 606 629 336 951 405 372 27 948 642 282 611 575 794 711 158 98 40 471 503 98 216 634 355 897 688 14 756 685 478 901 426 615 64 944 838 617 81 398 792 68 336 710 874 873 897 739 90 746 999 135 221 799 575 694 360 286 391 197 799 705 258 344 10 120 806 635 315 467 526 992 600 585 812 451 964 954 125 585 21 753 675 404 536 498 169 121 420 944 537 626 994 773 316 605 841 239 255 725 260 760 388 385 823 147 567 533 961 178 985 997 5 465 340 564 489 3 491 142 183 79 863 912 819 55 516 287 621 734 614 142 92 771 650 563 512 148 628 290 269 840 712 810 571 970 671 155 493 563 464 245 492 865 546 713 158 542 841 546 631 249 487 625 640 409 851 794 597 8 704 951 884 562 39 277 45 950 711 396 37 23 114 639 367 919 471 882 227 431 735 384 328 658 440 551 477 767 471 41 566 36 607 165 700 760 87 342 757 816 722 610 295 571 66 354 427 715 63 524 247 989 143 815 118 745 206 568 96 155 772 104 455 101 361 562 939 231 299 297 846 282 204 169 164 518 724 431 405 869 521 661 18 371 669 663 183 460 936 509 272 594 379 404 109 469 498 754 410 647 302 897 300 667 504 687 155 890 958 417 394 837 362 256 92 318 652 182 404 98 995 542 582 615 933 879 483 642 610 634 100 28 620 837 394 864 886 355 121 811 398 473 660 270 939 1 441 243 676 212 773 784 281 949 468 263 559 651 548 727 262 208 120 369 506 779 787 930 710 702 647 195 527 514 722 550 841 565 724 548 488 284 964 689 78 873 327 616 553 155 595 975 221 793 735 557 349 302 378 439 456 373 942 401 679 833 472 88 457 480 965 416 872 61 58 729 651 650 256 291 682 695 433 648 649 96 553 415 293 116 540 971 70 516 305 952 388 561 486 1000 629 349 717 508 976 701 346 812 591 224 435 6 724 444 55 217 388 712 338 311 201 624 554 191 396 708 654 192 705 644 152 821 617 309 88 201 526 553 621 85 204 506 323 754 202 627 422 468 158 948 280 596 381 209 336 364 989 429 580 405 117 166 996 803 52 206 861 730 880 862 736 403 987 393 413 503 685 638 563 802 971 967 396 789 439 588 259 449 366 875 968 638 642 920 346 540 401 991 786 39 735 867 491 325 525 806 292 325 525 780 365 992 914 568 224 954 671 56 659 328 49 235 650 19 874 352 627 666 645 57 338 959 28 420 508 580 654 694 764 196 451 414 139 257 656 959 82 516 211 846 786 528 362 93 815 374 647 423 436 37 361 545 654 818 762 379 949 497 904 206 811 256 271 831 673 117 908 568 136 510 583 787 75 998 878 183 137 853 302 302 248 583 298 989 349 791 612 388 940 526 669 3 454 943 747 559 121 886 997 665 308 807 616 757 711 663 357 983 90 49 169 113 432 474 597 491 655
185
437 426 177 722 769 185 282 998 629 963 151 464 194 563 926 722 870 970 758 358 432 385 5 374 588 399 143 706 608 891 936 608 21 609 579 939 287 495 842 848 776 353 13 331 446 746 13 601 380 850 269 237 821 719 584 711 82 884 207 274 796 947 577 316 341 722 386 537 724 398 943 767 369 220 187 617 204 131 714 131 1 631 13 679 97 584 226 546 349 64 272 47 687 723 982 910 507 903 240 576 675 971 616 81 177 518 547 774 135 788 397 6 973 23 496 858 688 990 327 631 389 405 727 267 964 1000 775 153 631 427 516 2 628 985 72 130 605 458 212 815 138 788 98 901 518 335 643 705 111 492 448 71 575 222 261 884 777 618 836 702 863 335 110 789 454 866 186 574 918 753 321 613 747 256 696 46 121 199 251 882 22 703 180 914 532
603
519 584 307 581 960 964 709 858 225 732 760 785 545 679 888 521 154 551 645 799 61 1000 862 969 795 10 405 402 583 718 397 42 343 913 676 219 694 992 853 7 191 521 393 275 650 198 197 802 334 764 28 215 496 502 579 619 59 459 706 809 132 854 236 146 745 504 231 308 488 989 268 211 615 704 828 90 500 30 455 75 965 46 580 135 188 128 353 522 261 780 695 303 290 751 734 351 102 931 789 552 551 469 734 771 202 249 383 297 951 994 576 189 516 290 370 416 659 401 325 942 398 781 65 786 358 509 110 943 695 583 701 399 170 716 538 504 75 280 766 167 611 267 702 912 884 827 671 151 490 645 709 759 835 942 595 974 797 956 834 159 41 681 828 708 748 95 366 38 514 205 141 142 226 201 114 340 26 430 745 795 112 247 298 168 607 953 475 678 295 296 166 21 565 711 851 647 815 622 404 279 629 717 826 448 575 910 707 394 998 65 693 815 861 883 699 926 532 913 424 354 392 642 676 782 735 886 510 96 252 981 573 632 346 25 239 442 253 592 424 885 763 281 976 732 7 819 806 990 634 21 251 912 532 785 833 595 190 638 820 830 728 566 879 840 570 400 599 904 806 496 770 522 681 918 92 902 459 458 55 114 775 374 861 360 367 11 834 257 628 179 366 866 80 856 919 885 294 197 729 123 929 238 34 947 954 943 689 269 226 153 688 517 776 779 657 608 133 927 920 30 472 942 18 804 95 597 733 732 68 760 498 241 990 693 446 660 100 686 649 56 604 102 667 189 428 722 391 92 6 556 545 903 203 31 217 260 995 644 755 957 521 595 90 892 110 504 788 863 178 388 527 197 442 838 858 974 695 881 267 199 977 345 363 779 615 52 601 588 521 868 422 798 517 311 612 6 119 353 107 584 194 644 732 496 858 607 612 971 124 181 560 682 553 50 375 114 928 108 71 180 634 446 863 629 576 142 38 770 21 751 188 58 69 658 322 289 10 660 533 622 480 257 898 899 801 415 526 515 312 774 201 371 566 86 608 140 644 341 26 29 729 674 82 699 335 32 457 563 446 376 383 724 561 182 496 818 283 139 381 940 556 836 49 168 207 889 94 33 292 875 608 216 368 702 214 180 717 827 233 286 368 238 735 835 487 186 796 739 792 40 350 302 773 931 74 225 249 284 944 804 913 487 451 828 105 409 896 851 805 855 173 245 136 236 317 413 834 866 499 969 696 530 742 46 4 847 159 227 4 447 753 893 402 521 367 474 819 257 22 926 600 216 360 881 733 153 247 16 600 243 529 33 809 265 281 933 322 616 939 855 318 751 167 314 175 1 950 105 909 39 726 792 325 27 134 461 843 230 299 848 923 739 832
706
562 816 763 986 525 730 179 297 934 616 543 473 571 652 63 489 809 532 488 647 477 769 441 41 616 834 642 369 965 78 248 514 97 319 48 553 111 978 929 273 911 127 962 734 180 132 555 807 811 490 735 446 369 534 790 14 714 972 663 607 29 50 982 682 323 147 587 263 417 200 289 68 508 322 745 935 364 804 501 218 322 304 874 11 536 551 967 38 571 510 459 528 215 374 798 910 370 102 395 150 880 29 285 367 104 414 332 816 829 200 510 82 238 528 364 769 884 477 375 624 288 722 1 758 828 931 250 906 600 217 720 78 349 614 22 439 371 303 359 974 181 295 189 345 634 103 759 939 740 347 125 594 928 581 88 437 665 687 905 818 720 443 965 637 61 386 692 761 381 575 354 288 784 254 162 654 254 402 956 591 203 481 486 492 452 303 667 626 905 380 816 713 372 449 332 687 149 471 417 736 729 472 957 952 67 851 597 430 113 621 86 51 210 980 271 578 259 583 504 675 505 122 868 319 745 563 388 599 77 668 223 671 473 526 723 983 624 132 560 153 514 637 620 231 207 899 939 607 563 884 637 90 630 482 891 55 200 249 529 522 986 774 771 372 768 635 353 398 506 940 912 645 60 851 672 336 584 446 165 956 651 462 249 284 969 738 891 736 88 806 885 357 329 187 237 419 399 895 788 336 164 885 444 779 532 930 922 183 171 360 935 774 548 768 284 646 856 28 86 709 386 250 568 801 445 276 121 980 138 383 749 704 136 905 388 419 167 211 296 871 850 335 812 694 257 694 87 533 217 386 717 151 673 686 179 275 852 172 906 496 690 210 376 838 468 859 86 679 447 899 929 71 5 490 480 237 259 980 840 578 628 867 355 873 914 997 779 691 178 271 149 37 928 254 316 671 649 418 722 440 331 573 456 246 50 958 240 704 511 565 802 565 41 496 997 656 657 861 166 395 670 636 561 498 1000 867 364 375 32 162 716 419 655 552 953 142 963 466 682 352 948 878 924 820 822 759 827 524 448 260 692 697 163 827 906 130 262 469 15 253 441 914 704 1000 583 667 342 802 901 861 685 916 856 464 663 544 540 267 649 829 956 616 397 689 962 595 513 218 72 572 854 713 885 582 258 155 225 178 815 710 788 839 385 697 250 315 148 574 602 385 955 790 477 870 990 980 255 892 774 811 307 93 611 645 894 945 470 583 167 954 823 609 523 269 243 772 133 821 926 195 750 33 9 952 261 794 568 512 154 1 940 138 131 1000 517 382 771 783 669 271 575 557 43 134 485 285 985 510 803 807 427 314 27 154 779 267 908 725 833 23 538 579 483 772 580 486 230 335 487 548 153 58 390 56 740 587 625 240 769 219 614 46 959 78 13 814 234 390 269 129 466 761 619 325 466 634 693 777 26 247 871 693 357 413 288 33 72 56 772 915 707 304 517 162 997 528 577 207 426 536 195 809 280 582 354 562 110 897 613 969 74 114 934 808 377 763 222 270 723 61 379 671 78 722 554 727 413 53 7 787 418 244 356 142 930 443 759 559 353 932 157 596 994 296 279 126 625 901 490 152 386 219 786 999 942 966 612 651 611 410 974 154 542 194 249 169
705
314 575 457 410 655 29 956 108 154 991 620 977 107 947 22 600 964 844 144 718 177 855 695 277 501 842 892 931 823 85 33 440 996 489 918 400 998 896 331 319 544 46 820 123 704 330 20 72 224 203 651 734 168 391 262 236 713 871 805 352 661 861 971 547 74 115 722 878 20 639 807 206 217 870 474 71 509 247 328 141 195 237 885 303 75 716 987 702 292 10 581 103 855 666 928 810 906 975 920 882 351 628 526 877 468 649 375 577 329 691 131 758 614 347 926 134 303 900 55 572 693 90 913 651 663 142 483 104 315 631 23 615 793 928 914 657 800 26 964 517 762 2 573 841 495 919 134 905 5 986 894 328 699 784 52 455 664 934 71 904 272 270 609 746 203 391 164 941 119 165 43 856 738 895 522 88 873 226 902 802 423 823 205 176 918 955 519 517 819 336 180 180 499 185 800 973 533 5 301 379 73 22 921 803 704 469 916 218 833 165 64 73 329 867 7 287 520 671 769 147 312 846 606 326 631 542 984 648 569 162 665 32 807 942 291 7 755 646 716 505 987 687 350 267 665 197 964 184 92 549 112 560 626 670 99 162 147 919 795 504 645 194 857 589 896 348 121 670 560 634 427 862 565 283 497 296 629 730 87 697 825 930 731 890 295 487 203 768 369 599 53 563 615 691 867 238 73 984 736 370 977 61 815 616 668 565 240 386 646 153 887 627 70 65 960 688 466 352 917 254 211 296 537 562 664 426 267 274 189 556 502 413 471 668 367 626 690 38 578 926 346 799 111 55 12 591 349 235 569 203 416 757 271 731 288 573 542 190 779 500 408 464 254 625 224 79 728 253 225 270 647 447 13 191 527 128 286 46 248 480 731 766 416 118 18 552 224 257 246 210 35 490 346 679 772 74 549 248 607 343 763 509 848 735 796 720 305 750 95 28 793 426 76 916 194 601 83 259 44 483 299 803 673 364 567 525 471 774 195 10 62 377 393 922 782 680 994 252 854 87 395 173 229 979 156 368 366 822 690 554 325 454 498 222 39 750 518 840 842 458 764 457 115 387 918 710 784 471 558 785 38 678 929 12 248 800 705 47 525 649 760 614 511 124 692 141 289 280 145 930 41 136 922 37 224 285 803 538 487 106 260 80 749 853 93 60 420 914 622 535 340 238 952 597 442 85 347 111 647 721 712 351 763 60 424 398 895 835 740 457 195 562 9 873 348 302 790 975 580 639 450 277 183 279 451 887 656 306 568 768 191 22 200 540 843 245 152 224 294 851 586 595 796 236 302 843 6 658 924 29 668 824 819 706 953 943 510 784 492 857 900 49 445 922 407 707 795 674 333 296 150 532 945 402 48 260 750 945 56 107 337 732 896 787 434 990 871 807 914 538 943 258 885 938 556 103 257 143 512 357 778 280 604 97 664 762 351 886 7 296 49 407 353 740 605 207 469 561 344 229 295 293 720 829 496 574 232 676 161 960 785 934 759 948 794 594 42 660 161 745 534 96 565 957 593 969 78 620 45 644 403 638 558 22 723 348 718 415 71 273 567 942 811 995 744 574 12 75 780 334 158 96 458 472 918 669 631 152 362 423 59 132 500 611 122
624
184 698 92 257 343 643 379 317 262 354 853 886 994 389 666 669 154 649 7 644 115 768 248 244 347 339 18 172 787 261 4 622 852 926 220 744 700 957 784 52 597 236 560 217 918 480 316 726 452 772 312 298 404 810 300 215 902 56 267 777 39 243 698 804 425 551 11 685 759 38 378 58 129 977 728 677 80 342 842 251 161 165 774 992 197 721 305 73 211 936 535 303 791 855 498 548 108 470 996 433 456 894 874 863 33 444 895 840 306 417 318 327 610 973 581 428 454 241 438 25 265 851 129 105 35 418 955 75 783 110 842 846 909 475 324 305 122 190 648 800 669 25 569 720 334 794 197 593 54 893 292 962 783 608 339 944 238 12 972 832 727 887 286 945 115 448 852 399 330 172 929 747 830 720 214 890 511 756 738 704 318 460 60 329 599 237 224 975 904 681 412 900 156 540 376 15 373 596 290 323 646 215 176 444 361 764 859 7 287 32 616 733 895 224 682 560 512 310 805 595 724 504 335 185 60 460 210 426 413 614 355 118 264 837 897 901 780 624 734 837 146 379 277 590 67 28 459 816 339 766 923 391 45 417 743 528 418 641 999 651 565 346 211 63 159 496 28 536 451 830 851 556 201 642 35 578 564 424 993 806 816 830 883 841 284 603 544 998 205 211 277 347 319 151 980 847 705 904 566 113 561 600 503 800 401 968 830 832 810 203 338 733 782 326 876 200 580 759 844 97 991 41 325 255 840 192 292 644 3 333 889 250 487 634 144 883 637 435 199 82 385 292 537 877 23 48 16 322 47 798 724 547 385 900 637 162 196 282 364 871 978 301 152 611 816 270 804 123 696 484 927 842 680 478 867 121 594 891 201 936 945 878 514 918 92 476 434 409 748 251 474 430 74 290 966 759 27 337 604 374 554 401 515 419 6 581 920 567 514 841 718 578 66 553 517 135 887 805 92 827 470 591 39 772 128 725 553 789 329 907 328 54 311 137 809 780 78 25 568 268 401 74 525 427 557 898 522 854 461 970 231 724 393 192 592 248 268 937 310 89 357 726 82 38 812 736 574 180 643 707 632 696 398 784 189 173 953 775 33 184 504 726 31 638 608 999 189 663 63 580 461 920 368 902 759 129 507 541 135 463 190 205 485 642 615 52 947 458 237 423 454 800 570 58 554 344 806 655 916 678 688 107 414 842 53 355 345 357 422 655 881 280 641 871 138 939 176 615 742 257 935 762 572 587 826 695 648 85 325 210 539 422 113 467 470 552 494 166 134 529 798 488 399 749 29 416 43 923 682 950 756 299 323 670 325 404 854 842 186 867 940 544 571 157 999 383 557 40 670 588 557 735 474 465 682 121 183 237 12 637 228 168 11 1000 33 831 51 376 980 709 990 645 255 777 243 166 151 841 103 497 125 924 151 573
399
561 529 850 30 725 393 878 977 390 616 475 190 821 247 875 195 882 294 737 933 398 54 686 153 163 115 631 716 436 970 302 228 923 161 615 503 549 596 827 30 760 982 863 284 90 770 501 455 796 561 842 355 698 26 730 814 357 630 249 238 650 225 628 535 42 694 318 332 70 792 165 952 220 735 859 870 144 293 281 837 640 34 355 470 994 911 45 429 492 671 334 150 346 7 346 742 340 925 999 881 444 885 681 111 261 714 602 458 123 234 241 77 83 199 431 447 995 115 863 203 49 734 664 436 187 570 369 534 457 472 273 391 469 655 836 837 862 638 678 930 18 639 492 187 684 985 716 897 850 991 822 267 561 109 508 33 951 187 642 584 805 735 839 72 298 264 167 798 229 524 580 864 623 678 877 212 532 669 486 869 596 430 636 67 24 281 822 118 609 204 508 816 72 989 564 612 120 825 640 689 685 892 498 67 595 795 968 48 325 358 95 632 568 713 606 483 665 1000 807 967 261 170 65 957 842 226 322 846 670 517 445 574 523 728 827 334 624 725 610 763 721 127 469 129 905 423 146 357 726 355 648 833 120 722 551 588 236 379 37 366 963 354 935 135 555 194 320 208 670 123 936 372 128 695 919 210 757 89 128 902 573 301 233 780 90 697 252 300 296 999 721 627 178 797 291 820 551 128 576 744 169 174 759 401 377 599 632 405 162 482 653 351 606 735 805 365 952 14 313 22 997 958 691 306 663 508 606 556 78 613 724 894 250 455 380 208 855 829 84 560 768 936 811 66 439 915 768 11 39 896 662 810 661 612 101 682 427 337 167 847 678 34 531 768 312 598 986 980 245 318 789 873 798 324 789 276 779 552 454 589 880 817 857 354 959 416 864 118 295 604 848 715 479 330 450 399 390 673 739
680
8 433 632 191 199 161 133 267 218 390 110 332 381 447 75 507 113 48 192 950 675 885 752 901 632 353 820 796 447 226 256 190 17 628 819 200 90 822 667 65 607 792 528 471 219 130 232 48 492 621 827 637 333 448 662 937 271 891 126 537 213 367 70 974 539 135 202 947 46 592 466 916 333 610 294 906 488 780 587 57 77 420 661 104 907 159 444 203 903 674 805 446 411 821 290 976 540 840 85 545 284 61 465 690 470 393 506 639 842 95 284 367 68 746 271 970 989 710 582 944 355 956 47 239 399 362 410 781 857 132 654 807 630 291 294 750 79 909 298 238 926 860 167 945 518 750 631 275 178 622 125 52 433 728 799 159 992 649 378 723 325 71 456 516 545 537 553 214 328 706 207 19 792 503 779 823 662 218 415 444 513 587 789 195 355 956 122 752 978 74 486 311 313 286 235 601 323 535 567 305 266 525 299 462 72 491 20 648 361 204 765 183 635 740 993 314 868 285 777 340 576 714 227 91 9 881 534 516 693 992 933 865 792 547 219 424 884 962 221 710 841 752 162 130 734 772 755 401 278 851 447 883 799 828 431 330 874 817 280 253 987 794 754 569 69 749 113 458 360 409 794 445 552 332 401 223 508 804 586 112 786 436 301 310 676 746 824 165 659 531 698 815 420 40 477 844 585 572 10 822 459 78 468 32 29 423 95 660 801 480 675 874 963 577 955 502 564 97 46 321 642 722 23 596 753 267 139 544 906 736 50 848 274 738 464 732 177 810 920 178 585 319 561 585 389 336 911 370 909 652 842 254 645 544 516 208 434 393 887 55 363 381 778 190 774 212 429 391 926 50 234 531 861 821 684 332 669 453 767 803 904 802 377 72 820 933 955 522 58 859 999 539 735 163 947 843 836 981 185 355 820 936 831 667 821 84 345 659 578 907 210 732 508 658 672 884 477 910 507 410 652 847 314 752 986 234 839 694 407 177 776 17 323 904 369 891 366 959 817 563 425 530 524 256 77 451 53 345 631 9 956 559 812 268 834 835 774 824 578 642 817 431 766 902 187 819 422 618 663 622 578 256 749 943 9 592 87 411 266 797 879 53 411 682 628 283 682 935 772 505 645 998 131 723 316 506 799 221 766 918 178 748 299 208 533 920 311 614 539 175 643 292 274 548 517 624 288 505 813 26 123 64 861 182 281 337 169 573 70 218 331 59 947 496 87 222 266 114 956 724 666 812 291 733 976 434 717 875 435 479 482 912 321 740 662 22 402 78 657 461 430 618 407 131 744 398 877 521 617 537 195 629 733 995 744 753 831 700 869 283 193 332 368 941 7 58 887 150 761 563 345 428 642 285 292 209 55 865 333 563 711 530 706 90 595 32 156 194 709 612 498 320 892 854 396 683 530 771 404 491 961 361 38 324 239 840 525 530 649 884 155 538 503 662 180 615 841 267 878 563 221 47 865 901 335 560 6 316 525 385 828 897 963 350 186 420 917 405 25 945 679 27 720 62 18 46 661 281 748 430 250 479 664 406 799 351 766 761 744 640
12
510 332 151 24 187 925 550 707 766 490 316 490
977
108 333 532 547 291 148 537 785 261 448 423 565 566 669 151 30 57 735 571 491 979 657 423 30 604 707 376 646 854 382 682 146 898 916 216 910 915 493 765 998 824 634 711 273 92 303 683 279 744 319 262 80 965 718 470 412 12 859 708 782 986 399 387 6 145 330 320 202 471 346 226 339 950 241 881 916 935 301 937 948 288 181 792 865 979 688 549 785 149 630 16 792 246 127 742 914 552 140 54 385 572 922 69 222 939 701 147 465 146 994 177 912 32 595 928 339 110 709 223 181 253 996 714 756 219 43 274 261 140 488 152 511 278 732 137 73 492 478 793 188 654 163 384 811 658 960 391 461 361 179 757 639 920 800 646 852 422 530 995 648 181 99 480 381 638 424 310 570 206 860 562 107 80 255 173 770 442 747 324 879 587 424 470 588 267 105 939 700 731 550 349 407 386 977 818 483 779 639 524 848 286 621 66 467 719 740 993 629 348 812 598 992 346 698 50 923 839 896 209 311 333 648 302 848 734 625 191 130 442 766 167 593 944 189 944 854 857 388 753 466 118 350 985 695 747 37 682 933 720 999 989 989 559 364 446 885 282 554 870 374 896 118 974 328 995 854 13 739 208 297 241 501 503 118 110 636 605 777 87 331 615 340 139 41 452 338 661 258 280 156 264 992 414 147 616 998 224 459 722 399 939 786 791 614 730 878 463 664 209 762 89 333 796 467 36 717 484 708 149 375 856 75 917 168 646 391 963 294 270 160 807 63 451 208 941 487 99 205 453 864 749 928 729 136 491 626 92 687 587 869 303 709 697 735 981 350 869 254 225 783 549 850 350 530 681 987 38 693 227 400 242 701 236 82 604 82 421 698 790 58 574 988 680 809 508 760 350 330 775 507 932 273 74 249 88 622 320 779 491 216 724 261 80 960 632 754 271 968 673 764 567 193 874 531 735 454 888 519 258 23 735 511 678 78 598 624 377 14 151 78 756 349 756 747 88 617 104 182 567 832 664 764 319 8 328 494 245 388 195 431 252 321 155 830 252 32 183 290 936 762 594 983 101 486 103 390 413 570 303 586 941 675 869 33 480 885 279 373 999 804 855 177 734 709 446 475 259 749 556 803 168 288 418 317 311 818 774 131 838 645 439 575 975 179 489 796 88 240 977 461 616 759 392 482 143 936 736 149 424 1 591 411 238 290 38 317 828 626 999 276 893 620 957 449 77 991 925 301 855 905 286 271 237 923 409 565 41 462 256 374 797 587 275 518 188 720 497 351 575 65 740 103 143 575 97 64 165 756 517 27 609 843 887 733 86 187 927 979 148 808 293 379 662 502 98 549 520 636 919 884 83 700 913 765 77 842 359 872 695 279 668 273 676 160 451 619 969 687 329 357 632 428 87 285 490 233 31 711 852 180 845 675 512 848 933 666 671 715 278 89 203 185 778 979 611 594 959 909 705 546 296 348 370 891 918 30 772 772 789 206 582 281 741 941 25 22 762 399 807 173 230 731 698 403 8 35 72 157 531 360 252 517 39 89 367 135 540 831 348 270 159 368 508 244 746 19 501 760 797 375 449 16 230 294 590 94 298 777 343 393 204 39 653 887 129 326 120 792 132 114 57 81 515 899 643 631 195 881 582 855 699 764 863 463 240 64 47 929 181 212 884 728 106 577 689 96 486 599 433 689 607 43 488 176 717 190 611 343 348 844 195 168 319 329 633 622 847 637 126 576 612 59 676 955 52 437 770 856 633 681 693 796 104 590 947 871 183 192 286 176 168 5 251 158 817 263 284 272 998 982 721 134 245 154 424 263 802 530 816 892 135 121 2 985 897 803 354 315 781 78 695 953 698 25 766 941 839 623 936 775 420 476 610 544 475 332 58 482 834 769 228 272 908 834 93 769 728 215 770 505 928 238 964 78 992 329 64 891 88 745 390 463 891 715 224 877 43 79 654 314 473 943 914 460 757 124 867 411 45 998 54 128 749 342 984 599 884 90 337 403 962 636 28 970 144 177 165 160 315 418 104 591 571 380 85 199 321 802 214 734 794 877 991 967 622 62 851 522 187 779 791 272 900 517 889 238 234 720 951 816 440 596 705 207 590 535 530 643 676 57 43 512 384 771 256 302 622 133 765 608 693 931 229 744 703 122 672 31 794 20 966 295 982 962 354 399 521 340 519 897 72 328 255 5 130 21 800 908 284 896 706 460 752 138 865 856 594
16
555 143 77 567 846 209 601 915 484 486 395 941 630 102 988 399
198
442 527 360 296 522 517 418 325 985 558 894 924 194 507 875 199 628 291 396 917 277 777 64 735 89 316 87 638 189 325 318 207 919 997 326 383 272 127 33 954 172 291 104 666 690 89 815 533 378 883 730 126 674 62 752 745 242 575 49 254 307 919 146 161 613 369 984 39 155 930 907 773 604 360 365 416 980 377 440 163 601 864 815 178 895 12 360 195 871 510 85 557 196 450 800 825 514 640 827 289 316 544 951 191 359 835 836 857 187 639 665 688 832 434 893 12 156 902 445 783 499 64 605 962 864 470 608 599 341 193 157 987 670 200 913 870 839 616 210 923 368 445 124 353 367 890 831 477 231 88 441 842 229 345 253 707 379 509 232 56 184 937 331 867 927 529 485 180 551 920 937 1000 2 137 366 8 134 226 177 409 180 809 244 448 797 658 23 184 544 172 261 580 764 725 422 103 323 377
215
589 530 835 499 554 1000 104 736 78 631 834 101 50 938 674 726 427 324 542 119 283 677 659 187 697 295 680 535 87 10 569 968 872 337 75 452 134 674 729 267 823 114 772 647 510 292 746 124 357 541 108 748 727 47 299 191 984 195 974 853 559 624 46 20 27 906 95 959 644 40 337 672 951 153 950 551 997 110 455 442 808 868 690 930 42 776 545 495 288 955 803 736 59 268 353 163 830 138 512 325 549 10 413 715 713 953 6 20 714 477 740 757 748 692 504 158 935 642 343 787 59 784 259 744 904 31 139 274 240 615 196 66 774 105 593 505 141 385 317 83 400 435 566 792 490 854 447 939 144 277 756 439 81 137 953 52 978 993 75 865 798 429 122 104 845 961 332 720 816 185 776 777 796 799 147 176 438 773 72 496 301 269 822 512 995 141 847 643 509 605 552 31 835 738 813 54 839 783 421 867 120 106 985 584 203 454 336 583 269 80 781 475 50 163 609
180
974 779 100 3 754 209 632 250 139 394 15 831 218 22 393 792 761 299 892 265 958 616 303 184 93 856 302 732 925 237 836 537 293 90 518 34 835 571 284 59 420 845 152 797 687 567 623 770 579 707 634 469 186 321 738 492 52 901 16 771 597 778 358 357 760 997 862 537 589 32 588 885 944 990 469 83 555 34 632 916 931 531 924 610 338 184 771 674 535 751 470 166 628 49 9 168 495 972 857 784 131 973 8 80 985 752 977 599 605 186 661 592 401 331 642 956 64 685 105 588 837 719 980 705 359 440 214 864 524 48 616 185 943 309 732 477 856 588 274 791 995 389 612 647 346 331 618 196 143 884 63 423 783 927 905 942 358 940 343 836 551 270 188 530 575 124 551 825 537 519 725 638 183 223 757 555 919 411 610 500
98
614 299 789 742 966 284 761 924 265 232 46 913 665 341 990 850 789 534 332 503 355 97 256 649 415 531 827 548 102 939 205 398 192 1000 168 164 135 298 823 222 443 720 101 935 115 507 513 151 633 820 997 487 327 738 746 782 205 517 746 222 268 54 957 455 415 113 928 53 562 300 712 541 689 932 571 745 870 381 54 32 614 625 676 424 480 218 596 672 275 293 77 403 676 987 169 447 804 232
582
483 489 632 618 310 312 840 736 139 935 873 1 855 7 133 618 938 520 108 889 518 84 34 953 288 219 812 519 934 911 863 814 428 457 144 322 913 84 613 670 372 319 68 121 656 638 610 762 927 353 119 992 970 894 982 693 133 266 348 51 77 341 173 273 378 684 204 894 926 920 460 593 146 530 300 81 135 477 170 306 48 407 762 349 394 505 52 548 831 351 996 702 360 749 406 756 160 543 129 881 693 834 119 804 956 296 182 702 849 21 815 959 162 81 902 545 926 949 717 805 647 343 277 215 397 541 659 959 391 790 609 17 728 3 284 289 52 546 345 731 26 125 96 101 420 101 238 982 665 66 632 49 607 168 365 490 931 146 582 452 710 937 964 815 900 469 834 778 988 168 216 865 875 711 318 390 310 962 26 243 835 166 225 834 512 402 466 229 256 654 675 20 467 518 25 553 180 66 982 93 631 132 748 761 480 302 378 876 539 904 205 935 603 503 161 543 782 433 132 287 79 957 550 437 998 461 764 410 307 965 147 278 948 597 648 465 387 434 880 355 277 278 67 497 216 723 645 802 650 309 856 353 895 177 216 474 928 135 623 19 945 310 254 614 210 968 15 171 160 791 300 36 465 326 672 500 243 931 277 405 703 436 657 448 11 671 688 816 465 5 312 689 659 903 256 570 230 645 724 876 476 775 589 433 679 908 976 195 647 562 620 719 590 913 715 420 837 777 232 271 309 743 216 64 948 556 532 486 524 237 441 328 694 818 272 955 225 521 947 716 706 128 844 523 703 993 914 998 192 837 284 229 156 444 79 60 689 992 948 382 142 191 935 965 524 129 328 292 288 597 982 329 768 629 733 221 853 37 963 215 914 270 179 26 646 555 29 997 2 62 714 544 240 221 91 314 377 78 792 147 714 633 933 122 683 892 683 354 235 838 183 442 64 256 172 137 463 812 319 815 198 608 651 748 812 608 433 751 301 473 602 388 830 475 540 716 257 263 475 842 202 620 397 743 210 649 570 588 991 822 985 815 275 368 757 722 900 598 194 315 971 495 845 344 469 517 195 466 763 936 15 410 778 67 725 180 605 24 445 739 837 967 299 30 29 358 512 666 704 130 453 771 609 681 933 928 872 233 947 129 240 710 588 134 868 954 260 279 205 370 287 590 149 690 40 386 979 856 320 194 643 906 36 358 470 198 613 233 644 975 825 893 397 943 329 153 40 856 715 388 433 494 969 701 489 52 150 921 328 762 219 211 114 834 404 862 754 572 875 696 978 910 848 670 32 161 723 732 770 143 2 467 702 2 86 188 994 78 203 319 800 150
69
405 111 889 987 16 648 785 791 320 389 588 99 195 594 818 575 861 962 621 5 905 526 661 913 83 872 256 863 50 457 826 657 310 666 814 200 934 443 664 337 177 551 71 97 669 512 594 491 856 365 480 883 685 265 84 733 343 920 928 6 392 789 146 982 657 70 915 853 403
219
503 765 343 184 413 133 881 758 299 131 943 795 537 186 406 585 292 882 853 285 742 137 296 952 579 854 327 543 937 432 836 199 405 979 110 286 21 388 620 579 954 792 747 861 810 548 912 938 772 533 503 179 625 286 409 138 835 277 49 924 86 785 303 749 603 133 8 154 559 916 307 981 774 924 932 954 169 919 357 327 689 723 447 848 996 939 992 369 610 641 958 902 286 908 844 62 68 345 668 766 444 637 580 166 11 446 230 627 785 17 347 898 9 714 974 260 947 719 882 604 986 282 383 689 651 878 218 663 144 925 987 228 873 204 602 432 318 28 485 509 392 728 336 30 181 709 515 28 587 300 46 544 312 553 808 996 695 731 257 960 534 374 59 425 485 164 913 860 776 520 241 368 25 932 284 390 253 524 781 345 53 669 640 828 102 10 313 618 481 726 960 966 169 878 20 150 868 40 16 904 763 620 423 610 141 931 603 259 435 307 425 748 826 215 802 788 378 934 11
859
703 824 203 352 698 753 670 79 904 191 108 899 733 555 777 927 304 30 969 246 578 388 671 843 9 234 321 43 475 916 915 288 552 160 77 936 251 411 686 291 55 668 6 465 695 194 134 362 199 132 620 726 637 168 315 858 293 174 747 729 91 385 133 364 902 495 542 825 400 82 619 885 195 424 595 39 707 332 703 250 638 893 588 758 270 336 472 200 265 185 412 884 373 354 609 213 479 375 955 650 690 13 662 847 751 477 212 173 549 353 278 814 547 282 914 695 217 707 377 485 555 851 399 356 488 722 716 947 362 337 84 926 320 168 459 985 424 451 799 938 608 434 347 952 565 329 14 807 438 476 631 657 898 842 203 781 634 808 356 981 994 32 521 277 160 515 647 537 633 561 134 347 560 284 858 396 414 78 38 952 36 657 417 219 21 783 505 241 630 791 629 573 546 244 2 224 657 617 363 498 341 387 212 730 348 604 853 598 513 216 273 910 231 510 540 601 947 751 648 807 86 793 804 586 88 395 87 383 657 85 511 222 245 605 150 660 890 246 637 45 599 613 515 201 153 689 198 764 3 109 80 448 539 647 477 674 105 940 529 983 811 747 650 696 36 977 450 591 354 379 770 925 711 582 350 424 445 380 909 991 303 550 279 397 21 542 830 683 583 173 991 985 753 177 103 611 735 102 251 367 416 338 52 563 481 813 254 521 329 986 924 731 927 32 290 583 912 120 322 370 836 450 908 859 206 854 880 439 788 829 503 783 816 208 899 541 267 19 184 951 637 385 65 482 747 254 932 20 445 313 534 189 141 417 920 699 601 277 624 524 376 815 126 561 413 262 690 668 598 116 59 28 516 453 770 19 445 392 751 165 613 271 944 928 295 601 654 726 220 456 948 445 78 657 321 261 665 517 650 676 684 989 957 653 34 261 526 87 109 945 94 387 721 850 931 50 520 131 114 150 525 180 985 779 712 690 848 361 451 441 643 286 477 645 969 720 548 204 700 585 431 686 493 517 422 148 685 334 590 401 840 525 395 918 661 202 900 230 752 257 584 110 908 322 106 813 963 333 860 846 235 344 4 23 581 864 139 662 696 596 519 560 228 982 415 918 243 913 848 698 801 369 652 893 162 157 959 132 633 838 866 840 196 527 916 847 828 912 688 951 271 299 206 140 899 391 742 847 290 320 447 160 592 768 854 12 23 990 803 619 738 489 817 941 823 729 552 700 544 229 225 833 787 299 269 476 506 794 431 1 162 377 389 975 985 772 874 776 28 867 865 944 159 617 363 455 703 546 338 878 981 257 365 665 866 878 818 971 994 35 739 207 60 363 266 696 468 928 455 869 679 140 763 138 111 381 538 583 799 906 435 739 40 887 337 733 323 340 255 54 853 230 299 454 41 3 486 365 697 767 908 571 183 588 124 336 643 874 342 349 732 793 910 146 183 625 745 640 808 654 817 839 921 3 206 916 930 590 149 617 481 335 136 91 191 106 134 608 392 430 252 21 630 438 916 833 714 900 144 105 610 651 479 575 612 698 866 618 421 88 883 121 860 723 968 61 486 577 59 228 766 243 330 244 302 890 903 956 879 703 189 183 720 892 417 782 501 16 174 866 663 272 982 972 468 194 88 665 349 437 510 35 641 771 360 598 193 660 887 777 170 797 743 447 911 365 681 439 769 650 550 254 584 581 304 546 734 572 501 474 457 252 937 604 658 231 279 946 85 997 162 738 891 828 521 829 268 843 382 121 252 616 172 700 477 156 38 607 685 711 995 48 466 384 91 741 731 558 725 486 267 275 17 30 582 321 522 543 271 903 615 727 21 443 578 395 703 911 826 181 787 491 800 223 38 991 296 1 285 93 81 436 359 453 497 656 273 772 727 616 786 176 574 440 987 104 284 789 104 999 427 507 508 572 96 917 593 577 336 490 552 601 645 897 476 819 736 165 21
901
306 733 690 266 294 913 801 596 502 162 427 372 513 224 345 725 678 401 277 512 807 575 627 442 731 637 455 540 476 423 104 321 338 542 671 801 711 206 714 164 963 491 63 825 959 126 986 487 920 98 630 614 535 587 355 300 703 24 121 584 274 786 14 304 571 807 302 557 376 692 204 630 309 375 530 480 790 960 909 223 173 928 112 654 165 217 372 348 899 597 473 585 933 787 385 540 178 359 114 426 437 29 603 318 810 856 169 753 8 761 306 107 313 426 991 218 30 963 453 421 109 602 784 651 873 182 405 414 2 982 60 455 231 383 241 520 173 647 47 250 935 581 708 352 753 884 592 595 720 670 170 610 53 464 558 263 770 507 575 974 979 127 480 81 524 334 966 433 851 828 235 87 674 379 610 546 741 736 134 500 26 629 268 607 18 759 64 238 533 826 887 164 743 126 222 197 464 14 65 907 984 993 225 482 114 709 188 575 590 841 13 153 987 804 527 771 974 242 549 281 498 180 320 739 369 596 211 520 279 546 576 190 973 324 625 398 641 335 448 204 291 441 667 749 854 399 498 949 279 885 981 598 635 974 343 421 635 269 351 567 298 732 332 395 618 985 717 877 43 784 682 170 453 915 29 870 207 637 338 977 522 281 293 993 83 607 492 793 451 222 235 356 286 57 57 857 604 246 433 31 769 86 975 94 741 558 821 568 762 914 538 516 837 158 958 239 617 432 451 993 857 432 449 490 365 444 811 992 483 784 93 148 291 639 967 679 31 491 577 948 23 1 170 48 669 220 762 551 920 194 240 367 176 161 877 729 796 588 83 835 457 198 628 710 84 577 566 899 79 613 371 560 739 939 277 146 141 437 630 649 460 798 666 197 201 623 801 443 949 919 344 508 39 948 714 220 340 477 849 353 920 504 41 43 264 57 671 536 871 729 285 692 761 447 847 858 510 751 49 215 647 641 653 554 372 46 245 378 737 11 932 398 251 431 791 453 871 163 258 222 177 236 473 684 782 817 302 596 986 589 250 936 60 233 181 778 653 552 898 693 776 530 345 378 987 277 259 141 613 11 342 443 632 793 824 887 550 307 943 161 31 129 98 905 653 286 283 97 924 76 758 481 760 22 777 492 508 237 502 412 196 270 972 201 240 821 794 654 705 376 640 590 21 929 721 275 81 645 715 29 269 702 234 308 561 390 674 911 661 298 431 350 615 891 852 229 490 115 346 778 283 676 164 109 47 284 479 346 682 71 230 749 636 25 684 77 927 585 467 176 639 288 960 875 797 602 224 724 43 443 633 878 578 623 414 519 322 292 802 815 443 254 557 584 773 459 71 434 937 841 86 667 542 629 1 889 578 235 737 221 608 144 582 910 608 823 39 307 930 192 188 698 400 479 420 65 510 800 222 478 823 914 182 917 261 481 811 537 279 322 332 540 110 978 17 134 508 618 897 485 447 479 395 568 401 527 524 870 259 605 33 454 493 105 118 10 994 534 43 935 280 284 627 604 637 224 541 470 584 568 760 579 711 763 728 514 574 56 954 166 978 790 461 921 205 622 197 77 823 466 38 996 46 572 339 186 380 375 684 815 194 871 524 13 812 503 209 402 749 105 784 129 281 398 936 439 373 768 919 367 729 480 929 863 768 895 264 68 511 824 744 118 823 885 742 609 49 810 443 564 921 161 750 666 408 24 847 169 933 775 967 973 984 844 794 865 277 978 718 206 632 147 406 131 577 977 940 602 161 249 382 418 839 426 268 976 569 790 572 728 595 97 749 147 47 960 614 377 602 80 126 305 997 186 784 595 563 395 995 656 464 907 407 215 784 838 44 385 834 985 942 443 162 9 810 720 35 214 338 653 73 578 382 717 737 624 695 103 316 8 46 577 190 635 136 932 874 416 344 110 847 662 160 416 795 603 845 149 901 322 71 615 353 596 235 571 944 650 952 609 556 489 317 377 431 94 715 180 78 84 94 12 818 720 396 33 494 365 675 866 833 278 99 735 26 668 284 496 460 312 247 185 688 81 100 541 328 377 197 923 741
246
672 908 907 152 231 115 454 889 493 491 529 401 779 428 643 639 242 550 861 834 101 121 506 571 957 984 52 907 112 472 120 29 275 545 61 657 157 594 931 270 664 266 755 81 68 786 68 798 704 24 605 517 119 237 725 503 644 103 871 786 432 114 386 721 813 309 345 533 584 246 402 497 261 86 677 978 63 977 394 336 140 511 527 501 675 607 780 261 248 162 33 430 736 593 395 204 87 79 844 907 987 259 128 473 773 914 305 589 765 844 972 815 762 910 237 243 476 514 292 853 552 73 617 136 416 46 29 53 479 879 293 259 224 612 370 418 357 384 603 199 570 331 195 110 712 818 623 744 970 452 376 745 468 881 943 969 41 29 765 730 989 515 477 929 359 891 58 459 614 951 997 366 659 491 480 580 562 507 727 716 23 749 218 505 729 439 443 693 561 504 949 621 952 924 726 32 624 276 824 897 187 626 787 652 25 376 604 738 714 60 453 311 967 872 310 655 723 51 168 40 908 259 313 276 22 713 342 602 507 695 481 241 625 561 155 514 93 70 58 471 826 239 822 809 242 633
698
199 186 492 3 103 587 664 821 438 588 132 20 82 997 43 773 538 659 30 43 809 279 310 748 839 324 767 496 758 767 876 592 160 865 877 355 576 548 417 375 109 418 586 334 798 902 391 268 86 596 8 563 734 306 349 896 854 376 510 98 850 735 497 627 889 371 535 84 789 789 885 870 239 676 790 570 717 974 557 267 21 324 636 942 241 567 194 965 240 325 41 732 384 320 40 482 483 394 740 388 20 116 452 606 492 273 94 151 554 320 636 391 974 699 435 60 281 336 231 252 257 78 624 332 714 974 821 920 557 485 80 288 750 720 157 995 162 850 672 887 733 742 396 534 200 739 429 623 599 691 124 238 674 217 836 455 350 576 14 622 336 165 848 970 242 968 221 714 734 955 219 66 486 716 312 86 424 425 864 22 309 901 614 111 489 688 914 685 882 569 699 969 87 370 407 538 375 294 777 863 185 242 195 138 212 960 587 593 489 201 662 337 447 988 551 817 589 982 429 521 225 500 848 732 13 432 688 559 893 683 519 202 24 464 987 525 129 637 384 656 695 231 368 140 725 308 699 818 659 971 813 59 406 903 392 480 668 106 910 66 61 687 198 360 998 943 370 306 193 579 712 600 771 436 690 340 982 426 982 762 170 556 970 682 14 835 249 213 759 303 901 641 994 800 928 456 636 65 466 505 155 690 300 947 963 307 921 260 406 123 266 242 994 815 235 417 710 894 370 347 98 156 780 646 30 779 776 408 340 486 935 886 831 854 537 129 460 512 510 864 800 636 592 159 643 204 292 660 856 575 691 261 964 138 566 463 586 547 631 451 823 52 40 56 773 886 40 523 42 70 310 337 97 110 108 934 56 46 767 859 566 886 482 931 287 100 269 466 366 966 484 740 222 646 332 94 384 123 713 864 448 973 789 567 794 626 247 974 159 300 933 682 513 248 740 386 687 79 926 367 547 768 189 853 394 683 743 247 903 164 407 932 968 421 737 39 487 211 399 616 552 115 797 405 577 763 859 280 296 928 683 401 337 156 468 932 39 640 653 601 938 106 758 307 894 10 277 569 58 544 953 936 876 473 920 919 745 347 236 662 248 528 890 739 994 430 345 609 35 381 16 504 196 572 99 703 638 911 862 106 299 84 332 539 777 977 69 625 89 290 942 38 979 590 539 425 616 636 328 641 191 674 564 313 907 490 700 119 278 457 287 685 962 139 822 780 716 142 547 614 935 69 313 551 642 246 261 242 357 327 683 949 130 141 55 225 252 653 391 449 63 37 717 638 605 545 212 15 760 692 7 679 487 531 170 199 807 620 491 119 521 401 854 824 47 206 5 491 923 565 920 844 305 859 744 551 335 181 867 983 434 685 900 539 379 912 42 189 941 839 785 554 69 337 515 333 210 314 434 521 159 309 495 486 3 566 622 485 238 685 811 827 934 394 531 23 458 354 914 961 125 824 211 424 639 836 903 51 100 317 622 1000 736 315 125 619 240 515 571 506 136 908 551 610 26 514 462 936 118 905 103 178 855 263 350 527 669 782 534 498 1000 691 191 296 244 918 320 883 86 924 860 761 641 460 67 604 799 84
815
440 666 721 363 298 638 404 258 493 111 464 86 161 622 706 544 907 712 268 614 788 165 732 896 635 175 769 172 300 318 415 470 497 571 69 356 576 832 565 135 632 568 865 230 897 492 409 88 966 692 765 315 942 93 664 485 939 782 182 659 31 148 207 278 463 512 68 805 309 607 345 203 917 866 419 152 327 291 956 762 863 598 833 997 829 359 146 837 989 232 21 346 530 679 711 615 82 868 726 895 586 494 903 655 428 891 466 73 594 728 254 381 551 527 905 438 26 897 101 474 208 304 227 663 491 940 469 138 195 201 845 554 798 368 472 130 310 278 695 314 909 220 85 250 232 666 336 896 968 559 822 262 623 171 668 960 400 769 160 490 110 772 449 806 288 822 129 437 735 434 13 475 677 187 638 701 758 570 384 953 372 2 82 10 784 893 273 223 729 635 684 453 244 480 599 996 162 955 656 533 350 440 893 119 526 729 693 803 987 315 473 467 332 142 162 834 355 836 11 955 62 377 881 849 413 774 596 66 604 774 810 152 38 39 791 945 533 154 760 750 763 342 638 924 579 834 805 978 859 313 783 652 891 140 287 246 193 32 728 137 43 112 278 965 355 97 886 599 528 938 646 962 439 354 534 291 267 926 382 74 814 555 918 827 969 644 404 763 985 764 909 612 586 752 337 323 975 200 138 541 963 915 957 564 528 631 422 802 890 725 952 852 7 934 60 98 888 456 980 640 338 359 96 154 673 793 876 356 60 332 293 696 411 758 402 536 434 624 525 626 156 193 313 617 443 622 450 55 941 691 569 798 393 542 922 7 675 602 94 882 280 804 535 236 73 880 741 591 644 111 895 339 198 73 910 1000 426 635 141 614 485 197 275 93 374 59 980 680 820 862 334 829 449 6 565 843 356 922 456 710 335 748 320 758 206 797 750 41 334 316 360 843 447 608 337 300 716 874 99 230 746 421 248 618 670 180 475 349 479 694 92 154 833 155 431 227 754 419 705 797 307 696 819 832 8 283 161 464 884 243 894 883 165 944 46 671 572 185 533 517 480 153 938 448 516 538 374 931 319 287 415 714 914 448 323 811 959 681 237 32 585 567 956 417 215 908 396 949 360 325 966 482 924 401 692 238 613 554 514 550 704 298 474 578 750 498 178 662 796 797 289 112 519 779 983 576 684 649 986 803 32 158 925 690 841 649 133 54 371 805 932 455 933 704 28 642 339 992 235 151 680 514 982 4 905 180 977 213 667 443 595 946 288 771 765 165 375 257 794 397 511 4 76 953 206 382 43 513 568 2 859 276 130 208 849 275 263 92 944 590 434 162 300 37 389 702 453 695 638 971 603 22 665 427 287 149 138 146 903 647 301 851 650 165 573 613 635 416 285 637 268 172 912 525 34 175 678 406 119 452 531 94 495 653 387 641 36 334 27 586 243 683 54 39 906 449 550 417 260 825 950 606 196 125 600 530 241 593 984 79 747 56 478 637 685 820 874 430 383 666 490 431 102 182 574 59 754 448 807 646 968 448 953 24 941 696 511 642 747 638 383 96 130 10 165 424 533 369 911 203 532 495 733 77 953 966 615 789 477 449 461 124 729 103 111 319 353 186 364 946 548 838 309 632 320 388 924 224 909 476 8 100 1000 560 363 912 665 635 520 778 747 483 827 100 784 218 599 693 69 381 716 607 155 606 532 520 408 81 62 662 602 122 369 297 104 166 566 375 436 789 495 665 358 507 501 344 702 508 831 731 677 65 394 780 653 543 972 80 368 856 826 766 449 973 260 596 339 109 96 918 630 531 524 312 447 138 169 613 690 761 662 272 589 106 754 1 555 235 196 203 389 340 470 458 369
178
199 880 733 899 892 497 602 971 423 617 74 295 408 772 406 101 475 135 352 258 934 534 883 323 613 387 506 412 173 1000 36 488 747 743 302 539 980 39 815 860 145 545 83 628 877 909 744 160 991 350 1 615 949 125 936 629 90 246 134 353 384 200 967 328 89 325 289 94 571 857 925 715 332 569 528 194 537 249 553 528 771 656 92 77 990 746 24 130 280 581 585 464 200 342 623 166 945 551 17 887 667 101 54 96 442 131 483 370 426 818 833 302 496 719 792 5 583 724 494 607 841 213 320 369 756 497 68 819 968 906 58 123 598 826 118 25 715 276 350 233 511 241 249 685 188 434 923 783 561 346 242 920 675 800 521 715 902 447 172 346 379 670 755 695 436 146 570 371 320 518 958 377 686 335 846 325 43 321
454
661 537 245 115 614 928 54 521 665 78 308 390 795 560 329 841 205 311 63 236 306 30 357 76 934 356 692 666 835 539 474 191 2 700 781 362 937 107 227 429 2 459 857 23 448 22 326 632 976 295 888 486 806 336 134 451 300 804 488 894 383 21 762 848 596 291 122 656 793 666 171 477 184 511 831 970 678 275 57 245 454 670 59 560 956 263 663 66 889 65 362 45 803 273 228 241 346 219 56 77 594 117 990 158 203 797 449 381 272 72 521 397 534 654 287 391 548 769 664 506 116 795 655 852 859 85 706 545 149 430 736 452 865 738 594 340 94 890 554 724 903 351 482 695 260 901 979 812 134 28 593 124 269 52 849 545 156 13 418 326 748 631 423 973 194 188 708 359 266 565 505 839 223 454 613 95 678 992 902 340 7 948 815 204 698 902 41 117 158 34 591 199 658 921 812 291 915 578 911 479 632 789 933 698 505 774 693 439 614 905 770 492 768 263 379 748 607 275 740 383 772 900 599 351 186 401 692 446 658 128 354 170 114 691 848 631 716 642 634 274 670 576 337 352 707 806 40 36 809 63 904 571 417 192 196 918 721 374 235 4 94 933 200 760 736 118 611 422 646 384 677 959 74 779 651 151 84 847 305 965 194 411 939 546 274 333 857 927 518 934 144 270 792 882 900 395 110 598 660 919 30 446 377 116 477 216 493 789 941 675 26 223 692 1000 938 138 144 236 520 283 228 557 829 297 518 522 23 98 223 999 967 466 910 490 314 303 109 539 790 59 523 744 114 274 758 510 253 925 165 201 365 813 6 131 393 329 612 156 494 344 745 108 551 326 9 509 396 533 764 182 673 667 835 192 508 93 766 44 985 900 772 339 988 715 952 187 611 597 394 592 738 209 332 638 504 819 805 754 806 756 458 143 992 147 981 455 936 669 822 161 195 224 530 426 604 850 203 297 102 191 556 178 155 290 313 603 957 321 143 360 246 784 231 173 646 143 148 421 134 284 878 922 947 576 145 449 957 249 163 286 647 138 752 647
127
59 738 249 450 964 541 133 857 335 454 614 229 750 612 833 679 372 803 203 857 665 907 798 33 324 37 85 107 765 85 552 417 440 742 959 924 8 3 596 703 487 913 634 797 824 481 21 53 315 975 230 86 133 42 865 64 898 231 719 416 270 114 775 358 109 600 606 564 521 347 513 154 988 664 489 674 297 304 990 299 650 348 263 777 380 51 393 649 15 817 226 549 38 246 443 924 574 74 155 194 510 441 58 117 208 666 822 213 342 275 454 627 107 606 99 925 671 282 843 489 645 230 880 466 882 560 98
316
46 988 391 11 706 929 591 579 344 474 35 23 973 80 721 16 290 759 818 646 916 324 236 65 201 778 455 293 859 669 597 622 368 941 565 605 385 420 768 244 57 437 918 505 976 544 8 450 273 284 438 800 880 15 376 43 913 846 874 212 301 330 452 363 533 397 783 210 972 867 441 753 12 684 178 44 451 135 521 376 723 110 809 438 214 699 558 280 893 866 475 814 814 586 335 240 695 77 733 599 439 45 415 469 711 685 396 850 670 738 389 871 859 748 322 5 302 167 709 212 18 283 103 529 173 891 224 942 585 431 928 772 967 502 390 577 595 437 620 344 501 587 707 587 707 67 720 776 517 924 108 120 964 428 549 888 309 863 350 421 718 271 258 384 408 783 989 750 432 798 975 240 758 556 434 8 337 872 846 540 813 112 852 989 988 48 900 328 742 594 371 679 405 283 511 63 137 512 347 939 304 389 286 503 627 893 778 846 641 511 746 559 694 923 306 614 491 520 274 166 412 889 941 638 713 572 965 676 38 307 740 462 593 573 854 105 92 497 452 933 739 224 687 888 823 656 352 895 330 988 983 603 776 23 368 909 615 962 646 873 967 361 500 192 582 139 875 612 41 440 521 847 494 483 322 82 835 429 532 971 541 107 16 716 213 540 179 919 651 861 499 908 584 484 482 939 91 234 549 66 575 423 35 154 954 883 184 544 40 189 356 213 416 584 846 542
330
305 339 792 531 790 433 960 874 552 974 747 393 609 709 629 360 375 482 986 431 311 968 788 755 420 486 405 401 664 289 913 47 90 102 732 750 14 629 338 475 151 586 82 499 937 113 17 215 415 1000 729 257 547 929 986 518 84 656 85 353 361 519 263 715 551 525 328 474 129 889 235 395 388 391 675 352 637 230 113 366 512 426 216 495 594 616 752 949 653 808 194 368 873 174 314 896 959 888 997 212 805 734 482 39 219 349 55 212 602 866 970 969 786 326 403 413 220 682 758 2 848 522 687 32 380 948 749 856 792 943 709 40 822 941 936 490 840 624 318 733 758 684 122 626 709 773 754 364 290 639 479 273 197 323 766 88 728 852 964 335 152 567 635 780 37 112 721 289 504 192 390 985 906 859 50 289 166 906 505 952 656 971 851 308 744 378 280 301 79 784 516 9 93 678 422 257 268 601 312 340 656 669 161 491 267 245 399 385 399 255 734 803 656 855 663 518 59 40 183 465 502 531 260 552 711 174 523 46 862 777 404 393 280 95 216 285 920 70 541 838 795 30 19 573 630 876 513 347 335 362 267 885 981 946 154 376 871 987 439 727 190 377 153 222 915 830 189 260 537 573 992 275 436 409 62 570 111 423 888 661 445 676 840 290 640 337 191 227 863 2 274 747 277 747 906 355 294 191 98 26 852 901 397 384 907 954 357 402 489 95 336 183 605 5 873 533 88 706 621 544 583 875 518 137 891 131 39 422 162 118
213
521 122 857 108 387 707 449 3 13 78 229 956 563 137 931 836 659 843 351 108 914 898 429 297 922 120 362 812 234 928 347 208 337 580 548 769 219 165 871 4 492 400 717 504 117 874 258 941 400 16 740 500 597 660 656 702 80 513 588 976 619 68 167 3 512 97 448 858 532 793 470 581 570 30 502 989 700 797 669 147 538 391 203 58 753 533 544 716 306 451 559 657 870 56 724 259 612 591 452 739 440 127 353 342 358 813 903 413 796 770 440 120 812 359 798 306 699 761 887 234 70 332 9 962 691 651 204 656 782 882 431 42 415 979 320 730 795 362 965 192 840 476 813 237 957 890 79 51 92 453 999 53 243 409 50 157 495 238 533 998 135 938 674 435 701 617 606 329 412 669 576 585 285 679 800 134 301 173 307 296 756 16 178 404 564 475 639 890 567 567 70 349 374 649 66 278 534 831 424 456 416 278 68 626 801 430 600 669 402 794 802 767 52
509
914 706 672 597 269 295 391 460 278 457 422 500 206 119 317 409 538 41 465 579 860 42 76 182 146 984 523 49 681 636 346 789 742 88 256 308 251 221 210 736 1000 332 744 125 645 120 588 20 383 492 892 358 982 407 123 447 101 517 618 409 190 231 749 773 220 601 279 887 670 936 220 303 821 352 84 747 1000 114 635 199 307 673 998 847 64 516 23 106 810 66 833 887 514 822 240 917 605 192 290 821 983 958 175 505 337 407 479 971 590 772 780 492 660 801 998 644 727 559 414 579 675 155 132 434 993 803 410 973 35 607 833 861 169 968 60 871 736 700 196 629 91 376 46 921 134 722 292 565 455 128 580 849 702 685 45 721 449 828 692 137 224 267 487 891 563 612 854 258 462 738 306 261 421 296 322 403 177 677 120 649 804 402 474 304 967 709 747 114 188 900 774 908 14 518 997 805 367 10 215 195 553 211 775 453 205 768 508 410 695 34 670 741 59 280 738 203 263 120 451 306 656 246 71 544 411 464 812 812 199 675 435 816 526 982 887 687 418 926 462 975 509 122 34 170 863 982 981 728 320 426 49 5 380 683 390 767 246 836 895 722 12 916 769 300 956 428 960 828 134 142 524 58 852 692 484 984 412 739 904 701 902 579 713 315 456 9 293 320 961 668 452 961 755 92 512 230 807 122 739 224 787 678 937 482 351 649 645 628 641 864 896 56 591 198 742 774 978 394 22 492 423 890 300 376 62 682 175 684 52 495 390 617 405 799 926 990 893 543 620 206 18 595 215 704 564 199 716 56 347 889 28 890 881 461 427 824 315 201 567 215 957 679 840 824 449 749 257 122 439 150 426 572 679 417 481 434 628 737 186 379 256 102 975 51 782 951 175 731 981 194 486 518 992 964 496 711 828 272 617 409 140 134 404 49 648 280 996 279 557 901 4 830 737 17 524 553 711 162 199 872 288 150 42 35 595 436 624 606 798 878 607 753 827 407 751 775 50 112 922 739 502 851 108 225 166 397 448 705 895 933 98 446 210 993 102 567 922 557 667 957 710 668 870 82 996 600 677 825 233 647 474 32 181 550 94 284 781 745 914 259 142 679 879 278 344 375 242 586 835 333 375 470 726 682 719 400 188 947 232 823 395 487 721 986 338 430 985 171 644
609
959 850 83 928 178 621 944 210 662 528 547 18 680 463 663 182 792 336 237 354 917 423 588 864 951 922 4 553 341 29 74 293 635 616 253 702 947 938 810 508 317 732 360 704 157 747 805 209 284 10 127 482 122 264 517 132 216 830 854 868 101 507 514 61 623 96 441 667 953 483 995 438 770 593 732 549 474 319 878 304 566 599 819 903 555 53 66 117 204 960 443 710 398 787 986 384 46 847 502 958 412 867 94 237 77 121 75 862 258 161 3 348 447 692 952 654 16 254 321 329 316 161 863 601 916 453 565 906 560 317 66 171 742 120 203 548 78 697 148 402 551 982 856 5 147 150 399 298 628 1000 728 805 361 787 75 522 692 429 714 856 996 424 826 997 679 641 747 843 517 102 851 315 3 301 892 621 332 276 467 175 279 173 211 99 120 18 87 857 716 762 537 721 569 872 254 355 954 109 59 703 34 443 351 760 599 806 39 313 785 811 829 765 73 225 251 890 775 928 485 815 529 529 886 319 467 230 876 567 86 189 134 570 625 506 814 29 354 703 632 623 280 591 465 862 408 887 578 180 865 654 238 233 615 112 288 515 534 284 729 748 85 240 900 991 616 421 62 95 678 181 719 497 268 725 373 494 419 523 838 352 143 969 3 93 936 541 494 670 55 644 383 493 302 795 557 139 420 618 246 284 484 886 61 257 344 576 599 953 264 829 158 117 612 642 427 363 637 732 319 21 227 343 279 378 680 626 621 347 729 483 594 893 511 688 522 191 504 121 731 782 266 562 556 854 364 76 986 15 63 620 630 82 747 493 443 253 802 60 850 822 442 283 246 427 811 47 356 811 350 439 51 97 938 409 349 273 387 32 718 1 977 158 32 728 719 935 862 806 160 797 12 508 804 810 609 939 346 47 67 643 60 564 77 163 786 178 248 251 708 696 192 793 882 644 78 829 685 540 55 98 927 75 904 456 776 122 168 243 894 255 230 614 278 136 103 317 734 494 569 285 568 72 809 535 315 891 748 746 317 130 681 405 467 877 151 977 334 969 574 338 773 822 425 217 709 458 962 489 861 759 396 986 63 906 135 164 593 241 297 693 689 469 782 213 200 424 426 497 583 22 850 506 861 769 488 74 204 82 307 582 336 774 419 915 603 222 662 832 864 919 583 164 272 511 9 726 834 613 719 104 917 60 589 849 904 978 275 545 105 121 631 348 61 657 50 504 411 728 518 54 581 52 828 352 692 855 242 114 477 729 293 383 921 827 282 522 367 593 525 573 695 190 256 125 417 402 180 827 346 19 996 812 214 128 104 27 80 508 675 712 505 954 978 990 346 929 449 697 924 642 898 587 538 657 234 692 50 478 815 117 815 638 43 633 707 953 398 239 774
904
67 739 886 766 696 830 782 490 378 856 525 17 805 52 450 381 333 641 318 806 24 965 428 27 489 392 195 387 42 889 464 48 274 366 300 241 411 656 45 622 827 652 534 923 209 353 920 101 915 56 804 78 578 426 952 130 125 939 897 333 384 128 187 528 582 269 742 319 632 345 643 405 299 647 449 21 461 692 287 993 150 380 300 87 915 340 74 756 528 348 832 305 845 995 205 434 751 443 312 955 76 377 136 517 993 145 137 998 84 426 868 303 804 187 875 836 578 258 673 424 740 420 575 128 533 601 988 945 913 519 373 139 920 967 698 571 177 373 987 863 982 590 915 507 428 820 937 222 595 429 525 478 772 42 288 810 730 627 827 803 2 519 9 361 706 85 648 822 199 887 833 293 389 261 481 848 789 982 824 21 976 924 845 172 921 802 17 867 486 992 299 893 887 329 481 508 12 9 677 745 965 195 753 597 842 183 597 847 50 726 942 953 6 100 969 569 168 280 36 766 843 564 142 390 899 416 533 597 521 765 564 16 823 236 806 619 96 429 988 714 199 466 570 690 714 267 204 193 494 194 162 65 708 585 339 310 220 593 469 232 533 724 676 279 328 770 427 131 209 948 209 183 464 175 538 209 740 478 982 721 997 431 110 79 947 107 240 550 780 109 120 931 345 789 127 963 233 302 394 578 817 957 300 885 496 475 705 226 478 176 457 804 260 35 765 553 756 245 974 737 215 437 574 622 312 383 315 301 693 929 805 90 416 189 402 51 197 605 176 958 91 409 30 113 630 138 578 963 222 91 887 853 800 438 300 703 93 441 941 147 631 788 903 541 37 45 994 934 1 749 291 383 913 24 742 936 66 412 298 967 123 66 515 366 378 923 382 882 356 317 512 501 930 992 75 771 159 521 308 701 544 208 10 40 383 223 94 538 801 11 341 56 138 351 830 80 484 808 595 901 799 893 722 598 465 664 736 858 563 956 115 766 938 388 956 955 874 685 663 648 959 468 558 751 879 784 54 309 426 635 896 544 800 204 74 575 771 259 475 164 235 948 936 68 398 188 620 402 983 673 848 496 688 540 169 71 622 388 983 6 222 660 49 500 501 182 881 533 354 264 803 126 912 486 803 50 667 620 364 892 300 357 505 841 85 131 862 11 722 2 83 71 160 489 708 603 775 65 407 664 144 914 831 450 358 922 63 884 21 396 196 105 87 854 737 179 273 722 855 613 653 334 633 122 35 408 513 123 267 125 296 610 864 75 283 793 580 733 769 259 505 168 162 198 709 644 894 38 316 789 651 950 768 87 432 523 759 478 759 881 819 232 54 890 500 879 90 962 259 121 652 784 425 15 574 24 268 942 655 945 939 752 71 220 187 911 259 970 97 461 655 787 468 438 257 194 717 270 231 22 190 47 511 740 330 465 362 261 864 749 641 110 449 524 704 116 701 675 155 723 293 232 19 95 772 942 909 479 399 340 531 220 947 359 301 12 543 589 912 382 675 878 467 476 339 814 492 651 396 305 295 400 769 106 624 152 849 922 160 692 169 636 155 728 803 470 657 690 223 969 254 135 301 998 899 559 365 956 819 577 383 565 49 556 860 867 475 926 281 416 235 240 571 918 858 900 635 12 990 662 948 456 540 545 417 83 676 879 932 639 312 842 784 772 908 357 450 358 693 315 970 524 835 266 122 116 632 559 427 107 744 114 241 229 964 691 39 662 839 571 937 686 61 522 654 7 517 158 12 556 246 162 797 682 339 111 838 234 843 342 447 336 906 362 807 49 215 462 755 665 981 740 132 324 557 373 704 92 966 358 899 69 592 612 75 551 471 919 413 963 131 451 132 129 542 674 739 534 5 13 958 275 101 743 366 325 156 351 954 34 44 80 349 963 231 407 74 212 242 114 614 636 306 384 491 208 641 714 370 734 335 608 351 479 771 882 452 927 912 480 969 716 262 726 225 559 987 265 296 593 413 572 498 447 174 485 896 184 984 401 85 164 570 287 525 731 784 381 625 670 741 201 107 728 949 628 503 16 228 874 736 543 956 416
502
793 278 432 290 63 252 101 9 52 99 800 359 122 556 987 153 372 484 936 681 628 821 114 470 380 872 82 141 46 580 879 238 399 903 584 276 72 609 579 779 872 721 856 225 925 773 315 164 467 713 976 248 183 130 364 639 957 271 386 194 402 440 379 352 351 793 434 256 734 811 230 977 76 528 718 70 893 693 581 1000 981 934 788 365 947 677 754 807 109 388 337 460 201 791 706 32 381 776 778 661 372 531 935 855 867 395 316 352 510 71 666 909 441 138 210 464 32 707 293 424 115 200 161 212 263 572 249 548 824 203 740 446 766 479 792 480 143 374 325 551 875 8 738 657 681 584 220 262 29 802 825 621 35 860 912 699 675 528 934 782 344 47 356 194 577 186 819 11 850 118 266 176 443 166 24 184 616 87 769 845 681 545 551 282 185 632 310 402 225 485 619 595 454 683 204 991 35 230 99 722 402 638 790 560 135 776 22 653 305 461 892 934 333 298 977 153 171 149 4 16 603 664 460 80 384 855 223 672 76 301 183 418 457 232 460 769 378 917 796 986 723 613 248 37 88 871 239 704 118 222 507 37 309 108 433 367 315 331 638 372 403 349 160 94 642 49 659 348 379 7 472 462 423 550 808 104 276 311 498 174 64 7 482 878 134 962 938 758 720 448 376 925 637 842 680 139 226 629 63 97 576 865 354 206 864 271 57 371 401 315 651 638 494 429 352 491 197 694 627 322 762 862 304 510 750 957 664 6 294 320 193 54 867 705 786 384 929 239 653 14 200 889 93 481 222 195 434 585 589 2 641 95 510 798 580 773 194 681 673 73 562 913 76 140 769 811 580 692 213 659 808 378 939 987 843 474 548 716 94 788 939 452 461 745 284 603 108 171 948 885 408 127 194 272 269 100 745 731 529 299 959 629 766 388 472 477 414 825 440 156 439 950 577 544 873 245 35 529 557 21 593 587 968 180 530 733 22 892 107 569 880 323 902 890 891 67 398 374 388 431 971 419 329 299 922 520 486 687 380 347 860 9 209 397 2 561 356 312 620 714 599 92 257 331 894 355 473 929 761 725 877 580 476 721 998 737 701 821 594 289 54 565 704 464 800 942 428 142 165 405 161 151 774 391 302 951 677 222 665 933 247 432
424
795 312 160 942 444 661 138 334 155 876 153 945 713 935 919 509 243 163 230 994 213 758 694 291 852 867 145 791 999 576 564 578 85 238 757 203 87 38 561 27 820 583 509 716 274 93 721 862 650 582 665 346 756 71 589 625 77 359 886 174 78 665 60 308 811 343 593 890 829 42 235 624 293 942 520 798 755 419 295 492 57 631 4 126 602 394 134 794 7 729 698 216 501 549 977 289 188 675 865 603 260 759 775 192 382 944 349 872 896 359 895 33 687 183 37 661 41 46 404 184 625 728 592 457 917 637 336 125 746 294 419 139 3 854 798 623 402 819 670 569 779 97 263 586 450 807 356 22 76 752 597 146 809 853 323 811 732 450 335 170 335 593 471 925 957 58 56 552 318 782 391 254 895 209 832 462 128 780 973 912 886 363 794 641 618 849 988 797 992 383 636 20 514 597 776 451 45 128 143 411 552 202 701 280 939 461 270 570 965 904 31 584 283 680 56 117 830 400 289 788 283 2 153 937 352 415 211 786 788 74 105 188 814 58 404 7 158 843 272 69 87 178 823 158 844 990 145 118 802 609 954 205 589 711 926 749 552 809 471 256 82 698 160 955 272 432 909 451 659 320 552 933 466 3 551 403 169 425 643 507 626 509 892 839 11 929 944 170 119 155 271 411 544 991 632 209 149 372 518 594 571 316 848 739 33 256 242 976 117 894 509 409 912 763 409 436 269 175 399 246 41 229 142 956 385 511 664 948 535 281 743 753 879 255 395 273 879 742 83 834 841 616 764 238 393 764 625 86 172 885 646 665 352 535 930 464 497 945 199 54 277 705 109 781 46 648 375 214 644 412 903 229 536 287 176 338 694 818 504 568 100 146 363 105 660 43 454 575 132 89 309 30 934 246 681 651 559 555 832 637 936 329 103 898 54 693 795 535 639 392 788 865 1 645 586 6 506 575 873 948 409 237 861 753
318
300 823 583 867 231 252 757 404 512 427 684 260 323 818 325 679 223 681 312 579 636 788 584 967 213 932 372 895 84 546 527 7 548 593 153 698 44 985 517 27 974 643 690 120 244 170 79 9 59 812 409 413 739 257 117 98 960 664 863 850 470 650 641 74 550 309 13 223 261 576 910 874 521 741 158 733 6 854 462 618 200 348 143 321 651 594 807 910 333 991 813 401 949 967 284 170 911 474 469 384 936 420 575 969 488 322 238 853 734 655 939 44 530 573 560 230 388 400 779 707 641 215 45 924 782 384 267 560 505 525 154 389 596 525 2 459 570 239 655 502 743 875 679 26 548 434 398 618 463 893 847 88 902 665 8 425 161 896 772 753 378 179 734 449 805 88 892 2 850 624 337 939 133 671 564 289 498 590 1000 538 433 738 340 6 256 206 220 924 348 399 253 657 662 689 686 309 457 172 781 243 918 213 875 482 433 621 513 110 626 765 849 883 308 523 751 578 969 745 512 552 68 752 706 769 668 544 401 372 694 296 4 932 30 239 682 243 642 700 949 42 742 72 49 289 73 92 976 275 85 482 926 736 934 593 47 420 936 165 158 236 93 233 82 953 429 682 188 564 317 247 103 501 164 521 85 868 339 540 596 211 995 324 13 249 687 934 60 309 717 207 938 259 723 577 711 401 455 549 960 95 281 556 658 824 591 46 762 785 746 582 844 863 867 96 543 704 760 940
435
986 842 262 479 427 493 313 434 314 627 24 875 999 313 360 2 716 475 380 283 658 238 29 871 578 7 153 824 230 815 320 453 330 446 814 479 618 337 842 98 384 383 414 646 600 14 761 339 205 620 642 355 249 227 485 327 263 776 70 536 713 490 905 812 415 658 961 319 895 804 537 129 879 804 552 952 774 890 275 44 834 392 150 640 385 975 884 693 435 111 307 919 238 217 750 190 276 638 182 173 93 919 587 940 802 637 312 94 994 389 649 903 862 470 811 900 882 642 699 733 598 331 290 56 109 857 863 437 233 749 3 110 572 278 908 136 971 886 650 615 865 982 714 867 545 333 591 747 276 469 919 779 907 832 963 991 788 822 620 980 731 368 691 3 959 640 747 625 250 499 674 499 905 340 884 314 758 323 876 963 332 938 489 310 442 611 620 712 109 857 833 798 496 723 626 212 92 558 75 691 404 686 73 588 71 251 810 441 121 264 654 382 221 223 36 536 930 754 662 277 316 824 737 160 829 496 859 510 734 760 499 631 584 523 108 452 739 618 83 326 449 920 928 259 487 716 453 752 180 86 963 517 980 570 540 615 851 396 740 108 408 865 266 322 28 774 373 600 303 78 867 480 972 968 708 574 476 861 92 300 939 572 99 315 744 131 546 789 218 693 710 18 134 139 233 169 1000 926 720 243 305 692 260 240 742 676 202 93 6 822 304 86 615 551 535 154 871 255 310 773 346 828 975 526 113 80 84 407 405 725 101 606 644 301 646 764 267 545 873 76 680 700 81 274 820 442 998 531 337 102 369 110 813 973 462 693 831 629 31 128 199 687 99 145 389 163 388 150 54 927 597 548 355 716 390 713 921 648 983 650 917 634 287 974 586 908 151 479 963 494 321 614 208 975 206 823 731 789 204 988 343 429 72 990 217 483 904 916 917 732 552 694 181 360 733 394 299 133 666 849 962 919 671 585 223 520 909 588 147 779 312 666 79 327 773
124
513 401 937 840 115 949 876 204 378 487 518 955 910 243 919 237 931 613 645 432 855 246 267 56 177 936 998 348 688 859 104 917 691 522 344 252 438 592 516 581 347 258 604 684 322 205 691 297 419 313 457 933 528 330 987 366 90 872 358 839 386 656 487 199 291 210 79 970 718 973 256 671 830 839 111 240 895 1 867 334 461 144 766 980 541 932 78 38 530 14 982 971 197 547 364 82 448 770 286 121 615 106 315 757 755 619 812 133 636 692 808 431 936 983 252 803 820 753 877 866 134 966 20 409
679
82 197 712 523 739 71 16 675 93 924 68 2 720 46 449 598 150 303 427 669 382 376 583 940 834 141 475 673 952 353 68 701 853 755 684 390 649 277 25 57 855 266 1 486 133 361 833 38 648 551 459 971 234 26 626 303 388 152 249 780 545 191 505 544 157 811 199 507 206 329 49 459 517 759 930 684 807 976 718 66 507 73 798 363 24 417 838 557 594 668 73 905 997 698 260 682 402 684 503 340 407 103 517 291 111 648 130 362 93 836 499 162 949 830 613 124 331 817 527 600 740 458 168 707 116 815 869 540 674 18 359 20 852 814 165 130 958 679 990 315 577 675 860 606 575 104 453 218 398 915 78 778 797 618 854 289 616 603 528 641 86 316 691 251 331 504 802 811 221 674 183 66 391 284 698 159 804 739 890 767 187 837 438 920 595 780 643 681 407 745 339 720 938 85 857 941 596 758 481 454 178 497 803 283 156 414 865 647 197 316 355 737 688 856 314 867 426 938 990 760 119 884 349 808 517 579 736 957 146 586 599 960 288 106 794 591 216 389 241 615 573 333 697 708 650 254 307 721 407 393 267 66 580 88 553 371 37 27 906 56 242 845 955 580 117 502 410 236 42 779 668 504 291 706 217 962 249 434 459 65 182 32 762 956 192 574 719 49 291 386 196 391 354 736 657 752 902 333 545 691 475 311 124 285 78 320 647 840 473 949 971 602 798 990 958 972 715 305 783 188 289 659 169 450 220 465 706 856 673 448 173 982 104 202 613 885 843 673 163 355 625 344 890 163 789 357 301 566 983 11 75 752 498 526 720 586 257 198 492 225 812 161 28 940 644 310 266 256 955 696 785 645 783 29 187 84 599 680 333 959 873 917 928 722 560 457 209 405 908 815 175 605 363 242 179 66 313 509 224 588 135 357 185 872 976 6 9 456 646 749 230 583 238 998 627 583 967 589 21 804 437 680 615 634 326 997 386 107 290 257 164 164 164 900 901 639 301 750 694 642 506 168 18 260 604 69 508 717 669 232 958 318 597 464 586 592 967 986 190 502 519 987 652 73 246 329 964 250 131 13 326 346 26 847 191 248 76 146 754 715 820 506 347 611 490 887 982 699 659 216 553 588 891 272 255 45 364 267 581 414 551 253 747 618 591 745 365 240 554 743 637 573 221 764 410 191 700 747 608 101 875 107 571 92 898 773 679 456 3 219 351 701 888 530 374 712 252 562 969 290 4 142 258 757 340 447 802 971 745 357 91 643 866 272 27 258 999 540 277 995 996 643 669 784 484 785 406 292 260 475 259 723 134 822 385 732 948 653 536 57 834 646 384 96 900 361 982 388 435 560 171 264 158 614 147 542 792 989 640 572 231 215 247 573 237 194 927 981 472 796 726 519 712 871 980 347 9 152 12 835 508 135 967 476 392 691 1 97 794 62 945 525 908 891 472 354 282 559 37 451 702 796 633 73 140 372 525 573 28 49 716 433 319 420 746 790 314 13 509 551 843 475 784 889 476 38 264 557 250 729 690 16 583 480 313 57 64 942 544
900
887 900 329 92 216 473 486 638 292 578 97 120 790 578 406 46 45 329 895 27 80 673 415 791 352 723 148 427 35 864 473 579 785 679 112 868 381 883 155 948 785 944 36 911 452 754 543 858 781 589 725 149 919 919 944 702 65 886 930 854 482 278 809 866 699 16 243 873 120 438 831 757 940 335 535 173 419 12 356 692 300 480 382 958 311 106 179 544 571 548 588 194 985 787 444 370 823 570 383 335 446 447 785 884 624 248 429 507 756 176 338 69 6 850 693 71 924 848 455 115 188 374 65 870 466 715 497 634 931 843 643 517 569 222 126 674 661 460 873 712 940 726 68 934 854 657 124 267 564 471 809 858 223 185 161 930 502 727 207 332 71 836 663 85 480 634 926 777 410 818 346 478 536 598 635 372 898 94 855 268 84 250 276 846 795 802 110 160 97 413 378 183 594 650 837 867 313 44 626 138 665 467 788 457 722 894 145 716 649 282 326 640 129 124 940 248 386 704 388 181 457 848 97 275 413 958 96 363 969 618 1 852 119 440 691 421 985 990 181 527 529 616 288 949 340 142 912 858 439 722 172 457 913 738 969 181 199 862 808 41 350 174 298 746 305 245 669 944 530 140 999 597 361 379 518 62 568 532 729 445 109 112 951 616 23 151 743 98 774 390 409 551 718 302 154 980 870 785 66 986 332 505 852 516 169 255 735 752 739 74 39 935 396 571 6 485 62 399 200 514 699 491 526 648 340 595 205 783 683 434 439 364 740 315 583 1 877 308 339 749 77 49 272 919 877 143 815 356 678 469 458 825 945 742 794 583 487 835 194 912 78 744 573 453 884 387 263 577 153 606 729 844 672 687 833 924 504 529 71 365 321 339 169 312 664 673 345 117 183 597 888 319 898 62 355 655 280 700 198 276 648 906 244 755 234 303 746 865 31 375 721 382 968 879 708 539 882 826 843 143 667 759 648 388 163 549 914 222 661 569 203 434 562 633 40 571 84 597 521 571 967 683 569 649 937 11 831 599 869 290 349 63 583 735 784 919 522 269 445 17 291 803 944 97 81 592 330 271 214 37 13 246 94 151 284 779 737 984 609 592 566 745 365 615 254 469 880 916 860 948 810 492 804 339 436 546 662 152 553 577 121 850 390 906 765 207 790 346 922 657 380 324 68 429 422 283 807 169 230 435 845 943 657 526 408 710 300 781 506 885 987 803 601 337 440 330 105 355 422 984 412 609 830 694 22 833 410 443 356 762 524 306 941 319 360 547 658 841 721 366 956 363 256 649 66 42 574 418 122 114 437 534 480 213 258 344 826 600 84 494 130 725 299 153 318 553 947 867 967 583 782 753 506 177 401 566 464 551 378 342 451 987 746 320 10 447 680 697 131 433 792 850 52 470 70 357 536 813 281 340 24 272 421 560 907 947 66 898 877 250 18 625 691 551 824 296 105 279 117 222 597 811 325 458 367 618 409 771 936 797 857 252 350 760 701 938 611 114 38 257 735 978 344 97 839 354 761 968 323 329 404 812 7 391 507 627 203 143 415 166 491 413 66 57 316 347 980 160 364 645 273 576 258 420 457 945 124 410 860 378 444 877 939 559 148 573 899 79 433 908 356 285 584 78 964 297 867 149 220 927 154 708 134 705 929 856 313 285 526 669 904 201 788 8 13 414 348 268 413 171 838 585 454 678 947 411 566 995 272 336 696 778 466 125 511 306 230 379 654 707 761 697 650 885 720 394 60 867 567 369 81 376 280 99 365 757 985 285 245 134 982 813 349 920 586 530 272 629 849 795 799 934 609 187 953 1 979 137 534 906 811 958 27 3 263 348 108 392 15 715 172 734 639 339 975 227 215 970 235 754 412 519 198 740 682 804 320 167 110 419 45 681 935 961 362 860 305 8 788 999 966 564 53 165 921 198 150 40 451 158 775 554 16 680 405 487 939 178 794 193 102 838 330 854 501 232 763 129 392 744 390 269 152 42 725 243 194 220 6 31 389 37 656 653 443 748 820 650 831 293 670 953 942 756 948 210 819 710 5 33
757
274 149 874 566 610 792 525 842 334 537 524 220 529 103 792 897 114 397 860 999 754 833 685 928 78 670 582 919 428 459 952 570 402 669 476 976 886 118 172 475 992 668 940 894 654 489 102 170 175 488 673 365 594 31 980 137 793 245 329 834 710 826 305 85 315 551 651 488 852 484 11 141 259 650 933 577 354 905 602 333 842 566 741 79 765 850 197 340 792 127 216 349 636 600 738 797 390 390 459 45 978 20 610 816 187 491 774 571 589 361 266 849 246 162 204 947 286 494 320 838 472 629 47 706 807 210 597 457 831 869 834 514 252 438 957 469 259 833 693 653 208 720 95 175 509 883 696 341 1000 505 493 975 21 822 797 697 119 848 481 405 199 887 225 93 99 361 148 132 120 550 462 812 391 79 114 17 301 352 895 398 363 260 369 945 600 61 954 169 35 395 91 593 311 937 643 424 821 810 446 527 463 566 831 989 817 693 900 959 749 911 786 148 330 472 911 947 563 588 676 45 345 205 889 257 677 136 195 972 354 848 632 420 575 737 857 631 695 225 711 792 696 412 83 749 638 673 725 821 652 987 713 807 719 318 930 708 432 366 393 697 638 196 609 939 365 597 252 60 660 747 911 967 720 801 246 882 90 107 552 196 964 31 554 987 29 265 55 654 218 841 599 458 765 239 725 325 751 992 571 108 144 908 155 349 228 136 655 845 750 213 69 956 151 837 177 675 19 610 931 406 752 388 6 940 197 241 309 395 749 745 603 835 691 532 739 550 410 400 367 185 12 722 539 863 345 556 386 519 79 799 577 724 802 764 450 239 555 944 17 45 227 174 858 847 474 407 671 259 772 465 151 358 723 910 885 195 364 952 498 818 694 165 337 569 474 392 796 654 944 968 46 302 274 479 486 405 106 107 635 508 567 241 88 316 639 416 359 595 104 575 806 429 781 938 33 134 513 909 165 653 144 262 681 909 830 759 891 120 823 869 11 621 425 847 674 10 384 453 732 876 669 712 655 895 853 637 103 400 206 705 866 37 589 727 676 879 458 469 158 515 857 442 235 159 362 105 239 150 418 64 146 863 363 649 533 842 249 183 718 47 663 76 241 681 952 838 320 35 210 4 658 985 121 494 162 551 369 889 598 39 220 988 43 491 598 67 327 785 440 953 734 444 401 327 676 24 972 236 38 546 319 320 43 545 821 498 482 797 581 727 162 174 742 973 289 605 164 978 983 753 965 209 914 221 247 963 886 276 328 227 29 963 491 786 935 875 30 632 936 864 971 913 778 685 578 538 668 621 1 39 661 26 269 871 98 891 406 293 711 435 34 932 712 475 641 668 539 956 745 346 852 172 371 484 520 938 141 422 303 921 820 128 576 490 514 238 829 411 363 213 535 517 35 62 438 853 202 968 863 317 712 908 745 842 633 542 383 904 103 871 126 419 338 257 931 22 710 12 810 440 859 934 225 900 463 656 709 315 468 295 864 485 633 211 835 251 945 814 916 290 436 287 148 263 42 846 896 471 814 270 985 528 315 194 574 523 514 827 960 283 652 834 89 708 649 369 717 746 506 913 241 829 296 677 951 520 273 36 227 584 833 402 908 603 843 912 680 425 788 742 28 485 167 402 538 367 552 28 8 502 78 704 483 461 692 722 782 712 148 584 36 942 602 177 421 883 638 957 75 887 345 687 893 547 805 156 846 827 479 982 551 392 123 940 365 568 931
966
298 618 243 477 688 431 740 872 91 703 726 1000 979 485 142 791 868 248 37 778 888 498 498 273 90 867 60 948 926 332 979 448 616 697 927 639 566 838 117 829 964 131 437 630 693 47 155 655 916 269 515 774 377 911 337 15 230 417 811 547 48 325 333 674 77 751 477 550 160 557 990 118 428 719 563 370 976 991 881 451 343 873 375 727 344 210 62 272 700 137 295 671 368 618 54 844 946 187 387 826 430 321 534 590 763 159 379 249 490 784 882 702 980 880 2 747 767 686 493 179 362 897 549 252 535 662 291 815 988 252 740 997 764 536 69 290 326 319 935 976 406 977 938 733 971 329 251 614 420 946 246 707 432 824 29 468 663 739 805 810 541 851 260 984 16 534 180 172 651 252 61 491 524 355 649 525 58 13 144 511 365 741 761 231 544 207 569 581 794 454 603 236 989 539 317 677 524 606 859 220 135 393 639 256 925 951 540 396 728 580 268 467 575 299 778 399 274 979 934 95 11 35 286 255 420 366 265 423 310 871 849 232 283 874 253 755 575 897 222 104 406 717 83 529 35 723 687 183 192 58 739 314 886 728 956 438 44 794 978 628 447 842 185 877 952 103 482 882 122 239 547 543 858 113 706 914 475 704 744 956 933 99 984 379 316 994 644 227 408 261 767 572 36 374 650 362 284 485 847 341 965 22 533 292 174 859 367 592 896 969 259 423 958 219 241 599 168 333 497 692 382 1000 154 190 693 73 76 524 984 625 782 595 155 517 725 336 668 67 666 617 151 189 271 678 889 687 835 908 181 434 536 605 614 522 205 705 53 964 129 448 785 28 839 922 979 508 748 405 118 662 62 6 766 389 807 879 938 213 637 327 326 593 650 495 960 436 151 991 198 65 29 85 504 947 737 230 346 243 983 141 752 538 625 962 494 810 311 658 303 51 780 954 146 673 753 274 753 750 314 897 73 595 801 859 959 765 269 922 868 880 254 668 553 459 359 712 667 312 744 759 971 959 512 431 729 487 220 785 225 195 559 689 493 825 382 559 396 813 215 460 227 29 587 499 940 190 677 130 41 163 193 517 178 350 495 824 844 191 859 765 844 618 383 195 308 898 221 847 124 578 724 542 363 68 3 545 707 183 595 725 990 306 330 56 644 172 573 498 754 84 488 794 336 440 534 619 639 628 205 205 946 585 550 385 422 485 894 881 687 974 388 66 460 430 783 457 923 890 671 910 427 824 628 403 709 531 863 402 988 208 623 789 275 424 414 117 944 958 220 109 175 883 745 794 658 685 892 163 187 641 689 481 511 375 608 634 626 857 533 984 145 480 736 7 571 562 140 850 551 825 681 80 774 53 847 406 828 91 627 715 195 832 643 708 53 6 152 66 745 14 410 261 688 22 860 238 83 956 826 656 570 870 132 794 676 131 357 314 27 235 815 662 722 17 228 417 595 922 842 131 54 58 650 134 542 868 965 957 707 995 472 939 624 579 964 156 767 28 366 846 896 239 384 243 916 547 918 320 643 495 603 659 117 371 151 408 404 725 723 944 664 572 654 441 695 531 634 187 186 501 318 204 487 386 742 681 654 308 858 814 766 994 204 926 962 158 954 596 478 504 286 259 748 220 234 764 153 208 779 947 963 763 568 969 780 689 223 229 64 384 519 22 839 2 475 896 154 810 571 531 6 499 437 861 864 355 191 96 498 474 309 11 277 8 60 283 867 929 275 571 386 631 848 906 369 507 277 935 992 430 852 726 290 332 768 949 681 999 33 278 500 380 428 106 251 402 548 707 204 315 75 638 829 505 709 259 146 496 200 339 962 761 25 69 159 726 996 289 218 105 738 953 749 387 558 82 240 941 797 404 52 82 1000 691 217 342 480 631 296 287 870 830 183 53 1000 574 626 998 681 366 95 714 531 1000 895 828 971 738 949 263 978 943 672 548 579 987 923 687 630 105 74 331 134 246 138 309 458 452 141 527 746 172 71 271 936 700 990 295 592 595 583 435 304 83 827 846 552 808 417 703 58 408 598 595 89 27 437 770 863 921 422 163 740 546 790 746 89 168 635 280 538 185 834 431 965 452 262 892 932 715 555 523 820 429 979 474 538 453 969 539 452 745 910 468 569 749 83 240 173 690 954 160 85 92 229 803 882 795 777 167 444 307 928 873 36 845 530 962 97 436 62 747 106 778 346 73
239
560 334 21 364 580 8 397 43 837 446 281 402 819 663 299 889 444 156 684 587 409 189 683 796 883 419 77 733 391 84 594 277 765 259 862 651 768 660 25 660 748 508 864 54 4 984 163 696 539 159 833 316 168 841 179 785 318 711 627 409 342 49 396 818 498 792 558 503 188 846 504 951 397 328 965 532 229 206 416 632 424 165 850 121 498 168 60 580 904 612 812 292 692 350 838 21 985 971 261 333 35 765 428 383 231 940 443 957 677 972 378 936 598 229 150 85 684 979 892 592 576 309 410 917 335 941 41 692 321 448 362 638 613 731 254 337 306 887 534 591 801 916 508 823 813 773 20 332 775 946 288 133 951 268 781 296 12 808 955 800 163 16 887 202 666 688 511 542 465 966 802 501 173 949 872 78 878 818 86 168 557 806 293 536 479 521 553 28 845 446 514 700 281 849 248 477 793 300 117 351 377 558 12 646 83 751 387 112 693 321 305 913 716 126 711 254 825 79 450 577 966 954 769 468 74 556 94 210 747 332 48 514 686 918 191 857 782 777 899
629
17 24 223 197 314 51 155 395 12 60 302 151 156 749 26 943 1000 785 930 626 576 491 256 786 816 869 316 800 241 430 715 842 748 737 850 195 660 683 137 788 885 951 942 804 602 519 15 257 760 278 189 793 420 814 306 975 881 162 312 183 671 862 619 382 603 234 746 72 406 163 980 939 385 136 620 358 224 316 197 869 53 584 479 942 991 995 687 348 708 459 16 949 457 202 896 405 205 281 253 984 992 9 477 728 706 765 795 865 78 427 787 895 562 262 24 488 16 918 958 811 647 473 854 973 243 504 484 481 478 944 325 381 244 785 283 256 296 258 283 391 858 941 938 157 982 787 97 82 73 723 215 213 115 679 551 937 210 100 93 815 788 484 23 383 543 814 6 143 390 866 522 317 619 989 957 457 571 723 32 594 961 91 740 775 439 549 793 428 473 795 880 656 783 575 528 293 796 898 566 840 4 570 158 510 424 924 43 101 919 278 687 314 155 209 451 85 128 895 984 29 120 280 992 320 589 764 532 904 540 59 314 240 547 227 708 470 201 374 431 537 51 38 143 28 3 319 283 953 527 169 955 634 275 678 415 215 558 303 999 255 874 440 538 958 882 409 218 519 789 78 615 584 822 807 916 578 162 71 129 291 637 21 244 536 399 498 714 743 433 621 371 494 689 731 952 41 167 986 170 88 829 1000 695 940 301 249 780 74 202 248 823 32 231 411 309 146 916 528 72 556 678 162 761 896 221 886 267 671 86 456 146 570 101 20 11 687 870 748 472 497 471 207 55 932 656 492 388 898 678 808 302 358 440 735 707 941 35 707 141 389 87 624 768 376 10 787 735 410 506 703 640 168 896 6 433 168 980 384 698 110 131 69 300 343 178 379 52 997 599 254 826 354 639 936 253 187 542 622 37 30 863 682 850 577 666 989 522 274 295 495 692 53 969 653 757 34 470 722 926 717 373 833 538 753 429 251 444 443 479 806 765 209 322 760 617 902 726 910 414 185 319 65 555 239 720 903 238 461 622 963 204 330 33 319 702 380 720 282 404 974 604 539 278 639 933 483 169 230 775 611 416 708 808 432 307 140 529 680 544 625 478 579 482 41 248 517 438 454 866 510 571 940 333 545 443 738 588 117 336 358 215 474 649 930 921 349 564 837 892 10 579 809 638 248 101 710 837 563 508 884 390 367 61 951 532 38 210 735 209 177 102 95 510 215 299 265 639 348 751 485 781 280 627 578 517 335 480 686 31 658 214 194 437 277 942 261 929 47 560 144 867 354 999 865 809 17 201 886 442 586 771 453 477 626 109 570 869 348 467 353 337 347 448 6 377 427 434 70 96 695 376 527 235 841 124 380 850 731 245 739 267 739 865 812 839 105 955 530 593 72 379 517 316 925 165 926 732 612 483 483 631 310 930 920 727 145 825 738 316
367
606 783 518 619 484 10 881 756 56 24 930 105 277 905 70 481 776 44 316 868 931 668 695 723 753 167 4 352 556 81 804 915 150 903 578 973 736 960 712 670 24 904 282 172 682 333 257 794 204 161 742 175 156 859 786 637 322 695 699 710 570 437 156 969 375 146 356 839 150 927 910 806 837 12 794 10 537 499 510 596 721 436 825 445 240 353 314 579 655 977 578 980 627 402 370 111 335 696 588 693 511 617 649 572 834 250 670 350 902 661 448 45 646 446 107 864 351 974 750 690 295 153 818 912 99 762 274 843 742 399 503 444 388 961 306 20 777 974 739 349 282 377 961 99 445 7 577 222 231 319 753 454 692 813 70 932 822 617 322 851 218 812 729 279 864 877 794 893 910 871 301 998 28 359 942 321 954 192 306 972 855 710 611 738 839 676 338 454 742 926 974 829 587 778 154 624 625 666 778 258 245 304 44 507 828 590 357 335 170 912 244 410 853 727 684 466 18 234 645 969 654 514 773 632 593 516 127 360 755 289 620 976 157 900 12 177 724 184 275 992 63 368 657 379 959 852 716 385 707 130 996 532 811 969 129 50 687 414 252 925 924 156 430 545 847 283 47 296 453 490 891 555 401 592 85 141 979 757 271 41 654 644 577 407 670 847 777 301 51 839 827 736 156 363 72 565 789 416 549 30 569 725 372 280 139 62 784 220 492 747 159 299 318 216 701 388 905 765 214 565 866 94 417 312 500 898 324 135 125 838 27 524 19 800 44 336 733 742 854 371 385 518 601 951 116 427 781 247 244 68 783 434 703 184 301 485 937 298 428 943 354 638 671 759 323 735 881
130
902 209 747 269 751 801 56 855 166 643 828 205 791 448 286 762 256 413 192 23 75 452 90 922 939 424 653 22 381 14 723 719 999 686 115 854 480 127 444 692 259 158 958 665 14 779 302 399 3 448 827 272 512 382 365 938 860 715 33 446 190 786 476 196 936 110 976 308 662 140 188 462 575 506 143 167 997 997 134 534 881 565 684 32 825 568 983 432 76 709 954 986 622 215 290 561 516 138 25 417 671 114 903 757 537 825 321 169 332 107 432 834 667 668 813 843 548 637 599 865 288 916 212 638 866 108 470 570 479 264
967
726 714 4 917 515 630 447 396 153 87 130 317 14 430 723 398 343 1000 85 530 24 5 929 416 718 855 418 469 972 385 606 360 873 742 382 444 128 313 889 370 320 127 68 608 730 560 697 916 421 572 567 524 843 575 83 131 298 673 253 276 728 596 245 857 973 342 134 643 551 456 5 831 455 989 912 137 48 749 682 247 612 713 722 499 759 679 927 856 634 975 231 964 460 867 545 368 479 85 683 495 14 629 527 717 612 552 681 833 944 462 634 53 134 694 649 878 131 27 227 565 76 533 125 139 657 131 403 805 590 154 782 375 509 388 246 577 283 810 374 620 415 198 278 972 851 565 853 240 535 110 672 200 75 642 12 175 640 240 290 132 970 822 438 928 988 614 785 10 104 284 496 194 409 325 995 918 336 91 58 526 172 548 291 56 173 856 873 781 214 323 562 53 835 855 944 901 916 270 808 800 25 242 564 395 443 944 897 182 184 735 436 917 344 709 498 752 431 826 973 134 808 676 187 119 976 697 183 232 741 26 438 702 114 174 869 173 61 668 375 193 37 994 200 753 508 794 519 18 872 672 495 258 176 517 76 944 50 547 960 658 786 301 854 299 639 970 550 828 194 820 156 621 548 761 475 660 478 246 400 577 609 403 498 320 82 831 291 84 11 102 671 498 510 704 84 454 647 99 785 971 394 820 795 146 663 730 734 798 677 407 821 778 490 66 431 250 769 571 229 577 773 808 195 539 157 670 664 544 813 26 339 363 118 136 568 424 773 203 901 903 889 358 545 715 13 499 510 964 122 910 516 587 86 497 352 783 72 942 149 147 734 134 962 465 595 232 381 969 87 880 642 484 455 616 558 626 705 911 891 359 964 385 431 212 804 757 718 5 15 154 186 688 698 344 810 536 828 497 249 20 301 156 313 652 808 252 7 730 677 743 775 461 943 635 562 884 750 801 259 286 933 201 887 329 462 587 360 863 15 771 163 834 18 50 521 755 889 436 639 780 537 988 24 887 412 12 628 610 252 925 27 422 157 737 403 257 815 677 398 576 455 293 763 919 757 146 971 87 875 248 657 204 699 191 414 193 759 957 570 989 557 991 121 115 320 164 91 761 267 452 429 354 788 67 111 80 570 713 745 25 260 485 67 364 158 905 272 862 634 99 322 229 474 370 32 530 816 881 57 59 670 59 152 407 252 172 755 894 678 845 509 242 191 588 394 981 943 362 835 999 329 843 776 96 562 362 580 428 354 496 16 782 682 723 100 279 278 101 955 909 840 984 931 232 835 306 932 774 836 413 388 23 687 613 966 565 79 891 831 719 956 659 481 191 439 103 824 874 79 297 489 462 624 92 803 381 370 422 987 766 953 845 336 863 566 762 855 244 802 821 396 219 760 336 630 735 281 36 41 574 176 210 712 44 960 366 329 176 318 399 153 174 246 814 431 448 791 700 913 326 808 320 130 917 305 351 268 990 997 418 239 765 407 568 911 589 328 632 106 495 239 433 785 837 91 228 497 718 970 429 871 463 832 688 58 156 134 798 509 767 49 910 884 235 297 658 313 932 605 153 647 495 284 826 741 955 962 666 166 504 655 788 600 541 775 340 866 519 919 383 852 758 99 552 904 147 416 483 199 190 434 36 478 931 269 288 41 730 304 212 198 623 437 785 865 177 194 435 784 713 792 38 234 940 834 361 537 341 141 48 381 709 287 572 878 565 103 771 380 510 366 423 857 240 474 227 43 345 216 655 581 855 991 925 729 299 21 897 289 272 488 667 135 376 464 62 855 368 22 249 870 9 22 907 585 43 595 761 373 297 546 749 715 651 364 60 495 114 20 791 577 423 375 348 693 49 830 762 982 156 255 114 242 2 64 14 717 516 735 423 590 850 191 824 375 142 10 250 945 253 622 209 898 319 788 255 335 424 564 205 775 308 346 668 628 26 161 672 235 189 685 381 59 55 535 409 979 742 228 275 98 858 724 912 605 105 499 693 116 194 567 627 686 401 41 507 242 468 8 225 587 129 828 32 588 389 853 964 858 178 990 150 846 180 336 84 151 507 509 292 169 510 464 229 163 209 165 90 281 586 496 747 721 843 1 138 483 89 711 865 140 466 739 629 735 787 958 547 599 37 893 392 2 930 355 695 635 903 665 403 553 601 948 324 993 310 647 113 567 448 291 133 223 851 161 688 596
152
259 408 788 679 93 711 600 777 836 515 580 377 46 320 291 386 860 105 449 507 502 958 796 331 526 548 829 823 90 987 129 950 628 16 76 677 153 55 684 870 240 987 473 745 668 824 502 717 268 922 911 623 59 113 555 22 811 898 473 770 992 498 385 228 112 427 832 168 677 885 190 846 645 986 167 139 354 191 749 520 269 669 217 107 854 555 970 810 557 906 154 494 572 76 222 137 199 674 816 615 633 174 757 264 665 121 859 538 269 422 61 233 207 564 486 664 191 973 424 892 48 303 167 784 1000 956 71 159 7 715 181 687 663 212 195 944 935 591 153 385 75 742 810 302 538 608 374 992 257 43 683 995
6
164 421 805 213 200 321
541
162 796 62 937 61 223 116 170 914 637 572 815 69 659 948 924 183 525 519 273 757 653 861 557 529 858 204 437 748 77 977 456 702 513 470 6 424 171 639 909 605 256 810 285 106 173 95 207 483 417 646 740 251 442 119 744 422 641 928 744 499 740 650 50 346 681 790 955 353 47 40 273 910 246 325 990 691 620 868 868 238 625 306 143 815 445 361 372 740 594 957 32 568 439 573 629 896 536 986 177 455 891 647 826 815 757 589 145 424 972 98 547 736 858 744 324 955 558 311 113 556 992 725 691 118 715 69 525 60 352 40 487 136 807 607 330 968 394 863 629 724 714 979 397 990 800 484 732 967 736 478 853 578 997 971 676 493 382 576 779 612 382 302 311 820 968 53 67 833 391 977 548 675 230 872 241 267 985 644 906 844 476 29 565 765 82 672 919 585 253 892 546 123 841 717 767 515 82 568 965 120 990 997 88 892 874 632 909 955 719 510 712 228 930 947 228 926 832 426 598 313 987 791 49 713 375 926 955 150 237 415 257 888 975 483 980 967 882 909 255 242 426 791 790 218 182 901 501 271 956 752 35 504 930 245 787 282 472 112 578 35 152 108 591 735 448 481 40 667 985 462 970 47 491 176 789 418 982 276 172 327 966 482 106 147 356 176 271 128 511 435 176 354 6 820 783 361 464 454 904 201 212 729 823 670 817 239 301 853 219 211 990 98 186 818 171 513 642 36 483 339 739 580 60 413 842 490 799 784 412 522 925 35 802 382 177 156 578 586 403 106 779 112 194 97 445 908 877 770 288 773 211 249 291 596 712 711 662 806 14 807 435 852 878 626 125 738 996 275 533 630 975 234 781 926 139 488 27 65 928 446 204 744 470 189 139 396 720 197 628 929 614 786 784 855 972 594 764 169 596 972 230 773 174 777 627 569 789 383 353 188 187 31 804 672 172 966 357 434 801 8 695 986 394 278 937 116 214 944 303 167 573 995 998 497 207 140 391 611 904 59 484 489 806 798 602 124 307 647 338 923 54 662 652 760 260 465 638 899 865 406 763 379 624 142 642 951 951 401 324 793 601 982 205 512 914 358 912 354 199 171 184 923 414 522 799 244 178 598 403 212 506 55 950 401 385 97 304 903 147 342 458 938 372 897 369 125 733 280 342 669 630 500 682 819 832 611 478 428 918 107 730 438 240 831 637 839 416 646 959 311 266 103 69 575 382 918 937 418 920 14
789
919 270 636 140 982 353 711 186 22 519 612 15 845 582 737 732 601 494 619 751 22 156 307 122 295 357 850 600 636 617 143 268 231 357 526 804 637 585 247 910 766 817 974 386 702 45 676 262 949 248 426 819 454 978 840 344 620 580 717 708 306 514 104 463 376 116 809 55 510 954 21 234 963 711 135 845 125 982 597 677 21 383 606 63 891 697 506 911 737 874 381 588 446 338 890 526 917 761 730 471 958 102 918 157 218 18 799 713 49 184 348 798 734 843 56 481 775 144 331 666 105 743 357 741 32 35 804 263 869 760 11 784 872 795 800 778 875 904 444 80 475 265 359 612 798 641 721 783 161 154 768 767 277 629 879 50 611 818 932 923 122 835 675 895 851 146 936 890 175 82 297 15 692 17 207 377 104 277 856 135 338 526 264 208 397 243 288 978 800 788 559 74 21 647 298 607 195 410 786 88 947 103 677 435 727 292 58 960 154 840 545 205 763 864 451 391 520 996 172 118 497 907 874 245 71 988 622 490 753 879 513 472 290 574 569 858 685 103 353 56 171 98 958 962 163 294 361 983 922 930 724 75 504 415 25 143 981 492 932 43 386 265 79 691 947 992 504 987 862 890 346 934 801 26 88 610 585 56 782 379 426 142 161 441 771 190 293 689 238 492 330 842 764 431 155 377 279 56 843 277 940 541 161 728 499 72 455 93 758 38 768 132 353 64 676 208 513 563 293 376 54 389 987 53 667 33 667 761 116 556 830 609 137 571 327 398 543 213 298 100 948 151 438 480 524 99 613 127 389 424 219 63 913 867 866 312 940 151 509 385 731 848 429 610 81 266 970 275 782 348 234 536 138 585 472 970 180 252 32 679 463 343 752 336 501 462 122 643 427 78 203 823 959 286 635 359 14 44 829 142 817 165 825 780 979 699 347 995 995 717 829 168 919 508 421 277 802 742 482 429 717 983 866 395 664 881 512 639 416 127 609 446 29 443 826 155 494 736 123 63 325 622 916 865 594 24 367 854 103 401 648 328 226 481 545 224 71 306 689 109 175 992 72 875 405 930 445 688 988 567 274 729 203 800 46 828 303 844 39 426 794 218 136 800 159 590 142 95 3 978 707 619 568 712 837 400 43 405 19 57 371 866 184 653 848 8 989 740 109 486 838 67 287 535 131 601 128 315 702 555 483 197 393 256 400 35 15 813 364 724 373 99 370 467 519 198 96 675 875 540 844 653 156 612 208 284 289 22 422 669 54 778 320 794 508 964 68 233 405 508 661 653 901 742 168 736 319 825 216 971 517 105 345 300 703 48 30 888 495 225 612 381 697 345 385 857 797 32 18 97 940 530 362 34 231 738 89 390 490 280 539 430 456 547 429 643 160 700 873 968 490 427 411 185 876 174 441 792 274 175 982 451 876 177 581 359 120 487 622 695 825 812 882 785 392 896 737 219 912 140 579 254 935 85 567 457 901 833 433 753 313 354 243 273 432 596 744 844 139 330 482 168 557 749 654 788 177 10 986 904 540 252 419 343 926 734 713 119 303 90 677 433 219 878 534 942 537 45 249 323 219 618 953 459 94 502 706 203 693 414 886 316 184 171 954 734 491 382 659 334 145 725 626 390 640 865 399 868 278 415 86 855 314 625 310 259 824 468 323 758 219 542 701 508 720 916 345 355 671 919 181 650 139 937 236 225 377 404 306 84 23 943 299 676 630 127 898 67 53 499 429 6 404 264 946 347 337 336 448 196 509 928 339 910 745 862 1 637 840 199 510 554 480 825 483 762 817 244 431
230
687 290 287 351 901 663 250 255 460 537 673 882 709 231 541 392 64 420 225 944 318 333 669 966 741 674 186 740 280 556 456 537 681 234 206 723 6 377 567 387 794 762 238 457 763 860 315 434 247 783 424 257 348 565 893 182 769 693 776 970 241 109 882 114 637 874 585 281 756 308 586 316 797 396 926 699 262 851 870 534 319 95 204 399 242 289 187 783 338 240 292 768 943 507 785 438 408 887 210 595 438 371 228 277 80 928 962 533 459 936 89 646 684 765 366 85 785 348 577 637 838 757 993 574 503 86 504 35 431 517 61 453 580 304 41 756 882 846 387 900 103 262 902 339 583 9 136 60 56 431 765 695 82 457 838 419 216 107 395 950 876 804 303 850 327 158 892 120 23 18 189 425 310 385 531 852 195 512 804 790 213 888 543 358 891 696 227 479 445 180 276 682 942 229 422 743 337 533 290 815 558 604 415 121 207 499 60 807 197 938 678 172 923 983 956 865 508 394 666 362 346 125 498 674 594 302 285 872 44 642
383
70 979 27 512 835 661 646 244 480 926 45 89 91 45 466 879 498 348 718 443 369 598 982 109 719 78 465 603 910 825 932 109 187 863 141 896 142 835 780 450 951 452 320 23 902 289 703 282 504 415 78 23 282 397 555 69 568 558 600 343 159 671 188 363 555 752 460 218 897 856 1 447 869 259 489 755 569 205 755 993 823 845 899 648 914 468 790 695 692 157 517 927 729 666 332 969 275 900 252 572 54 559 510 570 411 449 424 478 693 69 275 598 468 838 999 177 255 47 818 658 770 937 272 739 722 510 105 834 691 506 418 347 281 559 871 990 142 713 765 119 929 594 612 800 900 222 717 494 585 24 741 743 783 205 746 68 120 256 165 216 422 317 946 262 373 384 914 222 169 109 253 381 404 359 69 179 227 889 14 1000 147 851 929 197 292 706 167 422 300 994 169 565 765 213 380 390 304 309 667 351 286 255 440 243 678 682 545 96 459 231 654 346 7 701 674 789 144 51 338 952 87 108 201 993 262 433 628 940 644 24 610 829 87 8 998 137 924 958 277 76 946 640 915 726 422 815 447 858 973 563 956 986 321 716 585 457 177 889 168 514 963 73 728 629 959 495 63 147 78 782 959 120 534 368 256 765 945 926 933 754 95 772 532 977 809 730 925 732 926 40 426 647 458 475 871 776 840 733 174 419 77 194 922 8 317 555 543 700 320 916 821 322 730 783 22 808 881 160 148 338 557 701 548 619 632 116 191 72 185 630 669 436 912 516 430 53 124 850 666 508 633 537 26 422 663 553 960 21 482 248 427 464 570 865 665 462 205 686 291 663 740 772 775 214 917 723 896 84 748 706 351 765 107 582 508 702 231 358 959 941 460 876 925
85
763 230 722 9 192 236 375 996 762 199 528 750 969 835 349 622 845 17 144 66 590 472 540 277 429 202 790 7 811 908 74 145 613 115 50 477 466 399 914 279 326 787 235 732 562 560 632 451 792 241 583 687 792 611 887 381 188 842 778 517 758 586 982 784 733 557 713 189 772 863 960 711 312 838 110 813 323 330 672 623 586 38 656 511 980
147
169 566 76 373 727 941 29 516 507 227 203 132 184 844 651 917 985 598 11 514 774 122 140 93 308 289 131 258 808 848 963 216 867 903 306 182 546 786 929 584 222 398 364 551 247 440 580 648 948 406 218 631 79 232 705 952 208 47 945 660 315 338 418 249 463 897 832 856 610 208 416 760 139 265 670 571 123 327 763 198 445 865 509 470 479 600 691 154 299 175 515 548 902 933 900 629 596 914 168 291 188 830 144 597 510 759 413 65 719 736 180 85 463 976 176 186 307 694 596 407 784 123 300 610 882 749 9 865 884 430 630 300 799 794 190 89 989 117 352 228 845 828 579 516 409 111 1000
592
340 972 570 389 901 292 665 171 293 82 488 613 630 554 433 259 425 920 448 839 638 6 203 338 251 34 336 378 225 496 125 272 538 149 724 263 481 18 271 954 157 240 984 374 405 483 800 34 252 523 202 258 273 146 930 749 21 934 599 346 372 664 72 145 581 178 462 593 386 287 187 871 733 607 579 24 734 433 879 195 706 361 83 144 453 187 802 632 847 536 436 462 800 212 86 994 699 374 935 711 927 697 797 67 963 181 620 342 590 809 874 682 159 533 949 890 411 42 584 624 962 484 121 365 125 319 661 939 642 367 214 558 282 876 831 515 821 276 744 817 504 217 894 45 296 457 297 59 969 165 776 210 243 624 573 862 172 959 741 692 763 997 67 290 867 7 708 22 950 377 685 445 20 407 711 71 520 372 705 745 515 759 887 343 890 419 133 528 438 695 655 499 69 441 335 744 509 91 653 256 882 950 226 973 560 664 416 240 224 555 575 811 668 754 835 396 550 142 497 582 201 444 720 234 241 523 95 834 896 952 734 832 136 589 952 911 238 422 994 467 205 149 920 654 19 880 999 676 820 49 458 957 398 137 282 66 792 236 755 623 60 776 470 593 735 627 728 571 2 855 679 500 389 530 673 960 591 749 626 292 171 978 330 310 926 992 953 939 985 743 550 716 76 418 105 632 427 514 434 949 507 805 748 37 969 844 930 696 436 636 893 228 240 958 339 601 827 873 465 761 411 924 560 73 50 401 903 46 739 650 331 687 241 558 747 636 379 287 828 163 702 408 406 306 847 236 461 564 655 720 888 374 35 603 577 348 702 853 339 562 962 368 57 959 707 899 591 227 628 117 676 209 983 176 322 21 969 629 856 985 582 987 547 570 376 324 652 950 521 370 326 21 900 652 300 38 283 79 230 732 295 694 695 940 763 761 582 737 49 956 449 125 1000 735 980 609 644 234 244 178 370 529 915 862 987 547 43 688 312 450 962 872 72 17 233 598 428 32 307 326 827 289 790 874 385 111 250 528 240 130 628 158 146 261 483 763 733 188 726 829 892 494 368 739 268 418 547 200 532 481 739 267 688 188 903 931 580 665 160 173 183 10 631 195 38 362 191 436 786 935 66 262 861 825 530 267 918 421 677 156 73 78 778 148 407 874 369 573 868 641 266 21 746 989 664 482 17 142 457 857 402 8 830 549 549 826 255 655 723 930 601 404 725 515 703 816 899 171 729 498 104 322 629 461 90 448 838 497 710 727 469 524 15 943 152 864 231 171 842 736 235 16 350 836 91 841 400 102 491 24 470 692 470 446 732 478 452 155 850 716 415 312 662 521 333 522 430 550 805 618 549 713
237
739 861 26 929 936 391 234 706 167 865 636 957 311 614 869 671 403 49 553 182 741 662 802 899 275 184 473 907 277 165 464 143 780 931 32 843 836 438 302 195 309 235 439 779 239 577 279 705 195 737 407 77 445 380 331 459 846 698 86 2 489 172 763 826 553 612 643 614 440 426 776 648 495 412 595 13 416 493 355 167 73 574 423 557 518 312 640 505 917 417 269 896 404 917 19 441 442 28 597 643 517 141 61 546 556 837 844 151 651 719 833 417 322 150 624 176 640 622 859 778 666 933 110 422 207 594 496 570 614 309 309 935 251 232 632 608 994 998 544 217 252 463 56 624 725 328 371 890 152 910 987 608 815 642 492 995 162 667 31 765 976 914 388 657 372 427 647 851 491 955 966 225 205 850 834 939 832 723 823 436 819 41 26 12 813 645 992 119 541 183 749 202 539 237 977 307 230 774 570 860 798 41 8 775 84 120 263 141 806 356 946 961 521 394 124 858 455 802 916 562 886 673 383 104 104 515 149 267 996 977 471 920 260 402 848 736 140
847
484 48 905 767 561 231 945 594 468 904 130 521 817 954 942 495 771 972 440 4 149 962 141 888 982 456 291 245 384 324 582 26 955 780 155 847 406 228 152 144 223 175 886 282 228 722 735 129 650 460 413 367 252 417 475 884 638 267 793 753 124 116 484 894 700 142 709 625 335 72 245 444 548 758 687 239 830 460 456 413 288 736 676 817 653 824 945 756 957 257 678 222 661 725 480 45 232 219 113 440 449 91 335 449 860 153 794 470 518 854 634 827 790 269 379 966 685 12 896 715 219 939 41 860 507 448 929 393 104 73 712 58 967 679 486 531 53 347 634 795 448 411 299 953 2 525 83 862 727 33 30 190 512 68 973 720 938 464 387 69 333 205 829 874 466 818 40 175 594 752 606 7 772 198 528 533 62 956 28 281 278 117 916 842 533 954 253 503 773 353 151 698 521 534 607 854 800 949 863 1000 515 567 443 690 232 838 25 342 295 814 171 191 101 578 384 574 889 820 213 881 818 877 987 858 744 205 445 441 216 224 991 724 15 218 811 124 60 349 897 564 895 316 98 546 854 12 542 887 850 66 568 647 756 949 21 44 884 503 1 618 676 332 512 57 77 260 959 714 667 158 827 659 73 421 724 701 430 491 547 156 140 851 541 334 421 881 561 332 240 193 304 722 114 85 775 78 472 921 502 697 825 482 934 696 633 159 216 31 457 382 340 261 742 500 158 921 172 194 607 25 690 968 216 189 363 289 21 30 2 956 602 193 490 214 723 79 421 603 335 512 132 957 176 870 726 882 302 137 472 203 900 610 836 10 941 735 59 762 248 554 938 203 737 294 386 317 904 673 252 797 334 933 934 885 434 825 881 968 854 226 183 154 634 269 271 11 567 748 90 431 540 764 479 889 201 413 901 756 878 312 188 312 707 171 855 596 536 854 235 572 95 570 46 121 517 339 348 424 955 523 486 347 217 611 578 543 130 377 390 631 647 167 504 683 476 742 234 397 105 95 670 766 24 807 159 986 73 414 487 794 611 19 21 358 12 967 186 964 646 274 92 816 999 431 467 444 952 365 790 623 562 57 59 630 705 632 155 188 242 884 957 501 15 903 216 836 252 218 863 357 2 435 580 616 344 33 649 693 971 772 769 53 871 211 980 60 79 325 9 293 236 372 755 797 497 366 379 461 389 866 496 83 819 288 803 408 151 839 230 937 765 764 619 453 569 997 119 284 959 847 664 363 946 671 578 415 391 523 673 143 664 431 597 430 252 840 355 302 475 429 609 752 22 496 569 997 590 658 202 699 332 74 586 734 152 416 329 887 335 41 182 67 306 557 146 910 440 359 657 376 886 432 978 359 427 371 875 899 444 306 28 630 348 496 718 834 819 956 130 245 706 996 390 741 283 105 33 737 503 317 36 596 94 613 73 437 614 388 449 108 790 251 843 399 847 442 115 897 290 827 289 718 390 720 618 624 949 644 15 555 267 14 940 352 631 360 589 596 400 225 124 963 637 595 687 509 665 68 114 451 575 838 748 718 919 473 415 172 191 39 16 55 775 645 222 602 886 376 654 364 944 399 58 317 846 202 562 644 337 92 594 178 146 284 33 924 841 146 514 857 387 119 636 996 221 396 562 635 482 443 985 890 49 768 684 200 620 399 408 722 460 490 801 367 1000 186 682 816 997 663 431 779 313 314 707 312 313 202 378 925 888 5 783 469 698 915 542 195 988 345 614 945 700 251 508 393 330 716 761 781 320 488 522 585 133 870 71 164 918 239 71 743 584 67 277 441 415 831 312 769 980 667 559 407 579 219 693 720 954 336 950 879 927 316 558 104 819 180 530 194 636 180 299 718 313 122 499 685 109 470 464 715 211 590 356 254 525 39 212 386 446 709 299 121 321 491 156 712 43 676 621 916 390 333 618 264 879
556
370 89 141 59 496 175 268 78 666 480 972 799 810 385 557 960 416 227 726 431 122 549 833 909 150 839 798 621 386 233 200 480 414 546 946 336 756 690 971 358 191 213 40 348 978 190 40 354 868 999 473 851 106 595 103 178 632 991 668 938 6 568 752 846 844 964 88 488 257 262 655 97 247 241 120 623 840 268 999 910 426 277 617 211 42 435 210 124 548 876 474 181 189 439 290 493 954 152 720 661 99 872 332 95 770 301 870 604 135 902 744 422 231 469 889 265 13 815 922 776 856 590 363 108 872 997 442 943 209 445 934 766 572 12 786 902 841 329 412 788 509 966 867 148 351 424 375 959 825 171 329 479 704 921 918 264 148 866 665 202 57 558 708 650 469 667 767 175 517 736 487 529 624 988 506 396 777 567 836 733 80 367 300 859 535 722 605 434 747 125 224 221 440 639 656 856 307 561 427 17 98 466 981 19 843 645 479 313 309 895 931 566 289 197 712 570 662 214 585 749 14 155 946 358 309 530 334 646 584 631 551 490 817 135 348 642 358 767 472 215 890 84 492 20 369 869 109 543 837 44 678 547 423 993 694 490 879 120 932 573 636 650 792 282 779 362 975 144 364 623 538 49 579 528 786 233 317 528 815 569 448 210 863 801 541 74 804 512 334 150 500 530 778 159 247 677 174 730 314 956 97 884 454 456 269 481 321 113 86 406 295 278 493 794 85 822 484 44 57 624 519 705 977 966 827 230 19 243 890 655 273 571 842 129 200 879 104 988 705 620 674 238 580 804 696 599 472 81 137 513 596 109 501 322 58 373 165 255 78 915 153 344 102 403 889 728 171 437 598 931 798 733 214 100 458 580 462 500 76 156 406 572 882 945 768 56 303 228 316 183 706 688 707 198 443 153 663 629 645 721 903 147 264 785 542 333 404 129 417 928 603 513 179 548 726 20 377 144 164 558 755 668 51 572 293 689 205 357 847 882 967 74 635 560 62 501 592 618 701 545 843 603 792 136 562 678 524 304 325 468 193 66 95 431 499 302 357 721 152 255 352 778 483 399 543 756 388 266 898 454 668 994 312 256 329 896 342 888 61 972 978 311 739 264 936 619 197 756 546 499 508 841 538 674 985 931 195 633 244 814 570 319 698 735 559 560 77 460 876 317 739 963 912 954 95 993 876 909 148 877 164 986 596 902 402 203 107 366 264 695 581 396 470 540 981 42 752 737 766 663 327 373 596 264 21 773 265 803 595 88 237 25 318 228 971 888
229
973 740 97 170 721 278 791 338 273 610 351 356 430 438 36 821 275 951 946 292 356 116 193 843 622 713 262 766 579 873 488 928 633 491 874 361 281 435 299 589 476 577 414 178 980 177 57 220 259 304 981 850 409 888 276 60 713 683 717 926 11 558 519 656 555 466 897 159 126 847 37 998 930 4 146 621 239 652 293 617 703 366 438 84 711 380 339 493 996 364 372 59 307 725 229 325 445 990 280 421 397 768 47 438 45 47 971 913 730 651 541 262 510 454 651 68 639 947 851 562 853 368 668 543 852 463 516 105 32 435 657 182 893 463 183 173 479 765 510 192 961 740 487 660 405 39 195 214 486 403 264 191 179 930 105 365 203 959 200 716 251 195 160 487 909 245 523 441 738 579 375 80 134 378 134 846 424 836 541 790 342 652 496 471 791 260 169 449 623 430 136 550 962 163 243 394 562 514 52 645 327 59 610 309 38 280 438 525 557 580 62 774 905 904 860 364 912 491 205 359 218 702 613 494 44 489 641 60 11
732
496 441 980 915 689 802 463 955 509 1 42 552 308 494 976 943 50 227 786 538 819 491 271 263 89 705 781 650 79 992 952 482 376 264 200 903 76 796 351 909 587 394 19 697 439 105 841 41 484 478 151 523 611 139 237 403 361 481 156 544 604 518 156 442 726 857 468 653 567 403 884 510 214 569 144 434 773 70 348 260 794 507 282 586 953 661 586 197 106 339 4 321 65 129 217 394 432 487 601 727 703 927 9 963 439 130 491 251 906 865 742 923 838 422 491 46 294 894 504 931 404 267 495 241 834 16 335 692 795 973 711 851 352 112 172 250 878 425 99 378 89 613 533 361 840 929 707 811 832 379 165 336 872 88 388 128 490 670 301 589 100 983 103 23 369 709 317 705 194 842 559 270 307 788 723 129 929 85 73 242 856 816 881 11 805 364 825 215 830 891 943 774 156 498 144 658 984 476 930 456 200 744 480 47 966 973 654 10 826 175 956 551 171 838 906 538 93 501 898 136 204 164 856 939 237 3 830 489 793 747 902 223 267 814 899 29 657 540 90 822 497 159 480 401 637 398 265 468 712 671 571 649 152 784 559 161 319 23 395 195 810 278 584 957 349 35 956 951 48 10 920 413 553 222 740 935 116 203 138 182 279 931 869 444 14 365 825 899 203 556 618 687 11 696 803 515 462 493 732 993 797 778 471 225 734 883 702 799 564 266 368 664 583 308 379 814 512 869 962 161 349 40 672 299 813 403 322 284 829 313 111 721 944 562 301 100 912 427 932 151 742 617 534 906 703 881 615 808 326 456 200 649 843 146 546 886 12 692 605 455 338 367 255 775 833 165 508 284 35 833 618 16 896 695 454 579 582 38 437 876 786 432 859 742 902 643 747 643 341 577 100 374 270 656 666 684 988 860 1 198 308 954 903 426 351 952 930 846 981 191 851 845 747 300 572 453 46 679 372 302 490 822 929 376 601 25 960 372 766 196 378 365 476 199 438 16 674 773 369 967 943 379 661 742 552 982 619 363 587 757 405 763 670 348 307 424 324 337 898 133 434 650 370 267 435 716 194 493 13 427 75 709 165 117 161 739 610 717 965 826 961 432 966 631 272 679 218 684 33 794 383 233 133 559 542 829 553 466 838 613 957 651 334 796 679 261 885 224 52 461 136 302 398 317 654 46 773 849 50 368 719 600 26 318 988 227 977 720 919 730 703 835 414 322 983 874 276 11 727 105 614 605 745 907 118 952 108 302 174 651 559 840 729 802 574 329 638 378 898 973 778 671 555 96 519 152 620 151 278 701 725 812 263 485 373 702 645 464 300 220 477 621 452 634 337 154 419 676 977 848 602 226 328 790 906 217 653 934 942 868 227 692 36 400 512 433 477 909 733 661 43 420 875 321 817 858 524 933 669 740 244 969 425 878 149 337 722 601 16 665 149 221 966 576 657 195 450 242 293 244 821 49 621 948 130 865 517 310 586 880 608 946 75 885 145 923 685 532 719 853 348 633 68 57 531 59 899 861 790 752 915 872 397 711 191 367 985 385 793 266 720 963 899 222 255 285 7 823 769 685 389 927 235 689 31 917 58 937 519 757 276 285 415 560 261 374 589 100 885 320 224 85 198 102 286 929 652 536 441 937 456 711 506 300 23 435 523 528 759 251 166 445
786
465 586 333 464 495 516 428 381 306 728 694 777 474 604 743 827 276 55 611 432 456 721 886 304 346 893 261 895 72 805 945 124 861 334 116 790 135 344 457 827 624 756 217 947 655 615 944 972 610 755 192 366 618 795 276 469 945 46 769 300 661 121 284 14 146 813 380 240 948 836 718 959 695 687 439 28 908 299 642 252 87 866 228 513 517 514 297 288 70 616 736 256 903 518 680 867 646 379 415 798 174 70 100 813 263 345 725 775 94 275 115 286 253 605 418 24 838 581 264 641 713 303 191 292 828 325 823 309 353 276 737 27 486 178 197 150 677 30 715 516 374 757 980 828 846 705 685 482 841 584 931 953 75 543 582 711 157 85 173 291 648 881 524 474 179 534 731 594 750 241 38 674 332 222 901 847 887 554 69 766 187 996 196 409 528 522 558 984 111 726 259 553 426 27 287 824 496 527 369 585 495 490 328 606 240 763 439 969 170 378 138 46 37 646 833 548 485 105 817 636 661 573 45 271 666 140 749 993 111 968 948 602 479 68 723 984 549 149 779 458 149 954 597 677 13 808 812 601 590 672 324 72 649 570 726 836 437 484 316 847 376 46 19 452 996 986 776 547 469 829 574 784 921 97 309 509 784 385 237 766 836 277 227 115 647 470 742 696 706 657 882 405 361 780 943 318 983 109 418 476 851 75 782 494 793 571 863 649 543 436 841 373 312 207 135 399 185 982 374 661 925 600 801 1 581 85 262 908 357 512 794 189 831 532 688 359 590 839 482 11 96 926 137 971 235 537 784 209 774 284 205 129 402 576 477 136 208 728 195 460 853 380 667 670 825 376 317 467 93 714 623 369 677 42 207 479 867 380 350 203 203 191 558 306 31 879 11 21 522 309 235 914 77 324 769 921 741 510 631 198 533 280 245 814 718 355 361 846 329 664 705 48 677 916 78 962 237 566 813 178 403 542 373 261 27 134 952 700 261 598 134 537 477 965 535 805 374 177 212 268 177 237 13 156 106 59 512 877 303 126 160 569 803 858 855 879 542 851 189 420 218 305 563 159 792 661 177 408 960 538 786 526 866 240 137 45 980 640 411 743 937 796 560 411 879 565 717 359 712 227 996 184 377 29 811 243 843 669 658 585 823 241 183 788 894 202 95 662 441 252 536 806 746 616 681 456 974 704 61 392 716 332 65 804 213 372 273 288 871 608 682 707 562 320 44 66 830 556 127 500 616 320 934 861 70 924 958 638 829 345 672 476 533 624 468 259 633 858 519 823 209 701 709 400 209 615 331 955 405 356 262 995 74 12 396 700 754 5 788 105 435 669 761 467 132 325 694 761 464 322 3 380 813 2 270 889 699 703 318 235 116 709 435 876 294 798 772 680 213 875 916 189 415 474 566 406 980 554 276 973 46 198 879 668 116 270 405 331 63 12 203 122 594 412 935 210 71 180 839 31 491 701 154 958 312 650 622 983 224 955 475 928 463 176 569 621 545 2 803 707 538 589 878 15 336 567 630 929 626 461 207 928 975 82 637 138 616 164 907 348 871 295 93 611 786 171 616 151 704 36 922 719 75 574 694 289 917 36 466 282 195 874 721 454 789 77 910 797 173 542 525 942 311 586 716 668 389 750 333 435 713 746 745 365 383 836 626 818 176 240 742 110 405 1 804 745 866 495 597 805 720 840 916 84 909 609 462 112 814 157 684 414 340 296 121 726 116 844 530 474 284 504 567 889 878 243 861 681 266 342 82 54 212 999 226 217 727 73 878 606 704 753 494 977 81 414
397
478 412 685 680 551 558 637 148 542 831 547 511 119 134 473 205 125 184 378 83 260 677 887 679 108 603 476 130 804 471 796 844 591 444 586 496 823 314 614 942 487 376 348 316 790 163 466 221 299 63 226 333 761 221 499 952 610 199 142 804 682 835 198 23 128 663 546 926 522 933 590 25 987 827 80 162 5 633 796 350 279 106 51 88 791 987 84 76 139 493 538 959 354 959 325 243 821 212 38 12 806 907 748 384 683 673 44 924 614 760 996 286 852 58 326 381 1 947 265 836 296 377 406 751 854 82 199 8 76 948 73 331 877 93 333 159 484 427 404 226 933 7 359 353 143 365 751 825 886 326 596 904 673 94 794 424 225 587 297 468 628 629 713 17 462 678 276 846 751 584 36 808 355 58 140 723 286 996 954 604 230 592 743 766 924 210 620 929 64 268 175 592 432 8 441 630 368 732 231 525 67 681 21 463 358 246 652 139 141 350 504 444 830 454 137 988 833 672 399 209 271 999 868 689 988 21 376 994 853 481 598 52 397 113 498 159 351 27 548 952 983 591 162 77 328 97 538 484 758 769 619 40 178 154 944 390 366 927 172 62 397 702 335 863 218 105 613 169 893 230 252 111 872 690 786 8 584 126 474 762 718 828 345 171 946 231 519 954 782 643 314 982 237 110 323 59 837 438 559 592 686 345 458 435 758 851 987 252 688 475 357 681 626 117 466 539 839 772 707 275 631 714 478 390 478 850 980 907 988 479 345 957 858 211 467 492 563 878 92 910 186 873 267 308 136 515 609 858 687 195 987 97 549 525 948 757 613 167 622 416 159 109 91 288 951 130 517 263 117 200 486 410 579 489 9 465 615 942 535 858 68 231 95 170 986 786 332 806 773 67 848 888 638 219 677 715 502
36
920 251 26 876 838 229 337 229 67 94 598 817 973 912 996 657 905 317 252 274 478 633 678 861 565 332 191 403 77 392 756 288 688 879 539 116
806
896 334 718 683 982 328 98 471 777 194 809 354 93 220 866 321 623 269 512 503 423 236 966 859 903 480 697 20 413 735 984 961 410 923 687 500 261 905 235 338 290 688 959 658 100 589 106 57 634 544 724 928 178 859 87 841 371 886 434 549 864 556 899 569 678 560 93 134 157 358 169 220 408 938 716 885 134 204 103 26 785 552 118 280 911 486 981 220 178 431 972 844 509 628 782 740 331 111 173 474 329 694 899 671 875 701 506 630 539 668 853 369 791 968 872 81 485 660 588 258 566 514 789 350 456 665 51 82 929 598 18 264 374 358 571 648 180 717 856 738 710 728 509 780 415 264 948 648 248 549 534 590 381 376 997 491 819 796 241 579 685 964 782 982 761 755 427 123 80 39 89 717 446 87 401 500 832 852 874 283 930 245 808 753 570 346 816 718 853 569 469 728 543 856 576 241 677 406 404 234 846 186 678 540 496 829 731 886 420 538 367 188 180 381 631 549 24 970 643 990 535 371 257 48 933 417 351 911 251 411 678 475 668 359 732 479 119 53 732 875 205 46 91 743 198 687 930 687 153 477 175 147 505 828 753 998 647 115 420 934 648 482 720 977 449 318 391 124 493 862 942 667 878 97 484 656 741 108 730 323 184 205 600 431 578 476 458 737 886 945 648 169 275 406 6 57 80 436 94 429 364 919 937 195 463 245 46 484 415 544 88 716 929 685 522 469 203 241 228 509 120 193 499 676 216 830 830 553 151 513 280 233 525 174 263 37 619 552 93 474 28 768 427 433 407 701 550 382 837 907 509 936 238 423 80 344 764 289 683 961 215 285 503 503 229 179 807 385 463 277 728 266 403 335 917 152 220 774 117 740 890 573 309 66 700 153 952 544 18 255 875 322 987 443 926 650 105 892 131 765 845 909 618 144 845 952 972 675 417 558 292 395 460 355 63 119 727 277 263 701 571 148 589 980 214 847 602 854 853 487 257 908 699 874 773 238 51 420 937 599 879 797 252 103 985 635 914 724 858 413 525 138 635 950 495 240 374 538 299 219 80 700 972 69 698 867 372 632 247 65 511 192 88 582 728 43 808 424 534 805 13 422 767 333 436 109 771 246 787 905 206 3 931 363 925 270 125 40 437 922 585 761 102 44 689 110 990 643 837 991 228 614 74 867 473 993 976 163 336 668 388 42 723 227 631 317 90 979 767 982 590 118 430 962 173 815 442 32 17 536 614 323 619 848 231 845 254 63 522 493 468 527 866 925 109 652 885 178 686 45 387 230 795 469 288 416 442 977 984 872 710 401 968 544 363 211 581 802 542 993 466 134 806 640 690 430 427 455 986 594 440 374 324 9 271 984 191 73 949 227 685 569 725 49 802 97 256 1 571 610 237 916 492 139 300 132 388 3 528 351 665 768 443 813 532 44 185 365 204 730 500 744 157 234 651 216 93 220 535 74 320 547 918 936 130 676 624 260 753 347 115 108 528 773 591 837 893 304 847 146 962 919 264 938 557 993 248 932 62 124 124 625 523 975 406 368 709 644 887 460 830 686 670 105 841 762 334 912 231 777 116 674 428 322 26 942 578 200 853 474 685 358 705 853 734 735 650 67 445 469 160 533 250 560 319 777 468 67 152 962 379 497 817 922 499 321 959 775 931 33 679 40 88 498 441 106 136 762 194 106 588 983 515 96 723 791 30 263 876 56 760 633 77 932 314 404 520 639 466 894 764 186 655 100 412 220 79 629 314 796 275 117 517 25 171 46 130 164 202 625 109 232 514 455 387 749 99 506 986 466 843 1000 658 39 474 6 187 746 983 198 529 253 613 606 490 368
838
427 844 623 812 760 493 684 677 948 875 974 915 548 692 152 141 316 611 948 550 241 102 183 546 606 835 992 673 275 720 352 912 899 331 909 634 742 931 428 480 598 948 34 444 277 130 46 770 906 709 266 916 751 351 500 559 286 681 486 747 603 713 418 798 523 497 820 825 8 180 851 762 854 916 520 55 878 787 532 404 193 688 973 526 791 363 646 215 828 938 179 726 231 989 776 667 120 635 791 371 845 690 647 127 118 467 983 19 692 646 459 285 632 487 980 436 170 881 76 424 843 368 731 633 518 970 583 199 990 537 85 964 995 937 552 389 885 321 659 609 512 479 63 911 428 612 498 235 319 229 233 186 418 402 881 158 555 420 308 426 379 496 192 53 880 106 405 127 277 313 130 630 344 963 81 792 893 587 360 23 615 685 329 739 685 448 108 668 179 771 141 818 353 817 292 314 719 722 106 957 792 304 691 654 931 443 595 270 748 506 666 268 636 564 696 473 330 30 235 928 969 44 152 21 162 874 216 256 793 15 916 231 548 212 929 239 855 852 471 232 200 615 790 446 281 737 98 435 480 463 544 294 249 491 465 637 489 320 663 492 776 801 183 732 659 934 14 293 380 551 513 604 487 146 544 876 389 696 799 800 793 520 938 256 293 261 875 654 706 816 935 298 918 858 738 101 88 533 519 259 189 964 91 94 628 418 292 644 193 508 665 357 282 577 571 935 989 862 863 88 752 722 944 791 892 988 164 399 669 179 504 290 800 945 410 423 740 601 207 944 753 562 544 829 906 457 915 144 709 94 104 677 174 425 500 546 710 398 625 720 900 950 677 92 559 267 833 585 636 135 42 274 249 688 209 369 315 41 396 185 275 737 325 510 485 111 731 215 263 251 479 795 908 544 150 637 42 641 498 941 979 426 832 570 367 211 596 31 273 16 10 164 342 565 515 597 561 881 825 809 19 799 425 229 549 38 576 339 853 174 59 674 161 822 485 871 102 19 807 852 512 965 666 20 152 936 413 23 628 121 322 673 830 583 839 963 514 924 850 33 997 435 698 34 677 603 309 600 511 862 181 106 443 352 526 1000 143 990 535 321 205 960 720 47 110 629 282 262 677 821 924 988 281 789 32 716 96 173 882 461 208 297 177 312 313 567 185 744 584 925 861 95 938 878 783 687 845 693 103 931 264 400 585 801 474 637 498 484 865 32 97 481 506 158 386 73 852 852 963 311 709 105 426 88 866 772 678 66 769 129 340 253 284 622 598 536 607 598 723 64 264 522 862 570 372 183 901 745 857 964 687 921 91 525 480 307 878 257 860 840 810 193 318 955 582 526 799 367 485 527 758 757 53 692 221 702 99 847 67 768 773 800 44 84 302 495 75 934 234 247 172 805 192 244 608 149 166 556 248 768 683 45 953 284 457 458 743 32 715 785 928 306 778 243 149 613 623 51 655 648 627 823 212 178 403 16 54 432 563 304 113 794 76 19 979 490 303 204 314 703 676 546 772 629 936 153 306 810 863 463 352 5 103 460 286 181 588 507 637 137 14 538 659 893 376 654 634 491 488 15 350 177 972 920 71 989 725 293 93 28 252 446 963 34 863 839 251 272 518 44 232 139 160 549 711 671 382 971 606 950 278 348 717 186 259 270 503 189 642 802 755 250 288 883 379 165 999 568 267 665 839 579 341 643 545 211 85 161 129 135 998 83 935 666 539 672 919 531 771 149 541 914 726 93 338 364 132 119 395 218 902 378 149 792 46 193 114 397 848 152 561 568 529 888 666 348 682 760 837 202 16 965 743 586 207 292 45 796 841 540 326 6 688 427 732 704 44 986 412 820 585 678 125 170 792 684 878 698 904 779 258 173 128 98 497 61 321 231 325 920 500 132 365 237 16 684 320 9
346
910 905 896 480 500 107 908 233 254 163 118 536 796 888 67 855 625 638 636 255 27 912 397 725 158 89 874 673 873 517 236 149 855 222 207 783 747 378 672 947 404 484 274 689 155 975 470 276 348 733 862 669 765 1 794 50 396 579 264 99 4 237 660 680 541 948 111 911 113 755 90 542 757 29 103 795 198 834 890 519 831 533 669 777 181 396 107 76 748 737 921 225 670 51 833 320 345 977 91 934 531 228 963 861 170 116 478 909 779 186 176 657 994 807 561 755 320 618 15 11 868 263 673 214 644 441 412 986 595 630 79 888 162 462 665 225 780 865 488 481 115 412 474 158 887 72 767 464 993 756 100 321 50 431 835 843 758 917 181 114 594 197 798 137 221 162 984 807 950 748 499 524 155 340 928 652 129 278 4 462 887 688 951 517 804 569 155 203 703 618 925 775 163 823 29 742 278 789 201 157 282 386 224 770 26 126 357 643 244 2 619 142 211 255 319 69 138 591 797 358 778 329 403 393 422 969 822 955 426 335 372 221 919 581 581 298 434 717 166 311 842 229 673 535 717 518 726 995 60 588 670 717 915 193 159 963 104 504 52 459 174 836 449 174 876 607 558 329 857 792 89 464 95 824 666 184 229 719 881 369 909 828 74 734 570 707 431 706 285 535 290 311 426 561 870 743 675 123 799 453 225 282 948 276 516 851 203 576 948 620 495 36 627 184 470 249 530 561 685 249 66 381 492 459 669 175 588 568 497 273 485 3 264 971 289 429 66 319 323 930 606 161 448 871 933 12
27
437 102 259 441 949 242 111 158 172 234 689 881 341 16 994 206 573 457 596 591 834 158 176 520 102 198 75
182
120 665 492 8 294 302 24 486 96 239 88 440 920 464 222 652 976 664 216 742 226 619 616 985 163 194 841 809 923 186 146 796 760 996 603 365 506 753 649 290 758 708 300 316 989 605 306 164 417 122 834 28 695 892 437 592 498 712 953 427 338 133 999 552 974 175 75 18 328 9 398 28 243 625 828 733 4 45 252 389 434 746 647 156 282 942 427 761 153 790 122 433 750 465 301 575 294 75 582 773 77 293 174 610 594 988 783 987 514 666 670 732 485 246 144 678 676 205 85 200 238 162 489 809 397 585 333 183 791 94 319 491 912 124 428 243 273 934 275 388 329 968 874 673 672 666 37 31 232 292 179 560 63 480 718 475 858 492 84 924 940 516 271 374 230 201 373 933 738 504 424 750 664 240 220 382 488 45 804 62 485 144
853
54 156 918 551 651 343 319 83 802 822 477 417 831 534 588 5 178 525 684 139 319 793 121 671 51 845 673 356 486 570 162 162 673 442 812 986 830 423 669 548 143 699 655 675 964 409 175 733 116 51 908 409 577 561 416 556 19 240 149 478 968 968 543 656 920 67 585 137 165 700 735 624 741 176 691 608 999 147 497 688 556 109 667 6 629 613 134 224 595 192 638 384 646 671 783 427 842 351 886 12 719 188 636 922 669 544 221 399 984 193 176 3 234 335 992 388 552 387 741 591 724 237 814 60 163 834 117 46 788 90 816 637 256 476 97 61 725 638 615 225 918 128 983 973 838 955 556 484 302 713 906 91 960 82 677 498 425 79 881 269 638 475 451 280 540 474 138 178 232 756 811 381 481 475 617 468 783 413 397 740 508 938 95 288 530 961 141 819 282 121 732 856 67 473 670 468 983 920 690 435 603 659 392 910 289 205 348 48 401 328 220 11 726 249 495 698 497 227 640 738 583 818 401 306 356 259 145 549 370 816 152 966 148 754 664 761 212 60 127 574 438 529 662 260 561 965 666 952 91 279 59 352 557 637 952 165 205 178 280 154 489 26 92 583 149 710 272 881 501 998 22 819 285 735 668 280 196 814 197 70 128 587 616 463 170 989 899 750 983 469 165 370 384 718 817 826 887 165 899 604 69 578 180 510 870 303 398 365 990 126 954 508 986 404 319 522 448 184 31 431 263 699 900 851 531 204 255 460 609 32 42 906 669 127 511 916 417 149 881 310 124 677 979 706 159 368 369 877 649 88 104 268 674 118 896 773 767 85 971 121 953 642 358 190 831 618 465 732 37 800 130 67 651 905 687 85 116 496 861 390 976 859 116 425 35 179 784 973 491 343 120 379 698 586 629 208 122 532 827 236 759 412 680 959 513 955 776 219 419 672 836 952 792 764 863 686 534 174 544 989 573 850 789 937 28 22 443 141 734 261 533 470 446 619 505 609 953 366 4 927 393 510 52 530 6 123 137 549 130 947 207 69 265 806 403 212 301 336 305 988 911 758 955 597 508 847 817 437 732 165 720 728 785 696 194 476 595 656 519 823 892 24 584 796 759 670 402 729 252 378 789 570 545 772 358 762 246 270 507 520 69 877 461 426 748 927 114 934 214 899 443 996 326 109 300 981 108 542 318 188 506 478 478 352 65 28 701 728 79 479 870 124 172 11 711 957 852 860 780 119 56 154 356 54 834 141 847 410 786 574 422 282 28 243 876 431 96 814 102 134 944 927 451 830 84 192 347 770 511 67 695 867 15 458 958 68 249 889 589 874 244 123 377 874 398 80 664 530 755 163 186 835 452 408 939 979 657 417 88 509 197 20 64 8 184 58 313 23 176 611 938 152 48 48 151 946 884 972 283 9 743 220 109 30 277 61 699 415 182 62 532 852 119 827 516 26 536 606 423 720 58 787 25 785 23 90 246 727 217 122 989 929 40 269 417 588 793 38 692 972 533 164 721 612 115 42 283 56 60 911 202 596 209 64 517 497 775 496 454 909 753 44 258 364 634 300 709 327 79 569 938 818 325 500 507 396 941 740 195 516 731 233 487 818 950 484 165 740 488 986 538 115 837 479 962 500 176 399 312 379 868 71 111 624 276 447 742 327 253 938 224 603 582 682 792 716 685 81 808 17 264 449 365 521 342 968 683 666 612 308 17 974 40 890 122 39 992 458 972 635 711 329 935 180 590 38 893 803 274 484 645 842 399 483 690 23 651 968 191 322 821 913 16 272 781 739 403 182 723 101 511 562 585 535 646 218 206 519 369 135 365 396 787 432 108 680 467 10 185 815 294 364 843 150 363 506 939 256 790 866 981 230 391 382 549 243 21 736 292 497 654 613 269 664 966 324 442 991 856 733 121 416 289 900 449 197 839 313 825 757 925 155 494
503
538 16 422 4 349 278 981 890 49 383 366 993 585 621 441 183 293 373 453 545 822 540 795 150 123 753 39 538 82 705 676 537 133 576 245 826 810 99 956 95 767 537 19 446 674 181 952 814 577 870 444 933 25 291 304 259 593 316 199 139 65 123 906 382 831 243 630 190 818 639 721 995 969 740 111 81 686 52 153 696 623 754 362 465 709 823 614 620 717 993 369 977 377 676 827 245 702 74 344 186 649 51 494 73 490 202 461 37 493 917 576 335 397 875 843 213 155 919 239 617 698 168 63 146 786 681 869 488 269 178 147 985 242 234 90 699 242 928 292 195 351 947 669 612 473 627 668 775 266 824 866 94 558 516 409 674 567 261 269 749 76 912 235 780 168 469 584 556 240 43 425 356 921 833 665 407 94 25 15 306 732 103 849 712 557 347 321 568 235 406 526 869 369 507 953 638 382 529 238 584 661 438 289 311 57 403 201 778 1000 793 46 511 120 484 646 547 21 591 53 499 452 933 242 575 661 994 106 785 719 518 698 745 761 346 90 743 717 297 477 897 519 62 382 233 46 621 604 243 810 520 19 686 12 814 42 325 162 83 903 819 272 301 742 588 197 653 881 600 754 861 221 826 208 335 415 817 546 609 143 89 866 36 367 331 428 424 186 959 882 886 678 67 502 644 488 435 500 658 659 552 763 27 428 858 266 192 838 911 100 668 470 646 655 938 701 747 890 470 252 815 307 15 836 149 170 211 794 655 985 385 881 319 782 196 27 449 440 429 759 850 635 322 648 440 865 23 140 863 71 48 838 406 17 199 851 143 58 336 290 487 768 17 181 750 255 120 577 31 926 241 158 373 984 204 913 270 601 632 58 410 441 895 144 91 962 815 167 469 790 920 396 55 443 158 820 25 929 838 32 768 220 712 841 763 22 809 613 1000 821 25 130 80 676 91 891 956 375 857 910 763 902 9 907 155 490 652 678 114 730 495 715 760 738 347 594 941 189 215 380 813 766 867 887 508 408 96 259 79 890 709 861 684 195 832 397 596 389 976 845 852 912 950 71 822 131 397 594 443 387 169 229 684 989 87 699 198 643 350 89 494 160 179 113 360 224 869 930 287 129 485 594 489 912 749 324 737 611 36 433 976 1 605 65
336
616 138 28 63 753 238 509 367 787 837 278 203 902 574 623 918 6 605 697 958 592 232 363 41 390 63 754 260 703 35 483 624 649 320 643 379 340 339 606 995 994 738 76 349 107 234 631 696 659 1 824 871 966 996 955 634 811 472 90 135 351 510 322 470 33 391 520 579 406 156 341 927 85 733 405 518 605 336 175 586 767 249 686 655 443 195 358 30 780 214 332 171 928 304 386 88 179 584 231 11 442 759 986 986 940 66 862 664 721 785 764 232 41 817 453 668 144 199 760 126 787 836 201 59 725 659 794 850 473 359 908 892 177 275 388 7 345 490 236 747 895 715 947 92 843 724 663 601 510 761 53 872 863 697 588 778 525 886 630 166 528 453 794 133 362 698 295 566 684 975 992 665 666 702 669 773 931 744 725 104 328 34 3 220 479 701 537 404 373 24 742 986 676 328 342 802 921 757 141 509 848 866 765 365 852 844 288 619 127 534 194 242 188 846 450 254 512 125 315 329 119 788 593 552 950 868 849 206 324 659 279 506 370 476 99 291 257 809 731 485 54 953 682 467 87 282 629 432 30 450 661 232 941 946 744 919 721 655 622 530 571 567 490 507 692 752 820 888 303 369 636 202 228 743 202 923 115 359 891 495 287 166 145 546 758 702 718 518 672 716 281 212 289 649 567 534 853 902 927 286 232 196 697 151 33 696 413 132 771 272 202 390 722 534 133 48 581 282 907 420 602 824 129 234 207 856 592 413 249 175 660 379 342 117 863 828
44
266 189 847 10 508 284 204 356 231 426 469 757 247 234 340 961 159 314 326 789 719 560 979 659 982 69 148 303 506 406 494 214 753 927 841 604 127 280 778 566 273 407 383 220
415
700 502 956 24 66 705 319 452 460 709 984 594 552 805 981 856 384 607 390 153 516 356 112 723 219 450 39 451 331 70 741 761 473 179 764 365 197 545 447 457 637 745 796 782 490 226 11 215 509 741 132 502 344 462 721 424 192 921 801 617 737 533 869 689 415 706 738 583 669 259 777 880 866 280 85 652 674 958 160 279 568 468 831 311 24 5 710 93 732 52 396 12 47 807 3 573 982 599 55 807 250 639 793 533 763 309 40 781 999 223 923 733 714 606 192 746 601 154 633 623 428 75 616 252 368 20 678 362 566 460 323 821 901 347 682 653 184 220 131 317 227 946 272 527 572 161 853 721 124 540 963 171 711 170 684 455 16 281 408 772 510 593 5 295 533 937 752 823 886 217 367 847 223 494 716 365 831 799 433 959 335 235 124 36 216 593 512 649 65 934 589 895 651 168 958 103 327 767 900 556 303 942 73 724 794 153 759 521 576 276 266 706 875 322 568 901 861 384 396 428 276 734 859 349 82 330 388 864 579 449 288 449 789 757 669 756 507 792 909 34 70 566 99 822 166 340 582 632 425 817 769 300 713 791 161 773 839 523 141 784 908 573 69 909 354 692 573 501 250 290 298 404 536 989 465 691 508 950 553 721 831 284 22 705 351 524 53 843 387 450 131 963 38 650 76 568 984 840 350 30 822 975 896 517 888 238 441 961 327 623 341 50 524 965 56 98 628 968 261 16 348 88 992 733 37 991 467 715 83 288 576 759 649 768 713 55 678 924 510 507 189 608 510 500 202 386 210 826 740 486 297 419 417 721 826 244 499 844 27 183 737 545 870 925 427 708 153 552 856 446 616 411 797 924 710 554 363 891 963 228 578 219 267 356 659 684 885 740 590 345 331 52 219 57 528 801 873 687 605 876 632 618 221 381 562 18 454 371 714 55 93 658 538 324 557
807
622 551 175 140 76 131 931 172 715 70 216 609 259 426 228 791 324 248 269 685 174 686 246 670 864 648 808 785 471 422 282 286 537 557 621 283 488 39 723 52 296 173 70 132 706 887 898 248 735 834 644 402 57 199 690 992 987 337 969 623 844 179 541 375 115 842 622 187 35 253 433 200 494 539 565 933 236 814 939 18 488 531 208 900 761 448 603 483 888 832 935 822 538 976 73 754 199 619 361 612 372 321 912 201 927 960 484 642 587 166 819 19 810 470 47 531 824 535 771 550 936 326 742 954 577 470 215 119 928 184 269 912 11 251 643 155 447 492 575 812 962 25 637 693 551 701 4 847 275 791 407 900 56 432 284 649 496 35 242 38 902 401 594 640 843 59 295 788 166 128 63 605 781 699 298 458 513 908 356 54 557 449 372 241 888 256 121 662 27 865 897 21 230 575 351 891 997 590 458 768 409 787 293 739 188 871 913 880 527 535 713 580 329 654 833 739 452 97 837 507 984 601 876 656 921 253 526 58 446 73 879 288 673 971 61 930 990 655 955 256 68 394 570 225 800 790 645 590 463 436 734 384 332 691 384 643 521 16 546 631 874 440 732 185 438 352 427 262 732 938 620 886 257 356 186 367 495 249 556 766 986 939 855 373 956 805 523 300 557 971 691 953 558 474 167 751 374 97 460 620 896 378 534 866 465 854 273 276 78 34 37 400 483 574 927 592 798 826 806 975 231 498 218 795 214 892 961 740 130 97 300 228 325 979 730 284 833 669 658 772 691 35 680 24 646 679 61 721 214 24 741 113 394 643 330 642 6 429 774 419 500 299 600 736 930 544 61 421 522 206 180 160 813 303 876 750 466 551 22 888 352 560 777 602 370 506 707 165 323 809 724 541 575 840 869 684 205 478 176 114 742 306 946 729 997 597 642 128 998 922 514 911 252 222 482 40 849 935 536 7 228 334 984 507 582 740 576 307 626 705 292 673 663 593 143 591 236 66 42 347 522 76 928 157 249 532 130 442 893 419 606 142 309 335 830 406 235 373 190 592 324 107 565 403 64 462 385 238 409 635 139 668 15 408 431 615 626 228 671 857 275 308 267 82 230 147 883 143 788 722 910 553 118 144 121 47 460 582 26 707 712 184 669 644 356 416 774 384 144 784 192 363 631 257 936 850 632 562 204 878 870 178 515 431 277 173 129 705 44 252 94 938 149 374 993 605 512 996 785 474 557 194 145 37 884 63 829 83 721 26 244 51 389 72 151 921 962 435 643 408 668 319 187 300 500 799 662 175 446 121 506 821 614 588 858 164 462 888 951 920 999 893 88 726 696 865 988 737 577 65 160 803 516 64 809 554 991 684 25 556 523 892 169 508 402 785 12 518 558 245 264 450 248 159 252 734 418 228 975 701 691 415 571 513 453 598 288 9 468 937 14 59 547 892 216 336 26 304 736 338 988 352 895 92 219 157 441 913 106 609 379 119 227 709 638 110 692 880 324 241 898 63 826 647 551 528 142 353 533 853 798 66 999 571 583 274 164 911 495 61 638 642 40 633 390 544 6 144 341 870 986 727 244 639 975 851 368 408 571 303 452 288 502 712 251 71 258 89 784 277 427 222 391 588 302 580 203 993 355 235 28 895 758 906 995 314 258 270 371 949 432 669 666 455 399 769 766 924 717 394 575 853 966 120 265 74 670 144 728 947 369 159 991 216 455 857 349 844 692 92 509 425 231 731 838 185 216 85 435 278 509 666 843 293 34 969 314 344 892 680 482 919 776 504 750 572 241 16 724 49 123 938 911 291 193 220 864 772 640 955 843 329 41 405 854 198 94
451
87 521 197 776 804 239 963 775 496 258 197 159 306 89 693 347 738 755 407 703 897 463 686 698 113 520 506 333 915 552 646 890 3 158 628 564 55 624 547 433 833 663 143 510 911 843 189 403 115 226 428 583 783 949 510 720 168 180 348 195 770 482 635 743 85 664 827 449 126 73 666 418 351 38 243 82 938 98 911 357 913 787 954 206 568 207 324 122 793 170 826 219 104 659 582 318 201 840 573 447 311 202 465 222 330 110 758 624 863 744 666 319 223 158 815 635 734 948 511 955 773 336 339 459 983 75 984 960 887 344 428 30 49 714 670 376 42 318 55 719 887 463 420 700 995 424 7 960 840 455 25 533 98 835 743 694 481 9 967 281 600 886 453 351 446 327 540 303 595 979 79 511 462 666 572 674 184 621 745 219 541 327 439 777 38 68 974 416 403 432 462 798 968 138 887 605 900 673 454 817 439 996 348 607 506 948 310 337 60 892 937 608 46 931 659 914 959 661 737 258 552 735 32 550 960 821 116 544 302 645 68 672 1000 619 943 238 351 555 214 495 676 751 55 451 142 961 54 949 912 908 308 27 694 203 497 35 75 107 445 901 989 259 522 228 89 157 241 596 343 910 43 40 75 122 249 846 269 241 332 398 751 919 937 203 522 853 215 400 494 822 951 851 337 276 548 925 153 774 465 789 145 124 140 684 365 273 478 13 804 94 347 352 595 732 436 740 915 123 959 224 556 889 628 647 445 706 216 223 147 732 204 388 630 898 941 488 966 104 121 32 563 873 10 556 58 164 522 823 63 148 823 480 367 700 981 730 769 836 301 70 915 13 52 244 845 491 62 661 770 707 698 272 120 792 156 92 358 910 810 460 838 768 9 326 828 705 916 278 232 184 188 644 771 753 368 112 90 998 768 855 475 701 562 829 422 431 732 450 92 949 768 343 586 781 188 474 899 359 881 40 137 762 716 270 922 492 906 578 430 749 493 142 702 273 537 703 822 636 564 937 518 723 224 10 297 770 235 942 796 83 509
858
840 553 306 310 3 309 602 12 127 577 387 194 999 185 685 391 175 371 800 663 901 554 293 239 437 199 969 101 281 554 981 921 562 525 806 140 809 823 684 273 549 962 683 638 235 939 499 481 539 156 969 304 312 641 546 107 129 709 631 861 125 442 214 638 424 621 519 320 941 281 64 880 519 716 413 777 798 252 145 238 369 949 680 423 263 440 842 203 679 828 64 2 320 103 757 148 193 739 223 118 509 366 868 967 752 317 270 103 1 274 29 558 672 937 917 904 992 816 718 9 95 871 524 181 913 335 157 245 513 43 621 152 92 746 467 494 517 722 824 742 371 574 189 821 290 368 429 970 944 593 150 110 118 900 122 190 139 640 188 401 602 491 757 50 485 9 941 879 130 527 683 781 438 696 34 518 42 155 177 577 561 966 347 726 356 435 231 709 601 348 659 762 209 201 514 689 717 879 483 429 927 665 762 124 863 642 450 904 133 910 937 912 542 254 301 618 292 146 523 927 315 103 19 368 667 769 933 145 8 963 684 757 638 884 505 191 967 175 731 682 214 390 43 676 637 810 34 975 973 665 154 507 673 701 361 748 943 418 104 565 420 968 857 8 443 498 261 426 724 534 894 238 172 923 640 244 173 983 734 846 709 894 758 47 811 856 547 926 827 66 622 465 854 105 607 410 437 602 167 987 613 582 148 105 559 117 727 664 302 138 859 828 474 976 18 509 919 231 264 921 344 481 853 139 737 486 999 407 969 555 569 200 172 123 34 466 386 675 720 43 425 362 379 889 852 89 490 712 399 170 38 495 790 244 881 808 526 428 40 71 22 307 736 304 456 450 471 926 798 24 421 889 294 988 804 245 796 893 951 211 721 258 89 471 491 949 522 425 474 130 104 941 198 805 79 17 542 805 808 971 730 52 278 207 783 406 960 925 583 862 731 876 569 389 779 593 700 894 43 97 625 545 362 904 398 627 830 556 152 357 744 175 242 958 662 890 302 567 394 410 949 559 874 2 394 835 756 519 40 256 979 598 811 363 936 77 811 343 476 692 989 304 702 112 426 777 447 642 898 828 331 691 784 896 948 423 149 885 114 884 228 69 217 651 779 567 772 479 679 925 701 195 788 644 699 241 908 427 850 63 112 324 891 818 987 113 179 585 546 670 993 842 506 506 443 193 563 403 908 54 942 665 570 964 161 960 617 566 976 342 123 419 123 194 730 394 544 199 113 360 377 941 71 38 914 120 554 512 552 282 622 52 640 725 415 682 960 414 713 5 565 227 490 348 706 208 776 748 388 929 118 261 25 19 898 96 205 370 156 248 573 397 275 515 351 979 364 324 722 352 370 640 855 246 444 816 541 382 183 433 902 306 343 625 811 811 642 39 43 468 529 627 985 182 488 445 474 167 605 261 138 91 794 532 509 435 964 153 980 415 29 579 432 516 649 328 189 752 500 554 291 96 112 64 837 526 708 508 264 451 927 986 222 429 387 535 290 950 365 715 703 938 455 438 838 998 311 403 759 811 383 156 351 242 413 408 9 813 971 790 357 662 885 807 992 294 591 75 126 371 509 479 468 149 654 341 923 743 362 337 62 614 304 602 850 575 950 842 603 314 746 20 244 795 694 729 182 518 194 424 1 682 99 218 781 550 909 434 822 266 977 67 346 30 347 802 617 834 873 538 849 353 792 980 956 286 587 239 459 820 159 4 353 65 814 507 131 618 931 417 957 170 188 658 403 514 90 946 356 704 167 41 594 648 332 457 740 523 862 959 907 224 84 242 256 798 19 86 821 498 872 321 979 10 66 310 801 361 961 781 292 449 953 414 626 189 118 372 654 887 371 707 952 883 894 288 699 55 59 404 325 329 456 431 15 516 288 714 803 402 521 465 654 783 187 835 13 880 759 495 722 560 236 373 823 179 95 663 758 555 496 709 987 344 996 620 716 953
442
354 97 565 723 9 928 640 450 148 456 82 821 730 817 747 968 625 391 631 425 542 130 606 480 454 482 201 164 61 48 247 686 238 232 208 837 168 32 854 367 919 591 656 867 154 756 335 452 786 588 395 296 313 453 121 172 780 40 156 313 491 584 835 52 459 440 421 127 707 331 499 250 8 578 149 300 105 652 959 963 235 718 458 360 866 286 550 710 748 525 862 473 323 110 74 198 273 566 425 561 837 370 526 711 838 558 247 638 415 470 82 25 924 665 153 857 7 925 88 600 490 513 211 818 750 497 570 502 134 412 471 98 111 241 367 781 61 645 164 256 41 872 984 354 915 505 444 156 385 899 131 571 801 754 482 74 452 69 898 290 245 546 883 711 508 310 312 314 93 792 4 668 458 373 988 333 792 532 498 600 446 255 460 410 531 326 353 795 262 602 608 63 414 190 156 884 342 408 16 812 804 54 321 542 619 699 706 866 661 905 152 823 370 20 847 369 569 697 672 190 764 953 155 976 139 228 964 351 947 327 22 998 809 317 367 339 810 477 477 695 900 95 672 399 521 268 872 38 987 726 995 183 839 206 154 566 300 478 2 270 5 265 460 223 667 86 11 809 710 297 884 479 70 619 519 851 902 124 247 995 616 257 934 273 525 671 899 509 336 452 426 960 321 508 613 249 963 809 407 991 797 983 230 911 342 114 753 336 319 584 224 289 463 869 237 687 857 200 387 210 126 450 457 952 905 758 565 863 313 204 848 127 709 942 254 698 189 464 721 507 19 622 930 738 24 332 538 39 725 306 277 311 504 941 315 503 961 121 134 416 49 149 529 504 18 104 814 401 169 921 245 874 153 812 43 477 35 60 721 416 974 56 920 217 544 309 762 287 569 310 303 362 642 150 788 900 753 649 956 308 737 870 987 156 330 911 499 530 787 595 681 417 798 216 458 778 735 591 140 694 33 541 544 857 114 739 686 498 866 697 208 134 946 759 127 714 478 722 458 919 656 197
180
882 166 561 62 672 534 133 74 942 513 622 295 452 406 967 104 804 597 446 336 584 70 309 360 973 710 276 896 84 956 471 899 49 625 457 432 485 799 469 382 291 131 555 632 352 477 823 779 704 369 699 15 396 49 565 843 402 432 480 815 261 803 589 399 261 519 778 759 908 878 963 132 186 908 815 141 36 712 294 465 376 142 546 564 295 10 438 620 980 119 741 543 52 64 38 845 294 686 23 481 378 975 762 249 588 884 652 520 58 739 923 996 74 941 288 525 778 777 128 777 864 102 646 582 500 387 633 269 248 424 64 460 164 539 316 630 3 680 812 263 348 412 973 694 165 660 315 252 578 109 205 820 452 359 580 989 999 493 114 1 884 832 688 322 254 710 459 197 751 321 461 323 436 424 130 298 75 2 950 849
888
955 649 399 464 396 404 119 604 288 889 221 219 595 263 262 666 622 894 484 74 42 542 860 147 869 766 591 493 75 746 674 293 693 655 717 280 992 156 158 373 368 28 344 230 953 421 843 393 477 365 785 49 592 31 801 402 303 877 941 860 815 722 966 237 10 579 266 161 735 471 368 606 451 571 730 718 485 623 336 411 326 951 869 987 619 574 876 319 833 363 633 227 101 438 986 640 909 631 470 550 161 346 303 238 700 241 242 384 365 159 554 719 184 126 110 883 647 893 848 985 929 168 315 410 263 230 323 842 724 178 725 21 711 137 666 757 835 810 693 54 994 818 675 190 257 657 122 56 452 700 388 598 133 924 196 526 561 711 624 827 776 432 412 437 243 623 462 54 58 768 821 434 402 359 748 409 1 96 171 981 273 202 260 21 331 649 617 95 206 888 701 446 243 766 610 820 279 478 313 782 380 789 6 269 751 348 870 184 245 836 667 643 266 792 175 715 377 332 138 313 499 794 237 626 226 413 206 808 665 825 854 440 477 616 285 4 387 254 985 929 935 162 708 965 336 640 605 756 822 450 739 303 706 912 794 971 453 387 234 29 148 572 430 979 149 545 936 490 457 169 901 417 552 931 292 410 986 262 24 648 515 520 62 830 270 95 694 19 536 753 27 421 241 605 595 72 934 691 86 13 992 381 522 900 194 76 315 74 105 60 488 948 602 414 537 559 437 339 613 977 475 524 945 65 659 77 316 695 616 305 571 564 730 65 540 507 293 277 208 118 563 733 982 119 296 255 330 906 630 605 888 86 451 666 268 146 540 535 235 105 129 479 762 280 248 551 105 433 724 389 218 762 7 546 339 249 350 365 428 184 842 652 688 445 507 946 577 639 314 62 261 257 111 169 612 462 114 551 943 2 249 206 353 583 728 170 329 101 31 795 684 246 163 996 183 258 260 141 629 926 426 452 120 864 832 79 367 409 559 335 274 807 824 337 140 615 927 51 149 439 781 690 357 516 375 295 558 305 40 38 709 672 308 503 155 544 929 709 534 186 126 37 930 633 213 566 8 597 345 727 243 966 707 886 884 950 793 839 424 582 294 77 713 185 545 363 311 85 271 5 354 755 375 691 655 861 529 105 529 482 618 389 782 129 926 202 354 165 822 258 333 20 419 334 5 954 355 647 355 197 273 686 980 291 185 412 272 451 805 458 932 163 992 781 823 905 236 688 919 828 975 327 397 740 65 692 101 999 701 121 128 236 463 348 801 109 39 902 131 36 541 951 865 752 679 236 877 669 693 897 405 896 950 62 710 17 906 699 288 964 293 168 2 686 441 19 574 125 583 324 470 275 25 109 291 889 831 65 413 249 394 143 830 26 116 635 104 420 347 539 327 265 520 233 648 964 883 620 34 590 285 154 256 54 687 654 533 306 985 477 225 426 70 394 332 899 541 556 720 57 150 466 30 907 688 612 480 602 368 111 730 134 146 18 2 404 823 253 216 706 366 923 863 673 93 187 563 274 386 725 693 475 973 215 561 818 556 569 447 359 125 361 173 144 414 947 118 365 251 445 340 951 862 38 981 839 319 952 169 228 976 737 133 724 911 984 526 852 878 913 249 202 87 208 768 54 575 462 511 79 537 618 102 374 115 926 480 371 53 666 987 90 929 870 195 94 87 956 479 79 678 293 776 664 28 254 797 383 76 278 370 654 914 512 405 410 163 166 496 497 384 604 834 521 732 507 869 149 284 278 363 217 16 342 618 697 471 967 636 74 107 236 903 240 143 366 729 648 42 564 883 609 543 557 603 828 308 806 140 133 319 260 624 983 124 67 480 231 756 994 737 879 767 751 787 707 859 161 256 744 486 987 923 403 129 387 886 294 121 246 326 771 400 145 119 580 868 274 185 60 662 903 847 157 766 353 958 190 63 832 108 407 525 183 644 570 747 413 315 893 286 49 918 753 591 211 180 98 738 690 637 68 803 432 448 876 744 41 224 873 367 214 63 558 938 428 436 683
335
307 281 863 386 797 97 88 260 371 171 325 283 382 672 568 812 287 358 7 226 538 157 130 144 3 689 385 946 64 781 917 208 561 77 399 224 77 752 464 745 363 470 633 872 573 746 498 476 189 132 188 730 675 406 105 826 914 221 703 209 53 258 988 947 310 298 894 713 170 912 980 253 78 332 710 918 910 477 54 184 517 253 211 413 199 459 271 456 619 956 547 993 647 930 848 884 572 74 96 305 723 288 253 239 507 976 23 257 597 646 667 126 643 247 809 718 132 939 545 844 480 108 214 572 455 236 686 425 819 216 136 987 938 461 424 694 315 562 38 163 994 723 859 938 626 22 496 666 999 70 264 903 261 446 894 23 521 958 881 237 144 400 504 368 780 925 310 882 529 707 781 581 237 71 612 898 971 752 24 658 641 563 742 550 817 989 655 563 303 160 420 721 521 89 589 150 490 787 898 77 520 112 372 808 442 672 78 791 97 179 500 852 24 107 549 709 956 339 668 847 910 424 826 789 927 215 539 734 722 211 113 125 605 717 974 475 527 994 379 93 151 159 458 796 403 146 705 11 435 615 366 51 796 31 825 853 61 671 538 436 911 16 806 161 994 781 610 34 904 433 437 367 222 248 82 282 809 99 550 44 460 636 286 908 544 731 340 652 807 401 394 563 833 744 175 870 25 663 28 770 696 663 438 472 886 552 914 80 746 669 789 788 401 450 788 653 18 113 36 270 836 703 546 131 385 915 478 300 197 544 417 211 380 503 326
68
381 588 599 951 748 598 525 558 363 283 967 615 757 987 526 731 215 467 262 258 773 455 624 769 699 910 339 356 49 148 445 560 980 294 327 624 798 387 774 716 826 549 835 178 155 715 755 686 210 159 991 387 828 88 862 718 140 41 978 915 123 375 258 242 423 798 412 237
675
2 240 442 10 705 502 219 624 964 745 876 502 814 142 906 683 533 628 997 810 655 289 309 230 85 321 420 20 689 731 7 224 417 140 354 725 38 598 403 156 719 37 551 118 834 786 731 654 959 327 339 904 388 559 141 5 738 858 99 495 92 396 153 654 689 89 482 599 510 745 858 489 571 970 478 234 166 732 664 614 224 511 319 427 825 825 829 784 712 567 681 277 908 750 351 785 29 567 176 884 623 829 602 221 998 128 50 385 39 304 772 466 858 1 973 517 77 367 61 494 495 265 177 416 300 71 425 536 494 683 479 876 396 993 136 376 508 705 824 132 22 697 895 756 777 659 496 735 334 536 259 664 313 94 329 340 282 70 195 919 511 876 91 610 817 157 836 147 116 992 900 514 314 221 845 867 908 156 738 196 768 48 562 540 505 763 246 276 471 55 632 199 940 585 550 467 961 692 73 742 378 759 182 620 569 900 420 946 910 387 106 790 324 62 810 204 721 170 512 224 556 985 382 341 483 946 113 814 539 747 771 38 658 452 30 243 51 614 365 776 365 819 63 871 408 79 315 995 955 138 119 15 581 705 805 410 991 840 154 618 305 124 638 362 125 141 349 927 864 407 671 857 758 660 374 579 113 749 627 397 817 26 151 785 38 546 40 343 789 543 699 552 236 184 519 674 713 723 316 647 910 844 3 1 24 737 506 493 395 452 894 166 229 455 788 385 709 49 578 677 528 631 901 715 586 247 276 294 274 490 55 18 496 903 137 762 39 213 265 469 468 322 274 464 981 234 775 584 768 696 215 232 513 537 413 325 572 853 300 875 720 440 400 808 159 352 736 467 948 655 720 479 237 191 579 208 999 841 673 58 88 198 191 901 26 149 379 696 662 391 874 874 674 238 412 636 468 61 465 443 458 541 353 221 717 505 190 637 908 928 951 163 439 680 778 559 841 679 138 637 784 743 234 625 790 333 239 387 394 344 78 327 344 337 45 240 311 556 914 714 33 648 948 284 842 725 379 898 164 786 675 785 98 323 543 872 557 39 709 37 287 723 145 776 860 609 592 244 452 565 209 634 150 11 884 585 55 650 255 573 280 597 451 382 633 20 935 666 804 579 538 172 366 193 28 399 408 405 519 940 647 987 542 428 912 784 813 225 421 874 911 387 633 348 580 844 386 905 213 505 658 679 722 62 686 822 928 982 634 167 570 327 258 308 854 574 974 675 757 684 338 487 913 220 284 988 344 145 676 910 575 647 920 394 665 770 339 765 845 174 469 447 81 689 551 50 218 75 716 346 522 592 658 403 351 797 231 711 720 626 432 83 239 445 46 670 326 911 447 412 915 315 558 497 419 889 188 133 647 83 3 498 577 450 93 852 789 422 342 145 177 651 458 613 780 488 793 455 272 84 127 121 177 796 59 715 935 62 108 72 604 499 761 891 481 358 912 794 787 273 67 982 534 812 405 978 168 663 321 20 951 833 24 357 949 545 17 833 69 106 568 819 111 466 90 871 925 180 992 500 572 589 854 323 772
292
815 184 948 274 223 627 598 503 692 566 856 38 56 483 151 693 17 833 261 135 308 231 110 453 196 299 207 309 198 688 103 648 799 250 588 776 551 258 533 999 268 207 863 718 405 402 459 239 646 980 476 903 303 430 713 851 27 178 110 715 527 528 540 41 783 22 388 86 940 379 290 957 517 95 286 430 21 179 580 417 162 973 156 226 881 371 761 58 341 400 113 436 731 508 942 175 784 517 277 239 254 164 202 490 228 937 97 79 550 839 882 963 77 704 247 736 220 869 586 491 253 208 297 764 872 258 422 771 278 131 642 345 444 703 718 477 327 384 816 263 522 889 765 151 925 736 210 910 861 417 873 401 279 33 107 665 575 332 763 458 28 710 27 18 982 333 167 473 231 162 50 135 906 925 298 477 17 879 789 474 931 285 739 8 796 109 717 148 994 298 312 856 543 490 609 651 668 416 316 290 16 513 749 605 925 877 956 110 700 133 627 682 336 621 137 333 462 696 447 590 356 472 681 398 172 34 85 218 840 483 227 663 524 433 685 173 726 729 91 788 364 747 397 739 616 722 893 13 173 326 189 765 489 448 912 510 640 219 285 417 593 864 461 399 92 425 600 567 584 653 543 84 992 562 506 298 447 684 20 924 369 111 356 246 755 104 507 468 381 743 453 218
513
327 309 524 724 921 732 752 705 704 516 540 168 828 714 735 595 686 225 831 165 168 913 503 102 447 441 215 251 770 614 398 674 541 250 490 518 65 262 87 127 242 62 176 451 692 166 160 938 595 475 586 416 889 223 831 936 878 35 901 725 410 811 81 138 308 514 505 895 800 897 200 422 864 674 341 589 441 387 694 276 818 126 55 244 8 310 251 146 369 33 271 884 845 576 451 933 872 37 109 365 951 348 313 45 663 112 724 415 426 320 974 347 165 286 469 894 654 160 843 544 448 392 422 197 811 11 769 162 900 789 819 781 239 852 250 487 575 549 694 590 322 834 12 696 527 788 525 179 443 266 337 996 501 281 856 160 533 474 799 276 684 20 155 558 495 670 74 931 757 307 466 588 108 311 478 94 273 615 712 331 739 477 531 149 886 44 76 939 646 441 686 1 812 215 397 643 785 838 21 688 10 832 956 801 535 748 40 905 609 273 451 537 700 801 712 450 148 857 43 829 347 608 440 448 986 322 501 32 452 489 934 748 4 993 236 159 238 43 617 737 244 913 795 110 583 661 834 419 876 399 147 784 663 825 301 18 194 180 389 197 355 492 514 538 868 704 834 231 136 678 433 334 964 467 531 417 807 961 228 935 24 633 574 770 919 95 766 571 447 919 414 291 838 404 528 351 869 378 366 693 364 674 289 526 416 130 507 49 117 985 338 998 27 324 232 757 739 804 690 68 689 620 348 749 305 235 155 143 439 483 40 212 820 586 956 788 973 703 240 655 502 847 628 43 883 23 179 33 540 394 673 927 372 739 69 229 831 816 260 1 51 421 164 294 300 617 646 264 398 970 258 814 818 356 513 420 672 748 891 654 867 251 219 789 36 646 843 505 327 325 852 81 420 396 616 991 542 895 386 657 18 762 641 354 34 740 149 477 362 425 434 353 231 953 82 32 76 641 74 858 104 316 498 883 252 511 831 817 820 808 600 350 466 435 379 865 487 916 642 715 98 391 581 344 213 821 82 719 172 600 140 258 806 947 793 732 780 302 458 774 607 931 761 472 275 259 27 106 17 22 18 641 615 158 683 840 110 913 491 469 787 470 304 532 575 184 295 848 114 774 828 410 319 885 3 540 743 179 189 410 891 484 394 878 596 165 859 948 843 934 681 571 693
53
461 229 349 631 325 613 11 840 679 993 263 7 886 545 378 148 109 647 512 168 657 105 903 351 113 263 103 282 39 453 305 811 40 709 446 225 827 683 290 479 789 376 947 824 314 884 91 349 794 306 108 39 294
396
239 467 303 371 619 309 478 90 50 552 458 888 564 231 503 53 67 457 794 279 809 650 643 527 119 120 599 890 349 427 447 797 123 714 570 121 686 861 276 112 464 579 224 412 701 590 262 711 725 115 668 452 972 370 302 240 958 204 637 253 173 243 135 568 62 131 518 849 730 795 807 987 465 49 925 47 782 795 181 184 279 862 910 137 771 832 933 914 557 398 852 234 439 612 240 346 383 662 565 476 701 650 182 709 8 34 364 123 305 23 102 683 372 111 52 531 87 421 565 231 472 689 235 865 129 807 185 48 920 279 404 916 321 915 533 718 76 1 160 629 783 994 28 625 235 337 63 653 485 150 354 970 340 590 856 792 458 189 102 13 5 397 747 922 969 214 117 989 588 350 759 635 754 851 195 633 990 728 195 522 857 565 705 219 732 402 611 480 736 567 379 75 901 753 207 132 716 333 891 98 607 489 220 82 817 375 878 828 991 145 552 543 765 403 934 609 542 531 379 848 880 486 673 89 342 670 757 875 497 277 141 442 211 229 125 330 874 507 357 185 665 106 92 383 337 266 46 903 162 765 568 343 178 22 130 541 761 858 177 84 872 895 819 616 743 939 203 134 686 20 663 141 427 505 885 950 902 174 264 220 992 290 581 787 491 463 763 173 685 306 92 139 591 647 263 410 132 32 43 791 416 664 550 776 146 966 658 108 273 218 50 632 881 177 808 884 960 329 212 563 150 660 657 280 772 327 198 542 649 467 356 894 808 454 619 263 336 258 601 233 375 465 153 279 443 675 244 75 273 21 885 737 52 740 812 285 379 154 32 420 642 580 547 132 751 341 568 266 13 247 529 555 823 542 883 987 191 430 461 101 919 982 811 901 5 71 926 316 969 256 728 958 795 163 744 479
451
247 122 574 174 661 811 939 217 205 306 734 537 555 873 761 782 289 575 18 259 776 321 134 888 762 348 155 563 651 445 685 43 269 851 160 966 80 44 452 40 235 697 120 338 437 614 655 249 904 249 795 876 362 287 74 56 969 861 802 591 797 554 270 688 750 364 47 229 952 17 377 885 179 264 282 969 898 66 697 435 311 930 819 939 510 20 923 655 309 687 407 590 471 480 826 326 825 542 539 45 344 304 736 947 185 633 336 554 35 809 469 345 389 404 612 459 69 787 223 717 211 558 109 732 305 926 600 606 271 715 635 712 782 136 94 868 650 504 998 630 510 729 718 76 7 431 630 326 267 841 11 605 186 183 336 393 688 11 743 190 742 55 846 594 626 936 361 11 21 62 849 313 670 841 845 798 914 355 225 246 983 547 902 898 75 944 173 353 654 215 274 203 793 232 99 150 3 254 4 643 793 90 900 743 171 427 707 730 121 252 874 910 582 372 846 295 540 95 39 273 558 241 332 582 470 562 766 359 86 806 951 295 856 678 433 406 140 192 108 999 55 529 656 315 456 23 205 117 966 669 458 150 308 979 263 577 66 151 670 52 463 194 31 551 205 526 79 153 54 473 563 307 305 852 458 173 854 886 758 831 15 453 340 972 3 673 706 434 531 638 646 135 998 993 586 165 232 904 638 457 16 849 695 156 162 183 748 885 144 655 713 123 643 607 217 299 515 954 430 42 71 687 928 178 246 803 830 573 834 919 906 740 992 91 680 803 418 157 837 728 631 827 97 827 747 499 330 49 143 330 403 383 186 398 444 251 795 382 667 724 550 176 302 586 257 705 78 734 617 49 576 188 404 717 872 816 88 215 237 222 233 670 121 520 755 496 334 892 481 411 564 116 447 762 612 871 574 108 580 708 882 989 236 809 592 601 166 940 892 778 495 178 597 702 190 762 774 308 427 737 327 550 22 895 531 665 39 341 61 672 396 901 990 157 538 119 70 475 861 139 48 985 339 370 919 778 712 307 718 559 168
617
178 369 111 559 895 610 938 516 390 12 211 193 680 143 994 864 253 667 702 471 245 770 724 682 420 830 361 105 225 137 959 306 132 922 73 229 130 773 805 331 240 368 104 982 140 958 253 543 100 512 318 639 531 977 78 727 397 641 697 46 229 638 114 42 738 668 496 832 831 224 497 510 398 422 385 213 100 164 444 400 229 785 607 81 290 944 437 322 547 362 682 44 743 375 415 246 406 501 821 160 102 528 478 58 233 482 613 178 455 150 135 536 481 669 125 341 405 266 107 454 471 488 192 621 515 102 185 644 669 880 746 385 944 764 531 104 229 526 671 405 81 719 835 192 103 856 713 296 541 266 289 474 413 164 621 182 111 703 563 322 554 743 549 408 516 11 406 790 430 464 147 807 222 736 479 626 187 916 197 9 86 494 714 613 459 931 750 48 837 143 305 787 76 158 732 612 346 431 884 426 835 650 100 918 942 473 307 860 230 91 249 259 980 763 248 523 755 271 609 749 254 344 178 489 884 855 947 176 181 834 503 11 45 896 228 210 673 963 341 776 86 904 106 393 646 592 829 498 807 95 326 699 765 761 278 230 226 387 612 995 242 92 371 540 769 602 864 11 654 490 523 795 489 257 442 28 264 162 832 6 418 731 681 76 368 597 130 372 423 663 258 884 458 597 345 912 911 352 406 620 707 696 528 311 89 198 941 141 651 568 762 786 540 278 4 189 266 502 776 67 186 266 75 929 86 532 66 339 798 900 917 833 770 884 782 582 513 100 47 419 644 886 662 112 461 137 368 78 1 677 873 287 66 956 948 917 853 123 362 142 760 663 169 875 84 396 525 720 558 664 706 493 848 697 923 456 641 964 778 15 387 607 953 924 242 268 292 554 694 893 427 786 50 269 944 919 401 390 966 620 128 836 554 161 774 446 645 880 94 526 455 702 815 776 584 845 705 747 570 879 313 937 419 348 243 129 400 681 752 713 577 836 257 632 857 498 70 849 791 432 499 229 274 543 348 632 519 772 404 929 404 937 831 238 796 321 987 156 700 735 990 494 358 983 500 705 754 860 881 151 40 64 251 81 82 612 633 743 216 112 593 155 510 870 557 790 160 285 676 259 213 3 656 341 229 976 977 77 460 91 664 532 557 123 833 718 889 212 65 14 470 824 668 8 227 854 442 324 289 187 430 202 775 53 772 781 567 275 130 720 746 747 559 305 410 616 832 459 748 314 347 10 608 694 231 305 706 769 236 296 494 653 915 504 723 100 472 573 882 8 160 34 755 842 804 813 964 544 800 49 990 17 681 400 752 993 921 548 599 275 260 180 572 852 682 236 190 224 66 147 335 371 207 971 636 725 462 32 179 312 218 215 846 187 389 333 733 600 511 38 203 635 435 610 450 874 581
483
371 955 643 863 38 456 998 829 353 764 433 555 19 295 191 594 481 249 90 579 387 502 406 975 349 133 821 950 398 412 652 994 921 545 313 305 34 230 333 420 463 167 43 126 993 147 72 572 161 839 620 937 307 830 76 189 746 839 944 725 139 474 799 424 184 607 150 886 140 958 548 978 978 658 585 944 172 463 573 988 591 224 587 916 958 108 106 19 68 994 803 358 346 221 672 468 472 197 760 883 61 232 921 701 149 60 47 902 795 42 169 64 491 337 542 773 798 255 606 450 334 427 316 114 927 136 977 207 221 602 955 93 770 86 368 107 161 935 366 473 725 158 101 586 834 706 447 936 237 422 473 48 277 12 430 257 984 55 845 170 584 600 743 772 45 288 214 110 890 553 597 399 143 242 828 31 37 661 594 531 55 944 683 77 680 855 396 90 707 563 292 541 806 149 1 203 775 585 975 105 735 988 473 195 689 586 890 696 441 151 409 472 442 699 811 528 168 850 985 325 333 335 801 305 906 350 896 805 740 782 514 806 53 568 912 432 9 67 163 72 508 290 683 380 533 794 218 708 987 603 394 685 429 685 812 594 897 604 588 545 549 835 213 323 864 665 750 897 176 795 82 333 21 367 260 634 752 549 903 116 515 621 278 645 400 605 938 534 166 72 106 801 892 926 524 141 940 223 71 72 958 979 459 745 493 416 305 353 333 572 505 631 311 631 968 138 423 115 589 23 196 50 859 814 625 606 892 262 279 312 693 472 840 621 482 160 437 719 213 159 682 246 696 372 762 989 463 318 920 567 406 49 884 453 961 484 213 949 223 735 682 862 228 305 337 730 867 42 290 485 274 514 811 930 890 338 357 505 936 298 172 769 778 840 596 156 739 733 238 500 909 911 173 702 378 967 171 27 98 645 547 382 795 145 405 243 961 605 675 851 442 999 657 204 255 163 318 171 104 247 541 927 766 18 685 289 825 709 99 112 924 70 535 794 196 89 705 391 724 808 608 829 755 319 495 583 468 131 236 398 967 242 860 440 596 153 496 42 65 424 264 646 257 595 416 597 183 299 903 411 836 912 313 860 943 177 861 168 13 153 680 517 200
474
76 855 886 599 148 790 579 869 761 925 487 9 425 753 55 286 954 757 357 515 6 272 58 100 965 697 415 69 595 438 9 436 542 764 508 943 514 264 465 858 744 706 422 696 434 279 387 526 567 905 886 664 103 729 578 611 514 31 212 802 780 585 251 585 648 774 505 830 510 593 614 306 807 292 971 890 231 110 601 185 859 632 170 62 290 771 378 746 886 871 130 104 597 958 622 402 669 770 14 135 758 722 706 273 727 734 11 56 65 77 917 863 346 316 27 307 896 916 1 84 609 466 965 126 731 975 81 223 909 682 760 95 802 823 596 915 48 489 862 7 685 432 970 272 847 639 831 343 20 252 612 868 617 533 900 824 103 359 926 239 241 900 420 953 103 453 423 710 650 941 772 777 440 340 294 512 830 889 718 760 981 998 785 641 353 773 841 596 91 767 152 51 729 171 964 210 17 566 319 854 734 808 201 491 346 456 686 950 88 815 250 890 912 144 953 173 127 15 672 742 391 723 647 295 554 316 386 938 80 793 600 599 355 805 503 486 990 121 609 227 258 915 373 54 849 658 484 326 400 132 568 79 305 256 601 944 968 372 438 823 955 179 395 852 859 981 208 654 161 969 966 278 893 989 927 408 279 929 215 13 335 913 276 144 756 656 534 694 88 340 14 445 501 141 577 480 27 199 197 716 40 108 965 646 176 369 811 572 803 32 228 478 595 371 752 978 833 872 140 798 188 324 437 727 71 164 247 240 374 331 128 917 99 83 316 428 165 609 172 62 699 874 367 424 236 966 697 135 513 409 913 302 75 550 382 873 662 147 749 841 54 738 821 890 804 939 242 848 185 462 98 225 448 867 546 124 630 917 918 355 349 998 84 278 865 577 658 804 663 446 709 930 70 695 387 959 437 623 764 546 186 810 771 227 896 175 70 817 395 814 802 24 972 520 982 254 862 335 66 215 492 933 292 492 557 880 425 543 975 13 698 91 610 938 514 798 680 727 602 452 362 772 551 370 550 306 185 694 840 652 104 918 814 785 528 998 804 285 937 385 322 422 338 986 303 887 580 529 171 851 41 959 749 96
317
463 76 248 110 135 319 879 623 596 993 516 877 195 802 218 372 927 441 614 992 850 114 566 760 469 331 50 767 270 466 715 822 29 199 434 130 362 816 436 143 619 567 941 479 11 809 556 593 162 204 877 701 857 100 16 837 622 973 709 859 687 995 482 990 173 239 785 328 37 622 497 799 635 508 311 977 819 881 56 846 463 360 88 95 218 627 842 955 83 832 130 649 512 594 208 282 202 520 318 580 731 900 979 610 356 255 824 457 188 610 707 685 850 400 215 684 416 308 771 877 454 805 203 457 997 408 159 167 187 1000 190 347 469 773 553 857 793 717 791 683 555 474 634 117 536 792 886 18 121 530 547 523 912 565 788 557 279 757 186 157 435 82 178 499 40 804 60 345 72 881 434 96 580 419 422 195 53 219 510 397 235 471 180 59 227 754 102 770 951 572 650 363 567 448 463 534 757 835 660 446 250 817 780 409 349 702 254 426 530 735 71 970 414 478 215 419 821 610 643 981 25 34 692 131 160 873 115 908 731 251 719 403 349 444 925 940 753 692 300 201 804 100 543 556 621 781 189 747 848 78 804 594 383 880 444 267 60 291 28 195 591 278 370 927 786 302 711 199 182 626 532 535 263 507 993 141 203 332 837 77 125 300 991 779 908 106 865 372 668 687 27 343 498 86 566 936 583 539 290 287 806 194 490 656 879 890 322 306 615 189 164 394 876 728 665 231 204
289
461 556 146 920 16 646 745 374 225 41 683 385 767 194 394 312 577 672 222 451 843 669 731 99 970 135 890 227 224 368 271 3 557 165 94 744 678 818 658 49 260 701 683 417 186 768 237 826 614 308 745 799 796 75 812 99 793 594 788 607 767 30 313 332 866 424 249 181 155 334 263 148 863 349 493 514 779 726 740 422 507 394 216 669 715 751 542 294 934 812 457 950 334 382 764 826 583 876 152 296 526 362 571 859 445 779 922 390 556 407 429 233 825 712 253 184 381 805 777 295 279 347 560 567 202 554 233 187 991 591 518 58 445 700 908 680 618 926 232 274 623 791 947 930 733 68 805 674 895 366 420 726 327 12 112 490 246 648 681 276 348 604 478 101 780 117 770 1000 712 618 755 502 492 552 462 701 678 456 815 708 32 586 580 989 259 358 911 884 353 185 883 144 80 487 497 847 306 225 553 613 547 387 374 905 881 535 529 117 925 356 819 522 732 239 732 478 418 229 914 927 136 943 732 802 530 478 613 806 563 153 71 9 619 856 38 936 165 651 809 191 966 729 819 360 245 946 997 228 794 616 856 625 135 548 564 981 831 90 639 194 570 173 647 518 450 459 122 320 240 112 982 904 783 126 385 652 359 944 117 716 161 939 91 685 649 16 848 166 728
382
314 34 103 944 51 391 392 782 800 817 809 458 516 328 587 709 310 891 460 797 236 917 58 567 285 252 438 804 205 495 420 648 215 792 72 717 553 731 148 642 87 337 971 108 483 45 575 839 776 921 604 272 808 299 162 17 810 962 236 956 878 906 988 953 914 578 631 963 132 808 147 752 738 59 893 225 230 46 260 636 384 553 291 849 671 518 162 444 967 27 280 877 77 561 781 184 382 40 177 52 705 565 554 646 804 659 22 698 740 595 510 308 643 212 237 638 606 699 26 431 932 750 402 439 119 55 799 800 352 624 12 455 734 59 666 255 978 656 645 659 739 287 464 119 2 862 309 19 387 819 622 957 771 851 331 737 979 920 445 30 290 193 2 154 69 192 558 585 194 404 440 493 678 985 602 730 30 996 407 536 937 604 248 226 276 96 282 363 653 558 672 305 520 349 444 156 67 4 229 651 351 919 314 168 754 189 816 254 941 163 916 950 252 473 60 47 760 21 439 327 110 802 473 904 208 233 541 763 287 809 59 910 690 830 300 68 73 574 839 561 423 550 641 268 722 305 363 766 598 123 22 574 794 967 466 680 998 81 369 107 256 94 622 94 449 295 463 614 884 793 14 22 449 961 380 660 5 387 747 788 899 19 822 561 609 747 963 930 980 727 73 432 570 748 694 397 952 317 24 106 33 887 106 727 569 173 680 635 260 896 538 254 478 527 287 646 5 878 159 748 162 94 595 950 567 485 247 858 135 605 711 221 681 635 589 255 760 608 542 680 332 844 398 297 778 87 27 988 902 636 451 109 693 946 538 153 164 580 893 183 262 799 242 456 114 799 776 934 754 528 633 24 792 575 337 693 387 442 327 77 26 26
838
953 829 292 444 642 455 126 770 210 606 307 258 845 399 128 205 126 45 78 917 689 286 816 343 45 376 948 899 268 25 123 254 568 12 509 263 695 496 260 189 146 44 247 577 78 840 239 246 145 325 986 3 906 778 559 687 163 746 33 890 987 594 68 302 156 374 5 844 607 610 15 606 503 275 67 225 437 419 830 940 968 45 372 409 93 325 538 976 333 51 683 279 838 147 553 815 461 536 934 649 635 814 693 927 618 258 507 938 281 578 527 587 125 316 574 552 910 762 610 523 356 387 612 529 556 492 939 976 47 978 120 882 584 425 171 622 896 243 184 906 244 894 585 778 165 992 777 979 801 348 295 100 840 53 239 168 895 884 799 911 475 17 223 917 720 408 582 891 172 890 570 738 557 332 344 243 880 910 829 284 225 447 189 992 763 642 871 828 922 6 413 102 51 847 120 347 474 75 221 56 443 591 840 63 323 935 319 561 928 238 574 13 550 531 958 114 824 686 410 706 368 306 982 181 192 425 28 315 115 490 321 367 632 340 654 123 552 616 577 711 589 793 455 890 309 252 38 823 656 182 333 910 631 419 627 514 377 542 70 922 306 354 791 901 817 98 89 234 769 848 800 750 845 70 651 502 15 94 529 216 169 961 470 363 939 711 637 906 269 613 382 876 410 632 662 384 682 280 78 606 365 887 615 564 431 329 769 86 73 233 592 642 33 306 635 200 30 849 199 286 872 574 633 867 146 491 332 739 736 817 954 782 59 632 118 78 428 590 591 835 635 457 147 261 977 21 864 167 877 168 22 358 291 869 664 367 19 593 8 346 964 326 615 778 800 523 187 90 698 724 150 524 562 787 528 312 570 904 780 350 872 839 909 171 281 538 162 553 686 532 409 712 773 345 299 720 71 336 76 860 560 773 612 25 375 976 37 450 517 188 328 309 427 857 848 815 194 102 510 970 532 609 951 580 692 756 867 515 161 353 569 808 112 672 287 455 908 126 54 989 323 807 156 651 967 630 218 669 588 40 874 972 502 286 787 278 393 913 613 913 180 278 256 110 973 514 76 49 798 77 144 745 709 678 425 542 269 206 25 964 98 614 191 358 89 854 16 591 580 357 948 658 66 216 889 807 544 598 960 685 761 885 417 442 831 862 112 537 719 637 688 240 219 498 868 502 284 158 35 336 123 14 139 148 235 126 779 561 307 456 526 410 813 55 506 180 361 910 72 501 943 777 618 677 577 218 102 695 235 235 802 414 52 849 391 702 685 980 335 292 870 523 502 134 890 693 842 778 439 268 276 86 624 21 450 788 860 924 212 418 490 293 139 849 508 449 992 253 3 978 968 290 546 51 480 971 435 921 751 184 198 652 244 608 734 195 213 302 440 577 146 891 446 510 990 510 127 204 702 296 186 548 330 24 121 869 364 628 446 556 659 396 17 292 176 83 132 886 668 181 40 96 213 702 724 743 253 134 838 842 576 610 135 940 668 578 727 375 914 634 979 557 309 565 848 37 428 859 915 849 235 220 116 282 909 504 708 727 633 141 88 444 9 427 352 734 652 342 788 119 130 952 728 702 782 490 715 628 362 192 446 529 902 661 677 618 694 494 927 783 683 728 263 953 173 272 324 543 860 668 92 539 289 627 69 577 952 554 186 478 760 400 876 589 669 11 520 243 620 195 330 446 541 360 729 757 225 173 264 227 852 22 547 605 559 168 864 378 321 510 938 548 684 480 23 423 251 13 617 299 956 168 946 97 236 46 143 496 551 67 485 811 370 897 975 33 998 870 271 486 275 521 849 97 99 80 578 604 993 736 20 418 842 81 993 240 468 217 993 24 315 144 341 829 925 350 930 770 503 896 226 770 362 192 741 216 486 35 66 662 535 996 770 816 169 280 328 258
786
934 678 166 430 271 186 992 978 986 713 593 802 905 46 236 1 455 24 81 97 864 824 191 209 210 4 299 226 392 82 44 865 418 994 657 476 253 899 21 981 560 416 578 19 261 627 253 152 531 182 30 710 19 671 15 682 534 446 472 5 576 1 954 736 778 619 626 121 92 522 560 929 216 764 307 52 800 748 156 211 590 182 403 274 35 689 189 729 682 863 113 54 357 365 219 376 258 527 742 321 945 999 949 187 356 522 4 517 99 133 21 772 583 676 190 520 256 830 200 814 559 662 263 966 234 914 914 420 99 978 8 884 996 909 182 556 520 853 392 451 796 699 792 844 132 869 749 470 31 951 857 266 293 868 919 748 108 955 718 35 336 158 743 828 508 223 113 478 229 482 217 170 23 912 132 564 380 350 39 153 308 645 784 18 665 616 381 359 722 735 695 98 699 616 284 732 24 183 53 67 439 546 357 673 517 428 548 36 729 182 572 572 960 622 135 563 414 51 953 179 262 460 126 111 134 241 589 146 697 88 242 883 656 670 567 920 215 732 187 772 571 188 146 408 891 580 512 355 283 40 79 596 652 765 306 797 93 973 14 999 869 963 784 239 229 571 453 173 201 688 236 164 835 196 223 312 965 953 159 505 439 269 710 555 545 936 170 47 789 940 783 813 387 69 769 240 757 322 939 776 273 732 684 707 115 713 359 621 735 899 614 717 631 749 396 163 327 996 427 891 215 365 754 815 250 626 287 873 688 853 309 872 584 634 290 638 198 779 276 860 360 862 680 548 743 824 812 54 78 241 923 192 470 152 899 142 343 989 853 695 694 139 84 834 398 941 868 536 519 824 454 606 402 726 308 869 571 974 837 719 509 46 61 704 748 452 238 617 382 118 793 716 28 156 215 940 627 370 836 99 487 271 294 618 48 663 3 225 33 617 322 565 852 385 951 774 534 930 88 659 990 772 459 923 645 368 888 101 186 165 586 657 76 457 379 763 308 341 952 413 354 193 642 940 960 938 932 992 757 546 30 53 599 964 433 212 666 251 713 951 542 781 762 217 861 559 631 662 335 546 248 847 623 586 107 486 499 604 202 447 536 50 865 250 960 682 168 50 860 538 520 461 119 630 10 931 692 591 800 372 392 555 575 261 393 752 342 985 663 624 388 109 157 699 5 351 845 983 65 821 329 126 657 915 72 987 653 967 807 600 981 236 370 194 606 688 550 623 602 247 681 343 95 445 764 295 535 312 440 608 467 863 355 542 794 439 531 379 139 686 211 738 817 875 715 81 429 99 263 933 226 51 334 324 773 84 502 465 833 868 174 159 942 54 44 377 688 784 922 953 649 82 769 764 697 777 344 796 829 960 230 472 101 176 762 32 862 904 727 590 406 315 26 985 841 331 47 897 5 750 728 298 903 346 294 995 960 959 166 649 32 895 156 868 36 536 43 810 357 105 161 309 782 897 492 572 346 475 94 534 547 165 76 490 22 309 907 383 303 370 959 557 648 363 18 1000 28 716 101 339 789 449 906 436 583 633 383 598 761 449 98 303 257 435 599 833 369 354 987 799 174 996 991 14 874 361 319 506 781 484 470 7 352 559 81 583 369 905 770 21 480 792 643 611 37 442 539 425 665 689 860 33 910 248 425 622 871 321 752 633 534 337 97 666 268 257 559 617 818 768 310 587 227 897 874 267 653 23 21 210 231 872 421 773 461 112 459 693 455 108 149 273 890 135 436 352 693 935 132 625 960 332 233 101 264 481 338 820 84 942 790 561 888 323 790 484
868
254 566 896 462 957 165 823 713 528 574 572 728 161 409 966 159 840 440 81 166 112 181 75 503 33 786 830 629 290 695 137 556 697 450 433 521 872 105 24 678 844 994 134 613 442 883 954 587 374 679 645 326 945 696 442 578 451 117 869 712 696 717 360 189 191 573 91 80 616 144 56 709 973 879 873 209 4 935 966 151 304 428 854 252 500 408 811 26 293 121 885 652 511 555 949 285 601 89 527 111 965 677 691 39 615 536 414 403 507 650 5 254 465 506 461 373 978 630 859 259 496 248 981 39 918 417 257 713 67 136 701 573 116 254 608 901 191 13 336 258 771 640 228 842 724 637 325 348 725 15 274 211 268 444 929 680 430 313 212 554 69 759 585 722 412 948 116 757 803 65 299 563 656 354 368 709 993 906 964 566 817 139 242 450 430 163 555 286 962 396 112 17 335 829 164 61 952 762 663 801 315 527 720 99 468 18 457 510 711 847 293 183 582 960 505 907 614 556 328 276 770 429 65 481 935 118 638 778 630 49 121 425 992 200 629 490 982 683 205 346 549 556 39 859 834 570 94 940 539 856 971 360 599 953 733 516 939 711 3 418 339 173 99 388 831 395 997 40 803 85 827 599 187 414 115 309 850 929 241 487 586 502 219 993 518 8 102 463 853 779 799 833 384 212 542 809 779 489 205 82 607 322 218 316 872 907 715 124 957 868 229 103 896 372 281 502 850 941 575 293 903 390 699 975 989 116 920 963 883 328 687 788 73 84 574 681 884 879 206 174 985 246 831 281 270 957 29 531 398 950 492 878 87 711 356 878 52 244 493 778 247 652 494 815 558 681 129 738 443 694 382 4 885 307 727 23 642 895 534 251 587 29 638 69 746 185 872 35 53 384 40 363 845 523 632 7 229 546 760 718 961 19 21 457 873 383 424 495 874 394 67 954 753 553 919 675 862 250 475 623 940 474 336 25 434 322 17 110 341 651 89 207 294 831 132 994 229 910 825 714 636 559 111 181 937 135 442 657 949 111 218 565 484 807 16 675 69 643 359 969 675 634 255 645 58 189 953 733 852 754 739 685 860 809 272 718 46 586 323 105 126 35 538 290 426 611 926 758 194 572 207 125 196 649 126 786 183 559 182 639 200 989 339 848 278 908 565 404 63 242 559 396 607 888 621 985 499 446 300 290 464 701 803 22 877 503 501 12 678 769 706 356 18 421 939 741 103 924 175 226 478 991 745 950 163 946 171 101 863 863 666 919 62 592 822 475 374 612 261 342 240 418 930 105 796 443 954 111 702 156 779 100 805 847 141 283 67 23 423 931 699 637 776 919 684 283 732 369 997 220 149 221 608 156 194 72 188 938 163 904 479 14 262 733 818 742 236 853 790 774 935 691 220 524 925 173 38 198 74 364 181 977 617 384 960 609 960 226 338 561 887 330 225 504 58 19 938 316 272 899 975 180 156 354 723 785 486 469 657 362 110 693 895 558 354 527 504 86 367 29 369 581 183 244 206 354 4 353 758 418 178 507 598 749 415 898 701 487 36 660 704 8 195 23 288 703 462 52 420 317 383 776 242 44 932 414 878 878 38 868 655 448 717 608 398 989 801 284 285 671 480 558 808 552 469 2 360 501 267 728 572 793 341 646 213 591 100 431 33 948 756 334 713 923 686 473 150 227 921 253 571 542 402 360 848 112 735 846 208 486 687 576 605 149 423 753 378 926 611 696 393 651 290 569 243 677 98 667 434 8 359 692 995 287 729 735 763 108 572 881 781 577 689 479 393 419 458 477 193 990 651 163 497 547 371 808 691 908 855 131 780 151 751 747 400 429 658 196 738 726 738 524 173 154 766 441 275 676 320 617 386 722 873 503 980 502 807 527 816 699 800 414 42 841 144 596 739 870 74 519 2 252 466 463 628 663 4 430 205 474 413 369 227 97 976 882 352 213 108 965 69 295 827 121 245 444 477 635
638
40 35 801 556 251 583 728 36 502 654 882 141 790 298 3 71 349 616 324 33 275 138 675 102 92 702 412 259 542 705 864 662 278 725 731 164 511 755 194 661 191 247 67 600 316 154 159 702 569 911 358 184 460 135 804 406 734 488 930 514 375 282 173 145 283 153 882 951 852 489 754 236 982 399 194 718 560 694 173 924 762 12 460 784 34 691 827 366 124 945 590 502 831 953 480 910 963 184 485 552 511 125 2 43 379 819 684 996 847 860 957 137 709 616 223 221 409 282 795 128 752 399 362 595 979 264 82 105 739 622 537 521 679 743 3 376 170 503 81 414 470 801 184 651 166 846 711 757 480 845 725 144 314 857 624 965 783 123 739 129 53 861 577 441 435 192 82 504 785 452 583 257 661 153 128 443 667 593 165 97 292 384 499 678 402 409 392 660 430 133 394 190 838 302 738 480 971 291 380 641 178 414 411 435 922 268 869 479 229 298 801 521 317 624 817 734 688 437 691 522 456 435 770 130 250 982 246 451 621 717 717 160 775 696 462 505 907 746 562 686 414 196 673 83 608 352 265 422 282 737 837 902 853 30 460 24 47 840 326 524 136 895 413 195 374 245 577 235 423 778 433 835 35 127 179 727 708 627 821 819 20 163 178 207 477 571 720 48 384 96 119 105 796 14 748 187 479 997 135 865 687 922 556 183 645 115 287 610 185 898 56 11 243 631 376 914 417 633 1 990 202 550 271 601 397 50 542 156 212 233 328 369 540 932 401 326 225 392 527 682 923 122 107 523 496 110 917 409 721 256 294 742 718 354 587 131 519 144 592 8 248 507 776 225 584 370 184 628 796 999 161 108 712 385 801 98 550 312 338 486 95 700 505 398 466 711 176 579 979 102 306 518 191 628 99 563 482 209 818 611 657 688 217 62 692 667 358 620 505 96 261 959 25 526 787 64 377 325 573 462 783 345 106 135 720 834 26 507 5 417 158 184 203 741 698 44 234 310 270 396 306 18 581 925 583 131 303 660 788 617 468 68 914 747 835 384 475 171 705 307 364 656 14 275 746 484 404 557 7 593 25 654 755 335 716 623 844 307 770 849 255 820 409 114 368 741 357 454 921 885 610 89 645 326 743 965 483 1 523 398 662 816 410 667 306 257 534 31 19 684 289 637 996 640 355 386 395 510 554 307 625 593 983 808 379 289 273 982 560 476 956 511 548 354 316 203 573 913 330 261 868 711 319 497 788 691 312 345 342 38 771 923 517 835 357 123 933 170 935 396 219 822 46 467 666 260 298 796 321 477 966 961 301 552 663 932 831 137 978 888 233 472 630 66 925 333 517 23 710 119 35 993 323 2 340 521 500 41 895 212 814 313 407 72 69 769 1000 280 160 542 940 580 580 121 576 916 831 868 354 636 887 521 247 687 670 779 556 626 827 316 375 414 96 326 134 868 916 438
622
901 249 574 5 581 705 76 695 797 383 558 266 316 22 256 413 994 35 241 951 591 735 588 337 311 320 905 857 811 180 466 541 997 788 858 930 680 17 449 646 251 913 398 829 90 674 962 543 709 167 900 684 966 162 264 53 819 369 914 78 749 113 892 35 114 340 703 932 876 906 330 119 611 181 939 894 7 778 33 134 939 307 728 836 159 13 688 733 415 665 16 264 999 621 502 720 285 53 596 464 189 911 796 787 363 207 66 459 645 826 748 429 38 645 280 835 553 826 620 389 682 755 928 770 147 889 196 340 517 517 771 632 927 228 406 449 69 584 815 896 588 668 127 495 819 682 793 644 649 490 786 165 783 435 445 68 740 299 896 571 696 400 878 390 849 901 172 250 875 617 861 141 766 184 802 146 665 976 448 377 322 961 4 891 594 845 335 207 822 139 140 546 796 321 497 363 765 26 977 52 831 127 574 865 115 784 218 888 488 238 783 918 265 416 757 482 510 387 874 433 519 14 66 14 519 321 317 358 197 653 236 313 763 102 128 495 710 701 917 256 561 715 10 164 416 161 713 789 686 849 245 799 663 68 115 152 235 583 633 147 183 948 712 655 656 716 325 202 580 941 225 66 905 624 721 320 788 310 375 713 251 53 331 866 959 144 502 691 702 53 380 783 438 440 608 647 802 608 973 196 321 849 447 662 199 191 130 149 886 264 755 240 267 699 291 641 203 412 97 365 243 861 616 883 626 658 527 984 670 365 501 123 590 446 750 832 40 775 916 383 75 257 454 35 467 995 17 780 12 972 613 725 13 796 21 293 175 570 387 998 232 966 838 249 459 54 255 609 215 213 909 9 839 85 892 52 80 782 295 517 961 944 621 202 184 958 201 439 536 245 120 39 384 802 497 775 821 346 445 813 124 768 16 530 98 107 683 786 22 98 993 982 813 524 170 640 551 640 221 141 395 848 610 736 70 739 191 989 569 89 417 688 529 489 856 479 249 34 510 387 838 803 812 355 470 579 586 789 1 944 638 362 993 348 640 176 836 701 2 396 927 671 184 678 808 327 619 184 630 528 522 220 122 264 921 164 664 375 139 302 373 436 257 494 475 200 430 836 955 834 766 610 964 716 794 247 113 514 559 326 334 430 509 546 236 650 306 639 784 929 107 14 29 893 4 164 919 209 747 600 318 991 651 461 808 522 591 569 619 930 490 93 857 679 826 254 693 203 38 868 567 779 928 644 590 221 387 498 486 843 82 471 231 659 213 525 133 485 407 211 134 832 156 41 75 522 788 386 893 32 610 428 638 333 883 612 124 613 919 89 757 736 918 629 665 811 562 552 379 318 864 844 942 191 785 849 275 922 659 896 492 100 440 532 850 808 405 563 672 11 487 347 428 802 910 841 680 408 44 97 176 922
585
724 222 893 353 580 462 676 648 297 33 159 541 520 964 456 173 680 944 183 182 14 840 358 894 740 12 984 709 510 777 932 74 789 584 31 186 522 15 405 330 755 135 240 274 120 143 902 839 822 565 298 200 465 619 54 753 111 933 480 369 210 334 691 269 346 879 607 140 95 163 613 685 626 134 467 584 485 57 781 176 306 709 69 946 579 175 485 785 117 314 321 255 480 86 452 74 984 520 575 124 533 529 454 903 252 930 878 862 461 554 724 679 282 220 412 572 970 306 520 206 400 265 570 637 57 35 533 933 226 717 792 130 367 875 114 728 255 228 538 719 68 276 757 245 175 44 22 410 236 280 502 497 428 207 883 220 19 511 635 992 283 744 818 539 938 99 446 661 127 238 731 834 483 424 14 401 666 182 807 220 63 86 112 45 415 366 192 300 193 612 662 631 633 694 171 768 415 77 707 822 129 859 233 474 725 314 862 830 907 595 682 574 25 251 380 349 784 372 428 507 353 683 148 46 575 154 633 646 600 216 518 736 142 416 167 784 103 101 971 1000 407 849 597 483 919 731 504 580 984 39 856 627 571 153 466 126 952 743 576 519 356 967 1 228 824 628 599 937 461 447 394 782 250 312 978 263 127 86 334 227 578 402 11 260 434 295 932 535 5 663 673 265 587 460 125 992 364 662 890 632 892 416 585 975 923 724 513 578 322 11 50 215 484 579 628 524 839 41 752 199 607 153 944 555 581 185 104 350 298 475 576 1000 351 696 912 587 75 732 177 397 808 629 321 288 671 650 486 29 411 441 88 96 169 174 513 680 218 201 786 529 780 823 607 718 589 542 617 176 558 233 319 538 319 277 856 622 257 75 729 515 345 651 147 10 552 682 926 688 264 356 647 898 787 586 339 141 316 705 357 850 792 837 9 639 872 344 99 613 723 302 735 962 925 1000 827 230 618 519 610 242 363 672 512 314 492 451 177 2 25 973 482 514 251 377 950 564 391 664 331 820 965 225 245 95 393 156 694 505 303 374 217 653 182 365 864 39 984 212 937 200 928 66 994 996 373 887 590 410 968 521 835 959 400 719 566 778 208 23 187 295 857 703 679 685 888 69 947 213 828 296 755 426 35 703 918 94 920 435 972 551 800 877 334 641 267 88 176 541 361 941 326 88 35 253 90 335 103 664 365 138 881 882 364 688 421 119 380 109 995 415 475 127 725 71 703 624 990 924 885 73 226 768 589 909 16 182 169 541 203 978 853 131 300 787 205 938 371 176 891 333 527 28 933 347 851 267 688 43 451 586 588 229 123 379 985 953 557 998 367 393 411 104 448 137 736
360
205 736 238 747 391 552 608 141 732 863 259 661 199 942 338 154 612 786 609 450 171 674 651 216 883 754 209 207 392 397 555 198 658 435 970 47 720 372 145 821 219 384 31 214 941 877 938 341 934 93 444 525 200 808 738 185 940 293 554 391 938 868 699 601 834 979 261 953 635 905 724 336 360 881 855 601 901 64 270 415 313 946 460 729 540 933 471 803 643 750 749 297 963 382 975 383 482 164 486 739 205 621 678 679 760 760 422 555 809 520 729 767 1 964 307 586 61 138 955 632 985 368 84 679 667 973 289 384 66 739 445 442 218 462 601 401 618 428 227 34 624 39 217 605 575 520 414 390 499 414 319 259 19 282 374 487 912 866 570 295 460 755 721 107 303 595 155 175 32 701 674 953 794 935 513 145 7 597 20 584 965 220 762 762 820 606 114 750 171 816 215 867 642 950 810 208 514 33 287 72 42 64 645 892 151 848 865 154 631 410 106 663 723 419 867 564 62 103 607 689 619 766 930 206 505 956 188 888 371 452 998 730 773 576 981 995 780 196 844 979 546 14 756 736 456 81 212 969 312 7 615 336 528 432 967 64 389 705 538 234 878 370 713 43 726 304 848 646 663 281 691 982 611 701 565 999 175 691 449 371 431 59 272 717 124 186 107 512 168 242 498 410 818 285 864 972 64 207 679 977 943 658 459 855 421 638 503 377 154 357 164 804 378 531 771 604 557 85 7 440 462 649 923 191 41 434 161 505 785 415 904 68 486 828 696 97 463 929 652 307 122 465 401 417 147 549 256 570 968 997 382 429 131 531 347 96 772 860 35 987
685
752 612 885 220 399 19 609 145 409 63 986 784 996 875 893 939 501 446 32 242 689 228 351 175 249 874 613 20 64 83 501 669 686 145 567 503 504 168 995 202 919 155 131 19 683 842 433 760 602 478 879 983 542 41 834 593 975 331 936 820 769 869 318 217 511 389 889 490 489 711 66 842 546 74 695 753 482 983 90 523 767 630 878 191 64 853 514 422 92 40 85 122 769 722 180 246 481 511 351 212 987 147 847 182 798 7 536 505 901 237 682 825 930 455 630 783 380 341 538 415 119 345 496 385 805 871 460 912 598 377 892 33 86 636 750 134 818 58 662 707 480 792 846 93 917 475 70 745 234 393 958 405 994 381 480 673 973 178 223 685 982 694 510 786 920 847 389 344 273 380 628 583 722 836 710 684 248 501 54 971 983 666 285 778 619 587 722 888 244 393 559 867 311 892 327 47 417 64 638 706 286 896 84 293 78 587 20 403 562 529 824 722 972 776 446 798 661 809 958 64 305 340 833 729 950 961 482 549 818 676 850 278 468 1 435 963 430 79 962 649 706 502 618 897 318 553 952 689 150 127 347 174 53 426 110 246 440 346 719 28 751 163 934 795 611 809 640 145 388 286 123 630 396 655 290 377 201 882 295 598 727 206 934 728 694 341 370 829 147 944 150 846 102 955 626 165 166 239 747 784 476 752 142 233 214 598 957 173 646 797 44 552 711 458 830 433 70 717 131 436 426 49 438 870 275 365 453 906 70 368 967 279 254 214 564 919 185 538 100 731 129 117 213 45 144 675 216 21 537 34 69 151 783 702 61 402 722 633 836 512 805 683 243 542 427 2 565 883 560 210 553 642 117 226 865 186 783 208 486 143 383 272 977 643 642 240 643 834 163 421 678 667 590 684 354 665 645 556 720 645 678 897 724 219 157 517 767 333 866 914 301 799 222 740 113 123 618 753 751 138 119 252 799 902 183 617 406 398 583 136 193 564 286 671 590 331 653 903 780 710 430 797 528 733 803 827 710 959 604 370 922 415 893 941 968 473 98 323 54 370 53 359 240 343 248 151 872 746 212 840 470 9 701 22 526 651 382 46 960 974 291 319 676 300 634 285 85 984 171 593 593 995 287 141 664 290 617 148 36 271 958 569 470 397 292 434 131 675 614 199 433 384 211 156 146 884 692 91 20 146 812 354 580 412 954 125 415 30 898 339 606 664 726 292 145 64 218 793 455 895 479 940 45 768 879 368 336 502 88 836 60 688 530 205 44 223 475 970 643 721 698 746 9 181 629 951 90 711 573 380 450 851 895 479 323 579 628 603 741 493 519 348 677 812 409 353 929 252 148 929 252 303 293 635 160 986 445 745 567 343 555 212 182 257 44 166 479 679 879 791 707 578 33 167 846 505 481 823 633 948 472 183 796 909 872 239 874 915 316 357 206 500 604 509 834 361 594 924 419 707 419 758 652 184 306 698 924 234 927 239 234 827 191 635 530 975 530 596 100 508 175 757 53 638 685 885 198 51 678 38 79 244 32 988 198 475 481 956 159 502 453 223 767 263 222
746
509 706 271 149 565 649 95 617 653 289 637 824 645 793 860 532 989 754 460 801 287 185 177 870 652 11 801 644 71 951 834 583 182 70 166 755 271 361 102 213 586 315 736 193 484 556 242 136 64 956 66 158 594 436 109 973 496 975 391 67 446 435 286 865 620 502 686 560 651 871 600 835 318 290 9 111 653 768 662 800 601 802 428 354 88 24 860 137 21 510 464 691 509 891 306 763 427 943 876 832 83 285 700 548 381 870 503 234 197 398 554 91 373 719 173 663 879 92 746 818 146 21 233 489 717 548 102 770 249 767 926 347 786 347 985 310 563 451 443 757 43 355 994 950 518 24 893 362 324 865 634 203 682 708 951 302 298 401 216 760 804 259 275 136 793 244 175 22 186 616 70 250 663 866 217 216 897 124 531 702 578 457 816 928 374 445 595 223 282 187 138 924 427 285 765 392 789 500 787 105 457 840 959 384 886 693 652 774 198 832 663 812 278 873 850 38 734 790 89 743 671 146 39 972 704 180 560 331 829 849 302 590 949 925 202 486 281 796 258 594 389 914 549 929 114 576 251 943 790 392 448 598 871 866 511 590 886 552 588 349 494 490 228 923 60 916 445 877 704 127 732 348 579 983 131 192 350 466 259 351 897 863 948 41 674 569 556 805 443 64 779 731 27 837 584 71 341 533 322 622 580 712 334 923 446 535 765 511 285 521 67 253 881 217 307 32 698 270 259 91 720 575 701 657 42 982 19 173 703 729 89 554 426 933 475 630 920 282 850 883 279 140 100 494 206 979 426 690 797 551 563 528 989 43 336 969 306 976 875 737 623 683 244 748 772 922 742 553 719 132 775 299 425 238 848 54 237 818 461 93 754 931 600 871 418 782 913 700 679 110 241 350 235 629 928 152 516 416 579 237 999 419 53 664 90 801 693 949 132 327 298 981 171 892 766 323 746 208 578 949 272 868 470 985 836 808 911 881 424 465 777 856 111 709 17 343 649 847 547 714 202 896 234 149 86 149 788 671 381 501 874 677 325 624 598 404 648 739 337 854 820 264 925 925 406 868 381 662 645 308 595 257 397 748 188 17 361 273 50 793 423 589 576 928 464 385 229 711 628 342 43 639 678 476 372 833 744 346 697 530 612 174 461 966 648 126 886 355 16 496 999 877 857 404 27 971 451 70 865 409 604 473 534 24 866 363 709 69 502 693 643 52 145 619 267 961 974 622 148 615 412 493 833 459 348 872 557 669 443 91 751 16 350 647 739 245 545 556 763 377 453 241 290 377 337 327 426 703 626 92 328 780 256 636 811 856 307 235 11 295 493 46 458 340 789 671 538 650 830 220 246 757 769 562 300 48 514 447 616 261 916 793 341 877 918 995 744 940 458 903 899 832 951 110 869 777 380 867 951 263 504 27 550 37 824 648 373 957 978 519 469 429 533 322 33 922 179 248 91 910 884 447 607 437 963 813 891 308 365 863 460 359 399 281 65 807 162 921 657 630 557 872 167 851 879 600 602 493 781 509 534 303 106 271 460 479 122 396 679 516 916 762 578 289 134 303 647 52 845 775 630 19 909 954 823 701 482 487 836 471 860 74 708 86 381 32 873 247 354 406 262 331 703 456 355 399 519 23 862 652 55 900 19 451 950 888 961 888 828 614 439 797 922 702 264 456 781 438 2 840 624 395 803 728 791 871
935
930 938 694 674 562 983 54 300 773 774 602 1000 1 832 775 12 965 924 39 316 443 77 90 253 812 569 371 755 158 693 522 469 543 53 622 928 889 985 952 120 960 348 744 524 95 241 954 634 661 222 434 1 971 176 693 116 204 48 496 157 989 647 620 762 173 79 826 775 326 780 876 245 773 503 808 898 783 247 689 79 718 95 189 943 713 240 635 803 160 251 882 523 265 963 684 197 217 905 168 355 797 679 715 618 628 514 196 379 622 85 279 229 149 970 348 51 837 678 632 601 877 744 620 726 285 593 130 151 965 742 956 969 797 932 790 147 658 522 665 794 295 370 472 371 127 408 201 9 90 265 992 579 734 911 980 376 950 360 496 28 712 70 370 428 951 803 314 465 556 235 73 511 610 637 81 317 466 91 534 345 95 178 397 27 975 61 885 614 569 23 300 898 814 468 197 752 3 22 932 492 533 88 797 920 747 548 290 525 326 17 158 618 496 154 344 600 79 37 819 165 455 420 268 786 775 780 890 33 799 159 256 918 473 165 31 493 568 730 121 220 708 447 899 220 782 250 730 287 635 448 336 11 822 598 44 779 588 855 892 102 749 504 571 77 295 728 105 496 905 283 402 767 968 502 712 336 818 794 428 118 36 302 2 996 229 723 129 808 828 764 660 467 364 515 136 419 505 63 896 749 151 818 697 998 549 872 74 929 274 485 765 548 478 120 943 390 123 244 323 219 719 701 843 385 996 464 372 342 824 762 178 102 789 813 544 815 984 70 336 536 557 398 701 590 567 431 305 787 352 61 72 577 600 911 97 794 878 291 261 701 270 216 90 377 302 389 684 351 961 561 333 900 460 491 759 328 719 510 507 555 685 491 462 686 358 227 75 676 216 378 353 955 951 474 96 796 235 774 898 100 961 81 52 968 36 147 576 286 598 977 543 438 996 362 324 232 717 520 580 307 832 737 336 477 626 375 873 898 512 406 345 175 612 425 477 598 499 51 58 436 418 390 28 609 262 955 505 215 165 676 832 601 409 519 195 50 64 709 43 663 687 475 239 602 730 820 316 706 78 675 813 151 615 972 758 800 848 869 878 265 322 992 666 37 442 342 560 748 194 507 902 583 880 708 271 555 893 500 912 936 914 316 802 269 789 302 112 58 129 476 869 583 851 695 754 502 775 583 545 541 929 908 691 708 237 690 584 526 473 689 38 348 526 596 269 291 701 361 917 398 829 169 410 936 959 423 803 838 237 824 448 719 101 385 656 738 819 183 192 686 123 103 241 501 220 276 667 566 338 287 252 510 819 481 792 627 779 719 710 909 785 261 71 422 316 470 955 307 171 228 41 881 510 229 852 342 307 388 76 160 882 219 903 113 337 384 561 426 14 445 570 12 63 590 415 903 374 831 103 771 473 734 11 576 933 874 21 217 726 269 1 344 740 625 815 916 905 12 990 809 410 176 555 44 417 949 716 109 841 180 855 401 842 407 503 703 690 553 199 625 182 728 245 988 420 51 129 52 777 728 392 224 678 317 256 85 995 855 856 28 882 729 540 826 793 435 967 526 183 304 205 942 826 676 67 872 498 625 622 502 592 258 341 851 405 396 299 877 128 379 207 598 81 21 266 218 785 501 114 963 982 209 842 786 871 255 683 597 757 468 889 616 917 259 628 412 530 8 501 578 794 916 639 357 90 47 252 213 961 804 132 453 200 478 886 474 4 463 255 871 503 346 508 842 334 797 30 324 636 114 93 292 859 400 909 720 796 868 175 97 568 678 227 481 866 110 934 779 648 919 726 974 381 55 42 607 10 994 566 576 958 880 618 539 332 389 55 341 188 690 16 610 64 859 531 980 253 919 534 91 549 900 609 347 13 158 677 775 733 867 813 339 770 14 53 870 699 993 619 327 42 242 863 547 336 445 905 721 886 721 948 760 492 127 781 448 297 939 307 192 371 386 976 913 618 768 376 833 681 891 978 899 143 153 927 128 781 977 299 789 619 986 521 210 772 730 983 786 591 664 99 920 982 413 149 513 738 325 736 285 191 650 90 935 709 764 737 894 850 967 760 163 853 390 519 453 881 748 923 387 172 506 11 188 162 448 709 779 85 633 793 662 968 995 822
514
143 246 765 460 430 40 168 371 303 246 104 676 311 655 971 27 345 481 694 437 141 541 99 447 467 138 434 682 326 214 591 586 886 623 527 462 310 340 434 767 557 660 631 162 512 777 200 657 511 881 813 179 956 514 640 238 833 588 669 170 110 97 670 356 258 153 56 865 524 367 694 214 876 816 911 505 652 425 814 480 322 39 582 804 668 276 422 560 796 292 287 378 236 200 846 53 934 487 263 363 611 71 180 644 956 863 340 893 358 890 495 606 695 874 808 580 147 496 484 73 577 17 28 326 494 296 682 591 519 855 883 851 9 247 361 729 1000 280 200 37 963 322 180 995 52 741 799 464 978 694 384 264 560 515 718 419 453 129 172 420 781 669 953 391 372 536 912 420 752 174 529 615 678 570 373 791 311 941 556 976 487 386 809 202 413 943 46 925 477 319 623 321 412 326 505 438 184 691 503 364 240 870 395 636 33 78 154 511 716 930 235 498 665 916 40 750 835 57 610 895 462 594 424 694 403 268 191 183 272 712 868 498 538 238 239 637 448 878 142 804 682 387 461 42 701 359 31 350 177 7 376 193 547 553 496 437 168 617 86 943 332 235 261 933 584 663 192 215 127 774 198 636 29 682 936 724 255 632 201 703 270 357 155 962 49 900 878 330 768 296 872 963 579 829 412 489 350 817 953 978 451 808 481 660 359 1 507 923 972 193 749 448 762 656 606 625 466 897 282 780 435 824 495 936 237 65 256 411 141 121 475 577 436 790 109 456 999 344 203 440 412 592 27 415 768 153 156 376 678 929 694 913 672 821 25 872 28 162 782 240 824 713 506 884 351 472 980 714 52 219 234 532 523 354 621 523 337 365 875 201 737 171 867 305 913 783 294 52 65 65 334 974 328 732 845 561 513 41 307 500 307 855 167 289 667 606 660 504 403 51 130 371 912 784 765 350 948 81 197 260 353 25 848 383 396 170 290 850 685 138 567 464 153 86 700 59 913 786 606 148 361 176 894 619 304 991 700 466 743 215 929 12 548 641 356 540 68 116 735 864 671 429 297 969 317 247 585 886 565 222 618 949 593 640 343 164 594 805 200 833 140 219 781 805 955 264 725 833 748 96 853 806 756 263 329 530 942 976 163 341 879 912 100 392 704 476 738 932 62 435 939 112 427 518
53
72 387 569 14 249 968 709 742 70 917 593 437 761 902 551 181 21 925 703 461 641 432 411 198 26 838 579 544 471 240 526 282 665 500 190 378 41 337 373 541 744 796 19 733 251 875 102 916 389 519 228 434 585
730
580 365 331 455 412 999 914 184 83 147 141 525 819 286 991 745 415 40 125 835 398 18 438 312 273 988 572 241 493 391 584 539 222 647 142 599 435 9 239 62 753 59 475 179 383 508 891 242 577 175 829 696 263 15 751 145 351 258 258 192 420 917 721 444 36 67 711 505 970 678 959 292 851 669 105 432 543 585 259 575 68 230 952 604 546 851 708 146 868 651 508 113 182 762 494 719 708 982 433 515 515 506 363 46 805 567 176 310 145 317 839 935 734 437 11 600 462 985 42 729 448 534 387 525 931 808 747 894 545 1 339 749 552 825 925 863 542 211 506 170 662 229 265 762 898 231 164 304 382 763 952 126 362 200 53 886 896 700 772 969 582 733 540 821 2 745 688 42 361 175 253 914 399 540 661 177 224 800 891 612 353 961 577 661 292 851 824 411 72 271 640 13 589 547 29 285 559 550 654 877 940 24 159 922 961 258 815 673 216 843 15 579 353 886 236 929 453 632 71 753 737 192 681 873 713 818 815 387 391 594 472 536 972 448 625 951 486 869 618 155 248 136 519 198 751 88 869 33 498 329 754 896 127 99 867 200 53 325 633 837 875 706 735 311 80 263 225 652 787 463 918 320 678 986 433 689 570 696 197 31 498 270 76 718 324 42 802 473 548 356 617 895 519 791 440 860 863 978 882 964 532 691 589 832 924 725 73 708 937 863 451 574 433 108 942 180 766 712 59 762 851 911 169 778 253 744 699 957 613 12 310 642 833 343 78 366 187 19 702 934 179 94 493 200 135 208 665 465 138 852 708 487 93 343 907 945 826 692 476 669 98 846 565 924 637 142 405 709 941 234 523 487 37 390 562 782 181 596 382 594 512 786 317 792 438 767 963 400 27 830 332 446 726 230 340 385 923 453 316 23 523 722 303 321 117 900 53 664 110 62 867 691 194 817 482 307 175 434 31 315 580 106 479 726 548 943 590 191 58 53 6 865 141 991 466 727 414 648 328 102 740 206 105 492 573 282 598 433 844 724 37 692 956 999 825 953 822 77 977 883 586 754 499 851 197 310 467 342 317 612 562 254 652 625 512 990 242 271 145 91 985 979 161 687 457 522 977 761 644 311 763 203 907 279 57 566 786 414 980 834 461 162 415 581 108 726 710 227 791 92 145 527 557 177 812 801 43 984 402 180 248 387 803 281 116 317 613 814 777 134 227 709 497 590 311 427 715 65 714 263 797 792 468 116 112 130 482 482 350 611 485 999 698 511 359 433 110 972 450 69 17 260 209 971 804 967 194 186 319 864 61 140 844 227 56 979 960 973 330 872 333 188 932 108 675 583 639 866 12 37 181 912 176 16 408 167 523 731 203 362 740 713 71 50 271 309 409 923 876 716 461 296 644 854 659 906 424 505 695 258 421 615 218 644 465 272 409 426 940 634 579 354 99 717 351 393 682 10 915 192 521 116 653 18 682 168 358 591 571 861 844 130 854 626 385 361 351 829 242 407 261 974 641 861 595 658 13 420 569 427 123 74 768 649 793 54 54 541 554 639 208 292 983 254 751 247 295 712 121 856 877 166 587 426 240 70 260 878 559 494 43 336 5 230 31 296 289 814 991 724 966 941 707 579 659 127 831 845 939 654 871 955 565 923 984 611 944 598 816 864
496
416 885 393 847 200 418 966 605 683 107 898 915 953 225 80 313 38 136 54 232 247 667 168 372 990 442 700 941 112 293 436 374 852 119 32 522 403 475 501 898 677 363 355 770 474 963 346 203 396 35 268 243 81 140 763 533 414 624 760 571 747 912 485 280 880 244 392 450 403 135 670 743 47 423 349 492 407 26 986 864 935 938 215 96 158 392 184 542 450 321 506 574 414 870 422 678 994 580 711 617 38 365 431 820 967 800 409 723 838 629 100 294 169 834 698 780 200 340 714 774 104 481 13 209 794 57 777 231 528 967 492 615 790 828 225 819 947 545 273 918 981 889 995 464 184 440 56 139 157 504 232 94 732 619 684 613 893 810 610 733 994 366 566 891 655 53 980 393 867 12 728 748 940 536 480 107 789 879 741 685 12 654 474 617 571 168 128 984 989 199 242 33 276 295 526 240 36 476 485 118 264 401 319 945 306 588 223 152 969 35 340 383 857 275 825 431 634 444 856 384 968 217 864 780 666 434 779 86 909 84 121 905 183 283 249 104 71 857 581 708 805 320 29 785 563 527 675 304 857 770 149 757 322 274 124 961 618 388 200 713 738 979 671 203 466 13 591 717 256 385 547 337 556 779 416 49 504 531 470 460 79 577 667 941 752 42 939 629 699 991 373 603 679 269 114 69 59 839 375 733 379 502 416 539 816 292 684 301 108 146 14 510 669 942 163 909 698 602 304 591 889 419 838 891 624 268 200 221 921 872 959 268 684 954 618 268 261 512 654 94 789 155 275 571 837 352 867 317 462 149 844 237 217 995 539 206 244 560 439 202 786 775 307 862 171 9 68 940 788 692 602 266 743 286 290 432 604 479 295 170 212 805 932 623 112 623 975 409 229 121 994 248 13 615 326 837 468 733 858 240 980 312 691 647 127 775 823 309 544 312 697 74 468 946 249 753 337 432 933 786 692 609 978 432 648 341 122 199 788 781 17 588 576 377 874 431 920 357 182 81 722 224 49 863 514 864 941 992 929 182 729 275 569 342 885 492 680 569 373 539 830 273 354 223 5 214 495 166 96 573 945 489 715 518 356 947 965 997 90 575 896 75 774 133 309 610 551 920 559 343 215 180 224 747 899 769
853
763 344 35 171 80 682 576 75 129 1 98 706 83 870 668 561 529 829 751 981 842 722 543 714 668 658 102 851 415 627 107 654 243 455 136 243 426 341 993 566 614 367 667 2 806 763 742 768 682 431 837 8 615 633 735 453 945 16 381 403 568 525 265 49 105 994 550 717 74 799 615 955 533 565 957 270 471 505 609 540 618 315 606 646 182 588 989 176 525 345 618 399 730 642 557 106 7 343 640 826 213 724 644 152 846 483 459 643 237 619 191 553 281 707 779 372 493 697 755 109 599 391 978 339 695 900 696 597 181 953 129 892 722 881 852 298 429 340 109 557 299 380 355 864 749 701 550 878 73 488 31 107 719 643 870 5 243 668 668 130 35 818 987 9 73 773 886 830 792 737 263 277 176 559 63 493 61 127 771 480 295 26 863 921 928 867 755 945 760 62 680 307 732 234 490 784 538 667 854 679 838 426 508 860 521 458 875 978 861 438 33 354 563 353 329 798 5 480 569 330 809 396 935 760 100 278 634 710 941 542 112 945 682 491 354 876 240 868 385 717 953 959 836 416 817 769 694 252 140 201 879 284 717 244 928 63 187 320 841 304 10 47 916 496 570 572 298 82 810 715 534 941 963 902 721 301 328 743 967 712 726 830 913 526 956 617 969 518 51 886 740 338 229 860 783 382 169 747 9 580 805 353 662 788 315 471 768 923 256 369 144 985 880 307 160 339 952 545 837 667 33 18 841 320 104 534 206 471 844 838 548 544 130 583 858 19 649 635 456 289 739 742 672 890 626 945 175 797 715 67 234 479 674 561 434 603 529 146 466 870 138 275 328 910 38 332 357 235 939 262 738 908 9 726 707 598 842 504 857 483 999 554 948 958 815 205 602 537 167 226 403 403 23 713 789 129 27 179 997 851 684 820 314 330 216 950 713 466 574 93 15 314 951 462 614 506 166 242 128 409 547 764 790 466 607 625 383 86 847 88 185 213 833 936 327 71 898 470 136 872 405 772 416 450 972 737 697 30 6 320 284 491 798 584 57 930 250 633 638 767 56 185 336 587 132 64 988 389 454 64 977 665 295 487 694 204 107 530 396 409 457 483 424 898 484 651 752 606 801 214 450 734 850 662 533 243 331 926 324 30 339 116 262 594 669 438 560 670 4 750 427 509 93 972 777 418 358 306 563 570 186 679 905 766 303 509 689 584 796 463 843 953 576 905 523 610 898 10 616 941 600 300 418 864 901 969 916 619 299 826 743 1 290 622 830 190 176 125 152 778 265 174 39 684 915 544 717 304 28 157 730 588 6 797 482 406 834 906 94 134 878 358 183 779 849 25 314 936 198 598 310 802 154 328 833 79 435 901 607 98 669 452 93 862 406 365 200 141 567 669 988 861 597 779 23 449 755 726 451 576 354 278 362 269 545 419 350 860 129 811 707 349 722 604 84 343 187 935 10 47 469 705 852 339 446 265 726 520 424 946 645 802 787 959 873 103 152 597 875 410 766 144 321 996 468 458 432 210 790 950 320 346 820 615 410 477 995 224 251 504 532 997 886 780 214 176 414 670 750 229 525 807 651 853 107 697 35 203 419 6 654 889 386 624 445 70 157 519 952 625 634 726 413 858 914 225 452 547 82 387 750 922 640 614 289 54 478 499 418 622 760 710 117 430 350 6 185 828 642 709 56 290 109 859 78 489 481 278 218 548 561 733 35 201 894 181 632 741 86 708 407 141 700 79 725 14 17 588 893 645 723 676 806 695 543 170 919 297 134 112 638 235 380 763 751 996 834 48 936 421 39 278 535 556 876 365 77 436 314 302 701 108 539 397 604 863 902 483 935 581 774 966 731 391 777 901 737 481 952 385 414 164 289 894 351 390 303 290 354 539 483 297 501 274 641 183 884 699 366 189 645 619 58 173 605 322 678 39 707 817 247 942 949
21
12 460 532 946 898 667 11 580 656 827 120 430 585 464 183 553 207 679 149 141 933
89
224 219 415 540 47 254 308 261 816 878 96 851 278 735 98 69 981 123 26 619 697 721 389 146 209 328 780 932 974 478 930 934 615 988 152 823 684 637 160 615 498 673 354 160 973 498 869 772 216 139 176 945 916 736 942 650 296 828 832 19 876 311 785 293 90 706 134 729 752 828 780 645 295 160 528 742 118 361 222 659 267 57 558 504 574 468 591 749 674
142
256 190 420 885 163 759 121 696 283 58 256 143 325 839 937 353 58 584 180 157 894 966 914 254 526 67 902 850 944 8 936 187 267 965 833 754 971 532 356 309 411 143 22 486 832 88 924 467 484 634 598 212 230 951 639 952 270 141 126 68 989 264 513 32 490 492 247 435 343 14 742 668 721 538 756 898 549 703 679 641 28 602 936 509 51 8 655 608 731 175 783 83 582 907 135 643 559 402 277 149 974 317 961 460 38 501 420 756 629 451 399 767 367 948 723 992 503 748 639 990 445 374 635 461 658 493 9 745 793 349 330 952 262 535 300 375 214 873 560 340 463 433
174
559 748 563 790 126 158 260 283 577 756 200 789 406 694 979 975 6 409 800 682 573 510 95 958 362 704 835 248 21 263 359 429 328 942 134 315 312 734 760 597 381 28 645 797 591 473 61 167 737 700 951 251 504 562 932 276 570 737 638 658 142 255 5 231 223 336 143 49 670 922 286 192 88 276 643 756 366 482 228 927 899 614 144 87 448 370 296 369 728 228 356 681 747 596 687 738 743 895 921 184 972 432 392 245 269 894 211 754 859 36 537 15 29 128 29 697 600 905 400 285 454 143 746 876 785 78 423 257 683 246 927 431 92 793 207 51 810 805 884 441 706 873 294 821 4 808 624 399 149 628 352 526 998 358 779 182 359 835 528 645 677 339 821 383 330 747 968 746 564 312 670 902 328 809
38
271 419 879 430 204 343 811 314 188 137 506 967 463 989 331 682 568 550 756 261 816 726 461 865 742 407 235 293 343 490 819 366 10 432 631 623 80 317
826
284 881 559 708 970 77 41 459 625 245 148 235 561 65 162 761 27 364 385 512 916 406 131 479 589 991 346 598 587 779 75 752 385 881 523 410 664 139 859 669 4 207 922 219 111 952 782 431 970 464 264 934 786 954 647 577 562 390 157 670 802 63 768 397 655 986 784 410 210 311 844 112 680 891 889 760 369 108 158 675 855 924 1000 572 78 653 174 777 128 386 424 58 225 25 691 53 141 980 113 897 367 772 588 797 520 153 464 199 41 69 219 618 62 161 663 98 265 981 840 601 189 315 392 318 891 864 734 655 761 626 434 450 132 349 373 959 930 708 137 834 118 479 526 138 170 482 494 825 453 969 812 565 237 211 889 900 332 56 575 511 376 180 795 813 466 225 854 229 877 675 398 660 623 181 782 386 513 649 234 849 615 741 828 462 118 995 198 737 609 923 771 317 24 890 584 295 474 995 699 725 716 126 831 485 102 27 570 507 611 82 137 905 576 716 485 217 637 647 124 11 792 541 143 830 116 809 473 417 170 703 971 751 88 731 675 746 102 346 615 85 264 558 560 279 720 139 148 616 476 863 134 211 963 522 727 34 62 390 530 773 14 423 359 480 95 853 621 637 52 670 188 352 99 895 528 518 94 128 369 277 859 806 275 458 965 584 109 745 45 464 258 743 679 516 959 276 513 810 574 736 748 268 517 163 966 103 692 186 340 795 239 523 703 289 790 175 678 519 346 259 313 958 777 289 22 584 89 394 398 159 478 652 806 335 151 410 702 916 891 43 592 850 550 429 837 66 978 621 6 873 458 733 38 349 174 24 368 860 654 200 618 604 239 446 413 30 720 198 331 622 338 816 867 588 814 423 210 915 911 769 975 335 798 153 278 485 805 189 704 488 643 878 281 216 116 597 216 772 267 448 284 516 575 286 796 797 751 383 581 252 73 932 61 804 135 172 425 796 396 272 497 183 573 658 641 816 667 552 244 735 997 540 195 46 486 123 833 312 817 543 852 864 181 542 14 264 72 421 608 114 531 117 237 490 286 325 319 296 222 264 833 256 507 16 794 635 546 881 214 267 370 868 239 201 376 147 855 884 681 689 519 975 94 491 374 172 240 788 591 223 204 903 571 209 926 932 661 991 272 823 846 388 583 737 564 360 216 633 722 11 333 496 878 827 470 266 877 333 421 147 924 103 30 220 9 769 561 573 490 178 130 679 343 678 180 399 87 939 188 499 519 617 741 761 367 440 662 57 588 850 364 480 150 637 243 59 425 356 56 754 850 953 427 697 919 634 318 473 928 190 987 877 429 672 170 955 742 251 583 32 652 853 600 676 415 514 866 471 582 711 104 751 907 136 224 890 382 673 799 537 339 621 216 707 514 68 161 781 842 115 145 958 44 69 829 312 148 651 112 423 255 289 650 637 149 851 575 234 626 675 549 544 663 358 597 503 196 472 109 402 250 608 131 712 225 936 153 304 698 227 264 766 959 738 891 240 593 489 723 443 982 405 706 506 659 205 698 718 848 31 803 129 120 82 825 42 797 849 34 47 622 963 799 19 924 971 592 230 686 84 794 83 601 418 546 105 432 156 740 467 604 719 400 985 998 88 128 740 945 879 808 59 55 689 695 984 309 240 843 291 791 279 579 655 81 647 421 862 948 536 126 129 189 342 322 529 641 879 766 958 214 214 257 733 746 204 577 105 416 3 992 263 7 60 484 195 734 526 6 592 304 747 498 882 168 408 647 836 756 948 775 352 183 400 402 790 888 939 960 963 742 529 798 57 353 404 621 666 700 230 952 633 890 856 613 68 851 654 890 896 840 865 678 897 893 881 298 396 100 131 272 592 530 134 778 288 439 493 302 333 384 700 946 801 883 244
793
161 993 407 5 995 821 213 345 665 916 476 196 416 691 387 638 844 93 707 501 451 206 164 482 163 988 432 518 507 190 913 78 316 587 201 969 455 731 890 209 264 11 785 869 539 506 28 965 927 707 792 174 393 793 250 513 157 185 160 122 129 398 282 302 636 383 654 398 619 26 757 205 251 65 731 360 104 539 822 143 90 51 591 435 657 404 25 783 660 347 694 38 767 212 238 458 952 876 578 772 936 930 457 844 415 509 213 470 57 319 728 197 704 33 240 754 487 239 32 683 883 558 833 263 434 751 638 168 31 372 319 453 98 151 735 138 628 373 231 556 590 908 161 137 155 699 273 35 720 445 123 609 403 475 847 613 919 583 22 430 313 274 177 542 769 195 133 572 721 353 761 450 522 777 826 72 971 702 968 615 796 772 243 73 78 225 576 206 726 940 610 998 426 709 111 203 207 330 860 93 694 257 676 157 292 651 349 329 989 636 241 117 58 193 707 719 184 691 983 451 492 684 380 198 486 421 526 490 935 532 40 962 23 146 731 818 344 192 672 191 673 862 693 933 574 707 945 935 198 265 51 725 312 308 584 520 181 161 87 870 819 163 732 577 295 634 24 690 308 1000 433 87 664 902 953 839 434 674 90 625 771 133 469 538 206 828 581 185 817 95 8 207 149 729 948 642 839 495 247 538 67 434 26 774 7 287 774 708 247 43 800 515 213 374 977 581 560 461 874 841 486 922 425 150 923 243 906 246 178 995 628 356 312 859 271 418 567 340 156 406 352 293 163 188 829 210 977 598 758 78 895 594 654 17 278 439 366 838 523 207 836 767 534 253 740 642 625 386 25 442 38 911 349 53 457 151 818 604 606 547 889 873 948 283 252 776 289 463 133 2 29 227 781 787 143 576 271 185 358 724 690 566 698 488 673 664 571 325 151 745 853 911 510 804 890 633 230 854 499 414 701 715 971 392 839 913 736 679 507 172 177 206 428 491 439 713 157 34 574 470 154 136 26 296 652 306 371 803 354 650 76 916 397 950 864 386 242 613 431 366 91 405 367 452 643 538 2 121 923 245 774 765 141 897 453 330 129 671 436 997 481 162 486 16 242 749 638 496 927 230 211 912 662 791 75 612 539 951 666 228 251 31 634 707 652 497 116 810 72 30 258 797 529 77 421 351 23 976 800 662 695 426 322 134 779 920 899 341 407 31 896 244 210 804 735 372 168 34 703 295 696 938 313 804 377 573 864 253 803 760 963 414 857 426 323 398 163 567 303 337 324 331 205 2 370 378 459 362 65 260 248 838 326 861 825 364 374 894 773 845 868 449 9 909 924 649 905 797 62 136 446 306 724 723 264 560 734 815 194 883 407 37 305 404 559 761 374 699 294 99 223 906 904 922 316 448 186 115 819 978 822 14 462 575 788 474 984 528 753 169 825 622 875 245 942 365 741 376 934 769 42 982 804 717 955 710 898 87 906 215 479 118 618 944 666 236 205 532 234 688 669 525 1000 527 403 82 285 866 39 167 124 979 646 482 137 646 854 691 727 403 50 81 652 116 337 397 384 670 519 869 810 921 83 573 710 860 396 554 361 134 957 555 977 659 624 427 914 325 33 980 501 526 573 369 970 412 503 998 52 313 932 817 478 662 973 614 125 106 894 346 916 104 317 762 300 390 85 364 315 327 469 466 708 602 456 150 516 440 579 446 836 347 975 577 218 590 179 430 564 78 600 298 553 951 527 114 498 263 574 420 974 494 447 418 533 830 835 947 163 478 389 985 293 584 848 213 493 682 238 732 885 256 895
435
938 974 175 780 222 424 889 558 772 234 452 324 357 767 932 198 404 245 958 96 398 452 78 219 234 568 296 1000 878 140 38 829 788 333 31 155 409 364 138 142 787 408 322 783 426 36 606 858 842 891 348 615 259 74 725 503 739 292 500 652 122 91 756 312 791 181 108 707 520 827 173 216 299 1 880 603 131 843 413 623 398 761 804 708 356 350 725 43 425 360 979 220 108 751 640 820 634 528 750 733 778 306 417 384 300 530 279 271 718 976 844 268 655 294 468 986 993 200 325 595 566 345 696 327 198 300 884 82 128 5 56 622 168 665 797 936 284 118 692 981 813 399 732 710 821 954 128 618 529 424 673 644 830 603 712 592 708 388 398 382 773 559 477 770 348 63 162 562 557 521 772 507 508 743 763 544 30 767 36 107 901 808 57 492 762 317 629 849 427 521 669 179 343 869 931 259 837 921 729 471 639 515 445 344 333 937 88 846 239 378 517 368 672 954 195 44 550 624 839 386 174 631 299 61 415 311 63 749 60 440 863 515 301 856 771 307 224 833 484 202 121 686 404 922 717 762 877 315 720 134 822 583 394 79 996 14 116 417 378 678 713 606 835 104 913 667 653 312 323 337 285 958 826 405 819 915 798 524 958 294 132 255 679 962 858 879 980 189 976 474 816 119 613 15 821 220 264 105 971 414 780 421 22 152 608 141 620 102 186 572 377 859 476 557 804 810 523 267 249 176 660 513 415 758 923 896 641 276 882 923 211 907 76 515 284 806 124 39 521 875 686 636 776 660 751 548 323 470 507 155 171 320 720 29 452 756 346 62 536 64 801 818 297 320 186 528 830 488 631 608 816 435 86 77 441 460 565 924 85 927 584 9 628 871 671 187 633 579 412 66 727 863 112 296 539 233 19 210 424 606 91 917 484 32 770 327 265 351 67 130 736 804 213 620 33 652 542 338 60 606 81 31 266 610 643 737 737 485 164 96 946 245 515 214 892
789
412 596 306 59 501 844 843 196 925 870 404 8 150 227 915 313 637 636 887 537 461 297 473 795 310 117 654 989 945 411 919 537 88 950 885 147 347 642 419 58 753 931 176 958 153 549 261 509 115 872 925 534 635 165 990 757 239 825 230 755 565 973 61 483 256 337 9 578 834 837 697 49 615 496 469 467 622 150 713 89 330 808 882 626 141 15 876 593 866 807 368 402 148 412 388 993 141 162 932 330 878 313 605 557 191 554 365 308 619 345 811 501 119 597 145 358 544 602 161 160 373 151 67 941 624 139 125 80 9 591 586 178 514 52 865 909 157 671 873 763 214 878 377 83 27 979 796 962 30 261 706 356 251 601 822 510 103 69 256 132 809 304 82 517 754 573 573 910 357 544 734 262 344 691 684 151 997 776 457 317 236 183 523 843 384 559 769 191 306 493 411 405 927 185 778 606 491 362 394 985 330 807 1 642 270 992 720 392 393 458 54 752 148 757 14 994 268 510 575 557 480 462 146 170 596 9 904 6 874 43 79 961 843 184 925 504 773 778 855 881 407 657 944 709 820 779 27 182 61 978 632 498 990 806 779 242 58 603 44 159 157 361 421 636 872 395 823 935 899 294 864 944 364 581 231 766 706 774 165 183 593 454 201 284 68 358 684 457 348 868 911 204 191 50 777 247 362 82 1 514 603 834 770 60 882 824 563 666 584 35 867 937 993 41 136 637 544 804 924 630 153 930 980 702 868 24 270 710 181 115 775 277 953 860 497 172 444 127 302 20 698 691 421 853 425 390 903 44 465 270 936 98 37 754 835 657 302 972 388 138 877 460 943 351 36 771 355 450 844 106 120 132 956 548 684 523 353 444 879 428 201 200 950 380 542 308 64 130 150 537 141 391 124 622 963 119 472 725 271 153 971 401 854 555 248 725 948 498 810 927 270 687 139 553 947 813 850 912 129 779 910 242 442 90 369 458 562 584 244 575 937 250 983 496 31 716 8 665 853 980 953 718 43 163 641 326 769 210 625 778 466 972 468 945 966 210 974 497 724 923 359 348 751 402 322 660 829 492 783 998 26 399 404 317 194 752 325 590 618 252 40 188 687 424 359 780 238 185 181 848 674 228 595 633 202 810 374 850 39 944 586 738 603 91 151 496 557 676 731 687 666 717 959 231 806 741 669 722 842 796 569 388 417 261 689 240 779 603 384 180 62 928 285 860 869 79 677 298 207 831 448 2 669 420 953 210 527 749 313 948 602 5 644 650 113 724 777 455 34 888 639 899 747 83 508 747 866 478 235 288 123 940 587 371 179 591 172 185 193 702 444 685 621 996 327 827 740 994 644 409 731 673 616 682 978 777 61 964 893 972 365 718 727 82 535 274 610 156 408 813 618 16 35 34 7 711 196 77 625 235 309 406 342 990 451 281 23 68 898 42 238 491 652 104 532 844 180 17 82 23 358 373 609 59 800 953 257 801 446 36 525 759 719 748 60 464 251 826 41 654 758 917 327 643 942 337 168 265 876 357 952 309 74 385 693 713 917 66 591 456 521 41 805 743 497 18 211 968 448 428 719 430 968 427 13 603 283 126 934 664 616 999 191 526 110 484 390 268 111 278 380 376 107 740 240 152 574 591 198 63 274 58 725 977 91 203 658 935 580 102 752 361 319 119 657 512 929 64 239 594 820 51 643 795 904 402 807 915 789 991 784 361 870 939 628 378 8 212 14 358 408 66 246 585 803 412 65 267 139 684 408 500 704 510 234 742 497 441 940 51 365 736 815 25 503 584 714 107 394
697
950 403 1000 206 322 173 168 984 288 911 218 751 664 132 393 943 504 681 667 378 176 318 370 595 620 718 707 878 245 800 190 964 203 775 27 62 222 627 976 179 378 963 466 290 128 76 993 878 656 577 307 965 698 971 95 745 635 99 764 996 177 196 484 42 780 93 169 1 524 751 230 603 398 558 54 147 649 940 61 479 293 685 528 7 425 230 460 788 302 380 134 998 811 202 588 296 7 828 163 22 208 101 155 219 923 444 949 637 468 651 255 779 567 494 453 857 603 933 456 764 861 979 855 794 939 156 691 481 672 853 4 399 370 362 757 345 90 912 429 707 403 209 16 870 629 890 608 968 778 603 167 591 138 67 235 500 445 356 999 510 875 657 766 31 417 12 183 805 361 40 18 914 405 926 208 379 376 218 585 174 829 538 702 998 535 934 86 511 728 998 456 109 423 835 720 82 582 646 367 14 937 435 252 910 488 645 318 485 801 331 5 362 984 972 721 540 149 135 817 422 533 509 236 83 466 299 411 527 482 961 411 26 964 426 16 823 441 231 350 94 238 333 175 870 577 187 729 716 935 696 644 775 620 350 675 763 914 848 142 798 989 598 669 719 50 959 89 516 113 863 720 130 276 711 785 182 936 958 341 284 152 31 180 692 155 644 723 525 846 947 440 885 89 824 555 601 689 285 288 374 143 252 174 633 839 632 326 509 579 672 950 994 635 444 728 29 222 813 249 196 319 803 952 147 742 831 333 522 373 657 85 123 422 110 297 434 94 619 57 815 771 733 938 49 429 276 402 997 211 426 898 572 281 437 768 19 69 413 969 591 263 384 599 909 136 188 731 222 262 920 304 963 993 865 483 842 9 331 419 140 484 516 770 515 998 839 776 173 949 954 310 581 507 750 243 473 99 737 329 938 831 474 736 274 299 732 467 489 884 984 880 924 63 149 263 453 981 448 674 544 555 981 14 341 130 507 112 482 506 716 55 854 997 201 357 138 849 474 678 622 266 452 382 871 532 464 96 222 345 262 966 113 774 184 724 250 908 45 91 788 201 255 742 99 219 16 958 428 192 350 80 214 394 10 659 44 826 593 488 195 28 54 426 600 904 999 246 921 690 24 141 864 934 738 512 117 468 293 429 883 528 706 802 11 903 686 411 614 227 184 225 858 274 239 807 602 637 907 893 416 871 634 731 400 458 548 263 351 550 576 790 144 181 483 199 761 159 897 618 93 385 385 253 589 141 608 461 51 640 967 875 354 8 90 228 319 453 314 42 414 533 144 791 537 448 812 421 979 223 965 997 708 215 425 648 912 918 82 86 868 533 330 645 832 209 453 68 519 150 191 164 510 812 299 525 847 393 718 608 739 354 957 956 240 748 849 522 354 922 428 449 244 476 115 374 104 930 381 640 62 66 907 749 615 637 246 66 609 847 295 921 972 731 761 14 363 778 574 7 605 389 319 848 556 918 603 242 557 265 503 968 688 381 400 451 444 786 955 863 226 507 620 866 816 939 877 209 719 766 356 840 412 886 28 438 99 52 945 658 361 71 852 391 871 530 248 680 97 563 609 300 976 82 668 756 178 541
176
524 785 673 677 79 781 950 17 306 408 966 767 57 936 365 913 200 759 189 614 788 524 623 581 1 25 337 641 566 268 73 536 396 25 114 823 544 115 368 18 87 578 30 635 392 91 446 724 775 637 745 195 198 326 244 963 218 449 672 975 78 279 651 608 872 971 26 224 978 965 972 987 920 184 488 5 1 996 168 50 506 146 836 527 680 916 588 385 801 252 583 918 510 696 27 392 205 262 163 682 829 531 355 312 453 951 704 396 972 179 453 196 557 872 963 223 15 789 439 712 268 180 144 707 714 320 746 89 215 959 630 324 339 69 114 977 641 410 506 538 164 676 802 77 924 665 57 289 695 44 422 503 120 211 269 643 600 435 915 959 484 852 339 777 780 868 302 482 776 150 709 283 891 699 456 2
318
675 366 838 36 367 480 888 248 74 903 346 87 385 962 961 399 314 719 68 759 717 1 256 203 236 806 85 294 222 63 276 212 965 163 509 835 391 644 138 696 624 449 320 274 808 84 226 567 119 359 688 467 744 674 61 893 31 986 516 559 971 207 593 290 171 59 40 153 749 759 39 896 2 786 362 399 292 859 109 867 491 478 417 581 521 427 581 254 138 313 287 751 221 670 605 975 939 292 530 700 306 332 257 809 348 571 699 486 332 380 475 178 945 109 59 904 247 674 987 628 301 910 548 715 810 190 909 467 286 587 253 3 85 917 505 283 208 729 484 973 240 855 946 540 832 999 900 907 159 612 150 640 799 408 820 411 753 214 702 745 990 763 316 867 461 251 61 868 75 117 400 515 613 278 156 26 818 876 110 113 501 210 522 273 728 837 961 506 962 135 203 721 710 776 944 204 853 443 944 484 705 383 166 16 270 701 355 742 384 577 545 402 833 298 260 112 244 802 453 367 980 91 473 820 93 260 205 114 154 163 589 696 773 692 878 208 397 866 403 690 806 746 395 918 700 618 970 208 156 574 660 711 217 427 506 966 967 86 972 586 188 511 851 543 14 971 114 694 139 809 200 989 522 323 17 281 175 815 405 113 311 50 820 156 623 834 198 194 53 431 114 359 652 319 854 490 611 641 595 194 194 151 405 402 651 892 328 87 441 71 725 435 799 968 585 159 416 849
504
849 795 388 425 195 242 167 943 485 876 851 537 924 360 355 163 316 555 900 934 373 494 445 952 763 428 251 605 369 593 112 744 409 793 10 740 888 548 144 287 989 280 342 267 78 371 150 794 220 301 416 547 850 147 859 47 294 640 251 717 626 380 147 843 611 759 974 652 317 234 542 161 416 661 431 922 80 21 872 296 95 364 245 798 363 193 786 141 252 694 63 569 583 737 212 912 255 940 969 409 727 228 470 522 751 157 904 937 363 224 116 705 773 993 231 793 144 941 612 821 748 929 285 582 768 809 435 658 906 787 619 170 998 828 423 631 39 638 71 561 200 332 83 107 514 968 990 833 796 783 761 153 827 951 792 749 716 895 576 151 579 364 114 534 786 762 250 939 169 867 148 467 764 308 447 360 71 827 392 183 947 506 348 749 14 799 528 489 368 188 289 3 571 764 267 948 655 465 262 870 383 425 676 387 751 192 112 848 436 563 858 226 124 362 184 776 637 676 948 683 569 302 286 287 417 578 560 389 590 630 514 638 553 979 265 392 193 71 181 921 778 317 724 647 218 124 330 62 470 539 63 224 709 886 540 21 473 358 212 713 980 556 485 29 595 962 454 918 44 685 222 400 360 624 53 666 285 252 36 913 694 636 978 255 480 727 776 488 954 787 747 835 475 647 688 469 228 105 965 487 932 607 368 378 427 841 506 977 736 659 847 170 255 96 608 782 876 199 603 228 518 802 212 935 1000 965 598 587 184 829 195 424 726 342 758 553 686 569 184 553 604 622 552 750 299 517 908 746 180 587 217 483 54 750 850 812 124 598 159 651 354 252 781 244 721 30 626 216 563 102 383 960 111 130 237 384 264 181 486 944 716 762 697 693 55 172 449 837 667 56 777 401 780 62 5 996 526 358 104 838 789 204 54 52 576 247 365 673 336 251 947 286 805 579 774 278 8 732 506 720 187 702 396 311 342 874 360 989 649 366 928 776 918 678 464 257 923 437 578 575 406 623 135 996 814 987 503 19 357 254 687 49 901 366 877 54 578 423 171 562 795 827 459 308 273 847 214 642 911 512 62 141 155 391 221 197 298 905 927 767 534 652 358 14 332 445 574 266 947 994 857 766 336 10 644 430 832 35 765 86 228 453 330 489
340
951 166 998 140 82 640 543 311 779 779 133 610 275 718 854 652 3 574 465 466 236 901 424 20 578 619 36 964 437 205 961 28 345 553 569 195 934 326 148 735 387 828 347 366 693 132 612 653 553 200 417 336 182 539 562 192 202 146 192 962 145 62 727 488 194 787 383 874 116 972 300 407 266 549 284 885 591 480 338 185 336 828 464 336 215 272 187 423 672 484 162 988 54 485 227 311 1000 21 75 478 650 469 89 185 845 589 965 380 623 848 757 31 381 950 411 748 933 28 406 769 362 648 429 318 21 695 960 753 31 338 80 55 230 848 573 885 185 971 238 433 149 707 122 162 482 900 353 798 942 337 793 783 859 518 365 249 753 754 569 942 680 185 649 572 348 973 970 880 167 24 995 325 620 661 450 845 789 860 791 521 902 106 427 11 187 987 616 87 533 341 419 864 424 17 458 730 801 227 933 640 306 294 603 938 616 314 908 283 623 721 171 730 389 554 738 871 701 938 487 809 22 879 261 889 657 871 52 101 160 44 626 762 780 399 971 58 547 54 32 177 160 398 504 23 620 649 917 725 813 410 957 228 875 151 265 81 17 891 560 745 481 135 425 974 518 625 926 424 645 556 665 92 744 773 379 616 259 174 859 357 943 173 720 106 255 161 976 224 18 353 768 945 933 187 36 822 762 104 315 549 522 828 664 757 364 52 376 253 765 570 614 314 988 256 149 975 992 227 483 165 680 627 583 840 791 605 511 704 909 542 892 109 382 331 683 386 537 214 891 407
555
734 478 668 495 115 958 137 887 667 576 980 937 780 925 37 335 165 567 848 160 351 879 279 723 449 92 475 802 421 330 778 725 31 615 440 568 241 341 300 334 943 64 492 236 792 808 971 28 280 218 993 997 846 191 379 335 148 704 262 303 533 610 132 304 259 951 813 810 737 881 945 680 961 542 147 318 484 731 231 109 542 253 185 745 640 840 185 361 635 518 420 992 757 853 362 821 896 844 143 791 909 366 297 669 704 144 135 626 499 925 368 980 914 430 818 21 534 670 655 912 252 292 809 691 208 133 237 700 879 413 910 644 11 491 384 893 516 780 894 680 796 747 969 703 228 559 647 184 154 569 515 92 81 396 651 601 201 773 651 212 96 516 441 11 679 864 26 895 547 172 164 330 526 569 392 316 452 291 672 592 538 191 374 512 68 696 390 458 927 357 10 443 860 27 308 708 868 588 883 875 845 973 388 134 862 557 445 37 942 571 793 451 703 399 74 79 867 785 413 229 222 268 52 443 98 716 748 530 842 225 984 331 581 493 751 143 214 691 945 256 505 714 241 420 808 633 136 445 454 811 380 313 52 951 641 727 708 506 547 698 513 418 635 442 58 502 899 414 407 681 943 7 128 857 738 31 702 255 582 43 809 220 317 17 21 180 803 15 24 260 251 943 831 747 353 373 48 84 15 353 927 116 692 423 818 497 969 350 730 943 407 82 116 399 209 713 261 716 331 830 871 727 461 255 24 347 790 55 202 101 266 486 778 55 602 74 917 75 95 796 2 297 703 687 675 921 755 448 350 305 981 552 175 993 722 666 425 745 796 428 185 971 237 379 299 490 944 395 860 324 764 322 351 831 337 665 831 634 288 915 455 208 381 700 285 745 436 182 188 591 611 113 394 829 273 911 625 363 422 560 96 825 502 649 595 544 935 377 366 193 302 905 658 628 603 92 449 30 136 169 451 534 501 336 509 548 667 814 937 579 292 883 597 272 875 163 253 196 147 436 609 33 352 142 926 160 976 685 58 747 322 115 944 772 514 592 122 284 361 699 821 555 922 14 780 679 65 927 946 495 1000 147 978 11 956 26 933 960 463 397 352 231 862 774 911 670 381 88 439 236 686 715 874 604 801 369 81 446 593 874 820 128 36 427 278 437 981 531 788 398 463 266 348 586 928 389 284 181 173 585 463 305 246 766 736 523 687 255 586 423 943 121 440 1000 741 330 626 617 612 230 942 937 952 265 915 211 722 693 102 809 953 135 798 119 694
687
897 316 608 434 529 729 632 545 187 788 422 471 660 45 869 171 368 29 498 487 748 607 185 379 970 156 125 214 102 556 291 359 395 753 847 694 697 398 980 497 920 2 922 631 625 687 680 480 876 493 257 677 584 553 590 819 351 221 863 103 851 939 823 330 930 463 97 336 602 844 278 216 474 440 460 895 382 742 151 192 624 782 930 27 21 459 706 222 225 23 70 857 192 32 150 373 460 855 16 619 464 258 635 428 840 610 690 542 1 495 741 992 49 924 902 336 104 131 917 648 773 614 323 340 637 182 477 709 565 369 484 857 641 494 217 885 798 147 661 793 864 487 261 558 480 294 209 197 8 441 672 472 951 555 198 282 597 444 29 848 918 779 142 520 580 491 302 349 487 601 781 744 967 760 948 104 865 528 880 386 388 517 273 578 27 503 345 540 278 881 338 612 102 884 381 924 410 661 454 407 762 459 459 430 896 553 573 712 505 353 615 891 221 842 290 221 259 384 879 511 139 648 230 201 556 355 628 390 702 178 627 137 814 10 690 990 820 898 892 899 854 173 216 281 600 781 992 178 272 771 56 789 505 691 855 307 688 640 443 560 567 255 978 721 294 913 311 378 908 631 440 448 304 123 505 806 951 781 117 272 292 774 20 168 262 416 4 587 408 166 701 12 554 811 49 186 562 538 256 68 698 36 975 362 580 334 677 18 858 649 262 85 306 775 938 281 896 297 832 873 919 54 262 430 601 805 175 241 935 379 299 873 961 748 505 632 508 529 314 492 737 283 129 139 953 633 209 315 441 960 295 134 833 679 267 140 643 866 581 420 873 932 172 339 966 927 454 968 443 368 703 757 385 896 280 551 266 282 483 239 999 927 192 345 486 41 139 352 258 942 2 200 693 621 700 116 985 599 972 737 428 865 583 59 864 236 810 555 640 718 170 229 480 389 860 292 731 646 139 727 468 410 93 283 842 628 246 809 161 849 530 315 773 491 561 934 439 662 186 723 700 211 534 847 660 840 289 314 60 836 862 920 901 463 230 197 430 191 178 807 930 894 64 19 154 382 872 229 156 149 539 143 439 166 827 271 782 297 872 238 598 106 413 965 321 886 418 679 859 756 101 881 57 276 191 816 278 358 93 711 495 357 446 234 862 974 350 894 423 782 662 555 305 275 350 71 265 327 440 875 294 162 942 840 966 187 446 805 37 736 457 927 977 468 445 241 130 425 330 968 555 501 51 683 638 648 311 929 691 856 101 260 760 175 956 987 450 428 7 858 561 261 744 827 293 876 302 105 42 154 28 455 640 535 127 939 599 602 187 525 343 411 381 933 336 695 232 517 971 799 984 779 895 523 645 833 1000 931 876 519 287 426 572 347 904 647 69 33 776 451 614 130 21 808 332 356 323 371 256 913 710 756 654 582 200 436 144 478 453 899 523 403 898 208 947 614 845 770 611 686 344 659 184 816 766 655 762 556 641 469 111 575 961 466 579 611 204 229 272 819 421 547 475 685 215 579 152 194 537 183 795 219 456 874 436 932 897 310 871 76 539 617 95 127 724 557 768
134
986 370 801 110 605 802 406 500 692 835 798 946 763 441 565 91 840 129 461 743 140 935 33 749 956 947 513 954 116 230 607 660 99 267 198 388 661 817 91 900 696 120 991 413 394 245 810 927 408 782 290 550 256 5 688 108 176 829 968 476 52 374 972 790 430 1 75 303 480 905 81 971 705 574 117 442 328 969 86 511 694 933 854 156 162 47 178 697 403 893 465 903 649 743 196 706 63 17 303 168 419 445 305 369 432 162 279 107 6 878 516 172 252 935 339 66 669 184 397 161 338 845 198 496 887 554 344 46 118 647 139 99 847 442
380
906 402 643 332 554 904 727 832 653 292 709 910 810 363 655 720 81 848 694 140 545 256 960 453 615 728 714 684 278 258 500 312 736 573 769 543 993 966 757 908 557 508 801 692 465 367 772 640 413 264 149 387 521 535 973 197 380 152 99 792 272 237 482 476 18 82 674 967 839 967 924 59 704 545 898 699 960 110 471 599 952 924 68 507 415 66 801 908 392 59 488 231 529 343 175 547 589 313 976 129 97 82 578 637 616 660 874 43 205 802 578 421 799 920 675 276 407 968 639 694 227 256 452 727 187 342 215 552 48 318 629 449 436 867 268 126 58 507 97 735 399 564 261 578 971 163 826 434 701 605 861 659 755 307 61 174 21 125 608 459 372 908 290 314 754 553 266 219 550 28 416 525 265 958 555 874 807 251 493 359 442 944 662 297 96 921 657 414 227 352 316 466 544 882 886 635 436 981 268 412 622 673 903 986 900 695 275 16 614 218 650 33 751 457 452 759 919 126 164 773 633 168 857 424 875 351 229 376 618 36 579 561 120 89 252 291 708 950 259 465 632 715 442 708 292 247 718 955 896 189 345 742 637 94 440 708 197 454 687 195 922 457 638 385 76 973 321 627 595 111 371 193 610 967 443 129 745 424 899 838 562 897 833 434 414 739 744 125 110 872 87 114 165 696 62 440 122 85 97 182 360 777 473 642 254 540 275 314 948 739 655 141 760 579 494 451 295 772 239 328 451 1000 641 513 999 427 681 836 209 494 52 780 473 590 903 590 509 549 268 233 97 651 633 896 778 945 693 17 996 697 355 386 325 548 56 773 318 224 34 564 157 872 700 315 520 422 100 752 146 107 9 481 580 319 747 381 37 657 885 84
419
450 815 972 305 611 51 703 85 590 262 620 481 235 717 535 877 141 377 236 219 10 604 555 492 938 453 474 736 817 762 257 632 119 862 231 287 947 462 172 804 779 23 154 508 769 5 441 574 709 331 439 683 392 732 840 496 292 514 662 142 452 283 768 773 936 742 197 973 664 827 364 928 796 986 540 480 685 825 608 350 727 495 465 675 829 825 72 487 503 193 653 234 392 204 977 835 917 589 18 21 135 956 834 138 431 827 601 421 736 717 564 536 421 753 845 757 433 239 9 181 219 258 404 420 871 624 681 461 406 256 141 427 525 331 10 700 507 99 397 668 215 442 724 613 896 361 969 165 750 619 353 759 641 511 667 783 248 924 673 778 360 222 667 419 561 359 295 353 611 456 738 24 565 742 797 597 883 122 782 804 408 593 387 603 568 754 713 89 407 885 319 582 285 133 695 431 268 166 172 478 884 976 910 101 142 933 16 189 598 949 26 890 780 619 37 82 692 678 789 937 782 719 941 220 458 66 894 251 632 438 376 152 83 700 427 812 797 314 405 72 376 395 162 893 226 991 882 470 915 782 455 437 206 298 130 25 554 870 34 75 114 156 305 51 251 625 589 88 606 242 533 69 538 833 661 716 48 242 554 418 723 920 888 80 652 894 424 953 124 600 888 838 731 10 269 390 294 740 946 859 503 549 728 141 820 513 236 508 559 964 702 538 386 22 208 59 577 50 633 441 32 317 384 138 130 350 299 292 570 199 439 759 327 734 893 743 488 119 71 571 776 148 558 545 323 492 176 32 997 519 872 614 507 747 667 203 247 978 875 770 299 28 967 948 249 845 198 923 151 497 817 826 523 637 397 930 532 775 217 539 422 944 692 703 356 152 256 208 477 667 575 502 158 90 585 617 827 538 951 742 206 260 761 561 690 72 417 277 61 835 488 441 705 183 562 30 474 722 283
817
289 678 393 935 588 512 955 695 963 131 613 730 764 279 814 730 183 79 680 460 133 30 460 136 674 610 625 41 239 49 951 354 538 471 844 760 807 199 742 799 520 118 482 901 431 206 983 244 200 437 72 153 810 500 464 783 860 332 400 618 22 461 209 897 994 327 290 465 50 588 816 931 233 826 968 11 482 28 297 269 368 48 894 572 586 916 305 361 63 54 127 223 514 883 983 439 980 13 716 98 821 868 302 266 990 316 610 784 405 122 632 986 320 739 192 795 320 407 247 870 688 254 4 405 149 755 90 708 86 493 192 79 857 440 66 813 966 743 668 371 432 695 255 349 654 157 59 682 317 814 613 379 50 856 426 709 780 908 928 182 977 44 540 276 592 646 835 621 759 660 199 304 214 127 464 299 265 390 402 742 308 718 989 142 275 986 364 936 966 235 364 760 764 747 889 260 515 324 836 447 580 567 946 765 330 993 509 218 71 582 61 634 22 968 43 430 596 177 7 97 132 588 699 845 238 161 661 452 62 643 884 872 489 44 922 964 561 485 196 878 629 532 864 24 108 243 410 218 353 379 669 884 520 102 963 156 503 999 146 886 37 333 769 93 495 750 386 121 856 613 951 757 288 597 125 651 96 103 404 126 987 917 958 232 978 359 618 853 553 852 79 560 467 695 588 292 501 292 671 738 947 35 519 133 744 788 472 389 114 78 657 396 799 896 48 94 730 148 537 697 662 92 524 516 832 300 689 145 517 294 46 357 470 694 162 790 704 102 724 790 91 299 627 824 811 477 917 718 212 409 710 936 165 466 606 494 608 664 145 915 355 215 213 217 226 569 50 197 509 703 730 210 24 175 738 172 55 130 764 472 450 558 784 93 278 666 850 36 113 338 693 829 312 445 673 937 359 471 835 862 59 193 565 61 901 84 817 666 578 255 866 188 227 439 547 127 565 1000 720 10 195 376 698 851 771 306 998 3 189 290 480 867 710 957 409 873 922 437 7 131 453 601 482 462 844 760 289 246 608 297 647 335 197 344 635 990 679 919 918 547 689 566 139 251 405 254 164 883 39 645 711 549 530 971 445 434 501 923 334 964 769 904 977 563 241 770 873 429 724 995 591 831 337 357 37 988 216 804 474 617 280 101 869 773 740 663 424 91 65 78 249 575 275 112 345 489 562 406 126 23 143 805 390 282 138 98 627 432 769 75 898 891 962 660 376 428 840 666 141 297 591 117 116 977 473 851 566 611 348 755 156 708 24 234 798 455 601 941 874 428 880 709 183 257 940 103 795 270 343 733 48 152 531 639 154 251 469 155 26 443 136 681 632 772 450 592 590 300 171 256 863 113 78 540 298 830 476 161 401 454 449 330 301 521 137 297 258 404 585 237 989 285 967 506 942 825 12 69 298 723 305 952 923 403 157 131 464 863 640 907 159 706 412 593 561 41 642 690 723 541 344 390 842 469 386 240 235 25 641 83 827 78 130 969 827 16 499 394 195 151 903 202 615 312 976 44 205 604 214 385 269 440 739 790 171 366 538 372 375 847 310 15 501 629 810 645 970 324 446 723 499 250 152 535 910 357 117 54 613 432 732 982 454 21 111 273 980 877 94 290 140 196 555 515 360 539 625 882 131 46 742 158 659 235 509 477 947 299 954 843 263 403 294 249 379 64 76 600 448 528 370 681 447 355 665 252 557 693 373 325 524 54 448 343 578 905 841 588 639 650 317 243 395 699 442 680 576 198 540 895 218 411 606 230 344 395 843 686 831 854 160 325 7 61 613 419 995 841 569 584 984 141 405 680 554 763 81 495 842 428 797 380 357 103 99 546 205 457 741 924 795 290 79 310 768 867 42
653
254 790 496 984 116 576 36 484 321 144 916 289 194 97 489 389 82 10 815 764 35 38 798 35 289 951 837 420 732 827 588 691 276 734 82 501 61 504 73 634 431 227 728 455 533 156 773 624 462 165 785 985 360 111 393 368 907 828 299 155 464 997 967 458 863 900 94 609 149 387 3 241 408 194 93 322 69 220 642 717 773 114 488 781 413 244 518 994 374 73 465 204 43 415 922 934 450 190 762 686 941 629 103 416 620 274 777 219 410 782 177 873 758 537 866 410 918 513 445 639 110 334 105 133 823 538 873 190 320 455 751 126 915 310 952 180 973 532 981 781 212 925 1 173 511 597 482 620 506 904 539 677 842 841 745 289 917 664 594 197 798 493 140 332 595 40 801 709 49 383 929 806 523 684 208 284 559 338 912 776 666 643 843 315 103 542 631 580 317 44 224 562 438 957 473 423 309 399 626 424 837 746 929 570 72 726 49 205 901 848 305 66 199 355 422 903 265 972 30 844 623 74 954 683 198 893 769 653 951 934 471 332 487 947 954 867 215 431 812 171 640 552 147 617 460 305 853 761 981 132 104 946 234 852 491 758 202 744 521 175 683 676 322 826 141 504 603 954 399 854 912 304 339 377 688 899 485 384 127 192 831 628 302 600 182 254 267 915 433 766 374 879 731 598 940 369 736 760 373 831 272 998 94 512 155 33 401 821 565 791 7 770 521 316 727 975 888 444 510 523 887 442 874 657 310 468 750 747 649 489 182 601 105 369 137 463 324 889 854 908 215 829 132 411 678 309 138 347 77 233 535 552 342 19 66 953 260 307 459 278 775 33 651 528 240 937 442 811 290 197 503 249 542 720 495 756 341 829 772 931 613 576 641 179 250 419 729 583 389 112 913 828 610 688 658 600 145 851 361 36 565 333 677 989 558 113 975 498 86 827 648 513 816 954 838 569 559 735 173 696 393 181 131 772 114 563 486 928 123 857 415 836 530 443 687 784 32 584 356 710 480 913 673 711 921 57 83 880 61 563 192 152 951 456 606 71 362 288 429 42 293 335 508 853 241 388 219 549 898 543 967 522 8 589 403 469 173 203 188 831 488 98 116 229 335 353 605 435 714 152 690 135 810 45 15 556 64 762 86 147 18 629 176 839 699 884 415 568 903 456 139 119 695 511 941 915 729 182 881 498 115 5 62 614 577 429 428 447 667 840 826 806 475 329 896 316 467 828 640 577 670 201 136 672 443 965 823 568 362 895 99 465 128 620 727 972 730 563 26 199 422 78 192 793 26 665 89 102 56 707 606 597 332 90 587 980 561 873 333 312 371 754 800 339 405 807 456 508 668 728 686 588 74 704 557 654 872 656 15 81 145 764 52 581 727 916 97 985 411 130 721 249 906 331 190 103 640 844 597 804 52 299 455 426 778 478 454 231 408 868 844 354 382 197 588 704 337 573 218 469 457 19 675 850 394 741 225 52 941 465 442 670 613
105
314 754 652 186 987 365 516 805 351 162 105 1000 310 302 364 890 681 981 978 897 883 710 71 390 295 298 379 464 29 601 190 120 44 642 128 419 625 447 737 536 723 937 163 763 45 733 358 667 460 48 423 345 665 64 410 557 307 778 961 118 613 530 331 872 500 502 978 293 312 924 501 365 496 856 815 592 708 853 996 35 860 647 977 188 386 348 521 190 987 895 762 980 35 266 484 275 90 226 788 885 26 324 140 878 512
620
105 526 574 525 428 85 246 124 697 601 215 79 184 353 213 1000 19 265 509 252 468 987 191 487 56 556 927 203 304 719 450 152 278 174 822 902 255 244 918 261 819 907 538 48 793 13 705 368 731 152 620 535 563 550 750 561 352 817 445 469 700 507 956 793 837 974 813 318 695 529 349 572 751 185 730 233 340 400 24 737 926 628 223 707 677 55 442 126 724 983 827 508 163 333 437 184 390 922 319 526 254 441 265 800 613 664 132 738 594 691 814 750 746 420 513 627 468 136 721 631 637 563 42 398 320 814 603 778 931 562 634 904 77 380 425 676 915 224 303 125 64 902 512 171 204 205 628 292 348 927 751 383 988 555 667 646 948 767 831 398 873 607 122 520 719 959 428 479 322 737 827 449 602 306 912 164 602 666 271 560 949 152 284 660 893 65 336 14 591 393 50 946 46 91 229 47 387 191 843 227 444 11 938 705 690 779 302 572 508 841 13 826 541 239 565 298 324 912 931 836 341 362 36 867 600 623 95 459 405 184 245 171 170 901 215 47 981 731 24 217 664 830 359 341 203 431 738 177 405 898 18 531 592 86 953 639 378 74 491 546 74 900 491 675 279 759 782 712 224 651 189 215 198 989 875 660 789 64 634 156 499 358 243 398 615 371 363 46 493 218 101 95 846 77 336 233 545 135 93 259 207 465 517 264 362 994 172 620 359 364 611 774 859 370 122 731 860 368 77 244 863 242 177 253 163 494 460 26 322 233 263 18 758 684 374 421 178 187 293 749 229 27 217 751 234 249 581 403 452 125 809 161 541 42 79 277 182 623 386 563 1000 408 823 874 810 637 367 504 169 241 232 28 287 451 819 697 560 771 891 428 609 486 18 943 90 538 34 440 402 479 190 469 557 345 422 72 756 258 378 864 895 130 9 166 616 158 886 709 158 496 886 463 776 624 544 614 676 661 583 843 24 618 22 205 746 720 23 989 315 463 641 471 237 399 445 922 754 191 240 630 995 757 786 656 49 739 905 993 107 284 245 571 918 307 424 595 949 762 669 413 183 428 578 13 438 727 622 125 319 454 49 29 820 534 651 372 68 169 337 518 251 993 891 183 339 276 729 662 246 940 604 821 60 552 568 101 665 202 96 615 731 589 506 172 527 177 919 643 670 737 212 121 598 288 172 384 991 280 781 167 452 686 898 49 979 254 50 344 602 422 724 169 890 706 368 581 93 383 719 41 666 905 501 269 307 716 910 127 698 746 14 964 439 869 275 412 922 288 476 591 924 296 168 677 242 239 444 616 482 177 432 650 647 410 553 419 77 730 56 816 981 124 101 254 770 893 742 945 116 101 440 188 323 124 345 175 226 250 140 197 54 476 295 636 189 82 903 720 316 61 59 137 870 556 534 865 501 365 150 994
250
438 311 733 981 213 98 754 348 594 698 181 756 647 298 509 829 768 937 755 627 127 410 207 75 786 544 10 912 640 790 950 528 781 205 740 476 740 442 133 972 346 234 28 215 31 418 132 248 36 229 227 76 906 779 522 590 593 444 84 367 780 426 521 731 164 131 289 117 983 337 455 442 433 782 649 232 868 60 891 650 749 265 69 536 130 369 155 118 975 269 71 38 409 117 967 468 33 363 710 264 97 783 841 619 982 292 735 34 440 979 891 575 831 495 389 931 977 525 212 468 68 732 518 613 268 400 884 430 812 575 151 150 145 224 562 145 246 378 160 316 139 718 111 459 109 643 194 531 308 18 616 772 205 272 471 386 555 191 283 593 174 145 936 180 160 21 942 246 200 838 349 178 428 660 80 846 417 339 4 350 516 633 745 581 682 54 731 417 123 783 131 44 51 785 836 467 764 502 937 135 609 532 352 3 639 135 946 566 304 478 592 548 182 228 793 71 916 208 694 313 745 535 50 989 336 570 378 384 813 726 43 428 343 258 631 186 177 565 534 973 750 602 363 772 430 687 960 190 306 423
965
133 171 484 405 750 17 66 433 644 276 987 248 760 516 808 723 822 509 85 778 676 59 366 108 779 897 769 532 189 623 751 809 191 876 738 14 932 478 196 542 493 987 468 220 119 487 708 418 159 818 163 170 247 243 100 431 484 388 747 384 589 60 341 877 60 129 722 620 30 798 334 602 211 765 265 531 281 461 564 186 156 681 135 746 135 24 540 525 801 651 438 605 732 681 940 529 182 405 192 588 116 997 90 154 86 702 865 987 7 941 713 663 148 898 190 757 202 604 193 548 165 708 977 6 187 413 355 207 907 457 8 799 448 255 319 53 123 251 821 48 44 785 762 795 553 141 819 165 942 412 633 928 62 559 233 739 698 828 626 390 716 790 494 423 314 776 6 141 584 267 32 21 298 170 582 116 463 955 854 287 421 669 532 839 184 100 892 605 846 20 370 740 155 624 55 821 143 821 7 581 547 526 634 183 565 197 548 374 42 103 303 699 11 874 756 538 448 397 473 876 992 801 310 655 837 16 347 406 544 623 239 462 907 789 73 251 684 826 394 117 437 153 917 513 92 217 214 616 699 953 225 648 210 490 527 447 192 464 954 416 3 414 269 737 795 337 998 423 681 289 397 860 718 704 817 413 870 779 241 544 139 454 890 732 571 389 360 617 315 2 12 556 511 809 780 749 895 586 196 143 214 349 269 629 680 474 981 650 711 961 428 801 853 929 767 378 120 404 608 335 556 441 890 769 684 472 234 588 400 740 208 313 491 308 767 846 976 656 323 29 486 716 740 834 362 362 625 749 825 869 691 850 479 704 494 347 76 438 443 287 263 827 816 651 365 714 175 110 104 235 649 20 251 236 434 382 294 657 593 150 62 174 563 107 700 990 466 842 691 634 510 184 953 324 735 480 627 773 152 339 121 762 708 725 318 864 772 385 235 531 20 847 721 261 693 230 610 890 926 292 334 365 804 309 991 983 851 422 779 183 608 993 539 896 127 544 123 2 64 468 762 862 503 170 761 583 602 215 874 256 890 405 429 59 736 759 399 124 495 386 563 127 403 880 541 54 225 546 805 511 385 980 822 427 140 758 710 610 676 33 989 987 523 879 586 99 191 690 750 926 81 677 102 330 370 246 143 273 48 93 475 529 282 915 905 259 367 810 744 295 104 594 141 813 75 892 816 303 842 850 467 171 673 593 316 767 283 802 731 693 471 959 318 383 680 503 925 782 749 257 729 688 419 250 518 857 196 638 940 600 693 886 30 452 378 643 38 609 389 686 378 298 581 307 708 218 742 566 629 16 872 138 402 942 81 533 89 373 300 675 811 440 35 397 482 32 578 943 58 597 718 572 318 603 58 25 614 787 908 442 901 696 961 851 282 325 111 764 712 407 1 307 774 636 624 170 913 847 560 428 502 789 450 553 600 486 935 680 912 858 472 880 753 298 765 165 990 360 299 538 297 24 174 684 607 42 999 684 950 196 433 882 842 198 109 139 256 994 132 604 896 981 559 46 261 659 139 938 426 982 259 718 539 229 2 780 38 653 554 493 415 56 138 958 649 160 517 783 993 20 910 157 575 835 601 719 986 948 528 693 354 653 592 738 879 590 958 475 216 880 836 185 359 514 579 873 41 36 38 246 888 942 793 3 162 1000 806 114 395 438 165 138 752 18 282 879 56 529 220 814 583 538 651 257 910 741 126 250 614 784 869 685 575 570 660 595 243 898 876 426 386 783 100 781 695 878 928 83 842 178 213 566 482 204 416 418 165 73 597 933 602 468 161 492 838 913 928 4 144 343 554 149 288 686 237 288 5 598 247 340 479 37 722 225 380 730 17 669 596 845 419 811 761 244 750 71 794 257 210 788 227 572 700 328 553 277 194 311 802 532 994 959 99 160 540 757 771 981 471 153 371 853 795 710 769 239 805 972 794 623 882 498 778 706 137 874 930 102 538 6 160 752 239 785 254 830 845 634 609 155 365 690 552 164 591 849 47 721 106 371 436 434 291 220 501 507 462 335 590 418 71 293 878 567 449 334 433 819 933 714 638 728 863 738 435 488 634 135 5 697 351 489 958 846 837 775 795 697 197 876 280 916 810 742 839 901 993 86 190 179 668 124 206 974 439 801 723 318 508 108 169 267 386 592 535 593 269 891 718 483 863 828 159 184 892 242 191 401 254 124 326 363 943 476 886
775
638 716 643 165 871 250 685 581 1000 309 154 622 904 665 519 568 342 146 408 558 446 551 476 390 142 419 145 115 248 693 527 887 902 392 743 218 624 493 355 377 91 362 310 75 437 81 893 339 918 831 616 167 820 397 296 664 299 701 214 657 240 897 35 873 998 311 951 120 825 794 893 388 62 7 397 799 146 896 667 187 19 905 20 240 206 497 453 732 415 672 817 16 397 770 769 666 707 496 274 724 339 891 235 780 575 961 684 376 370 288 83 342 539 488 755 300 816 899 397 114 329 451 110 14 628 531 219 226 100 131 887 854 648 355 366 479 112 147 615 588 867 587 793 143 84 213 523 31 670 622 750 157 629 243 557 941 731 179 26 284 363 157 468 355 672 547 829 815 642 941 6 983 946 879 115 834 305 411 842 637 484 138 472 977 516 238 428 756 205 481 50 111 549 594 862 963 456 827 96 944 298 252 753 821 163 531 757 267 159 411 90 168 795 637 772 265 893 458 278 267 855 757 340 814 659 43 708 611 553 939 995 702 466 992 938 229 212 224 889 807 30 722 492 271 751 947 609 452 290 188 433 799 822 430 495 786 243 98 64 863 680 644 739 633 189 964 878 954 406 98 877 127 985 7 706 302 806 482 829 425 628 329 746 233 6 884 361 545 62 78 856 321 522 70 252 625 307 684 285 290 833 545 804 775 122 918 997 49 225 83 190 574 726 314 410 377 318 720 894 184 855 477 236 450 110 917 532 631 961 963 655 267 983 497 992 231 167 83 739 552 299 348 585 177 771 404 23 381 209 881 520 185 398 931 828 374 162 153 260 296 107 159 687 701 269 823 186 263 269 603 72 682 356 872 864 405 925 927 659 269 291 489 301 795 510 678 337 579 761 302 846 106 945 21 557 391 849 998 275 699 68 465 703 113 593 891 615 780 782 481 921 951 615 325 198 555 853 643 139 271 924 654 174 250 123 43 209 716 45 595 693 164 387 595 848 745 277 955 453 908 268 477 883 380 792 574 420 128 973 338 277 481 99 854 929 551 782 465 882 909 863 286 144 198 795 136 391 672 612 984 926 59 82 270 587 372 596 660 437 563 475 626 813 886 647 325 847 159 14 605 122 460 211 561 670 819 617 807 512 220 886 211 848 178 314 79 46 864 781 641 645 92 915 830 615 929 360 709 801 743 41 779 132 357 928 39 464 439 23 761 256 259 217 848 423 166 365 556 777 766 18 82 695 878 973 825 184 401 311 65 351 737 503 325 332 248 348 254 413 449 847 578 334 488 782 69 997 166 857 121 280 211 659 607 829 549 75 748 819 548 63 479 39 983 303 328 160 250 878 618 743 296 935 320 912 43 362 815 25 500 91 589 658 828 939 827 175 372 438 34 502 125 199 178 200 917 609 857 842 788 489 458 21 10 391 63 513 204 201 504 743 850 801 944 96 100 934 588 202 398 432 566 598 950 847 401 97 904 627 815 863 778 743 47 47 95 958 123 390 846 991 868 188 871 196 765 833 971 609 469 565 67 275 756 970 601 541 617 588 867 961 138 230 627 263 813 82 364 231 726 37 995 440 995 640 393 343 402 83 185 98 464 876 875 691 666 752 829 901 603 888 666 790 613 945 325 426 676 448 285 482 351 950 978 580 758 214 231 835 220 35 633 870 61 952 51 832 384 132 915 364 644 8 202 672 837 94 642 806 233 25 110 987 340 770 97 374 416 525 511 562 441 677 774 569 184 280 927 148 489 622 289 192 369 277
396
458 778 554 442 490 416 248 906 200 499 562 85 712 411 341 229 208 101 43 239 992 557 150 488 426 587 803 748 691 150 787 990 407 646 903 468 979 242 448 671 276 463 93 174 720 494 270 952 881 852 124 308 260 479 715 6 971 29 307 530 403 68 214 452 253 847 198 850 381 967 918 411 311 845 531 553 421 900 961 580 27 681 483 430 34 517 195 309 470 627 489 587 301 363 131 166 211 770 443 833 273 69 713 146 580 815 479 403 586 387 221 601 391 992 972 170 120 984 426 815 375 698 550 101 435 790 251 242 636 927 301 895 885 575 593 289 981 861 670 908 823 506 362 127 535 356 604 328 168 132 766 729 684 567 20 221 461 723 650 320 877 595 49 736 493 20 833 589 854 209 66 527 219 879 852 189 677 298 504 503 197 202 627 164 655 58 34 721 223 900 907 988 372 85 423 184 106 454 603 741 222 362 621 254 229 704 825 556 190 79 519 790 420 403 647 719 545 945 393 494 442 748 117 574 66 894 818 808 195 86 205 877 949 577 460 660 509 852 586 623 639 434 245 978 896 22 380 470 84 6 283 308 624 468 879 921 158 41 580 906 189 954 89 434 590 423 492 152 328 459 591 341 827 738 331 314 218 581 990 40 878 183 767 193 411 289 452 694 312 261 170 832 167 15 779 292 553 206 433 406 243 452 530 183 127 259 341 170 563 568 382 290 14 788 184 327 776 12 980 999 887 868 863 722 640 217 368 147 401 117 185 440 264 830 870 128 496 134 267 978 162 618 840 869 777 46 441 955 25 284 868 599 399 418 554 505 2 512 604 446 780 546 52 63 571 701 396 775 161 98 259 685 65 652 974 15 28 37 691 357 122 132 663 808 300 6 616 496 990 302 935 963 901 282 898 602
985
233 600 929 911 835 802 566 733 580 276 640 418 589 228 728 761 304 266 595 461 51 169 796 409 696 823 8 508 581 553 486 902 630 283 322 687 349 993 734 494 959 570 976 323 7 647 388 39 413 651 545 247 17 241 109 778 497 747 498 287 643 149 455 960 650 35 714 915 613 375 230 743 651 972 467 467 482 889 293 394 981 3 74 160 87 722 825 179 873 833 783 501 663 262 754 520 863 99 158 367 90 160 64 490 335 430 794 777 673 754 119 398 708 132 749 713 239 313 395 829 6 156 808 822 759 48 726 270 252 513 176 843 671 751 971 823 554 302 378 748 474 523 781 607 180 443 244 396 57 133 875 633 868 164 9 733 602 493 650 677 39 780 866 253 252 119 291 199 19 223 26 390 888 28 276 398 244 482 966 281 848 927 369 358 491 128 630 245 193 379 743 771 864 65 75 396 461 439 233 812 233 680 673 688 810 10 504 957 634 675 143 692 856 917 937 397 484 18 846 695 645 949 185 190 431 610 419 179 138 751 837 181 662 801 958 135 685 907 41 975 381 488 652 564 245 716 927 823 949 763 903 489 255 451 634 276 516 372 426 695 586 410 137 282 665 476 242 35 769 320 827 511 537 20 633 27 440 287 246 410 332 146 639 183 392 19 563 184 189 563 470 929 946 9 274 624 104 131 619 967 687 129 66 445 99 249 749 394 528 670 417 979 816 216 656 340 388 541 514 902 103 951 281 127 652 800 204 458 166 322 118 162 603 574 461 536 546 942 305 780 530 243 986 371 833 898 885 507 168 504 816 798 275 69 323 410 64 875 938 718 117 394 833 72 464 473 934 8 614 462 54 676 784 964 781 604 836 596 136 732 668 280 555 968 844 195 198 750 111 533 634 185 107 542 867 429 645 112 186 919 906 476 981 964 625 245 102 113 139 721 422 668 971 87 226 782 320 975 210 712 1 72 145 212 491 278 462 72 871 875 352 351 129 868 901 717 986 954 842 720 144 692 354 874 628 183 644 577 393 295 81 819 286 960 754 407 165 518 275 104 351 880 473 717 461 753 37 94 88 477 113 886 812 650 805 109 290 744 664 288 810 963 782 252 456 816 483 531 193 120 938 867 333 348 138 574 660 838 116 726 285 879 136 935 312 992 272 854 303 960 716 466 810 512 723 367 117 135 361 524 182 826 72 379 943 972 653 319 413 711 247 432 96 986 635 88 267 924 474 806 208 446 146 11 617 670 146 391 281 325 36 872 63 903 486 306 636 439 246 464 695 738 906 969 294 377 908 124 656 84 429 123 132 298 946 218 254 15 161 813 242 509 742 843 748 619 175 206 698 64 20 326 996 789 878 744 295 741 332 92 579 312 137 554 516 679 626 330 521 351 453 382 189 869 910 613 4 481 731 213 385 563 963 817 295 388 1 464 34 908 779 785 338 717 529 882 762 269 284 399 933 247 933 284 646 965 30 412 60 582 316 576 151 514 590 686 613 356 782 571 113 198 771 598 15 208 663 606 227 655 425 496 871 611 504 702 793 467 864 672 582 304 118 960 812 611 470 809 768 403 677 477 228 762 377 809 547 556 6 902 308 74 324 933 764 805 884 289 721 202 832 510 390 604 159 459 425 669 226 788 123 47 972 463 657 458 902 784 528 485 98 230 77 997 886 178 872 915 931 787 581 827 210 463 676 922 98 229 410 499 396 179 348 555 820 108 573 709 729 872 218 562 924 343 415 393 733 696 817 385 306 418 165 83 54 683 374 266 373 56 650 356 336 133 22 788 748 15 734 329 378 597 37 362 32 40 997 986 889 569 511 289 594 484 133 485 12 572 613 767 115 857 884 798 259 731 303 139 565 937 787 964 619 249 279 221 542 131 647 129 562 328 815 858 709 783 156 328 424 998 152 790 871 550 559 639 365 885 178 283 669 37 375 617 261 291 936 866 265 367 116 413 588 221 907 907 929 564 178 801 209 636 678 633 901 631 1 847 869 849 806 5 595 121 739 490 515 463 27 371 973 19 227 267 613 79 494 982 815 874 720 371 736 743 717 27 887 115 58 917 555 240 543 921 826 540 475 950 245 491 383 349 83 478 93 782 236 266 662 979 842 800 21 740 949 91 824 52 780 702 497 476 933 836 556 772 185 526 952 924 115 312 70 359 411 811 293 662 320 684 969 966 45 678 295 262 481 86 274 704 50 353 450 805 638 544 689 137 920 308 961 356 474 351 992
346
615 741 877 698 593 516 186 521 990 754 320 62 381 539 343 14 454 267 12 760 611 500 287 596 248 110 255 786 477 206 718 820 304 463 66 647 88 294 546 209 397 15 842 310 278 115 312 854 945 837 687 838 404 311 715 458 401 897 12 130 468 186 914 721 21 74 920 179 773 448 488 724 376 310 346 160 306 370 472 117 407 485 342 817 841 236 774 365 532 773 553 938 80 421 494 394 176 296 455 897 803 73 105 167 823 30 882 174 401 508 28 230 860 478 856 342 229 892 379 60 103 598 5 875 546 383 92 404 503 942 533 90 195 676 587 188 538 929 532 336 4 504 747 623 730 244 852 272 394 410 937 72 448 682 873 970 72 180 119 127 613 354 623 772 696 151 694 382 667 325 790 346 307 941 788 7 692 625 423 662 492 426 782 316 319 330 266 274 588 574 378 414 275 709 771 156 779 872 339 676 107 394 229 222 942 898 18 731 346 966 526 922 219 157 131 347 533 249 108 578 870 174 862 735 131 605 169 376 423 123 148 31 257 422 941 705 825 854 96 651 384 554 371 797 666 835 408 740 334 522 583 778 697 38 336 166 782 586 400 934 357 939 693 521 534 319 53 808 429 30 880 990 470 248 450 997 124 115 879 256 416 31 265 59 897 19 702 40 868 527 427 314 105 571 840 974 818 315 874 614 832 713 27 211 74 188 442 942 2 199 909 312 458 713 391 613 866 674 577 452 622 460 57 450 701 515 279 222 67 853 612 787 761 108 466 948 708 155 876 89 682 112 328 942 560 491
270
896 844 406 431 693 346 864 797 711 176 290 541 779 103 20 972 531 446 741 253 546 403 977 867 396 721 81 725 938 118 564 741 99 104 876 981 943 46 16 841 321 997 536 975 692 585 313 274 780 26 904 496 745 991 78 749 984 69 938 956 514 646 264 680 835 35 936 304 166 829 682 592 528 385 187 361 180 801 161 718 791 972 156 378 140 728 75 121 617 394 657 205 238 349 187 930 393 59 441 223 990 157 993 96 993 475 521 165 837 531 474 648 613 402 810 417 699 606 846 208 38 193 882 407 969 100 342 21 148 334 419 526 764 755 418 387 459 446 836 779 858 708 651 413 119 149 442 857 234 841 442 495 727 813 664 47 544 534 651 775 582 407 283 603 277 890 371 601 800 585 473 573 640 332 117 214 695 71 751 926 228 87 523 389 514 50 294 732 404 679 651 302 794 200 21 23 420 578 28 414 417 104 266 317 517 955 548 556 600 335 451 798 792 290 452 554 592 169 13 787 759 335 546 889 2 379 739 647 347 412 634 914 266 409 354 772 712 521 480 597 172 317 290 97 45 767 805 747 69 358 77 793 786 560 296 237 643 872 628 593 96 484 254 701 872 967 475 134 326 662
246
33 273 573 684 777 334 401 695 228 700 111 734 423 413 432 611 366 240 681 169 314 397 805 700 70 154 838 903 647 134 26 676 220 706 866 603 231 241 757 920 569 432 677 97 761 217 841 637 10 538 446 460 673 758 896 108 925 57 101 923 605 984 385 144 915 21 981 635 718 273 252 481 936 889 892 176 124 270 357 43 870 489 75 156 683 714 267 464 515 285 353 135 87 50 725 883 781 893 879 696 56 318 451 648 364 466 817 278 93 719 571 344 345 683 909 120 327 871 289 846 128 880 495 726 2 714 384 579 348 399 88 297 673 588 971 30 979 75 838 324 630 161 610 111 872 312 722 310 23 934 526 226 728 668 616 104 685 748 935 355 256 801 210 131 99 414 496 687 232 644 246 108 147 216 245 216 6 481 245 785 433 543 122 167 134 376 343 884 756 735 879 139 954 106 58 142 264 111 730 209 937 42 687 268 667 134 436 485 809 116 593 785 517 873 924 3 850 515 203 969 532 414 262 694 116 638 604 408 322 533 290 999 415 326 896 784 135 431 829 628 334 749 163 843 294 805
886
711 341 208 760 589 485 950 649 609 745 287 480 975 980 199 101 826 40 378 640 35 406 580 753 937 329 909 316 939 832 679 773 37 251 530 104 366 938 633 251 903 225 692 699 560 105 317 691 384 93 661 552 719 681 825 275 221 836 407 617 403 180 236 257 803 109 368 165 471 723 860 769 279 779 360 729 836 173 242 629 26 192 535 542 836 90 683 193 481 132 154 844 398 177 131 32 654 908 546 800 33 751 824 718 26 715 196 281 972 403 353 755 40 989 132 379 273 259 217 294 549 506 185 717 280 977 55 573 202 983 585 397 141 546 970 486 186 980 649 246 227 607 335 18 944 761 728 303 318 812 832 179 572 821 267 293 396 411 602 500 846 130 870 781 819 174 925 940 441 510 266 985 251 762 202 683 131 788 787 155 354 163 706 310 623 981 853 314 903 780 324 769 556 378 265 160 175 359 922 761 385 788 516 714 670 276 946 182 276 192 519 346 998 859 272 701 108 117 329 191 748 478 101 956 346 486 572 890 605 218 868 687 947 308 577 945 401 883 278 199 34 614 52 27 437 178 224 688 480 179 274 648 924 130 865 376 829 549 654 118 422 157 820 860 212 686 473 799 378 20 161 654 391 889 579 456 48 465 946 941 737 868 165 56 461 493 216 546 278 64 530 634 339 174 547 504 787 941 806 123 477 833 750 293 365 301 584 126 614 584 309 397 428 302 918 205 732 104 354 976 878 785 214 507 417 502 549 797 888 451 598 414 533 508 39 577 974 356 978 727 539 407 857 259 469 98 754 502 986 416 847 305 847 66 533 750 472 684 632 504 682 671 913 912 238 456 133 419 925 885 482 618 493 179 28 476 475 605 194 609 779 211 812 507 331 806 355 842 669 147 982 449 236 347 142 26 427 937 159 136 339 131 919 114 688 491 369 623 693 952 79 961 556 349 879 577 726 978 818 919 642 196 544 882 188 891 172 799 592 377 904 251 1 769 348 706 847 200 228 496 415 669 889 605 899 325 134 180 118 998 24 519 210 748 669 883 56 665 922 867 282 812 756 431 39 179 143 416 365 996 591 804 619 771 629 619 402 199 768 356 870 479 116 236 692 503 246 463 712 199 633 224 458 432 642 203 319 486 985 828 848 536 142 475 976 410 214 528 461 784 805 701 977 948 708 385 185 680 815 174 123 956 411 835 579 711 6 657 989 687 605 224 171 651 781 702 735 770 137 981 536 482 401 527 686 329 907 88 474 936 254 12 455 196 998 805 289 23 671 837 792 138 898 702 673 336 885 902 799 616 219 758 234 208 497 560 470 807 593 461 445 786 202 912 372 498 686 815 311 450 570 814 302 194 880 365 651 193 392 525 1000 671 803 391 587 831 60 351 714 270 953 896 222 530 644 422 502 865 235 52 597 967 542 733 157 705 491 40 930 933 258 988 468 335 33 862 531 971 423 452 107 944 543 98 185 389 652 190 490 599 582 663 496 428 969 545 828 159 346 165 537 147 961 357 348 169 152 114 152 686 350 184 745 397 884 169 278 125 69 459 938 808 770 168 910 624 261 315 35 476 66 952 107 593 16 342 966 242 64 659 601 84 190 43 840 276 646 172 355 983 106 174 26 787 792 907 328 621 508 561 514 871 78 100 375 553 1 92 278 857 328 302 191 30 344 981 330 55 254 406 602 902 953 42 271 892 455 458 508 652 158 249 788 752 149 960 572 452 917 431 261 982 110 181 712 109 951 948 842 943 335 830 657 78 417 866 908 281 236 749 596 687 697 57 387 290 86 39 125 259 912 748 675 260 955 16 186 634 250 69 455 359 676 580 156 298 457 148 755 694 584 629 235 319 244 214 109 933 499 851 174 24 301 145 312 196 437 895 845 914 118 94 825 202 904 329 240 709 70 169 464 139 12 708 730 132 644 802 332 205 260 905 731 15 424 552 874 881 272 818 80 974 863 194 2 981 926 920 127 576 785 668 527 147 234 421 773 848 289 716 548 70 923 656 824 758
439
28 557 364 669 806 297 245 529 378 745 67 395 821 290 118 931 381 933 408 528 499 627 271 49 253 370 607 921 829 633 579 975 684 760 571 886 756 947 446 101 95 868 414 818 611 266 312 144 255 243 638 658 752 238 273 582 3 449 725 614 583 246 595 360 611 966 165 43 928 153 556 45 925 822 594 785 49 321 390 705 401 972 402 467 372 750 842 887 235 533 429 97 403 377 818 805 581 233 997 779 671 454 896 516 569 995 481 843 363 617 135 819 690 250 609 943 131 920 225 532 280 731 747 817 725 821 960 886 935 915 538 478 958 659 757 946 179 90 90 543 65 233 530 36 537 433 885 184 486 859 329 777 158 517 254 125 230 968 368 780 773 358 24 845 808 231 326 402 813 359 625 672 311 385 924 191 469 260 423 913 834 363 127 9 473 224 263 705 893 792 871 236 767 431 595 987 159 310 65 29 939 463 999 944 568 339 204 542 141 823 884 323 265 42 544 928 398 324 96 933 621 914 120 836 795 721 301 437 172 485 65 593 859 89 246 844 644 815 609 730 610 609 849 221 133 550 336 533 480 903 266 409 144 437 861 513 965 739 477 80 746 252 190 825 360 522 937 301 752 61 892 942 44 561 416 382 791 605 82 434 630 605 245 752 42 689 442 976 768 232 143 357 553 108 112 912 160 228 662 724 21 271 771 689 40 211 469 979 648 872 739 723 519 378 508 775 452 450 110 988 223 770 136 366 336 406 819 397 371 643 214 393 452 324 220 83 923 277 393 212 916 303 392 669 693 465 904 284 517 447 164 211 995 3 93 788 999 866 459 778 209 345 833 425 800 610 3 316 237 30 655 94 833 780 132 81 766 791 924 478 493 473 149 781 876 831 580 511 831 662 577 885 422 524 659 695 649 115 85 612 561 514 644 389 781 200 167 506 331 402 511 469 270 88 241 568 113 227 353 175 590 76 843 695 843 484 842 863 344 969 911 450 171 462 309 406 794 500 371
377
108 857 9 608 657 272 405 288 698 104 546 814 420 784 499 422 947 526 152 564 730 583 421 686 828 930 816 322 853 675 588 679 859 953 660 456 94 676 425 497 299 941 931 646 783 269 598 179 620 872 620 68 785 827 111 433 981 358 620 879 4 405 565 797 341 887 197 714 905 887 876 383 857 768 219 392 909 502 856 655 515 303 114 444 408 746 214 856 531 115 322 604 329 753 673 47 234 600 246 830 364 21 65 456 1000 915 535 213 613 322 305 824 353 210 458 698 416 694 99 509 135 609 83 41 942 37 509 446 741 747 904 599 627 939 586 934 889 116 626 861 394 143 867 991 427 89 668 167 249 176 249 899 594 601 440 54 112 571 852 942 233 140 129 109 449 673 924 613 973 677 112 40 844 803 254 683 298 675 897 465 462 928 686 789 168 402 860 133 290 759 295 421 103 643 618 372 188 41 515 516 375 677 448 559 424 561 661 503 867 85 398 381 336 500 169 638 108 116 773 824 390 63 128 805 703 148 970 561 208 140 177 251 713 52 679 413 724 43 144 126 839 687 126 637 153 420 594 985 365 241 960 420 930 409 849 541 108 301 655 965 368 476 572 439 88 76 4 581 44 471 24 722 694 4 560 211 221 58 928 462 278 694 970 93 884 879 28 606 947 739 229 746 825 99 760 390 634 845 940 149 198 909 460 354 448 523 513 666 365 793 854 679 890 280 986 837 167 685 179 138 446 799 554 318 635 57 556 941 678 187 983 556 835 926 215 456 337 670 312 838 130 500 295 928 110 727 951 970 377 527 231 759 591 871 142 575 579 184 141 678 251 249 974 81 438 802 408 117 200 537 163 920 270 208 299 534 932
899
304 448 901 835 67 253 98 96 48 782 130 326 227 499 217 984 919 135 257 917 984 316 191 227 533 298 700 301 161 505 815 629 794 853 895 337 509 577 752 218 322 335 751 176 661 796 574 930 108 659 170 888 746 136 421 762 147 696 778 756 811 668 795 808 915 147 230 961 675 251 322 384 616 167 617 46 131 732 445 620 969 234 473 709 901 980 887 845 680 435 493 191 90 318 555 223 105 946 851 531 417 572 854 507 679 767 289 938 187 588 604 666 185 8 18 587 251 97 189 4 461 164 499 101 861 786 332 419 378 11 947 16 887 805 781 954 235 776 19 234 887 874 983 652 4 102 151 353 946 882 81 643 137 462 488 518 268 965 347 508 370 860 101 542 523 371 726 981 405 633 367 160 653 359 91 924 835 677 560 420 707 301 354 979 734 257 323 25 764 92 9 779 969 248 780 415 517 150 860 229 482 489 7 230 573 807 612 517 225 462 600 975 863 466 813 436 628 303 558 330 203 654 244 741 643 717 665 630 286 37 653 962 471 39 479 747 405 60 390 384 129 30 894 663 339 715 310 575 284 492 399 35 202 253 458 525 879 482 161 329 566 944 621 536 845 73 558 926 680 435 92 307 740 767 263 538 173 33 831 654 676 916 591 188 713 4 601 366 323 456 339 719 47 800 29 815 905 768 29 235 180 519 528 451 452 39 80 678 359 925 885 960 427 737 25 60 430 226 107 676 153 528 724 279 539 569 908 765 455 287 845 67 664 33 575 697 278 872 353 929 98 296 469 220 124 864 315 945 607 604 239 963 816 518 910 744 745 93 958 138 103 902 619 530 4 391 571 937 985 560 184 388 810 51 334 37 77 775 786 831 97 272 136 819 970 15 442 555 257 404 429 441 21 197 696 921 419 432 28 423 613 279 485 64 315 324 578 180 845 934 797 266 974 766 293 993 648 725 658 45 517 152 709 634 95 448 865 15 788 942 821 561 731 31 454 237 47 256 866 318 224 282 962 977 23 368 43 527 878 439 463 562 221 317 149 125 392 359 227 832 138 451 134 587 142 447 715 982 112 524 375 426 438 595 56 155 572 509 351 503 836 389 180 643 366 433 497 137 773 422 761 701 554 645 957 399 592 906 973 519 308 814 314 678 905 463 411 151 110 302 319 265 592 872 860 211 73 731 375 877 122 62 206 730 585 457 60 366 827 588 278 203 67 769 598 788 34 439 262 872 471 339 611 605 794 470 316 470 644 985 673 987 867 904 662 224 630 71 205 147 823 801 605 43 230 702 952 259 336 648 742 912 897 6 641 136 230 407 17 540 681 494 714 659 113 153 428 439 411 722 305 168 403 261 216 868 634 248 412 323 726 898 738 230 697 987 318 308 109 67 116 924 914 592 230 185 692 986 930 342 128 82 170 573 583 646 330 335 966 620 966 783 951 683 538 781 821 891 6 963 793 48 978 622 831 66 346 12 582 402 327 28 164 902 229 893 511 262 588 186 132 974 109 27 895 478 132 18 234 773 145 551 690 95 931 820 691 653 579 192 703 211 870 941 285 356 609 205 741 295 331 892 613 849 696 134 618 456 141 962 53 475 151 666 197 662 320 924 449 246 553 577 594 595 543 805 285 549 649 899 406 582 22 280 144 710 897 655 634 414 336 723 298 417 481 507 547 822 775 874 388 233 610 80 337 237 348 254 332 790 621 791 861 484 81 650 769 729 939 155 12 824 811 203 37 331 204 963 350 346 231 253 802 873 500 567 455 201 976 415 260 269 240 976 861 431 228 982 821 370 491 796 81 523 313 5 122 548 447 405 925 619 154 118 245 351 160 260 924 952 983 608 705 438 957 628 967 835 511 795 384 100 897 678 544 334 236 696 297 629 408 93 702 763 811 340 757 105 263 782 925 701 588 536 944 980 61 669 387 888 481 761 189 587 225 869 481 10 778 228 447 106 254 14 448 919 138 704 224 232 409 243 394 910 684 85 933 335 450 876 268 54 499 568 313 106 239 509 1 655 765 290 781 291 400 788 524 660 199
351
430 930 110 118 341 768 320 61 975 166 776 250 432 339 313 59 991 34 571 234 861 996 357 986 133 557 385 761 156 907 541 453 122 766 551 324 806 890 210 945 475 364 199 701 757 725 493 408 911 27 884 59 1000 530 238 32 395 733 799 372 56 606 46 509 822 794 883 748 598 763 998 343 814 679 630 9 914 9 347 721 149 92 131 793 876 406 308 17 615 850 88 84 417 369 106 745 44 932 673 154 618 454 927 772 549 196 487 798 308 175 756 990 851 844 876 796 194 820 193 143 568 776 411 383 746 555 663 791 598 638 903 482 105 652 67 972 276 198 223 423 138 186 202 901 607 442 750 212 615 307 602 976 8 538 172 753 993 866 748 415 411 972 431 959 802 717 498 524 665 860 339 82 490 991 342 632 762 160 754 526 28 505 820 644 14 370 305 555 689 167 13 288 241 36 886 316 481 521 32 546 715 336 976 719 76 937 627 655 170 224 300 421 673 340 999 423 5 337 770 359 373 958 256 307 6 711 561 601 125 867 517 512 476 187 401 378 776 984 969 771 238 664 701 93 99 45 714 736 259 560 624 1 225 930 54 19 785 923 932 363 247 260 366 450 448 283 424 597 897 221 481 610 112 166 38 847 273 573 130 184 583 743 339 176 39 335 221 180 842 471 946 667 337 687 406 464 663 245 831 991 760 348 328 497 412 926 815 746 771 979 44 699 885 328 404 301 378 525 302 860 956 263 461 489 30 329 540 80 868 947 799 415 982 926 498 601 278 176 968 13 394 701 582 861 990 270 817 43 794 672 111
321
889 282 801 207 242 967 275 655 687 681 167 639 960 697 505 571 362 286 796 303 996 886 772 551 460 745 631 445 712 70 833 291 580 172 965 129 76 905 58 606 160 523 805 433 596 811 955 947 354 385 914 794 918 34 750 672 164 341 138 464 376 818 446 169 219 891 268 672 556 891 887 102 272 349 398 797 432 485 991 623 852 473 806 710 462 510 752 540 628 549 119 996 834 909 856 285 168 556 493 684 556 677 31 455 262 723 706 541 381 667 3 670 237 11 532 780 429 76 238 589 191 408 944 160 494 30 213 629 230 981 766 480 486 484 705 589 278 45 810 815 632 265 111 675 382 822 775 17 445 832 80 901 343 584 361 359 630 956 600 209 925 592 661 659 605 149 949 574 491 185 643 364 801 943 981 976 877 901 841 286 409 748 30 202 958 584 952 666 76 558 570 463 968 900 838 81 394 808 36 941 798 719 571 848 339 440 954 906 896 78 935 336 37 884 594 410 406 395 800 835 948 310 259 168 245 88 229 583 102 16 733 428 744 495 242 481 554 465 735 978 720 270 888 624 747 863 35 624 786 510 193 730 175 265 518 52 313 471 744 594 839 616 979 833 9 49 452 644 776 488 113 743 695 905 400 997 343 244 842 237 247 875 766 418 971 773 608 146 124 639 497 729 2 564 250 251 386 533 40 193 791 39 28 533 676 316 324 592 93 142 769 928 346 14 294 787 79 964 666 69 616
737
946 988 497 325 834 464 364 287 703 263 50 192 382 725 868 974 208 527 153 890 805 1 314 616 73 276 864 883 55 436 598 764 680 734 283 702 560 396 499 990 276 6 673 789 106 990 881 223 41 15 428 400 742 685 741 848 373 769 489 627 472 141 58 786 739 384 685 193 367 647 131 695 376 423 771 764 848 681 177 848 557 33 877 75 435 961 403 683 623 424 168 26 138 106 654 21 301 173 588 455 897 734 822 911 893 76 357 753 544 954 876 887 828 98 560 857 630 436 831 996 976 653 861 955 636 687 972 805 261 413 132 244 107 175 952 633 342 533 657 289 641 219 262 897 69 785 234 365 106 54 634 15 945 306 481 649 555 305 286 133 940 992 73 916 822 32 838 189 368 4 15 786 618 770 29 232 668 622 835 338 406 661 844 937 410 341 629 842 714 784 298 819 604 976 390 898 593 433 160 820 433 612 411 286 489 505 578 394 24 868 543 32 260 160 461 176 561 412 83 987 892 898 544 117 995 964 940 630 360 637 506 14 334 473 148 365 791 921 375 439 682 248 527 428 556 339 198 591 417 52 487 916 71 438 63 71 435 999 36 500 133 773 1000 907 990 745 715 305 421 131 183 167 885 203 48 84 438 150 404 371 886 860 651 628 714 443 241 769 973 545 753 590 252 246 687 961 309 955 451 621 183 327 335 251 495 454 772 668 988 110 291 992 482 259 979 733 524 720 842 372 635 795 912 390 144 773 209 305 942 250 318 864 927 368 724 995 215 191 513 631 12 900 741 15 490 903 89 671 691 561 34 657 776 151 447 860 201 637 186 1000 673 140 897 630 679 281 128 875 272 79 713 678 184 648 784 548 865 225 494 387 339 75 495 39 799 707 577 906 542 854 640 273 960 497 558 683 445 375 173 172 41 722 608 341 488 603 188 247 645 478 728 986 454 5 766 328 374 752 981 930 406 985 845 212 3 961 58 272 555 598 854 731 461 219 953 157 219 819 416 156 71 936 450 749 367 365 369 246 562 135 686 471 188 84 182 308 242 530 198 261 295 215 463 257 450 448 129 187 78 769 250 16 808 342 119 355 826 968 682 327 729 498 386 94 885 436 340 494 742 19 589 554 722 868 6 507 450 454 872 46 685 419 31 496 579 524 421 474 957 865 35 901 909 962 851 647 437 318 916 177 482 650 773 959 900 194 39 751 901 610 119 22 246 5 981 202 621 60 224 456 635 112 753 997 881 281 452 340 914 120 573 337 190 241 567 320 783 169 169 914 675 444 854 585 388 139 122 254 989 831 751 823 949 598 725 304 273 665 298 286 57 344 678 986 487 838 451 426 342 647 411 690 621 567 618 941 49 834 198 624 755 575 689 301 208 758 608 603 774 825 189 962 622 953 224 402 423 583 17 383 17 694 204 636 1000 720 296 546 162 986 122 321 764 342 948 412 17 747 967 162 470 349 694 990 348 361 224 405 114 886 1 567 54 72 988 516 647 941 987 897 863 676 644 163 61 816 814 208 354 254 751 279 757 629 772 885 608 374 833 446 661 20 135 832 957 666 27 151 737 184 585 191 930 906 663 995 778 30 682 844 167 979 597 957 948 633 993 747 382 781 684 894 866 379 723 231 655 16 86 875 73 931 149 857 708 540 785 534 506 156 459 131 913 292 610 684 228
36
432 144 126 610 886 114 341 569 180 231 66 543 266 998 95 858 505 530 356 71 938 987 821 977 776 663 312 347 876 435 284 280 777 752 60 941
594
141 806 911 20 312 476 990 568 728 656 976 457 698 44 238 540 837 885 538 743 542 846 40 477 92 705 853 375 133 852 636 710 319 663 539 242 510 577 689 520 687 665 851 843 537 421 48 740 634 218 161 829 964 732 691 85 516 734 173 644 569 792 671 591 493 205 263 591 261 474 405 535 466 113 479 767 833 94 32 74 993 872 971 934 617 235 966 954 267 641 937 887 499 53 420 684 50 740 227 848 60 860 711 501 81 993 403 371 796 443 468 589 522 181 176 670 770 609 289 622 101 358 50 622 145 262 790 273 12 2 688 398 989 40 498 410 63 254 179 44 182 790 919 865 214 513 647 459 435 377 391 248 855 776 108 787 137 86 795 504 270 502 94 14 256 759 934 131 372 230 181 386 879 923 356 836 380 477 769 866 986 685 478 607 890 787 724 803 250 652 342 601 587 861 134 995 318 328 346 382 878 547 336 293 527 719 541 121 78 272 485 654 143 614 656 488 364 628 62 669 876 807 179 443 550 228 832 875 662 618 250 385 97 849 541 28 291 245 815 283 171 860 39 120 534 483 178 670 697 389 168 459 660 140 699 402 381 959 765 912 566 645 10 28 566 54 298 137 136 597 267 430 29 311 91 906 606 941 451 861 496 830 787 450 503 372 464 510 247 752 112 479 771 728 66 134 543 372 861 662 528 326 65 6 648 458 817 206 777 751 86 495 207 355 268 79 743 422 646 485 624 43 991 335 514 847 898 498 22 353 992 554 571 994 177 75 904 245 822 703 985 522 953 154 332 495 582 79 675 313 262 798 814 572 359 387 774 448 272 351 990 650 2 494 768 808 238 857 87 71 761 350 880 783 297 897 212 764 244 834 550 805 775 314 97 180 904 81 71 436 497 813 7 95 438 533 820 841 759 881 86 779 478 170 513 775 984 665 272 8 156 359 974 938 473 872 132 396 319 50 501 47 679 483 255 606 130 149 901 952 649 77 212 190 147 926 324 563 638 63 547 413 184 436 53 90 989 708 339 743 404 879 723 197 725 110 260 756 721 422 125 892 709 178 960 931 855 590 804 139 473 229 667 192 678 572 133 785 635 89 750 713 289 378 534 301 408 462 599 475 695 960 424 402 748 257 751 750 484 642 303 376 85 300 766 431 394 842 330 324 144 221 372 945 568 403 35 288 846 40 251 446 445 739 773 926 138 355 331 448 466 186 858 618 54 851 651 872 81 444 525 524 16 678 550 757 431 444 36 10 649 717 99 974 796 545 416 867 981 155 800 216 312 58 734 497 441 253 91 201 700 763 811 212 581 981 246 427 927 237 85 226 944 593 405 544 682 850 610 820 431 446 867 600
864
502 274 559 603 736 647 623 556 595 790 662 597 524 988 975 180 395 967 702 408 191 935 454 510 952 832 507 875 316 490 107 808 284 784 857 684 554 255 32 997 322 27 40 865 4 665 785 487 31 865 557 177 173 860 719 505 104 749 920 408 15 579 933 151 801 595 360 72 697 394 602 595 582 210 661 55 953 120 141 844 694 681 420 84 693 704 137 73 212 325 246 127 432 662 439 822 159 543 399 537 296 518 240 30 403 457 12 607 3 365 160 103 1000 180 55 150 68 89 552 935 689 781 957 880 902 568 379 451 444 769 828 573 730 901 459 176 191 871 761 163 120 822 81 380 937 422 85 847 130 871 516 342 180 2 913 442 12 420 743 805 728 342 580 229 679 680 987 871 542 307 727 270 867 699 915 242 472 152 37 950 427 807 867 81 948 280 568 897 198 632 114 191 394 235 985 207 459 183 832 217 715 53 529 463 204 621 513 655 485 219 711 89 505 192 129 481 520 303 359 379 947 89 142 187 118 332 821 954 280 433 2 3 777 781 840 558 332 457 490 29 766 869 338 170 261 986 855 402 869 65 404 119 617 23 251 730 887 164 102 755 284 842 129 726 908 693 53 248 816 146 64 425 214 395 974 322 897 973 345 766 445 713 177 982 585 327 175 596 201 726 705 7 450 72 128 577 686 287 635 176 956 984 601 209 94 146 837 23 9 153 192 414 766 485 662 758 764 25 399 222 926 519 291 452 400 101 99 450 251 99 35 681 884 973 494 585 527 304 420 37 336 103 100 756 920 609 458 44 521 961 373 452 209 143 924 489 750 202 139 821 285 901 884 240 655 110 628 773 945 766 531 241 213 849 212 169 165 526 614 395 117 970 253 624 400 493 187 717 405 611 500 402 891 588 236 789 139 396 129 787 832 262 435 454 542 701 128 592 36 52 562 490 44 762 564 572 410 154 482 396 204 680 220 718 502 815 746 809 835 549 360 142 238 409 919 389 158 795 926 169 746 402 909 148 140 594 247 174 817 665 725 424 229 316 317 949 898 972 984 345 641 308 718 396 121 16 923 678 730 312 57 984 314 92 713 266 564 26 472 76 846 461 14 6 27 982 398 479 939 217 681 699 857 521 609 561 920 387 67 615 626 177 887 108 85 71 819 636 25 951 484 414 673 25 222 608 578 938 327 921 486 925 574 515 962 375 981 808 384 982 538 697 788 520 703 334 167 723 470 408 522 134 566 581 767 245 151 85 715 487 448 952 650 42 620 640 179 930 445 352 79 772 38 154 95 495 819 580 647 230 881 927 465 213 355 557 46 720 337 836 30 806 95 19 930 279 147 328 947 478 715 574 794 902 980 219 826 911 282 561 651 937 564 158 172 551 760 496 433 357 515 91 362 115 243 186 295 585 991 944 992 2 766 726 239 497 236 447 381 524 885 952 836 669 503 768 315 257 419 334 101 96 907 487 169 622 240 252 620 557 690 238 799 794 197 889 421 990 699 441 330 364 933 923 9 177 943 108 382 990 401 545 882 180 750 941 931 931 821 536 718 783 700 469 598 923 268 634 359 268 768 946 106 382 647 641 103 544 51 12 985 114 789 333 741 680 884 725 780 616 656 839 975 983 394 827 238 999 495 322 791 146 841 869 434 720 794 397 175 62 104 188 137 634 107 122 588 370 138 499 260 698 476 726 991 643 55 860 927 594 225 658 474 39 927 924 138 274 866 619 49 551 101 429 361 49 715 586 692 906 829 99 732 94 989 126 737 631 637 604 572 260 638 216 482 588 27 26 175 514 875 420 557 801 149 594 705 6 85 159 262 884 213 887 349 778 817 993 703 577 224 191 521 567 36 449 913 537 982 84 267 685 3 542 974 73 520 943 646 346 805 668 351 874 749 171 471 871 392 681 12 912 702 931 84 130 642 746 154 263 607 427 40 18 580 262 193 728 129 96 728 597 150 595
363
735 355 210 117 695 642 4 596 92 11 54 6 79 799 305 164 462 671 681 138 170 446 911 919 701 92 251 390 40 169 433 672 458 189 827 884 107 482 911 937 97 219 577 140 11 428 495 201 777 135 790 151 777 360 22 452 222 895 42 3 403 962 747 973 733 487 948 629 98 699 622 499 149 121 971 801 559 739 258 384 178 32 123 748 341 346 738 317 935 89 313 531 766 942 546 865 680 794 188 958 313 452 386 830 593 501 415 685 807 552 190 428 492 97 730 566 957 145 113 997 344 991 659 103 302 833 460 411 553 649 988 285 963 696 656 522 191 156 790 679 826 481 463 434 280 790 744 568 38 626 399 679 855 26 68 920 24 789 987 414 993 483 217 480 791 843 342 500 579 645 876 5 657 118 345 223 677 827 202 751 272 57 491 66 482 947 236 63 832 842 802 457 591 202 118 316 482 521 63 596 561 311 951 334 503 518 923 865 604 780 974 108 873 852 157 196 891 541 336 277 834 592 983 495 856 52 356 518 582 909 441 588 471 434 440 693 287 514 922 727 616 277 142 929 159 667 879 838 628 420 877 487 497 22 954 347 544 772 632 826 853 333 529 898 310 457 613 16 386 191 392 363 642 314 985 448 205 783 878 916 935 207 999 220 905 552 538 171 593 668 658 254 527 501 904 380 429 933 311 464 479 394 34 334 476 322 449 509 655 284 964 494 832 296 333 293 790 501 874 171 860 489 281 615 888 319 34 152 10 373 71 839 672 491 375 837 223 494 888 649 276 270 985 182 904 261 69 863 242 925 210 576 804 475 498 82 364 312 591 206 278 929 8
453
706 400 999 71 994 940 125 283 341 70 31 140 538 783 359 974 791 661 574 925 226 722 159 755 89 781 993 144 899 365 264 837 18 900 32 300 153 742 214 557 263 862 526 29 383 163 53 913 97 501 57 386 176 836 858 562 657 651 336 834 205 117 808 590 132 520 903 942 256 748 232 384 100 313 710 607 456 642 68 271 444 576 668 481 733 546 21 253 276 969 126 146 854 876 164 587 259 817 882 703 924 207 784 244 288 221 106 424 264 355 466 299 260 438 506 318 205 31 419 227 425 711 336 636 348 961 796 651 391 268 925 42 685 466 992 863 991 710 753 870 124 308 6 470 244 389 818 176 677 140 847 122 221 583 576 52 818 379 627 580 43 239 563 546 721 173 954 31 127 225 150 617 993 36 180 25 511 533 983 201 845 432 918 183 528 185 604 766 915 636 288 503 485 520 476 827 148 743 714 802 169 698 250 962 60 659 227 841 490 831 172 789 573 135 150 757 746 907 978 332 597 731 377 991 142 665 162 144 163 881 365 291 899 869 596 643 474 218 770 950 960 44 3 81 98 16 971 820 917 215 40 807 620 454 466 326 489 649 560 297 298 491 326 574 760 143 352 366 692 634 927 225 793 529 567 972 212 71 318 395 959 173 28 2 569 653 100 988 124 13 327 346 446 196 350 296 298 903 746 486 551 903 821 571 981 487 158 429 242 943 890 272 811 316 312 693 972 664 711 597 602 399 467 585 385 92 625 835 178 192 894 183 411 260 730 436 341 604 359 228 219 248 183 664 717 240 180 697 252 251 588 232 163 809 669 777 974 774 805 227 195 227 588 770 473 352 175 754 357 74 655 851 105 925 336 715 381 215 507 705 895 143 840 73 164 238 110 178 279 372 202 489 846 856 118 169 113 103 739 438 459 91 748 897 330 61 177 286 556 232 532 64 985 771 710 841 330 885 681 886 283 189 41 143 358 518 520 728 394 226 513 916 377 602 279 791 843 50 514 389 329 245 253 658 495 126 846 965 812 760 450 894 602
981
667 877 4 131 270 122 888 701 152 520 253 210 956 306 333 111 388 523 582 213 575 106 117 424 275 694 101 382 576 157 895 272 302 428 377 234 775 744 36 547 215 329 487 774 859 767 430 73 668 615 362 888 996 756 496 905 461 462 127 434 478 435 3 731 37 5 514 360 170 787 932 170 928 848 600 587 460 641 94 21 568 579 294 181 189 28 883 340 889 235 459 3 907 927 361 487 47 907 708 230 699 618 276 168 996 669 840 104 937 24 236 638 741 823 814 890 766 883 359 231 429 518 77 365 23 633 261 396 252 701 923 388 493 674 494 649 45 652 311 502 575 493 147 555 141 494 495 580 393 923 892 865 322 913 601 715 260 102 838 404 233 653 349 5 772 850 451 97 655 170 153 186 843 490 881 465 893 501 300 150 48 480 268 114 781 758 70 338 965 117 682 614 166 169 270 434 569 907 17 219 693 897 987 907 81 736 440 580 832 745 466 403 208 860 929 220 815 815 891 894 66 811 743 604 525 427 714 543 830 15 180 259 595 490 682 857 621 483 185 565 260 801 769 214 644 341 314 840 253 554 915 152 311 705 345 247 222 688 963 497 949 778 959 224 933 338 853 574 532 341 772 551 725 185 667 477 559 916 109 250 375 497 723 253 300 981 218 120 425 818 309 150 276 772 589 825 845 982 487 679 377 318 955 137 608 906 235 356 83 544 204 784 587 316 313 153 80 45 97 637 21 161 616 538 536 403 30 973 165 535 68 537 441 76 428 171 898 209 916 609 695 972 194 183 702 771 408 72 65 741 312 229 3 435 412 565 957 485 260 610 865 352 565 598 684 547 677 990 813 634 26 985 49 746 970 590 867 74 929 600 873 535 899 35 50 332 954 743 609 510 361 219 687 383 883 228 564 376 295 760 912 938 385 146 293 407 434 349 617 595 972 813 571 668 618 104 60 726 336 834 945 692 426 872 85 185 243 668 838 383 437 519 806 722 478 665 843 127 397 357 9 664 843 225 13 836 642 108 800 614 964 710 315 773 604 687 652 639 59 920 577 843 960 350 417 980 800 136 409 799 574 366 446 98 978 141 879 543 149 627 809 15 63 651 674 24 432 687 431 968 177 913 880 100 254 814 831 535 310 622 869 369 852 504 588 205 411 379 256 58 240 59 596 640 831 153 652 423 439 680 153 512 894 772 738 133 882 788 784 479 608 858 588 863 842 809 589 860 454 795 286 630 626 758 648 953 603 68 641 791 372 580 67 551 1000 68 522 468 375 400 422 175 881 51 429 363 295 68 648 917 893 19 907 205 114 656 257 552 752 98 403 74 512 794 76 190 249 174 589 761 684 167 575 418 861 788 858 960 864 808 331 856 245 946 101 693 688 346 833 497 616 707 233 961 751 638 403 571 303 415 442 119 862 678 934 614 714 508 234 563 533 17 69 667 64 987 30 886 78 379 179 121 227 78 142 484 754 939 482 15 319 105 693 57 634 462 289 950 560 486 137 476 61 725 984 449 451 632 202 705 911 544 217 462 85 426 953 484 434 513 653 380 631 225 603 418 729 303 671 742 26 272 806 753 922 17 53 988 107 53 997 510 215 977 194 992 463 67 952 962 748 829 7 475 52 16 972 819 872 399 513 143 33 212 287 319 962 30 783 934 558 789 539 748 200 90 732 65 460 248 718 580 188 238 170 218 945 479 489 165 324 119 548 126 348 67 310 225 645 476 682 202 691 641 353 24 951 453 953 905 890 288 762 37 165 383 685 947 849 736 436 78 553 201 298 401 279 441 8 712 894 660 978 263 589 138 503 790 465 849 806 797 749 509 329 590 736 965 261 995 798 608 523 44 177 100 267 635 754 593 258 443 629 349 671 817 326 970 329 596 876 276 962 297 701 361 617 885 410 403 619 75 686 18 58 27 343 317 647 688 382 624 86 288 19 891 909 935 371 202 128 653 57 550 117 290 13 654 152 493 684 714 443 572 464 885 629 317 116 376 467 540 849 674 745 403 199 946 724 849 350 58 739 608 745 480 14 151 542 465 668 264 691 953 939 373 958 982 979 446 989 225 229 833 199 61 9 712 926 33 967 59 19 414 378 378 429 915 121 836 882 901 79 702 785 875 428 193 167 708 952 531 896 742 962 24 417 168 691 557 928 829 79 36 620 229 361 697 194 921 233 360 835 925 632 177 514 605 744 778 875 887 173 159 596 503 51 61 284 480 312
885
459 398 368 642 292 284 636 938 688 284 376 598 110 873 516 413 825 367 932 81 688 717 766 301 759 1000 838 521 249 458 709 527 706 381 510 919 494 135 843 787 636 125 807 181 727 268 897 785 280 155 260 473 831 85 905 47 449 514 525 789 745 750 22 747 59 949 562 402 325 714 465 786 15 594 468 208 142 499 26 236 540 218 225 752 438 666 834 972 569 828 625 763 419 138 338 191 404 809 700 496 16 446 425 943 886 936 750 562 477 179 137 305 137 416 6 837 809 265 780 381 808 260 844 312 824 770 919 798 399 268 21 300 159 995 51 324 759 209 896 994 28 154 622 972 342 995 595 168 297 164 860 116 898 897 675 663 629 949 47 458 149 554 981 698 682 466 88 735 169 753 862 279 509 938 897 389 585 380 772 538 390 807 346 598 135 642 877 322 66 866 425 461 926 303 143 238 624 796 182 537 366 258 184 253 251 947 827 528 779 782 766 374 127 213 345 765 535 131 25 468 383 36 244 366 415 528 494 807 345 787 838 78 509 363 387 297 129 16 153 696 714 956 292 643 30 675 84 864 305 421 737 432 803 312 804 734 984 543 957 796 868 983 483 684 464 382 276 728 333 328 941 914 309 843 570 372 427 831 472 670 391 23 650 94 313 251 766 923 688 70 761 496 281 575 356 343 103 721 643 540 421 965 497 645 551 224 749 606 101 280 870 268 875 4 779 101 86 234 21 994 21 47 467 829 131 437 290 971 175 483 537 491 1 165 610 588 802 289 172 108 306 115 895 23 255 392 255 704 452 764 753 748 62 610 183 989 842 525 52 324 827 852 707 628 898 558 558 25 163 245 401 168 645 407 80 708 200 399 918 139 133 979 742 240 443 348 582 45 388 811 698 236 621 107 608 175 714 117 770 562 171 253 544 700 678 714 941 155 633 931 927 127 384 690 713 562 18 327 108 347 484 866 512 404 705 822 253 660 153 913 973 211 862 305 900 155 220 91 695 170 609 46 797 336 465 963 327 853 853 827 836 42 931 712 642 555 863 660 800 952 425 895 759 728 886 167 458 74 296 757 338 92 806 468 393 566 48 651 854 989 591 517 984 833 661 643 720 959 538 219 749 539 637 450 821 651 567 610 292 382 970 386 205 653 700 505 629 896 502 357 245 172 237 90 978 964 158 329 865 51 96 288 948 302 963 812 752 131 835 964 215 631 572 271 774 485 718 711 954 776 690 53 197 817 841 136 332 671 278 968 7 35 728 60 34 597 767 608 975 329 824 915 686 237 969 649 985 313 729 181 620 420 751 845 346 870 453 712 45 639 123 942 177 541 828 743 602 147 964 845 543 997 788 460 464 594 280 170 685 354 575 198 319 2 196 162 21 445 382 127 749 585 995 696 495 866 618 388 309 307 496 615 598 334 246 102 319 227 723 861 731 907 72 458 647 664 507 291 329 806 798 345 377 445 657 616 861 898 607 810 612 819 346 978 767 411 470 187 61 56 767 76 674 319 307 292 483 224 970 245 643 847 198 1 796 108 652 166 374 328 209 878 444 685 736 392 254 730 25 145 891 437 152 100 142 21 390 934 663 951 562 434 580 660 318 867 646 294 488 533 377 257 347 15 489 499 32 693 410 188 188 862 706 244 906 807 371 476 751 733 953 328 892 913 394 631 884 583 47 941 137 626 336 738 393 61 717 222 987 285 555 973 255 752 320 853 46 321 557 689 2 989 538 172 122 521 306 705 664 664 133 500 575 447 311 953 573 555 782 218 498 464 728 180 565 313 714 923 941 31 197 539 355 861 190 673 601 604 845 396 957 223 801 608 14 216 480 667 382 854 509 134 783 77 859 256 28 41 854 733 32 718 855 567 215 386 827 765 971 996 178 713 737 485 228 860 683 797 17 794 153 138 780 256 211 242 415 753 726 905 291 286 209 229 140 728 761 296 814 907 114 744 901 398 182 960 607 344 882 9 958 295 176 776 371 492 49 840 448 9 937 416 315 418 91
155
309 491 327 572 387 457 37 135 540 220 310 941 725 158 707 720 483 654 579 102 613 653 74 529 811 456 257 775 690 364 557 548 34 956 802 235 844 628 412 367 645 565 624 119 939 512 577 516 643 149 702 846 302 587 186 584 935 429 70 650 72 676 574 210 913 297 898 172 915 885 490 835 814 393 10 581 7 462 762 959 437 608 815 676 559 175 291 365 301 277 661 500 944 972 872 327 915 216 910 341 146 168 617 192 569 922 810 653 108 979 563 391 781 59 110 675 260 524 880 883 602 684 312 532 994 727 774 161 315 665 627 32 299 719 459 128 728 707 436 73 913 319 988 72 176 885 997 252 49 309 702 980 378 6 660
761
883 683 544 579 655 387 579 126 511 388 571 91 306 325 715 370 979 661 948 20 667 185 79 563 666 515 279 359 229 124 811 887 58 421 50 301 797 303 949 369 205 403 204 993 48 744 832 367 136 596 126 213 197 566 127 286 186 353 683 76 298 946 654 704 190 586 957 827 165 330 201 350 46 955 897 754 231 78 674 850 858 505 977 373 405 621 87 492 730 611 101 243 140 352 107 984 647 743 873 179 257 908 872 922 204 653 681 939 529 899 386 442 880 640 244 907 344 879 354 343 878 408 888 121 873 739 939 740 342 82 483 204 175 998 139 603 542 982 702 358 30 16 578 771 188 204 926 878 969 399 230 977 680 483 591 334 681 938 991 489 60 200 578 445 67 421 436 256 332 626 477 1000 646 901 144 704 434 645 635 222 20 308 881 922 67 697 340 251 190 917 957 46 511 949 929 749 709 483 940 774 654 975 530 482 481 684 795 377 344 174 455 348 771 622 269 370 629 610 479 337 734 219 311 428 267 621 903 316 430 952 585 152 442 406 936 728 640 320 662 10 218 214 824 702 144 311 734 415 39 972 506 266 68 369 973 749 297 602 324 628 592 211 183 363 635 329 607 387 483 154 552 106 122 674 128 177 686 477 899 535 396 902 294 120 379 601 679 289 934 621 710 946 149 138 255 616 934 755 645 941 169 802 751 446 652 153 803 922 330 559 425 765 12 729 900 822 84 655 933 358 427 801 112 711 309 2 509 795 885 895 183 913 504 607 317 543 90 569 94 853 102 681 864 228 796 634 753 880 728 819 993 195 466 990 730 449 552 769 38 469 193 822 906 834 760 625 137 170 572 917 590 469 714 757 149 107 848 283 198 769 894 626 573 610 521 416 557 807 551 797 766 153 656 805 911 216 866 691 248 147 680 412 138 497 924 747 257 579 972 107 841 147 831 116 161 696 105 760 400 792 647 166 426 118 880 394 497 177 826 374 448 223 944 851 485 861 683 600 444 468 926 296 999 60 95 435 681 184 832 129 194 559 811 779 916 538 797 755 872 591 646 92 340 980 688 136 965 860 64 454 934 804 113 379 256 515 176 914 70 556 938 971 191 118 227 863 300 257 740 403 241 829 495 453 637 781 393 570 364 789 890 643 236 917 704 385 458 875 785 464 725 453 771 725 52 352 567 570 748 795 435 865 781 564 856 378 926 455 438 562 907 785 399 532 212 456 410 239 39 56 893 371 248 970 41 851 365 70 492 283 184 220 659 334 243 372 900 562 306 744 105 135 112 177 862 75 782 117 324 454 12 545 284 710 28 992 334 997 43 972 59 852 67 485 398 676 697 922 991 966 584 572 220 849 566 10 777 973 266 561 366 584 352 963 236 944 639 899 945 137 570 106 317 75 91 607 632 210 804 936 326 592 24 839 861 960 265 556 220 238 227 185 773 602 206 370 842 30 883 169 584 85 432 195 319 61 469 36 855 670 415 191 463 22 109 300 335 777 974 884 550 103 46 302 920 251 313 411 325 296 642 170 852 981 551 31 176 417 665 793 670 253 431 91 407 214 103 475 26 529 590 513 348 329 252 3 713 823 579 305 881 595 313 396 642 425 757 256 68 694 724 732 84 588 531 300 698 984 644 108 930 512 283 323 309 903 315 544 275 790 286 432 531 260 94 697 414 534 313 899 139 218 718 108 353 797 474 173 714 416 179 649 111 189 519 944 844 834 418 573 581
53
571 905 124 499 137 739 232 514 210 79 318 886 440 803 432 970 929 688 71 2 271 650 971 950 963 57 926 91 761 710 795 252 204 964 474 855 970 332 622 388 609 911 77 878 191 636 373 125 774 809 430 181 593
415
203 676 489 508 153 42 350 458 131 546 399 431 45 175 255 373 716 853 850 457 363 125 110 884 941 23 737 910 879 635 996 338 797 621 419 349 61 727 852 82 614 605 918 736 869 547 969 127 899 75 65 371 712 151 166 852 549 764 329 635 539 305 303 501 533 150 425 968 869 917 25 686 564 555 889 56 376 863 816 322 875 303 520 631 773 841 100 241 565 655 320 115 744 242 871 264 114 874 760 446 225 391 961 237 336 243 517 189 649 958 544 472 645 990 753 972 556 530 925 233 952 464 610 140 206 227 808 675 558 936 169 992 18 515 131 389 333 442 677 670 531 749 529 876 672 447 981 68 168 265 123 86 949 827 864 203 358 440 76 610 85 592 711 179 510 696 131 420 820 881 946 49 829 155 201 79 616 776 931 517 833 510 422 150 285 987 237 839 657 667 439 943 97 407 595 998 897 566 289 338 515 298 570 726 947 502 135 490 422 488 132 807 798 580 45 4 605 543 7 371 490 266 194 220 722 347 12 938 864 438 525 43 140 167 190 262 132 317 932 812 792 708 394 42 507 259 500 665 700 889 821 812 125 878 42 609 733 713 61 187 169 448 599 813 488 811 254 1000 339 403 790 441 268 885 852 248 997 992 94 864 495 697 156 92 754 899 423 26 664 431 326 74 903 395 402 659 25 228 749 346 778 220 916 866 694 36 167 670 530 662 475 975 45 124 593 692 867 448 30 828 267 583 531 95 882 531 102 435 44 566 275 836 682 791 705 678 122 974 784 157 232 19 869 952 69 343 56 531 806 791 114 594 52 282 219 275 771 205 969 464 280 646 319 756 136 779 950 292 773 839 403 476 349 64 438 684 658 647 933 516 319 969 234 408 973 30 698 383 706 90 280 824 119 771 86 746 653 360 313 286 343 886 118 704 366 227 477 308 99 700 556 410 636 569 417
382
998 769 207 548 205 743 253 990 213 187 40 837 842 812 530 858 786 982 344 796 792 520 911 25 724 545 574 447 56 478 949 892 434 278 149 94 280 322 832 221 228 211 529 883 706 753 353 452 292 998 10 223 468 674 43 400 592 975 748 876 434 517 492 426 769 215 164 148 171 404 368 107 841 772 433 65 317 68 914 954 205 910 739 266 647 596 197 306 134 466 472 493 10 805 927 921 672 370 436 669 813 366 463 45 167 957 90 20 539 80 888 443 29 167 113 137 864 789 1 980 383 418 768 453 190 58 184 143 513 570 992 481 527 433 989 463 783 918 346 721 538 613 62 123 923 585 770 568 510 264 47 274 32 530 179 837 420 311 322 946 40 408 257 91 912 496 92 588 772 828 619 542 251 631 484 642 652 122 944 142 722 800 644 433 481 353 678 364 473 235 754 95 561 832 869 876 464 923 415 612 163 66 704 787 895 944 45 582 740 170 335 570 594 480 532 545 835 421 348 453 229 561 998 551 758 708 307 367 900 629 936 452 192 832 768 780 710 76 725 629 137 833 992 63 891 867 884 963 405 424 211 444 298 560 598 440 932 685 240 430 251 630 298 385 577 257 87 119 614 193 283 496 650 302 875 35 230 492 13 701 794 308 762 659 858 92 78 933 385 491 41 357 600 703 329 843 626 119 500 26 6 585 942 456 228 504 407 133 281 820 119 313 574 560 537 528 805 145 53 124 983 887 404 145 544 340 839 693 837 81 792 495 853 283 292 108 760 789 729 998 407 7 409 961 514 672 380 505 413 448 719 113 293 99 664 645 100 883 137 33 896 84 261 518 401 790 527 383 348 591 419 550 18 844 332 222 748 407 288 354 54 291
323
623 928 86 207 214 686 503 58 877 834 687 759 62 509 898 804 121 825 819 242 841 771 20 552 471 393 420 647 176 981 655 802 373 898 739 455 40 701 288 807 369 720 721 765 917 962 660 650 864 607 897 686 166 145 127 55 73 514 871 408 399 802 297 169 968 473 252 723 37 709 100 429 113 241 615 427 494 335 468 998 547 683 479 667 458 268 632 832 205 623 223 968 488 263 950 894 979 3 404 61 488 214 113 922 939 360 217 596 971 463 88 882 755 275 772 327 392 989 930 646 789 870 543 4 89 830 143 192 810 807 358 75 308 697 241 103 870 46 436 15 613 989 234 453 770 531 380 296 559 444 349 217 987 380 793 802 744 810 729 233 461 311 11 396 814 6 17 949 959 35 97 53 581 871 605 591 867 24 898 225 676 305 737 817 263 415 327 64 912 567 413 899 776 146 968 461 259 28 169 627 952 509 106 223 248 542 978 64 540 56 515 618 764 17 832 246 517 871 963 115 604 209 183 311 6 340 724 615 225 920 309 40 64 125 234 42 619 29 697 282 116 775 927 488 123 786 72 772 575 380 545 671 274 135 672 968 286 227 199 869 254 354 134 573 526 988 370 740 178 306 187 798 438 293 694 836 903 322 196 294 940 879 284 97 302 800 630 219 3 132 619 364 679 660 517 29 200 874 307 534 182 315 480 843 34 446 690 424 48 471 226 171 369 456 403 442 68 17 652 58 392 977 249
264
205 425 523 692 231 463 397 78 234 915 704 454 190 446 536 558 135 499 144 214 311 64 830 41 880 505 742 591 210 567 307 957 264 336 201 312 148 207 22 11 907 818 462 97 306 856 497 210 932 662 410 845 446 509 818 371 192 58 553 190 991 911 85 402 913 511 188 131 602 159 338 608 352 977 826 152 695 303 184 624 988 668 808 242 644 279 928 94 767 181 307 411 634 53 598 643 209 789 828 68 144 350 941 527 513 181 239 401 887 862 371 919 96 113 373 537 923 748 925 856 814 302 641 1000 372 2 934 857 820 586 968 562 918 404 900 182 544 201 111 115 558 923 263 989 891 997 17 512 550 689 44 478 553 607 355 749 697 776 814 104 80 295 762 20 683 588 113 906 265 85 719 582 819 599 777 382 29 127 517 167 218 864 675 194 999 438 188 474 645 897 933 844 345 722 681 883 85 896 3 847 88 625 933 978 989 777 689 627 645 870 739 47 605 474 489 944 459 95 227 558 974 475 358 253 847 259 757 706 792 723 154 232 173 179 658 106 958 302 281 56 456 876 192 429 986 129 634 208 193 461 170 887 121 16 466 541 865 614 431 440 937 450 552 229
457
583 680 918 226 520 537 558 609 583 403 663 570 332 126 227 972 915 829 9 693 146 272 250 894 516 842 746 999 852 898 738 750 741 343 442 238 133 454 26 907 769 418 20 779 523 299 269 186 126 144 110 901 694 574 89 962 561 879 105 535 410 295 608 32 101 153 955 549 299 274 131 864 27 542 678 142 665 627 790 646 375 562 716 907 263 490 833 242 69 476 925 463 439 909 942 904 841 714 721 449 246 295 383 988 96 38 316 322 535 249 997 556 978 719 530 513 47 559 627 874 955 690 389 966 863 87 326 967 109 326 755 123 251 197 146 850 453 516 364 965 694 117 630 577 512 567 539 335 969 386 137 116 374 52 870 853 114 862 301 546 890 348 324 735 527 277 351 433 179 263 219 219 463 151 547 638 660 642 795 298 342 823 938 31 326 38 784 364 323 617 22 508 593 709 660 339 274 179 660 984 52 363 974 254 329 933 332 85 880 525 81 370 404 426 832 643 998 619 736 190 173 28 273 146 246 933 188 867 8 680 218 374 79 171 74 246 377 805 287 586 793 410 536 955 198 496 587 397 668 960 728 795 746 792 896 406 323 724 177 12 706 420 114 80 327 187 768 583 555 877 116 786 821 695 648 782 409 790 512 130 338 146 461 644 93 44 30 547 577 4 654 583 347 610 147 444 931 145 437 522 850 841 892 793 59 285 326 703 623 278 36 119 331 967 413 487 345 436 499 23 522 992 662 199 889 28 192 27 116 716 618 813 47 918 385 61 102 853 840 63 718 860 497 551 478 535 959 704 765 252 497 120 31 413 529 763 566 868 145 458 980 132 819 648 117 43 283 995 704 735 904 253 876 904 547 961 444 763 459 139 225 888 633 90 663 374 12 908 501 117 569 489 355 690 747 973 171 869 239 766 20 144 683 684 508 505 55 197 456 375 290 566 493 487 61 854 509 10 953 809 560 239 804 627 645 645 932 497 152 976 648 731 607 876 726 873 705 937 607 318 633 489 345 102 971 213 497 367 33 380 453 983 582 547 217 1 721
691
167 972 281 187 580 892 174 492 686 489 472 840 548 320 397 292 139 227 927 199 200 737 653 794 2 304 225 730 57 737 123 928 465 129 735 549 941 659 171 303 321 501 871 230 193 833 455 780 855 804 8 68 955 258 70 499 819 824 177 194 224 389 76 653 543 99 947 839 506 770 120 410 861 712 676 347 464 441 447 311 268 591 555 549 369 650 771 445 57 427 570 632 657 876 755 316 472 103 734 667 265 939 881 225 121 584 300 53 407 80 571 123 766 415 253 290 69 62 442 400 610 369 890 158 639 122 494 573 365 868 787 182 953 107 241 451 540 91 66 551 36 87 988 14 106 926 914 69 798 943 831 371 802 304 227 752 651 100 369 309 11 174 93 786 644 374 362 583 134 289 181 232 932 481 827 706 805 645 161 344 571 698 847 87 386 377 390 106 127 986 984 452 25 118 561 907 750 813 80 80 163 783 768 862 806 486 801 449 68 110 637 960 700 323 100 334 476 359 272 849 235 571 995 876 908 896 724 693 235 496 676 596 618 293 547 413 280 236 286 604 770 3 617 259 890 671 614 549 888 699 840 959 119 948 589 299 560 950 782 769 888 668 615 349 243 106 993 174 637 143 598 811 810 782 269 37 197 428 993 579 371 257 935 76 498 370 877 660 453 780 39 874 317 399 858 693 594 457 282 839 385 762 576 997 320 758 550 569 670 487 846 739 619 502 471 794 585 597 20 971 361 991 735 695 299 777 432 464 862 890 910 652 684 691 547 61 30 145 23 150 95 948 735 336 899 501 671 225 542 3 649 787 375 893 766 633 604 210 781 878 182 844 374 225 381 707 353 768 455 828 174 962 10 27 149 566 393 687 265 604 761 224 97 965 415 437 992 111 540 443 849 439 685 490 219 383 932 549 16 161 469 987 938 809 375 284 397 647 867 938 829 785 309 248 202 915 219 994 446 962 4 163 435 320 217 156 334 698 413 193 722 888 706 575 377 467 765 533 631 1000 28 711 853 596 583 278 500 493 655 162 319 822 72 173 858 285 156 970 848 291 662 269 512 358 478 561 612 831 979 297 786 172 747 523 138 944 921 412 831 752 692 386 869 223 7 528 91 417 221 257 573 324 246 449 883 503 321 315 795 249 208 190 401 849 751 66 794 132 537 501 805 994 331 33 199 896 173 684 109 973 273 396 91 256 40 576 217 827 699 374 556 747 641 844 949 471 578 499 661 151 490 984 857 21 448 422 978 909 180 340 610 327 280 123 825 140 380 796 624 366 927 324 571 519 301 990 283 938 520 645 478 152 356 491 608 314 105 276 887 1000 410 171 570 914 623 222 264 220 603 51 22 475 444 798 175 175 768 146 832 707 818 845 334 782 479 830 663 287 410 329 856 931 67 94 225 765 648 260 785 881 174 107 853 478 977 347 99 336 766 177 808 825 689 296 394 968 528 459 846 125 181 829 849 272 100 126 426 120 254 221 731 659 835 156 710 979 657 357 15 648 825 575 420 139 39 761 700 592 527 518 827 665 235 855 584 192 522 290 582 408 814 324 177 225 942 835 378 123 543 320 528
789
879 770 820 49 684 325 576 335 479 603 965 885 146 869 554 166 676 97 750 231 391 418 167 493 690 33 592 359 440 322 878 232 607 785 848 295 756 566 121 2 155 36 72 700 786 692 447 831 663 5 175 591 424 379 781 451 876 619 365 250 257 230 68 433 327 660 425 234 181 36 766 931 903 541 634 719 558 141 342 678 235 390 632 639 699 745 316 105 497 112 193 145 826 791 479 18 219 909 346 887 453 550 894 409 150 361 399 616 672 747 829 160 239 143 995 273 196 551 671 85 937 773 583 134 561 873 620 99 171 748 664 553 860 93 823 25 285 706 215 114 16 5 86 762 676 645 686 527 952 944 77 298 205 974 841 743 463 586 537 544 666 972 673 676 516 658 369 177 40 481 25 244 345 499 1 365 450 250 735 421 637 902 2 597 129 612 395 915 99 997 96 964 729 910 798 709 296 11 71 195 327 32 53 477 384 509 263 90 348 206 534 956 775 565 477 761 427 316 632 741 403 654 625 609 606 115 289 747 151 3 37 557 914 459 417 96 661 504 543 347 582 341 486 82 322 113 339 40 971 253 351 729 235 348 27 665 212 337 484 234 187 52 385 169 526 708 275 802 79 619 945 655 357 511 293 356 728 168 906 261 983 366 302 303 573 81 5 539 917 130 435 968 471 686 692 783 23 453 703 190 888 2 533 315 742 683 974 126 754 872 223 522 411 634 235 26 206 643 327 772 272 69 852 466 912 255 921 356 526 135 448 824 738 286 18 148 685 989 364 69 795 632 879 315 360 544 770 811 822 677 120 33 519 588 941 902 679 648 1 154 109 521 437 945 41 494 999 6 281 982 618 784 501 310 143 912 68 570 832 210 94 757 685 682 53 733 86 677 195 256 505 889 379 51 791 596 85 762 555 891 530 414 394 712 929 826 644 682 612 986 311 975 861 319 89 173 535 326 968 879 100 209 374 471 632 370 852 950 762 830 812 302 485 556 590 300 988 624 823 575 603 563 750 740 150 279 936 518 826 514 142 629 539 636 633 216 611 246 129 153 31 66 851 108 747 82 885 296 870 427 759 415 644 690 931 328 301 92 515 567 953 117 183 853 896 256 856 940 490 412 120 19 48 449 690 676 437 86 464 601 741 55 636 587 84 79 939 617 986 117 655 171 222 493 334 934 781 362 868 312 892 250 648 850 98 534 478 189 256 809 941 53 849 128 721 251 165 338 737 799 99 775 424 32 588 36 425 812 870 286 948 922 654 826 987 329 267 482 424 102 712 853 917 776 538 727 550 574 617 717 77 517 229 72 410 518 527 468 674 604 761 172 48 599 379 730 284 848 713 829 43 136 511 387 359 633 853 477 335 60 447 749 900 272 867 411 828 19 400 329 36 938 115 83 257 947 925 731 303 811 196 332 930 311 757 350 541 345 437 482 561 670 24 164 277 518 485 968 302 460 121 230 80 692 681 216 630 694 495 317 558 18 490 455 2 157 755 962 36 899 804 67 468 168 79 551 587 759 204 267 871 402 671 182 251 648 140 874 73 894 35 958 559 293 780 284 881 929 866 563 930 586 703 401 525 128 225 518 662 206 996 827 730 50 792 873 491 221 535 443 481 898 67 353 156 636 467 682 276 660 348 547 405 49 260 988 383 254 915 400 898 459 12 613 326 212 434 518 171 839 163 830 604 844 60 389 704 916 381 732 581 711 122 955 551 852 907 17 551 824 79 870 579 640 421 230 550 803 897 423 186 625 23 52 791 943 373 291 643 247 276 572 294 806 216 465 172 32 992
332
268 434 155 440 811 506 243 965 334 730 652 47 373 961 709 923 792 671 147 529 88 8 893 562 234 868 671 938 196 450 430 466 776 944 860 701 743 688 944 412 464 826 913 415 298 711 377 120 805 64 636 537 953 452 318 239 636 743 224 83 138 541 388 116 175 398 353 84 605 864 32 790 548 977 197 674 98 908 88 772 516 223 197 481 69 330 538 872 383 137 166 391 981 872 267 644 111 908 669 105 365 194 501 551 345 941 476 178 738 63 636 724 466 721 133 257 867 929 61 74 812 692 106 827 744 297 719 711 722 356 729 531 404 126 503 428 324 418 370 682 252 255 329 990 300 138 29 683 572 591 686 993 828 245 928 462 424 472 648 111 371 872 252 716 335 318 442 788 340 684 603 663 426 579 872 117 119 879 537 843 84 601 906 643 656 256 846 787 840 81 208 801 899 719 440 942 635 817 803 929 678 112 910 312 624 947 758 989 794 420 952 46 231 962 46 642 512 563 861 211 852 94 87 723 144 460 226 155 228 801 131 99 668 60 794 16 63 67 145 263 21 88 108 560 189 58 436 905 299 776 777 754 399 45 643 52 517 632 347 328 911 74 637 997 196 806 236 926 205 652 710 218 356 533 138 302 149 505 87 136 996 957 738 322 151 303 817 626 661 653 963 333 505 38 429 837 550 530 347 299 609 491 657 485 852 419 556 596 932 259 735 215 380 939 421 484 47 135 981 84 624 586 435 535 894 689 877 688 351 215 980 633
444
202 223 894 782 241 23 310 463 483 977 319 348 741 443 999 533 329 559 79 877 680 265 110 878 540 661 607 735 30 529 128 127 125 933 458 834 619 901 249 7 865 940 935 924 711 974 710 998 364 505 516 292 728 802 371 951 274 249 372 622 942 659 986 58 132 128 670 53 37 297 31 296 333 222 827 547 100 924 753 125 217 707 433 621 913 163 185 551 183 551 933 416 273 428 371 924 225 993 121 763 984 892 329 64 824 647 307 64 199 579 745 307 897 110 92 720 265 221 871 197 77 907 693 550 137 792 460 192 124 414 118 473 165 402 151 603 303 357 521 910 367 719 394 149 574 718 820 595 977 276 836 681 504 824 220 207 314 252 740 216 962 403 863 70 406 298 354 451 975 665 27 944 943 127 916 567 860 908 839 769 463 201 819 57 251 55 27 369 40 296 591 173 11 537 613 307 460 843 957 142 24 350 254 715 624 532 92 687 166 856 6 996 819 130 66 252 222 782 370 916 378 616 809 126 717 70 974 672 817 6 992 210 160 605 913 97 338 534 758 315 926 693 428 396 798 796 825 460 174 80 229 780 707 196 439 982 661 591 811 226 219 705 619 349 814 504 713 656 932 34 991 943 270 43 673 972 322 479 900 270 807 865 746 71 434 660 856 606 684 149 374 715 796 733 420 405 329 469 577 518 54 347 35 779 106 729 864 462 670 482 655 342 215 63 338 517 222 884 378 81 165 732 393 294 141 860 611 370 984 86 171 334 518 124 362 696 712 546 781 668 24 812 307 876 912 133 58 331 331 232 652 182 12 811 719 915 453 84 479 317 757 632 97 376 324 878 187 454 281 775 494 726 543 89 812 889 429 86 98 224 174 958 604 886 300 780 482 875 658 214 604 148 489 384 85 989 435 201 948 380 515 95 554 294 444 370 6 662 717 709 512 131 87 858 24 854 596 891 426 767 270 29 258 432 560 186 537 605 520 448 827 483 595 446 958 575 136 549 687 816 143 53 586 812
982
603 836 754 144 463 134 875 192 315 234 696 169 368 514 67 470 669 655 454 597 18 299 368 112 237 542 4 408 366 149 551 413 182 662 701 816 318 251 988 59 17 487 743 931 321 830 659 326 673 329 970 412 166 623 796 193 373 215 899 783 468 540 413 442 27 747 517 14 649 472 327 891 469 942 910 253 415 961 183 422 66 473 875 606 226 513 239 742 601 331 720 402 180 221 999 233 459 660 235 659 306 643 308 408 653 587 16 740 799 666 677 613 79 619 135 586 466 910 566 542 140 189 721 998 406 297 992 567 800 740 577 310 799 240 480 471 760 117 883 502 506 32 217 390 814 11 762 775 814 600 536 870 68 447 973 470 759 333 577 517 671 595 43 851 573 599 692 732 912 845 520 284 98 458 785 734 376 196 285 527 406 415 186 235 160 78 906 827 128 689 538 704 610 253 19 386 165 516 62 677 960 529 118 475 858 744 592 260 973 601 851 173 543 934 76 670 763 967 656 515 88 693 71 753 834 924 487 585 676 454 732 875 614 589 845 245 346 660 70 217 730 136 58 910 619 480 763 290 96 910 378 895 553 229 84 182 826 812 796 756 497 542 124 465 634 418 806 812 946 495 952 529 16 289 161 591 190 309 906 70 94 417 925 276 169 887 46 171 175 519 465 561 620 43 328 86 965 854 750 29 324 628 725 811 823 368 705 305 293 963 115 783 940 501 419 94 10 43 82 698 472 315 318 523 128 884 144 776 353 235 639 252 765 6 913 834 537 257 428 806 217 157 839 172 876 619 696 596 131 464 29 916 514 173 936 486 632 97 352 441 876 808 477 814 527 837 267 139 116 922 960 513 766 934 20 240 625 534 416 464 918 608 263 352 52 218 915 219 497 49 326 385 924 215 505 549 412 802 578 225 831 99 499 372 169 545 438 72 504 370 722 138 790 621 817 295 82 115 414 368 451 298 279 290 207 57 429 92 346 474 802 378 480 720 879 867 587 596 880 684 592 603 638 767 731 657 979 820 669 86 332 617 656 228 33 708 796 867 135 544 453 466 350 905 128 231 681 727 693 69 531 431 892 488 595 42 686 989 643 385 379 244 375 447 673 631 829 330 50 947 203 169 879 679 527 608 260 942 530 176 83 818 955 323 769 550 319 662 98 424 619 418 597 462 748 389 168 566 833 752 456 93 769 722 154 904 839 968 792 12 828 325 313 858 570 865 47 759 74 915 587 935 851 781 737 767 277 206 691 333 988 190 155 704 104 625 683 574 452 180 954 87 899 963 959 437 445 470 266 155 263 515 138 904 912 434 970 697 136 199 948 724 283 508 986 751 720 87 755 527 114 846 771 827 264 122 11 337 761 780 773 212 599 30 101 947 170 883 135 708 600 500 336 105 343 689 317 317 620 660 235 296 558 192 362 893 820 93 527 429 561 682 882 22 961 218 889 910 308 698 211 827 970 799 170 464 527 920 929 66 400 760 710 493 569 912 826 517 851 53 224 371 677 202 794 552 903 334 67 429 52 726 24 130 628 566 782 912 888 349 918 341 286 651 229 494 466 330 900 335 423 438 934 28 665 153 904 996 172 846 503 838 53 555 299 541 392 549 900 298 265 354 959 328 355 694 354 229 514 97 779 238 916 896 571 77 522 809 141 98 176 181 595 774 567 772 917 727 672 143 342 748 335 961 821 524 66 340 81 221 404 856 707 701 662 296 509 937 516 601 711 196 230 230 997 484 307 651 180 360 977 629 972 915 709 202 73 68 604 780 535 722 592 249 789 808 599 215 697 544 905 810 524 813 659 302 275 860 346 488 997 710 423 725 368 822 442 864 833 924 995 420 895 185 907 77 888 411 604 361 682 229 770 592 828 991 111 723 890 801 666 937 173 40 19 471 654 476 552 105 538 484 949 904 86 185 371 908 588 72 844 481 720 563 779 127 571 948 978 239 648 991 481 57 875 166 505 906 255 686 633 837 135 526 284 730 325 385 591 873 825 851 185 860 68 541 489 901 46 83 453 564 420 368 120 171 809 549 40 538 845 987 617 275 470 877 656 242 21 667 913 779 104 42 722 515 919 865 567 514 866 81 309 934 358 516 177 954 110 631 621 562 247 121 805 177 103 315 143 336 398 407 511 54 919 597 580 482 9 20 364 877 158 682 824 78 695 63 678 676 433 917 113 399 729 212 26 562 647 690 552 244 688 166 484 33 336 577 385 309 895 531
986
120 88 24 154 210 311 447 238 726 403 898 878 320 26 477 52 836 581 154 426 845 785 104 656 494 720 411 645 563 19 654 89 942 238 538 966 352 560 222 99 127 417 902 903 951 680 784 771 261 906 577 294 112 966 438 751 230 296 475 634 712 33 847 964 920 632 115 808 528 299 526 858 534 267 671 670 859 691 611 527 546 884 920 901 914 680 424 962 678 297 841 56 499 504 808 620 113 170 923 533 729 467 203 456 49 942 54 347 870 691 392 716 765 191 416 319 849 127 600 810 731 22 411 515 754 413 34 905 778 810 131 524 983 794 127 508 834 39 748 319 365 566 310 215 751 858 94 992 329 83 905 164 85 852 89 21 506 521 296 434 812 171 221 25 440 799 93 826 382 285 884 531 847 979 369 747 565 271 123 160 505 608 965 619 654 80 40 203 602 659 939 81 818 851 348 927 650 432 571 345 308 13 827 911 324 425 116 893 423 995 613 693 707 715 335 244 988 794 442 504 293 554 258 690 379 694 417 860 557 128 755 982 235 296 715 164 584 402 437 594 375 30 677 288 637 253 689 392 482 422 39 661 652 211 863 157 376 454 405 414 157 447 317 471 86 196 99 798 678 746 125 655 534 187 785 156 180 53 847 269 42 143 835 523 365 862 876 944 563 307 78 339 474 712 840 680 697 203 558 965 562 787 631 853 94 934 451 772 800 107 626 91 117 324 698 20 400 226 33 598 166 63 326 35 1 12 365 903 497 463 256 775 651 626 890 843 634 927 277 59 277 174 80 702 570 973 662 168 900 627 946 383 101 890 872 23 794 772 513 721 556 670 279 498 832 778 281 733 61 751 339 41 493 615 623 75 357 292 391 972 293 207 320 241 42 407 988 96 280 43 750 641 664 656 249 350 454 852 707 892 378 131 150 616 606 347 592 697 999 503 908 777 715 312 835 382 970 25 503 489 881 452 459 918 210 886 553 879 740 216 420 417 26 750 398 675 107 348 317 633 369 327 74 793 758 251 797 694 232 437 984 715 380 15 495 700 354 405 119 362 836 594 640 229 826 429 34 955 674 281 892 262 79 581 542 69 312 996 509 782 465 160 505 739 469 109 199 867 412 976 95 856 693 202 551 611 665 947 290 891 303 841 500 947 95 508 689 61 903 524 930 349 61 434 382 725 832 172 859 896 370 408 183 680 49 850 194 823 959 113 966 133 843 702 380 174 910 304 167 217 708 69 385 859 981 217 723 169 241 576 823 38 764 375 172 139 490 5 171 741 111 19 484 755 410 723 631 227 356 792 448 185 448 137 45 578 20 97 984 376 784 611 780 370 214 21 93 514 589 109 410 551 874 558 678 999 382 128 177 461 983 777 874 6 276 694 892 481 650 907 954 175 415 774 93 62 916 220 76 269 330 572 383 761 709 724 146 104 838 676 372 403 557 713 635 492 241 355 940 14 348 862 492 201 426 683 162 812 42 36 488 568 339 32 310 261 616 342 331 606 325 692 207 612 259 185 793 346 72 523 316 665 119 401 317 469 877 88 382 916 39 869 645 285 11 977 519 368 346 115 293 750 897 4 349 375 545 829 782 461 33 985 800 311 34 666 338 428 711 291 844 935 253 593 182 159 588 266 975 697 232 446 787 236 950 224 407 465 93 542 530 508 407 618 519 961 430 669 354 156 640 682 659 619 470 694 517 944 795 994 474 199 452 566 19 190 641 724 199 908 667 853 39 996 908 153 712 400 633 664 314 347 218 146 546 354 96 649 916 99 544 717 749 52 583 475 78 546 585 775 344 808 570 748 274 292 151 347 290 189 433 849 258 231 417 795 664 802 500 113 675 193 22 22 186 333 378 152 868 155 874 661 84 507 875 48 15 767 494 897 917 591 949 462 766 471 429 745 592 658 740 59 627 571 57 917 14 602 831 752 192 887 245 638 337 516 666 238 325 497 228 707 910 974 284 75 452 678 388 583 690 498 57 378 279 48 693 15 653 484 223 768 511 937 96 981 547 749 471 25 327 596 88 635 574 506 511 961 143 552 307 54 770 213 460 219 610 725 973 682 524 973 122 936 789 78 684 940 400 922 133 370 856 318 876 806 499 185 147 591 713 174 973 825 141 58 81 319 236 807 784 899 38 849 878 538 827 459 78 257 173 816 223 3 620 210 46 500 151 890 562 764 867 653 164 305 588 908 766 638 531 740 226 574 758 973 444 640 754 325 241 443 528 805 155 966
28
114 210 925 209 966 108 956 746 208 837 452 303 846 458 804 211 55 658 11 77 853 72 908 303 293 988 273 14
534
911 212 194 952 709 353 3 462 75 703 664 492 173 762 404 5 199 750 744 927 570 918 900 676 358 778 885 915 265 476 878 12 554 162 841 518 333 243 38 83 913 997 774 693 805 440 266 717 163 356 676 524 139 81 756 1 616 491 535 733 219 93 123 604 347 666 771 35 161 353 920 27 876 119 682 375 694 878 346 255 676 488 616 626 508 827 187 685 916 473 751 494 869 433 20 261 53 607 744 377 107 618 417 638 311 837 558 837 201 249 638 749 822 425 102 741 182 953 967 227 542 642 985 597 771 134 95 942 705 439 109 279 899 756 562 873 287 732 595 307 848 765 861 306 625 571 421 425 460 167 611 551 554 834 470 451 559 550 313 182 214 302 174 955 661 74 144 885 93 420 960 630 141 254 555 46 766 287 692 978 70 385 622 208 949 206 594 401 76 231 55 916 221 483 713 814 894 124 701 77 899 802 883 709 195 161 730 608 616 52 826 15 773 3 975 296 361 155 951 177 338 872 810 107 287 898 89 581 355 980 826 643 816 802 72 129 897 497 124 197 803 639 489 529 594 161 33 904 611 533 751 652 209 422 865 595 590 741 666 754 86 925 14 91 540 481 595 493 348 534 759 728 570 40 338 795 679 354 773 931 975 81 518 358 141 379 799 305 424 82 32 12 170 630 801 311 296 820 356 481 25 926 644 674 534 75 249 277 294 175 820 883 119 408 707 165 795 102 840 319 41 301 474 730 9 92 629 889 415 266 32 948 870 839 583 450 288 413 977 733 173 152 119 245 465 539 920 950 574 719 63 861 833 950 17 992 453 809 656 145 723 75 940 943 823 703 327 366 391 310 29 868 924 694 762 792 457 369 955 516 67 856 608 605 11 325 523 686 66 946 96 248 412 443 779 792 420 517 542 593 532 893 835 604 366 310 293 799 251 707 321 282 633 627 404 593 113 704 940 667 786 939 414 88 302 493 530 610 726 327 305 220 296 800 750 440 831 628 576 152 135 722 168 399 207 797 546 606 363 56 938 637 795 365 358 253 620 888 878 950 223 17 96 112 388 764 469 113 522 38 990 150 746 690 636 398 954 470 971 937 25 803 656 489 331 808 13 738 502 573 606 4 167 850 533 601 255 616 498 575 824 895 57 196 423 844 893 652 968 800 85 29 564 634 952 856 577 569 542 448 799 908 342 671 411 897 73 532 789 695 174 318 778 468
13
942 540 726 623 931 488 232 781 572 732 488 203 227
725
138 197 751 393 493 928 710 328 547 40 395 573 374 360 777 687 66 75 428 438 63 476 234 302 266 275 564 667 19 106 434 24 751 793 352 784 961 355 437 913 772 274 724 146 755 74 340 137 159 681 881 741 30 323 725 44 991 295 192 54 196 356 612 169 967 134 236 511 562 22 757 825 969 891 637 556 825 855 964 543 464 853 763 982 938 674 360 649 25 943 708 243 296 407 823 128 789 426 436 373 371 671 348 157 955 233 653 548 256 709 682 956 344 60 665 966 99 976 769 21 875 557 499 270 454 97 285 100 320 39 123 723 418 119 581 870 705 599 53 490 509 232 309 584 399 37 755 669 608 771 926 826 699 193 635 459 309 605 1000 34 13 105 722 845 99 816 434 695 226 888 106 871 77 41 103 904 880 19 437 945 620 150 560 607 562 899 373 729 372 420 3 355 514 259 867 326 597 848 469 399 839 960 182 714 318 77 391 148 585 290 409 163 765 847 296 131 31 757 105 875 511 596 957 190 647 877 407 75 507 429 456 785 755 880 656 117 610 291 720 740 60 529 106 458 602 946 986 290 771 146 256 712 929 895 878 942 498 351 257 915 213 830 998 832 517 914 642 227 792 830 919 302 202 667 213 521 165 880 564 633 883 253 392 480 222 304 294 695 745 305 264 347 693 471 220 109 703 900 451 252 708 586 77 483 858 435 994 705 319 180 710 952 126 840 549 825 326 455 490 850 513 458 308 225 262 227 894 107 550 676 272 312 766 791 384 777 32 785 212 364 356 840 147 17 517 501 319 270 131 800 446 438 978 553 290 636 477 259 522 772 585 715 681 428 635 733 880 217 847 246 420 613 240 123 540 889 317 109 344 163 336 504 374 47 30 630 954 738 831 791 770 883 563 96 1000 883 392 772 650 224 582 265 380 439 305 840 332 153 611 907 295 746 9 834 296 948 942 722 616 337 489 324 101 32 309 62 769 567 294 694 213 936 145 446 180 395 528 240 121 926 762 317 648 786 139 464 1 237 10 125 594 582 189 657 565 993 347 585 585 977 303 987 653 433 375 856 681 30 352 590 141 319 943 437 243 840 930 717 713 88 212 205 75 685 423 929 140 871 111 294 600 336 448 524 356 416 54 150 454 139 728 208 540 530 693 783 301 251 575 28 588 820 450 991 778 663 868 761 566 957 447 634 967 780 141 809 742 655 544 682 816 351 786 145 664 253 5 433 269 213 161 40 733 709 970 4 69 249 707 710 637 433 808 428 474 422 783 321 161 396 376 828 912 731 392 575 567 361 986 732 11 46 432 787 645 172 144 847 826 594 801 540 539 896 31 885 476 458 647 181 600 655 200 830 810 632 981 328 206 142 392 623 632 128 914 573 386 518 660 894 442 44 700 168 701 455 793 17 533 841 515 811 928 644 855 460 669 422 602 406 927 91 259 349 149 183 191 380 604 333 530 934 219 212 270 171 27 454 354 483 321 190 222 353 61 153 645 457 709 47 685 797 778 573 955 920 513 838 585 172 746 510 876 432 112 641 817 816 250 351 821 645 265 733 209 628 369 734 147 310 164 383 105 871 622 944 632 934 616 937 189 467 638 123 137 71 35 131 161 152 651 278 191 686 914 976 473 10 405 499 33 630 20 446 743
245
241 819 756 205 324 837 760 988 397 196 112 727 791 609 314 868 60 273 729 693 358 480 757 270 298 226 466 173 848 700 736 984 160 677 903 345 7 455 16 595 180 410 423 50 641 124 400 801 888 345 339 926 645 502 601 962 974 967 360 345 864 441 567 281 189 170 799 326 717 775 136 852 942 71 15 744 503 687 101 86 448 288 689 681 869 825 476 816 66 326 139 159 162 73 28 884 830 33 303 567 940 938 357 109 366 304 861 999 727 455 966 220 666 795 827 859 718 926 39 613 424 943 717 266 741 3 933 68 374 80 953 120 301 409 444 932 623 700 395 57 587 15 976 295 793 189 420 62 983 667 93 815 745 352 225 350 164 639 575 873 542 838 902 635 72 662 360 37 510 490 536 473 176 453 773 677 965 196 114 981 300 978 752 549 799 137 693 691 707 998 936 724 683 509 751 794 600 883 848 472 94 945 224 568 468 100 217 260 49 665 237 829 729 211 488 491 718 678 535 151 890 384 228 408 585 623 267 631 924 401 182 628 321 67 958 351 839 455 732 849 900 443 329 369 705
516
613 682 28 5 274 611 493 564 520 76 531 701 462 575 679 201 89 812 236 331 760 377 446 254 893 414 871 101 674 530 471 179 886 972 329 625 901 811 110 795 569 152 84 430 612 165 872 916 601 261 786 72 822 936 144 941 982 582 409 939 839 201 496 544 615 495 70 902 545 357 996 431 437 364 354 375 718 84 512 162 986 71 174 398 113 560 682 955 567 951 393 744 443 476 620 977 255 532 855 656 76 178 575 650 518 212 680 470 297 81 102 526 304 855 337 583 833 721 616 201 774 185 213 396 863 885 113 71 737 810 561 413 670 456 754 488 946 464 804 324 891 936 925 808 751 883 984 468 34 147 124 344 484 654 163 864 75 844 645 58 77 330 854 667 651 755 456 445 483 615 877 565 784 998 820 489 973 998 256 556 581 964 486 170 843 15 493 427 543 958 269 518 425 467 342 901 939 544 854 62 406 63 12 185 748 832 977 684 405 295 152 790 393 299 727 634 305 29 104 26 124 7 407 361 583 3 892 521 594 860 17 839 51 439 104 694 146 986 378 194 362 988 142 47 117 865 958 384 930 364 794 651 424 724 977 23 13 854 11 664 238 600 231 446 456 384 182 341 394 121 364 175 848 578 473 559 601 87 704 200 510 925 915 149 269 283 567 671 65 597 61 851 477 4 109 574 90 329 958 617 957 866 783 595 742 591 417 326 368 417 657 368 553 68 866 540 168 618 480 323 326 590 491 684 702 971 600 325 552 312 497 544 761 105 810 903 529 179 288 167 566 699 24 404 140 695 684 567 385 502 384 106 716 873 521 187 20 375 718 540 663 497 428 980 849 93 372 361 875 443 953 402 902 592 627 787 161 277 405 785 897 116 44 499 592 387 111 418 329 459 342 455 173 456 393 59 619 211 70 729 408 398 64 320 43 439 394 413 784 338 523 186 247 703 527 505 441 214 493 269 749 812 702 732 32 695 171 810 408 539 950 76 276 65 120 779 120 575 636 409 385 627 510 187 475 998 350 437 442 827 393 213 819 327 73 958 565 698 506 165 747 634 187 992 219 37 877 444 176 724 618 100 698 976 451 714 409 665 736 544 514 915 887 781 684 739 933 818 645 522 468 749 628 934 908 497 991 23 245 687 925 358 197 171 170 586 916 885 62 738 146 766 924 891 995 871
412
128 606 358 553 318 291 2 157 497 672 522 992 604 266 568 635 305 294 722 401 253 152 912 634 596 59 152 618 329 749 719 456 668 188 935 520 640 370 694 181 784 76 494 321 372 935 290 509 120 644 796 733 230 462 38 920 170 548 454 839 887 918 820 758 881 332 378 158 242 959 37 383 987 211 270 190 812 769 931 809 585 73 260 81 493 539 202 250 803 415 962 127 251 702 3 39 463 1 694 144 615 816 697 744 759 719 966 840 930 188 714 282 609 483 805 344 285 322 983 260 269 954 585 328 690 373 764 740 947 350 468 970 465 186 240 70 683 50 3 11 946 510 741 630 292 790 300 783 555 292 832 466 69 969 377 715 754 674 565 245 986 918 295 778 264 317 955 278 450 253 679 340 52 669 248 184 575 328 788 703 287 619 187 843 961 875 872 276 129 983 851 481 212 892 437 210 617 535 960 488 852 852 217 652 682 273 181 672 874 392 561 42 661 293 989 426 401 187 95 716 478 321 890 227 246 802 471 158 917 268 835 73 734 174 652 956 458 692 907 686 313 350 716 496 304 911 999 222 34 889 169 605 236 454 886 126 157 183 332 93 135 675 682 326 397 266 622 562 930 962 654 337 485 539 559 863 504 133 48 82 194 428 440 305 93 291 277 410 185 333 435 175 657 248 280 85 162 767 325 561 432 930 773 657 214 17 825 526 701 840 35 69 231 138 255 211 515 952 440 389 103 646 924 11 455 844 945 451 823 105 923 444 155 237 32 430 223 964 931 678 307 378 861 684 779 833 859 396 15 804 235 72 6 456 260 51 889 321 638 699 221 911 107 271 671 823 319 505 980 467 698 50 515 742 314 843 379 593 524 698 958 897 438 233 296 272 667 687 690 38 330 242 692 216 263 420 871 399 973 210 319 851 515 324 460 688 233 359 867 276 745 938
206
277 53 502 601 642 633 125 132 947 452 250 931 775 926 175 165 177 206 175 603 362 235 585 127 744 79 758 944 967 709 720 885 954 954 13 177 185 348 509 543 35 747 653 410 897 962 796 438 382 405 771 964 465 719 356 27 235 673 247 249 995 557 748 641 170 506 686 509 931 342 621 495 534 778 227 542 104 298 784 183 704 287 828 605 812 217 798 147 223 455 328 525 224 370 328 861 809 978 137 970 925 702 655 718 420 360 2 602 829 800 177 670 425 592 313 825 613 514 517 759 906 121 337 768 326 275 707 924 79 879 354 548 342 86 835 602 388 89 479 38 192 939 586 150 26 83 40 60 860 123 30 37 767 762 950 497 954 864 569 682 827 272 644 956 549 749 102 294 371 564 689 481 256 858 586 21 205 632 75 153 230 74 133 449 633 157 774 822 465 397 62 377 601 262 949 790 779 413 198 977 597 762 549 970 668 465
610
66 6 84 549 892 970 72 754 747 678 7 373 140 949 368 320 133 272 565 662 413 377 275 703 222 134 424 506 155 720 171 364 774 783 502 661 484 830 323 959 985 713 134 164 7 172 370 520 324 3 500 579 106 936 975 357 522 713 547 174 735 759 260 679 975 468 120 310 369 117 414 212 906 392 600 290 458 935 544 572 89 425 450 669 713 841 168 482 745 417 952 627 450 182 725 89 647 913 810 348 890 435 424 925 754 306 309 276 161 455 418 794 449 496 356 69 793 238 185 260 380 523 16 173 406 384 811 664 736 603 112 793 936 789 976 101 417 568 754 386 695 827 426 1000 35 896 929 721 315 202 829 851 103 473 786 951 216 645 694 854 497 530 76 277 103 419 680 394 331 995 286 357 421 375 660 529 364 729 530 540 510 326 785 471 224 88 842 564 386 447 478 854 929 49 51 881 973 19 934 279 327 988 961 722 270 229 683 558 671 51 83 187 587 814 692 854 827 950 595 596 90 542 225 917 789 613 526 262 365 20 131 382 740 331 398 40 662 291 890 505 793 734 31 744 387 613 698 293 363 354 860 892 259 403 83 247 939 529 627 1 903 112 546 799 109 111 156 511 869 764 941 40 781 946 125 295 237 902 961 581 849 114 640 233 466 420 620 931 36 49 529 611 332 832 650 127 383 135 280 843 411 653 769 676 171 165 649 890 257 597 763 625 763 407 637 829 533 704 966 621 509 517 638 935 563 296 761 362 160 827 332 165 405 272 720 747 746 778 377 798 374 183 266 111 599 587 519 498 972 538 704 250 404 234 469 250 467 776 941 760 292 580 869 3 941 640 858 365 581 230 173 812 618 966 479 806 700 741 847 206 405 934 339 431 716 44 129 270 11 335 986 920 503 805 711 778 952 259 695 710 838 607 563 209 247 680 943 645 470 125 900 306 774 351 936 865 521 105 375 716 342 208 210 799 572 552 868 880 516 733 842 497 113 36 212 400 523 503 758 491 306 948 848 386 323 823 494 259 244 963 448 263 851 448 493 921 7 92 918 167 693 251 932 523 171 852 309 277 218 480 412 957 351 195 969 862 26 615 450 649 580 427 524 325 695 343 686 766 603 516 378 409 356 703 18 261 240 341 896 776 367 86 33 185 270 270 695 859 880 301 484 931 306 164 319 950 469 621 873 881 342 870 518 140 761 350 882 47 876 726 876 81 813 934 40 969 127 575 743 145 966 529 701 339 354 22 968 162 737 317 940 507 805 213 942 771 332 144 600 225 96 557 5 43 16 159 739 965 984 598 920 416 809 468 381 805 913 179 254 233 117 77 943 564 700 589 109 30 604 557 292 931 732 301 931 87 482 547 986 748 78 985 831 913 501 649 740 83 763 896
723
962 403 543 93 31 438 526 645 569 187 28 631 79 79 541 279 550 384 315 264 108 842 56 991 460 437 36 453 412 719 156 124 505 234 559 589 63 602 34 865 19 44 388 409 751 538 90 250 148 823 565 176 45 310 714 199 906 17 285 450 92 917 662 179 541 248 262 985 533 482 266 883 355 317 519 274 33 394 120 544 128 740 427 141 960 317 917 176 171 960 729 412 785 992 280 794 203 821 924 866 72 113 905 474 220 116 622 81 487 834 120 7 308 590 536 804 815 363 739 542 915 453 25 108 626 767 747 386 309 933 357 976 791 972 403 981 502 634 747 995 486 500 686 484 187 681 539 867 143 509 645 269 462 213 555 234 982 721 719 5 999 784 415 283 788 271 242 667 458 956 317 436 2 671 201 357 244 40 442 949 229 468 101 890 642 409 645 420 498 208 361 254 779 11 41 512 939 883 142 918 709 12 531 558 442 824 738 902 747 315 605 608 923 127 359 384 984 37 12 759 228 197 441 286 921 929 829 588 304 39 805 238 791 960 932 820 28 585 212 691 527 517 35 610 14 958 256 909 854 392 689 720 144 443 390 783 103 796 641 405 517 747 712 667 407 81 78 969 462 342 839 906 329 453 23 14 567 86 58 497 126 876 982 131 459 652 992 660 52 642 120 878 783 591 634 170 543 950 347 648 204 818 403 376 253 650 187 337 633 658 117 478 259 887 506 666 530 53 979 604 818 611 607 870 232 395 262 414 391 886 648 132 737 358 340 721 919 50 951 747 815 219 691 94 793 64 492 96 248 670 130 832 745 225 324 344 750 344 777 718 153 204 247 284 869 815 762 170 149 923 775 371 475 292 331 982 9 252 164 162 109 925 819 644 369 156 272 101 254 978 229 498 507 282 414 156 147 36 248 487 156 544 11 547 346 847 927 220 933 283 336 943 582 836 799 172 850 465 673 460 613 15 224 857 782 565 546 161 576 671 642 499 629 36 526 747 483 965 886 520 902 579 872 67 983 656 993 987 160 556 93 241 532 880 595 340 595 471 422 737 640 873 116 43 546 827 192 337 997 7 773 125 43 801 456 727 428 349 734 705 481 217 387 616 132 891 1 63 713 781 842 720 369 684 499 794 39 721 330 956 298 948 768 337 22 482 756 379 844 519 732 734 803 83 98 535 966 196 684 739 225 571 257 328 748 393 966 163 381 361 98 830 867 851 670 53 33 381 689 736 467 71 479 242 149 964 510 541 755 155 278 913 628 235 181 80 662 741 654 987 546 293 377 739 23 480 945 305 251 116 696 989 341 270 631 85 788 916 780 395 214 968 483 978 467 686 549 182 753 619 987 190 2 11 31 162 145 577 815 766 7 775 957 688 770 597 559 694 136 977 581 915 650 553 162 956 489 243 583 447 343 819 334 343 46 759 665 390 827 763 313 617 244 195 524 60 855 899 808 119 994 151 612 17 756 644 683 591 461 383 822 588 432 204 58 709 578 467 876 702 392 514 812 519 854 637 983 272 449 160 192 208 591 497 194 879 491 601 336 332 119 557 215 570 733 388 459 261 700 653 475 834 6 615 537 899 566 745 191 852 802 556 264 848 723 804 745 537 257 460 318 433 314 202 141 288 796 131 351 644 218 632 50
181
590 556 855 355 476 725 405 286 572 546 960 804 164 267 705 75 885 257 625 286 832 362 829 994 446 202 369 809 294 910 433 334 971 374 524 575 548 226 247 119 392 981 191 366 339 173 583 52 24 758 758 589 620 655 646 841 608 76 824 717 119 804 50 717 27 391 941 661 652 198 579 41 767 618 398 598 454 13 207 15 838 367 606 73 973 783 115 371 67 84 185 928 123 324 632 186 298 476 273 450 422 476 618 483 788 380 763 94 50 751 953 521 965 19 224 146 905 288 737 389 830 212 602 203 758 4 215 70 386 199 31 696 600 335 30 83 648 370 129 709 956 547 977 663 254 265 455 504 940 41 978 753 277 753 696 115 189 185 355 314 102 772 783 627 571 54 599 52 124 678 838 365 991 627 158 389 512 780 503 604 17
84
695 416 567 139 960 558 384 767 100 524 863 498 879 971 549 114 676 327 331 994 310 51 23 412 516 232 829 818 802 696 30 283 59 452 316 876 509 121 5 800 768 6 424 580 878 473 756 398 649 730 497 439 866 726 112 269 766 317 455 938 923 864 366 7 916 320 395 234 148 664 126 569 521 471 290 961 558 414 717 140 160 948 831 890
558
836 229 342 802 425 781 289 817 743 493 356 65 145 120 306 917 163 918 135 702 310 790 247 993 307 137 217 891 673 298 434 741 792 898 364 787 925 309 642 799 480 717 151 554 611 738 703 219 534 640 578 503 681 671 604 966 465 63 983 998 910 355 124 422 270 27 992 886 95 658 544 428 502 117 174 201 497 247 478 736 989 411 40 118 229 172 454 909 281 403 665 464 740 680 66 298 518 214 757 706 401 942 142 679 106 297 643 981 369 478 231 756 955 57 678 521 126 756 556 790 827 730 443 976 883 70 811 111 715 925 679 283 240 775 858 975 708 513 632 189 629 111 19 74 378 980 20 600 183 207 477 852 558 376 125 700 729 600 50 185 607 297 616 243 715 899 333 701 195 896 961 357 521 43 229 70 579 643 742 778 904 299 519 804 111 310 864 130 115 761 325 376 412 903 104 177 949 302 939 926 281 469 496 601 508 454 796 632 731 184 170 603 952 936 460 808 495 129 967 313 606 167 860 588 958 37 601 60 343 874 810 936 619 605 527 565 389 456 652 546 763 240 630 112 226 369 575 942 958 329 940 14 499 916 156 39 348 362 905 851 792 45 389 879 673 63 444 163 390 153 452 424 787 321 259 746 39 897 483 137 983 568 252 960 611 277 570 167 968 716 236 136 353 9 523 578 206 452 853 213 727 117 856 647 809 197 274 925 886 579 957 276 348 791 688 691 557 388 331 194 165 131 592 729 649 552 633 321 956 682 618 381 42 529 176 415 987 326 379 340 115 356 99 445 200 156 275 992 980 896 173 87 49 950 574 996 428 123 124 477 720 823 480 205 634 928 840 118 785 537 425 183 315 508 802 124 42 257 490 206 582 542 625 430 573 813 241 479 706 37 179 352 277 707 20 134 835 633 957 788 931 95 204 286 319 187 343 831 633 20 641 145 493 860 951 341 604 462 251 891 952 489 614 523 907 969 112 337 684 724 800 906 55 754 307 4 170 393 598 1000 142 72 419 478 89 79 35 98 472 923 467 936 789 809 99 421 38 1000 965 370 858 179 563 34 768 558 897 623 498 78 554 471 152 241 522 690 330 673 67 815 379 13 132 73 664 965 572 351 265 648 193 998 179 135 262 363 96 416 543 808 996 901 988 971 661 187 868 878 273 556 449 417 732 319 993 813 587 133 330 191 880 858 62 270 419 282 180 515 51 766 969 739 199 895 976 537 112 269 97 643 271 633 370 606 981 707 582 864 325 808 585 580 221 30 356 137 497 501
804
655 855 60 721 377 508 715 577 44 957 389 107 12 597 854 593 901 954 380 339 936 57 493 313 243 396 347 492 148 135 576 86 621 389 844 545 585 369 714 180 976 551 363 951 692 361 775 671 628 179 950 162 212 83 371 533 341 21 464 330 353 720 651 371 325 369 952 669 933 669 306 775 379 378 882 750 406 878 8 425 866 974 711 812 417 2 144 789 148 669 851 111 788 323 221 156 977 748 687 816 759 141 107 208 829 222 797 900 886 166 176 427 912 866 52 273 664 823 260 666 9 705 734 704 168 723 161 733 744 43 207 744 631 860 54 865 769 913 404 715 964 934 675 944 405 997 284 185 238 752 585 460 33 768 589 839 477 539 841 784 668 491 254 957 751 969 786 686 527 766 995 644 732 800 779 214 474 732 244 809 586 847 364 839 461 338 49 971 852 177 936 962 686 284 715 195 848 292 762 229 850 200 387 975 845 943 475 657 168 569 886 386 238 161 31 707 436 645 287 39 17 342 932 670 150 379 966 277 311 865 452 628 897 904 102 5 115 799 916 930 787 606 321 195 561 863 820 628 23 50 547 422 1000 397 51 782 858 54 257 279 322 766 772 592 215 847 674 330 685 495 847 679 941 81 522 821 843 905 451 325 621 193 842 813 525 708 493 196 936 19 373 797 13 934 55 8 360 309 287 135 476 637 808 987 992 289 997 582 865 588 299 891 45 741 537 152 839 489 540 255 267 702 121 278 311 545 691 982 576 714 8 238 305 474 112 346 588 455 905 186 731 752 757 428 602 616 795 886 497 798 524 859 872 231 234 857 110 101 407 114 29 926 472 334 953 930 393 95 738 192 273 374 418 628 369 159 392 766 994 823 932 747 441 834 938 439 130 1 109 30 329 190 625 624 318 471 1000 154 80 413 674 920 647 516 81 42 826 360 88 164 767 514 111 865 693 967 392 636 825 562 190 898 169 678 198 954 427 393 669 947 192 962 832 432 221 898 375 688 137 827 965 63 692 957 412 234 20 99 424 411 174 488 434 193 939 871 655 614 314 352 855 785 397 89 615 578 150 944 339 308 970 276 439 940 51 70 720 855 552 929 900 943 565 549 908 523 685 395 276 398 254 580 819 539 16 794 391 896 314 265 249 36 802 760 299 594 861 93 281 394 28 247 41 190 427 222 624 85 714 801 346 214 459 789 993 683 722 630 806 330 284 403 408 145 152 852 165 563 58 513 369 138 928 147 879 501 678 611 568 180 777 743 185 715 941 653 495 374 364 385 929 873 271 856 775 751 490 74 909 380 797 824 8 385 608 76 50 123 811 182 361 564 390 870 945 840 322 949 727 46 139 134 193 380 493 81 753 426 458 403 605 496 63 161 191 18 154 872 441 3 372 977 573 876 853 237 873 558 695 679 455 299 180 818 738 20 1000 52 120 847 414 491 92 892 766 148 655 82 151 166 670 435 685 310 262 780 668 284 298 487 418 623 70 145 419 710 104 80 547 791 727 518 427 722 989 661 664 73 674 952 56 832 792 209 483 694 726 953 710 609 543 672 438 44 48 145 972 998 603 212 253 941 790 231 471 147 589 243 34 363 287 235 568 103 126 694 461 478 361 445 178 773 987 429 445 389 462 917 756 266 842 443 357 381 361 505 146 927 197 883 298 616 381 594 513 867 364 161 16 726 855 27 57 439 70 617 240 223 306 675 555 951 436 531 513 117 614 772 389 176 952 887 575 38 684 971 657 68 780 175 410 46 683 431 119 582 188 843 109 600 150 699 39 970 106 788 729 865 569 96 822 803 608 463 575 365 442 518 589 327 188 904 933 382
257
35 229 816 704 103 79 55 636 312 329 285 549 124 343 542 332 644 678 720 832 270 771 21 431 799 778 749 91 972 465 865 738 691 226 111 250 830 340 970 418 225 869 50 481 280 300 477 91 366 969 685 702 624 171 172 364 384 292 460 717 45 877 215 440 978 337 707 938 835 242 793 117 336 476 942 557 95 320 201 375 500 591 337 592 996 48 317 106 845 931 964 720 214 728 460 467 315 141 678 472 570 942 883 569 335 203 46 758 919 533 333 524 626 775 674 732 527 124 991 482 996 659 115 857 311 81 964 987 350 448 627 67 608 970 485 263 553 556 232 152 825 457 393 737 211 434 747 835 385 477 507 333 319 868 18 76 123 759 49 887 646 478 583 153 62 670 607 723 55 362 81 654 72 578 439 942 746 943 800 76 230 116 817 623 780 862 269 966 552 72 825 376 610 990 356 904 642 518 872 484 476 457 187 233 564 804 641 954 861 921 40 596 83 290 451 286 913 147 448 966 747 821 668 149 196 995 258 710 874 221 35 793 104 914 528 281 201 480 472 829 925 550 903 504 430 750 144 64 991 968 79 305 645 474 97 462 999
347
664 444 650 990 509 842 718 823 752 856 455 574 328 600 190 403 686 32 526 174 673 611 485 235 1 288 38 997 564 429 945 318 156 23 101 213 708 686 749 602 493 215 971 93 480 577 313 154 696 737 983 45 7 566 604 239 751 902 581 203 556 374 121 709 326 964 295 16 755 928 687 581 111 606 153 663 121 162 557 99 421 56 581 916 555 721 325 972 89 728 482 606 866 478 651 963 370 627 170 641 955 534 772 73 378 59 774 178 978 713 813 266 209 322 649 455 358 75 305 507 654 188 22 633 471 139 978 467 195 962 335 868 170 228 617 190 203 209 448 590 292 29 177 802 733 272 944 38 266 479 630 404 607 159 276 542 321 58 191 479 371 993 158 396 649 849 47 741 36 499 82 520 737 710 543 503 372 834 944 480 273 618 41 449 758 951 235 606 120 898 243 556 320 8 67 217 430 121 889 751 247 761 410 271 739 933 965 675 893 680 55 467 469 894 936 740 211 777 856 601 621 565 362 812 818 554 559 863 751 231 509 182 163 733 675 735 834 457 859 763 161 306 553 447 421 22 10 693 411 517 595 729 95 149 99 910 625 855 644 846 384 132 774 99 418 849 511 621 264 247 868 696 388 484 51 882 418 934 35 379 164 231 924 764 337 454 136 593 703 940 688 521 734 992 508 817 951 798 333 706 180 972 548 836 850 121 587 913 442 148 24 570 492 739 131 30 34 444 175 726 44 179 865 543 952 947 827 660 711 459 572 128 58 731 54 410 142 853 934 110 565 345 739 644 359 232 611
899
552 707 854 557 662 964 285 887 767 275 637 103 763 552 637 212 218 428 422 971 434 708 936 794 196 768 729 489 990 250 602 204 356 304 669 457 286 385 733 967 995 146 921 671 162 283 767 269 598 200 93 31 439 601 810 143 718 420 883 624 566 951 567 598 478 639 890 475 556 887 404 645 493 213 456 504 445 486 908 764 543 937 173 16 939 288 90 221 444 813 36 639 259 753 730 506 690 84 495 133 919 894 522 78 560 563 541 375 769 584 533 404 319 572 991 973 36 114 495 295 201 514 568 650 826 835 243 104 695 553 445 401 875 452 341 954 867 422 268 758 906 675 741 856 798 29 971 889 846 525 402 951 514 230 89 843 494 611 517 949 341 748 45 773 812 598 172 97 162 99 976 859 356 896 484 638 815 868 157 871 612 669 208 93 914 917 670 659 48 965 606 702 62 279 378 209 92 913 864 601 555 644 7 611 707 702 624 896 648 947 115 785 239 86 134 179 521 780 323 360 318 741 557 14 991 875 261 171 726 910 635 274 664 371 520 698 324 323 233 542 886 397 145 892 615 764 576 735 788 859 96 168 745 205 541 316 444 639 937 119 995 404 906 654 71 767 749 226 378 307 319 960 134 585 677 265 677 694 682 371 279 526 226 979 738 708 483 626 779 577 606 839 540 667 312 981 673 398 67 711 911 387 881 157 437 516 157 431 791 851 625 923 768 235 752 510 331 207 660 81 949 846 887 87 857 957 909 244 163 457 810 299 448 77 301 500 450 532 708 406 969 65 309 414 319 173 379 319 241 45 472 570 596 796 537 732 345 71 714 945 23 50 70 999 618 426 794 649 937 449 250 114 193 231 815 485 917 401 965 727 755 987 553 872 971 682 181 671 177 186 955 623 235 528 693 279 866 708 78 802 787 615 197 990 67 786 427 540 936 127 209 14 925 961 59 140 853 779 775 992 752 130 316 985 428 988 408 199 364 750 182 548 152 750 261 200 786 703 545 580 295 426 87 880 861 388 310 401 123 210 265 956 253 801 802 676 335 14 822 114 121 382 349 307 637 761 679 990 26 904 142 42 129 776 57 296 755 711 878 735 784 159 658 415 543 465 83 10 890 748 330 390 202 818 47 926 765 311 341 303 341 675 492 621 146 777 827 518 607 206 439 9 28 62 531 416 649 974 377 348 10 816 413 86 500 574 612 559 565 231 136 642 343 479 315 721 596 710 170 221 460 112 617 423 45 273 565 293 913 108 305 823 477 912 725 478 72 459 475 72 980 791 180 353 671 416 965 688 691 447 239 717 786 43 541 780 774 435 191 184 330 214 830 863 605 21 625 739 292 150 524 837 599 686 250 770 216 183 547 783 52 713 876 136 640 438 113 176 239 657 556 969 812 296 948 675 959 64 352 941 633 761 731 210 831 806 860 607 413 293 155 658 500 69 548 14 447 921 812 620 483 759 733 464 399 44 285 486 277 705 707 936 952 452 323 227 222 967 757 712 986 44 246 524 915 428 474 677 605 923 360 357 28 967 171 432 559 446 133 688 2 688 886 982 143 345 765 31 164 415 411 156 678 267 631 101 814 902 252 354 909 244 707 250 514 619 13 958 907 177 304 464 103 806 327 853 395 50 717 42 165 838 349 481 221 260 315 370 114 140 218 794 876 265 767 432 55 126 867 972 657 97 738 817 715 379 744 427 187 988 709 178 654 130 60 643 607 66 809 989 350 246 630 631 358 880 500 114 218 658 892 871 877 390 279 880 230 593 310 675 857 93 649 642 280 687 87 513 539 278 130 73 466 138 70 738 611 658 780 878 700 726 96 935 568 513 733 261 212 53 919 435 594 306 193 138 845 899 657 403 901 704 212 518 902 46 759 710 763 19 583 642 717 931 645 372 885 33 566 938 357 156 428 105 762 172 165 546 440 688 863 384 674 585 402 685 836 241 86 435 418 659 986 745 603 871 238 53 449 803 857 196 877 963 372 229 520 209 946 731 671 854 70 595 886 946 42 500 165 819 424 56 393 915 876 807 329 901 745
250
258 233 162 236 124 907 556 883 853 367 779 547 587 816 584 667 342 868 443 819 507 504 695 32 290 256 497 52 195 78 100 599 558 647 604 563 859 897 621 932 903 252 539 820 479 189 657 443 893 483 394 255 813 602 690 885 518 183 840 103 57 854 176 405 917 613 740 890 211 323 844 266 146 423 678 277 666 194 682 859 315 600 10 126 632 1 308 508 469 298 940 586 971 339 443 422 24 779 502 451 908 126 245 4 317 265 198 261 944 895 306 872 461 870 927 706 597 708 628 244 699 281 136 814 522 640 300 779 832 473 323 298 747 18 432 855 376 609 78 809 936 993 448 723 53 680 867 941 18 737 750 52 555 450 864 557 491 146 829 252 79 680 138 933 108 169 823 497 245 991 485 203 262 905 757 662 12 270 176 884 762 489 288 525 132 956 44 24 583 349 258 410 981 84 625 799 314 487 910 584 964 754 281 26 759 176 121 694 570 67 546 667 434 869 837 350 862 211 552 553 534 897 121 846 508 627 248 131 451 928 265 410 497 306 822 31 636 534 774 405 66 498 101 732 116 576 272 738 990 441
91
719 68 505 715 989 8 187 834 176 731 817 925 515 201 466 898 394 34 619 309 584 824 849 14 143 691 511 968 250 561 831 87 373 516 424 736 459 865 51 170 269 597 969 145 429 395 289 889 446 45 235 805 951 516 753 460 454 144 93 503 777 321 840 635 600 851 317 888 829 810 893 506 721 342 83 868 522 272 889 13 403 648 2 468 154 243 988 89 835 16 32
437
68 966 931 46 429 319 394 516 567 196 45 857 365 479 174 462 855 688 149 55 230 353 367 785 979 336 324 34 777 821 738 926 142 198 143 603 420 313 397 702 567 705 533 496 266 198 431 987 592 547 817 812 804 687 849 622 439 937 468 911 868 387 376 284 978 962 320 139 396 735 327 805 409 161 173 886 536 811 702 716 999 434 909 912 853 42 794 587 583 193 116 809 549 34 41 756 627 183 703 135 330 663 463 476 462 30 933 786 955 632 740 701 7 617 357 73 376 378 971 948 75 253 177 840 137 480 694 580 897 358 123 133 935 634 484 955 266 909 443 822 934 519 119 797 915 330 4 715 464 210 364 765 935 928 737 637 848 317 323 267 325 21 27 717 30 885 573 121 611 804 678 915 925 515 386 421 936 959 423 20 498 641 428 286 170 707 458 372 783 510 491 9 874 47 643 799 347 91 173 318 909 755 482 129 798 121 568 596 764 156 644 960 798 382 70 806 881 228 509 126 711 308 478 939 215 246 187 477 215 897 71 918 21 360 795 800 453 814 313 805 362 665 559 147 463 505 544 652 884 443 84 349 117 380 659 479 468 873 748 435 891 545 181 219 545 291 938 394 176 711 557 556 557 563 258 14 711 269 81 525 464 777 687 230 213 686 593 325 482 950 780 935 7 693 685 703 443 842 964 877 921 819 222 822 484 972 973 527 322 739 679 540 298 614 229 570 279 276 821 130 118 722 534 161 789 969 230 673 312 732 99 404 514 338 167 247 230 283 517 709 809 646 994 704 239 524 986 722 923 639 244 905 50 347 453 494 423 422 486 518 561 479 100 327 886 235 988 607 830 104 782 395 99 121 654 97 122 100 519 585 840 460 486 35 539 772 728 448 656 422 846 308 562 586 250 411 54 88 884 222 157 487 778 597 849 625 492 820 63 993 625 213 129 278 95 638 542 377 402 757 240 882 165 455 179 92 939 624 145 336 182 34 343 43 359 515 302
922
359 434 314 177 578 49 299 344 935 433 688 269 317 175 168 919 987 48 513 28 657 681 923 871 856 968 545 890 179 843 718 735 161 758 460 711 974 507 419 560 281 658 837 891 635 181 372 553 225 447 59 227 583 960 175 498 268 305 169 148 815 451 50 12 504 52 268 109 377 571 820 163 554 108 196 69 601 241 908 360 427 880 933 924 172 832 807 787 354 477 18 539 5 834 841 679 595 855 857 379 949 964 905 80 325 999 50 109 456 550 788 974 479 359 919 607 422 28 221 782 764 72 899 418 842 923 775 949 172 187 140 176 859 855 808 771 571 289 379 710 285 486 900 489 287 727 535 58 83 283 869 955 69 389 869 74 983 929 201 916 465 189 257 682 840 230 309 5 957 611 981 507 499 928 25 884 200 587 952 858 120 828 84 72 771 615 378 820 824 605 151 15 325 511 11 246 570 275 214 521 715 320 950 434 69 76 961 869 416 82 9 453 925 446 812 699 263 791 748 448 570 154 444 463 565 3 438 136 606 48 211 851 702 350 979 97 602 824 228 755 906 812 483 814 122 638 731 475 695 515 950 252 227 278 190 896 73 563 46 581 984 877 831 761 343 110 187 773 390 310 411 124 997 677 961 949 485 641 930 411 764 877 748 892 292 569 772 121 14 495 115 899 87 112 900 34 771 258 59 825 817 236 616 751 368 312 119 84 26 474 742 941 816 235 10 479 890 70 269 56 268 681 276 887 390 805 332 944 561 943 666 12 826 301 987 904 188 157 829 393 354 549 59 861 317 19 412 754 360 901 270 962 206 826 420 880 183 677 102 204 498 481 376 79 236 426 258 693 598 788 427 947 990 408 763 253 826 391 266 322 113 701 497 463 558 628 634 526 719 925 126 27 848 903 59 183 54 87 766 430 376 995 176 280 319 338 758 110 68 636 433 595 346 600 667 973 397 621 578 217 733 337 13 592 760 297 168 711 492 542 979 554 837 749 456 92 894 291 294 990 869 894 650 989 503 833 651 830 369 178 400 161 944 372 345 497 52 45 164 501 318 522 766 19 343 603 368 65 537 2 37 27 650 780 611 182 145 190 27 748 111 966 433 677 624 570 291 305 219 519 466 6 80 197 927 317 45 539 709 6 384 899 144 645 932 638 726 310 723 971 39 383 357 892 727 310 734 121 78 808 416 941 715 190 528 229 39 251 131 601 450 303 98 732 438 367 429 483 758 855 574 203 595 236 990 661 19 871 297 731 309 186 489 704 445 662 921 385 180 905 587 69 707 881 258 735 671 35 359 521 986 595 908 15 519 685 86 609 406 239 514 542 266 966 180 794 226 243 98 435 258 521 704 755 976 588 658 905 75 637 239 703 624 992 343 632 464 559 511 402 416 461 250 58 168 657 208 473 119 693 8 840 489 677 852 504 626 346 586 570 484 865 253 805 941 136 184 256 796 368 718 960 982 451 445 23 486 769 521 611 358 98 266 448 289 54 497 953 265 603 865 502 489 118 734 840 338 187 438 776 472 796 681 638 770 72 660 265 898 826 997 262 289 413 595 369 224 570 6 798 778 856 877 341 360 356 508 941 228 84 978 948 22 815 309 176 330 427 999 674 209 544 38 708 285 244 265 175 137 666 534 169 834 428 565 451 325 956 894 315 174 937 457 728 182 124 524 241 915 315 302 793 111 720 809 806 890 677 125 758 310 863 666 682 778 139 163 249 406 258 633 516 854 495 93 468 293 554 383 892 546 639 324 815 325 866 411 745 919 530 993 114 334 740 633 473 292 622 70 920 514 34 42 84 924 321 327 18 304 568 578 934 381 64 943 552 844 688 616 817 885 559 127 663 381 343 873 122 899 818 280 795 788 272 461 730 749 870 987 489 785 331 468 659 775 159 37 946 284 925 772 384 66 218 403 807 451 288 760 522 273 9 797 152 800 244 736 940 905 408 409 62 535 411 141 890 502 194 263 679 84 766 986 760 798 178 966 976 738 259 658 707 228 634 49 583 410 640 404 882 568 546 895 106 902 633 397 453 324 676 517 772 102 890 195 645 278 816 914 129 866 917 123 361 534 750 506 995 914 867 331 88
899
228 104 401 217 342 569 357 247 239 205 766 339 900 984 13 349 88 354 134 607 238 940 352 393 82 112 269 224 239 290 606 9 675 896 484 987 851 50 79 610 154 714 295 947 701 122 923 404 831 211 321 307 342 993 962 819 611 791 321 436 648 254 796 698 815 322 302 200 873 709 820 826 269 210 688 724 386 125 344 433 259 978 218 372 671 425 761 973 629 256 804 155 201 896 691 519 404 536 111 23 637 898 667 254 619 821 756 29 655 682 523 32 770 937 260 543 118 539 423 917 691 860 702 272 698 770 168 913 464 719 180 672 999 874 570 86 688 143 322 253 461 139 106 739 510 761 833 511 675 678 59 145 586 199 491 757 714 519 58 701 807 972 595 905 698 153 692 727 21 70 364 69 279 443 655 248 463 572 23 708 6 988 595 6 590 211 104 871 88 350 884 755 371 198 8 679 887 899 293 984 363 741 551 194 722 813 113 11 45 662 900 696 517 162 849 904 60 204 335 666 848 178 641 773 897 409 1 77 820 831 117 232 573 573 996 666 357 388 780 218 995 104 440 779 48 839 640 82 568 652 768 883 582 414 400 444 163 32 890 79 197 14 476 471 245 495 668 483 437 934 598 12 646 576 491 4 552 150 72 886 755 840 725 429 876 850 814 568 441 975 683 267 896 436 768 405 42 888 727 475 110 212 970 997 788 549 937 860 613 635 943 774 855 972 200 657 499 790 302 940 499 582 412 804 170 905 619 814 827 763 24 279 139 933 433 536 656 968 750 75 835 656 892 836 838 743 720 621 355 655 582 83 353 111 153 482 356 727 137 85 340 824 513 391 640 21 912 432 555 405 931 80 931 550 26 897 446 639 343 248 768 296 172 718 132 978 247 346 756 157 666 107 648 489 796 657 929 643 483 931 634 845 76 175 979 427 405 994 161 562 390 495 869 17 636 880 436 868 210 993 825 116 506 667 775 773 584 869 901 823 477 499 944 742 75 354 642 145 601 181 815 870 354 105 385 514 417 996 397 866 868 270 455 625 754 70 771 541 355 718 194 18 580 174 905 496 572 410 806 154 943 916 58 808 502 542 116 127 184 377 700 233 227 92 514 605 306 804 691 986 710 796 735 628 581 581 887 162 540 588 419 925 726 593 430 888 223 982 942 789 400 1 182 256 481 385 597 234 493 272 384 174 6 898 230 364 740 407 130 255 108 753 405 126 178 988 237 357 46 266 749 775 963 201 31 471 545 743 914 279 81 686 547 75 192 186 657 631 976 724 193 463 218 581 419 681 443 584 12 900 810 67 646 182 417 375 5 415 190 2 968 967 349 843 788 526 991 650 53 412 677 861 823 588 611 921 189 613 311 739 570 717 836 466 566 329 18 345 285 836 559 926 273 396 301 760 911 51 970 645 815 540 422 737 135 409 427 902 833 493 14 263 947 933 944 701 217 816 210 264 398 33 101 370 597 139 702 66 423 947 169 34 101 999 14 642 960 94 795 119 217 184 103 5 881 973 710 226 938 838 19 977 375 231 31 982 648 177 155 568 627 474 890 988 222 584 259 746 325 811 859 108 801 645 984 662 729 910 191 79 68 301 739 585 900 401 641 263 223 981 447 581 493 125 44 75 333 476 283 407 372 817 902 675 123 527 95 205 158 577 927 379 464 495 397 220 356 341 778 861 48 827 172 545 587 930 773 984 538 726 543 322 772 325 273 929 733 816 898 544 409 211 952 250 101 87 458 505 161 457 754 340 34 631 864 55 626 511 646 264 369 163 709 347 893 291 864 2 83 540 411 389 665 136 777 823 544 503 335 891 743 205 230 416 993 359 180 637 613 51 805 541 29 1000 893 5 848 952 641 425 713 786 423 51 415 83 275 532 787 998 368 524 444 506 979 893 653 643 860 513 161 627 275 191 713 365 33 550 443 752 894 614 532 522 866 8 814 555 2 235 561 800 96 978 983 375 949 793 374 962 467 665 138 512 639 692 273 673 67 125 441 983 624 781 209 563 906 786 457 91 243 858 54 629 318 561 867 645 731
536
525 854 637 406 618 458 115 433 227 236 933 938 566 63 569 870 836 604 281 226 514 824 624 484 300 300 168 654 453 717 881 611 827 490 105 869 232 581 309 288 427 652 44 644 654 423 808 38 904 472 598 656 732 830 307 491 820 380 1 15 716 948 742 647 975 45 524 113 517 267 700 308 334 394 336 644 158 581 379 969 930 724 615 336 244 791 435 610 101 377 895 346 854 380 334 659 120 427 145 785 557 705 574 429 686 98 839 883 867 343 201 777 614 37 228 712 48 378 537 890 699 967 34 123 666 801 56 921 123 880 75 14 910 176 489 104 211 877 283 315 19 45 877 965 968 499 996 517 459 246 915 887 556 920 51 719 771 866 541 857 287 609 231 212 36 114 978 14 387 277 582 16 683 868 730 390 408 911 995 723 230 219 362 207 634 246 960 21 390 769 399 977 178 292 595 268 453 213 617 750 73 882 229 485 882 641 18 313 391 477 524 267 106 951 646 500 661 479 825 999 670 950 559 901 16 790 229 308 865 705 198 145 86 680 147 326 178 737 622 246 96 135 839 446 837 998 727 387 514 870 764 208 370 326 278 62 987 681 940 190 999 945 640 465 500 536 830 39 234 895 580 657 462 743 178 405 297 69 834 336 76 477 880 254 563 1000 365 357 666 353 208 111 871 936 41 304 939 763 666 952 600 915 401 627 605 856 596 922 593 538 203 35 569 751 984 15 275 593 7 391 937 526 621 929 278 450 984 973 995 222 132 124 379 12 949 58 502 398 960 715 134 496 28 163 815 397 723 237 26 969 372 840 644 994 184 74 581 882 854 893 686 369 511 660 504 198 8 793 460 535 463 245 741 507 917 453 413 767 129 199 203 959 451 573 445 571 836 846 619 914 526 425 606 711 60 745 589 508 193 601 449 725 82 915 163 555 160 900 202 697 493 407 596 259 782 999 477 407 762 124 607 946 323 188 609 160 817 214 417 629 152 577 971 971 399 705 96 189 500 334 65 683 520 960 614 540 30 586 440 141 22 891 531 129 428 277 907 813 393 925 578 501 675 317 615 562 515 900 771 233 703 908 332 200 553 862 445 212 121 636 596 260 717 257 196 32 253 725 39 9 129 507 689 773 678 129 814 286 923 387 38 628 951 642 284 15 976 810 550 453 892 349 680 876 467 810 333 203 112 365 118 502 92 959 200 840 49 376 383 894 937 128 546 198 459 561
380
701 648 4 657 717 11 982 737 83 944 331 942 599 354 840 979 451 254 350 205 112 656 933 917 707 458 820 55 657 748 982 555 410 841 416 661 861 635 723 808 101 334 123 896 604 682 639 536 601 231 892 570 24 253 901 20 167 864 290 12 115 781 110 319 802 829 178 409 186 963 274 537 910 935 675 362 665 82 923 392 238 378 673 5 562 13 487 583 273 377 201 834 278 769 405 386 54 225 568 168 102 622 613 693 641 139 166 524 638 114 681 192 990 220 141 512 661 85 468 624 248 596 379 649 547 758 359 66 614 594 555 337 400 150 912 358 40 982 234 252 186 418 724 426 635 472 855 275 211 791 629 933 937 34 165 874 906 314 525 886 758 479 174 589 385 14 599 60 652 564 312 120 109 404 866 900 540 788 6 826 883 839 217 985 193 824 237 933 785 514 277 454 494 471 819 16 189 675 429 45 366 685 302 232 313 744 853 14 364 406 503 743 376 552 408 286 381 977 2 621 265 912 106 8 73 597 937 211 176 735 748 781 252 666 886 912 667 367 326 857 763 596 76 45 527 346 810 593 394 472 78 623 417 262 114 881 529 842 982 750 347 346 774 799 759 953 465 714 5 58 83 385 246 353 932 297 929 613 504 861 702 759 656 779 418 362 743 22 317 160 607 730 374 565 185 457 892 934 382 102 1000 545 555 746 447 258 657 533 924 448 909 535 789 321 309 849 100 376 359 234 910 198 756 597 895 803 60 332 371 277 697 514 939 563 644 448 291 406 750 144 70 548 95 235 807 444 483 698 173 693 67 882 119 305 845 432 694 718 742 722 549 125 669 351 923 407 531 934 163 759 86 1 873 329 820 550 443 882 622 42
748
505 785 90 331 713 964 190 740 861 708 887 111 151 398 312 254 451 403 271 281 486 185 226 571 45 993 974 787 498 668 721 529 544 950 546 163 819 662 465 862 240 788 7 308 203 44 819 305 873 59 264 542 444 427 574 506 660 893 573 291 271 410 130 347 170 527 651 891 852 228 784 436 34 827 76 632 659 225 800 358 390 410 541 783 387 427 337 110 680 427 826 712 903 373 566 24 833 569 330 486 745 164 456 288 452 288 676 740 371 927 762 939 691 665 242 57 963 169 106 865 183 740 874 954 609 284 857 55 767 686 929 726 975 950 621 467 435 510 6 439 246 650 579 651 908 272 69 249 403 495 481 274 732 394 301 432 729 842 237 968 648 852 410 177 990 364 805 265 686 130 245 310 202 289 804 310 67 148 470 399 872 650 859 646 49 466 746 906 354 614 605 540 485 624 387 566 223 861 517 215 514 500 800 583 328 415 735 663 912 447 883 118 20 217 67 548 879 846 505 206 381 50 364 590 841 208 392 194 554 109 39 794 727 759 237 413 321 103 660 930 752 576 391 413 25 34 778 563 513 190 968 87 473 1000 903 685 564 504 779 426 251 887 711 100 956 10 829 225 763 456 760 994 129 353 950 526 362 532 870 874 411 2 583 339 412 436 921 568 640 37 846 262 294 833 504 760 377 153 730 972 151 349 381 321 885 576 585 657 530 136 660 438 539 869 715 820 914 989 111 753 441 281 278 864 138 180 767 493 485 727 693 236 534 715 781 519 907 880 247 498 537 446 93 137 698 538 702 267 957 814 236 717 395 935 116 135 794 722 312 898 179 985 797 143 606 417 642 33 146 910 102 274 777 94 281 558 93 714 952 794 369 805 768 747 746 333 218 708 76 133 724 804 986 973 806 482 919 359 178 368 249 536 683 281 266 316 546 20 913 849 990 837 191 153 754 595 378 161 791 397 331 679 870 476 897 512 831 575 156 818 911 593 874 297 341 130 92 290 234 79 571 408 348 880 737 691 156 859 424 694 673 598 239 705 676 90 758 850 461 664 4 689 853 712 324 864 307 819 161 925 477 456 813 960 15 721 656 6 610 759 618 351 768 824 715 764 884 242 812 623 581 10 454 710 881 166 705 33 270 880 981 20 968 604 300 589 978 181 74 768 292 888 271 762 322 101 243 674 422 341 66 818 775 675 519 519 742 193 939 924 317 941 467 267 215 672 382 847 353 517 406 100 958 957 935 730 139 216 647 953 953 185 652 631 914 450 185 683 217 138 214 560 888 695 696 713 117 541 649 436 654 450 11 435 593 469 327 13 647 741 208 499 84 146 976 463 11 645 827 270 332 723 189 209 703 868 150 961 483 582 731 990 889 401 391 507 505 955 532 917 408 251 307 848 469 845 73 652 321 937 397 758 45 370 390 352 265 972 748 550 868 67 52 833 995 640 207 817 108 534 65 277 537 114 553 17 545 773 305 982 624 922 567 802 92 23 57 314 612 657 898 482 214 883 252 304 369 560 677 667 699 357 816 752 569 224 73 94 287 525 241 195 374 337 173 521 191 693 108 991 294 979 197 323 827 559 295 567 56 68 149 933 538 71 641 164 156 793 52 68 778 501 941 620 425 423 629 487 11 977 421 297 689 891 434 757 625 614 552 382 318 936 306 705 933 630 347 566 692 731 372 947 658 218 70 613 529 241
927
825 313 346 789 525 90 956 248 342 31 194 38 118 884 127 790 910 65 660 243 111 151 785 894 442 634 947 954 841 522 313 984 482 458 968 295 294 797 886 611 308 665 791 907 160 583 687 977 160 729 613 9 245 514 638 185 798 680 581 784 816 847 195 625 333 3 949 387 835 334 402 555 139 293 539 715 535 184 17 716 516 589 917 223 117 317 607 521 325 496 892 592 834 739 572 888 416 128 376 627 941 763 955 202 992 608 744 48 615 893 649 37 954 267 419 573 376 635 512 311 175 639 725 873 304 473 964 5 102 440 20 495 608 764 664 882 122 889 114 618 90 523 825 211 455 233 928 450 605 438 394 61 566 635 810 162 340 42 234 398 924 343 73 453 217 382 245 993 394 251 339 385 593 803 681 942 505 41 356 923 774 288 96 480 409 860 964 647 43 392 264 293 264 296 470 26 850 543 298 735 776 669 543 86 630 102 807 221 524 208 629 679 106 994 361 349 766 404 355 236 830 438 317 23 763 225 189 425 603 918 537 682 474 287 346 338 822 770 707 567 389 257 471 732 566 962 540 813 256 691 504 344 602 359 659 232 515 822 990 926 599 529 307 373 294 75 635 297 583 736 321 421 183 380 262 522 193 836 620 331 582 902 842 908 645 306 580 443 399 740 181 63 239 969 557 39 865 991 383 841 720 341 921 304 113 326 269 590 196 977 167 152 31 134 282 236 563 342 575 65 981 939 34 105 139 896 227 252 100 620 984 688 923 940 547 539 331 838 438 734 357 651 669 902 501 872 265 737 440 848 616 488 563 331 606 592 413 456 391 640 596 299 944 372 9 19 901 819 690 562 335 643 605 608 992 724 914 565 390 150 15 40 306 936 207 554 509 997 668 816 797 346 991 90 349 601 90 914 983 899 504 273 749 325 335 584 482 966 880 396 624 830 650 347 505 201 566 572 326 332 157 341 600 782 917 559 561 126 555 702 180 292 312 322 325 418 374 802 675 375 830 67 62 354 640 390 616 529 303 888 534 911 455 659 369 51 497 377 192 113 119 760 412 174 981 316 942 59 825 853 626 383 651 532 267 660 401 562 518 582 533 756 831 721 299 84 390 415 474 155 23 254 146 421 494 362 902 805 661 28 736 851 419 700 186 288 13 837 487 859 918 81 153 260 802 394 612 714 500 869 64 53 839 178 998 41 578 843 546 254 295 161 307 891 446 445 790 324 744 705 143 195 832 34 714 992 354 105 207 859 796 734 550 486 940 366 10 212 955 99 898 508 288 193 465 483 975 892 397 422 159 217 744 636 811 762 83 874 81 438 901 523 988 924 105 848 752 117 147 21 819 601 22 305 208 497 526 463 591 718 51 225 673 539 126 923 3 170 218 717 864 135 513 816 493 11 627 570 286 966 872 391 749 822 256 458 378 69 539 654 892 575 342 249 156 254 580 152 49 730 118 584 469 28 114 978 134 93 436 161 563 603 870 485 301 799 509 965 366 593 810 249 461 557 782 160 294 67 437 33 89 738 792 212 161 518 796 890 692 487 342 994 749 690 479 367 584 333 122 528 325 93 394 966 552 635 732 324 89 583 552 498 572 358 770 184 298 712 56 426 952 496 431 729 888 997 572 40 394 872 734 237 775 179 342 50 129 548 844 334 751 974 810 761 871 116 69 978 909 782 602 617 729 817 546 832 970 951 489 800 44 452 742 907 998 896 438 579 999 995 57 745 230 658 661 149 511 935 861 409 896 24 185 668 204 17 189 754 897 840 692 927 813 246 129 662 868 674 476 193 464 575 14 664 934 375 99 153 882 629 267 305 922 75 789 994 522 200 393 776 487 591 903 14 106 913 873 342 924 59 982 339 279 216 288 707 215 321 945 559 108 208 56 616 666 659 273 281 625 938 838 303 71 621 73 945 201 220 58 266 872 280 329 963 866 676 244 790 775 842 445 333 341 193 190 598 995 175 361 113 172 561 361 652 970 717 599 42 875 686 393 20 490 273 289 704 318 120 472 147 365 473 735 421 294 208 654 766 157 303 790 324 292 114 26 13 297 620 736 226 862 751 222 717 874 434 82 772 612 559 64 590 603 783 716 190 819
495
158 693 296 148 578 947 961 294 819 727 378 253 988 636 613 704 288 631 932 930 95 714 794 281 51 644 592 783 435 319 891 694 646 274 623 424 429 831 818 455 948 44 491 530 235 747 899 213 633 99 409 312 790 124 814 200 268 219 388 497 311 397 864 136 764 919 834 712 569 479 144 116 445 429 505 137 173 384 711 816 560 996 898 849 993 86 295 671 609 465 517 43 341 549 673 541 139 991 717 932 749 608 293 809 938 396 313 613 729 582 869 47 864 911 852 377 210 700 13 432 141 472 475 611 956 6 916 493 943 256 845 841 845 662 924 169 545 522 925 749 887 312 926 772 280 724 456 892 213 710 83 521 651 231 285 568 727 71 473 452 997 885 17 89 8 147 500 181 457 480 786 161 830 931 580 244 524 90 908 489 75 505 4 435 530 558 355 918 858 836 39 85 511 55 821 250 795 780 650 981 292 433 123 43 180 506 126 365 833 685 607 980 170 71 881 937 478 849 713 242 382 728 807 685 778 615 175 54 637 171 723 566 904 791 93 647 237 435 163 179 100 326 8 711 923 855 793 520 515 594 328 752 913 287 271 963 886 475 622 742 220 588 888 683 593 24 495 310 548 233 905 91 714 669 888 228 869 520 979 52 531 146 921 768 791 241 500 399 250 407 851 288 682 700 917 314 961 726 754 371 360 220 387 925 4 308 340 824 796 590 471 825 366 681 107 794 866 455 682 955 549 178 325 458 16 779 365 70 199 963 193 993 783 111 556 460 233 337 940 915 824 17 240 131 912 854 859 347 197 695 790 704 250 815 771 705 309 278 529 421 259 311 31 37 427 463 863 788 34 25 816 158 403 280 213 970 548 110 216 271 251 547 849 697 285 695 129 232 949 234 271 113 479 797 621 955 48 133 123 915 512 914 499 676 909 954 139 737 318 230 421 331 163 432 131 768 263 434 4 686 800 656 230 303 961 548 450 787 232 947 391 499 324 126 703 568 164 989 766 907 944 30 361 218 914 206 757 195 627 960 757 957 556 230 512 284 769 149 712 204 845 864 514 282 631 300 408 268 949 789 944 519 171 238 738 469 298 307 963 516 364 141 123 974 984 386 502 597 820 712 205 767 274 771 858
632
213 586 692 684 220 511 48 187 787 893 798 862 216 395 727 256 633 950 301 411 305 524 321 888 519 208 210 359 551 491 948 989 443 477 905 204 176 26 621 836 397 149 772 300 26 494 68 183 844 559 553 683 342 136 593 190 168 403 994 37 510 647 648 844 820 578 614 268 233 698 860 936 321 410 930 16 633 242 739 226 624 819 44 810 804 645 224 120 354 449 780 954 795 418 886 629 255 660 601 137 362 688 199 449 369 757 880 975 838 324 871 970 76 358 750 539 119 67 287 587 343 363 20 21 50 4 295 505 125 518 534 843 815 620 773 503 406 32 227 568 715 684 980 432 741 923 906 753 230 196 843 63 350 882 489 175 848 221 462 166 707 606 896 227 120 603 553 408 606 152 43 157 966 449 10 407 824 566 745 100 44 302 583 847 847 113 15 589 868 416 901 446 76 62 830 252 365 149 159 298 983 534 999 484 60 701 805 6 862 703 744 758 726 306 923 147 306 221 336 274 336 665 770 490 301 829 819 380 75 189 528 442 178 247 271 329 806 158 988 978 68 193 67 767 660 283 196 89 986 545 60 790 192 791 111 998 759 371 603 964 79 476 639 680 473 62 288 756 726 523 284 734 308 752 30 731 519 179 930 710 139 957 425 267 897 185 931 995 519 771 239 757 998 848 415 515 451 747 503 91 392 494 513 960 912 901 953 388 246 436 735 452 628 659 960 630 271 937 431 286 242 63 172 715 135 881 494 595 868 561 382 764 912 798 710 113 879 500 783 835 64 336 130 94 388 254 314 651 530 176 144 714 69 702 866 596 772 732 159 827 984 406 399 491 398 497 520 295 542 845 635 761 510 318 444 189 553 690 827 169 48 95 10 44 342 952 754 684 382 610 391 16 58 389 796 882 704 163 616 83 774 792 148 698 905 491 429 626 608 99 867 609 968 769 48 789 208 344 384 765 847 611 874 2 300 549 684 344 217 779 665 591 376 114 698 915 191 238 684 224 434 444 127 459 424 333 495 520 537 167 118 214 548 663 760 830 710 376 564 305 500 900 228 245 208 401 515 718 349 264 521 553 228 934 578 553 963 131 75 524 609 927 677 76 669 386 449 315 946 912 92 726 507 550 515 4 898 661 819 355 139 338 732 54 125 110 433 806 618 944 223 573 318 589 671 322 722 977 858 529 512 196 508 688 601 380 979 703 353 309 597 246 880 939 335 134 644 116 32 795 78 248 46 311 621 933 287 293 526 785 485 292 691 523 807 623 651 17 585 308 804 560 635 345 571 123 183 302 632 373 533 66 900 194 447 328 798 622 128 447 785 165 131 119 100 939 200 279 348 995 160 462 392 859 218 808 265 433 728 169 44 263 149 993 86 334 920 201 844 631 827 126 741 803 311 807 774 936 787 475 27 419 201 830 721 455 449 596 372 490 112 693
388
776 542 801 555 409 15 904 564 72 567 857 98 817 905 13 352 812 618 570 858 385 975 636 316 343 162 186 129 308 321 297 386 595 376 524 494 217 407 96 212 412 363 226 115 559 987 956 719 368 670 260 434 870 342 297 665 204 834 567 505 159 368 414 109 221 777 687 512 618 103 967 849 429 730 516 813 229 588 991 889 730 395 105 316 15 279 310 626 646 174 701 121 555 410 321 839 576 502 112 616 942 106 696 918 650 67 559 8 340 730 737 831 641 328 853 970 192 145 868 102 857 906 957 584 164 79 212 855 90 778 610 371 930 578 848 421 965 191 289 338 264 764 516 316 446 18 939 215 953 219 88 790 758 93 374 751 47 472 847 619 833 852 522 839 264 166 636 707 517 551 386 42 784 65 142 246 269 40 29 719 749 825 49 709 563 481 722 44 684 857 532 653 253 821 887 78 889 614 978 633 167 912 844 655 78 408 39 577 225 866 111 746 322 267 309 381 45 14 894 136 556 705 264 904 197 213 519 679 113 723 273 803 101 907 309 469 853 749 294 628 528 464 479 264 375 327 224 550 752 879 726 836 705 200 134 758 36 900 962 513 21 687 934 434 180 930 338 738 484 201 306 825 547 658 427 228 79 62 255 541 954 929 338 799 168 824 991 828 886 407 873 231 275 223 191 292 453 458 917 724 95 881 508 907 208 76 881 497 85 599 579 36 782 284 460 382 566 27 974 391 306 170 487 531 714 364 387 110 119 562 71 706 696 560 78 884 806 655 27 204 539 961 124 638 561 411 725 982 710 140 169 112 920 654 5 498 219 317 492 520 329 732 780 921 812 936 83 42 334 427 180 103 424 496 777 658 359 703 950 994 342 184 388 826 368 74 77 514
993
129 814 672 552 133 131 357 959 798 978 393 726 203 729 355 526 299 656 354 178 702 308 119 439 103 703 753 921 371 406 633 432 548 154 803 632 263 671 805 145 72 308 141 4 457 442 115 468 964 343 954 770 741 878 283 439 629 887 832 410 160 913 194 379 322 967 544 798 34 154 585 953 844 180 380 146 434 919 562 866 491 911 165 297 856 935 799 236 697 820 672 859 518 879 269 519 927 678 986 501 635 21 975 314 528 388 453 791 175 536 605 635 744 396 565 538 485 512 865 852 774 167 228 7 408 929 714 571 687 262 336 206 703 835 553 340 506 141 464 2 954 68 490 890 656 729 527 787 781 938 756 735 388 778 340 451 750 656 449 575 857 534 460 257 986 249 551 913 441 796 721 916 951 504 397 192 115 477 631 469 664 277 174 544 470 860 638 291 661 528 62 417 747 898 205 667 337 565 635 596 284 350 800 160 319 803 733 206 380 944 26 727 267 610 299 638 2 419 105 816 41 26 212 534 808 513 750 143 721 520 434 189 675 689 456 482 688 301 773 483 328 196 964 445 661 591 689 358 743 102 913 986 722 181 851 720 258 681 683 110 48 816 411 334 239 993 464 945 330 305 929 492 724 585 641 660 170 472 33 254 439 503 572 323 525 822 410 682 825 921 995 556 619 350 615 763 555 766 762 433 396 1000 330 459 611 464 387 109 398 295 237 937 774 204 834 691 845 782 749 648 112 626 874 373 136 462 861 569 718 685 314 869 658 3 229 717 216 698 726 890 440 469 726 521 794 842 389 815 917 364 217 656 264 15 875 683 842 951 57 316 951 289 932 708 154 461 905 310 82 941 710 378 130 288 551 183 414 854 29 909 930 711 391 198 681 962 686 97 11 581 743 443 215 718 1000 939 308 990 770 61 542 266 232 584 802 160 853 171 687 876 423 245 142 967 508 267 234 274 132 125 983 552 52 409 772 362 369 950 639 346 181 1 649 863 815 949 726 253 277 711 937 483 871 128 672 806 628 359 667 359 506 886 293 367 339 638 554 465 48 894 935 558 820 204 618 348 172 300 440 323 361 472 60 252 332 463 604 533 315 911 32 940 915 830 881 732 569 593 883 948 752 774 852 335 880 249 564 890 193 750 173 152 742 164 269 339 905 764 911 192 150 424 418 366 669 497 63 739 828 517 995 407 366 951 499 584 337 515 803 781 785 610 446 888 362 33 176 785 893 377 112 135 520 580 78 905 55 159 937 213 344 716 613 933 476 180 540 165 335 616 685 9 30 287 219 488 339 975 306 851 575 737 377 172 8 447 785 873 990 134 338 67 437 790 596 652 971 71 284 157 79 267 642 67 565 510 873 766 553 706 84 859 695 946 18 285 305 314 801 357 132 49 590 52 784 893 602 198 381 472 562 531 661 731 151 946 398 814 99 871 873 642 34 27 50 122 511 11 527 291 566 169 164 133 838 319 360 78 361 607 709 120 576 284 968 827 125 600 57 542 246 918 126 877 25 835 311 123 586 2 983 937 266 859 70 731 658 678 66 338 855 411 881 857 113 416 916 967 814 610 526 379 997 522 476 489 570 909 439 296 896 403 701 904 253 174 486 511 825 99 512 985 109 60 436 514 44 301 268 861 167 167 947 424 157 960 610 286 742 244 660 65 845 186 438 248 874 58 102 611 810 382 126 260 801 674 972 4 855 172 924 249 728 83 178 499 979 386 820 493 131 12 655 641 732 278 816 581 464 865 766 189 65 930 993 46 505 86 861 896 995 36 853 232 686 730 966 62 531 395 855 962 19 44 361 796 604 667 54 875 468 933 722 306 169 579 264 867 413 354 118 282 196 9 314 796 983 814 736 402 705 791 36 548 930 714 736 93 566 723 773 786 103 333 825 765 747 159 237 974 845 686 7 151 976 187 881 907 686 803 147 996 143 140 478 877 687 249 246 482 261 509 519 514 993 221 563 76 337 827 174 426 298 876 188 157 187 346 94 735 70 772 988 329 663 933 755 826 149 934 159 448 802 520 608 126 348 249 306 761 491 914 541 883 707 722 98 872 858 581 988 883 1000 114 998 21 367 305 296 666 242 153 490 693 15 639 997 353 354 265 503 541 576 451 894 503 673 715 705 740 796 165 665 788 986 736 658 446 720 447 894 71 716 496 115 266 889 957 8 428 12 367 595 314 358 532 142 194 662 754 821 974 495 730 879 374 679 335 868 857 223 577 767 261 822 633 573 43 684 570 169 382 178
65
276 105 344 251 975 775 619 337 546 895 554 875 717 122 129 86 563 997 541 874 361 546 949 638 763 412 522 841 340 795 763 160 314 207 208 547 556 604 16 639 780 587 401 414 283 942 945 625 539 104 21 378 155 254 641 498 989 278 179 253 591 523 878 602 564
12
734 70 959 929 334 52 419 594 954 535 363 495
11
738 849 634 682 931 226 484 185 450 49 747
918
960 703 648 890 517 468 220 520 917 99 647 21 730 29 709 558 493 955 493 201 453 679 537 379 914 668 68 289 882 426 176 732 412 370 511 34 591 282 479 267 51 415 70 87 244 292 601 382 717 779 938 374 176 166 697 830 155 764 681 272 688 609 202 557 41 501 197 2 839 761 27 187 115 852 961 823 764 670 768 184 105 435 409 560 46 674 450 419 73 650 39 839 60 469 92 264 667 921 373 890 150 499 909 874 66 677 570 515 824 352 685 82 464 520 372 183 588 381 349 924 506 6 494 832 845 166 364 542 506 546 79 523 82 748 145 589 625 228 874 216 948 719 939 282 260 524 382 381 170 724 200 444 330 868 389 609 874 616 294 565 792 339 969 125 235 201 562 692 949 681 842 880 936 536 476 209 86 479 163 767 619 59 965 683 98 675 752 913 491 194 628 396 37 398 210 152 342 82 259 816 65 910 494 312 946 1000 395 245 247 300 496 455 431 235 841 799 992 5 326 821 622 549 487 623 779 960 955 312 376 656 888 901 904 845 579 462 121 568 950 302 578 23 319 208 177 697 664 199 742 882 80 78 294 383 311 746 416 588 435 116 551 262 498 238 705 408 112 603 275 333 151 529 71 176 920 436 243 366 608 541 322 947 983 482 277 600 892 241 905 112 810 930 353 167 153 380 292 150 804 809 886 394 320 945 557 582 484 431 893 132 562 971 505 601 522 342 192 516 197 955 791 798 462 505 874 417 451 875 213 169 681 861 357 605 657 274 215 712 176 829 381 303 241 498 153 415 621 225 515 745 764 239 475 750 484 950 756 188 198 747 403 120 79 733 689 170 724 66 669 977 531 572 51 201 502 135 54 824 985 358 815 967 400 719 764 212 725 443 573 997 176 501 53 985 192 657 376 561 878 436 172 960 6 655 442 969 163 669 99 920 434 481 935 913 732 600 557 813 120 384 141 227 859 688 660 473 147 343 449 499 715 584 870 767 418 104 125 166 547 975 880 919 74 248 814 74 443 655 865 10 178 629 255 909 679 652 659 162 40 704 820 438 321 792 666 259 709 506 157 364 708 55 116 816 690 836 807 420 106 415 65 848 318 833 688 864 68 742 450 717 482 495 225 898 409 921 375 164 52 155 851 601 271 195 968 545 523 176 510 287 367 879 133 110 520 9 73 608 844 411 927 942 994 332 479 413 677 842 888 634 699 827 112 216 881 865 972 327 280 360 439 362 425 190 204 449 119 49 554 691 326 397 121 687 679 854 536 567 40 276 719 246 52 344 958 462 367 148 934 333 720 149 137 847 150 271 959 532 619 28 74 31 435 175 311 814 128 230 293 387 71 305 864 892 923 915 95 305 679 641 253 468 371 12 481 923 934 838 47 154 745 663 516 404 143 382 12 791 648 275 288 936 958 527 30 208 440 741 347 653 567 504 427 984 302 284 885 613 438 524 32 115 464 454 210 104 933 591 467 498 871 137 275 671 908 512 289 693 451 830 902 735 732 714 498 24 209 785 103 997 458 514 551 837 752 441 785 528 366 715 997 123 565 719 463 465 947 836 298 153 432 142 553 760 725 718 617 748 566 374 59 506 145 681 981 238 232 43 731 512 895 629 810 100 637 688 851 276 392 993 32 923 207 768 137 537 149 275 734 660 483 936 861 786 582 609 722 555 579 187 492 934 875 357 134 766 684 260 57 878 894 435 200 731 145 619 44 731 252 671 293 178 844 780 12 968 218 967 88 162 946 94 908 60 860 483 323 214 337 314 320 459 283 655 798 541 98 565 77 996 410 907 259 904 418 360 465 365 681 127 297 521 827 344 744 822 597 273 264 931 756 577 238 220 60 706 853 93 460 194 592 897 822 182 264 57 74 799 248 688 800 707 298 852 371 495 121 912 474 720 452 878 700 54 954 559 328 997 590 443 617 587 617 117 831 472 192 295 642 627 737 328 164 447 892 519 162 923 536 648 778 753 793 873 419 931 770 363 440 661 824 804 949 249 982 501 193 606 568 593 813 242 86 935 343 389 15 838 570 814 960 244 922 640 797 884 293 892 683 512 881 399 687 270 213 868 900 74
708
123 909 497 753 778 439 531 188 460 349 696 541 697 872 503 363 895 979 698 837 142 578 371 26 781 181 517 122 779 294 442 546 854 559 881 291 879 650 909 903 835 120 746 254 452 966 752 713 702 879 427 206 125 964 476 347 171 582 689 814 487 438 21 608 233 223 433 724 817 894 597 501 449 920 389 76 149 290 765 62 92 222 134 797 843 807 7 886 740 103 599 299 919 711 944 919 740 59 43 37 438 99 494 881 77 518 465 823 470 575 901 372 440 798 739 905 572 945 902 605 715 454 562 30 617 556 450 288 236 568 614 313 263 481 6 560 395 438 543 278 442 433 264 993 527 473 363 599 925 525 667 135 817 734 382 786 315 161 321 159 325 879 582 9 880 150 638 484 835 497 925 682 403 965 158 438 34 351 300 34 153 438 231 487 155 613 758 843 803 158 188 541 599 40 719 809 573 257 841 52 539 261 874 191 231 165 240 349 553 956 39 409 417 906 110 392 411 847 415 499 724 630 116 380 355 669 682 356 732 801 973 20 589 22 188 161 681 262 124 592 857 757 412 503 164 70 669 830 565 420 21 669 75 359 492 449 253 480 783 304 186 812 44 696 694 321 738 303 361 873 880 161 577 93 279 761 299 98 1 793 975 326 769 996 538 444 34 442 879 629 603 514 483 250 380 867 177 192 385 344 492 608 313 697 558 625 853 748 358 21 527 425 639 427 738 459 609 511 462 578 768 768 73 369 515 959 746 205 111 757 676 834 581 440 481 637 297 634 15 570 837 310 985 642 909 301 812 339 464 92 505 558 638 611 361 566 801 627 82 442 267 162 125 266 137 796 577 630 534 376 902 881 651 278 345 223 233 528 251 272 756 7 526 743 570 268 691 168 435 431 798 592 377 96 36 127 827 231 222 481 723 259 912 952 947 430 102 994 857 119 374 37 549 420 777 88 374 725 542 362 340 903 34 381 256 763 604 670 752 853 593 186 45 908 714 165 536 940 933 390 860 980 724 351 163 441 191 139 853 780 724 329 313 97 661 154 938 650 911 556 469 158 872 31 102 756 439 311 719 161 724 857 845 102 913 341 646 399 545 335 765 555 183 250 686 249 158 236 975 622 606 232 465 575 663 192 612 367 195 79 604 572 698 660 425 202 390 317 762 565 783 289 128 149 996 85 392 326 335 658 204 553 229 157 851 418 858 826 358 772 396 398 850 280 617 161 815 996 371 877 200 953 380 288 608 739 485 305 278 870 29 34 843 639 569 590 408 221 243 881 340 437 634 660 449 952 437 292 970 731 916 329 651 935 498 834 870 328 770 324 633 953 246 133 260 628 771 773 804 349 701 431 541 909 637 739 782 50 195 370 381 366 619 386 374 400 670 834 986 936 582 44 638 84 795 895 134 828 578 287 681 855 691 238 750 37 764 856 517 523 760 132 487 621 155 258 243 920 222 995 348 519 429 352 984 203 564 38 308 821 707 968 374 223 353 227 657 258 257 600 224 260 125 312 754 577 116 619 870 920 632 843 821 717 189 677 406 730 12 505 333 219 778 219 809 970 691 686 681 663 705 786 684 438 527 533 98 894 995 637 816 504 565 475 84 1 475 532
872
992 840 215 733 903 929 200 382 331 826 41 373 878 55 160 362 945 555 710 796 734 573 864 801 753 418 851 955 400 916 567 706 18 345 398 280 161 81 220 62 414 971 542 373 241 743 71 676 636 456 274 362 707 153 719 427 702 486 539 135 488 450 919 686 27 340 502 614 968 978 877 741 925 829 331 62 509 55 556 858 778 133 184 15 837 742 627 853 658 244 880 56 284 795 539 646 929 988 731 950 48 261 155 878 381 939 409 910 114 103 98 495 21 504 502 602 205 679 487 897 980 222 660 915 25 356 480 462 677 325 737 187 352 338 614 895 167 969 496 690 441 71 418 39 187 410 670 344 897 22 998 864 894 63 753 989 546 603 317 944 218 722 396 583 196 894 363 887 312 547 157 90 567 565 553 401 947 18 631 836 912 958 622 761 840 487 578 341 998 921 484 117 586 442 487 113 322 950 941 515 929 524 153 151 205 947 619 292 85 636 665 45 305 93 620 44 18 688 384 405 162 556 465 967 197 839 451 601 659 116 173 691 158 136 966 570 772 788 674 212 914 176 106 685 32 322 339 527 822 571 929 498 2 512 195 105 362 960 429 505 954 491 826 815 391 175 716 32 984 335 285 436 852 814 318 641 657 347 284 117 53 178 283 622 984 503 902 790 324 573 796 573 21 455 345 95 367 666 84 582 109 471 932 575 398 35 878 19 427 558 863 287 720 309 526 770 573 877 548 284 508 472 116 175 394 29 781 774 709 138 839 970 366 666 700 686 967 991 592 869 94 937 147 926 618 926 532 679 267 366 708 161 417 655 799 430 352 639 685 849 290 871 228 929 583 406 800 982 138 568 251 705 74 658 323 552 811 92 712 789 482 422 519 393 747 681 123 45 197 518 300 364 298 601 584 641 315 474 517 172 306 274 402 604 443 151 364 544 109 132 715 496 989 715 262 163 762 247 389 803 328 393 721 302 946 330 185 96 227 23 343 173 982 234 909 230 980 685 997 176 391 493 913 898 784 167 569 938 55 875 283 958 210 508 490 695 758 953 900 600 684 854 435 250 470 871 190 932 313 250 640 702 741 328 954 537 854 80 47 206 606 828 677 776 385 432 996 485 320 743 590 704 799 206 244 298 545 444 58 860 89 477 664 34 226 459 41 110 32 81 500 675 830 263 128 283 571 65 772 252 66 33 36 812 729 394 912 278 398 688 68 441 457 34 284 789 735 833 249 847 788 859 547 820 398 657 498 531 25 705 941 13 570 777 710 535 917 677 830 773 97 743 510 515 786 497 235 432 467 835 801 966 528 221 629 39 766 719 995 624 82 601 824 673 854 725 930 719 202 327 192 948 485 226 683 810 524 60 766 37 376 986 519 712 491 484 858 586 603 103 154 48 85 244 174 327 22 155 506 440 816 950 281 591 507 268 521 869 349 124 338 65 594 111 780 907 173 87 503 317 766 980 196 563 717 17 915 423 776 964 566 460 288 8 422 89 712 922 279 732 971 345 283 144 436 404 463 568 734 301 368 616 453 481 481 632 492 397 355 23 564 880 266 919 440 272 412 979 673 381 497 875 653 572 334 818 354 543 478 890 425 536 541 907 610 949 514 486 951 738 388 359 377 950 922 967 271 522 13 948 754 589 480 947 477 708 715 794 222 951 101 862 601 130 987 242 51 93 321 840 109 995 923 87 410 363 156 390 470 642 473 737 157 658 570 264 513 228 837 594 602 577 830 751 382 975 407 620 614 238 908 671 538 730 586 510 276 297 573 134 406 287 560 727 392 10 122 614 494 602 593 551 601 121 454 173 497 62 718 51 80 2 324 543 128 917 961 671 28 158 40 777 483 21 164 267 676 654 693 883 260 573 979 998 492 364 639 149 364 712 35 570 271 502 663 92 540 649 329 947 331 926 241 669 686 500 357 957 482 422 352 106 657 912 890 847 214 433 60 329 959 971 375 589 59 473 607 256 510 729 239 219
819
688 421 806 336 281 138 4 51 440 878 590 502 837 271 761 177 768 327 398 635 37 895 552 907 725 486 2 723 665 893 55 167 875 931 514 961 690 404 162 306 108 180 425 870 899 132 107 397 297 332 148 70 136 743 58 566 480 675 481 652 430 987 628 205 296 445 399 778 556 317 189 990 853 447 655 352 225 710 36 344 567 302 357 574 502 376 943 329 640 60 239 149 521 414 713 520 793 911 463 143 841 740 243 757 406 751 677 253 812 726 787 182 41 8 887 533 696 122 309 732 822 51 346 422 362 542 946 539 754 573 104 806 241 989 898 449 645 7 728 269 181 750 833 457 178 417 658 31 904 392 150 657 191 601 509 23 748 278 864 52 83 427 65 267 982 361 107 982 514 612 998 47 731 282 443 966 841 968 991 901 647 139 85 935 291 207 349 696 837 92 642 607 904 433 605 252 894 612 243 521 540 984 678 660 376 512 780 617 25 257 786 910 643 928 789 868 332 888 326 867 275 548 62 833 771 746 221 493 570 24 494 680 697 991 314 145 557 447 873 534 875 421 46 932 304 55 464 571 917 591 774 986 120 721 150 363 451 86 368 607 502 19 143 948 858 138 337 946 975 247 501 622 478 406 286 450 975 229 284 102 923 55 460 593 425 241 52 969 141 93 405 17 289 544 680 569 610 139 548 342 806 152 463 10 185 696 844 938 570 703 218 18 171 384 39 92 967 531 868 121 369 366 991 238 657 620 109 478 551 526 117 806 325 30 743 254 182 29 824 362 46 290 419 388 561 268 620 836 351 759 273 797 439 900 624 522 662 860 139 62 559 516 498 995 78 968 473 756 492 992 410 440 354 684 108 338 850 4 994 559 649 127 805 511 426 252 427 344 639 816 337 277 746 432 915 937 310 850 867 257 889 832 230 800 815 139 688 992 262 8 943 300 244 625 984 377 130 217 860 955 957 836 372 711 504 610 734 216 785 397 256 589 594 710 519 181 852 609 370 438 644 421 32 973 878 662 429 501 103 977 411 192 571 912 207 525 412 203 711 492 649 843 368 484 528 129 456 689 125 475 198 710 880 97 124 536 583 16 607 658 332 17 367 208 490 187 579 192 245 570 389 82 359 787 305 973 811 210 789 764 453 995 759 796 369 819 173 666 122 367 390 464 331 788 83 939 747 131 646 335 471 418 196 977 506 47 47 832 219 935 43 458 286 280 979 846 301 349 39 816 598 751 189 505 244 26 846 742 632 602 671 546 476 300 712 196 785 55 173 223 847 640 748 613 163 83 947 320 177 152 484 517 364 657 699 507 870 404 503 240 361 336 936 62 525 37 872 410 264 600 969 407 692 537 732 422 431 872 175 109 566 411 502 881 166 792 158 235 620 204 558 233 873 460 164 124 416 723 920 951 437 527 352 373 905 772 718 675 271 557 27 218 245 19 898 848 419 612 344 426 553 647 190 567 793 95 178 361 632 428 974 625 656 141 994 463 587 18 359 410 446 58 867 604 299 298 609 33 503 834 770 227 493 629 309 915 348 392 79 321 631 667 613 386 447 250 239 181 611 555 818 524 189 28 84 79 490 62 726 627 577 365 435 120 238 853 981 926 887 468 660 540 58 758 886 869 352 262 207 697 331 689 4 137 568 192 524 440 698 4 660 453 694 540 59 564 144 64 301 759 865 565 644 739 588 636 105 282 702 259 502 828 92 852 230 564 290 684 47 875 32 441 136 967 437 318 793 160 299 266 90 351 92 735 641 579 458 685 302 411 814 938 571 9 630 472 624 86 527 914 894 938 746 236 607 557 389 497 706 495 147 849 374 27 366 571 131 993 724 739 695 71 633 276 59 802 312 902 573
412
239 685 59 573 230 572 823 126 135 663 970 864 686 763 421 376 358 55 362 878 301 659 388 863 620 351 874 780 587 664 458 44 538 89 440 826 251 50 829 338 448 960 411 292 998 771 798 348 723 749 595 624 775 965 19 876 824 965 49 303 200 508 260 208 2 722 752 328 608 421 434 94 532 165 396 326 731 966 496 52 995 678 260 203 720 861 62 84 847 629 313 284 186 754 785 964 54 901 203 612 765 482 609 734 897 942 207 157 20 184 596 575 461 641 533 121 544 388 975 973 712 663 954 348 344 358 348 224 252 612 806 255 421 62 1 151 929 159 657 257 263 992 13 813 718 54 867 862 507 162 325 289 526 790 124 870 756 391 798 442 287 149 431 612 58 374 229 346 453 668 610 854 171 63 894 899 407 167 578 817 587 223 912 476 875 129 309 292 541 521 646 316 242 881 388 589 420 96 3 419 420 24 135 877 29 123 268 345 930 861 463 25 807 780 990 425 806 652 487 558 795 581 789 33 471 276 868 748 195 840 395 493 547 746 918 648 891 77 202 285 885 737 597 686 666 585 568 324 431 553 298 17 798 241 275 614 953 89 734 594 257 945 438 207 664 220 425 642 267 194 412 500 770 717 755 938 290 515 813 990 826 169 460 574 893 667 159 260 733 919 44 145 692 551 508 280 167 145 614 135 841 295 315 960 91 649 610 363 413 491 241 390 307 536 389 803 505 709 109 54 314 579 27 962 65 422 315 21 774 213 977 459 487 877 744 986 738 485 365 892 268 862 982 86 393 272 330 444 730 580 838 883 327 494 304 437 686 101 348 459 207 407 999 222 281 344 923 297 822 804 114 182 75 382 21 91 867 938 347 305 786 868 912 707 353 452 923 101 144 267 512 292 921 627 91 997 611 992 226 89 259 998 143 10 562 249 212 479 253 127 857 612
338
313 989 236 301 815 517 292 485 952 936 121 100 351 925 616 107 463 525 793 725 96 950 313 93 301 192 837 781 958 375 897 217 786 524 93 76 856 700 424 760 423 697 880 415 29 729 397 21 936 88 318 545 21 274 942 116 129 166 387 515 147 376 808 994 999 71 19 362 495 807 152 218 688 880 245 661 96 736 322 296 657 71 541 467 464 582 9 682 180 165 676 579 113 159 670 159 886 226 95 64 641 670 936 613 767 498 864 690 964 959 634 13 59 712 581 110 682 302 67 85 937 35 34 376 793 563 511 886 255 595 694 207 645 987 268 926 684 155 951 830 977 838 757 132 433 24 541 577 632 45 714 766 84 181 161 143 896 646 645 108 42 569 689 965 477 659 531 360 942 337 917 375 433 303 302 238 712 225 744 608 108 412 173 588 197 187 19 571 199 213 842 22 867 737 372 581 178 424 122 367 969 750 754 370 128 479 862 169 107 943 412 353 509 259 518 447 573 931 74 871 19 892 799 345 794 403 245 800 817 113 682 991 316 237 115 590 451 352 696 286 578 975 927 859 414 761 33 622 970 466 519 752 818 401 449 848 250 116 783 361 702 175 889 782 174 291 309 616 557 308 549 362 327 560 812 51 923 62 826 2 125 200 421 459 805 120 26 865 197 109 268 488 712 781 120 462 729 706 614 203 247 601 264 63 96 407 892 425 513 245 103 274 196 458 62 541 814 743 590 626 163 596 98 743 841 115 648 551 470 445 386 180 963 161 982 765 800 780
546
376 641 241 966 208 243 207 601 193 639 688 153 5 472 620 418 919 32 18 348 740 797 127 762 176 273 645 714 828 295 972 211 678 636 837 571 833 144 809 293 803 133 682 565 553 521 929 498 978 352 295 443 913 359 285 539 750 266 492 278 96 112 578 361 853 363 388 909 866 643 43 756 933 790 347 396 249 336 916 898 355 246 447 29 858 588 700 423 971 40 436 422 838 375 110 486 267 195 702 185 580 672 607 717 509 349 927 113 497 557 654 988 225 335 978 384 400 691 39 171 326 978 634 454 55 65 653 488 358 958 176 369 646 68 846 588 802 747 3 83 744 386 70 73 480 985 235 951 182 980 417 114 968 689 214 883 293 213 26 366 516 648 39 650 790 410 441 14 574 945 105 650 994 165 580 424 52 784 228 596 626 896 6 61 773 253 745 988 41 26 43 257 53 955 378 663 112 991 132 324 480 16 394 646 35 691 158 353 438 681 818 833 336 765 356 507 999 383 617 903 256 531 356 172 582 556 735 149 97 404 243 144 790 741 808 996 871 422 947 961 260 103 367 802 497 305 29 862 498 383 875 427 422 596 794 832 423 48 947 316 411 968 890 191 509 655 436 2 544 275 571 350 383 478 485 863 414 109 545 263 196 787 361 847 680 375 182 187 166 145 484 617 81 707 311 510 800 722 849 677 252 944 232 872 746 539 756 445 571 366 321 418 341 545 348 868 372 398 130 922 325 455 37 761 907 361 196 579 277 852 714 546 301 581 330 32 408 153 16 213 11 553 935 441 187 658 727 319 204 811 308 603 809 956 264 334 784 219 607 622 318 686 744 292 863 577 741 759 552 338 938 855 929 291 797 253 686 512 45 932 995 236 181 156 623 797 401 325 444 548 184 500 49 480 294 475 652 353 781 800 910 8 680 52 690 190 595 930 641 786 622 25 259 142 883 233 92 609 638 533 459 849 266 735 296 935 363 947 451 800 105 720 819 595 414 471 118 38 548 235 919 451 495 199 787 659 836 380 109 114 980 270 682 685 946 50 452 428 953 560 569 8 801 884 625 461 350 332 297 87 85 196 241 335 686 758 134 583 523 206 665 25 546 968 775 360 310 967 705 168 540 184 199 54 2 177 285 248 173 331 806 562 761 756 783 336 622 635 278 923 234 261 447 655 270 803 71 956 969 790 612 260 221 839 369 987 659 833 269 126 462 764 973 293 579 412 116 61 538 993 713 819 547 595 823 441
169
953 623 974 219 815 395 245 274 674 511 56 822 197 348 547 232 250 274 549 351 872 268 409 453 758 421 614 830 157 321 45 315 953 326 82 473 169 742 689 215 367 515 125 529 70 835 331 545 340 540 372 196 865 181 516 888 632 840 110 524 491 170 244 908 621 439 938 736 752 834 876 396 349 889 909 740 457 958 781 641 167 788 415 500 42 431 91 32 820 801 385 144 163 776 724 906 995 39 142 441 216 454 435 537 100 183 284 859 300 307 493 775 615 911 64 825 93 125 752 272 763 128 380 77 703 385 768 263 694 576 446 305 831 925 495 946 842 525 442 140 141 703 153 268 852 856 540 752 599 195 925 415 539 718 579 846 169 636 217 849 554 331 163 558 605 355 152 678 765
969
970 312 18 207 209 277 513 944 374 950 650 299 872 476 572 682 777 389 583 903 482 125 485 407 578 802 702 993 879 599 93 915 163 444 510 12 61 393 51 94 45 778 968 164 653 902 990 200 447 179 315 693 133 119 427 648 325 309 443 101 181 403 624 495 657 624 749 826 261 218 108 837 979 867 840 785 704 761 312 729 693 963 765 309 205 115 519 881 54 107 746 904 623 864 234 2 531 157 500 855 30 359 799 545 100 685 689 125 317 225 132 863 457 364 238 973 870 640 262 490 684 309 824 1000 429 731 591 182 387 255 749 354 647 798 759 929 181 54 116 698 318 309 935 14 917 397 20 183 119 853 526 780 13 383 104 462 472 418 792 83 433 357 526 452 897 828 343 596 45 120 175 574 753 80 436 713 338 911 755 936 988 548 138 876 567 161 413 491 943 350 956 841 929 331 901 944 398 10 99 266 924 210 588 889 759 355 205 793 399 83 711 186 766 220 16 516 769 352 447 223 963 310 158 983 317 145 235 730 470 817 220 785 919 27 546 343 832 638 204 248 145 312 561 679 755 35 143 766 610 831 280 990 996 646 709 582 622 481 464 811 17 934 476 250 444 406 564 695 948 696 375 599 940 663 532 331 940 754 114 992 591 834 735 934 562 451 634 993 186 235 317 902 182 951 225 484 687 281 14 966 664 444 9 360 549 917 846 942 413 535 895 212 22 128 672 443 509 187 539 720 183 920 806 738 232 883 127 936 719 285 929 511 282 520 392 967 990 944 243 320 659 972 8 631 235 74 316 850 624 331 241 340 534 833 46 954 411 299 428 322 313 159 656 626 54 971 542 47 808 105 328 23 520 637 890 494 819 480 829 478 591 982 142 157 486 342 276 179 849 141 478 890 963 642 777 621 672 471 844 407 331 658 489 176 651 450 340 127 749 575 824 97 32 174 71 252 802 537 351 313 667 805 721 397 576 872 758 273 456 286 381 959 152 743 901 24 884 154 85 800 169 627 445 601 494 380 654 859 275 207 683 683 665 309 432 225 625 84 417 876 613 205 516 626 346 105 25 411 224 642 355 394 215 653 187 3 135 392 435 860 749 641 463 758 139 470 787 142 642 622 384 626 318 840 656 436 648 155 503 73 971 34 458 380 518 26 434 892 904 437 810 274 791 354 338 44 895 545 716 379 712 10 165 989 926 815 917 887 32 755 149 902 346 369 686 792 413 935 515 800 795 412 731 20 479 918 972 137 236 842 890 570 997 211 785 907 843 900 27 642 827 464 323 274 690 308 269 381 979 423 260 924 975 360 624 864 347 496 110 794 109 446 897 565 453 92 632 194 419 316 696 974 357 132 628 667 577 607 712 746 568 456 824 877 273 733 533 94 926 659 77 622 126 895 201 576 892 147 854 221 895 935 387 249 269 775 995 493 618 511 716 823 40 850 189 908 584 569 356 893 581 214 567 465 625 411 691 578 466 485 985 233 855 600 727 69 964 116 21 542 586 270 326 781 525 430 37 749 408 422 689 451 551 425 500 709 83 201 323 166 306 627 707 366 77 173 398 954 405 971 322 278 963 762 850 464 549 219 695 841 609 427 213 957 746 22 314 942 433 932 712 1000 958 459 892 753 160 241 424 279 557 538 537 28 279 965 950 622 835 487 327 704 88 203 893 732 364 540 168 219 201 879 907 897 853 393 77 405 743 472 586 695 226 182 80 335 550 627 335 347 752 966 848 872 684 676 256 376 296 745 314 57 954 151 578 428 659 93 17 607 243 315 56 852 506 978 416 791 524 208 999 445 39 458 750 937 843 133 348 784 637 517 711 299 974 937 970 70 234 656 734 525 703 15 9 205 538 819 670 63 828 462 893 993 59 6 91 137 842 179 869 710 769 537 950 772 401 324 613 282 982 745 107 352 997 685 990 197 690 441 677 272 595 896 444 677 948 743 650 310 270 627 896 598 933 173 255 655 333 365 935 9 770 50 537 444 843 354 689 133 663 214 999 223 424 794 177 818 915 957 525 857 649 842 426 684 23 752 682 551 428 530 191 727 296 396 596 372 335 216 888 507 3 385 380 329 384 887 991 603 356 713 359 647 935 687 336 743 228 252 826 168 496 968 950 733 409 845 729 513 893 177 59 631 569 363 41 97 681 562 770 598 901 308 215 96 80 24 278 581 230 669 552 486 700 786 405 323 902
890
619 649 289 701 614 402 376 521 304 479 50 49 903 823 739 431 984 285 43 514 319 365 968 366 669 182 341 30 482 640 509 372 130 503 197 523 128 898 119 72 549 733 798 359 544 560 220 623 984 31 235 211 519 461 395 160 598 514 308 841 480 580 934 627 578 601 260 64 507 266 641 611 847 346 707 539 453 177 983 211 565 736 383 54 745 278 929 126 839 114 380 559 216 737 382 658 382 912 44 518 634 92 151 447 462 220 355 228 764 708 374 667 544 889 669 640 335 880 768 875 32 723 189 258 768 736 464 714 599 32 113 535 82 535 63 355 915 167 596 469 232 762 900 242 277 470 234 31 803 508 764 657 519 957 200 234 732 299 148 980 792 689 315 122 904 623 984 435 921 600 630 395 935 761 995 746 562 296 622 457 190 459 863 498 533 884 7 601 63 103 629 117 468 260 538 424 283 306 433 124 378 710 106 226 106 847 468 795 996 190 417 575 476 442 136 931 215 581 678 478 25 632 119 142 905 790 528 439 724 377 63 377 169 580 276 292 297 599 875 967 210 102 331 431 77 327 27 182 180 876 928 995 406 870 329 503 514 356 414 231 242 406 242 758 197 85 637 278 773 260 917 522 307 402 948 321 660 583 945 410 651 901 682 514 230 812 817 798 356 220 31 118 199 913 513 7 354 136 638 287 349 576 399 582 210 62 33 477 378 157 548 104 7 608 521 391 918 897 15 610 142 948 766 160 810 831 919 952 884 358 281 385 76 659 380 821 320 656 640 823 440 911 959 772 818 175 598 110 850 794 109 793 822 105 370 26 785 38 352 974 444 253 540 654 338 654 481 476 154 386 788 3 826 583 785 50 910 827 635 309 38 197 400 667 237 408 343 237 467 157 357 612 41 870 707 113 36 610 891 822 530 240 347 766 200 408 916 181 352 52 458 639 196 670 11 491 510 542 19 559 527 203 866 823 517 944 289 679 391 331 648 541 409 12 376 254 420 724 385 520 470 559 902 62 184 651 576 795 276 493 717 240 288 645 854 558 906 767 779 60 540 120 44 523 443 55 348 402 447 231 626 954 809 794 900 535 377 553 31 60 537 576 463 62 356 991 702 56 280 524 736 936 548 204 433 792 474 481 571 255 959 740 941 842 26 326 760 419 885 803 1000 533 403 146 273 320 638 343 646 432 161 576 176 469 257 187 396 56 165 196 499 76 370 598 67 468 782 929 48 436 74 999 438 748 930 550 970 968 631 230 480 449 179 967 896 89 565 132 977 240 65 257 764 342 295 418 406 624 63 731 225 889 202 491 561 589 292 844 21 385 514 421 236 115 620 720 147 621 96 884 590 433 863 539 662 189 736 407 142 694 193 250 682 479 699 127 194 297 694 583 29 68 657 603 834 211 1000 673 185 434 719 516 528 21 754 183 740 704 352 180 169 736 753 710 507 807 724 46 117 200 521 745 944 401 570 380 323 1 729 546 173 244 64 356 798 266 667 241 538 514 897 319 50 45 599 350 458 565 311 735 24 774 721 266 921 116 580 315 569 917 660 268 476 477 224 162 354 914 364 897 670 795 738 564 84 380 910 786 56 840 693 586 710 58 805 65 294 83 914 406 92 428 570 505 860 849 661 790 310 72 591 913 529 685 955 236 787 610 426 488 923 445 318 173 369 426 4 302 962 618 530 515 393 433 694 342 886 668 444 849 115 377 122 290 768 223 97 418 896 68 804 568 529 647 228 178 784 298 916 324 30 811 94 976 577 309 611 222 685 363 133 382 72 767 780 407 858 45 410 393 517 176 568 191 513 752 515 880 136 42 972 690 125 35 830 963 65 912 600 356 203 997 561 517 269 297 182 12 660 914 83 697 117 462 310 139 972 885 774 279 689 22 27 668 146 934 37 133 526 390 885 941 916 417 786 128 669 951 670 666 477 754 635 296 471 505 118 4 447 437 446 339 757 935 774 575 390 4 876 76 893 107 910 333 834 824 333 540 342 393 910 686 207 145 943 607 455 398 784 15
505
145 265 515 28 373 503 297 992 863 70 724 633 466 84 627 881 770 145 386 379 871 374 947 315 856 326 542 835 132 435 63 253 591 532 374 855 693 545 166 636 686 464 793 43 953 91 437 15 792 386 128 538 79 460 285 272 151 687 637 534 581 668 289 178 518 962 80 698 9 617 917 49 808 513 989 405 679 405 716 363 763 15 713 282 38 522 864 877 938 462 849 578 36 674 656 644 58 431 869 886 785 930 858 66 112 318 319 466 63 413 939 673 321 45 572 237 596 296 820 430 212 402 822 596 421 368 91 740 630 225 497 403 643 434 560 30 567 544 784 982 835 513 962 590 540 207 533 813 106 810 840 21 388 561 337 619 775 336 386 692 211 254 603 390 513 617 68 274 913 536 943 110 875 204 34 112 269 611 661 572 255 552 164 34 978 370 820 881 274 97 648 926 657 122 622 600 440 610 36 642 113 748 455 411 289 943 919 959 503 363 599 948 688 769 641 527 648 851 421 146 232 676 358 219 841 793 263 943 109 531 839 134 931 184 609 188 182 575 1 876 470 817 351 15 255 313 468 465 920 115 231 776 999 448 359 14 176 623 90 174 941 444 122 979 335 721 714 468 269 566 895 59 126 609 343 670 419 880 97 117 493 698 629 277 786 785 461 180 327 865 573 500 508 124 896 509 673 554 695 475 233 47 326 985 324 189 268 686 825 181 633 114 474 422 581 769 276 56 498 706 936 819 605 373 843 988 140 665 673 473 255 227 872 559 148 7 875 650 993 616 936 415 922 483 894 562 839 933 843 646 143 746 932 778 619 173 38 886 935 162 844 886 289 257 782 907 77 425 439 330 589 342 286 489 705 189 559 798 278 536 759 350 451 821 155 838 203 103 172 884 399 566 292 535 214 96 537 397 728 390 970 727 125 16 843 701 976 251 345 786 21 745 495 171 855 175 224 529 898 697 469 872 415 965 135 638 307 803 957 820 799 442 603 496 600 883 805 935 189 567 51 326 336 50 114 400 374 249 259 670 599 543 782 810 167 5 306 918 260 408 540 440 369 952 772 287 485 2 453 925 358 158 837 11 959 350 37 223 216 38 596 146 706 695 523 562 537 752 249 694 874 16 920 618 115 474 189 619 826 899 400 670 927 884 22
276
832 522 935 630 409 602 140 379 83 221 764 392 185 116 402 969 694 48 823 327 819 790 254 806 563 473 649 938 811 490 851 41 165 265 190 799 265 507 633 269 743 13 948 393 995 32 201 779 982 703 806 699 847 874 130 255 120 374 100 536 101 219 694 574 233 694 846 97 679 517 804 718 965 930 156 465 99 965 860 521 398 459 472 41 88 998 771 659 409 780 234 99 18 973 952 674 103 587 109 13 804 208 281 485 188 957 530 868 934 15 670 980 41 82 452 374 115 487 570 999 850 876 890 492 61 452 385 711 512 792 720 683 451 710 117 387 746 595 652 991 383 333 237 524 442 445 329 780 167 467 769 255 411 281 786 623 389 542 385 245 469 648 957 643 89 731 326 629 165 36 883 363 493 72 565 81 708 612 59 541 150 441 492 806 493 51 364 618 765 14 882 674 684 796 757 609 492 367 349 635 170 154 697 440 9 194 927 998 219 812 258 767 44 987 539 399 401 520 922 57 246 280 397 617 369 235 891 289 889 424 834 616 428 844 60 885 179 637 655 30 299 916 872 528 400 862 795 299 420 89 560 343 557 537 782 629 807 263 47 217 90 467 438 886 562 883 637 826 464 816 86 820 807 159 739 913
312
266 179 235 434 477 237 651 758 601 322 12 138 598 421 350 627 877 374 185 855 640 723 454 367 132 905 842 711 486 160 495 431 826 319 251 314 318 84 703 71 752 35 650 687 123 739 68 836 269 556 894 224 606 396 55 740 575 713 562 665 566 183 768 314 234 204 901 419 800 213 111 989 369 850 455 828 151 769 237 280 720 309 869 35 556 199 195 601 844 408 4 654 689 817 121 437 139 911 687 674 184 343 172 353 807 723 261 144 372 392 929 21 496 847 731 734 584 157 21 498 451 888 537 871 819 415 900 575 545 397 880 663 83 562 417 968 99 57 442 494 564 800 916 540 262 478 767 497 193 786 574 136 969 961 108 263 828 905 381 532 635 115 229 57 943 367 91 987 902 777 158 915 590 138 150 134 697 175 36 374 391 639 426 506 112 910 23 397 392 130 456 517 80 370 10 41 560 142 20 282 490 734 661 543 698 752 144 663 426 490 746 997 724 971 609 283 70 951 829 497 14 15 80 852 926 85 689 539 983 944 446 143 654 432 219 832 12 968 767 399 37 749 683 718 264 323 574 667 8 815 738 490 893 727 537 637 876 94 670 361 33 985 526 735 37 539 413 718 241 889 769 950 268 96 29 813 867 16 770 189 180 6 149 764 845 842 755 926 116 110 528 82 622 300 176 976 768 46 294 161 771 409 784 280 379 756 598 849 546 67 137 112
979
920 952 346 423 402 894 48 864 239 542 452 262 546 702 202 887 517 500 668 594 381 767 376 149 560 486 281 47 814 359 70 693 922 995 373 788 362 114 466 999 892 812 882 488 248 898 246 165 689 669 616 469 138 899 363 485 321 653 373 736 925 810 623 299 658 272 381 50 89 406 963 1000 11 758 870 807 736 247 267 655 792 114 747 104 222 426 539 705 830 101 348 927 783 231 174 210 452 628 244 831 446 38 82 227 926 114 725 241 541 527 944 497 33 177 797 821 488 959 889 539 819 98 161 385 302 316 418 942 821 498 606 564 677 814 541 311 828 818 52 530 140 24 191 375 676 124 639 169 599 485 39 199 540 886 63 854 747 824 855 404 263 250 854 869 544 497 809 718 21 425 100 307 383 392 846 280 234 311 57 439 263 474 215 766 782 63 370 168 524 127 846 72 625 112 468 306 752 170 46 485 732 1 936 524 919 698 115 618 639 561 622 488 392 758 749 880 771 566 907 479 928 154 192 282 71 13 347 715 838 77 327 562 40 935 699 664 565 802 780 472 522 167 1 223 971 778 931 940 62 911 965 963 698 402 506 466 274 864 809 218 565 540 100 500 656 195 479 999 979 499 685 910 25 612 704 221 733 315 188 176 595 887 810 381 310 155 111 329 953 133 660 616 225 510 661 777 312 697 162 734 972 548 504 619 59 496 405 200 915 617 298 278 92 142 654 865 159 618 316 967 44 912 267 787 188 388 866 120 932 626 339 119 226 757 432 681 92 107 616 75 77 629 93 179 344 880 219 620 966 513 935 983 663 140 560 670 459 636 817 163 354 321 439 866 480 280 924 579 700 459 653 552 914 736 101 714 457 823 606 490 777 750 92 183 467 725 408 402 653 62 167 933 576 225 65 449 527 298 229 315 453 922 232 927 675 530 802 983 835 48 31 179 37 282 42 120 588 527 138 206 268 372 834 660 247 608 43 158 139 361 97 594 58 190 379 302 861 670 366 153 568 770 315 865 301 49 868 623 415 188 802 738 969 295 735 108 421 955 781 832 952 309 742 461 325 621 414 138 303 732 255 214 866 401 389 339 373 526 391 533 376 780 665 138 738 643 9 597 214 848 837 829 362 744 890 230 732 589 822 979 987 994 173 648 467 739 484 509 621 559 204 991 255 985 334 19 95 300 643 109 866 415 717 105 849 149 345 184 613 755 524 759 301 952 401 929 375 428 58 740 254 160 52 896 178 335 819 173 935 280 732 490 908 620 212 508 865 678 135 969 314 785 796 262 426 252 139 582 360 762 925 712 905 682 7 805 428 710 80 407 195 783 865 223 307 205 866 61 697 639 17 594 354 499 561 241 107 629 301 51 785 153 598 873 967 589 139 906 658 715 842 742 910 636 252 203 422 369 443 219 762 95 189 155 336 727 303 741 289 923 186 674 68 748 483 301 298 971 279 74 940 514 368 39 387 575 31 558 516 949 240 940 919 990 907 206 964 499 140 251 817 58 232 860 15 211 229 550 129 686 191 585 560 952 991 729 859 89 630 330 689 324 393 349 537 12 311 771 220 637 182 252 132 58 595 375 565 460 573 815 104 755 852 656 574 556 105 924 142 970 859 546 275 582 930 230 391 618 781 308 161 147 683 67 488 440 281 430 922 147 985 801 154 335 464 696 766 311 515 352 359 481 696 92 356 110 950 189 800 871 981 927 232 486 14 142 749 48 565 98 281 172 426 475 716 962 957 193 79 622 580 350 892 15 216 99 865 336 1 598 985 597 425 772 520 848 313 160 70 413 40 975 448 495 389 734 189 512 740 901 734 381 315 914 870 217 995 879 592 846 150 483 904 531 830 797 318 739 959 802 601 363 734 549 670 654 100 439 250 739 220 366 725 719 767 786 64 609 4 797 231 519 213 538 558 190 371 511 416 257 92 683 48 163 61 121 110 411 382 699 819 717 293 305 281 85 13 392 801 986 786 43 642 862 654 507 825 937 381 873 747 839 770 309 106 176 204 490 551 591 918 534 507 781 31 423 913 343 457 267 338 104 510 682 838 87 44 779 244 760 370 969 387 441 100 200 224 23 298 964 134 576 922 764 478 82 980 564 978 690 676 492 698 289 701 674 577 201 996 229 487 29 226 793 672 844 25 747 676 52 387 995 485 604 216 892 417 930 687 198 331 875 142 835 987 75 685 27 262 182 119 988 387 47 50 53 960 401 88
382
128 415 744 984 339 380 881 748 773 53 1 476 239 657 434 543 435 388 122 331 716 682 163 764 831 840 619 146 714 792 658 842 904 543 946 786 285 382 972 911 390 690 211 875 570 968 710 102 619 731 715 961 973 445 378 34 170 282 746 367 497 573 898 183 724 360 872 195 202 229 404 544 993 206 262 717 475 913 126 679 714 259 465 818 436 364 74 338 814 575 825 873 481 423 739 189 652 236 450 778 15 974 735 450 123 455 381 85 161 572 122 198 410 724 276 360 794 789 128 52 782 682 843 882 392 997 318 592 340 321 271 688 505 467 452 876 989 895 44 735 331 912 175 693 689 387 590 560 577 709 326 783 880 309 788 513 313 903 433 751 899 599 474 217 424 177 938 185 742 853 911 518 504 957 20 924 715 939 703 860 390 199 148 327 355 904 262 230 40 759 324 911 984 649 477 379 721 613 221 245 696 705 547 778 580 942 876 313 363 596 877 81 644 284 6 581 360 114 774 491 977 442 105 691 546 479 263 992 167 385 658 755 980 719 575 796 616 860 38 91 672 876 267 89 392 330 951 994 306 586 324 204 630 223 742 756 56 750 108 731 570 709 28 476 620 325 279 419 640 484 157 64 316 73 151 44 644 296 733 273 885 892 553 855 443 14 221 512 691 870 554 425 316 763 426 186 698 393 133 113 638 529 971 104 332 984 995 277 351 558 391 604 98 497 357 177 885 400 826 265 524 754 729 691 687 173 833 45 34 927 413 886 513 436 730 951 110 196 108 370 366 773 452 242 270 587 20 497 565 991 86 594 402 395 350 557 464 677 109 899 406 668 104 756 938 275 974 163 916 501 724 512 843 782 470 574 40 513 106 961 561 39
32
896 381 672 272 289 614 190 617 179 517 84 186 428 200 782 960 97 673 699 689 939 102 37 618 152 553 275 564 900 415 441 585
759
575 605 276 256 54 536 486 391 525 5 485 672 456 526 520 323 595 75 724 340 566 901 807 741 726 228 776 361 748 489 678 999 251 676 275 864 911 774 407 224 948 872 236 189 456 649 373 106 9 919 95 944 688 814 584 342 175 102 204 822 863 53 1000 877 32 373 706 684 915 969 551 441 629 412 696 373 271 616 221 304 156 53 642 227 283 996 943 940 924 837 865 859 798 110 305 662 105 208 778 705 834 153 276 775 47 977 312 290 816 987 816 474 612 529 773 713 622 646 932 48 67 579 821 781 420 522 789 945 118 343 964 572 140 657 510 810 79 718 889 918 835 714 585 10 657 981 413 4 551 192 365 62 998 922 257 743 219 834 662 280 946 405 191 84 744 870 441 97 949 494 589 164 174 815 267 716 352 579 355 932 601 517 699 866 33 464 123 926 777 888 822 328 39 894 21 939 918 948 938 592 207 946 896 771 604 312 718 840 685 967 78 452 432 508 891 255 348 363 582 469 914 611 231 713 971 460 322 298 818 225 461 37 997 555 307 815 218 629 998 91 726 603 330 906 411 272 933 400 495 438 982 560 318 988 906 435 705 178 585 70 723 642 34 607 279 464 917 2 808 584 583 475 296 848 918 271 484 861 79 362 787 329 612 863 609 177 110 420 265 748 447 230 888 965 668 694 27 74 912 141 133 235 931 459 764 851 948 277 637 906 833 254 491 353 265 765 115 219 990 870 685 759 197 445 824 857 238 329 105 318 793 724 254 744 283 341 584 636 580 918 590 760 227 329 160 774 864 629 642 675 738 667 115 864 657 258 251 746 679 207 540 221 397 236 42 842 535 22 311 538 405 791 154 969 709 97 392 285 971 58 739 190 51 537 148 96 581 285 91 618 58 553 618 562 67 673 553 86 749 674 426 702 285 186 651 565 313 494 939 779 721 152 878 357 516 787 440 499 346 29 315 647 531 437 660 961 527 483 414 702 82 137 341 144 683 903 675 673 527 981 567 892 978 45 850 931 429 735 962 522 421 186 817 11 159 860 837 205 989 53 154 282 403 167 899 101 158 631 145 428 748 140 249 755 64 209 852 346 226 987 525 560 212 119 772 915 938 124 12 349 741 921 519 168 50 546 298 676 929 626 697 970 579 995 353 893 50 92 776 444 737 48 622 685 361 880 360 651 559 923 347 309 880 885 217 375 774 954 667 653 383 965 500 567 106 324 923 23 538 152 326 634 172 601 938 852 967 4 603 961 744 625 426 798 391 857 95 169 774 73 396 485 353 312 145 65 492 610 5 459 292 754 876 365 65 56 206 997 355 479 590 413 817 819 247 924 719 485 771 783 490 933 331 689 196 896 779 432 920 710 996 385 568 453 505 295 878 403 86 257 300 519 72 128 764 607 43 495 453 117 602 782 505 988 170 501 248 981 880 168 911 295 80 918 523 652 445 176 464 240 38 509 846 82 711 999 645 301 229 146 536 557 868 433 571 402 355 165 637 706 68 131 633 340 838 673 478 541 949 984 545 29 188 296 986 4 951 692 459 983 196 2 24 258 283 336 205 915 353 449 710 315 938 853 57 916 529 129 483 512 691 272 96 710 777 639 53 163 690 937 520 919 265 917 598 861 617 460 81 266 547 224 862 101 225 371 675 357 622 27 483 169 298 827 700 964 345 158 150 46 155 950 864 78 714 455 346 549 449 50 724 589 370 543 182 287 445 794 197
951
865 330 277 758 870 925 559 309 473 908 243 585 528 19 652 342 756 611 845 113 783 897 246 805 704 270 833 858 144 368 244 887 589 240 785 687 287 472 133 762 671 877 577 374 446 6 641 527 615 768 312 688 600 692 832 793 833 908 990 529 476 20 211 589 940 495 373 388 450 767 537 714 246 118 703 845 922 855 412 452 398 867 273 702 501 920 204 125 455 284 734 993 276 322 413 828 17 636 562 867 878 89 109 613 833 735 924 331 961 883 523 814 93 402 524 235 365 311 502 505 880 571 74 201 2 137 290 938 19 244 494 818 168 585 382 506 658 457 696 44 297 478 9 942 668 802 180 666 772 898 790 159 531 780 606 635 579 259 719 344 273 889 700 933 517 484 509 288 97 62 804 702 448 588 3 227 274 771 638 662 795 164 414 960 386 338 637 103 825 737 745 441 22 741 43 238 163 186 329 912 713 298 502 76 129 266 482 61 964 890 581 470 268 328 99 140 689 529 517 500 125 201 77 653 932 789 189 204 574 119 668 996 583 777 191 242 176 544 228 235 417 455 633 513 467 120 726 424 928 850 465 176 566 937 630 308 298 479 525 634 996 333 747 424 705 633 955 293 144 450 230 611 668 368 354 550 778 397 816 445 633 685 616 875 725 148 239 236 234 212 941 389 741 438 55 645 647 398 731 426 256 555 536 760 677 730 934 819 493 124 31 747 824 235 641 722 393 769 827 438 399 891 335 948 986 728 258 412 383 850 41 248 100 343 985 18 180 456 238 571 182 150 250 839 587 580 869 820 287 124 566 356 551 615 650 502 630 269 540 878 438 631 818 780 604 573 361 413 4 879 634 903 944 381 358 487 725 697 71 918 647 498 124 389 28 832 953 743 622 280 141 720 208 91 963 427 418 245 723 116 826 70 600 426 49 177 186 726 95 257 292 67 30 71 905 860 661 787 295 506 535 788 295 699 882 646 55 758 419 459 960 949 411 453 416 381 423 165 907 745 29 615 433 702 378 100 832 600 463 457 169 991 322 88 116 734 697 755 81 791 182 230 981 836 913 724 515 289 287 608 958 775 733 973 494 759 360 380 678 544 712 564 721 405 361 446 667 828 229 805 804 662 847 3 616 715 872 517 541 24 404 445 509 464 781 969 131 874 21 678 59 500 539 217 362 824 219 437 141 16 268 506 555 216 465 438 689 146 248 304 214 353 38 664 625 484 785 487 290 13 113 209 470 728 964 378 483 856 663 312 159 745 8 809 325 808 145 899 340 363 379 765 497 226 480 552 260 365 729 185 939 829 779 869 118 699 80 374 618 50 828 175 717 974 515 990 691 501 478 195 648 372 349 6 859 891 90 39 991 471 535 21 270 496 385 814 698 929 52 494 441 848 633 245 592 469 201 704 470 25 651 495 856 629 721 869 133 282 91 588 640 954 447 287 65 376 618 497 685 180 794 805 165 72 541 43 727 629 636 371 487 966 236 579 182 4 969 643 656 276 635 152 567 27 576 207 846 35 243 473 818 556 12 42 232 843 440 38 920 145 85 374 900 394 335 200 871 238 333 509 568 544 443 269 935 641 997 477 404 203 759 736 44 279 396 763 544 842 900 384 68 782 379 192 348 675 31 855 155 544 252 298 702 680 3 988 171 781 53 91 916 240 702 23 787 571 589 745 592 754 237 892 542 615 266 900 711 900 472 23 819 251 162 533 582 475 103 616 289 107 912 176 455 982 202 632 958 384 518 96 195 589 900 495 201 377 603 451 9 352 193 48 291 127 131 785 598 630 116 965 29 860 973 902 437 904 726 344 356 34 150 555 941 674 134 214 569 587 883 47 175 640 373 406 526 179 709 665 786 227 1000 618 934 143 401 883 799 993 507 713 225 611 875 476 873 626 609 539 190 969 983 4 82 358 406 50 361 516 681 435 397 59 579 346 282 405 374 179 317 64 594 948 773 812 884 887 218 321 921 952 959 231 849 96 138 531 717 360 283 726 818 186 909 453 910 891 536 679 912 417 878 339 595 238 223 964 185 487 734 1 81 368 265 507 414 977 317 164 449 350 284 379 302 51 156 460 264 167 754 30 107 522 794 286 199 153 493 832 959 480 504 435 110 72 263 255 579 244 67 999 985 119 733 359 446 855 362 9 483 449 891
945
194 477 304 943 134 733 341 632 984 928 768 944 835 752 519 451 132 855 499 703 149 992 758 253 678 287 969 834 559 172 836 679 149 884 889 937 271 569 132 362 917 800 35 346 755 656 970 408 499 896 175 337 443 890 302 843 792 734 928 140 711 867 445 419 469 761 668 367 578 831 726 809 654 762 855 176 689 978 596 466 711 456 823 563 265 391 953 752 703 170 738 75 49 882 615 537 894 25 534 40 330 536 990 423 180 202 896 920 236 171 812 444 561 622 741 376 646 685 198 467 434 936 871 522 740 997 385 621 664 12 930 959 96 364 59 441 720 519 460 666 832 135 897 585 275 591 270 467 858 741 399 331 410 846 316 116 856 350 894 172 813 983 327 739 906 23 755 501 750 710 905 696 106 113 984 33 621 574 1000 609 551 262 984 680 969 243 432 423 571 341 711 580 461 968 626 544 431 901 384 118 827 287 295 158 368 525 396 402 158 848 803 45 855 200 939 235 882 212 70 428 583 881 80 65 872 376 390 502 95 164 514 903 422 538 263 640 197 557 247 379 226 939 552 874 320 82 278 465 31 436 681 690 264 930 40 993 855 531 550 813 628 65 299 797 8 965 923 552 521 510 646 110 939 423 690 576 359 912 946 542 13 704 927 664 44 982 613 410 781 572 817 938 384 873 47 86 430 667 871 414 35 162 597 532 877 857 866 892 980 592 3 819 139 939 114 597 52 143 173 123 410 837 42 615 745 599 217 13 27 656 225 108 190 635 788 673 89 612 472 362 328 950 824 620 65 851 824 863 69 757 365 79 98 511 867 291 388 298 609 666 382 79 645 469 386 256 178 39 481 160 944 898 757 106 989 974 852 112 257 238 994 276 325 864 526 357 862 192 856 835 346 27 843 98 8 995 768 1000 261 436 110 943 919 247 889 625 504 428 392 229 294 928 239 83 178 511 643 236 330 198 476 508 660 32 215 332 182 184 762 258 875 532 798 351 20 282 243 426 223 487 154 383 223 214 705 916 193 280 923 704 454 42 165 716 913 662 900 964 281 206 61 15 873 931 795 271 140 979 19 921 192 395 319 328 878 787 239 410 655 535 892 387 954 482 523 562 117 817 612 79 276 657 262 794 960 981 749 647 567 421 504 446 686 530 720 14 261 856 542 380 942 809 735 837 914 250 908 108 47 221 736 134 805 446 907 375 801 783 130 136 168 455 218 455 63 217 629 16 896 575 685 406 616 352 516 906 868 268 674 521 221 932 442 662 304 376 614 214 387 596 333 442 956 486 603 489 791 251 530 333 444 280 547 447 946 222 954 302 940 644 276 22 718 998 562 991 373 506 771 428 110 824 430 768 684 278 96 412 451 41 885 989 238 263 573 175 298 760 84 415 989 66 492 683 700 564 631 645 909 480 571 543 904 223 787 513 554 763 310 330 290 97 898 807 701 566 462 932 461 660 972 215 420 32 741 975 919 196 249 158 457 814 624 516 741 517 804 888 527 346 355 862 216 937 531 646 750 316 419 633 936 297 257 546 522 846 413 297 292 397 831 100 30 202 58 739 663 248 56 508 128 751 819 651 432 838 932 805 951 871 449 753 413 581 359 625 750 957 357 86 321 698 796 733 962 514 602 999 588 220 572 918 266 216 415 15 14 213 781 390 980 301 401 602 530 209 652 422 980 367 598 756 161 441 91 839 1 999 21 742 917 432 453 309 207 734 116 812 529 534 267 617 969 200 881 115 573 489 657 860 920 24 18 332 411 288 335 567 422 560 564 374 283 709 490 634 115 690 608 191 384 518 620 385 551 792 593 796 370 629 797 287 962 794 578 4 435 158 695 755 868 586 794 8 964 304 82 739 618 637 638 275 440 721 585 567 194 980 748 171 827 622 195 903 279 960 890 684 373 671 962 589 238 253 78 271 81 475 837 823 680 131 346 141 180 122 252 662 471 864 483 876 536 330 774 667 878 3 362 507 788 94 630 280 582 111 566 737 752 733 355 497 339 261 138 620 596 666 536 509 535 210 185 196 269 95 254 387 689 1000 344 481 431 185 465 477 797 91 184 592 886 706 923 339 309 970 74 180 590 268 289 240 393 118 572 824 23 313 577 999 927 706 207 733 808 165 348 455 64 716 446 36 526 566 773
303
284 68 682 220 246 286 979 951 674 685 900 78 205 724 926 605 740 982 337 984 756 866 791 631 200 952 552 175 10 757 934 843 327 964 2 289 835 166 432 183 170 58 696 872 381 471 306 798 447 552 583 8 760 296 819 401 720 436 600 420 389 46 471 783 778 725 486 630 345 541 120 655 1000 893 450 426 478 422 227 845 654 524 36 462 145 446 574 496 434 962 751 531 842 714 616 554 366 349 285 354 499 814 325 701 33 888 960 382 879 635 13 922 955 987 133 553 789 148 151 775 848 458 497 333 605 728 666 127 137 743 739 25 782 439 766 399 398 693 419 261 936 207 896 1 975 875 731 575 591 971 795 75 616 231 569 136 639 12 870 684 270 777 293 596 356 793 232 157 940 562 460 53 45 27 731 369 497 800 149 649 482 737 616 607 88 387 893 373 973 31 536 528 510 334 438 920 755 619 285 996 948 325 815 170 592 238 456 733 160 778 344 911 546 189 1 482 864 57 786 684 843 698 785 267 102 664 925 410 143 153 264 163 697 9 389 344 908 988 520 45 396 795 696 453 779 412 584 252 696 243 788 48 615 757 379 216 551 58 503 322 203 313 201 832 590 952 690 197 475 825 896 135 536 43 634 977 824 867 424 679 31 772 997 835 597 890 411 159 946 378 336 914 618 944 528 365 955 707 821 849 417 215 666
207
106 553 23 677 674 94 435 51 108 796 618 272 293 628 635 271 617 233 612 265 251 339 792 639 887 949 946 649 399 193 381 701 282 435 254 504 727 378 951 85 521 812 350 981 133 8 802 501 533 845 423 582 375 960 643 936 913 989 145 86 712 954 711 1 548 867 373 349 504 950 149 263 565 611 804 491 681 244 735 276 237 959 266 236 145 446 605 370 191 439 313 486 748 390 355 934 150 173 169 523 956 624 464 135 225 660 340 723 45 97 14 363 995 562 374 316 827 623 118 462 761 762 885 258 827 724 698 869 842 155 573 44 79 353 973 489 62 784 37 22 948 649 93 343 428 115 972 218 146 615 446 597 189 448 469 563 773 760 697 844 771 254 62 172 284 460 926 103 571 593 351 547 109 350 289 939 751 1 553 435 523 269 501 864 235 726 935 21 625 703 865 581 827 643 552 511 486 79 549 333 646 903 280 760 805 358 329
415
493 968 99 532 537 751 678 67 693 995 555 957 994 162 844 425 588 532 331 489 782 931 829 655 539 312 41 483 761 661 622 315 663 367 606 996 466 147 119 895 819 449 820 21 434 445 805 454 447 832 686 922 533 473 728 996 691 66 271 957 458 317 436 601 455 154 829 15 374 181 904 665 60 484 968 770 782 677 909 525 663 784 308 258 431 146 312 71 181 79 945 713 266 454 538 740 895 295 761 946 748 431 50 693 444 525 822 512 931 720 263 105 142 269 772 327 927 799 797 94 895 525 653 497 442 580 774 935 320 842 752 205 101 784 238 606 612 3 889 779 353 139 934 431 253 456 123 96 138 844 990 540 742 510 206 270 727 991 24 658 862 482 375 229 759 584 386 894 279 307 134 857 55 437 653 933 216 522 605 334 815 198 157 25 721 472 467 958 57 250 575 64 466 437 506 470 628 135 4 556 374 938 394 58 622 418 453 882 102 851 120 717 970 389 951 109 923 146 78 844 437 247 266 10 564 481 198 179 114 146 849 407 112 44 386 642 812 814 603 87 690 38 809 123 455 642 396 269 585 815 859 842 239 579 499 643 740 531 762 573 514 35 945 195 817 375 522 378 852 940 367 234 133 770 900 693 990 886 796 221 76 565 154 537 678 738 606 582 626 751 509 108 958 411 948 265 371 48 425 786 468 577 729 862 614 197 472 345 361 732 185 505 365 255 491 669 30 844 432 131 502 964 758 878 132 48 252 341 409 395 226 255 545 906 447 782 566 892 730 398 726 97 379 37 835 782 870 612 214 387 920 717 31 500 110 649 289 905 782 908 878 509 826 573 1000 797 665 426 471 653 279 762 575 884 149 69 715 503 585 829 85 26 670 15 812 780 395 645 597 930 947 677 844 532 934 992 268 920 29 799 291 807 494 60 498 388 551 586 269 947 653 357 278 305 318
47
589 424 962 943 214 739 484 356 650 801 322 981 39 252 246 321 595 183 915 260 512 196 822 901 525 349 340 194 501 58 112 373 177 996 240 671 107 609 379 694 882 578 189 510 132 821 719
680
228 294 680 209 334 680 432 601 606 184 164 939 732 961 570 109 544 831 774 737 948 916 849 509 865 814 905 549 350 828 626 159 265 700 520 880 898 655 419 302 678 745 452 140 390 353 563 241 405 670 516 409 394 759 762 4 850 880 385 10 763 428 6 321 543 689 295 825 18 190 892 587 824 180 427 156 335 383 674 610 252 466 261 224 971 240 874 951 173 312 837 798 78 687 288 613 524 396 450 105 56 598 204 918 241 919 593 644 948 694 18 986 212 294 672 847 807 984 94 149 924 711 725 804 601 499 339 369 204 473 303 92 950 744 725 537 803 332 761 413 586 643 385 497 882 107 169 79 416 729 580 305 519 61 336 940 449 585 816 946 431 903 175 629 119 729 569 689 51 758 964 486 292 120 685 37 404 197 143 782 138 198 176 657 233 177 615 346 706 986 789 786 623 274 431 732 880 857 254 121 792 790 235 508 58 945 836 731 86 654 735 687 992 32 939 56 728 91 489 986 212 429 557 400 749 897 913 498 2 574 383 636 722 841 865 11 608 265 108 86 271 905 394 723 940 337 144 80 876 925 963 708 519 804 338 278 627 533 2 163 867 356 847 324 719 326 562 386 161 625 168 208 956 368 562 144 535 14 999 760 962 990 265 691 630 983 469 400 18 381 768 398 223 208 945 190 802 815 741 413 968 494 63 797 109 186 329 721 152 431 681 313 313 337 348 84 590 423 9 169 100 479 206 681 739 765 229 329 960 652 493 619 835 374 367 397 892 955 779 563 281 9 730 412 300 988 818 746 817 566 403 748 383 786 926 273 313 779 96 317 385 85 862 976 190 444 394 749 464 79 46 341 523 57 922 132 468 241 665 168 30 738 381 390 131 657 544 426 925 199 326 323 496 125 558 829 701 241 85 185 291 775 922 4 281 309 197 29 458 173 841 922 9 618 638 236 131 942 521 795 730 632 351 732 760 989 478 433 114 422 539 372 811 235 514 600 185 797 151 742 96 592 335 603 217 368 76 522 95 626 800 380 5 705 296 2 62 445 30 603 799 359 849 577 144 233 517 888 946 995 460 443 919 717 508 488 203 518 432 328 122 354 257 864 5 562 478 855 131 361 825 55 331 612 27 89 739 428 951 834 47 267 846 914 128 75 212 507 505 326 959 716 5 955 582 449 154 42 656 675 344 873 692 915 268 373 135 378 702 362 97 876 276 701 327 983 774 596 428 967 443 544 699 257 49 707 451 528 429 696 159 972 489 229 308 473 37 38 69 295 434 511 333 844 821 6 904 199 765 845 188 177 464 369 583 54 840 747 972 720 991 94 932 185 606 965 916 354 780 632 501 811 616 959 13 243 397 192 283 494 380 906 690 465 145 893 258 306 248 409 288 767 528 969 82 755 106 82 856 952 921 84 639 119 658 629 5 835 110 763 831 675 879 365 718 490 65 119 459 97 445 847 65 871 821 772 703 320 65 535 846 689 939 25 256 927 712 956 465 937 342 38 999 753 467 370 681 923 838 227 662 767 104 418 271 984 24 990 792 417
565
241 394 778 4 708 621 489 665 379 830 682 637 98 298 264 693 962 614 570 424 545 72 139 31 245 463 788 938 726 968 871 998 976 472 809 976 250 22 655 909 751 700 289 128 782 217 116 908 836 716 901 324 708 658 952 893 140 953 759 264 109 18 158 209 669 77 390 995 68 940 635 975 435 111 241 807 924 269 994 176 211 838 187 321 432 749 426 480 229 869 5 467 854 138 7 841 767 95 953 491 647 205 92 583 600 730 232 90 321 549 50 992 717 598 817 48 314 567 225 82 255 222 823 544 383 970 997 99 345 304 433 873 19 600 175 527 951 652 507 196 138 700 634 901 790 225 148 601 433 498 847 251 17 167 955 850 875 101 740 886 42 617 736 568 350 773 921 841 965 277 335 599 624 529 349 972 420 905 605 993 238 141 135 142 194 895 990 260 414 454 420 102 976 322 245 283 103 323 193 109 569 600 849 926 845 785 781 233 733 599 523 639 508 774 186 553 660 812 866 363 391 801 396 895 716 366 486 482 822 721 294 32 179 766 879 546 865 188 45 778 354 255 165 652 174 978 223 830 97 65 266 947 929 581 131 52 450 646 962 220 648 192 300 654 295 374 991 153 638 126 576 829 915 615 219 717 397 542 88 585 600 610 965 586 912 629 129 50 794 429 908 725 587 196 839 711 483 359 13 475 244 620 14 873 841 63 543 72 923 861 86 751 739 921 788 747 641 392 706 779 36 542 302 477 839 944 495 223 596 166 247 286 841 753 530 87 853 467 696 954 156 675 483 615 104 739 758 824 96 722 514 863 26 960 654 77 759 502 8 1000 862 766 75 498 840 614 884 861 1000 300 512 423 323 555 951 726 731 221 538 330 893 6 754 440 691 749 960 323 209 21 611 43 280 582 291 369 823 273 517 755 644 379 616 137 472 670 432 757 691 125 338 132 669 200 65 468 84 650 209 389 126 650 824 962 319 77 844 189 142 267 357 250 487 71 445 761 906 282 919 833 834 9 746 553 58 384 553 537 193 143 542 107 429 865 518 513 60 79 54 68 319 715 273 235 198 661 11 134 112 577 91 204 361 605 79 869 957 78 714 416 167 588 938 520 858 257 47 921 614 998 618 532 130 804 178 56 542 705 390 356 638 20 960 333 265 271 777 371 873 435 687 952 164 626 227 684 253 931 837 909 683 280 168 825 192 750 514 771 752 62 134 863 811 336 346 152 804 973 659 953 597 192 659 189 383 403 451 620 604 946 204 749 867 868 783 664 926 708 323 706 192 38 758 941 389
202
640 298 583 242 230 310 602 532 156 460 843 738 559 114 70 726 820 885 422 341 777 168 168 476 729 639 150 435 524 221 490 607 425 137 427 17 852 798 319 359 355 911 968 745 339 910 4 699 420 717 959 411 179 320 154 801 63 709 913 503 942 788 247 538 838 997 500 713 7 27 884 93 294 962 118 851 951 382 408 882 437 641 193 170 549 133 744 543 459 183 700 836 821 892 114 18 218 921 544 291 932 740 881 109 324 121 844 683 117 991 164 961 822 612 892 41 110 388 557 887 350 203 785 128 775 390 560 204 262 751 753 403 789 568 77 749 862 302 84 296 70 379 663 703 509 919 370 731 10 63 72 546 593 540 755 549 651 678 370 966 619 821 645 872 541 806 179 354 364 269 915 928 353 918 582 240 638 206 331 973 53 400 95 385 616 304 547 302 577 792 916 960 922 124 692 717 219 72 446 753 60 132
326
412 72 609 515 806 476 65 872 872 448 411 382 368 374 97 263 264 515 402 617 357 459 312 976 224 125 477 166 609 692 966 597 104 242 244 702 600 235 14 279 656 402 624 321 693 341 171 498 778 568 420 936 449 194 606 930 126 323 485 747 358 321 800 712 271 342 213 34 459 826 490 999 863 526 659 529 999 754 235 340 520 594 159 907 507 780 804 818 274 450 312 7 321 970 441 108 85 261 532 474 216 771 224 565 493 65 494 46 660 817 184 795 922 484 171 184 978 798 625 281 527 720 736 17 259 416 211 585 543 343 471 508 843 889 516 428 722 352 935 283 84 336 533 482 85 857 187 597 992 167 297 50 783 669 38 833 216 74 21 353 807 581 79 527 139 899 901 544 883 834 213 371 437 999 640 892 169 551 508 707 406 200 76 991 568 491 294 170 210 477 74 233 551 952 50 276 594 529 624 973 392 779 635 278 37 295 763 83 655 33 464 3 729 986 586 395 745 844 232 618 333 156 913 969 62 725 528 300 794 813 18 974 757 234 813 622 956 113 546 992 222 793 123 1 644 808 540 270 451 227 329 375 643 561 533 323 433 642 690 718 430 331 598 31 350 242 759 405 978 973 252 251 936 554 643 790 853 51 335 78 171 146 536 360 998 555 535 73 414 260 713 212 136 231 688 971 409 229 378 484 906 422 943 105 961 15 259 427 947 381 121 178 20 436 643 997 482 697 644 716 644 287 509 71 728 386
437
899 308 490 879 843 603 418 945 808 305 91 473 224 695 54 800 227 877 544 822 980 746 903 236 425 555 601 725 26 63 270 479 14 938 90 127 789 791 759 640 444 422 594 590 555 19 345 419 255 819 873 19 567 632 428 192 640 359 947 756 616 275 410 22 5 552 660 252 207 942 660 281 137 311 129 204 94 794 613 572 419 778 871 929 440 938 953 69 71 534 749 322 964 954 62 511 854 296 321 259 670 89 279 515 302 686 136 847 123 278 337 966 900 580 434 903 587 870 463 56 480 159 411 138 103 537 200 505 595 642 850 173 817 399 544 629 403 590 692 90 42 437 227 85 975 436 768 579 888 868 813 992 978 952 514 437 549 973 895 654 135 281 495 700 158 13 361 477 568 184 46 954 787 725 283 233 183 685 230 529 800 171 976 998 88 124 366 290 972 623 294 439 207 297 954 195 728 753 419 798 443 226 131 414 891 147 537 812 763 491 638 193 679 917 221 240 902 680 229 294 357 715 148 272 42 335 132 317 438 818 926 543 384 451 189 671 130 556 527 192 411 203 741 374 173 561 178 228 983 118 553 177 186 20 623 112 57 191 449 635 338 226 960 118 356 430 298 760 813 443 183 865 868 450 915 323 173 96 754 489 1 24 385 144 52 928 866 471 663 567 925 409 636 985 224 60 868 613 94 493 232 742 800 338 196 482 859 431 908 272 23 735 991 79 842 584 821 878 497 536 464 645 813 492 628 413 329 966 608 976 796 655 768 889 805 115 740 921 893 603 410 175 926 160 3 242 714 789 468 697 668 908 438 797 619 664 312 528 976 943 500 811 916 920 671 796 358 212 948 615 337 12 695 891 979 284 401 451 630 616 74 251 176 312 978 891 884 728 221 572 499 636 108 269 305 164 132 440 681 817 945 51 849 995 960 966 562 7 789 473 128 886 704 643 950 33 657 435 167 757 52 51 590 15 716 770 218 444 662 921 527 851 867 238 351 937 943
780
443 355 133 498 269 80 701 737 923 801 561 559 167 959 482 864 799 102 771 129 867 589 977 831 472 765 794 443 363 451 962 467 908 862 11 490 289 585 289 306 914 775 527 98 387 519 510 83 949 859 486 33 511 183 560 781 495 592 704 547 484 465 374 146 839 108 265 88 902 244 424 510 314 682 113 516 858 806 771 353 950 814 961 26 156 433 502 972 637 508 110 85 795 916 301 216 204 273 972 873 26 198 648 174 217 892 653 939 886 361 945 997 230 519 793 321 721 262 271 446 584 144 850 717 418 218 962 636 133 534 661 541 91 287 390 651 962 750 651 90 237 854 571 798 992 758 585 718 544 30 156 744 709 286 651 707 9 346 823 55 914 861 488 965 860 159 913 368 533 743 88 960 47 812 688 700 699 385 937 71 756 58 440 539 198 252 746 417 743 502 46 309 280 622 701 73 39 799 383 309 153 994 337 895 771 579 744 205 728 692 453 665 496 125 810 613 69 934 64 139 213 486 854 558 340 831 650 772 538 719 259 550 733 740 413 451 416 528 322 114 315 912 737 250 976 155 247 311 94 821 921 144 788 164 798 512 528 636 769 172 992 548 328 956 906 554 220 990 183 143 556 267 234 501 800 884 171 205 367 972 429 115 740 18 403 575 583 618 739 571 913 2 614 277 246 742 561 608 590 32 915 507 676 792 746 132 768 77 225 437 673 700 755 403 911 40 346 264 420 761 593 3 600 657 867 143 753 787 596 987 175 695 607 767 971 916 983 638 835 725 241 989 441 923 962 227 532 355 88 227 971 578 615 142 329 957 525 299 271 595 180 611 283 10 484 637 260 194 302 475 983 834 7 972 206 240 6 311 338 899 57 271 98 93 278 317 446 929 365 429 583 549 351 289 622 519 611 980 919 608 775 423 581 622 439 105 347 569 242 661 486 129 880 802 600 580 701 567 986 668 35 569 848 292 504 662 578 496 836 53 577 52 149 648 964 420 741 225 290 3 639 551 755 647 623 462 295 33 279 974 919 115 853 698 632 692 87 469 385 60 472 760 694 399 520 601 922 828 50 923 805 759 902 680 541 773 337 463 789 49 315 320 542 982 841 462 317 591 196 187 635 329 313 756 519 945 174 878 410 176 128 687 912 104 813 813 886 453 509 994 339 71 829 138 174 504 247 288 54 875 430 357 725 680 620 745 131 988 286 970 913 329 519 893 487 76 569 261 761 119 918 410 912 779 385 900 907 674 896 532 460 753 772 837 419 777 841 690 13 737 437 892 611 948 55 610 191 996 325 65 334 826 5 99 634 711 640 851 637 990 64 945 894 142 970 67 686 194 829 10 589 253 180 961 575 882 85 483 39 984 319 755 347 798 417 451 659 258 351 933 875 518 98 363 366 748 875 302 944 197 424 737 718 635 342 841 697 483 351 934 465 863 816 408 984 816 797 742 983 890 392 991 814 847 503 68 354 929 510 840 339 145 493 781 809 246 803 63 772 489 859 872 759 392 290 912 819 822 876 597 939 660 536 544 937 591 603 127 396 230 325 428 242 553 847 172 743 235 330 362 951 88 969 557 284 926 844 477 997 975 397 125 459 44 744 913 47 564 398 987 58 320 979 877 535 248 483 137 786 812 504 559 324 124 28 633 685 81 533 564 990 494 438 711 76 985 490 845 570 622 17 496 915 872 855 90 194 364 790 760 266 289 787 349 448 606 676 147 189 394 645 734 191 778 520 692 399 918 78 829 853 673 248 326 882 853 466 461 356 816
525
49 811 704 341 258 508 476 209 827 160 233 412 273 885 440 574 731 849 789 883 907 935 500 83 756 763 747 2 670 472 766 472 235 904 238 713 637 456 731 492 468 404 611 305 928 425 276 762 750 317 136 762 273 57 564 670 820 977 874 311 758 43 794 547 974 337 681 918 231 572 139 448 866 954 759 576 823 115 988 355 931 138 873 414 688 664 313 682 252 556 158 959 417 123 734 905 498 33 701 832 223 431 628 637 131 324 436 925 455 911 30 990 351 939 965 347 390 170 603 838 667 35 261 330 79 37 968 706 439 620 884 746 160 857 8 217 562 856 152 697 367 483 163 964 440 668 792 507 101 879 585 961 948 129 300 913 696 730 531 19 844 835 828 488 123 315 125 405 103 468 848 400 729 56 255 728 940 46 987 215 321 742 940 610 745 36 474 466 294 296 360 943 815 661 610 307 866 704 469 854 27 18 448 731 644 75 591 964 455 504 259 649 629 807 97 173 753 412 485 914 140 184 221 76 122 57 388 646 16 4 373 688 229 605 391 435 854 637 355 253 115 134 987 811 558 852 244 24 877 705 736 872 338 563 205 635 959 582 57 213 215 184 420 677 611 407 539 66 644 153 770 573 168 552 171 40 695 838 611 192 487 178 473 428 430 975 84 950 711 735 127 26 79 883 195 514 509 352 360 385 383 481 164 895 616 347 503 603 484 640 296 942 10 329 302 317 759 88 510 711 272 902 649 347 636 832 876 536 991 928 678 896 659 421 788 439 298 299 557 85 110 177 395 672 931 322 723 483 206 848 148 960 700 405 6 555 686 75 769 947 389 107 224 758 661 456 410 419 666 376 995 698 1 365 876 285 504 149 980 231 745 722 919 200 618 277 449 683 210 214 227 167 379 881 499 84 32 399 913 911 730 241 87 150 900 712 874 62 410 261 700 875 902 288 191 369 897 852 671 618 16 253 324 793 848 612 61 392 74 664 270 901 565 150 786 211 209 841 796 173 277 891 900 411 515 297 274 180 931 857 73 670 987 919 980 778 829 314 48 82 83 950 831 619 58 813 542 728 114 778 607 262 302 165 878 252 810 123 259 168 790 837 560 547 797 664 446 806 670 654 778 805 770 258 157 207 134 999 830 352 168 132 622 375 320 885 833 45 341 386 847 718 646 239 929 996 33 225 23 466 332 24 648 622 935
763
600 826 953 8 469 453 231 854 439 386 290 67 233 259 799 188 725 722 854 529 100 68 864 758 929 393 482 771 469 922 659 333 877 169 384 869 408 880 446 142 507 183 102 547 918 498 431 715 991 253 704 658 221 586 977 959 703 834 563 830 393 156 680 589 177 679 153 529 601 315 371 849 555 10 126 474 763 443 203 545 853 37 236 691 225 54 91 166 764 56 363 378 329 220 649 553 928 142 225 462 530 315 68 632 217 423 861 353 338 464 399 90 471 78 388 330 266 165 948 825 418 194 413 843 626 658 169 161 811 266 41 961 822 625 304 997 460 433 894 362 854 594 296 876 946 548 904 526 838 730 414 798 849 60 661 512 536 88 107 427 229 356 357 318 56 770 162 123 274 130 161 611 240 962 705 101 937 281 109 445 455 328 13 848 381 22 725 103 701 366 17 917 739 93 567 590 501 61 53 762 871 328 516 389 570 463 319 634 625 672 158 765 731 641 598 292 933 371 724 769 829 538 544 287 991 611 826 74 782 618 266 397 668 855 237 494 200 949 828 488 731 887 309 684 259 864 725 154 531 141 841 847 854 760 514 922 421 371 670 224 295 954 621 668 439 515 491 288 917 760 443 55 288 152 500 952 630 954 20 621 411 380 875 996 178 671 515 480 418 867 586 731 159 718 311 942 926 105 730 159 504 79 500 837 571 634 70 559 375 3 130 309 482 994 482 341 106 895 141 733 635 926 546 686 822 295 514 447 43 675 73 442 13 563 931 618 117 19 267 441 630 340 202 952 129 936 973 140 537 152 731 124 832 681 710 186 492 318 712 563 729 629 992 130 889 813 974 844 311 412 184 93 287 183 223 351 968 475 799 375 782 724 814 797 937 656 113 274 443 413 320 36 440 777 318 771 641 314 682 384 565 36 60 219 769 169 230 268 538 10 45 246 176 144 497 237 350 922 82 739 619 202 869 860 229 804 259 272 750 563 287 138 549 718 92 62 980 334 116 164 179 82 195 860 792 525 737 657 851 560 279 736 867 885 556 1 428 171 67 38 987 867 174 916 270 571 796 719 364 573 894 296 280 912 531 651 643 342 812 707 376 708 451 154 938 69 586 570 661 357 354 500 566 45 653 982 368 641 298 440 242 944 99 612 40 548 83 193 454 521 288 792 368 481 426 697 629 650 524 52 774 613 402 860 146 9 81 832 10 390 412 694 531 661 297 261 822 700 672 774 657 184 322 939 513 808 928 587 65 202 870 110 680 11 701 752 252 154 979 745 213 91 918 373 113 635 322 574 394 839 795 336 732 981 629 847 424 64 259 978 277 388 264 188 341 732 342 963 510 159 480 949 277 74 235 610 667 208 173 730 697 87 994 718 621 983 427 936 914 832 979 204 473 498 400 258 731 752 639 880 58 516 139 945 82 58 187 12 544 799 96 719 128 153 29 274 717 417 803 333 888 943 194 896 202 848 643 848 70 4 194 774 124 232 556 687 995 229 555 714 480 772 853 342 580 475 880 266 825 529 665 245 466 319 803 297 980 836 776 401 8 420 459 237 972 424 430 748 291 271 337 90 867 21 319 378 241 623 797 738 384 734 108 746 302 782 518 40 992 89 960 555 714 897 175 561 406 905 551 525 730 185 608 657 345 431 136 90 399 708 206 446 982 615 405 380 368 334 78 916 668 238 44 786 261 585 862 497 94 586 872 710 993 97 144 349 908 213 252 221 44 805 173
536
853 769 83 142 199 655 285 777 61 69 721 665 692 367 490 957 191 60 976 828 8 789 715 167 303 697 150 355 770 451 28 947 615 681 730 751 647 644 81 832 734 537 644 538 41 822 283 922 466 491 457 588 707 690 204 348 697 897 407 655 142 658 264 709 375 562 302 795 265 859 512 340 209 782 281 434 392 145 334 804 539 859 100 589 829 679 216 544 58 539 613 409 571 199 547 537 752 394 655 347 63 474 129 675 58 152 780 116 372 10 522 573 156 463 762 994 803 896 227 906 785 373 524 487 496 85 507 262 137 21 189 206 288 305 218 742 376 350 501 692 226 171 289 360 618 641 29 80 828 420 459 422 124 58 321 193 36 18 64 730 403 70 230 68 290 872 643 489 581 806 453 386 153 816 541 358 351 877 442 210 331 993 440 99 47 822 991 272 738 31 134 102 210 484 391 131 737 370 767 695 213 526 883 679 707 504 735 965 332 776 857 220 187 815 415 245 680 850 405 633 643 173 956 218 577 22 934 350 539 519 819 124 994 448 52 91 160 71 161 835 520 850 455 1000 270 910 87 224 346 867 417 555 719 760 333 898 104 488 446 439 459 980 666 690 396 931 683 865 298 994 284 838 612 990 339 216 56 563 326 168 317 903 999 719 184 420 503 117 991 269 688 578 452 922 668 362 751 589 963 866 103 632 215 428 407 177 17 997 424 333 257 922 70 284 176 199 736 944 63 322 315 939 991 827 628 292 702 677 111 415 743 827 465 526 321 375 654 792 366 987 558 680 126 336 732 364 656 401 813 295 62 994 476 471 40 457 867 555 501 376 793 173 894 43 149 732 119 343 458 483 212 161 263 996 15 285 856 622 933 190 910 281 401 289 900 164 988 727 963 305 261 806 937 281 51 730 42 832 495 704 173 448 628 569 305 286 560 237 656 972 59 433 364 119 935 516 545 648 786 782 911 607 294 792 511 297 951 227 331 350 319 133 537 316 979 729 280 940 193 50 194 538 28 560 640 331 579 610 526 216 614 588 859 160 656 330 828 337 74 615 501 570 613 938 832 656 43 213 836 148 599 866 787 895 939 628 569 965 678 412 263 288 727 96 65 349 209 627 27 373 894 635 556 659 652 182 640 94 812 969 866 968 733 954 13 699 33 723 968 798 607 657 498 174 925 742 690 197 45 514 261 630 132 653 595 426 701 937 738 570 383 575 170 760 314 150
784
56 863 950 278 185 218 49 391 624 759 985 202 786 945 351 211 910 234 452 527 833 209 687 482 676 442 718 547 765 546 456 61 314 146 757 187 488 980 23 488 763 213 602 567 385 998 204 285 267 651 400 262 648 157 251 794 536 187 440 205 500 364 51 89 342 213 349 638 315 686 234 569 488 124 825 582 415 803 683 602 981 843 697 87 85 29 135 975 743 998 409 225 78 666 835 229 738 62 146 155 570 610 735 570 990 121 58 915 944 140 570 241 219 542 992 652 90 878 795 820 652 883 223 697 299 807 723 901 733 689 433 363 222 13 799 9 134 267 324 531 389 521 36 323 45 209 214 478 979 98 823 857 866 984 223 887 100 869 270 355 648 664 979 974 820 66 644 8 129 172 272 380 599 45 316 176 441 807 329 728 429 426 155 530 661 135 712 889 232 780 651 734 496 484 23 36 69 374 863 74 203 649 536 623 88 612 961 601 343 255 337 795 669 468 326 705 806 310 273 274 110 465 52 80 613 391 993 234 918 614 282 772 97 437 820 855 353 146 452 817 71 135 316 974 622 487 695 800 883 485 983 596 840 898 325 2 867 127 726 285 764 36 409 238 637 364 75 982 371 526 526 12 840 498 471 487 511 562 965 57 91 200 398 586 961 673 758 969 942 483 913 321 328 861 358 554 763 962 392 47 342 172 415 769 456 428 228 241 622 310 272 561 120 368 911 175 716 501 24 407 132 783 290 195 464 743 535 848 728 556 654 429 808 660 669 534 757 913 727 658 649 151 574 714 742 265 155 946 340 511 871 664 717 307 874 148 630 467 467 54 963 831 941 538 889 837 156 66 60 581 234 742 229 14 812 31 65 440 981 445 299 249 978 394 263 856 271 756 460 355 935 508 774 776 366 554 903 387 338 118 437 406 624 419 41 534 262 688 753 549 789 377 266 739 490 887 17 294 490 313 437 969 115 452 612 388 555 81 269 299 918 765 67 279 348 845 244 877 461 323 526 641 820 934 300 834 987 265 912 417 883 115 233 882 779 619 502 522 541 75 695 503 780 279 454 401 633 306 615 26 759 340 83 950 169 843 375 885 613 676 762 684 80 299 86 779 723 333 55 158 190 164 53 969 374 193 132 665 408 939 812 380 695 904 909 357 307 818 246 304 196 371 677 704 493 248 605 374 145 309 74 526 865 868 741 482 493 477 890 583 768 358 455 832 982 560 725 429 27 904 4 846 818 434 267 198 131 215 890 746 563 488 472 152 835 823 969 965 856 525 250 6 119 116 88 295 405 811 870 561 115 147 444 950 742 108 774 77 511 1 654 151 713 533 850 660 674 670 486 503 270 755 343 435 717 1000 708 827 734 976 139 625 171 371 245 325 66 726 271 521 441 117 45 873 64 335 484 937 598 18 897 518 811 591 411 729 661 253 602 424 181 705 719 795 98 622 983 145 977 3 152 857 238 550 650 555 860 531 781 677 533 514 253 736 896 522 141 425 633 453 164 446 755 819 614 204 396 64 692 379 390 127 359 426 274 658 832 517 968 58 369 360 583 724 174 243 161 256 960 611 766 610 184 935 580 596 299 593 737 373 769 790 604 735 438 631 126 275 296 980 100 72 167 545 590 90 316 367 63 745 517 402 828 178 199 490 380 428 26 524 126 657 319 306 807 305 580 315 353 52 257 583 874 293 707 742 807 156 289 432 633 593 355 914 704 782 735 661 929 776 529 973 35 860 945 667 41 680 29 488 552 238 412 731 378 853 458 63 982 639 391 854 328 508
873
889 529 863 771 39 614 881 669 526 675 280 261 440 206 903 173 674 118 282 985 485 42 361 99 238 26 855 477 770 640 397 909 32 86 537 288 393 986 211 235 188 411 405 867 448 87 818 289 598 153 923 151 746 988 479 152 97 572 68 232 945 55 854 982 274 690 938 250 324 226 41 977 475 775 701 196 62 442 974 640 405 326 129 796 617 459 835 440 961 302 480 887 161 2 229 925 220 934 588 596 951 650 497 602 90 978 429 961 586 338 140 88 728 129 888 392 556 8 635 924 224 480 267 934 163 860 617 24 301 435 168 829 620 500 655 418 755 892 371 938 94 812 166 383 47 224 684 231 197 997 354 114 903 569 597 224 124 36 515 850 670 24 386 880 280 662 522 62 770 674 322 181 89 177 741 551 78 629 841 648 534 841 574 806 100 258 802 728 866 477 862 508 654 510 428 729 955 19 22 717 135 231 274 618 407 48 675 799 317 185 47 27 851 563 437 222 391 724 782 812 791 450 323 654 885 713 725 705 132 2 351 627 383 344 906 960 1 831 577 483 50 122 720 565 30 178 440 262 302 882 421 971 452 685 175 250 714 906 819 310 610 118 554 375 181 298 554 749 952 157 546 727 382 863 182 265 397 633 331 121 927 822 416 832 527 475 480 303 747 179 40 384 345 729 415 52 211 537 531 774 6 413 916 30 892 106 966 65 189 203 757 502 575 217 601 496 209 909 575 957 28 302 65 702 734 11 644 408 565 537 933 413 587 72 894 391 680 890 34 766 187 49 585 916 278 268 828 939 669 604 922 778 18 340 461 673 901 50 794 478 956 642 370 480 475 411 744 273 685 532 60 629 651 478 595 167 18 797 856 560 516 572 787 551 720 962 351 981 796 555 175 243 931 767 77 755 336 526 693 736 278 375 321 5 606 716 337 404 451 962 931 954 912 801 980 962 546 607 786 847 666 506 504 562 510 250 327 459 287 138 238 420 503 420 989 961 735 138 364 990 45 636 915 443 844 871 852 564 51 174 55 857 658 601 555 115 192 141 145 435 25 674 450 775 905 483 841 738 760 421 385 353 129 790 909 198 198 402 896 193 356 580 549 45 198 728 602 304 890 167 187 133 599 401 764 810 678 719 674 120 702 826 303 432 232 64 338 689 209 598 433 842 185 167 970 506 670 215 740 823 725 428 433 220 487 770 107 896 580 979 625 246 198 452 755 925 427 508 357 568 958 725 458 884 163 6 283 946 10 876 279 212 352 811 195 75 798 160 651 709 698 254 11 975 361 604 89 121 915 301 6 201 761 310 845 392 824 700 135 159 217 419 859 233 873 996 507 397 574 380 414 661 89 35 963 84 453 254 968 370 800 316 877 368 787 884 634 825 364 448 797 690 579 11 300 175 982 220 188 854 962 74 111 527 953 111 920 384 105 540 776 529 210 707 831 662 51 552 61 637 13 344 873 707 297 526 501 767 211 716 797 423 331 645 391 675 929 301 680 301 415 131 842 387 643 784 776 964 634 875 994 164 441 533 544 959 871 242 910 63 509 941 437 564 112 186 535 493 965 851 690 41 202 164 492 620 767 563 637 803 515 72 180 519 788 506 126 907 855 321 494 865 73 385 660 456 770 636 557 932 777 67 958 108 383 728 147 625 151 931 291 438 376 336 86 743 975 260 702 680 496 261 593 996 755 869 523 155 876 423 829 387 940 931 848 265 419 110 11 713 262 159 793 912 746 505 24 275 842 996 610 831 28 664 306 435 237 938 817 776 784 171 640 492 709 32 169 805 7 638 659 659 262 154 56 466 960 255 890 133 894 971 498 740 220 22 125 48 574 160 850 376 568 42 609 793 8 249 563 843 961 447 445 716 993 84 955 847 927 729 877 860 565 670 237 928 426 273 605 205 197 920 582 123 596 495 237 894 293 638 127 985 778 389 356 627 124 126 154 437 496 953 893 303 473 737 837 97 664 311 916 309 631
333
27 646 150 294 464 218 169 286 523 204 221 141 297 730 379 162 327 210 492 373 657 480 598 496 302 518 233 713 890 988 107 71 328 557 81 683 22 952 759 794 710 783 163 455 231 533 862 73 413 681 47 728 392 525 95 738 199 402 492 569 567 20 294 599 176 750 508 379 101 711 763 913 547 76 339 858 428 836 321 574 3 975 990 130 838 380 102 246 724 432 938 607 132 726 420 796 588 892 923 645 168 862 451 898 938 827 220 626 873 219 333 294 992 400 548 976 895 600 618 675 665 576 184 686 349 667 146 408 595 892 846 235 223 350 792 555 804 378 455 456 247 246 876 500 467 241 851 616 73 740 834 195 500 326 929 544 523 268 554 690 418 881 746 435 717 520 518 675 791 53 230 970 681 22 43 835 345 852 651 994 190 382 592 367 734 12 973 196 195 333 495 411 871 609 887 573 242 507 781 717 979 743 709 329 231 122 423 355 606 464 587 684 477 577 215 294 466 783 684 691 529 666 790 187 294 48 790 305 122 275 917 299 487 377 643 292 38 314 807 414 450 159 799 502 994 873 565 144 861 318 620 942 265 477 217 691 73 919 530 564 723 622 584 820 650 653 627 125 741 520 803 916 537 614 882 261 658 242 29 256 677 485 75 214 871 79 62 542 648 349 91 842 673 934 49 366 755 723 151 192 490 926 736 282 749 320 268 535 629 989 182 470 932 806 994 235 8 47 908 922 599 625 255 890 253 623 275 739 808 589 15 345 761
437
431 212 502 320 19 745 133 682 289 938 801 606 899 982 162 14 875 904 667 385 527 974 257 874 144 164 584 556 64 855 696 611 258 119 749 552 609 923 480 243 184 284 416 274 854 896 322 956 885 297 321 847 94 970 47 8 480 386 580 21 852 215 335 966 181 551 621 483 159 500 713 294 234 378 718 165 709 745 738 79 245 445 856 469 592 897 183 867 134 148 617 928 824 766 805 153 956 701 954 112 433 258 154 109 868 927 937 29 369 123 258 702 470 926 10 998 194 853 95 904 310 119 82 472 983 37 393 465 484 824 247 571 412 953 519 772 452 707 700 386 534 899 70 712 2 909 326 803 150 572 283 51 943 449 35 295 880 375 210 934 640 884 445 754 877 948 799 5 143 456 53 398 163 210 884 225 65 346 787 445 435 972 236 124 368 581 539 524 886 819 172 480 574 668 178 28 408 600 169 322 149 444 515 213 39 111 942 220 946 634 689 811 987 439 417 772 762 741 458 336 671 136 291 872 49 231 433 269 763 7 323 860 927 823 748 115 272 89 856 94 489 250 153 597 794 767 814 523 375 861 817 107 528 904 974 458 905 753 884 29 773 745 384 650 596 173 945 601 155 884 345 750 925 600 49 890 247 53 147 41 576 402 504 111 868 915 368 782 975 591 278 1000 293 431 370 845 426 983 463 782 525 319 906 483 923 730 220 414 785 460 79 700 893 817 209 650 760 292 361 192 540 370 670 64 386 412 14 546 784 913 62 668 346 379 952 389 396 142 196 63 929 637 33 463 537 499 289 982 471 279 979 927 56 42 996 618 945 94 114 162 688 221 627 516 815 917 239 947 891 724 197 848 414 952 683 309 936 95 362 148 742 104 568 903 647 760 300 194 948 306 486 336 168 13 824 640 903 68 814 209 897 240 109 695 350 473 928 503 439 339 953 930 252 173 331 177 830 177 823 591 720 133 965 342 405 25 43 314 82 982 164 780 926 322 613 347 142
447
229 878 322 234 783 629 29 346 48 538 65 785 779 777 976 967 247 409 613 616 8 283 665 148 543 928 389 322 151 802 662 274 888 576 768 770 199 15 914 397 16 584 241 110 262 174 3 122 545 281 41 984 748 600 156 79 1000 576 535 64 335 66 453 451 896 160 329 236 392 908 928 418 267 191 754 435 499 6 641 965 71 347 287 702 804 656 985 4 914 644 423 626 35 911 425 805 982 852 29 50 304 556 850 556 892 666 978 104 382 572 623 855 116 468 453 562 374 882 204 235 348 216 93 341 531 667 405 878 904 542 355 953 774 551 941 809 750 221 900 857 784 135 939 94 172 566 162 845 455 680 316 287 391 996 187 866 27 20 236 82 984 152 941 58 545 749 259 71 360 966 234 630 176 399 141 770 908 210 366 206 565 693 645 486 596 683 32 37 810 546 622 588 972 147 881 854 192 463 772 383 882 897 864 113 473 604 848 329 745 509 406 875 597 565 696 940 649 956 197 758 890 509 868 768 188 206 3 387 815 816 373 239 89 257 41 71 577 319 268 661 360 23 456 597 387 469 61 816 87 391 335 699 674 541 308 698 660 602 49 91 493 419 598 48 444 336 154 60 623 679 847 962 558 895 978 926 739 797 502 497 937 122 777 133 135 445 989 736 133 303 483 940 153 163 959 509 763 171 640 127 143 529 42 570 45 548 396 199 939 426 991 531 333 749 737 727 436 120 29 58 781 879 654 25 125 868 545 915 229 624 611 814 189 293 818 637 325 834 799 641 21 701 143 351 849 902 162 901 211 610 97 929 17 715 991 407 803 535 238 826 625 243 464 517 270 969 806 251 647 275 763 472 594 35 933 667 560 428 124 724 78 107 46 939 424 579 694 6 54 973 795 541 195 1000 702 189 647 54 74 54 57 407 669 278 554 155 63 921 898 906 869 55 36 799 5 657 99 561 748 554 435 727 768 180 966 298 190 623 331 101 911 321 708 233 639 788 892 30 684 206 987 619 999 373 495 477 660
905
59 959 96 885 689 9 905 45 845 235 676 438 271 124 797 910 393 230 238 570 946 652 755 439 743 160 769 60 614 173 105 864 540 701 857 953 494 297 444 426 793 951 974 164 548 815 95 373 990 290 491 254 89 323 989 289 334 793 961 625 577 416 796 75 561 389 743 800 474 873 157 428 979 520 775 394 399 826 140 181 330 558 721 224 616 836 721 623 701 513 68 462 442 83 734 24 140 818 248 485 657 549 384 974 97 862 788 907 823 888 58 535 395 312 934 452 94 497 794 963 161 907 987 703 738 953 787 387 693 323 70 625 194 574 807 534 315 474 211 967 46 76 89 349 576 319 356 898 358 155 481 328 805 854 873 754 181 229 421 863 474 11 809 562 201 199 859 322 106 724 789 120 581 165 694 807 132 213 964 182 127 62 727 136 828 611 837 716 46 323 661 302 260 501 560 605 484 529 115 758 816 18 878 348 893 884 612 284 883 156 480 718 174 565 237 536 484 687 479 77 164 736 138 223 491 406 65 62 970 473 353 332 33 190 473 557 460 54 434 644 852 106 302 158 791 806 224 4 508 474 204 682 976 759 768 331 261 727 138 329 526 844 18 148 893 736 623 921 991 18 550 974 413 706 689 31 112 832 487 186 944 980 600 907 633 342 884 947 1 448 75 117 930 898 989 733 665 506 381 667 761 628 267 648 430 209 445 664 861 689 549 984 277 448 37 513 47 71 318 507 474 137 345 379 5 725 972 112 556 95 591 71 433 690 393 66 404 741 608 415 649 616 21 908 354 432 447 521 71 223 302 145 790 145 269 460 97 685 32 704 843 524 521 352 729 790 580 264 812 381 455 586 759 932 509 178 369 638 445 628 939 357 793 105 357 762 572 923 490 938 919 991 65 872 821 991 676 823 347 284 179 54 163 4 134 380 56 770 144 533 401 405 935 163 496 148 64 927 684 393 130 324 26 555 360 339 961 408 514 786 534 982 179 822 925 536 885 731 603 699 401 617 970 423 178 474 987 227 711 384 856 684 400 72 729 173 318 439 56 682 962 819 978 550 154 603 599 694 519 953 545 387 64 659 855 835 962 339 208 140 317 649 917 610 589 146 488 411 284 772 961 228 145 167 736 51 337 558 676 972 719 161 353 710 374 693 717 409 312 363 696 427 966 410 345 510 91 564 884 498 724 369 256 438 139 3 856 132 769 510 321 550 427 630 141 530 420 749 678 107 888 482 238 461 552 979 451 836 470 416 180 554 501 629 456 225 995 839 247 425 640 478 251 451 208 976 354 391 972 533 731 907 668 903 402 289 180 429 980 962 511 192 946 536 491 735 972 836 146 93 797 53 817 619 888 570 684 163 353 125 252 286 599 494 153 213 731 480 851 893 561 604 808 606 927 651 567 418 866 91 514 149 728 740 773 759 751 57 128 930 866 576 154 817 473 376 535 324 785 811 602 816 102 521 326 9 13 114 445 79 637 924 857 731 902 768 760 838 549 672 626 91 453 669 823 418 501 715 901 308 676 565 923 245 881 383 488 941 33 957 299 13 862 233 879 451 27 672 881 874 1000 533 606 163 923 639 524 740 113 913 945 908 653 591 928 595 621 155 758 136 368 571 89 829 532 628 555 118 24 876 125 994 891 764 66 305 376 420 845 468 229 577 234 409 499 770 762 325 610 358 309 472 370 273 85 491 822 118 514 232 969 260 94 583 930 545 891 323 724 4 155 819 50 841 913 819 556 718 324 93 719 560 179 775 11 996 34 555 421 910 247 372 133 839 441 200 154 164 47 210 345 516 216 877 683 183 294 838 287 517 512 921 496 918 449 360 145 405 92 11 874 788 408 457 14 403 830 535 845 885 707 68 538 732 176 897 304 222 160 16 969 960 852 239 162 212 756 395 396 759 223 475 130 666 842 621 3 847 217 252 621 935 590 278 570 215 464 686 137 916 360 769 244 190 668 3 185 659 73 650 569 437 139 253 47 765 214 543 573 181 139 770 542 790 993 498 321 801 462 53 655 634 676 682 428 78 15 546 435 690 696 51 360 953 978
155
869 573 601 39 908 489 638 561 645 39 578 873 477 676 343 743 76 485 351 632 496 402 775 12 737 806 371 902 745 956 801 505 117 396 510 136 296 892 189 451 875 744 626 962 198 955 467 763 390 46 160 911 243 783 109 983 534 394 710 925 252 624 397 281 193 433 764 792 397 578 371 181 962 693 973 667 628 980 840 623 612 101 227 18 78 394 268 124 82 343 320 399 275 972 763 571 584 893 258 722 499 537 989 761 212 182 929 354 366 491 65 739 300 483 461 495 486 947 882 448 581 277 358 429 150 848 448 305 903 320 556 946 333 204 912 307 149 331 998 350 104 570 438 898 837 816 71 266 671 691 62 45 302 980 60
880
68 290 481 964 297 260 800 15 707 649 208 647 412 505 415 408 511 493 130 173 164 364 667 487 600 77 455 640 665 569 254 65 880 709 160 505 738 767 740 517 403 673 401 726 525 518 603 838 612 922 462 975 46 646 447 541 720 562 942 791 785 747 985 667 827 201 5 721 212 868 116 966 619 711 546 67 713 753 279 226 518 650 202 177 899 910 733 55 824 979 726 420 350 538 293 981 621 363 598 643 930 361 692 682 399 148 637 991 137 593 96 661 878 404 612 357 663 519 765 848 557 821 810 353 119 473 421 863 620 602 873 917 660 532 418 717 124 791 191 423 689 150 457 558 125 824 50 768 731 283 940 817 23 78 341 644 625 169 481 646 456 252 18 108 754 302 413 184 366 209 593 107 135 517 18 354 180 107 43 475 79 601 768 497 112 54 875 78 358 612 468 616 542 814 130 876 814 284 476 879 969 518 991 3 317 123 546 732 723 609 344 194 219 826 195 94 928 872 333 220 63 301 681 579 678 442 808 810 533 775 867 880 34 697 864 611 816 978 544 195 755 561 560 500 286 931 38 412 63 870 40 480 286 104 790 611 973 971 400 172 29 498 112 505 81 173 7 30 410 352 302 413 234 85 135 394 63 644 770 480 294 296 619 128 66 462 802 467 241 238 78 498 728 976 18 431 814 396 346 913 43 516 400 319 275 73 991 895 992 549 212 722 688 878 598 262 575 700 131 778 250 170 734 653 975 664 681 188 814 779 564 394 876 573 705 421 359 404 686 72 790 628 607 234 424 913 473 22 999 548 890 66 635 17 980 994 583 116 955 715 583 452 247 442 359 82 917 854 959 71 566 506 291 148 664 285 543 979 53 249 405 254 873 223 186 613 990 81 140 96 926 563 641 794 47 114 531 974 935 802 989 259 961 546 966 141 318 819 976 594 299 800 756 466 319 743 22 684 672 714 725 324 384 699 38 722 967 406 364 882 434 490 697 742 778 769 870 997 19 709 550 744 155 340 425 584 126 115 21 881 676 466 877 907 535 764 698 962 956 932 643 906 838 714 890 321 103 21 952 3 190 973 290 646 347 213 560 578 740 393 451 483 464 276 398 167 548 570 598 227 806 99 457 903 138 62 851 821 950 901 568 524 148 572 373 191 236 943 698 450 161 142 150 741 821 229 915 11 289 328 805 477 198 934 633 844 330 747 22 893 400 927 654 645 451 31 35 70 548 496 79 15 421 179 124 880 526 387 566 77 653 926 559 679 805 346 781 717 583 811 166 849 228 844 823 32 680 8 165 165 298 141 32 580 263 527 370 1 474 764 689 978 52 90 848 561 224 900 361 402 503 682 94 342 31 811 469 517 62 546 923 336 30 506 723 688 556 91 359 350 562 370 351 519 391 480 680 950 854 588 183 808 453 463 787 806 49 287 608 498 441 103 78 909 477 932 134 762 88 740 335 119 639 919 984 405 131 116 634 266 907 915 337 933 100 16 484 950 724 562 942 113 765 22 996 838 882 993 47 321 723 957 987 80 729 67 851 415 812 920 272 238 569 217 783 410 668 439 848 33 742 225 974 723 464 423 673 589 216 232 958 444 499 499 103 890 854 157 696 596 413 453 653 481 460 690 190 761 544 510 714 89 146 358 470 467 756 945 47 832 215 64 552 836 192 875 885 288 842 390 807 786 753 640 146 491 586 571 479 228 652 975 940 597 431 383 304 219 650 562 989 540 136 866 462 661 714 130 713 672 866 428 583 492 931 292 981 515 110 163 523 616 362 953 264 964 643 859 975 234 406 547 794 559 443 371 457 906 5 916 370 925 982 393 189 740 961 659 164 980 777 579 561 383 302 967 636 664 18 763 546 136 704 424 842 749 880 118 822 29 229 255 299 239 447 300 110 678 176 412 439 201 277 952 336 496 889 355 346 352 952 129 846 144 919 852 968 655 407 618 329 136 389 258 437 644 24 288 358 2 832 149 467 125 298 103 95 390 518 899
727
333 507 730 93 747 70 370 335 781 398 30 644 22 312 765 547 408 354 427 657 703 725 370 55 906 4 834 896 278 209 551 916 743 170 402 59 302 405 357 276 516 365 299 151 46 57 510 81 982 246 542 92 663 892 286 541 194 795 16 638 239 395 546 801 415 529 654 166 117 13 268 441 857 777 100 963 787 929 707 446 74 621 275 783 753 162 280 230 31 957 266 102 442 475 723 947 136 266 525 51 504 604 865 710 595 623 861 100 409 882 442 887 759 626 383 985 971 764 333 741 318 608 456 618 208 817 310 792 899 973 911 537 844 735 70 726 160 742 586 486 343 766 882 77 601 846 75 863 231 21 757 942 964 427 732 179 454 173 933 457 285 475 713 42 203 525 773 726 890 836 459 75 33 453 571 708 820 653 7 440 779 699 271 285 769 108 647 210 336 410 766 95 171 535 986 414 979 71 313 783 263 283 757 681 635 300 806 35 567 580 622 118 769 177 504 44 177 858 852 839 589 54 646 17 603 510 100 73 219 189 612 469 845 150 818 649 20 802 890 206 513 223 339 413 19 915 769 316 342 382 736 759 564 983 119 884 889 70 88 855 557 307 417 473 727 720 697 792 98 1000 256 891 896 567 971 851 92 598 115 466 807 978 820 644 416 654 692 616 900 822 877 726 567 357 61 512 186 183 707 520 300 387 613 881 17 257 726 561 671 990 777 904 401 142 604 433 453 748 98 69 258 313 573 164 793 424 495 871 159 649 811 36 113 260 61 816 17 610 993 180 415 367 248 858 467 75 271 843 812 435 752 175 623 914 455 938 457 175 254 300 651 692 743 246 461 471 108 729 395 258 889 947 429 379 381 170 931 764 643 664 847 240 623 210 466 625 641 965 964 649 378 568 798 856 399 107 316 844 962 274 870 40 784 721 101 350 449 214 637 937 730 44 669 262 659 610 520 146 133 147 962 514 963 222 505 717 89 76 182 445 843 369 135 907 677 692 414 890 57 297 512 621 558 837 316 183 669 249 421 918 261 822 672 874 531 631 571 815 32 787 179 437 451 207 745 761 450 946 217 194 375 663 616 960 889 683 990 167 743 238 471 295 139 246 100 791 593 698 698 620 789 516 956 88 478 792 453 556 463 676 835 10 668 282 385 318 660 891 936 770 250 161 771 138 861 603 589 560 1000 251 158 503 131 975 790 224 185 904 239 968 401 404 558 176 100 235 724 184 218 17 670 920 949 158 873 957 972 10 663 949 518 694 392 674 705 498 755 533 761 18 330 459 946 148 214 915 201 77 890 217 623 950 143 139 188 272 256 685 942 592 42 574 441 98 48 430 669 17 369 784 341 454 325 370 236 665 327 338 164 198 824 300 439 20 480 858 581 245 804 565 557 584 889 617 793 433 402 631 59 912 136 799 997 602 872 237 642 395 489 590 841 467 777 643 588 394 11 179 528 645 370 925 592 646 599 327 487 314 543 30 598 464 979 165 668 508 929 317 96 776 153 957 663 559 593 7 207 208 399 422 550 486 950 761 649 225 773 284 819 771 509 20 892 300 758 461 459 918 252 385 36 127 134 532 241 440 272 514 556 758 73 721 524 764 910 541 619 994 729 843 944 648 469 702 465 675 931 470 39 619 198 421 121 953 751 888 718
256
25 423 917 101 720 779 830 278 560 12 304 648 588 132 273 628 134 261 290 76 126 985 549 247 867 923 909 487 290 674 234 657 737 445 407 807 789 184 762 597 624 296 356 888 112 691 953 853 58 297 944 577 383 367 933 698 669 784 288 193 592 951 335 274 693 429 78 634 652 943 502 404 618 984 249 611 182 223 473 782 932 688 66 94 940 40 104 471 567 417 205 183 492 471 249 11 262 921 616 801 736 719 638 814 505 712 894 278 175 113 984 701 688 188 946 586 555 979 163 734 251 555 338 384 663 57 296 157 630 184 1 730 335 658 950 733 981 155 348 56 14 764 1000 927 387 901 435 510 244 42 153 607 634 563 722 696 768 356 785 694 502 820 911 843 270 268 161 751 131 69 414 82 520 658 887 109 537 99 902 988 539 498 426 886 218 835 774 539 639 984 679 409 647 8 294 198 110 761 850 998 744 486 582 527 768 341 987 724 25 854 248 975 514 872 461 109 936 572 928 425 634 974 274 665 232 662 540 601 406 591 480 808 738 342 388 831 725 146 146 928 349 774 464 437 965 373 989 815 183 856 737 912 885 691 207 913
822
780 594 294 832 250 981 481 843 692 274 722 813 489 849 643 552 533 492 101 48 945 475 505 533 312 408 197 549 832 302 912 129 790 47 176 237 272 219 83 731 580 681 828 884 824 658 723 360 907 929 785 413 622 77 992 162 127 852 578 647 889 143 193 321 921 568 975 947 274 245 293 625 1 507 779 39 817 157 879 706 855 545 223 451 305 766 137 388 799 258 38 428 112 156 482 164 875 105 813 316 798 119 626 410 800 690 548 334 651 892 61 474 783 405 670 881 711 756 426 26 871 743 717 900 998 935 172 161 487 48 308 363 27 922 394 15 192 115 811 54 282 232 90 2 976 678 884 389 347 194 259 28 511 468 569 873 803 494 872 147 874 367 567 917 907 144 402 240 269 337 825 202 449 931 755 709 872 252 507 212 144 932 826 912 640 373 753 855 807 400 694 957 104 456 446 366 492 570 97 769 394 572 934 517 427 314 209 354 784 10 380 366 665 703 110 582 963 358 577 275 93 723 513 983 745 616 229 418 558 175 668 931 85 543 469 950 633 868 432 638 482 683 950 801 593 2 744 630 916 706 866 932 392 733 429 272 167 421 783 161 632 462 854 440 966 312 939 872 535 832 992 257 504 824 122 570 767 869 746 288 623 766 693 815 226 804 526 52 968 267 702 904 138 869 690 935 928 702 296 669 988 504 570 269 353 216 343 692 180 622 314 158 652 349 556 813 384 105 361 533 693 826 356 63 672 466 217 56 60 242 121 148 806 606 897 904 1 914 796 950 121 486 500 120 490 311 756 770 799 920 183 665 55 974 868 730 983 523 584 504 603 132 180 962 489 852 690 499 843 432 169 877 201 112 650 160 20 803 597 389 319 553 760 673 487 435 298 22 645 482 281 606 831 619 597 141 606 13 526 78 108 270 198 560 698 31 951 664 624 83 770 104 259 493 628 767 827 385 257 669 517 710 1000 218 776 735 457 406 59 5 681 972 252 675 68 401 248 229 615 95 58 883 631 204 404 378 762 327 701 571 911 234 842 161 458 779 604 323 51 667 178 415 210 335 694 87 243 948 455 543 507 681 562 267 294 861 193 804 720 874 52 732 136 609 379 252 624 360 964 600 472 283 406 975 19 759 338 335 758 887 482 688 945 734 61 421 384 711 584 810 783 262 148 630 691 730 327 958 982 657 680 937 328 565 393 240 395 206 42 217 799 521 761 852 842 330 48 354 830 633 877 519 894 16 694 110 287 169 997 230 438 492 127 436 316 697 417 414 363 888 850 340 927 632 992 834 54 807 776 680 201 172 953 161 580 644 430 540 759 840 241 922 905 589 747 88 310 804 956 670 910 377 127 329 113 638 924 330 553 180 642 381 371 753 143 524 269 490 803 320 272 111 208 391 491 812 432 916 70 851 59 886 745 528 535 487 822 136 284 862 806 919 976 542 892 841 779 446 504 239 721 65 826 150 617 306 544 847 117 249 263 60 357 740 411 203 162 527 975 602 336 959 111 176 307 998 530 200 534 609 435 940 669 66 232 822 616 587 301 904 575 820 942 925 733 123 218 894 309 272 414 914 841 687 690 349 878 549 658 663 205 559 843 230 7 117 334 99 947 61 619 951 709 845 231 550 817 624 470 106 977 455 104 267 197 930 784 15 523 791 395 676 158 749 746 224 829 33 622 654 25 354 569 522 366 728 6 269 989 663 687 217 167 961 556 155 76 743 363 842 720 460 476 100 234 455 976 745 894 342 570 22 618 967 39 45 643 219 98 447 523 892 459 872 612 184 240 395 936 422 448 324 386 450 653 430 903 900 286 473 158 335 214 304 608 939 227 210 792 509 39 45 178 759 912 943 569 886 887 314 520 89
578
932 938 516 510 159 78 987 76 408 860 143 635 963 243 201 841 611 829 547 701 311 571 387 805 822 857 983 66 46 220 919 370 803 266 832 152 407 581 251 909 438 191 261 260 231 258 71 959 112 709 746 53 10 189 868 768 130 602 785 476 546 113 186 446 932 173 762 79 948 68 823 116 397 28 669 563 760 402 745 345 167 637 594 972 884 943 994 127 95 985 112 891 190 895 229 590 85 902 369 383 851 284 593 218 665 630 820 173 503 544 245 128 727 400 100 928 202 93 754 52 45 785 337 903 917 800 675 81 992 128 603 865 373 120 168 308 444 738 73 806 283 162 979 510 523 272 775 150 15 113 748 58 567 597 933 207 75 73 484 557 324 969 261 921 783 46 846 750 633 672 992 699 964 443 163 895 151 935 62 48 304 90 736 845 111 346 466 919 523 401 7 389 812 807 152 462 66 782 299 232 273 902 577 357 781 360 244 260 390 443 889 677 879 922 956 968 830 869 931 198 622 418 87 709 134 514 52 851 917 117 88 646 58 872 690 863 768 248 869 523 584 418 722 266 279 498 90 59 974 859 851 517 52 149 940 608 370 227 656 965 815 970 430 200 61 589 644 382 445 821 173 262 594 488 628 610 21 102 222 833 983 691 951 694 728 865 691 841 982 964 514 851 170 615 152 291 518 863 246 676 518 248 386 519 883 708 630 976 292 728 965 24 421 58 626 73 498 170 758 25 738 299 615 494 732 674 776 953 799 474 23 939 954 66 505 924 790 835 554 959 833 317 60 398 882 520 250 978 725 351 520 616 86 421 299 266 791 73 97 182 419 228 904 357 129 131 50 548 862 623 368 409 577 110 507 467 583 229 755 475 57 611 386 941 416 148 538 554 119 84 482 895 959 936 709 457 109 972 142 188 68 294 495 62 421 679 15 335 853 212 224 604 555 405 139 935 438 385 538 64 770 873 967 849 340 470 893 475 955 713 515 697 511 582 546 862 878 578 790 887 283 492 137 950 332 564 447 897 311 243 414 425 418 354 963 959 476 260 785 671 838 239 348 166 853 470 967 36 696 156 935 347 34 322 517 929 790 167 79 75 796 247 969 688 839 931 662 308 597 379 560 494 441 729 310 401 423 596 722 893 612 646 912 668 999 717 320 821 816 110 419 73 104 770 736 930 447 826 731 73 91 120 636 57 597 96 713 312 813 630 833 424 206 771 763 95 192 959 35 225 236 527 416 573 487 937 504 846 16 916 241 692 763 479 209 594 459 681 789 376 685 747 544 789 7 484 5 45 743 499 479 62 779 976 483 604 1 732
658
68 196 88 736 517 51 792 854 801 947 647 749 412 525 108 679 151 173 220 599 753 444 178 817 157 456 589 660 874 196 925 730 608 273 898 778 556 345 894 154 944 428 972 852 968 388 640 663 582 927 626 959 553 67 199 489 822 937 556 873 548 703 710 361 974 713 821 134 681 243 91 999 35 160 23 271 142 654 158 478 540 798 186 386 502 748 60 741 227 904 215 91 932 541 954 814 565 804 575 708 100 434 396 139 109 973 770 572 707 464 600 701 897 767 730 309 124 27 227 429 286 724 415 470 893 413 466 662 663 106 278 964 819 868 426 952 447 67 672 363 438 521 2 188 746 614 256 779 399 486 262 761 73 48 870 449 524 875 363 406 340 111 802 68 255 228 394 558 191 441 253 108 20 608 209 197 863 889 959 215 639 563 464 640 121 608 590 824 826 242 327 241 200 185 24 348 563 244 993 657 186 815 511 566 914 792 244 756 178 75 929 974 376 988 134 571 403 671 895 373 564 729 258 26 541 618 154 4 37 805 930 213 758 720 243 708 587 249 91 866 328 184 711 704 424 65 767 220 488 49 26 489 775 664 610 479 716 153 606 31 264 626 801 754 140 853 861 326 897 120 923 990 652 338 515 51 244 806 800 392 305 277 107 652 417 973 68 229 85 679 529 901 876 312 595 635 283 277 671 69 971 994 117 64 455 989 229 725 305 475 385 790 999 683 118 962 728 674 232 1000 669 775 320 54 12 186 35 724 690 146 327 412 276 155 570 106 89 547 115 299 707 769 470 293 873 724 706 149 792 1 207 19 779 394 575 366 72 963 124 189 421 67 802 932 831 440 246 660 865 81 941 561 779 451 795 826 551 608 378 180 119 418 650 116 240 230 679 778 24 131 948 156 167 147 296 488 813 214 780 631 150 600 74 887 13 70 169 216 874 224 771 452 345 493 226 109 873 689 939 829 633 883 930 663 626 346 216 918 156 553 563 605 409 290 526 979 460 442 62 426 289 244 813 690 294 3 353 639 755 634 345 417 909 241 101 982 593 733 378 477 756 414 302 956 736 262 393 155 213 234 360 425 806 470 28 601 81 968 383 220 549 599 434 659 414 698 743 38 56 496 589 335 351 50 156 93 449 696 36 93 703 533 302 82 873 429 341 365 71 589 8 556 256 591 900 262 104 224 985 568 551 614 435 382 808 196 474 167 467 475 483 231 152 458 786 713 485 151 509 633 531 37 906 471 806 486 426 88 659 851 646 357 990 639 528 546 620 908 878 119 839 831 418 200 282 434 734 480 219 751 427 936 260 180 371 749 49 199 329 75 613 520 81 635 930 924 127 657 232 646 400 715 37 165 553 715 593 950 594 606 958 763 516 369 577 21 26 709 675 595 427 674 41 383 984 251 550 670 727 237 720 827 210 457 382 553 187 769 875 937 80 514 261 755 745 389 390 932 338 767 275 704 644 839 92 68 186 663 887 822 150 448 520 184 137 222 964 546
589
319 947 413 98 506 901 301 926 854 618 112 677 899 130 479 316 546 811 433 509 845 608 724 329 370 700 459 975 692 254 787 828 802 819 670 732 125 244 586 869 456 804 302 967 875 524 527 142 371 744 755 507 152 362 992 469 122 580 647 309 913 932 601 376 883 188 94 983 408 874 905 868 723 945 876 878 316 638 431 986 287 899 300 555 821 726 925 558 963 695 95 544 774 908 187 271 346 20 153 25 340 470 430 94 537 806 181 71 86 69 458 265 153 322 328 818 546 480 518 152 9 926 676 641 517 69 186 590 933 358 598 629 61 491 21 558 139 143 31 112 343 805 970 952 823 143 767 920 750 881 169 576 4 2 656 460 779 93 779 4 253 849 748 991 736 87 403 669 214 836 512 938 417 185 813 124 745 844 221 709 851 400 413 730 945 612 583 140 547 95 480 836 166 508 519 958 838 502 1 719 857 347 903 372 701 362 567 327 573 606 81 634 563 11 342 75 474 278 467 405 593 159 25 445 499 347 91 713 577 790 737 213 754 54 241 748 736 85 518 529 962 181 683 93 551 233 923 459 163 605 230 5 698 636 843 692 409 866 758 457 76 745 670 147 594 344 714 907 67 896 81 955 643 111 542 429 97 334 907 956 160 917 676 788 483 348 647 548 494 440 634 866 766 416 430 649 547 518 305 967 382 299 57 507 163 270 714 621 59 260 39 828 679 583 21 14 655 523 739 177 578 641 599 49 43 800 458 758 732 770 333 890 792 951 377 225 485 532 848 752 529 303 234 331 378 420 506 352 465 911 890 79 54 540 71 409 988 66 335 690 144 727 795 760 91 40 360 582 745 39 638 726 440 560 278 880 924 85 171 21 938 551 365 76 693 361 771 343 145 876 615 665 549 517 794 927 747 890 711 181 726 72 332 316 222 430 700 688 189 849 518 323 171 265 863 160 608 625 448 859 461 609 530 684 418 563 594 937 182 538 624 339 49 213 902 607 16 992 487 402 207 949 842 944 852 231 856 605 999 638 660 946 750 772 176 889 415 554 107 449 179 80 274 623 907 209 366 869 72 833 868 702 905 60 854 869 530 75 607 836 836 217 806 650 331 527 470 528 75 370 615 470 495 490 335 846 477 326 112 140 800 127 195 543 599 713 83 706 293 869 643 747 211 897 127 505 915 759 653 120 22 340 261 184 759 400 865 123 23 28 696 753 831 958 803 132 217 974 551 596 598 223 73 754 773 218 837 211 539 614 70 695 39 531 655 308 498 405 90 556 454 373 202 467 80 462 886 313 764 793 829 198 931 147 607 84 348 38 200 894 662 580 573 396 130 870 678 165 272
955
658 22 252 48 816 57 629 192 699 792 943 130 878 534 515 705 491 996 528 709 957 20 960 539 703 279 20 599 689 66 878 163 422 378 444 55 186 12 333 885 951 939 753 277 352 811 507 51 51 647 689 80 483 593 453 659 314 969 678 788 171 427 693 447 542 858 968 300 12 744 773 324 864 990 334 482 34 758 192 451 352 968 821 359 371 891 484 924 695 443 866 465 204 304 401 58 19 212 204 990 131 727 236 217 938 939 262 156 787 602 665 395 377 325 908 294 304 414 24 738 889 706 424 864 140 531 739 653 111 796 146 324 96 53 264 513 992 620 599 753 197 936 564 650 788 903 133 943 797 659 237 799 614 128 548 832 820 72 682 840 830 447 26 980 223 464 260 665 11 395 512 153 444 616 941 2 799 338 619 594 50 171 214 320 828 656 753 253 152 235 338 669 190 176 190 244 650 98 872 370 309 102 430 207 529 258 84 460 781 732 944 195 615 996 650 441 571 261 950 740 834 893 710 449 512 232 855 169 972 466 343 996 546 482 280 425 177 442 651 418 841 650 446 70 944 967 970 949 662 778 554 43 264 114 705 647 174 342 301 204 405 190 255 913 97 581 267 500 93 113 149 576 18 294 52 766 19 785 201 42 564 741 9 646 626 323 299 988 792 871 135 37 503 334 422 824 811 701 226 842 475 196 250 434 216 983 588 589 737 896 972 62 884 604 419 28 732 98 953 210 519 752 890 171 587 190 322 288 747 742 592 257 956 137 541 510 603 973 919 355 663 85 461 480 593 604 437 819 300 252 38 614 835 922 110 903 180 944 927 171 908 540 258 693 190 876 785 589 394 570 861 48 672 542 412 254 328 241 765 945 21 293 946 109 145 781 942 789 165 752 989 419 486 796 233 86 389 807 698 956 480 989 115 710 592 537 574 249 299 806 839 605 338 749 100 489 824 786 339 258 48 795 484 734 923 555 865 544 892 826 262 614 877 208 87 486 113 529 997 362 845 188 385 577 74 70 812 330 158 184 848 444 10 804 697 771 472 56 912 247 947 719 133 81 993 621 624 568 762 726 112 779 873 109 109 831 628 883 872 440 2 433 539 419 991 266 943 602 351 484 886 148 25 618 510 687 551 563 850 53 38 521 141 452 696 525 327 231 139 965 745 103 937 444 123 440 303 424 700 627 360 366 434 887 795 279 784 875 284 969 726 625 274 376 169 442 271 420 127 399 212 699 492 793 690 501 181 923 550 635 184 246 233 466 455 984 509 698 229 143 553 943 367 30 880 198 247 238 652 577 752 98 180 81 456 123 790 152 461 651 325 663 553 296 128 882 739 946 385 19 219 80 177 564 114 567 472 456 900 144 160 566 680 573 586 17 371 662 676 215 300 494 109 670 989 802 626 506 881 113 558 657 945 121 101 727 113 774 674 691 48 271 255 523 705 139 815 282 281 594 549 831 160 183 934 923 604 636 805 424 362 68 254 367 117 159 658 83 923 520 655 763 82 162 842 520 807 345 118 946 395 573 973 311 712 285 239 362 765 516 885 260 639 514 425 460 437 825 136 756 725 386 456 305 211 26 87 839 356 723 574 591 990 414 634 138 476 782 910 985 839 64 209 106 501 539 352 230 945 366 832 58 344 668 453 407 987 945 239 160 657 112 769 35 84 854 411 23 61 610 77 263 717 518 999 359 338 696 453 347 120 286 732 163 485 750 744 595 133 670 736 135 123 10 405 941 573 691 421 514 936 540 479 541 199 238 292 855 525 739 718 278 570 908 350 899 521 182 990 40 996 313 305 305 469 565 395 295 576 872 234 149 46 252 949 962 124 565 289 474 759 944 530 414 837 269 371 149 551 391 264 158 335 626 639 147 424 469 552 883 323 739 39 776 151 25 968 396 839 791 945 980 109 652 971 191 487 489 242 43 331 254 978 728 310 760 8 253 412 969 851 909 944 975 452 319 72 586 327 781 540 416 408 579 764 644 756 888 37 314 129 180 994 967 694 917 439 24 139 212 311 203 688 314 298 264 507 11 173 524 662 944 516 540 366 50 41 624 925 544 159 750 690 642 312 238 414 682 5 651 898 415 266 657 572 547 732 844 466 793 494 186 889 927 232 774 305 562 362 375 117 361 188 76 844 798 392 646 612 905 558 498 938 260 322
145
261 386 649 114 479 126 510 525 214 477 511 450 905 372 185 940 3 260 117 912 928 692 423 679 573 435 355 978 625 306 428 642 782 122 975 591 778 114 139 697 42 279 138 289 199 129 571 744 349 315 626 160 669 145 338 186 641 382 734 478 951 251 714 24 706 51 371 293 726 793 355 4 773 272 267 192 996 744 278 588 727 370 3 611 935 399 258 800 179 665 626 786 1000 495 695 280 589 800 715 759 257 736 418 25 12 767 624 688 237 36 917 107 320 759 713 334 751 17 540 438 10 958 19 839 480 767 813 787 986 330 292 61 891 545 878 580 124 557 229 816 761 430 941 1000 44
930
835 332 727 33 227 246 962 589 555 341 192 928 452 821 37 217 515 377 259 291 380 86 413 640 486 464 580 214 547 53 165 400 128 417 91 973 55 785 188 922 593 415 899 149 840 124 625 410 441 623 751 318 231 402 725 991 359 651 152 489 240 352 846 624 604 856 660 591 715 251 440 592 721 834 411 16 241 517 349 91 369 21 19 266 240 119 76 599 306 587 667 13 968 245 67 928 186 524 296 743 465 199 300 694 829 430 486 51 184 992 445 57 732 245 400 385 96 188 984 19 638 549 979 979 891 300 177 706 292 913 989 357 191 538 494 356 203 779 344 186 435 122 932 898 469 842 132 14 830 301 849 383 747 169 686 91 836 753 686 341 921 65 594 967 384 20 706 275 75 777 422 581 516 653 596 676 373 816 662 271 299 611 879 415 970 226 628 851 640 794 948 217 108 199 353 497 203 826 320 657 634 486 727 257 400 271 548 631 116 197 738 876 680 411 912 896 856 190 135 681 769 899 286 241 601 978 71 969 314 562 369 327 972 924 424 612 404 223 482 721 361 718 530 765 88 867 992 216 236 472 681 490 932 799 654 419 757 358 15 458 643 371 174 408 5 976 477 651 527 109 584 812 683 335 22 347 990 709 409 152 417 76 779 446 134 846 695 375 512 980 151 793 56 210 344 241 694 177 575 812 64 397 575 772 720 906 84 25 223 538 18 892 233 554 531 660 74 123 992 911 122 865 535 181 840 595 466 49 576 605 502 652 324 933 900 796 677 43 501 385 152 94 27 972 938 51 665 983 490 539 425 788 396 374 208 594 178 693 969 484 966 214 586 915 994 235 139 613 771 468 650 17 80 583 515 746 91 186 680 149 582 220 912 756 963 133 460 830 48 980 867 802 63 63 969 533 104 428 527 880 19 51 749 143 914 620 798 49 475 718 766 585 151 79 110 505 681 449 13 652 983 984 107 540 312 673 81 365 685 195 535 438 792 677 139 53 837 598 751 392 92 503 189 401 716 493 164 270 15 222 360 425 316 983 212 291 593 250 341 443 783 193 684 970 284 412 159 813 193 615 902 151 950 664 359 310 215 434 432 976 938 838 99 603 569 678 253 854 124 996 332 314 824 594 693 111 147 510 339 812 55 153 236 421 890 737 579 157 625 373 892 801 387 246 929 681 311 960 628 3 683 710 136 864 742 174 852 743 653 699 26 871 985 734 792 814 203 492 788 38 327 890 284 589 62 40 195 533 733 586 963 180 836 69 805 110 713 153 826 30 36 728 552 237 225 137 176 52 357 27 422 147 362 241 850 410 542 510 91 811 608 416 604 908 209 956 140 919 645 338 873 36 214 892 955 386 859 316 870 52 540 375 653 483 397 124 820 404 364 233 703 785 669 319 414 43 844 589 785 294 672 42 230 992 512 145 770 348 872 249 40 913 533 257 333 146 628 328 378 18 107 172 998 430 858 559 553 36 33 153 941 44 894 687 346 61 19 809 887 532 387 53 538 55 207 283 371 467 578 854 158 717 256 752 453 284 294 434 131 388 958 522 888 82 732 874 279 670 339 393 434 210 432 637 73 111 273 725 25 258 680 644 999 518 760 95 110 533 786 890 174 823 223 972 958 954 132 362 478 799 588 885 186 172 161 893 147 350 231 142 759 883 575 513 562 987 820 397 126 651 549 343 987 519 561 519 310 987 68 64 790 899 373 43 311 163 227 446 279 992 861 898 646 608 167 524 283 794 8 395 810 350 506 47 973 892 840 810 68 861 133 908 676 576 976 340 797 265 265 162 778 167 294 710 272 101 757 546 735 401 79 467 544 953 334 775 714 652 54 252 932 434 731 989 852 337 41 754 931 921 567 139 710 670 301 777 357 39 675 528 862 22 963 268 7 38 7 877 935 354 39 850 715 418 235 907 595 783 550 883 416 400 378 544 68 577 257 810 806 359 158 919 207 600 105 846 551 579 189 932 531 293 48 85 471 481 277 494 18 767 237 599 559 960 843 735 355 81 212 667 804 200 347 434 346 687 236 725 57 13 259 638 856 38 910 749 893 197 272 998 573 554 162 211 95 145 171 271 521 928 254 879 700 404 411 103 755 386 252 928
598
276 72 931 330 794 220 559 54 85 766 348 552 453 650 534 598 529 573 20 112 188 601 385 193 885 530 729 840 21 652 256 844 743 624 871 804 34 828 642 26 962 389 487 225 937 29 993 752 971 847 531 475 807 419 958 621 580 613 563 676 265 358 744 822 790 333 417 558 866 196 660 67 45 673 982 860 349 381 52 408 903 583 511 769 523 922 568 919 676 988 965 77 252 350 439 706 359 96 660 718 452 279 313 370 66 128 253 135 952 36 716 559 632 628 84 643 507 469 252 401 396 256 416 576 631 350 618 821 282 729 125 283 999 773 225 389 153 886 465 766 626 133 890 160 109 578 15 537 910 512 609 147 937 207 103 588 28 309 496 449 948 75 524 189 119 542 610 714 222 184 767 177 865 461 697 753 119 173 261 514 883 811 521 344 994 8 744 264 924 291 513 825 28 843 307 364 324 562 206 288 282 40 628 516 113 67 785 719 274 534 650 102 228 770 249 337 349 690 712 277 246 501 337 207 975 45 880 730 316 216 564 808 703 440 372 591 879 14 230 406 571 639 343 526 34 98 405 343 404 135 626 44 871 969 146 369 486 793 529 103 383 764 126 998 352 275 930 865 757 19 382 193 385 606 644 765 484 975 21 418 598 417 205 329 675 268 147 348 290 708 860 999 106 678 365 593 571 666 126 478 725 767 616 868 814 74 311 425 932 4 334 758 981 714 358 301 959 557 373 876 561 870 605 421 710 741 543 648 213 159 492 957 522 424 608 896 602 178 191 709 30 3 151 428 176 22 60 274 564 153 591 283 124 365 856 720 539 98 230 147 117 394 565 160 690 726 315 799 118 178 58 410 492 544 162 301 909 465 94 929 714 575 148 617 705 407 229 91 424 591 724 629 171 453 213 343 860 428 286 101 168 929 972 439 620 676 136 818 703 995 447 114 718 335 931 477 480 179 612 660 455 708 891 173 408 928 152 782 924 165 14 567 801 37 880 320 484 509 997 988 987 912 244 644 179 999 562 1000 559 281 931 533 246 972 564 412 578 862 136 590 916 48 841 843 543 510 239 885 721 362 277 610 389 323 857 472 922 97 316 419 704 627 856 335 799 521 323 103 85 316 290 576 446 793 548 909 532 376 778 693 168 136 270 537 444 765 68 78 517 374 305 320 339 633 561 220 7 291 295 718 983 920 529 905 565 366 885 455 327 830 162 728 882 329 755 849 473 515 800 308 247 677 979 530 827 612 50 953 681 268 566 347 709 716 436 640 403 35 682 258 49 253 312 81 783 729 795 780 566 684 310 83 208 499 905 834 313 540 125 113 807 801 233 159 857 92 308 103 829 938 683 447 543 865 182 528 427 969
784
651 423 898 879 320 420 516 990 617 819 447 759 576 356 988 139 229 852 302 337 912 880 661 7 979 813 934 170 962 918 110 842 573 968 168 636 822 326 894 607 106 180 201 879 929 523 726 530 155 35 79 150 753 730 247 551 815 915 621 719 430 83 673 752 621 281 451 229 198 236 610 510 328 530 510 185 789 451 900 862 134 447 55 656 95 83 564 861 31 506 776 809 644 938 179 423 810 117 375 319 68 37 448 375 351 817 115 633 899 709 416 329 499 577 339 305 613 349 738 197 367 820 748 29 546 88 798 89 759 396 495 299 114 826 913 722 103 273 612 321 70 605 763 521 226 785 757 837 104 644 844 184 16 530 245 368 207 435 534 851 448 504 404 458 448 645 610 192 504 781 537 552 196 590 201 246 852 491 906 668 173 915 409 953 677 587 648 629 936 89 741 518 842 755 187 506 714 773 902 687 388 174 967 374 375 671 946 174 271 407 581 969 234 658 237 164 626 213 228 637 495 904 461 643 502 439 762 352 565 716 631 947 246 23 734 72 11 501 838 400 528 833 175 150 8 94 588 755 446 593 573 846 199 345 634 521 882 311 876 933 169 515 291 127 870 463 173 996 415 474 503 570 897 526 423 600 702 510 811 868 783 835 270 933 834 243 920 879 745 256 466 86 309 993 949 66 969 42 472 631 72 669 168 369 89 191 293 88 938 82 939 50 751 541 106 168 634 955 934 893 431 363 880 180 490 367 62 655 936 209 109 768 860 653 397 530 33 229 949 748 676 97 564 10 686 904 502 764 828 36 680 573 22 62 217 74 858 887 644 306 526 76 553 595 624 438 278 8 934 845 346 642 660 389 291 492 976 414 692 786 336 688 929 967 18 408 275 27 615 777 454 830 269 525 491 19 315 966 962 288 80 132 714 135 780 852 665 470 863 844 127 379 830 92 254 452 220 482 652 599 973 357 661 809 946 722 203 146 41 24 211 538 889 577 501 542 60 262 711 39 997 608 939 28 249 815 364 372 825 11 493 521 828 295 155 103 923 599 589 464 412 678 220 195 736 597 972 648 713 921 386 894 937 841 568 324 233 401 802 861 313 739 298 401 140 951 818 9 883 607 587 802 995 691 541 986 309 142 590 565 472 135 714 760 980 749 642 745 302 740 386 630 370 702 318 632 19 548 861 674 224 570 780 404 282 483 114 541 23 761 37 428 694 518 836 895 642 743 414 376 283 476 257 508 247 358 116 40 190 245 795 59 727 945 454 596 595 245 827 896 773 728 790 750 561 456 97 773 528 135 134 673 70 560 762 875 538 663 613 354 507 221 591 23 611 642 725 75 978 885 699 935 62 358 268 837 409 688 27 281 354 192 919 571 716 707 706 320 109 387 876 343 625 958 875 606 495 613 484 58 494 19 334 765 887 808 536 970 167 514 515 471 633 142 622 789 524 516 551 915 448 311 504 750 480 598 912 772 77 969 150 985 313 976 725 535 317 441 504 638 481 988 719 125 807 910 893 126 726 736 391 245 717 152 307 445 102 911 779 872 45 117 302 212 831 563 921 891 393 381 925 917 250 140 347 53 376 129 197 608 271 301 206 505 204 319 519 942 814 571 830 231 441 210 402 93 420 134 439 124 433 785 912 734 183 934 962 906 116 860 67 711 996 138 448 966 425 939 34 584 798 279 992 730 131 249 846 762 109 673 74 50 602 765 728 492 152 54 90 297 170 652 166 841 644 759 334 842 878 890 478 551 929 524 609 799 250 10 707 216 628 705 449 621
308
828 480 808 269 678 2 142 45 625 433 390 229 63 295 231 598 144 736 482 8 167 119 138 385 603 128 417 797 827 522 251 779 733 766 114 611 387 671 736 828 348 877 216 915 699 426 933 197 318 203 638 476 331 918 990 549 857 530 395 372 191 607 983 812 33 710 192 505 474 470 546 478 647 54 757 623 784 52 538 791 606 676 369 607 570 454 234 128 165 295 517 399 882 57 590 714 75 240 119 858 686 614 260 643 159 552 908 657 882 140 260 83 181 191 949 98 725 116 161 100 60 506 114 548 269 711 701 763 87 904 729 694 167 19 936 561 563 860 721 825 50 970 684 747 200 68 425 665 476 496 628 478 612 377 867 787 439 759 671 600 217 131 197 818 422 553 627 674 413 76 810 226 60 418 698 573 390 715 824 568 837 26 234 247 844 676 409 814 832 895 957 52 344 490 1000 233 874 666 869 66 809 847 371 420 144 192 963 856 909 753 839 291 592 260 324 390 477 767 457 422 825 968 656 972 698 245 653 562 634 149 974 148 79 26 514 332 139 671 65 769 290 34 808 356 84 630 180 905 45 135 866 521 301 390 611 317 245 831 511 868 282 349 621 424 373 188 428 554 517 280 727 697 52 356 949 489 589 43 248 577 66 874 1000 404 722 797 756 786 347 432 119 456 260 322 366 633 915 440 501 584 679 760 5 144 102 766 284 861
142
786 440 218 811 931 611 296 864 5 163 243 166 950 185 643 921 540 672 930 298 440 891 43 257 294 638 454 317 979 917 523 579 753 729 13 463 690 231 241 624 252 865 211 11 389 409 7 945 526 99 465 905 279 504 963 73 258 477 525 929 565 353 382 997 260 250 624 211 646 846 313 951 607 786 719 905 663 400 154 369 889 663 337 34 405 672 642 50 315 729 919 624 239 193 97 469 333 838 817 950 913 225 884 674 574 441 4 480 538 540 191 665 660 844 125 758 142 678 691 199 934 238 532 745 265 548 859 775 496 141 624 696 149 767 650 653 758 340 494 311 488 981
518
876 768 841 90 924 370 16 183 564 273 253 646 210 215 452 584 888 743 780 255 416 434 164 654 354 331 628 882 191 21 16 593 637 287 160 703 619 109 650 506 964 423 516 302 921 673 850 589 65 416 617 394 341 342 758 676 982 943 435 660 814 889 408 56 957 612 132 356 53 919 974 687 418 162 72 738 142 484 128 169 262 450 978 106 698 46 970 139 643 530 223 967 145 234 351 664 162 119 901 387 684 613 911 786 349 170 762 743 190 417 22 816 479 645 463 666 778 849 961 139 311 984 587 962 948 687 465 788 920 10 560 212 137 139 856 304 127 997 95 651 371 380 799 470 688 492 915 723 309 445 218 548 180 88 591 934 776 152 469 449 557 525 931 388 978 859 870 969 792 859 836 735 409 612 53 785 815 954 291 600 607 997 849 21 310 20 295 768 655 768 877 53 700 392 286 803 363 669 771 677 855 297 780 174 328 518 90 700 151 997 418 999 347 833 947 104 76 931 629 592 345 802 745 319 184 994 279 605 352 198 458 634 496 766 889 819 611 324 229 94 988 376 859 320 679 423 511 82 27 92 145 87 743 848 997 876 204 978 537 115 383 985 783 634 41 387 633 426 596 235 399 706 762 614 425 312 976 806 885 812 795 394 431 853 332 255 384 758 554 826 992 509 288 16 789 943 451 475 168 181 835 826 267 270 556 87 647 60 56 150 508 801 605 2 647 665 644 698 383 303 892 784 606 828 490 905 358 391 587 172 681 372 385 551 85 772 551 446 203 286 303 807 159 475 666 919 396 203 887 942 194 68 871 454 90 948 349 473 404 696 230 654 532 797 390 588 741 239 955 344 45 193 985 299 134 448 618 534 386 542 537 274 266 811 427 583 255 399 149 619 815 301 561 844 745 379 478 542 933 804 613 340 151 256 197 929 197 212 404 325 152 222 86 691 952 151 672 66 432 435 198 561 433 114 818 182 982 244 350 740 156 752 12 878 406 492 962 505 375 104 894 931 777 238 972 617 641 621 883 518 58 769 478 2 526 390 616 682 988 743 240 197 345 994 845 438 884 895 31 738 823 263 542 608 247 315 901 797 416 665 855 317 653 494 955 988 764 139 464 610 543 38 502 157 810 519 859 879 808 286 853 384 603 853 721 35 740 736 244 219 198 170 177 923 200 8 647 299
289
976 53 435 848 300 519 557 538 274 189 542 705 73 200 363 768 911 513 391 137 940 419 905 921 691 810 240 390 627 56 722 846 374 120 325 230 523 818 935 936 400 189 840 448 985 362 182 940 272 906 672 315 171 383 693 6 47 128 164 593 613 151 600 777 801 253 629 107 425 639 67 416 292 78 487 960 415 268 960 5 498 403 726 917 424 42 410 380 740 94 158 197 539 76 532 446 301 336 381 534 930 550 215 201 281 434 846 36 734 5 154 460 101 290 801 43 752 995 918 422 419 519 67 120 222 556 1000 886 307 356 539 146 374 531 226 810 690 503 453 422 989 655 279 87 636 700 895 175 368 994 363 133 500 528 449 437 234 694 799 128 678 894 995 431 475 353 183 380 68 570 144 667 244 561 886 845 227 242 138 542 44 111 742 971 426 29 811 477 750 288 242 286 271 263 441 232 890 43 565 32 462 406 263 472 813 420 263 645 592 731 146 970 317 553 190 198 747 36 631 24 300 857 410 568 599 116 960 98 911 122 726 122 50 955 374 431 693 979 36 608 481 943 77 834 937 302 152 120 692 44 81 590 462 696 749 352 854 619 705 302 193 183 129 395 46 49 946 798 566 359 547 965 961 685 775 783 779 183 909 654 538 698 644 874 904 440 224 746 439
109
173 520 191 214 575 280 965 548 566 673 545 82 720 243 874 263 885 385 534 34 912 504 259 344 803 439 980 837 429 26 145 193 738 717 987 875 72 868 649 712 564 742 405 31 17 919 424 354 888 316 559 746 436 26 344 914 570 364 307 193 87 558 82 459 290 137 703 419 734 535 172 157 704 532 231 3 55 92 291 306 801 549 457 992 496 82 93 611 706 629 467 711 88 166 173 673 902 455 190 171 729 308 561 813 924 559 113 498 378
597
651 451 128 792 881 908 354 339 273 156 890 235 488 189 182 617 978 509 44 555 396 57 330 582 630 943 621 627 2 533 154 819 142 350 826 611 269 301 875 848 223 583 678 126 764 746 870 298 799 7 544 392 977 838 456 665 187 794 834 901 822 197 270 644 744 797 545 674 829 128 432 193 200 147 563 341 462 75 305 139 50 81 236 382 403 204 755 124 43 340 768 785 148 958 858 660 139 402 712 591 968 462 237 983 952 888 473 802 169 334 247 547 629 509 19 865 449 821 229 873 509 690 656 238 853 7 966 200 164 246 708 304 632 599 544 166 354 72 487 399 550 37 408 588 165 743 520 373 683 463 955 305 618 905 730 412 218 169 173 374 84 582 907 73 61 452 229 734 717 192 118 420 494 767 150 493 864 558 656 574 124 119 839 162 346 302 8 379 316 831 11 315 816 118 475 939 147 854 407 836 175 925 377 920 877 529 377 474 319 999 145 897 554 198 790 246 948 743 84 588 996 124 591 16 898 142 738 650 195 168 711 719 3 946 214 415 219 798 409 557 39 187 471 849 568 398 744 142 331 215 953 641 337 759 124 672 375 773 620 530 368 875 83 87 838 547 844 636 962 461 115 50 249 997 833 729 921 658 738 757 952 18 963 869 605 453 205 673 736 978 4 163 393 584 492 718 44 184 858 790 606 293 671 85 397 193 195 130 561 206 271 22 889 815 57 349 440 917 279 570 964 623 686 441 413 150 646 815 946 285 116 164 311 180 935 532 316 728 924 894 682 816 718 133 559 771 980 202 339 333 945 492 8 735 358 875 258 436 228 919 611 649 940 463 347 781 40 571 637 911 824 926 830 795 606 981 944 61 347 290 936 950 569 941 960 555 295 347 477 979 246 575 300 418 29 91 563 795 134 927 182 794 977 625 834 85 142 811 654 788 684 693 151 421 846 101 497 869 559 84 723 525 654 473 386 515 491 436 861 252 250 393 702 884 899 838 995 735 491 454 295 840 322 40 8 924 493 22 569 81 480 660 837 453 743 233 782 8 602 415 506 93 295 167 6 380 938 651 121 372 323 565 119 724 295 929 4 120 881 723 741 994 995 180 402 6 43 457 211 244 789 271 27 474 11 877 311 400 284 805 917 859 93 812 799 170 460 200 243 650 400 813 589 787 98 644 339 140 145 445 1000 331 704 838 394 909 3 11 212 363 790 745 714 687 906 628 804 288 950 970 56 747 222 974 61 13 206 594 163 851 616 125 489 409 801 480 68 545 380 233 585 700 786 267 127 752 63 983 664 600 679 437 44 154 497 287 696 889 275 693 213 836 495 997 732 328 167 889 196 406 146 602 845 566 502 87 903
453
651 418 64 611 497 820 781 493 293 826 585 551 680 901 818 655 20 264 232 362 872 723 580 747 173 109 199 830 749 208 692 335 388 808 687 890 618 504 268 696 141 247 466 990 897 499 306 111 657 969 394 209 103 292 258 633 448 395 817 171 287 257 343 364 156 188 195 439 324 61 464 112 808 201 362 485 809 464 764 11 924 4 928 263 493 839 241 375 755 172 741 400 543 892 480 382 119 640 207 275 885 796 777 780 201 203 202 986 198 82 701 148 48 169 704 973 937 312 78 390 129 949 72 694 676 776 447 608 896 451 979 818 990 864 498 833 442 909 815 693 72 150 875 386 705 29 4 463 439 276 17 32 167 278 853 546 338 936 449 465 204 376 503 549 67 796 933 24 716 886 305 961 380 692 725 132 896 813 704 970 154 555 385 434 94 672 875 541 700 455 792 336 67 139 329 322 151 151 63 804 685 276 978 102 213 18 408 169 457 326 565 38 757 594 13 34 472 169 299 663 831 708 517 319 1000 769 42 440 342 709 201 465 253 673 684 986 438 701 797 844 628 465 999 772 732 723 536 663 915 452 891 278 941 75 73 711 253 454 685 693 274 811 190 986 567 891 793 526 201 764 38 160 407 65 920 253 231 305 164 96 783 184 109 965 256 279 918 318 340 550 782 627 981 673 662 830 140 678 543 19 509 828 754 759 904 811 764 655 551 917 300 839 741 44 961 973 81 963 289 480 733 493 633 709 897 515 785 401 907 940 123 353 746 872 15 794 447 377 898 121 516 966 982 639 844 649 96 370 892 946 568 535 855 156 23 715 525 639 223 930 783 301 592 856 519 872 364 387 947 383 259 522 977 15 248 827 992 768 473 449 781 695 947 702 667 792 120 259 298 315 684 613 407 574 963 8 996 813 176 868 935 520 366 939 651 8 18 206 842 135 447 273 532 551 192 893 540 472 963 446 328 462 653 962 30 734 307 336 368 555 791 784 911 326 315 756 902 767 810 456 924 80 16 918 935 568 785 301 536 413 321 709 268
460
110 365 552 276 118 682 67 45 723 509 589 976 300 63 220 626 597 692 344 249 307 305 340 257 60 639 336 734 47 708 589 911 419 175 90 366 431 506 72 300 253 794 621 345 881 392 831 662 975 67 676 561 585 926 89 425 75 307 741 35 661 370 97 542 3 8 490 817 763 229 792 28 138 162 877 453 592 316 290 316 65 811 291 832 815 748 868 176 953 92 188 193 954 714 900 134 982 894 943 348 772 882 344 479 554 463 3 813 60 352 376 45 973 559 942 228 338 412 505 447 116 996 258 610 101 402 907 315 77 836 596 212 208 476 813 412 187 216 139 626 419 215 477 998 493 339 799 80 44 410 108 311 293 948 763 1 310 315 33 83 165 485 717 645 248 777 32 521 814 72 350 26 803 560 200 93 323 927 312 619 626 908 120 771 345 125 752 593 120 892 1 322 793 993 941 886 417 103 645 898 535 287 506 823 222 61 478 377 310 571 458 752 867 335 378 720 693 100 702 402 75 856 733 694 374 61 671 278 523 872 8 892 585 166 806 384 847 577 418 274 771 621 402 996 648 91 755 827 136 225 329 834 227 956 422 139 300 521 7 974 921 940 290 447 319 513 200 526 10 274 271 633 576 530 917 571 199 570 342 555 244 975 494 835 631 567 533 956 751 185 774 644 413 8 601 776 694 700 902 139 725 746 911 457 720 453 514 760 387 345 37 762 800 960 51 688 875 204 847 790 841 933 979 153 515 54 775 898 600 138 474 704 282 516 35 848 909 750 919 72 155 624 785 699 852 905 89 201 227 100 332 311 405 658 728 586 13 175 984 556 818 190 684 515 690 741 344 283 213 220 231 127 22 134 592 348 521 219 750 163 619 274 597 955 899 148 953 376 91 793 256 909 326 732 560 909 436 43 853 572 112 821 89 104 256 164 16 984 802 139 166 526 294 622 825 309 347 967 489 320 222 542 105 844 312 680 823 673 92 906 500 332 411 295 285 246 150 416 792 582 701 744 536 751 62 393 308 668 245 936 920 914 393 118 935 237 299 995 661 435
954
892 874 846 790 596 674 782 190 825 448 799 717 245 456 204 459 524 410 48 401 91 477 871 142 46 822 522 272 398 895 350 605 716 153 591 321 732 875 141 883 382 934 657 831 345 40 225 579 477 414 414 496 253 849 366 880 832 856 511 327 636 869 213 634 655 681 445 887 973 79 926 700 486 181 212 219 760 748 350 169 217 695 76 250 621 410 267 952 224 161 260 437 333 271 966 918 384 582 658 991 199 10 667 863 982 947 200 517 204 698 481 475 891 976 18 129 801 559 384 158 407 839 844 968 497 2 647 802 869 704 895 278 584 666 327 969 526 26 502 613 737 210 574 608 342 139 30 718 462 162 137 181 683 369 103 197 862 892 113 406 737 650 362 134 212 35 199 868 629 57 152 324 340 152 499 304 207 612 936 921 540 608 751 623 373 930 237 192 48 604 963 988 334 275 413 893 83 840 585 274 718 532 730 755 262 541 526 576 315 578 630 5 763 122 883 406 10 176 320 164 869 462 551 252 891 273 618 233 636 823 120 484 494 459 307 738 575 82 494 219 13 256 801 263 988 615 724 42 209 568 234 799 301 241 700 668 443 913 113 487 442 735 286 285 562 452 336 635 644 513 420 289 906 945 300 522 946 441 31 748 584 814 219 982 311 962 533 233 400 798 751 291 901 587 724 774 630 711 607 914 771 853 58 638 387 666 562 500 605 41 623 622 763 751 405 907 714 596 763 278 666 2 251 723 979 771 472 689 202 683 657 717 795 485 407 353 770 409 941 242 916 833 884 704 630 325 968 447 522 739 261 769 187 450 59 427 657 684 669 541 461 416 193 859 816 787 244 680 785 122 996 759 56 716 190 709 524 442 812 89 669 516 560 125 191 893 609 166 27 34 581 67 198 131 360 114 44 336 369 514 990 150 98 934 240 317 22 364 409 161 894 265 835 174 193 645 824 322 586 288 597 960 927 45 824 270 393 182 603 633 883 569 478 241 720 549 984 172 476 255 859 858 903 885 693 927 931 818 387 144 14 840 508 400 432 254 859 155 15 693 546 7 695 388 794 114 345 750 285 893 869 229 961 505 871 686 41 350 11 912 445 19 698 614 354 76 697 874 853 798 862 414 621 502 876 510 960 817 66 157 329 44 455 830 102 859 818 390 319 593 137 712 910 879 518 44 172 706 967 25 869 788 697 998 549 218 756 888 362 18 2 245 180 761 93 69 906 484 107 902 207 237 675 461 526 952 782 516 974 361 136 196 957 831 77 309 189 733 527 713 180 730 267 424 604 587 164 155 357 772 975 678 332 794 58 963 87 963 330 943 961 87 589 669 135 168 429 408 944 131 207 295 248 285 392 3 937 716 733 801 281 454 605 314 896 270 823 528 92 938 44 216 728 997 396 52 856 382 626 992 404 422 702 75 622 459 275 812 331 707 86 347 782 246 863 5 992 842 447 680 891 858 897 453 198 450 360 699 200 211 386 117 895 141 576 550 939 96 348 424 633 985 379 971 362 854 261 468 601 16 687 401 936 186 886 173 811 902 880 447 895 262 450 641 522 740 970 394 651 59 378 531 358 64 328 509 103 238 525 215 750 852 254 553 527 483 404 117 682 55 3 793 471 815 713 150 802 612 145 785 383 602 654 719 700 124 876 312 318 616 777 226 94 405 30 456 718 802 956 223 106 390 441 791 164 355 793 96 3 97 998 479 679 334 972 818 692 995 886 74 403 782 738 116 397 287 439 463 812 945 407 81 553 187 818 115 960 263 688 390 901 123 995 29 7 371 891 165 531 916 769 464 427 680 150 265 345 949 287 863 225 745 932 932 235 897 33 773 1 773 173 70 59 607 298 467 775 129 668 380 824 264 411 284 780 651 109 546 946 932 722 703 243 896 985 276 733 466 353 483 438 275 581 367 653 731 896 853 404 709 250 86 96 884 561 893 374 276 553 135 94 919 658 223 894 134 978 228 175 598 786 678 619 577 22 211 336 535 336 464 555 604 817 719 730 744 435 867 351 606 611 653 620 402 880 188 683 215 918 371 311 754 883 674 800 121 954 525 630 824 582 86 587 745 379 145 850 458 183 385 108 995 410 519 779 206 34 965 681 600 926 995 118 31 224 839 526 226 152 151 215 141 888 104 695 776 705 514 584 275 284 281 413 111
665
675 88 959 147 516 646 924 265 290 332 67 765 349 151 796 618 106 637 320 826 699 807 506 740 275 250 752 43 178 182 465 439 229 585 972 44 293 427 17 189 697 337 818 162 73 894 170 513 772 909 354 252 369 219 259 151 243 939 798 726 663 118 516 198 643 2 360 164 730 966 381 930 318 328 297 507 562 636 816 583 475 829 217 922 86 69 268 496 739 696 577 664 313 899 133 473 281 614 660 946 516 843 591 704 412 8 237 687 120 46 198 246 424 312 533 13 679 919 43 550 658 762 382 383 710 980 448 698 416 202 153 111 175 764 596 914 976 914 730 703 495 513 46 890 696 295 894 999 750 971 198 177 839 487 780 543 625 896 824 281 582 736 169 976 415 940 395 349 975 765 382 88 319 960 487 887 456 987 324 684 267 796 722 341 936 411 285 230 297 787 46 559 547 352 592 137 898 813 790 720 364 929 648 209 626 615 616 984 289 592 230 254 161 739 44 383 302 285 755 650 331 566 579 406 646 121 199 946 922 543 237 377 18 331 270 424 982 553 820 953 81 861 408 886 35 748 477 668 433 626 908 969 255 761 330 826 358 709 601 619 467 560 261 384 113 981 254 597 139 439 822 104 70 3 287 720 244 670 409 21 273 498 230 471 282 8 844 162 504 662 389 914 105 571 122 311 545 869 652 401 834 228 449 433 629 730 109 655 378 154 25 236 886 39 574 836 178 181 334 611 531 507 729 120 674 387 981 299 256 449 947 270 304 559 832 143 239 213 79 327 964 488 44 490 113 733 275 802 922 892 403 600 307 212 350 750 685 563 820 47 560 798 84 28 544 151 392 724 126 128 568 768 86 666 25 926 900 463 215 392 947 381 861 671 35 811 515 898 711 18 807 135 12 801 699 50 365 710 641 152 786 220 91 880 488 930 838 840 828 571 710 710 723 23 308 378 981 724 474 874 6 413 964 85 883 799 684 777 66 478 911 161 307 425 791 739 807 717 156 697 606 840 689 449 975 42 61 342 757 13 367 280 371 734 418 980 101 460 397 783 562 472 304 397 60 413 944 469 564 792 970 79 589 317 183 192 847 537 852 688 163 687 738 202 135 938 907 665 304 499 979 344 200 102 428 196 845 397 40 340 994 357 604 751 34 356 50 384 211 825 991 833 513 404 873 983 832 284 473 993 653 872 82 237 346 937 27 743 69 701 993 531 781 101 93 948 375 256 773 621 591 396 240 133 491 251 352 767 418 583 57 421 716 291 961 961 154 553 637 216 315 340 298 529 718 690 972 870 331 52 220 489 891 673 947 710 474 450 879 157 709 320 199 687 938 110 185 454 985 934 135 779 679 517 291 855 204 540 814 869 600 232 925 95 139 290 823 584 593 503 84 309 147 56 103 560 179 532 703 658 135 851 334 495 409 801 187 33 708 377 322 267 398 901 59 274 27 138 898 425 671 215 891 81 171 566 946 481 70 689 345 676 762 554 855 12 531 507 309 1 121 556 765 270 769
132
955 505 745 175 994 73 656 930 19 174 883 986 351 889 4 79 27 951 988 217 940 949 775 223 727 90 840 25 774 817 566 251 481 840 375 418 314 895 96 59 883 546 985 665 526 438 664 363 397 896 306 192 859 986 72 100 521 822 303 265 953 799 630 708 571 648 763 569 115 744 886 522 562 413 78 968 811 834 601 124 695 347 963 234 454 920 747 736 834 785 602 415 917 891 990 466 379 409 12 382 152 662 659 910 131 65 841 925 467 423 67 255 362 343 872 30 917 769 291 276 230 353 57 221 857 491 892 454 174 281 340 182
739
888 479 421 462 624 26 885 341 159 854 415 487 304 94 569 876 269 383 354 58 407 425 360 335 196 653 249 372 781 757 316 497 895 89 832 18 271 27 364 139 297 365 996 108 522 826 38 824 294 231 722 556 286 811 686 559 984 319 782 332 95 287 844 482 780 285 174 302 398 40 510 806 244 203 598 313 396 812 636 296 596 936 500 574 266 458 109 261 211 319 167 992 665 505 724 233 234 938 746 367 903 231 693 453 334 503 657 481 251 84 793 714 277 730 628 532 330 790 707 406 338 518 899 659 625 73 909 217 251 796 692 529 4 860 553 490 359 588 590 340 883 379 464 891 80 724 426 349 991 890 933 484 171 656 556 871 258 911 458 976 336 510 592 483 426 19 773 176 116 249 409 896 427 556 265 537 448 151 421 911 524 823 174 111 772 742 843 886 552 775 103 725 374 140 795 234 958 179 724 190 722 357 620 132 228 438 969 74 38 271 637 457 541 610 406 790 599 608 940 933 606 446 47 151 382 553 260 84 763 301 71 580 195 887 224 442 843 994 702 220 221 341 101 991 802 744 503 422 658 464 35 122 86 614 800 319 861 420 979 411 358 98 236 721 925 718 87 742 318 768 589 644 423 762 754 332 811 556 260 697 688 676 130 415 605 682 115 899 997 82 215 428 349 351 700 421 526 47 270 666 58 929 143 367 607 511 868 134 808 59 433 321 211 915 649 874 103 122 721 808 88 109 999 983 270 438 398 913 597 382 643 719 29 414 851 673 820 49 293 47 843 766 272 239 710 574 15 26 496 70 643 403 613 859 159 747 655 969 57 5 894 769 732 7 445 5 624 1000 48 328 921 840 337 779 925 599 940 107 75 441 315 851 414 685 749 518 11 37 719 317 123 411 927 773 953 357 67 902 900 125 938 187 801 877 380 506 372 768 275 586 618 6 775 322 282 862 129 842 17 612 197 684 248 367 608 768 323 591 575 665 303 524 871 870 49 800 355 139 143 642 817 454 726 487 62 383 76 331 681 294 985 766 649 8 171 971 543 432 496 494 320 833 705 617 45 916 329 962 964 580 981 969 687 938 588 120 385 197 123 829 324 39 93 426 519 760 867 525 819 687 552 536 470 686 973 626 52 925 476 481 378 397 752 58 432 507 44 120 90 809 893 110 77 85 304 590 961 215 28 644 573 422 583 55 548 557 726 824 946 597 835 566 948 330 585 634 20 652 780 970 898 299 94 275 357 676 568 505 589 376 293 412 919 52 80 942 126 304 1000 453 390 752 751 29 987 660 154 243 75 919 664 496 349 340 126 980 426 922 738 305 613 461 657 459 494 110 204 49 431 595 517 655 745 551 581 304 78 979 79 149 526 904 396 98 92 396 754 434 3 699 994 550 843 696 667 209 249 177 260 305 554 707 102 405 962 173 863 416 101 216 384 603 881 759 13 660 885 766 694 883 54 2 318 973 728 702 652 553 623 351 477 354 160 254 232 728 67 149 738 849 399 947 657 208 46 713 188 175 397 153 126 718 850 356 144 796 111 336 63 434 715 950 938 431 621 358 778 231 217 972 776 142 677 765 834 474 227 103 782 621 99 699 72 206 573 197 341 366 790 688 573 899 740 278 342 452 268 415 348 336 422 546 178 906 168 101 755 722 60 642 367 456 405 779 196 601 233 455 508
584
381 766 439 148 383 909 325 618 368 977 425 719 947 176 955 618 581 134 592 795 854 216 698 399 325 96 808 38 6 5 299 149 381 995 800 564 595 673 186 174 474 635 906 459 138 944 647 124 340 110 424 737 507 191 652 564 290 861 951 973 464 1000 816 735 928 688 971 554 653 644 642 469 362 935 656 593 93 130 695 123 602 400 65 161 937 631 511 409 39 655 857 638 591 934 418 191 73 266 415 863 76 481 666 974 437 192 578 430 415 897 732 234 739 432 165 784 749 734 429 688 521 591 16 146 197 424 554 358 693 636 470 260 709 289 809 540 995 683 732 594 816 688 133 947 193 347 640 557 625 765 104 430 176 719 675 191 878 493 546 667 591 522 848 893 246 528 501 549 565 233 823 3 728 989 856 247 271 115 562 764 590 830 854 398 699 968 612 649 658 639 19 421 341 598 668 597 668 276 563 888 422 28 374 836 981 441 237 967 524 392 971 587 781 902 501 500 298 830 719 791 353 788 460 305 688 482 871 785 88 884 803 893 149 909 827 312 627 686 644 263 540 741 355 803 318 862 909 328 488 696 314 989 700 886 272 236 49 361 143 239 521 22 617 623 808 74 552 856 210 694 957 331 923 790 112 148 222 813 294 883 973 130 649 134 35 927 534 151 617 514 546 215 483 632 923 467 416 189 901 357 564 772 327 915 784 226 878 16 81 933 254 420 711 251 975 193 464 112 509 698 710 331 557 203 129 59 13 690 400 618 766 781 645 210 745 144 870 867 388 180 104 144 759 845 524 683 902 637 382 817 362 778 398 346 47 778 876 674 727 462 251 697 76 28 721 20 909 999 773 886 954 58 964 872 335 797 138 942 736 416 320 963 527 435 238 303 866 353 721 513 626 327 674 888 911 265 101 923 507 981 354 949 209 815 713 499 590 820 409 214 590 898 540 945 385 273 67 716 835 866 773 561 712 833 860 121 589 509 499 17 422 306 93 722 182 791 841 981 842 634 661 118 167 806 133 872 261 540 137 512 520 991 403 18 227 978 156 241 316 846 620 901 239 200 200 51 411 619 766 518 980 445 826 611 303 609 394 677 428 329 980 950 280 752 519 706 254 861 209 878 28 316 799 737 436 116 313 606 734 225 836 629 679 468 87 111 669 540 243 875 430 781 964 867 479 637 993 355 111 288 156 558 399 368 36 683 673 414 129 70 551 328 135 669 712 748 129 767 682 605 304 53 103 860 308 111 358 981 153 180 915 708 237 691 466 951 234 926 508 390 383 864 333 880 558 399 322 975 996 425 416 354 436 354 59 544 321 23 256 251 985 256 321 102
850
172 640 344 489 82 235 381 697 117 582 786 630 236 229 212 330 779 991 513 886 218 500 972 161 882 815 894 871 168 643 285 896 681 190 63 978 255 611 509 901 393 622 275 630 120 441 460 732 15 849 495 117 640 793 36 829 379 508 972 849 391 172 410 428 221 176 105 891 850 96 686 64 362 281 196 791 402 25 898 855 597 643 430 410 560 753 615 62 926 358 549 185 943 452 749 26 68 739 326 673 746 231 163 349 546 657 738 617 209 121 686 977 889 963 802 609 136 110 946 95 620 163 989 910 553 934 283 91 55 113 179 796 454 652 731 612 913 849 16 683 990 106 377 164 823 599 58 821 358 34 686 392 961 548 324 28 696 65 140 106 501 160 404 510 483 750 224 927 345 978 901 450 286 221 957 455 187 84 684 267 588 778 680 532 612 742 865 611 267 596 880 40 775 930 315 923 711 457 174 758 192 328 496 485 886 358 69 94 130 165 708 291 916 184 20 602 864 509 19 544 703 948 256 222 994 594 557 762 677 772 194 576 967 655 524 615 327 738 541 589 487 605 352 524 295 479 131 588 371 127 587 174 616 115 690 170 142 162 747 745 97 961 600 705 523 128 681 393 518 936 960 933 56 582 537 988 746 203 247 128 448 197 408 502 455 669 283 438 876 271 679 771 918 998 12 684 430 134 966 892 367 426 701 897 795 744 87 463 68 931 794 200 897 204 673 622 245 710 975 146 704 479 406 368 795 307 956 225 316 268 156 928 380 619 980 176 386 995 771 964 634 598 717 24 544 511 410 542 435 932 749 471 920 123 664 609 753 81 416 955 293 42 46 61 666 895 887 371 760 469 578 817 349 128 642 741 858 642 889 558 978 795 365 174 595 210 92 425 712 177 941 568 263 927 408 26 97 507 62 144 875 586 49 647 129 732 233 282 235 896 576 661 907 789 488 278 790 928 149 567 291 6 276 264 594 480 513 394 561 175 745 725 622 456 480 317 625 94 426 156 503 531 339 920 603 203 612 688 39 860 335 664 722 51 652 223 434 18 70 208 420 102 471 759 515 482 51 968 428 351 544 469 814 508 17 585 109 494 45 285 273 255 217 171 832 925 617 298 67 957 282 72 198 906 278 191 676 826 502 287 228 341 32 794 216 581 880 933 580 852 496 537 243 668 716 158 541 41 857 242 922 113 674 489 275 73 603 827 883 62 564 113 703 70 690 950 679 78 406 809 655 815 326 606 495 2 576 266 685 208 595 582 21 101 867 473 759 940 583 768 359 609 978 339 277 622 25 533 730 872 866 4 509 756 617 17 966 623 584 852 816 967 612 314 971 264 237 481 202 533 162 196 351 438 82 385 341 792 890 99 817 931 539 656 244 926 264 873 923 356 282 726 839 563 887 776 26 251 951 579 423 712 205 64 98 456 493 282 563 517 718 908 267 840 507 476 197 247 623 209 386 144 638 92 734 729 161 486 189 288 171 881 729 502 985 893 850 404 513 405 580 699 655 589 274 838 589 215 205 346 702 639 854 550 779 648 968 969 915 935 956 602 689 214 467 425 115 549 194 698 801 525 313 658 684 724 706 489 22 875 951 872 69 930 932 877 772 534 801 958 19 468 576 313 680 371 652 559 277 467 157 422 676 474 467 319 559 654 345 79 945 32 270 338 170 389 366 498 826 12 657 484 204 444 311 79 536 509 854 903 435 291 79 763 256 30 216 754 730 938 509 804 189 697 519 545 947 731 534 452 441 880 304 915 643 102 303 501 593 193 85 429 172 948 562 581 337 107 567 805 785 875 666 323 9 863 907 123 655 415 206 322 407 598 314 107 995 959 418 263 961 649 219 441 618 281 51 21 206 49 463 698 573 965 792 170 104 169 83 856 89 327 924 969 605 842 531 60 781 952 484 140 861 876 563 395 849 765 185 536
772
452 846 318 818 757 842 147 61 818 227 762 880 810 57 49 157 60 113 235 996 45 128 165 658 298 810 578 98 36 268 118 999 57 506 295 730 473 620 144 43 284 719 126 339 348 929 1 845 81 573 134 866 628 749 502 489 560 261 919 582 274 916 85 664 480 204 65 465 570 641 478 57 731 436 573 467 417 830 934 868 13 501 804 221 336 989 967 847 584 215 891 124 535 964 111 244 358 192 903 976 429 703 690 939 927 76 150 93 411 69 104 382 656 869 134 915 587 410 534 290 248 331 348 758 369 291 508 499 498 746 864 633 419 408 954 599 941 671 669 298 832 581 508 504 128 207 868 49 62 702 87 442 411 111 87 664 514 740 943 421 187 310 565 259 68 417 188 14 912 247 123 679 491 266 872 76 938 737 298 664 237 656 335 463 149 31 37 896 172 145 711 90 180 5 998 822 996 372 44 302 13 769 859 254 86 422 684 709 36 759 970 980 326 976 201 825 706 137 631 409 254 464 221 227 634 109 191 941 747 468 115 133 478 871 565 261 936 492 301 464 154 81 586 452 879 135 578 651 936 371 420 99 203 248 704 567 25 2 992 77 819 520 885 1000 665 323 982 70 225 94 244 144 28 521 887 555 518 316 118 60 600 953 914 909 465 924 222 673 494 256 498 303 377 270 197 687 730 407 663 79 965 972 921 283 445 203 652 964 682 763 800 676 563 386 149 336 659 286 832 434 961 393 417 871 236 686 931 584 933 138 355 100 38 586 856 393 716 444 377 619 568 299 483 846 313 81 373 803 934 941 742 469 436 729 52 37 749 388 670 77 36 514 604 391 614 547 371 354 231 559 972 25 107 394 235 361 159 996 850 124 837 770 854 348 760 965 764 731 581 321 312 428 47 174 363 763 427 184 422 457 594 249 471 384 203 258 529 245 511 693 986 139 54 348 396 625 921 191 999 878 413 34 679 852 943 531 217 854 930 284 116 845 937 974 220 760 175 295 953 148 558 122 718 958 686 339 729 597 371 393 788 753 849 305 122 765 995 208 233 398 653 884 287 302 46 227 521 187 80 332 320 352 292 681 582 564 154 124 444 600 754 759 37 427 856 164 961 167 692 690 416 97 182 667 277 494 866 321 247 426 845 771 793 604 8 249 726 849 66 603 615 778 216 516 84 230 499 859 437 108 936 1 514 689 532 60 829 611 622 140 302 323 647 156 785 507 254 805 617 492 637 423 528 940 433 578 534 424 19 873 114 544 208 352 710 731 759 435 828 2 524 512 959 9 268 532 39 233 82 11 592 41 254 140 911 2 503 758 81 507 400 420 909 428 285 651 834 348 549 414 879 888 142 241 786 989 356 946 116 544 829 966 40 375 463 961 327 423 629 700 691 997 769 643 349 807 131 475 689 264 23 155 69 433 407 65 478 429 646 38 937 88 922 21 755 748 962 900 130 678 104 558 476 781 440 223 168 280 858 970 116 692 364 73 407 122 374 914 49 720 52 16 318 832 239 563 60 87 528 64 753 427 739 86 796 488 882 707 355 611 916 789 171 559 586 917 970 185 615 225 801 540 414 201 511 898 624 228 396 765 746 805 825 255 738 29 587 630 651 626 963 416 797 388 879 738 584 258 666 587 607 993 706 857 47 746 959 338 682 289 432 390 423 217 221 251 440 207 993 76 652 109 275 516 76 80 216 233 93 420 802 532 239 221 507 260 378 966 287 910 431 28 897 749 63 242 827 245 969 150 384 566
376
413 421 739 26 939 602 996 569 837 787 164 214 643 18 666 7 783 659 703 354 997 737 58 21 490 149 247 785 70 16 736 25 32 365 976 762 945 851 204 91 929 63 637 32 698 235 522 733 365 149 88 827 805 598 940 566 474 890 903 824 129 736 140 809 106 607 571 460 272 982 858 954 920 603 53 391 282 412 218 163 248 724 234 536 475 343 533 859 883 792 584 206 701 189 135 696 869 381 444 532 819 879 624 728 159 432 190 985 916 857 750 31 890 267 139 304 626 574 94 967 259 597 435 915 816 825 368 762 784 519 847 18 267 770 232 891 397 486 813 264 723 738 743 685 957 363 194 856 89 613 386 423 304 186 268 67 107 261 748 326 402 899 528 613 959 282 303 510 207 665 899 664 827 472 275 854 24 329 492 453 220 982 509 49 229 692 937 424 976 271 636 195 579 206 456 182 62 873 333 700 60 236 131 868 137 433 934 32 969 343 418 500 303 930 374 384 401 301 551 343 12 446 616 640 64 509 561 51 241 565 353 869 294 88 138 996 882 835 824 623 76 564 229 531 943 631 885 569 941 680 132 75 184 408 33 316 208 884 350 576 206 816 902 129 299 270 886 394 114 288 669 690 724 219 933 68 742 744 921 583 789 473 295 933 728 988 51 659 622 246 285 920 545 802 46 976 597 766 730 659 856 11 602 317 96 904 999 209 514 271 522 719 543 446 866 797 34 114 933 801 275 594 33 468 612 454 802 46 623 119 779 293 479 194 147 94 409 15 434 844 878 150 223 778 958 420 450 461 677 648 272 552 491 591 799 253 55 812 243 512 443 661 179 108 282 80 252 691 160 264 107 621 177 661 410 690
353
464 521 178 866 287 243 633 292 257 418 772 974 77 246 963 151 430 699 767 758 833 673 228 598 468 112 564 280 260 644 542 778 132 172 886 977 805 190 455 57 738 206 621 650 812 961 633 268 734 165 78 466 788 441 324 802 523 48 508 706 967 497 271 182 984 786 438 311 842 304 175 54 667 163 518 870 946 420 573 66 534 941 355 71 730 885 451 224 358 234 882 32 25 330 376 482 246 481 84 160 745 50 638 427 809 886 915 93 795 469 782 197 57 410 281 627 620 413 200 501 65 715 54 532 516 193 61 112 362 890 610 345 919 669 249 936 211 252 91 825 394 878 105 766 576 325 922 187 279 242 118 535 409 951 131 901 916 515 738 858 40 770 750 617 304 488 808 694 783 473 693 975 893 169 53 898 213 751 389 58 707 953 261 420 117 789 685 371 502 639 665 211 554 740 237 689 534 549 901 245 880 203 514 313 441 147 624 396 750 479 528 460 839 633 183 753 278 691 761 402 11 814 513 384 595 132 981 946 632 471 856 6 64 182 748 186 149 201 910 40 555 854 577 829 552 309 675 365 33 925 288 497 679 99 860 325 885 32 102 238 982 219 408 602 113 708 607 477 183 985 182 617 116 854 299 744 413 212 181 677 926 790 557 65 815 134 231 113 405 499 612 274 510 737 168 276 533 280 881 811 570 978 829 715 177 117 447 567 897 37 507 215 952 394 387 659 1000 875 383 67 877 509 550 811 63 479 86 147 167 46 723 242 763 379 199 668 834 667 11 650 821 143 814 384 723 426 515 415 796 769 140 675 347
971
716 366 535 810 413 384 695 101 228 203 877 579 976 83 582 1 993 449 534 766 126 877 819 645 880 621 536 774 581 779 399 788 152 248 856 770 616 129 163 235 845 908 304 166 231 389 537 491 727 951 211 674 530 832 109 995 302 435 504 820 86 482 536 617 747 977 180 208 603 192 730 728 941 334 430 966 523 483 815 747 111 567 789 777 430 352 145 86 240 954 535 703 860 53 785 369 2 910 831 630 887 643 829 498 421 34 93 361 239 549 27 784 631 281 691 92 888 871 159 582 319 339 233 392 641 765 41 542 395 463 479 698 388 389 856 345 180 467 706 722 706 850 509 907 26 963 465 268 718 587 704 219 24 155 205 712 478 910 542 157 698 417 785 217 563 457 346 656 622 905 422 614 709 320 838 54 79 504 18 49 315 432 474 855 325 172 964 462 541 844 525 693 349 455 354 932 157 136 790 329 816 12 737 187 891 27 254 799 157 452 275 361 39 567 74 132 149 107 417 138 200 277 416 332 573 359 390 626 374 305 976 6 289 705 151 770 570 122 693 63 989 214 603 39 22 302 133 995 816 312 871 899 842 483 187 685 681 523 546 365 574 389 617 184 968 104 768 483 451 218 505 945 333 356 470 128 276 250 272 655 862 296 228 842 275 608 262 248 30 367 131 909 25 998 905 436 953 220 927 517 430 222 287 814 633 120 751 221 191 729 144 103 913 996 592 350 501 161 455 194 88 384 543 478 18 189 114 410 980 121 388 665 381 717 873 63 642 79 831 437 232 656 484 692 970 914 605 100 928 556 117 443 121 421 766 390 539 825 305 654 291 247 225 140 344 412 336 873 105 51 545 358 660 289 776 127 629 878 572 401 689 576 743 818 534 837 733 593 326 364 752 494 616 498 456 916 156 460 870 490 738 365 701 162 597 14 721 608 530 475 197 985 508 509 552 185 439 605 830 685 76 978 570 51 703 541 25 836 190 553 866 442 900 744 236 948 787 511 718 756 106 768 611 987 556 56 703 98 770 385 83 779 454 466 180 60 939 934 764 156 988 67 485 379 452 201 945 413 915 203 169 426 147 805 991 846 25 778 201 97 298 521 57 947 440 306 881 49 224 283 18 961 971 774 89 664 879 17 626 979 183 169 32 560 415 948 970 890 717 989 156 41 786 178 882 90 778 849 84 607 331 771 17 889 308 795 185 824 227 398 308 434 728 32 917 462 200 684 999 771 109 397 626 701 341 591 673 308 12 100 35 684 613 277 799 979 156 446 870 224 518 147 523 996 828 441 2 971 777 724 582 229 261 379 258 799 528 21 810 32 404 24 301 439 718 908 405 690 143 654 717 463 772 708 23 287 326 769 417 919 434 272 202 583 941 624 552 977 821 445 83 877 532 438 585 614 820 848 113 522 857 555 171 245 933 698 723 783 588 159 309 960 560 248 871 677 519 832 682 641 4 210 8 588 847 815 933 617 889 547 692 964 47 190 545 993 37 297 935 947 422 608 329 250 587 230 758 92 8 36 658 40 833 218 326 79 722 482 25 48 12 744 786 720 756 321 560 458 530 332 75 835 597 60 294 185 700 135 411 902 438 147 365 833 17 943 107 768 341 16 604 605 766 934 935 447 611 15 693 759 177 359 644 403 620 201 302 991 568 351 855 564 122 438 276 486 127 778 679 659 631 378 534 77 599 908 490 18 188 38 730 162 862 85 450 676 650 770 133 27 70 702 780 577 49 171 2 909 892 780 944 823 293 394 105 449 6 684 524 384 879 631 173 472 224 223 351 706 444 190 432 496 54 832 357 924 462 621 617 402 420 189 63 863 314 357 320 95 888 252 577 789 480 284 946 582 977 514 1 929 127 613 102 798 102 442 419 401 653 855 206 689 577 387 711 466 791 359 710 626 457 688 861 337 348 144 170 819 796 261 515 950 988 455 822 557 810 123 781 627 333 505 75 268 704 565 473 916 59 672 831 698 847 452 527 281 210 765 391 438 751 120 390 94 919 175 583 927 54 739 191 148 172 783 68 330 664 853 540 337 948 408 769 61 191 546 186 350 626 510 128 347 651 94 118 661 687 330 600 884 203 246 42 575 570 417 627 544 109 191 733 606 324 436 508 735 209 893 796 324 684 96 144 116 723 346 234 319 356 964 574 572 84 557 557 480 109 519 875 224 537 131 302 259 836 885 244 364 711 195 749
849
564 620 146 47 728 757 861 367 62 531 19 869 923 724 664 515 429 252 360 891 817 704 165 411 750 487 524 302 613 171 685 217 670 221 625 536 726 924 502 483 684 802 678 439 902 552 382 402 771 320 258 716 843 17 690 557 622 364 332 671 426 751 520 950 887 394 594 892 300 69 129 595 64 588 157 69 684 964 774 818 573 614 591 228 411 699 939 743 924 589 33 958 229 894 737 992 901 894 421 130 192 514 457 363 814 95 845 618 397 826 565 826 639 250 56 748 504 139 289 276 698 806 942 966 18 518 505 877 935 373 62 705 113 358 804 476 95 746 172 625 562 768 993 420 897 8 124 713 354 880 684 572 798 136 836 988 89 981 853 570 640 764 253 86 794 686 743 184 822 609 271 485 847 306 718 520 906 228 257 924 644 128 305 801 855 657 558 750 699 809 547 592 126 333 217 773 496 859 422 452 424 210 519 287 11 138 74 305 423 613 299 124 891 555 279 518 907 882 667 519 682 350 454 577 102 593 493 941 363 929 901 728 735 958 632 946 299 989 927 953 657 202 549 798 620 364 388 500 803 162 941 895 421 665 357 687 641 568 124 410 91 370 586 240 222 463 936 133 330 592 349 785 921 521 470 74 325 39 448 688 434 741 956 802 421 840 867 369 425 597 657 968 466 111 114 283 26 90 641 764 14 867 79 32 811 608 937 174 431 811 723 510 444 547 742 672 822 51 31 833 579 523 798 131 629 38 112 893 303 643 198 182 821 442 278 660 244 982 665 101 449 615 662 965 971 826 14 938 691 40 457 725 105 406 18 547 455 101 880 94 252 784 490 410 967 629 841 338 882 756 194 381 983 150 420 992 179 100 922 628 776 363 503 442 956 292 452 697 90 674 345 428 231 815 646 978 49 873 981 506 590 957 780 808 414 116 860 694 494 988 562 804 542 108 816 134 551 747 339 546 47 347 941 239 166 711 991 526 318 829 633 103 595 500 22 625 255 473 451 808 25 309 984 314 254 699 856 970 600 934 691 158 732 592 247 416 731 21 184 278 423 219 310 689 565 371 893 205 714 936 371 453 974 712 832 311 28 916 744 551 234 331 443 380 606 430 928 16 216 512 489 491 15 779 722 733 572 129 746 215 442 182 341 238 135 72 738 363 809 801 824 101 900 314 223 642 316 42 721 737 47 930 258 256 889 772 321 190 283 365 464 255 366 698 255 793 894 131 731 80 526 888 960 742 104 750 825 180 627 288 461 220 250 588 821 821 664 42 536 1000 280 271 924 63 21 21 204 391 916 519 989 181 107 778 137 376 471 358 613 758 890 609 866 832 332 597 33 76 216 314 891 898 247 435 179 160 81 296 426 339 109 512 870 363 10 699 158 818 803 233 881 504 297 836 219 267 955 931 32 855 251 926 282 231 865 409 373 43 452 174 461 620 858 209 468 785 73 128 794 723 547 669 851 888 548 989 975 929 678 434 854 405 541 778 168 765 49 185 439 178 911 683 872 765 282 508 697 566 934 307 614 265 217 1 944 516 163 242 396 869 422 731 978 552 995 172 47 809 639 586 327 512 265 18 954 210 77 649 668 951 351 887 67 469 818 365 76 678 694 284 920 404 559 235 335 612 42 785 579 86 348 118 993 616 662 541 679 559 417 199 825 158 827 511 258 932 429 958 934 160 691 805 79 825 139 876 568 932 104 501 26 56 282 426 403 37 160 640 103 411 583 181 648 541 326 121 905 115 375 967 417 537 385 650 486 941 808 49 321 39 413 938 961 707 53 361 642 303 41 777 235 468 799 102 808 384 222 721 400 616 616 203 554 933 261 302 89 252 595 942 991 218 573 847 629 617 19 143 771 731 330 44 737 166 599 767 934 122 35 78 543 186 707 684 357 141 370 289 185 868 964 879 12 606 215 67 413 114 541
391
233 51 91 313 998 244 423 798 570 464 203 114 651 556 713 868 719 793 965 21 144 986 402 708 277 83 537 363 902 532 188 618 408 401 476 176 791 838 109 258 892 737 736 760 706 996 100 541 539 240 429 624 499 558 127 243 380 319 706 379 55 3 453 669 351 29 454 673 108 386 156 518 799 549 590 989 375 260 927 482 544 662 869 204 450 472 558 135 738 432 533 884 222 747 464 145 294 195 481 810 639 558 76 734 239 480 105 648 422 453 576 676 704 398 704 856 135 22 665 783 991 949 770 946 358 898 438 440 506 489 863 497 554 219 720 812 252 746 632 743 780 392 920 326 119 174 376 37 87 970 105 33 99 125 2 572 17 149 606 469 588 83 467 378 166 593 573 67 863 661 554 217 876 372 810 152 137 136 448 730 375 23 862 962 3 630 843 469 823 535 800 510 723 822 704 931 955 464 998 355 353 237 670 311 851 645 79 628 670 648 350 711 33 875 406 784 848 471 505 873 801 938 422 54 522 669 8 509 189 6 443 657 493 67 912 894 342 323 401 482 705 984 814 377 914 324 591 979 348 906 340 740 195 361 870 721 549 93 26 499 882 321 492 927 406 216 206 116 379 214 416 109 240 473 357 971 458 120 475 161 531 437 849 297 400 454 140 1000 60 35 433 2 43 135 346 69 427 881 125 343 644 362 159 505 828 546 351 636 591 476 166 413 225 890 723 289 917 23 113 17 262 191 2 764 481 92 903 813 46 538 235 801 833 561 329 524 127 420 411 36 650 437 467 232 903 665 614 317 308 176 501 204 969 124 767 948 631 32 750 636 446 194 95 58 648 957 357 599 515 306 466 782 784 5 905 832 16 823 101 937 581 286 296 667 786 784 554 487 598 428 52
814
15 447 704 47 770 965 922 323 498 625 693 31 464 695 640 212 350 312 672 272 492 969 856 918 707 793 581 258 282 603 622 868 521 875 637 51 571 859 232 778 343 33 451 665 551 162 531 248 759 222 396 474 523 606 554 244 475 653 786 500 551 764 315 129 397 398 617 539 545 573 522 279 921 822 528 323 87 949 138 945 431 995 876 788 685 982 59 967 238 892 553 863 543 687 852 27 958 977 140 429 914 640 622 653 371 63 467 298 314 740 753 390 736 218 958 358 728 472 172 986 252 766 569 396 333 83 283 360 107 901 315 551 135 719 758 425 416 683 258 438 613 922 596 163 883 396 608 262 691 389 252 834 184 873 781 302 34 461 646 231 760 657 708 464 40 380 863 672 203 798 322 638 957 720 795 438 890 424 271 540 468 885 929 541 897 587 206 26 996 180 481 681 63 909 223 469 246 986 180 648 396 103 907 824 687 343 613 340 755 363 444 531 342 378 931 472 707 829 854 618 540 19 842 274 996 482 436 215 448 884 756 825 541 762 903 787 745 998 819 557 770 3 76 117 252 507 705 242 337 608 346 747 733 470 958 333 541 374 251 355 216 650 483 279 44 613 848 654 564 644 873 426 563 483 147 509 66 117 815 110 306 724 826 195 103 118 961 23 395 273 556 408 831 459 669 236 255 986 731 148 997 692 432 440 427 370 314 874 412 631 354 478 279 310 987 134 397 26 488 132 372 46 505 544 544 203 439 606 992 658 172 451 147 940 806 270 803 641 787 406 58 591 905 455 208 799 313 722 961 568 773 636 721 966 899 120 85 676 106 415 604 254 633 366 476 953 387 207 408 881 278 158 474 62 628 401 336 630 928 170 486 131 115 600 433 346 729 407 932 739 788 705 695 847 202 502 457 347 240 942 141 689 61 625 642 919 736 899 222 420 511 986 49 645 15 576 369 205 160 215 882 699 684 881 234 233 536 965 900 947 800 821 122 886 829 596 368 392 529 854 92 348 775 982 420 86 368 226 17 825 47 715 70 998 511 580 783 933 466 492 994 624 357 674 208 446 818 292 488 737 301 769 575 481 884 310 52 631 663 825 836 931 628 678 930 877 484 338 199 119 387 997 676 219 90 893 800 186 378 910 593 183 807 188 306 867 112 911 751 415 960 644 477 887 543 621 749 578 32 781 806 803 317 139 977 617 621 429 985 51 753 879 438 104 754 97 780 267 652 305 337 767 154 382 100 553 638 459 999 746 229 71 98 20 375 294 281 113 567 359 125 564 659 850 246 741 447 495 803 788 833 871 135 601 948 207 554 934 66 871 399 193 2 212 189 723 619 660 919 116 119 680 319 461 21 293 981 33 266 71 492 742 511 807 427 580 356 454 668 94 208 434 259 599 153 542 106 3 689 686 15 678 583 224 389 494 703 989 356 404 584 580 249 291 867 934 862 257 689 4 998 716 120 885 433 549 777 30 262 410 953 562 675 275 454 270 216 94 836 567 811 268 448 803 989 385 538 932 264 677 780 603 298 419 203 803 291 57 456 264 344 396 61 785 902 861 440 25 537 899 415 950 343 91 587 952 718 22 421 183 967 801 643 255 152 746 320 167 306 549 440 677 37 841 26 637 226 884 53 772 419 720 918 959 679 998 828 366 56 678 429 64 904 440 172 973 535 739 446 78 322 811 820 380 804 805 231 647 959 72 197 76 400 611 319 621 880 739 375 226 835 874 200 540 751 720 899 309 313 183 817 16 277 624 763 29 590 678 594 201 977 662 16 865 157 318 978 186 41 653 379 213 199 617 392 548 224 693 228 226 922 254 729 197 965 491 468 418 847 862 742 501 911 349
467
728 784 835 473 299 648 658 755 783 86 950 433 23 390 594 108 666 449 290 856 654 590 218 830 105 718 107 592 743 380 82 764 753 700 696 93 537 3 723 243 971 338 332 711 781 279 471 901 501 115 316 816 693 441 218 755 348 372 630 466 735 1000 118 336 75 993 874 747 449 78 666 53 881 626 936 19 884 238 184 135 404 663 545 568 216 291 79 32 136 16 292 918 351 17 972 209 625 341 833 60 599 676 724 723 578 845 545 793 941 734 869 557 715 962 702 178 999 761 935 399 894 173 888 100 972 663 9 732 38 905 46 950 252 299 473 227 752 546 82 220 382 719 300 687 446 892 16 514 647 189 255 823 320 254 890 138 702 822 877 114 739 583 365 523 677 4 589 86 929 309 561 296 865 447 554 112 813 511 804 25 134 182 852 512 154 361 984 128 921 148 473 337 408 529 870 401 489 834 160 743 430 74 905 438 240 247 395 645 29 825 559 599 588 959 276 931 823 64 515 631 794 41 854 277 529 892 724 534 668 268 968 194 9 530 998 57 224 407 782 348 74 487 977 940 872 635 569 385 877 240 283 493 614 194 198 101 867 437 994 734 394 976 140 928 605 77 368 47 830 215 570 86 544 654 97 356 30 160 835 516 148 808 894 789 84 147 726 948 660 97 328 94 895 160 130 315 906 131 897 742 297 21 8 216 601 290 793 734 418 784 220 951 702 824 192 13 725 739 99 757 649 776 967 162 157 231 467 580 912 250 74 496 795 747 464 225 928 375 876 320 204 992 583 512 938 771 349 12 981 280 222 59 34 810 736 106 346 327 155 377 385 947 584 342 858 624 783 761 712 562 3 833 434 162 430 51 940 3 980 455 447 115 487 177 349 188 119 704 149 275 823 695 583 949 744 310 188 477 847 415 793 804 505 225 572 817 655 66 558 306 909 113 464 638 636 470 14 827 774 875 4 163 904 520 886 935 570 40 742 391 732 591 417 859 754 292 31 302 218 619 661 581 615 605 232 580 514 939 811 438 866 663 616 569 820 945 907 155 827 297 118 557 138 94 1000 766 514
396
699 482 358 748 996 81 404 337 540 964 791 951 798 542 779 903 255 575 876 837 471 272 3 863 988 731 924 331 882 336 715 427 970 463 167 828 135 178 52 142 17 107 715 4 145 550 115 415 18 675 810 747 825 528 876 315 856 274 453 31 106 172 154 308 710 169 721 186 408 670 795 702 859 935 972 537 93 38 206 930 924 5 397 838 303 486 250 161 366 112 6 407 378 662 284 352 312 190 958 480 238 950 157 824 558 805 395 924 360 790 178 946 288 117 262 225 978 672 341 786 727 171 410 983 436 349 63 111 742 970 348 847 526 38 231 600 139 683 318 183 898 476 193 316 489 369 830 582 533 371 669 810 960 641 970 839 449 653 599 158 828 250 987 87 921 448 83 878 291 454 552 971 738 357 551 663 327 549 453 179 816 535 766 726 429 498 625 615 786 242 11 27 648 438 606 294 816 40 437 4 541 301 430 584 894 229 833 21 704 828 125 735 830 939 824 230 411 781 953 870 426 202 47 534 655 874 449 304 29 315 734 932 451 974 715 140 957 227 30 216 991 214 386 4 35 774 432 616 882 277 186 689 573 755 281 201 328 25 58 770 323 135 741 548 458 673 106 720 597 523 774 729 370 247 814 722 915 310 651 500 722 876 9 244 418 660 264 275 158 146 188 792 561 863 546 135 254 424 936 803 614 879 782 566 890 354 636 306 234 455 146 195 478 184 982 16 469 883 626 738 662 932 149 949 297 611 701 769 293 447 501 210 721 573 650 845 908 592 840 662 381 467 289 135 917 162 260 639 23 914 776 37 312 128 412 597 863 113 855 255 208 456 205 477 574 452 462 10 979 385 337 372 438 484 574 628 418 185 646 79 77 34 868 931 311 43 540 629 859 947 435 621 495 261 806 193
715
989 887 652 463 743 44 484 848 188 576 477 773 790 399 870 100 714 344 285 44 350 641 595 50 358 393 589 743 538 443 478 532 402 235 83 544 986 137 385 177 721 347 881 641 123 40 544 808 265 620 566 889 510 30 674 259 12 320 924 102 681 371 287 227 329 495 771 245 77 427 678 134 44 221 679 674 647 619 808 807 317 171 805 866 907 506 127 666 127 262 882 786 310 595 826 531 976 679 754 783 662 141 457 845 709 197 859 553 435 660 376 719 763 163 369 689 364 851 226 431 503 926 837 604 995 417 686 17 70 319 652 445 774 931 793 976 322 419 101 179 20 356 551 147 729 124 641 686 938 8 288 748 999 674 927 953 623 793 912 561 668 911 368 380 234 677 339 316 991 718 397 542 33 440 428 901 735 97 406 517 488 570 395 393 874 432 999 489 92 712 312 8 63 6 268 112 601 673 661 340 798 982 515 207 878 955 515 49 65 470 876 664 438 20 857 586 116 121 487 805 483 612 422 135 695 818 956 985 841 430 244 730 653 209 110 570 26 139 964 886 313 926 774 555 101 480 121 62 616 671 812 475 537 47 421 521 819 729 174 81 838 50 18 821 39 153 92 309 851 195 395 213 486 481 142 399 623 156 734 102 654 45 307 933 116 815 955 589 573 439 692 700 227 602 243 168 375 468 813 935 887 781 356 873 962 290 875 973 238 74 395 830 54 99 386 262 425 196 729 303 953 766 387 876 473 55 453 190 400 221 152 796 476 170 140 435 326 772 759 664 670 63 754 416 436 915 364 91 774 164 908 21 112 862 212 1 114 791 212 978 976 909 905 415 377 839 218 346 271 297 469 130 649 267 624 178 298 264 503 702 192 850 726 584 556 999 680 64 749 154 683 443 223 433 626 191 985 529 674 705 939 685 700 771 666 541 678 341 382 183 631 760 105 653 447 724 200 487 191 802 132 556 411 794 302 733 101 79 218 573 648 810 635 882 436 812 25 728 144 918 627 718 797 699 797 380 135 415 895 749 354 598 423 504 849 496 472 601 866 611 509 784 752 201 685 724 458 530 173 730 980 591 633 498 671 798 862 214 275 49 440 362 227 941 965 761 999 96 780 403 143 764 182 495 985 113 142 270 662 542 641 210 869 263 505 275 395 793 161 275 278 892 278 498 160 953 315 123 915 897 497 741 891 711 706 226 953 848 279 923 335 909 270 10 112 327 83 379 586 147 266 309 487 901 269 578 820 930 138 60 215 956 930 657 423 247 893 116 561 24 759 420 971 163 944 69 855 863 225 940 926 326 564 226 249 407 895 942 931 204 43 328 466 40 922 287 192 880 795 568 597 283 6 558 148 612 88 840 157 657 231 174 191 712 778 77 690 179 221 607 70 624 174 655 556 145 229 968 644 881 961 318 568 98 859 797 688 6 700 182 424 303 599 478 737 615 376 547 257 874 430 554 804 607 430 405 110 559 577 51 824 386 359 722 234 309 227 199 773 249 641 109 104 214 620 758 890 245 525 994 564 123 487 367 46 920 578 493 778 305 202 321 16 963 977 374 861 328 666 401 372 658 641 59 649 411 457 664 311 160 809 186 344 518 385 469 685 709 702 908 942 927 224 953 98
79
315 792 316 210 400 241 983 532 690 774 379 374 861 482 510 693 733 401 801 395 127 311 97 536 649 286 428 125 786 336 613 842 244 845 74 788 932 61 447 281 214 113 77 865 205 941 483 395 15 853 21 477 939 666 936 688 597 909 18 120 2 774 919 773 396 856 319 16 4 558 690 733 966 205 139 974 495 646 713
512
388 838 893 638 633 24 300 113 674 446 909 549 20 549 384 543 252 637 47 784 466 391 44 366 820 460 675 217 331 802 815 859 286 561 112 413 355 301 61 740 900 72 296 831 346 903 544 852 813 789 168 293 312 973 538 564 749 11 748 902 95 362 465 387 753 671 313 497 499 313 314 547 845 102 432 962 213 850 778 106 147 336 7 373 421 472 793 644 696 271 103 844 386 881 52 24 774 838 282 153 902 379 294 779 673 784 598 450 163 846 832 517 217 473 426 78 164 504 184 612 401 465 176 831 155 749 26 947 822 527 677 277 384 968 214 364 730 544 204 905 580 980 853 555 539 832 117 378 339 734 644 335 509 432 432 592 270 213 231 257 937 494 172 540 227 234 771 725 655 81 519 475 599 131 422 429 584 222 199 263 916 756 154 55 21 476 550 669 233 228 906 157 350 866 43 29 303 629 111 279 666 675 875 810 614 777 297 255 507 20 471 244 156 162 849 404 557 643 76 33 342 376 921 442 985 627 132 597 557 496 955 579 769 297 490 295 722 210 730 362 43 620 272 568 390 344 914 845 650 776 262 532 236 208 592 389 308 687 608 814 810 248 889 424 729 275 281 980 706 95 703 802 302 201 481 345 581 703 811 775 765 650 790 381 772 577 56 169 144 992 546 936 272 762 23 879 829 838 37 458 918 84 935 559 651 686 364 68 697 428 285 422 775 21 402 144 125 184 276 716 52 842 124 830 840 654 201 831 262 293 108 952 656 1000 37 874 443 806 734 213 120 15 787 684 74 540 943 756 920 789 942 898 555 324 490 61 350 710 842 256 35 241 464 783 609 288 839 676 59 749 132 616 303 620 991 421 214 716 849 67 9 22 713 1 878 858 302 387 325 332 517 74 562 468 339 507 943 614 521 390 464 930 896 512 774 901 51 449 62 879 332 246 699 153 318 981 574 48 652 308 181 619 276 984 995 935 23 616 189 231 508 826 163 737 944 138 714 914 973 428 322 396 968 352 587 733 468 237 378 39 451 893 798 755 799 787 374 305 867 405 596 844 247 599 575 444 576 642 505 558 765 897 194 334 350 670 470 589 64 244 308 432 780 859 679 137 123 226 520 825 640 995 219 928 412 680 546 759 754 137 259 661 345 16 960 511 521 635 137 160 939 948
931
288 976 446 684 829 375 515 868 999 148 423 325 903 512 868 737 748 21 181 186 580 324 379 479 306 124 32 360 79 949 809 862 95 412 775 914 655 643 865 682 627 431 422 420 124 252 719 952 14 340 586 597 521 642 405 516 405 564 585 174 845 147 421 348 32 104 973 536 402 374 561 460 536 201 851 107 568 196 69 956 303 959 918 565 133 364 629 915 632 487 642 85 188 50 73 505 878 915 45 740 48 66 86 294 253 743 912 817 693 55 425 239 947 357 144 496 554 637 424 35 19 580 974 682 112 156 234 496 965 955 878 235 938 337 100 515 522 13 830 806 284 189 224 495 692 297 804 651 361 976 940 69 108 188 183 116 175 916 71 681 220 198 627 241 917 172 946 440 316 109 694 70 880 306 529 92 151 233 223 87 454 519 344 917 149 52 979 41 923 86 883 959 926 485 62 709 271 346 307 565 964 77 774 804 183 346 433 880 769 2 41 571 392 234 775 338 391 446 781 827 709 797 69 579 754 275 917 948 783 472 519 647 372 771 540 525 429 96 805 251 410 437 65 634 139 308 1 676 326 206 353 529 838 203 500 229 320 885 171 295 387 149 147 733 208 787 15 386 739 238 323 757 432 2 443 345 313 392 777 651 615 140 617 911 720 715 4 771 517 183 551 681 231 166 828 690 539 580 26 409 828 928 218 786 392 560 774 438 794 220 159 594 247 223 348 967 302 309 305 500 853 818 65 927 195 420 807 847 516 928 134 150 45 492 222 582 455 526 730 737 265 758 564 568 931 541 999 990 608 606 724 353 371 454 217 49 757 16 471 132 29 209 184 942 916 430 529 624 221 419 343 354 549 993 15 852 404 238 349 682 215 666 531 740 170 998 621 686 718 582 768 907 253 162 776 585 967 297 375 654 834 427 591 83 168 707 647 865 481 269 601 403 136 250 596 83 935 31 403 673 95 37 662 950 881 65 844 170 343 859 139 757 523 607 574 854 941 104 907 258 780 174 359 903 458 602 462 571 672 122 165 935 546 524 262 384 592 846 997 440 35 220 762 212 278 272 322 913 851 750 88 649 254 938 875 819 968 353 374 494 185 645 670 32 474 680 184 353 949 565 348 645 448 460 161 972 414 95 635 617 419 159 492 597 556 418 590 65 108 271 388 203 559 33 995 345 866 413 129 795 692 483 311 718 987 964 603 381 149 803 98 873 576 105 710 718 336 617 999 276 635 976 199 572 207 100 176 182 820 494 94 729 927 934 627 510 77 273 503 88 819 106 885 582 167 161 154 601 398 376 629 323 507 193 516 706 850 150 164 242 221 926 626 633 15 943 404 167 434 475 379 304 735 329 297 240 646 757 669 611 816 665 693 636 12 322 41 982 141 471 216 22 901 793 191 466 940 348 784 902 706 274 325 758 622 190 440 695 541 472 927 749 396 222 386 859 637 573 188 63 557 899 498 715 136 523 670 810 14 337 925 662 836 277 339 421 851 481 798 979 992 628 891 492 574 372 915 665 391 535 508 182 916 871 502 275 240 652 987 909 986 733 896 210 644 960 402 682 422 551 959 352 744 76 388 628 419 179 840 521 484 79 99 277 102 733 86 53 107 612 430 779 120 85 23 374 137 266 482 846 599 916 899 33 984 836 469 352 146 482 411 433 796 761 386 794 808 79 675 807 134 895 697 69 440 927 830 512 255 369 980 861 987 138 403 294 596 596 61 134 950 748 993 386 178 543 625 324 157 60 124 649 491 497 892 212 474 352 121 936 717 649 762 161 235 893 655 153 763 784 741 167 82 366 880 384 99 671 704 465 189 667 219 323 477 567 161 350 955 510 279 900 455 871 140 490 346 536 455 202 12 760 275 900 655 951 858 489 740 211 909 482 540 693 128 749 113 386 257 880 756 852 315 962 177 446 389 456 19 476 348 845 506 112 946 65 318 150 238 299 724 116 224 578 917 646 337 690 128 786 729 177 272 341 354 401 131 624 390 774 254 410 312 598 339 901 898 991 829 692 260 713 173 258 844 501 850 339 693 451 721 593 797 565 914 36 185 211 899 271 216 484 418 186 191 402 401 132 293 503 465 50 616 97 474 797 314 908 807 220 444
140
905 622 389 978 814 299 372 938 419 511 417 166 756 423 134 877 407 29 357 942 668 571 590 420 347 925 996 212 632 291 310 941 993 144 273 753 557 159 941 533 520 817 157 939 45 24 808 708 210 708 506 369 818 681 514 315 189 255 70 888 797 164 146 316 546 323 645 565 726 133 594 403 33 378 848 732 934 749 581 988 513 959 226 891 639 716 719 882 290 528 54 159 845 179 109 813 901 921 620 135 8 627 308 320 709 811 27 16 742 196 878 899 444 835 725 541 410 304 741 429 767 427 811 321 545 841 982 725 587 920 582 89 697 924 271 291 477 582 108 601
620
940 149 114 112 124 818 731 667 228 11 440 415 215 703 711 402 812 587 860 539 791 229 816 179 662 668 511 963 817 483 64 107 279 528 142 558 359 2 637 504 798 105 961 964 317 266 352 313 167 120 226 56 364 987 79 997 806 519 849 816 502 530 269 69 707 605 457 809 329 786 782 231 881 45 45 230 24 741 643 949 340 185 379 82 704 467 495 298 960 40 756 630 510 467 705 234 488 482 823 1 511 527 890 207 670 929 983 856 267 766 322 957 278 961 950 607 353 882 553 752 861 682 20 572 943 498 238 952 360 293 818 953 679 521 268 354 757 396 782 668 590 995 219 506 885 751 458 434 47 8 817 363 309 379 978 152 632 631 334 603 900 655 757 59 328 741 621 987 697 945 853 607 422 294 437 480 798 32 354 853 553 187 141 821 998 247 642 269 71 469 697 157 764 232 885 108 426 276 417 763 643 652 966 838 933 990 392 170 604 475 262 55 41 675 985 388 60 291 163 759 493 89 877 652 489 457 794 881 653 160 957 745 26 108 46 227 136 715 593 580 511 678 499 172 616 520 814 241 252 316 640 977 357 682 298 123 155 511 231 878 478 371 343 744 574 507 668 23 260 43 168 359 604 200 167 37 460 555 589 743 616 72 788 935 582 308 460 631 451 878 998 616 348 284 131 453 761 907 385 74 386 525 962 578 645 707 556 625 168 179 874 995 300 649 741 134 673 528 586 429 385 358 51 161 460 306 965 935 261 71 879 513 286 449 963 528 701 167 592 222 923 578 924 560 569 702 309 169 474 111 397 396 341 339 979 949 903 944 980 195 339 794 628 122 435 518 692 965 754 347 543 819 899 722 534 788 795 486 826 139 900 343 90 472 863 813 144 699 504 189 938 760 777 156 8 705 443 460 572 913 963 703 707 301 852 934 881 842 164 70 292 619 698 565 990 705 676 975 607 211 69 67 663 54 391 378 199 569 896 831 58 733 26 626 980 718 785 922 999 478 196 386 988 491 36 351 688 799 223 262 586 799 268 950 450 349 167 132 968 348 918 22 966 6 740 218 716 502 642 884 815 420 462 624 493 664 105 522 881 533 236 708 195 726 288 66 397 746 259 111 751 302 446 623 683 118 309 714 261 735 675 554 855 756 93 227 748 271 171 917 139 426 368 489 327 398 65 219 134 653 884 16 504 251 854 310 280 343 310 403 943 187 287 662 135 959 173 151 798 550 588 221 347 395 7 405 712 201 471 610 190 900 154 694 152 555 503 329 810 943 264 876 363 910 629 447 770 498 436 375 131 855 100 190 360 165 440 453 935 74 253 899 126 177 611 599 55 160 806 995 437 473 921 72 847 757 344 991 428 461 143 813 854 669 773 830 369 984 623 110 729 655 184 925 692 733 448 989 511 740
582
575 452 302 477 984 817 118 218 55 438 67 944 199 589 526 144 662 61 673 659 259 291 882 243 204 424 443 269 995 938 481 323 388 380 98 790 846 54 702 1000 85 14 929 768 411 732 543 722 630 137 65 151 457 503 630 786 552 445 150 39 830 658 147 586 976 470 889 809 397 493 846 979 678 203 122 941 943 250 145 705 374 861 555 257 928 180 4 804 904 626 986 739 775 161 575 613 313 669 270 801 916 672 342 276 414 284 534 590 718 185 870 893 360 774 404 649 648 988 187 173 81 329 561 343 550 128 32 990 6 230 332 395 499 152 156 368 237 986 905 621 23 579 518 796 747 707 76 437 750 235 892 8 162 21 449 657 800 777 515 125 635 133 489 794 934 787 355 974 929 692 414 336 55 922 460 813 149 140 886 946 207 176 569 660 682 284 696 176 620 848 55 821 321 1000 648 202 493 585 884 903 335 753 713 704 600 128 541 768 642 716 113 11 370 426 580 225 504 124 494 885 986 859 197 605 550 632 783 204 98 379 657 459 858 676 368 524 222 838 696 464 959 555 344 432 206 404 635 635 539 683 121 102 71 41 43 33 237 704 79 685 733 399 226 109 472 853 745 996 588 595 221 802 43 508 565 497 728 331 448 364 755 399 321 859 704 720 389 475 442 856 600 275 317 146 368 696 368 110 942 410 919 633 288 529 620 236 718 178 309 541 89 636 829 347 120 126 422 316 658 539 274 349 872 129 521 771 978 185 152 650 666 215 324 693 644 80 726 492 540 969 126 931 426 870 499 365 213 150 73 684 989 458 624 829 525 349 593 537 94 468 589 65 754 378 197 996 419 846 334 627 957 745 951 941 958 31 204 852 152 632 466 930 852 127 784 393 817 3 351 369 114 858 315 362 516 649 148 919 156 176 850 535 330 373 807 510 999 620 554 904 564 954 496 340 713 488 269 705 760 759 226 407 833 207 559 725 161 205 175 358 502 138 386 678 253 321 738 355 170 27 279 129 326 868 78 815 252 806 186 332 266 559 999 53 362 134 816 863 198 92 736 330 895 84 960 563 323 327 112 342 100 40 826 103 655 891 974 208 469 810 145 875 847 635 804 293 133 87 123 394 462 831 943 800 907 369 467 812 750 16 175 566 806 517 751 457 425 919 868 886 702 666 191 244 253 796 561 506 798 254 434 583 431 97 521 864 774 784 763 376 206 498 67 702 33 573 498 453 589 501 730 915 522 217 122 539 901 919 159 83 394 874 35 87 523 427 217 383 684 287 935 664 468 283 557 427 736 733 524 114 600 168 590 640 411 416 528 828 660 371 698 601
21
628 592 470 598 288 624 770 634 867 248 129 818 205 556 505 386 235 2 816 730 823
309
502 798 486 752 488 718 715 442 501 59 769 125 231 439 780 330 966 885 387 956 701 630 431 814 593 610 550 260 374 467 832 764 460 275 691 491 754 122 608 699 809 698 385 235 259 393 7 452 427 397 561 1 591 914 554 720 411 993 21 623 367 60 665 353 608 249 188 798 872 886 582 32 180 844 933 461 209 378 449 556 324 948 774 494 774 733 833 412 370 859 921 338 203 952 469 400 882 742 49 177 411 628 281 418 982 888 442 379 149 173 392 317 411 528 614 633 120 232 364 734 522 17 610 453 755 885 75 290 185 585 551 137 953 971 76 634 126 509 519 226 774 279 612 273 484 832 357 590 479 519 468 884 324 462 29 414 685 610 603 586 127 664 140 767 446 820 882 374 438 477 758 429 392 691 14 854 897 887 298 636 287 923 595 109 258 14 488 95 321 399 154 454 936 940 481 452 933 570 421 748 804 568 26 100 296 408 669 702 829 516 295 527 955 904 406 327 52 946 727 421 923 696 411 663 921 753 95 612 815 407 741 972 770 428 813 935 849 456 521 862 30 430 345 996 433 874 812 478 739 147 182 430 448 339 894 908 678 68 606 961 445 402 620 74 755 816 67 698 617 477 653 449 774 832 541 365 247 381 695 189 539 248 481 298 193 322 246 680 998 955 776 513 512 388 688 866 696 332 761 890 952 770 726 964 678 263 445 999 571
582
485 449 365 737 746 324 49 266 686 955 569 967 659 641 373 901 926 903 459 548 58 669 94 518 598 290 948 637 172 7 992 810 425 544 8 487 718 159 237 538 859 972 94 923 503 904 685 224 30 281 79 404 342 198 994 691 909 692 935 357 152 916 411 847 351 734 818 759 813 799 55 8 159 299 233 374 985 422 396 753 942 758 279 290 127 67 529 337 837 933 998 501 575 245 100 194 975 350 649 315 282 859 352 740 920 396 91 129 557 567 309 257 670 966 205 97 170 216 128 809 857 111 888 785 471 852 167 804 59 913 978 478 404 95 901 783 80 339 27 343 351 434 88 819 814 982 25 746 189 686 531 932 672 56 195 314 25 586 396 89 416 30 769 48 675 463 278 27 774 806 860 565 661 203 621 236 869 265 779 757 661 311 771 514 373 682 285 143 3 5 223 33 909 861 753 1 974 442 225 661 441 315 809 374 589 8 823 794 456 322 903 498 484 174 362 643 741 953 846 962 542 288 241 980 797 894 863 878 885 432 142 16 107 428 641 748 533 246 243 669 148 177 718 131 455 791 615 251 415 797 148 602 932 505 307 128 614 670 228 387 127 300 847 919 436 340 516 912 957 551 959 476 243 700 447 411 555 161 81 255 392 560 901 583 65 867 303 28 935 481 417 428 212 993 443 261 527 973 712 583 399 853 511 247 57 326 990 533 321 298 343 989 79 41 231 688 774 105 51 862 40 571 83 309 401 171 777 752 937 904 113 861 435 30 154 78 210 896 283 978 278 353 513 275 245 984 189 923 650 161 722 789 434 746 492 347 850 143 898 803 600 361 966 787 313 420 145 120 296 135 214 214 486 596 54 31 860 179 406 679 305 221 68 65 35 216 526 243 407 64 904 936 411 221 197 602 839 748 543 141 178 680 58 668 753 636 35 516 349 168 989 573 598 475 646 770 93 314 714 845 5 923 33 225 157 177 554 433 137 463 305 104 946 411 233 787 70 498 230 380 282 866 880 173 448 646 896 41 434 417 84 833 569 726 366 9 943 451 459 280 952 870 57 891 410 893 936 344 70 378 662 708 857 336 851 177 33 205 233 59 620 946 219 726 822 96 56 365 140 719 120 851 641 480 437 910 708 670 744 203 632 878 285 95 531 512 673 479 642 250 489 941 972 492 390 416 336 846 26 238 252 331 465 5 407 492 875 833 276 898 493 270 71 660 205 965 264 68 508 166 220 52 683 195 859 965 552 176 605 694 536 510 427 448 456 215 984 899 261 950 834 189 846 276 15 830 243 489 903 226 146 624 786 256 517 921 110 344 874 479 723 338
579
857 395 926 221 638 913 304 700 755 731 106 408 20 934 506 426 648 516 41 792 138 550 538 694 101 193 656 371 731 735 938 954 262 894 689 995 844 149 239 172 339 869 931 377 833 476 556 257 113 609 272 17 975 33 778 986 272 212 38 456 336 296 363 934 123 614 835 692 333 704 939 600 461 637 373 634 446 302 124 986 485 941 233 122 642 426 625 258 19 580 959 406 530 504 926 481 425 128 36 154 511 410 688 346 111 341 205 221 692 127 689 976 383 396 531 778 296 12 553 451 146 734 464 353 426 967 841 373 365 602 871 599 709 850 175 292 618 413 900 183 318 619 164 924 755 351 31 693 137 843 136 241 733 492 843 411 215 85 663 814 987 485 681 90 276 945 365 300 430 949 895 589 5 859 379 285 581 675 223 856 748 768 319 733 135 5 820 82 930 423 664 934 339 26 124 495 48 236 901 371 36 853 589 342 952 281 811 231 886 784 327 68 853 182 634 709 994 90 955 727 166 681 999 963 825 107 137 730 608 4 687 3 285 618 643 254 448 196 928 220 767 245 702 314 648 438 25 205 312 274 737 828 460 512 554 280 855 594 790 207 34 62 124 269 535 221 448 307 460 505 165 885 29 77 754 493 870 172 819 503 416 559 602 605 586 660 301 35 507 344 123 465 794 607 89 825 746 287 560 862 405 463 867 858 678 486 436 989 208 434 14 645 488 905 617 289 860 595 678 110 214 571 94 873 442 501 931 605 309 240 591 118 673 761 741 959 991 78 513 129 861 610 807 445 695 263 658 865 874 595 429 753 575 931 179 61 398 42 991 903 143 328 481 19 300 318 611 603 679 102 49 678 466 70 327 337 375 15 477 534 667 583 128 924 27 488 907 559 852 316 561 678 945 632 424 733 861 432 603 671 761 752 704 562 93 108 116 852 478 207 262 190 981 634 501 659 381 381 804 621 269 984 724 216 717 176 496 821 116 155 479 238 109 319 81 751 965 654 150 315 970 230 390 395 443 349 544 317 770 243 438 832 43 555 598 155 66 240 117 256 189 207 409 944 731 111 522 51 482 193 571 273 29 223 548 909 765 376 527 485 650 634 391 374 491 601 160 23 981 109 402 732 827 196 792 71 716 807 817 375 501 728 959 915 99 749 696 400 551 490 400 113 823 264 638 385 475 241 150 989 221 993 713 100 949 325 698 207 26 219 907 476 598 61 753 259 447 252 278 812 908 310 650 490 331 451 557 102 373 919 752 738 425 367 916 951 759 290 86 188 605 25 76 815 874 795 521 388 226 767 751 315 1 734 853 100 811 989 645
441
678 689 430 7 973 630 76 3 385 775 341 329 929 400 382 233 74 515 983 766 996 490 326 727 475 728 587 173 7 341 538 691 826 930 94 123 600 504 772 171 616 82 770 462 303 220 649 274 299 563 986 276 307 639 824 730 578 391 426 40 969 481 200 854 945 610 898 230 41 420 46 405 934 699 535 828 983 717 925 932 437 421 540 444 161 556 516 557 310 904 53 598 404 636 111 92 975 771 597 416 127 251 828 21 720 465 898 723 205 406 974 957 414 643 323 706 825 318 361 823 33 611 612 343 521 424 781 584 70 521 63 34 224 212 17 809 140 384 166 432 897 114 722 989 837 589 890 170 205 337 501 933 419 691 642 138 699 176 562 469 474 801 651 423 911 622 873 683 914 224 561 38 22 836 970 647 328 626 437 987 586 29 419 835 509 907 914 732 243 37 550 772 762 344 176 211 430 793 699 644 760 288 552 930 402 391 686 247 167 92 368 561 47 789 801 275 952 839 879 979 418 554 392 493 217 627 364 440 637 93 934 870 774 36 64 480 241 85 944 414 682 126 153 429 856 462 249 841 859 459 849 998 552 372 885 911 298 156 911 941 252 284 674 350 862 813 630 858 247 150 188 143 819 807 486 787 324 608 879 504 516 453 452 445 127 177 483 63 265 556 481 48 436 655 363 202 776 797 69 961 890 883 156 650 174 482 122 244 181 39 163 154 308 638 747 977 727 132 783 916 782 245 731 441 744 70 654 678 851 43 819 167 275 203 228 191 342 906 805 14 698 157 174 410 857 55 276 935 643 631 225 959 349 686 18 206 925 557 698 822 321 843 520 124 157 251 842 331 428 116 323 392 4 975 606 44 784 952 915 564 452 224 810 942 32 707 515 76 860 684 309 299 910 302 119 885 136 695 806 516 76 375 188 899 897 308 600 869 409 205 213 99 168 302 286 614 860 872 739 234 105 295 974 166 676 236 897 848 179 771 435 801 332 246 390 84 944 782 256 71 455
988
614 215 893 205 209 100 954 571 217 539 774 509 152 705 49 560 846 351 986 424 750 289 493 302 728 516 852 994 839 43 840 898 495 978 401 42 489 128 507 639 20 656 520 338 670 160 132 71 92 375 449 702 134 355 614 31 478 666 672 225 828 264 575 483 233 821 891 801 256 806 201 557 190 711 133 287 809 551 83 861 505 325 781 355 468 631 161 978 424 809 556 77 2 745 440 25 20 190 923 701 122 642 243 250 657 482 545 790 862 524 62 962 739 201 894 105 933 157 105 427 258 448 368 639 379 689 114 727 3 252 265 54 275 412 660 968 952 765 644 608 140 185 993 317 659 397 486 112 37 808 804 540 797 148 182 772 450 438 372 255 662 290 607 586 15 708 680 75 289 567 589 34 279 540 835 158 830 301 172 182 634 362 611 695 779 819 516 257 827 860 45 828 462 806 468 903 593 550 421 7 627 988 370 229 95 813 31 3 152 740 362 776 192 305 646 434 774 697 851 225 692 38 938 330 273 961 989 64 615 624 612 198 464 742 937 891 98 426 31 701 472 136 341 381 311 321 151 792 484 707 111 889 778 507 219 635 812 150 510 488 578 811 424 912 982 367 388 499 664 321 229 724 185 684 61 110 948 25 288 785 558 697 457 41 471 341 612 546 377 826 900 978 618 683 773 714 965 391 794 274 547 786 6 749 321 69 217 336 381 993 263 658 16 661 196 814 428 20 308 800 72 862 47 895 121 604 505 979 978 653 171 398 945 384 215 841 782 664 946 360 312 789 195 814 440 559 402 296 57 603 46 285 429 865 962 684 17 454 648 70 941 203 970 295 483 300 813 759 803 349 803 506 446 52 750 399 22 475 455 339 272 886 884 792 60 112 139 391 608 516 970 582 377 101 666 399 732 584 558 731 121 997 48 809 789 488 791 763 478 564 42 8 45 610 275 791 472 559 234 505 525 765 55 456 931 798 266 291 72 393 867 980 487 461 256 482 125 258 734 624 279 566 519 139 32 368 631 62 170 428 777 598 501 466 64 998 114 231 30 365 26 174 519 120 517 538 717 876 614 452 548 698 428 845 578 988 794 125 547 717 201 532 10 993 583 769 339 904 970 759 710 267 851 965 974 640 884 157 593 381 953 562 606 796 397 264 457 42 2 415 763 809 310 41 788 195 693 604 405 159 880 11 65 534 813 772 128 522 693 676 72 759 873 31 141 307 756 804 783 114 718 411 182 216 640 813 538 416 586 710 795 453 293 801 457 633 254 642 103 452 751 652 498 1 75 972 34 869 564 466 688 466 351 92 775 761 492 668 160 827 580 13 585 316 908 889 101 976 157 723 503 831 317 567 477 175 646 44 894 87 829 47 921 624 582 371 302 800 620 61 28 2 453 156 757 669 109 804 77 177 858 603 661 256 400 956 134 669 911 719 451 761 174 666 480 339 225 710 428 248 279 52 920 295 75 491 325 782 315 421 192 174 597 647 394 848 402 578 688 597 259 305 889 444 129 709 290 415 167 423 667 435 625 556 393 11 821 767 330 200 290 699 361 310 18 138 440 763 696 332 761 94 745 383 889 27 830 653 739 943 968 469 105 949 124 580 568 672 577 920 754 122 499 699 693 957 412 196 634 490 160 997 80 511 246 302 501 438 909 864 947 941 786 556 506 700 797 719 769 333 549 276 719 842 821 368 752 942 759 777 752 938 535 614 668 376 515 140 551 549 874 580 212 38 536 517 549 116 281 515 285 554 667 372 276 183 438 629 203 5 322 237 927 964 918 737 120 876 94 482 136 122 302 689 787 269 723 634 336 43 686 314 696 553 100 549 388 407 160 691 295 402 880 497 376 839 482 511 323 905 679 10 553 251 36 935 184 81 72 406 289 337 985 858 363 293 576 170 73 173 969 212 740 609 916 362 198 150 641 622 335 19 82 173 999 840 818 602 637 858 973 697 577 513 216 41 770 335 233 992 387 878 219 257 50 104 687 276 700 48 756 747 116 162 545 208 923 344 613 191 58 904 358 915 418 356 316 380 485 909 904 911 363 695 8 344 201 548 750 807 456 226 474 316 995 539 890 401 420 793 89 569 953 379 33 682 619 663 806 911 402 48 620 479 222 523 107 582 308 197 844 806 287 815 488 74 95 254 941 654 122 677 139 208 775 755 525 283 683 826 134 428 297 155 219 466 997 709 382 56 959 318 715 679 107 519 404 516 818 767 862 641 446 743 769 566 96 109
23
475 44 844 537 917 939 53 92 423 344 881 14 631 877 536 54 149 981 497 849 753 860 814
860
14 435 705 283 287 364 43 294 959 141 994 355 832 169 457 567 589 363 350 612 526 893 389 292 918 808 73 550 402 277 148 814 1 603 173 15 481 801 161 934 435 222 805 301 268 37 338 424 900 173 493 778 504 945 796 48 324 574 572 299 139 920 971 771 354 92 57 993 94 3 337 936 315 152 514 209 345 387 446 982 316 831 449 351 358 699 6 879 294 537 378 375 129 170 769 865 962 482 230 277 483 55 231 722 365 750 627 79 324 65 910 350 432 43 181 570 850 620 572 627 628 797 392 145 242 734 91 436 496 429 941 410 874 130 19 785 130 773 317 930 332 467 603 7 250 912 93 955 172 840 80 722 70 221 177 869 525 261 870 251 517 132 337 434 221 618 628 628 750 660 844 158 664 950 798 389 866 402 278 314 844 750 135 799 325 642 823 244 765 544 1000 449 826 549 17 536 48 939 489 158 996 847 985 566 671 853 700 68 974 672 292 445 14 561 737 953 159 739 25 232 37 190 73 969 465 368 423 350 452 464 75 468 541 33 976 629 923 820 419 238 253 852 108 527 862 664 688 673 680 11 393 999 295 650 391 833 687 953 885 288 236 474 268 687 736 744 66 720 207 53 863 254 342 987 909 757 147 354 957 251 915 868 97 58 50 827 59 295 692 124 176 687 477 905 119 751 330 454 865 664 266 767 460 826 484 40 934 921 26 337 566 162 550 670 947 79 635 925 16 84 583 381 746 252 923 99 449 453 938 95 480 683 965 552 239 825 966 776 551 975 50 127 642 862 966 636 694 857 119 993 450 836 473 397 918 522 580 124 246 766 744 414 331 847 671 590 10 606 319 823 92 19 546 675 19 134 426 765 560 405 695 615 685 58 851 344 974 217 594 7 261 478 645 771 930 986 155 268 276 270 934 826 439 172 173 196 748 120 999 392 647 258 547 386 471 754 818 12 715 431 41 609 120 945 853 656 284 193 457 454 454 835 331 819 370 943 873 31 108 557 441 821 799 33 72 601 927 134 39 121 431 67 561 506 381 641 346 311 942 321 89 437 532 221 836 587 164 965 573 482 204 195 988 354 785 389 55 715 153 79 893 601 208 431 949 227 851 82 747 626 599 77 207 277 4 423 316 951 844 409 163 315 945 74 188 946 522 759 909 529 10 718 125 610 724 771 8 651 689 358 794 559 326 514 944 737 527 115 653 964 405 49 288 579 100 732 690 726 622 717 612 632 788 302 956 685 454 219 157 319 262 444 669 350 448 115 414 858 339 694 423 977 637 36 451 587 914 267 21 738 801 368 815 840 650 947 592 472 331 863 571 182 671 549 240 377 350 248 639 4 128 656 573 98 925 297 830 519 795 367 472 757 337 1000 381 571 426 647 779 411 486 552 812 436 304 122 127 31 277 632 869 739 236 878 771 746 641 852 287 74 944 44 601 513 834 121 472 693 40 216 161 853 149 144 900 709 770 460 357 864 908 159 574 930 719 678 317 909 742 710 610 408 187 414 941 160 311 251 270 545 378 453 602 110 506 205 842 682 883 33 794 933 44 155 405 308 848 553 528 120 603 318 141 282 723 876 389 710 278 53 535 3 996 296 415 664 161 976 157 40 970 564 53 252 84 373 727 861 565 289 557 968 707 991 956 430 120 238 871 730 334 703 866 853 587 607 545 818 660 535 126 101 403 22 327 230 784 655 432 812 668 730 132 123 96 339 832 714 693 121 656 343 281 812 947 4 154 953 748 146 543 74 63 750 627 38 151 653 493 984 232 761 703 463 169 812 547 887 890 532 197 967 708 953 356 213 971 600 314 511 96 154 275 917 141 459 640 865 197 847 503 431 381 9 529 189 934 465 13 371 137 277 903 728 446 332 605 785 652 392 906 95 206 897 946 478 12 727 922 876 804 680 962 366 616 657 420 296 975 18 148 293 435 862 592 745 862 256 545 544
487
233 170 625 75 551 298 217 666 43 288 846 41 445 674 918 330 728 60 319 250 33 311 43 289 567 29 307 511 435 216 280 608 574 239 192 59 16 469 579 863 320 245 142 546 358 301 986 909 232 287 741 21 489 156 983 245 560 324 33 421 848 419 936 580 814 849 207 682 261 400 951 408 886 297 240 915 853 321 754 623 381 435 720 416 679 474 307 989 682 92 580 893 584 557 706 626 252 53 987 589 699 410 199 885 773 559 265 449 813 63 678 500 664 823 878 955 450 982 433 996 723 731 230 198 843 97 886 552 238 747 138 336 462 659 967 109 911 72 208 660 350 165 890 680 100 924 753 339 564 290 280 466 487 602 664 303 628 550 514 419 177 641 964 719 443 764 192 765 365 393 396 770 52 421 389 415 245 238 261 360 959 352 709 345 654 246 201 372 591 772 355 578 114 41 887 906 358 457 849 371 582 174 823 130 889 301 863 815 44 124 826 503 725 443 420 508 91 806 163 279 850 648 301 945 975 162 337 429 752 706 43 311 13 105 27 321 781 319 742 995 261 821 348 592 928 80 440 650 387 842 402 114 556 285 725 431 52 907 554 438 434 607 617 880 429 925 28 72 269 501 598 613 366 611 343 406 313 433 747 12 703 194 430 588 336 439 373 626 146 137 225 726 242 902 224 448 676 984 345 392 358 835 428 568 381 679 56 880 172 747 806 518 652 859 612 202 896 273 377 39 442 546 418 375 7 84 445 87 694 292 365 273 951 164 136 869 146 121 326 643 691 63 812 450 512 681 985 975 234 603 176 554 392 17 319 656 496 26 747 302 298 506 590 358 90 784 167 412 667 836 618 443 87 110 264 364 614 95 553 981 618 549 26 175 331 854 503 462 816 892 307 205 991 921 301 926 855 904 414 744 353 380 813 263 544 316 136 742 655 31 268 511 300 476 834 11 836 36 299 719 186 47 316 665 275 683 691 234 13 230 702 867 254 570 111 233 108 800 812 643 934 56 731 527 17 456 925 378 182 831 713 480 99 649 27 361 240 526 526 477 813 294 590 581 162 471 290 642 467 100 538 234 800 346 269 500 642 968 487 616 380 999 250 715 235 780 915
337
1000 189 850 197 312 909 939 367 160 362 391 21 47 885 865 399 92 9 898 101 558 647 471 709 589 266 783 845 872 601 744 300 799 918 197 624 58 598 990 340 602 560 418 967 63 439 594 240 856 173 535 454 507 479 282 410 989 206 566 765 444 446 911 762 2 837 352 511 641 913 430 726 656 482 116 233 528 384 793 505 531 405 562 233 637 171 820 496 560 974 652 129 86 775 624 929 451 661 96 56 68 583 675 55 735 714 69 77 605 806 593 649 519 95 732 451 345 279 504 4 765 758 550 325 918 476 121 474 66 747 223 838 813 344 953 813 887 53 827 416 270 52 778 677 226 479 198 965 752 665 62 412 71 513 795 615 871 581 303 953 785 24 57 846 657 92 878 147 392 160 708 885 905 649 376 199 640 764 559 839 348 249 575 253 93 357 305 198 628 401 466 236 900 578 363 476 167 128 160 380 596 162 820 436 899 232 378 33 675 900 882 840 661 666 342 513 505 15 388 932 695 976 919 162 359 967 595 116 831 894 947 160 785 957 814 700 700 81 556 287 855 999 707 524 915 511 766 971 571 990 146 188 614 790 323 635 363 182 778 305 549 413 980 638 489 31 711 873 626 637 608 927 791 362 812 972 468 311 582 584 252 412 272 330 962 660 78 856 240 668 633 346 772 717 404 433 785 863 258 248 51 148 372 542 439 639 192 577 177 506 27 839 215 710 360 690 388 735 723 456 350 279 581 598 505 356 483 939 968 428 950 320 246 614 688 206 940
693
215 938 262 957 927 332 459 377 6 146 361 423 56 818 892 487 523 844 82 996 589 670 691 389 204 846 559 563 119 166 234 669 573 655 420 375 170 7 661 244 306 41 762 60 569 224 354 13 445 298 240 250 782 189 644 224 900 346 600 267 296 607 50 423 287 673 49 505 386 727 904 43 97 723 431 397 267 636 362 621 364 65 667 176 801 118 198 319 205 601 35 331 72 259 93 516 930 601 479 303 888 558 1 603 241 134 119 436 607 492 969 572 307 363 458 165 317 729 726 869 669 866 948 310 426 94 328 894 493 422 691 845 560 851 518 553 158 856 211 189 388 721 720 188 307 590 121 894 25 97 203 320 232 870 895 773 731 558 937 508 576 121 184 93 507 543 117 444 799 363 576 778 601 367 359 700 775 338 693 282 985 693 95 635 205 280 232 710 229 957 479 964 422 988 66 574 682 577 506 542 23 705 126 258 930 659 810 925 644 701 730 279 941 106 190 717 341 216 307 452 806 802 407 196 846 99 336 365 124 292 643 739 224 930 120 60 850 461 100 131 892 339 1 502 214 775 250 583 219 516 595 28 923 323 630 754 457 16 755 15 751 624 399 247 179 413 630 83 721 786 515 705 769 507 41 374 629 268 429 137 74 708 20 453 380 221 276 852 667 806 348 514 180 366 907 793 870 513 828 581 138 267 614 926 971 292 764 8 422 320 943 143 7 301 719 144 2 268 881 672 932 421 256 712 803 324 297 388 427 354 448 518 55 78 424 428 36 149 421 805 224 822 995 642 110 655 561 433 466 885 379 619 528 167 170 329 771 733 11 832 542 683 270 996 102 913 653 155 903 650 802 730 675 94 790 100 116 355 573 120 970 526 914 82 820 450 897 387 672 461 289 535 734 758 690 804 449 919 704 922 371 75 912 582 475 970 494 165 741 288 401 454 859 616 281 27 227 43 723 306 779 139 566 166 78 601 316 597 271 45 420 535 365 398 200 604 790 15 825 879 815 184 844 334 951 341 932 700 249 960 919 156 272 102 735 718 857 721 620 918 295 218 344 719 40 2 516 2 973 292 163 483 113 713 139 304 229 796 924 925 818 3 320 747 328 155 738 320 412 786 988 243 747 815 432 4 68 850 58 43 633 935 330 497 474 880 214 162 318 396 558 37 911 693 671 141 761 231 737 660 463 158 443 11 637 994 410 943 159 667 428 248 479 488 852 646 505 934 632 432 222 138 926 287 733 476 418 132 233 725 475 3 74 325 272 905 731 612 610 918 617 635 643 668 988 222 491 889 739 653 335 215 368 972 825 377 982 14 737 443 333 289 694 320 784 814 622 492 829 459 550 348 39 917 318 561 502 630 35 500 70 309 942 316 933 215 948 533 569 12 389 403 856 254 46 158 920 107 1000 26 46 252 790 822 253 649 199 814 749 263 73 738 678 868 306 992 896 847 764 79 91 918 908 618 466 33 828 779 292 318 537 615 208 386 272 413 702 803 762 250 547 707 564 559 25 223 396 751 32 82 718 12 831 531 131 98 616 358 690 268 324 610 361 816 231 879 160 753 377 415 203 424 324
549
900 585 511 83 777 468 202 146 948 755 422 911 873 560 724 706 815 571 277 853 829 363 804 794 923 273 40 933 82 87 341 19 898 259 687 135 586 781 347 37 795 211 624 351 318 63 951 592 848 307 763 510 795 848 836 522 733 615 528 465 696 289 931 889 781 900 798 217 533 557 365 383 718 578 148 90 954 975 282 170 374 567 654 282 423 361 800 903 189 373 727 287 792 769 777 186 31 209 250 944 534 915 219 145 936 270 540 345 281 588 87 434 107 503 234 241 345 718 102 297 386 105 178 210 829 544 144 300 751 508 569 881 939 960 814 914 809 380 168 337 322 662 984 339 767 592 194 736 157 434 88 163 372 140 665 208 980 507 874 515 696 997 419 646 244 602 821 596 211 351 105 283 137 333 515 870 108 112 147 80 385 409 644 955 101 831 694 807 792 601 478 129 997 967 723 405 356 483 58 274 639 921 863 308 829 311 790 37 519 352 883 481 566 303 567 903 463 350 849 906 330 258 511 391 804 781 951 466 236 778 367 919 74 891 951 636 551 953 545 429 377 345 411 685 35 990 860 402 521 206 573 263 218 528 446 397 955 878 690 885 221 804 509 928 737 499 961 495 893 166 177 286 14 503 755 301 43 422 860 561 807 395 352 359 709 276 673 838 870 522 926 259 946 284 383 374 122 424 23 15 126 282 623 712 573 764 369 491 309 396 848 997 114 778 298 652 10 537 669 846 574 153 132 285 960 677 744 651 371 368 218 461 102 248 451 832 114 69 29 957 631 825 667 478 33 622 372 757 675 252 32 41 100 16 66 82 88 523 718 81 790 286 255 46 57 78 597 191 484 80 200 723 745 516 790 5 485 834 225 13 579 673 531 791 534 159 816 132 277 698 824 186 897 946 498 526 674 213 319 583 964 251 876 528 855 408 586 921 869 447 494 961 946 83 420 956 471 706 158 804 245 436 299 910 784 308 296 193 30 29 679 253 717 191 415 148 398 560 351 674 199 361 338 488 289 654 666 990 673 347 312 194 108 186 209 912 258 138 504 814 213 55 901 985 15 311 711 330 736 273 545 441 156 401 908 55 265 901 469 276 693 996 468 404 422 36 37 674 278 325 107 894 976 246 669 994 112 1000 975 887 989 976 392 846 992 462 645 806 531 81 776 87 850 807 17 869 131 458 507 517 797 315 52 392 341 569 499 396 625 589 77 224 735 933 237 335 846 683 151 911 729 573 343 596 288 84 604 474 576
404
112 844 536 137 830 12 992 397 379 219 4 865 586 362 294 560 11 793 21 170 756 886 231 332 381 415 329 700 868 178 52 375 551 868 952 15 167 470 681 716 686 855 302 528 634 55 394 569 412 552 695 97 483 132 440 511 939 268 967 447 24 451 390 123 507 792 980 234 985 66 611 681 722 592 782 421 220 21 706 889 730 138 285 365 445 450 136 175 89 656 159 941 295 1000 529 987 968 530 387 491 871 917 497 535 365 316 760 323 908 442 46 714 449 793 391 450 353 549 903 801 963 675 543 580 109 464 865 31 419 844 68 103 981 694 589 6 49 768 997 939 868 276 410 622 835 337 857 393 909 662 54 924 57 327 873 677 464 493 518 159 572 167 933 101 659 656 160 909 792 205 448 834 982 251 699 549 941 708 336 937 621 846 107 669 79 855 851 812 922 567 958 294 980 794 843 541 610 68 686 285 340 205 363 697 591 351 622 235 663 237 77 553 299 575 609 381 565 23 789 211 27 884 82 368 648 974 625 206 952 117 341 685 124 805 414 70 284 798 634 142 142 783 922 216 790 103 105 255 713 604 842 991 37 571 948 666 69 992 873 561 459 170 108 228 76 693 167 105 1000 58 14 817 754 994 794 383 272 800 663 61 962 719 270 775 378 674 395 650 982 437 80 74 106 647 903 224 193 778 671 537 791 481 817 126 793 635 866 630 884 730 240 613 78 544 36 828 905 419 723 527 481 116 817 872 282 405 516 872 728 903 524 420 11 899 35 272 472 398 72 712 473 387 856 382 838 92 236 798 986 32 853 121 860 18 386 146 567 805 983 750 564 664 135 703 739 970 701 809 958 661 946 241 260 480 224 852 403 586 278 649 520 734 634 597 35 662 938 816 21 296 224 720 237 607 393 92 758 648 608 353 841 284 882 921
977
749 935 894 218 437 157 88 599 141 867 786 185 119 126 408 501 311 245 879 211 471 308 9 917 31 850 933 450 554 338 29 898 838 941 165 800 174 55 651 8 428 872 397 290 356 502 223 35 43 660 617 42 313 412 976 992 61 505 610 202 207 128 590 33 258 222 897 325 920 206 337 290 242 714 412 891 59 959 269 786 394 758 292 605 640 161 548 981 245 34 560 729 830 973 449 549 815 595 130 18 333 947 545 608 495 385 729 742 192 566 207 746 162 244 657 823 607 75 894 288 862 543 767 404 740 193 333 668 202 940 239 250 147 430 50 553 250 727 655 195 434 179 813 843 924 219 525 634 625 358 724 432 700 507 417 245 824 955 290 632 83 374 903 453 982 744 51 99 197 930 442 913 590 144 319 805 238 505 924 205 475 679 156 242 587 813 726 598 277 71 42 538 596 66 729 839 189 276 211 195 223 550 969 792 284 31 498 201 480 303 366 367 901 227 359 242 737 308 424 644 77 881 171 762 990 304 712 553 686 158 435 992 724 344 363 413 38 40 755 259 839 679 242 429 353 139 434 268 994 448 567 175 299 928 300 89 506 225 360 748 237 499 623 776 763 36 287 763 878 136 280 29 585 540 41 976 608 340 626 833 563 121 280 445 894 377 327 632 989 605 25 578 49 153 259 110 593 250 935 289 441 228 731 128 12 434 990 453 879 577 885 538 999 409 430 797 644 542 101 757 861 842 364 86 877 933 249 544 162 242 238 853 699 980 845 336 792 70 794 501 43 183 460 541 444 994 540 979 282 510 705 394 253 82 119 390 91 993 906 368 705 190 820 903 477 663 600 88 15 792 121 87 161 103 307 464 243 710 703 920 999 919 875 905 358 550 108 687 11 588 855 188 241 68 698 293 629 756 866 968 22 231 849 888 988 655 740 128 242 175 801 721 9 239 270 803 395 275 595 249 262 352 497 823 328 244 24 428 481 966 607 441 159 999 479 193 12 981 629 146 529 798 285 397 102 307 709 300 267 645 731 864 104 608 620 71 32 70 293 649 768 895 887 515 125 343 133 626 349 154 195 165 582 331 689 428 201 199 136 896 971 616 599 647 470 617 244 269 548 198 786 799 87 847 375 353 913 9 23 297 275 921 7 365 533 281 146 728 613 81 962 987 647 57 508 857 314 787 629 844 597 936 226 851 317 717 945 745 180 250 843 539 95 570 504 162 195 197 389 48 878 155 253 702 550 637 194 524 319 291 849 427 269 16 520 110 105 440 907 294 955 202 376 642 614 385 414 258 193 707 997 257 206 353 681 174 961 830 502 558 406 786 540 217 43 994 672 795 806 599 686 902 200 156 741 650 733 931 220 106 290 109 110 69 528 442 393 570 668 256 197 563 825 194 464 980 49 956 867 486 614 158 552 480 881 9 251 61 492 540 714 350 319 478 820 51 26 253 531 585 12 189 540 444 675 836 709 961 142 718 847 280 271 237 725 678 358 96 145 552 146 279 397 228 926 475 504 637 621 20 280 786 607 306 859 881 873 12 544 996 241 565 221 174 734 162 687 345 940 874 508 517 96 951 808 686 736 369 533 138 464 218 270 782 989 429 766 303 541 94 600 265 285 953 297 62 718 583 234 193 365 223 31 244 497 102 664 199 35 174 669 234 674 387 351 977 134 317 477 778 289 543 780 38 848 195 794 253 957 570 911 554 907 436 431 748 920 101 226 874 647 165 330 783 621 956 644 979 122 580 284 340 803 403 376 597 978 297 80 44 502 991 42 437 627 720 803 586 939 617 429 812 593 178 252 284 247 628 466 816 182 931 89 267 625 972 131 788 921 198 935 28 521 851 148 876 503 239 470 508 960 291 879 239 447 933 25 286 989 82 136 97 804 238 773 488 626 938 993 863 599 149 987 668 423 653 340 148 465 390 438 556 186 433 401 605 383 694 12 734 820 944 549 350 113 456 204 675 158 606 722 458 499 692 516 654 74 71 898 213 68 677 187 76 460 340 676 368 355 511 852 338 967 801 786 640 979 791 458 277 797 199 533 684 451 180 839 572 487 302 522 205 115 263 453 390 759 817 763 521 849 851 895 744 428 943 80 384 959 872 132 291 810 200 121 648 326 617 735 200 549 743 64 60 886 61 971 431 693 226 538 447 130 432 688 334 249 125 568 852 749 858 82 289 11 182 691 131 382 948 474 853 326 678 350 692 420
955
717 506 90 168 13 749 304 440 591 410 880 432 858 901 48 911 446 492 950 172 115 369 717 775 131 156 170 199 329 738 379 565 766 880 750 141 996 109 231 301 381 155 634 678 989 357 192 361 404 690 689 404 140 753 598 247 943 638 513 440 316 208 74 522 411 728 943 324 584 245 672 486 198 409 103 721 981 552 807 506 255 317 244 633 148 434 10 475 66 642 380 520 374 509 249 30 883 217 870 205 273 202 221 957 173 965 974 384 819 546 380 546 642 86 303 283 347 803 911 815 2 882 351 910 636 368 317 919 276 245 747 542 236 518 480 949 269 51 647 376 137 977 770 173 601 198 899 496 16 921 383 391 661 387 708 689 26 244 951 714 912 64 494 602 83 567 344 187 501 924 892 572 711 288 852 349 761 501 331 899 962 892 8 319 117 533 531 7 199 86 388 130 588 630 419 113 233 740 618 586 259 734 779 931 682 70 367 326 243 772 976 690 411 143 896 652 845 673 131 808 763 780 644 588 832 226 341 81 109 218 624 811 214 290 321 712 63 446 44 414 719 17 283 592 243 452 117 474 304 184 124 949 328 300 301 785 18 887 110 990 114 761 20 568 718 348 26 500 976 690 184 837 702 333 3 281 881 619 340 549 747 466 261 620 732 857 804 672 689 641 892 170 868 316 358 700 628 195 155 301 892 658 961 103 979 672 848 467 824 141 646 946 28 651 910 990 107 609 929 537 274 790 13 135 809 566 963 367 871 893 826 932 573 379 370 753 293 32 69 112 675 921 586 229 59 67 150 941 526 802 967 630 76 908 25 341 498 290 447 428 525 73 64 11 69 676 44 984 383 417 424 334 177 210 222 762 912 465 629 348 568 385 526 263 297 62 18 876 210 95 112 91 1 43 308 189 372 460 410 998 315 117 611 496 456 710 394 958 342 985 201 444 118 949 88 927 363 745 498 357 996 549 524 353 960 423 937 678 982 965 202 979 525 186 11 356 828 290 756 74 7 234 251 420 849 453 784 218 716 584 696 200 958 333 714 61 727 208 864 678 450 746 840 269 847 745 592 547 328 736 539 194 506 367 174 582 457 275 966 304 503 192 583 279 113 859 427 779 868 331 501 719 42 115 388 722 106 774 21 983 612 694 922 596 924 224 636 776 392 641 694 851 780 151 214 320 872 520 792 652 637 436 528 234 33 198 260 997 742 519 655 554 441 761 437 234 910 365 842 700 11 539 80 482 138 76 446 2 823 24 962 383 477 957 122 464 203 630 195 96 562 390 913 894 843 600 377 504 118 223 623 277 14 382 160 114 552 580 987 261 957 131 675 615 227 603 998 49 590 910 196 299 532 909 510 472 991 238 326 661 99 640 827 447 151 599 319 472 944 756 575 249 143 771 419 395 176 376 565 739 823 913 644 994 181 798 81 68 305 509 814 950 110 73 302 247 804 62 60 602 997 792 422 538 172 986 434 909 500 936 562 179 199 896 857 167 742 192 590 856 764 374 903 43 573 22 426 249 353 774 825 991 806 768 165 991 732 541 977 33 49 404 333 198 35 751 672 937 447 376 879 767 56 257 200 47 400 789 849 787 37 747 270 130 520 630 565 107 971 378 335 76 500 423 689 746 528 574 488 177 355 548 813 813 374 25 464 347 312 356 728 865 162 344 965 843 728 15 1 704 53 687 271 664 643 874 525 151 121 338 22 454 49 43 948 689 955 721 148 689 877 932 619 393 137 22 252 785 882 886 874 380 896 93 517 66 664 479 232 65 989 842 412 943 274 795 432 114 326 983 178 469 704 198 318 968 738 334 316 833 340 939 969 266 844 962 569 951 403 703 169 195 231 857 96 609 682 223 701 394 379 313 838 44 227 758 720 626 974 607 7 41 708 268 543 73 185 568 203 803 422 908 106 364 164 162 926 487 999 643 815 923 773 682 536 546 455 929 192 250 800 290 887 75 21 456 598 864 914 49 271 476 635 744 363 72 130 115 830 584 668 669 420 463 689 811 21 470 314 345 870 291 785 147 124 322 126 351 482 847 983 931 385 808 127 257 631 806 344 753 508 23 475 833 561 432 175 61 186 310 188 319 419 539 220 901 874 914 904 422 121 315 252 78 20 989 568 965 469 245 437 807 760 409 634 365 749 733 722 634 31 253 117 443 668
585
924 34 446 882 635 359 275 465 68 889 162 302 369 805 373 687 655 24 997 162 225 749 781 24 535 307 96 152 304 148 706 348 352 38 890 213 532 114 372 840 573 758 202 342 198 951 719 679 81 804 457 577 66 316 726 683 11 462 59 183 157 905 905 881 371 262 663 237 788 310 310 192 259 60 942 764 171 972 178 339 988 291 670 488 952 520 669 143 979 641 240 781 599 191 220 233 358 901 112 721 898 308 198 269 732 957 64 650 948 913 889 551 876 636 744 956 926 749 995 554 859 986 969 713 740 60 761 914 448 165 850 923 728 863 800 346 629 336 88 131 162 455 699 774 724 620 438 408 998 670 429 57 321 26 837 617 269 231 126 97 415 890 381 592 106 338 961 667 780 221 223 743 717 750 717 778 954 575 160 780 415 531 757 435 201 990 799 54 994 851 570 58 909 200 353 993 781 357 976 613 476 264 719 64 861 464 891 851 980 671 58 930 918 596 793 527 470 803 620 260 392 308 786 156 548 476 722 458 694 296 927 486 518 195 630 148 575 892 231 115 986 493 411 398 60 304 685 220 517 765 142 34 956 353 298 42 981 450 944 460 164 859 24 619 891 392 811 92 560 301 149 729 141 345 228 737 143 105 138 497 80 494 364 359 569 257 533 34 272 229 338 872 807 996 818 929 577 708 553 103 519 748 816 609 462 956 431 636 326 652 529 837 441 485 726 955 449 264 142 979 578 204 179 426 165 304 30 294 567 398 856 956 149 890 533 99 80 136 915 196 8 501 194 166 630 588 404 120 383 645 914 671 289 252 446 513 896 47 997 677 674 350 184 510 882 537 693 832 563 313 239 453 365 786 82 125 846 204 550 251 881 93 740 352 115 472 847 476 618 244 923 12 559 981 79 87 681 109 942 374 601 545 747 265 792 257 825 917 328 253 927 78 421 372 347 309 373 191 82 566 556 262 911 89 939 132 226 797 90 976 924 494 329 915 542 179 20 56 371 11 731 105 771 583 337 659 303 310 614 526 141 951 805 911 27 193 142 230 628 105 86 913 681 355 307 718 740 3 269 381 36 332 622 401 644 401 852 107 842 347 69 137 292 170 803 270 148 286 322 418 677 171 652 819 192 976 719 568 221 148 380 653 931 794 170 831 439 411 425 404 703 371 630 630 501 130 894 977 959 629 673 203 497 136 114 143 466 943 382 730 456 926 683 31 629 695 338 198 210 893 643 788 118 752 193 505 786 159 313 406 699 597 118 225 192 984 149 808 621 740 963 153 234 143 923 519 911 461 237 737 256 264 500 429 352 917 85 659 653 838 526 608 180 285 678
933
712 843 998 856 370 854 190 552 969 289 168 145 639 993 964 69 927 183 804 651 192 15 75 405 298 989 915 516 479 34 90 588 978 703 531 204 65 491 796 488 381 288 76 133 770 122 580 716 26 590 749 816 178 289 742 842 141 494 467 407 909 392 145 411 660 151 705 130 100 455 71 640 55 924 152 794 441 984 736 549 175 799 281 849 338 982 633 94 354 546 82 412 511 571 955 360 221 207 953 889 26 495 386 802 335 912 961 446 127 15 78 641 838 758 249 299 370 483 93 250 675 585 330 488 791 798 934 535 557 147 615 132 596 114 185 726 229 177 627 936 908 550 863 205 785 160 18 953 73 325 120 398 266 986 803 150 561 743 283 602 5 495 761 390 518 986 551 401 711 9 284 328 228 792 793 977 335 372 352 634 254 392 927 104 618 404 339 13 159 47 503 415 930 91 478 218 812 895 847 727 875 547 141 432 311 872 287 403 758 329 147 819 212 522 351 537 269 97 512 82 525 926 722 468 679 400 351 754 673 205 602 410 621 973 64 414 224 568 73 339 685 380 3 354 269 467 297 318 764 63 854 875 481 191 680 758 262 97 475 758 949 590 991 679 472 213 884 918 776 440 430 251 5 112 884 156 646 640 816 234 632 522 972 961 765 103 995 490 397 299 966 241 52 574 391 496 167 867 433 220 605 336 292 974 777 411 586 938 442 124 991 713 910 987 342 231 372 702 39 1000 134 913 130 914 320 700 483 645 559 825 205 834 676 937 638 885 407 78 300 74 37 358 591 917 839 63 617 371 152 870 555 915 489 325 274 17 244 631 51 96 695 928 985 257 842 559 758 676 86 97 378 48 749 653 214 493 888 284 978 385 600 441 956 244 478 174 38 334 898 551 472 311 161 999 524 981 501 186 251 552 830 468 372 875 634 981 52 208 549 986 332 791 920 534 36 755 642 361 198 996 321 230 949 36 952 251 783 22 629 360 875 352 261 974 601 918 405 656 555 229 774 357 7 956 592 746 777 722 253 925 819 636 396 124 132 899 22 745 656 23 778 466 998 234 48 472 829 215 311 590 599 87 229 221 338 402 249 463 649 317 414 709 504 50 77 87 250 677 617 749 775 547 39 429 572 138 284 909 727 189 122 392 521 722 544 165 75 118 371 266 592 26 726 288 676 664 163 389 959 430 297 310 233 825 539 488 577 642 527 292 448 98 844 732 19 226 896 51 970 294 121 360 751 265 989 862 790 416 234 263 237 950 504 344 973 301 527 948 519 572 257 564 677 924 878 909 578 152 242 786 993 493 581 670 425 403 870 145 310 845 699 531 345 308 980 561 799 466 471 448 724 248 714 707 725 589 909 143 923 536 206 10 744 299 114 112 773 181 609 762 882 603 618 548 473 994 387 884 526 176 641 182 208 551 486 234 320 802 170 649 627 848 811 275 592 788 834 291 274 276 413 719 407 32 306 243 373 996 510 403 892 538 840 121 786 767 962 942 182 981 655 868 28 200 110 27 284 512 368 635 754 80 978 477 365 567 86 608 813 76 240 413 732 630 381 561 557 734 285 599 818 288 127 385 936 785 126 993 766 914 236 619 115 717 17 687 542 383 972 259 493 426 193 647 806 633 452 362 158 309 369 665 183 429 922 827 288 302 151 489 983 526 746 786 358 556 805 487 470 261 577 887 221 923 135 909 525 670 510 268 972 138 608 825 333 869 944 875 406 159 928 227 612 938 686 48 234 663 952 961 668 816 936 416 221 304 464 853 654 95 324 342 36 379 873 306 318 470 359 393 779 636 768 277 996 208 219 586 186 644 733 771 816 297 120 611 323 715 441 993 124 116 791 401 251 688 734 687 922 58 562 426 726 23 684 526 293 416 948 234 147 459 431 805 59 300 194 481 810 58 466 925 681 651 617 429 687 889 457 53 132 920 724 862 905 803 538 217 126 257 324 642 451 99 857 410 673 908 97 387 736 257 898 624 903 279 188 273 125 842 784 528 427 303 855 404 137 148 183 193 960 394 294 919 383 40 24 649 454 106 30 493 851 541 993 260 312 908 799 984 615 304 757 922 347 985 794 432 44 746 512 843 605 879 841 942 787 569 287 663 884 753 206
584
426 193 425 681 883 422 393 48 748 618 835 907 226 896 37 765 326 811 619 126 852 667 172 273 277 517 906 290 78 268 725 512 700 910 732 766 174 76 705 723 675 91 240 668 536 788 700 721 975 646 671 471 313 345 571 495 297 296 738 862 204 245 360 191 937 895 208 560 3 884 511 203 239 997 248 266 547 295 111 829 255 5 693 675 485 26 231 129 102 136 345 510 652 963 406 817 194 614 846 747 43 533 686 970 566 540 411 503 402 851 969 52 511 571 914 148 570 59 449 976 108 948 938 822 370 511 994 501 544 939 46 998 481 103 893 751 755 398 783 903 292 213 638 850 68 868 757 133 434 637 907 199 849 196 948 557 206 829 638 256 667 140 3 41 229 8 833 384 406 756 417 8 261 907 991 819 705 636 520 414 543 853 888 206 963 328 817 983 159 997 624 420 688 808 124 548 194 597 37 278 710 294 574 440 263 637 833 56 916 620 492 960 248 473 490 871 282 915 262 461 877 76 103 968 915 4 575 283 245 429 963 536 1 481 508 356 709 950 690 520 233 554 208 27 296 500 326 401 977 11 36 254 168 906 711 418 686 872 706 625 817 463 765 644 163 188 909 257 969 307 814 706 312 257 481 470 778 919 199 702 153 40 687 215 788 358 959 240 483 823 463 21 495 696 452 850 756 32 688 648 158 757 288 200 571 817 190 487 900 76 453 472 817 537 870 926 345 851 251 982 526 597 62 344 161 663 587 109 953 146 715 662 842 573 106 244 429 989 419 887 172 318 351 936 103 326 128 476 426 900 817 820 653 861 958 47 525 326 114 967 820 913 52 29 815 678 394 448 77 762 978 113 499 101 592 193 803 811 924 815 355 964 737 65 106 503 440 647 610 525 579 455 185 86 350 365 417 678 228 520 425 32 846 166 169 775 757 700 207 775 960 809 445 805 595 174 25 517 159 243 583 25 895 564 483 166 223 983 676 315 97 598 455 904 436 898 86 684 680 246 565 446 26 997 163 848 683 464 365 277 763 395 272 499 937 545 451 372 144 653 344 204 237 350 76 138 666 86 454 97 743 792 531 316 145 733 389 183 608 782 943 943 640 101 562 27 683 789 896 91 995 568 31 618 846 848 110 694 472 192 440 612 58 870 950 710 160 376 816 473 2 680 489 790 590 773 596 122 728 956 381 465 747 606 42 714 384 904 125 209 195 334 656 781 650 698 458 772 63 543 138 735 906 655 645 485 942 973 845 229 392 530 966 769 779 656 992 735 316 148 27 856 671 223 379 265 166 119 685 555 5 291 272 161 819 157 783 459 283 244 401 741 877 478
557
719 307 312 714 304 958 995 708 757 644 982 668 204 325 102 735 658 613 453 220 965 366 331 249 410 18 763 773 98 514 148 693 787 802 131 17 251 544 914 811 475 25 176 230 518 190 866 657 812 464 448 429 510 128 201 31 283 305 13 866 739 467 875 842 384 640 622 546 993 860 777 554 67 692 418 678 668 483 319 832 454 513 416 906 955 287 97 76 253 452 830 609 308 517 237 878 775 493 517 317 412 976 151 488 182 970 189 446 62 694 27 737 47 300 158 736 551 632 392 446 113 385 433 920 60 893 835 920 161 651 884 508 799 246 117 60 329 233 598 171 295 176 524 916 979 650 310 598 591 189 95 855 850 405 299 448 837 682 984 156 97 8 215 823 901 295 764 830 357 321 465 757 205 340 330 567 110 323 929 99 645 195 206 996 904 806 836 152 692 563 576 453 85 89 805 565 537 403 808 52 612 124 782 603 328 41 648 545 563 883 327 658 580 412 708 334 785 311 395 366 248 305 668 551 558 548 661 499 989 380 588 57 128 158 615 523 479 954 739 225 403 488 313 247 631 807 691 591 40 316 298 12 891 462 151 105 781 698 734 123 510 621 298 194 303 603 891 846 485 325 961 209 578 464 41 951 988 4 758 809 665 474 462 613 84 438 415 727 46 193 181 850 342 450 17 195 380 887 812 182 553 636 57 27 62 319 194 442 135 492 522 712 119 184 780 103 783 176 16 640 860 212 334 727 531 817 269 819 31 263 748 664 886 708 878 759 428 855 724 688 245 74 341 177 821 925 67 950 554 489 866 595 783 730 286 809 707 9 307 223 397 703 713 918 783 717 113 539 882 8 381 578 251 856 963 985 730 329 840 654 374 262 898 512 320 71 48 177 319 904 942 60 650 841 588 129 162 789 476 260 140 427 952 984 669 784 736 194 66 7 467 787 556 273 45 365 69 900 697 86 82 170 737 725 31 313 241 163 49 189 239 34 695 679 592 917 170 75 655 767 285 327 652 173 743 90 483 542 210 925 579 346 172 158 562 444 837 268 480 339 836 345 760 712 387 212 318 483 258 645 442 341 211 996 674 925 204 345 542 772 930 842 111 346 225 6 792 779 361 596 90 87 358 935 281 393 555 598 695 605 593 770 429 783 659 458 835 439 498 515 473 237 465 397 261 346 434 170 778 926 951 60 221 525 185 569 515 842 151 627 229 552 261 725 124 717 41 396 435 256 686 398 805 765 824 316 682 144 411 374 964 96 884 429 911 287 163
177
533 169 179 769 461 614 547 687 394 659 496 115 940 129 620 563 160 718 627 970 384 25 318 38 489 547 232 322 298 161 161 596 513 606 183 770 86 32 264 426 105 729 301 435 875 643 376 512 118 570 459 136 914 254 217 515 29 627 763 243 685 88 942 322 835 460 695 92 809 452 952 442 622 295 698 602 349 291 998 993 640 829 507 348 939 792 283 73 478 510 470 382 445 804 825 479 100 695 169 818 188 572 939 238 59 456 621 940 328 418 274 821 486 519 509 288 655 824 207 49 609 251 383 316 383 786 295 185 529 319 6 225 895 469 456 480 258 289 525 353 880 414 451 891 97 517 496 131 9 145 249 953 944 249 411 750 648 514 497 669 711 329 634 961 809 864 260 444 318 730 525 865 428 856 271 281 298
525
455 355 906 886 905 978 898 40 277 622 822 45 117 782 997 468 635 274 557 629 147 72 694 24 162 441 4 230 152 306 544 374 60 450 125 80 957 909 843 127 335 618 468 739 620 960 166 276 140 948 117 234 632 231 316 310 999 206 39 974 732 511 781 464 182 833 213 229 199 445 560 721 622 628 344 152 774 385 137 930 223 959 589 679 400 271 230 550 733 647 740 159 420 714 53 988 350 785 875 857 235 839 653 271 15 704 949 745 360 835 777 649 605 516 902 148 164 387 705 126 222 603 31 700 739 379 803 57 967 535 393 843 709 162 445 74 76 231 980 931 75 155 569 904 143 751 898 100 813 527 872 944 896 695 924 352 970 748 236 878 879 141 762 916 314 294 561 821 836 838 286 111 257 513 587 673 213 584 793 622 46 674 848 561 267 953 603 743 593 139 813 727 260 36 553 845 147 991 826 531 618 893 209 839 84 924 631 683 543 566 301 134 685 75 624 421 73 279 835 123 691 342 671 819 938 562 141 556 915 671 423 172 130 759 457 104 918 748 151 606 235 391 258 312 347 982 948 766 513 752 597 347 291 178 195 115 347 202 844 235 855 526 327 774 846 294 511 256 735 468 13 973 278 993 89 817 453 351 959 527 972 237 49 151 233 243 883 397 253 322 442 361 903 42 290 494 528 93 745 439 855 830 184 191 917 289 392 479 63 489 932 191 95 990 891 9 523 473 802 876 294 603 951 282 297 986 651 289 997 492 591 688 423 210 889 917 728 190 194 845 985 534 85 400 803 620 259 293 864 188 29 168 239 583 270 854 275 881 913 294 526 235 567 25 126 473 622 363 957 180 422 656 589 429 231 289 108 998 866 201 342 514 654 76 161 951 399 606 347 251 894 50 33 987 55 17 643 571 476 699 974 918 581 502 317 398 277 771 672 56 778 388 431 547 510 11 139 981 900 88 229 130 560 756 222 506 485 320 794 412 109 482 325 796 748 209 465 737 354 344 45 855 617 146 246 160 743 845 944 247 433 597 724 815 132 239 447 997 997 345 467 156 309 672 111 523 376 728 898 572 797 6 388 630 892 301 178 189 277 284 304 769 527 707 92 409 496 746 497 172 560 231 924 727 673 169 310 38 297 35 409 208 480 757 842 58 982 900 797 411 831 482 661 229 297 95 900 57 152 860 435 363 694 323 67
664
309 431 797 960 202 246 800 821 443 769 534 450 783 479 416 960 604 234 113 131 26 498 505 57 739 922 294 9 238 390 410 512 651 761 55 730 587 414 506 966 267 601 907 56 88 951 722 173 51 220 834 937 42 638 317 238 78 610 977 105 714 211 770 901 54 218 115 795 613 229 515 670 368 907 129 781 798 463 891 649 797 360 558 582 724 662 133 31 688 316 45 599 193 689 162 976 641 758 538 811 675 141 860 937 326 486 684 686 143 328 677 264 590 261 573 237 646 88 216 912 388 841 270 69 293 297 374 967 876 939 582 823 298 402 529 315 282 789 604 693 338 571 546 147 147 664 163 138 438 863 431 575 815 634 273 557 520 497 684 246 747 180 972 562 209 275 978 746 942 191 143 131 872 491 352 11 852 183 340 120 591 665 781 885 720 449 734 548 219 519 666 778 588 460 597 771 579 754 945 154 91 382 535 502 94 44 793 739 586 593 207 975 528 579 333 895 283 440 440 110 437 396 673 784 679 762 95 866 418 483 671 554 326 490 91 729 451 98 347 369 575 935 844 160 327 817 978 891 861 951 754 657 247 313 215 347 89 799 13 725 879 841 59 401 965 544 671 562 449 464 784 282 246 373 778 667 532 159 543 256 468 412 267 79 800 945 102 58 846 305 900 810 680 495 379 588 892 933 977 544 599 401 393 827 634 848 117 755 972 540 193 986 766 899 832 380 202 505 771 718 45 449 424 543 307 691 694 253 316 417 277 556 166 241 940 204 332 558 719 591 28 726 91 666 162 542 676 345 592 879 653 329 777 953 159 897 361 668 304 570 395 352 172 332 151 218 912 719 134 881 376 349 226 117 48 438 68 829 624 943 54 665 909 615 948 540 248 204 393 957 504 327 124 218 521 212 778 6 965 275 784 901 403 560 25 269 979 9 977 514 696 744 587 337 602 463 560 320 164 77 252 406 343 634 433 620 766 586 273 30 890 566 790 63 196 952 411 927 157 278 586 294 294 638 155 440 525 863 419 505 701 761 567 746 310 900 693 871 858 371 679 735 479 360 639 220 695 587 15 447 838 586 746 928 594 451 68 113 12 413 477 580 295 544 175 281 21 926 240 930 537 141 517 952 837 309 96 173 62 753 353 751 649 564 431 921 497 706 49 735 406 688 912 757 703 371 293 961 20 305 970 964 265 41 773 742 188 298 996 403 465 344 458 419 973 108 283 606 495 40 2 587 964 826 69 455 247 515 263 821 561 975 217 302 992 237 747 532 928 573 429 270 358 844 916 554 647 295 61 606 338 242 499 807 807 100 243 646 189 603 971 933 473 2 10 628 531 546 236 493 700 207 802 556 729 204 480 644 333 455 424 562 651 239 486 369 711 435 82 612 44 608 21 233 997 427 349 819 205 402 901 171 867 391 241 476 60 368 810 273 60 167 241 584 124 340 466 521 146 910 999 197 247 441 232 524 910 629 635 377 579 176 897 267 829 892 855 251 958 319 442 890 565 709
971
975 11 170 739 255 889 417 222 412 780 882 149 754 630 869 967 64 196 442 666 644 375 697 179 703 239 572 962 787 359 519 897 998 228 838 745 655 691 478 563 148 530 537 641 300 880 387 699 162 427 291 193 822 874 206 186 651 62 781 683 534 879 492 495 390 126 576 982 190 244 736 703 254 483 173 592 517 752 25 850 402 220 378 808 885 451 2 356 603 224 995 993 422 301 341 332 338 871 761 221 200 981 355 164 437 614 71 154 791 907 717 602 35 919 111 482 261 37 764 716 413 182 29 299 988 108 706 34 643 398 612 413 879 614 679 700 570 486 378 412 932 69 375 785 112 44 420 990 27 703 110 630 964 356 268 259 251 385 446 270 777 551 109 491 240 483 660 938 975 201 589 770 559 986 884 720 458 472 148 260 425 411 160 411 903 76 144 485 326 290 514 473 359 243 327 203 125 574 345 46 526 422 636 477 889 373 503 301 733 537 919 771 475 36 75 316 779 125 473 975 536 275 766 504 478 749 376 817 893 545 409 261 451 924 87 841 90 634 727 64 144 323 475 402 673 707 950 615 330 72 848 558 273 568 299 307 762 529 93 743 263 977 624 32 304 886 861 231 822 287 615 495 778 98 332 278 367 614 763 345 214 260 677 141 732 11 246 637 568 66 822 17 927 922 414 261 478 268 401 233 159 589 523 137 492 824 910 319 10 986 437 458 162 836 850 502 685 675 604 54 500 261 159 732 303 442 155 77 447 966 467 864 772 835 149 832 235 80 885 501 629 116 287 162 537 721 621 618 552 306 511 271 213 812 336 526 71 521 994 139 542 364 406 872 620 685 209 724 738 547 525 807 879 636 858 683 982 466 237 905 735 411 889 840 153 611 421 478 931 694 414 507 794 579 152 750 329 866 224 895 926 776 749 164 755 711 557 306 901 791 870 635 41 704 314 352 843 670 940 803 96 703 71 977 133 14 37 830 340 222 996 530 870 923 245 304 114 888 92 276 708 427 443 790 864 557 393 423 370 513 747 913 883 312 716 417 917 775 94 678 490 486 889 929 879 246 222 99 576 548 676 273 45 71 190 46 713 40 314 233 809 213 467 345 473 777 403 802 564 40 214 93 523 839 548 849 270 168 642 547 468 870 8 382 75 765 169 267 713 833 638 206 939 287 146 93 592 145 821 871 382 785 469 719 810 435 178 575 207 813 228 809 6 642 308 911 772 870 91 587 277 237 607 844 237 728 62 493 679 165 425 767 245 959 400 699 716 99 279 508 523 594 242 178 592 74 935 127 12 711 694 493 262 537 276 12 111 156 547 899 67 175 898 283 897 313 290 629 227 112 669 425 6 951 351 818 148 722 315 974 260 727 995 980 187 324 42 820 35 614 246 216 744 721 462 442 289 649 301 379 681 366 69 797 613 416 1 511 188 759 237 429 534 878 799 186 725 8 166 664 673 395 432 33 327 911 791 521 719 25 29 96 610 257 17 151 860 363 119 588 114 788 570 411 651 236 424 920 206 897 218 457 492 245 654 787 971 118 707 312 650 523 465 254 827 114 378 802 513 320 408 409 949 767 202 440 900 94 123 664 247 296 824 985 924 593 251 333 931 797 709 669 356 367 182 503 533 330 137 480 878 813 995 120 954 880 963 882 277 190 905 957 84 163 942 218 891 470 97 319 638 755 509 66 263 569 309 738 297 685 167 32 775 339 376 485 946 712 489 489 661 767 88 1 197 612 741 206 270 782 932 79 539 89 367 446 465 415 190 618 339 380 745 431 464 452 650 218 542 20 614 799 47 550 616 847 151 828 142 395 105 740 913 373 217 156 84 624 350 439 936 403 153 813 49 201 404 191 691 333 296 737 864 266 160 742 853 626 191 420 253 115 562 368 219 48 902 807 762 850 545 742 354 501 637 739 298 697 592 543 626 856 805 927 197 248 427 359 136 543 201 574 276 57 396 721 646 860 484 580 177 840 508 419 466 395 839 17 276 283 877 345 765 811 192 555 448 696 369 870 782 524 404 580 994 645 483 202 928 70 561 993 278 91 706 762 189 249 143 503 784 596 622 294 78 486 138 30 882 703 981 519 546 35 480 162 182 755 206 144 631 58 282 231 823 1 515 114 627 584 252 23 34 46 557 40 986 565 195 558 886 609 121 135 645 281 488 897 513 17 24 955 437 463 37 242 79 526 529 405 506
505
982 631 160 332 589 695 850 561 170 210 197 146 505 844 885 669 216 255 916 964 137 425 298 35 156 600 273 850 254 492 309 387 859 107 670 410 375 535 384 810 666 831 325 705 449 567 135 636 930 15 360 651 467 337 526 673 939 600 172 845 3 234 833 827 121 641 291 935 851 352 612 82 175 511 527 783 493 894 676 395 538 637 893 840 732 141 89 360 678 718 833 703 471 237 763 240 25 700 888 398 59 130 275 219 9 883 125 996 316 752 303 206 908 441 394 720 477 215 264 905 55 180 184 818 588 79 65 194 428 63 936 34 225 853 658 324 900 612 908 244 96 534 943 644 699 425 282 30 291 839 574 615 315 60 500 975 776 465 120 626 675 704 839 287 404 484 329 201 47 518 842 165 328 227 89 787 496 402 332 825 436 313 798 731 453 807 490 960 204 879 890 886 800 252 694 905 841 429 514 43 446 674 561 231 840 343 515 133 814 298 734 837 327 136 8 256 401 677 995 359 777 372 732 368 484 503 995 60 413 677 685 378 543 568 804 665 513 447 316 768 440 369 465 626 338 275 551 289 687 326 531 681 803 666 620 747 338 375 45 158 391 690 985 612 575 124 874 289 261 467 561 385 20 655 248 26 2 550 120 104 618 103 137 150 639 744 857 527 974 600 443 837 175 166 605 547 697 104 293 376 62 789 237 662 704 264 778 216 959 276 862 166 214 310 307 330 484 713 99 532 252 388 144 276 946 976 729 112 825 421 849 256 865 595 941 119 420 473 449 866 734 181 634 988 94 498 773 407 698 80 80 929 728 68 979 728 438 490 236 589 797 486 86 921 529 652 35 867 859 244 47 403 15 404 841 873 917 909 530 190 294 487 237 218 950 610 250 333 306 61 355 429 34 747 488 268 349 101 487 162 624 745 860 435 98 177 92 172 647 77 651 336 880 177 454 124 742 304 426 910 938 962 12 867 361 530 518 957 365 1000 142 389 797 370 938 540 184 53 353 231 428 371 175 458 313 289 263 264 861 837 556 291 47 761 915 774 141 640 609 322 469 766 159 990 327 26 195 183 229 708 106 2 646 106 427 944 600 280 246 695 103 334 814 158 882 143 745 555 360 624 855 685 703 117 244 451 418 437 409 454 757 961 884 299 212
331
720 54 357 434 408 499 910 279 657 647 878 705 495 729 366 685 434 513 784 849 895 963 558 191 212 464 556 742 352 119 217 882 303 570 28 159 945 770 414 975 839 831 548 723 584 617 554 72 1 750 636 478 214 706 941 185 51 100 574 939 590 528 973 975 426 424 538 341 602 916 953 570 684 280 136 206 998 400 200 227 420 380 925 274 338 222 887 476 233 531 940 633 98 540 734 752 269 766 77 5 977 315 847 360 408 100 714 449 791 258 710 262 172 189 613 282 418 749 750 76 553 1 662 472 651 771 906 989 506 528 935 457 763 19 677 75 313 609 110 67 857 113 618 640 707 670 957 290 157 614 880 326 770 262 195 606 307 223 470 734 621 612 447 530 944 550 610 810 360 225 772 314 14 895 70 320 146 356 183 819 718 573 381 772 751 310 947 555 830 649 38 580 882 472 751 357 778 71 828 797 700 878 220 784 524 721 225 713 730 149 948 917 875 152 566 704 198 171 558 62 585 712 24 247 39 608 470 2 106 438 156 958 375 285 400 129 63 433 155 626 871 680 196 922 975 44 354 280 204 484 78 284 83 655 567 468 659 660 493 793 308 330 670 31 540 982 625 800 806 236 169 8 981 440 268 575 519 231 498 252 78 559 473 782 144 825 665 139 521 182 778 974 434 697 281 4 74 226 510 435 257 160 860 430 97 894 847 657 402 209 294 729 353 220 62 559 912 586 252 64 737 977 909 674 906 524 139 851 723 106 189
457
628 631 586 533 362 944 130 11 40 520 841 909 434 884 89 127 557 494 702 173 444 808 212 126 390 288 377 971 327 570 145 231 981 208 39 181 426 440 234 628 183 445 625 213 588 885 231 861 252 360 964 773 905 687 860 711 102 143 1 253 319 940 606 619 788 913 610 239 703 83 947 42 803 219 278 663 805 796 269 242 652 851 709 139 559 962 472 856 388 921 285 319 350 69 403 368 705 70 120 474 360 425 990 593 812 515 608 980 510 665 543 648 696 588 899 832 393 475 352 995 440 671 305 417 951 224 882 957 824 302 332 270 987 719 9 458 144 567 177 193 275 440 809 504 298 219 140 872 137 770 206 262 878 368 312 8 231 63 702 318 553 79 154 933 343 985 403 245 928 100 274 940 48 152 702 464 662 455 462 624 105 627 179 551 197 702 465 943 349 910 638 106 783 898 200 437 725 867 724 770 980 697 761 119 746 115 927 771 429 6 871 576 591 990 463 759 947 80 646 612 318 286 137 155 867 334 148 360 289 320 577 535 127 458 227 664 920 894 753 942 679 269 193 102 255 558 691 651 749 556 732 784 610 749 378 197 485 100 437 246 130 651 33 49 54 632 572 791 823 62 148 997 129 538 134 478 409 331 230 618 330 567 326 477 876 282 270 580 239 638 275 193 673 190 912 561 6 836 405 255 461 251 752 275 664 641 416 537 697 906 492 234 935 930 927 922 309 319 42 186 736 278 209 605 232 482 739 258 601 120 15 571 354 513 718 175 903 877 549 447 188 435 587 953 636 316 988 636 617 578 202 500 540 277 747 318 15 414 593 791 400 184 84 717 153 800 882 103 608 60 72 903 303 653 664 638 127 263 843 315 149 313 825 778 398 994 537 417 606 427 687 484 589 818 481 971 362 430 675 903 172 209 514 614 866 197 918 166 631 358 696 605 247 883 988 852 382 872 338 553 233 326 7 807 811 845 910 789 339 997 906 502 816 897 962 582 951 390 202 751 456 828 345 481 731 560 440 193 111 99 282 541 1000 399 449 704 130
589
871 979 557 363 757 85 772 213 582 748 751 833 332 342 771 956 308 523 622 628 734 953 575 293 911 132 322 482 718 869 456 409 229 423 157 797 674 593 994 3 2 854 845 164 739 845 175 846 164 519 919 462 334 740 783 704 115 893 711 560 935 970 748 837 759 865 691 198 165 399 872 629 257 924 813 49 200 34 476 640 633 279 379 226 908 743 682 775 312 652 207 493 283 789 606 228 921 519 713 696 965 35 137 691 667 828 199 368 671 137 243 554 357 454 313 654 516 539 813 368 427 58 856 199 236 641 777 43 697 396 8 778 118 562 438 886 219 760 972 612 509 553 191 239 558 537 53 907 588 428 883 62 58 211 442 372 352 408 572 336 415 757 268 604 45 224 109 723 764 883 674 251 518 224 127 748 344 688 727 163 776 654 410 828 374 199 986 377 598 914 751 950 901 732 385 934 718 963 986 465 530 623 498 219 350 762 523 189 707 14 779 664 878 829 389 861 421 120 596 878 207 713 949 674 19 682 40 913 901 311 275 629 496 258 179 791 725 468 258 436 722 862 430 443 128 581 762 333 225 921 915 226 819 310 374 59 42 83 909 666 708 223 465 408 924 801 408 342 45 952 38 772 315 351 920 241 841 604 829 375 521 83 408 183 74 771 36 921 792 947 738 667 878 903 272 291 871 142 50 824 315 739 702 225 86 25 450 68 50 136 947 590 69 56 106 940 515 727 410 3 285 963 937 82 944 677 370 265 151 993 399 61 883 881 1 590 124 699 579 548 337 911 516 674 550 888 853 887 390 703 844 88 77 998 370 105 774 303 683 767 49 340 172 306 6 420 708 412 443 598 289 585 77 202 247 986 167 103 785 274 681 982 513 382 626 713 824 473 997 35 39 65 649 853 797 447 313 171 633 55 298 438 870 151 608 722 199 870 367 310 745 326 435 34 580 741 57 744 663 520 764 24 36 62 487 33 98 471 66 306 91 532 551 959 575 530 862 144 977 848 325 679 433 653 379 354 771 4 124 63 362 325 473 316 834 377 148 282 149 279 818 893 481 700 975 445 613 650 80 94 801 810 323 209 437 837 184 247 602 576 795 426 597 24 605 374 375 219 169 470 221 941 549 813 205 769 314 249 397 468 72 521 588 943 785 533 286 448 657 98 228 867 937 776 785 559 795 290 960 663 985 497 243 545 36 267 725 278 328 829 2 729 811 997 158 477 993 252 493 812 115 904 620 444 333 586 601 843 273 389 979 99 113 566 572 599 720 224 341 466 846 796 455 656 31 8 389 976 28 439 935 962 724 198 650 191 315 392 701 245 977 646 899 211 547 123 136 238 444
388
553 794 220 546 519 567 510 573 798 401 471 591 100 439 275 498 772 148 258 666 368 936 519 168 815 410 462 350 7 303 536 609 575 141 408 451 444 403 880 781 575 838 378 786 947 422 276 766 786 915 694 682 197 267 296 198 625 321 635 415 593 269 860 295 83 370 627 7 665 410 616 696 100 678 386 868 938 25 188 158 949 76 70 69 705 391 430 512 348 876 210 472 524 581 285 252 98 707 373 282 426 260 834 79 112 836 60 513 739 377 98 890 807 215 196 316 129 497 544 321 813 176 314 45 128 689 118 932 335 57 377 842 629 771 854 355 735 603 400 879 711 309 290 885 873 878 678 384 803 707 163 41 902 590 404 562 558 504 488 702 266 311 917 132 390 773 282 631 396 532 47 160 653 311 660 286 805 122 308 914 292 749 932 805 136 118 738 724 639 305 630 267 891 685 97 257 948 258 109 473 965 63 864 201 927 676 693 964 960 629 929 575 701 370 154 452 741 526 422 82 685 819 473 614 953 824 802 524 937 910 212 738 201 160 306 350 875 883 422 365 939 51 208 911 875 232 968 555 729 979 1000 21 189 109 63 670 70 985 124 973 663 966 663 618 702 783 357 396 376 132 718 757 400 32 670 622 957 314 719 112 8 544 276 843 185 492 524 605 596 779 629 869 579 222 607 405 324 147 844 65 944 171 952 637 372 8 594 337 326 718 359 579 596 974 466 169 558 868 124 283 704 882 871 796 648 325 361 446 748 933 30 703 294 996 778 580 655 397 908 572 655 349 574 76 437 307 737 360 699 335 234 371 600 246 412 519 59 614 666 407 778 896 394 470 126 603 272 867 70 448 426 559 340 461 884 109 531 864 859 603 472 747 446 117 234 591 258 813
627
937 21 600 679 993 723 207 596 928 786 636 95 709 8 987 89 888 810 303 843 143 199 4 438 714 235 924 554 598 217 753 320 754 111 712 283 525 347 788 243 540 726 779 637 77 252 219 584 577 378 293 175 207 272 606 122 737 748 265 817 84 949 118 600 950 671 366 384 349 269 58 507 317 373 196 937 258 140 540 66 228 545 231 359 764 525 940 586 175 710 641 256 493 393 738 266 76 925 854 332 219 95 298 834 384 749 202 305 958 803 809 205 149 51 974 949 797 546 633 496 412 940 890 590 869 330 577 238 594 486 839 326 719 589 985 278 407 240 568 973 210 719 887 313 261 263 431 361 788 30 19 147 221 125 799 118 869 686 858 413 891 587 922 616 584 802 957 768 571 207 801 472 888 697 62 75 889 425 896 782 811 796 392 108 739 37 338 428 620 868 932 862 138 388 624 692 917 911 108 144 185 582 874 829 246 284 581 362 727 694 232 76 94 652 661 96 284 653 922 701 329 427 328 801 650 844 531 550 938 566 629 879 921 835 255 99 756 445 932 165 647 387 713 27 50 241 106 615 673 216 253 649 652 305 612 122 923 922 240 499 784 462 42 19 486 830 393 40 88 648 181 345 628 498 114 26 314 831 877 956 36 890 94 794 897 971 147 175 137 669 737 283 286 833 513 962 394 225 590 551 949 547 381 972 800 623 289 597 361 641 409 861 841 292 447 562 600 890 261 554 834 114 295 824 746 910 958 930 323 46 841 892 280 791 936 489 709 879 534 916 605 806 347 387 409 422 832 997 487 612 992 305 695 702 395 372 943 693 536 379 955 825 667 597 941 589 379 133 353 810 665 638 949 115 98 973 271 822 577 307 997 999 897 904 384 105 45 585 502 807 922 535 792 381 748 135 627 294 782 144 867 132 597 576 716 640 706 992 246 5 431 445 453 996 329 206 564 796 471 3 103 735 547 466 533 246 227 805 839 752 168 196 198 464 853 203 779 226 261 133 641 357 114 979 736 902 92 977 560 889 858 753 720 88 521 200 114 679 638 485 791 609 172 850 180 669 847 77 508 555 44 582 323 263 816 493 394 186 315 546 796 596 100 794 17 42 948 62 713 586 826 699 224 203 521 139 972 933 773 908 829 257 943 37 457 453 346 962 880 701 927 724 524 87 886 413 244 232 223 469 121 606 152 764 209 194 402 821 262 59 123 994 403 759 821 706 927 980 40 878 598 730 115 791 105 428 258 235 927 199 828 869 369 52 856 570 579 158 761 823 659 707 543 763 104 387 830 522 689 438 112 828 653 838 83 331 192 401 95 179 883 634 376 773 785 542 218 451 921 248 677 486 363 340 638 586 807 512 304 237 991 454 794 620 913 678 169 168 115 815 718 373 339 744 656 878 543 890 594 598 602 486 525 111 104 476 754
737
730 595 887 957 740 888 696 344 328 620 336 113 678 740 959 508 47 737 611 382 9 240 731 552 722 148 596 51 496 966 426 703 892 327 76 253 372 902 503 655 850 577 320 71 965 106 593 86 76 521 807 323 682 690 945 119 596 834 647 977 368 936 215 628 505 230 667 589 861 182 369 964 68 124 128 334 973 545 818 532 607 993 238 397 830 380 64 513 373 9 536 705 806 152 378 580 92 410 236 801 157 471 468 369 854 960 391 222 143 307 561 755 476 434 76 647 436 147 46 229 401 41 344 213 555 876 720 425 638 717 306 193 946 34 35 187 541 217 743 202 666 372 527 543 843 577 273 252 247 364 711 703 319 611 540 921 61 869 229 415 242 405 224 823 384 938 232 62 191 60 868 792 422 829 929 787 495 601 211 28 665 78 507 166 143 628 214 528 161 741 625 221 223 124 651 464 741 973 306 114 729 263 424 940 382 346 756 198 91 647 315 689 589 3 821 756 583 413 478 575 735 595 935 582 886 997 273 775 62 291 428 908 627 782 182 562 806 889 217 71 775 972 982 408 176 981 105 512 95 525 445 947 189 668 559 293 625 262 881 856 159 962 325 326 261 173 739 254 485 921 966 234 16 9 386 36 220 5 444 114 857 870 830 986 787 553 558 253 355 394 623 257 358 243 192 100 823 410 922 619 875 731 116 214 414 818 733 820 923 119 67 908 615 737 550 818 930 940 560 761 743 568 429 958 70 389 147 813 647 739 764 491 988 525 203 83 288 314 232 347 590 748 724 690 19 247 822 334 992 437 534 890 470 256 546 423 687 804 882 468 472 608 521 173 246 36 307 602 192 410 737 837 425 104 991 139 441 90 552 990 75 843 136 146 234 141 161 750 270 905 670 55 448 528 739 531 190 836 707 795 122 702 613 833 946 954 470 863 19 369 161 555 165 806 915 267 147 944 684 67 38 965 443 938 791 385 672 770 315 446 917 211 544 806 725 699 315 254 72 723 769 610 66 605 441 737 268 417 841 570 283 234 961 945 956 884 389 177 964 249 43 601 8 484 240 698 757 110 613 239 529 150 397 688 931 692 744 597 665 260 10 198 374 642 966 558 686 957 25 888 941 820 308 32 774 737 937 157 533 581 771 792 678 960 936 309 485 972 158 856 607 773 120 400 430 741 999 172 242 499 635 980 65 775 82 503 192 955 688 997 328 953 558 678 567 536 445 158 942 805 326 30 47 604 886 95 680 497 53 75 540 202 770 553 190 938 381 149 131 1 300 649 20 119 835 859 597 458 481 602 521 703 399 712 192 813 201 819 314 616 659 734 471 448 659 610 559 637 252 391 205 768 894 431 759 28 592 404 73 780 703 81 19 336 381 602 8 704 694 714 730 946 195 515 162 460 217 719 122 809 231 604 288 937 129 943 755 160 278 711 21 733 604 81 858 991 698 948 75 631 180 258 277 699 913 952 949 458 222 407 882 3 14 486 730 45 889 116 973 772 937 465 918 499 689 186 260 463 608 848 928 457 459 208 659 362 30 635 591 64 400 806 340 149 314 924 719 3 787 956 142 378 162 829 453 398 103 977 635 671 21 449 785 418 927 412 584 796 859 942 251 773 154 955 10 73 218 556 307 30 903 585 763 853 792 663 284 44 409 78 912 402 964 365 40 132 573
603
34 285 497 144 375 926 96 670 830 403 116 499 123 641 971 311 945 637 216 75 607 268 863 149 117 822 680 645 378 438 823 332 348 275 101 809 39 114 256 738 929 829 876 562 279 105 57 339 972 900 468 857 83 668 558 849 48 389 27 47 123 428 863 499 435 318 237 949 179 728 963 525 479 43 117 334 310 49 601 838 780 145 988 14 557 50 800 677 925 296 948 939 372 828 910 358 276 376 387 563 3 827 673 174 412 792 872 752 310 811 791 556 132 249 779 323 456 234 202 104 870 295 588 532 623 86 728 807 850 238 209 874 506 778 133 685 713 506 182 469 497 280 503 966 941 830 720 10 492 21 20 311 449 962 55 948 399 504 29 926 587 396 493 839 712 160 216 412 400 216 472 110 53 595 190 343 640 908 484 603 814 969 474 826 639 171 720 695 661 126 328 512 265 605 523 538 161 187 626 719 305 92 318 304 452 643 510 861 171 470 697 984 108 345 557 520 581 547 148 901 957 155 982 153 494 641 482 996 323 153 655 383 150 821 114 961 890 348 508 79 361 708 271 61 863 191 609 92 926 882 270 849 615 684 457 888 949 160 442 440 966 94 86 82 283 163 438 952 182 219 696 951 228 836 354 504 26 13 259 970 194 711 511 315 577 777 779 584 663 628 315 318 918 568 563 649 226 633 167 414 894 718 256 49 260 797 695 917 303 186 811 207 37 885 309 959 505 833 465 402 89 9 847 425 277 837 720 582 755 536 656 429 832 600 755 66 758 356 408 781 180 737 742 311 802 681 35 219 620 506 225 571 184 267 284 302 258 892 99 473 274 140 419 948 545 159 811 537 862 732 533 56 516 270 324 792 662 670 416 713 802 857 345 315 322 532 378 345 712 959 890 305 192 898 303 759 555 731 150 505 207 959 300 607 961 783 867 357 696 202 445 262 963 729 221 768 856 336 486 948 13 288 703 832 979 235 983 679 181 553 324 37 637 963 153 490 637 814 433 830 703 679 209 755 865 285 641 57 934 668 677 932 409 16 546 368 710 75 243 808 742 549 142 645 260 396 827 322 420 935 766 833 179 176 296 737 384 245 277 621 643 33 625 66 865 982 258 7 101 291 217 58 229 103 900 255 239 455 397 771 496 467 197 233 306 508 21 25 88 177 29 7 770 463 637 544 417 864 465 941 988 79 942 617 573 387 81 22 630 69 960 339 696 624 684 586 902 58 419 271 55 426 930 410 301 904 78 866 321 680 826 395 348 634 711 889 961 154 503 951 948 632 380 487 992 203 815 446 933 813 926 878 520 350 387 835 279 674 93 631 34 301 845 454 671 525 20 376 996 48 758 503 789 887 527 788 746 54 921 555 342 767 28
916
382 995 347 10 831 208 391 716 994 501 140 710 928 227 205 572 340 950 663 92 835 877 681 962 754 480 856 3 594 32 691 128 262 697 159 698 297 228 482 299 560 180 716 877 135 39 422 750 293 111 251 535 257 312 634 536 223 394 6 628 427 850 781 986 54 997 160 82 604 625 2 545 297 776 831 459 962 341 952 941 377 152 96 32 956 857 120 683 484 984 46 398 833 672 476 519 890 481 420 693 166 289 473 675 250 658 254 541 202 290 265 592 949 101 460 308 387 672 193 15 49 94 537 510 837 150 63 377 694 538 255 547 880 927 208 247 128 318 886 439 175 283 467 114 286 437 913 977 375 420 714 707 476 158 961 10 34 66 583 504 535 527 541 185 219 980 532 738 663 419 829 534 614 400 978 798 751 781 288 65 788 747 429 387 218 263 543 241 302 174 285 809 633 574 75 920 143 931 610 297 340 330 61 340 681 780 48 756 860 731 927 900 612 333 729 971 918 434 279 653 42 337 488 389 11 1 661 965 67 127 874 35 881 413 550 362 390 385 221 709 821 258 65 944 715 586 58 571 887 164 864 463 447 374 394 697 132 358 82 44 471 680 576 558 596 485 438 620 895 67 438 613 960 769 30 418 602 278 206 810 964 548 168 275 336 246 531 859 237 195 748 696 474 891 162 826 667 18 768 265 327 389 814 600 414 807 288 29 765 702 701 18 658 412 858 206 15 711 679 352 518 362 455 23 434 318 231 733 454 223 252 947 826 23 723 419 941 822 32 331 349 662 875 525 208 835 706 71 489 949 895 103 913 887 754 985 100 696 876 219 454 523 931 468 944 888 720 726 560 461 129 394 581 277 221 351 541 239 83 447 132 183 101 67 754 136 795 271 388 616 528 679 926 799 981 756 132 817 664 347 98 36 469 560 269 519 931 177 578 573 450 150 396 433 451 914 564 808 187 360 638 519 205 899 438 233 767 713 357 782 662 571 389 277 56 515 888 918 448 293 575 469 542 394 357 881 16 332 81 795 426 212 515 431 478 845 61 2 617 976 726 193 370 883 298 762 179 176 568 117 546 738 568 894 488 620 804 924 779 970 960 80 572 858 578 616 514 724 699 55 606 482 445 512 790 991 879 268 831 56 702 462 152 608 797 319 921 863 180 356 233 176 833 65 243 235 663 843 202 741 108 979 224 443 958 882 889 274 813 264 697 847 580 87 716 969 462 607 195 546 502 568 980 521 734 969 382 373 905 746 963 875 322 527 857 866 963 428 39 245 601 905 150 792 534 629 289 236 326 906 443 111 265 872 579 395 926 39 681 240 923 268 664 515 360 88 727 416 717 336 2 683 40 773 675 439 131 391 545 560 922 341 666 408 305 1 392 381 670 162 799 976 416 832 743 592 87 344 245 733 633 649 597 245 933 223 677 593 438 889 507 531 715 217 732 404 604 359 271 262 525 383 83 853 371 991 788 119 629 474 728 765 400 426 569 848 343 331 93 977 875 985 348 966 200 120 173 394 133 3 134 701 440 832 598 599 768 463 567 412 564 208 562 972 973 527 325 381 126 271 47 891 532 960 70 72 732 284 582 745 771 743 850 264 140 888 325 552 892 779 40 346 142 823 890 107 332 861 41 665 688 108 31 367 419 511 833 514 20 21 192 647 365 33 790 810 369 303 507 244 711 520 120 574 630 571 608 484 966 36 10 49 916 669 69 132 104 290 84 470 955 52 714 27 268 364 881 324 499 425 827 144 97 395 166 21 565 221 805 60 308 352 749 144 571 486 707 196 749 210 976 324 914 580 557 73 120 970 989 265 846 172 180 650 638 155 109 2 10 578 886 902 264 580 466 362 295 849 637 656 620 108 94 486 664 502 189 121 603 436 997 924 504 513 223 683 897 122 630 815 165 947 31 547 414 595 640 365 429 732 60 400 135 703 872 216 537 883 81 607 836 673 567 187 441 233 550 764 942 435 918 553 817 460 621 862 1000 83 504 142 734 964 345 481 724 273 567 823 444 162 131 140 932 787 888 369 789 441 635 108 313 581 860 358 791 172 710 922 793 788 188 291 615 240 652 818
649
632 190 569 332 596 890 659 313 610 263 271 258 970 545 757 868 137 480 565 732 367 46 289 848 538 388 978 107 32 701 134 820 547 380 143 308 760 147 101 235 986 543 908 97 882 480 25 458 182 183 297 94 923 281 16 795 877 288 750 397 817 799 15 320 33 50 710 426 708 330 969 944 129 395 228 889 294 837 401 420 572 305 715 653 211 238 280 393 746 810 388 549 503 255 128 176 66 72 481 154 552 934 434 830 111 203 856 194 669 926 383 589 148 573 871 156 516 434 572 121 190 500 654 322 296 125 858 259 368 780 280 81 572 116 567 330 934 674 581 230 655 735 321 570 188 441 906 918 271 967 287 61 165 753 246 136 9 430 269 340 356 865 243 993 146 447 604 259 240 219 173 666 918 236 201 76 157 170 923 266 950 365 736 76 706 414 30 372 736 413 927 899 323 584 650 530 371 282 539 522 819 931 557 1 9 987 890 68 975 73 241 74 924 522 536 748 527 93 506 523 270 735 350 173 415 485 14 427 394 32 109 219 200 516 939 689 224 213 471 221 471 188 33 235 908 966 818 491 137 655 801 217 127 918 819 45 483 101 114 753 124 820 610 124 36 254 535 225 609 915 39 19 120 603 627 130 481 325 412 691 114 256 746 860 842 906 864 310 593 510 581 785 939 854 500 637 984 34 129 76 909 691 4 762 472 735 956 15 656 637 854 756 89 915 2 509 824 231 321 986 808 815 670 765 350 303 682 775 737 934 402 756 214 696 785 460 795 227 595 980 661 610 80 852 131 879 644 518 629 693 515 820 563 122 61 770 624 905 909 782 764 173 33 288 294 920 506 816 958 524 817 395 356 479 663 86 861 995 733 913 717 396 379 266 526 132 387 478 468 430 236 199 618 959 116 422 736 179 831 739 283 704 262 657 818 182 646 651 105 289 926 763 997 682 817 238 500 326 682 259 792 258 144 28 712 492 757 778 292 94 45 115 300 254 207 527 736 391 382 507 781 37 178 630 895 227 832 252 166 222 331 739 65 1 169 774 661 448 856 435 424 13 375 343 927 457 458 87 579 362 426 517 443 894 950 841 38 267 514 59 858 3 65 874 713 145 756 313 655 145 878 326 935 686 339 429 27 856 186 382 335 64 5 792 866 393 922 328 845 545 263 166 80 857 580 28 355 693 987 976 689 962 928 560 508 109 198 511 175 277 668 432 923 141 376 370 832 56 653 210 501 357 495 921 246 966 789 949 88 259 219 187 993 43 301 116 428 936 147 687 692 726 737 217 987 760 155 57 129 596 10 931 256 968 794 479 213 391 448 291 285 285 525 591 574 68 484 627 665 103 394 46 504 608 790 475 992 804 644 929 540 523 255 465 694 40 794 176 973 93 159 563 684 397 601 859 417 363 664 793 520 38 129 712 337 442 347 142 738 281 268 760 666 836 978 394 669 600 461 600 212 736 122 273 953 714 811 615 202
777
289 625 960 860 908 305 585 404 181 529 589 809 695 320 520 520 917 43 868 63 702 119 363 561 237 505 939 320 488 436 600 310 372 908 87 515 132 896 912 222 501 996 497 500 860 381 807 683 307 835 516 611 544 93 896 901 50 774 554 792 784 11 374 479 857 91 642 129 682 828 175 123 413 158 842 294 340 812 747 480 162 308 629 72 379 97 942 157 501 945 840 654 837 822 160 204 387 130 504 105 682 117 631 796 693 477 840 845 59 487 513 852 502 497 576 319 704 107 530 126 656 129 586 577 472 441 162 152 508 807 936 759 552 360 468 906 348 756 136 46 686 798 567 159 729 786 389 556 661 473 812 566 906 395 963 872 542 78 779 17 998 775 732 226 335 626 882 67 839 819 90 490 890 189 945 60 271 190 88 484 468 509 642 336 410 546 901 416 857 269 306 725 673 328 551 166 830 224 930 862 396 472 308 537 449 512 291 245 752 824 392 389 143 61 252 379 180 867 741 256 681 164 461 820 908 762 892 861 46 859 844 609 843 963 955 912 57 32 338 522 924 633 649 249 399 189 354 592 540 720 931 18 504 930 935 702 7 628 462 615 171 927 827 182 678 21 857 540 404 929 605 37 984 776 991 926 561 113 822 856 436 259 766 223 113 213 581 202 528 835 282 477 68 45 610 218 32 243 80 679 691 540 566 820 234 959 902 732 363 371 151 529 788 824 939 676 23 496 65 202 838 885 471 985 573 642 956 719 552 717 517 593 764 158 429 774 213 207 843 239 810 387 506 326 561 319 910 262 803 373 748 777 297 945 16 664 9 539 637 910 695 33 804 705 519 745 24 269 923 194 466 857 202 174 539 599 463 198 914 924 851 537 327 738 70 681 474 640 936 554 87 596 288 359 213 914 113 831 908 630 899 511 997 877 848 229 837 519 676 514 944 891 412 239 490 965 613 524 450 932 22 363 591 704 196 726 118 355 730 366 485 451 937 314 474 641 517 631 987 838 830 409 251 162 598 436 550 29 639 847 389 877 250 565 356 417 140 91 161 518 107 411 432 746 720 44 554 479 666 304 80 655 46 272 15 72 134 13 152 604 564 495 259 27 897 610 570 29 927 829 84 805 147 626 327 981 379 411 653 558 709 77 2 452 423 11 701 406 122 149 89 831 880 722 759 685 661 775 319 68 486 965 937 657 251 144 666 305 849 485 158 866 819 48 447 458 71 348 601 74 142 376 66 308 104 809 51 93 501 494 618 672 606 385 556 734 404 722 71 744 654 298 693 53 595 65 870 369 872 284 814 752 794 847 309 278 228 343 777 431 280 553 352 54 381 972 160 761 202 707 908 395 208 353 520 715 367 49 371 93 103 727 170 667 811 538 558 183 811 129 560 45 722 391 155 803 499 165 176 767 543 585 829 572 613 194 623 689 831 169 995 597 199 70 735 74 929 463 316 90 330 277 563 288 183 646 644 685 640 789 357 319 236 856 602 964 499 361 558 143 159 351 569 451 751 616 397 638 523 443 115 647 108 382 593 939 941 741 420 900 571 596 434 261 236 611 193 419 311 176 212 69 664 51 290 923 585 965 224 597 538 510 505 479 904 480 709 494 627 403 304 188 895 930 335 61 555 593 784 445 313 852 68 685 969 877 460 339 87 770 505 435 367 838 384 30 609 506 327 572 106 612 657 217 893 321 187 481 394 938 437 811 875 117 908 664 819 622 77 239 138 1000 626 949 110 767 617 460 21 998 509 431 613 392 739 297 783
648
343 325 208 624 556 776 339 469 274 773 31 452 363 676 283 211 815 869 114 506 45 388 997 101 122 823 439 680 585 256 596 104 373 545 236 312 279 291 663 909 598 894 325 697 686 151 973 253 350 964 212 215 17 730 782 997 538 193 756 463 118 730 626 927 699 199 933 548 258 873 93 187 897 423 767 878 676 416 351 142 399 594 399 529 88 199 346 617 913 646 248 664 837 893 430 898 237 998 584 732 478 369 944 981 939 214 625 616 435 874 708 603 433 957 203 434 998 730 429 917 208 679 73 19 681 107 187 251 480 861 28 302 94 684 901 846 432 463 276 687 582 796 498 210 286 961 344 224 547 376 203 209 629 595 6 564 884 422 928 859 558 966 598 182 545 810 43 653 913 465 256 997 421 452 162 857 367 674 571 575 59 734 207 197 45 962 460 125 66 997 726 385 808 801 950 563 894 683 175 543 96 159 194 655 287 873 307 326 99 454 745 993 189 659 872 462 996 250 72 467 238 154 213 970 42 343 750 340 786 770 899 410 486 899 664 496 796 303 863 528 101 160 990 751 23 417 821 536 394 56 923 742 365 209 804 544 72 473 776 566 331 875 511 411 29 575 656 957 760 245 997 75 462 635 835 76 65 538 660 399 106 297 540 455 880 739 146 886 391 425 64 810 600 653 891 877 590 672 468 164 656 497 328 310 253 608 446 878 846 597 356 637 93 307 429 742 692 513 65 285 825 2 734 171 434 452 714 233 513 984 879 538 341 941 494 765 626 803 541 641 77 437 106 10 416 245 523 402 893 538 287 247 818 679 655 213 597 710 465 958 303 54 903 468 107 354 813 739 875 838 937 111 916 948 482 367 774 267 280 363 948 954 792 266 868 234 469 922 741 801 127 603 641 180 992 897 302 396 168 914 948 721 876 668 456 511 40 719 648 903 818 854 244 118 674 987 774 441 776 455 65 724 144 304 932 987 843 580 409 928 89 74 195 193 989 110 681 693 15 196 882 827 452 351 976 642 879 629 950 839 505 865 476 217 393 734 693 297 297 298 533 373 765 406 199 704 690 468 964 218 983 98 537 85 133 469 506 288 762 937 420 530 743 687 230 495 571 897 286 975 444 663 842 246 291 294 294 265 913 579 26 839 395 103 661 446 265 378 786 604 976 690 638 976 830 559 69 936 897 909 117 155 702 55 263 721 250 370 654 181 629 318 834 499 909 984 98 728 534 437 972 963 412 785 839 668 194 806 92 134 478 519 230 974 40 691 80 165 606 981 789 190 203 790 493 854 945 664 450 485 117 839 834 892 90 587 86 882 847 446 15 252 664 532 961 74 759 317 979 175 8 299 326 906 630 226 611 662 696 398 481 347 956 643 458 563 636 474 581 748 398 81 841 820 664 320 128 527 209 321 759 480 668 201 495 655 97 511 334 819 562 167 364 29 364 240 545 910 937 909 166 113 478 407 678 365 473 98
513
192 681 138 279 877 564 353 674 759 750 430 81 714 658 638 681 567 343 971 921 632 718 322 905 153 131 528 420 189 218 414 519 485 667 994 278 379 605 182 407 225 416 105 598 160 654 68 116 263 639 487 569 650 446 591 185 199 705 415 959 207 491 695 251 58 367 633 560 820 593 343 49 719 634 27 737 260 571 10 728 737 870 954 230 161 962 183 452 958 681 944 322 283 827 394 190 970 584 228 723 130 518 653 260 274 385 395 525 560 478 917 6 215 284 285 607 256 482 242 390 725 979 931 1000 34 445 307 605 335 231 167 596 384 611 189 415 544 259 991 471 761 558 274 471 433 610 99 539 65 191 824 463 485 924 406 568 383 597 650 457 462 250 139 801 379 178 447 591 934 236 280 590 111 509 606 675 516 587 308 185 401 268 783 362 529 731 168 936 607 758 227 838 618 856 887 613 618 435 554 741 751 410 524 269 413 969 510 859 141 208 315 422 435 98 468 198 876 427 231 810 661 581 620 79 57 278 43 435 994 341 859 119 820 938 961 264 626 979 865 915 12 167 869 689 133 174 151 207 729 51 870 279 401 149 81 228 199 823 665 567 188 13 916 700 926 599 112 898 935 802 839 227 361 430 525 829 366 124 259 664 792 260 485 512 943 33 883 688 897 880 24 388 422 610 965 236 685 730 60 533 753 8 654 911 452 71 345 18 750 915 321 6 561 493 157 68 306 557 23 798 809 55 829 677 15 857 554 212 363 268 120 200 550 679 952 325 668 957 25 520 297 728 923 668 5 128 659 915 965 309 874 503 253 595 268 747 768 370 198 257 618 818 207 838 987 481 12 460 181 312 424 629 805 647 655 989 954 568 49 245 607 462 793 740 767 811 173 897 801 564 480 894 403 609 646 239 842 988 809 382 639 720 591 631 448 582 122 553 881 320 851 294 51 914 433 955 234 118 313 774 962 584 939 103 464 463 797 23 912 31 944 452 791 820 231 411 215 387 979 725 455 440 504 717 490 500 270 894 602 180 291 337 813 254 824 547 724 339 920 927 543 681 344 903 397 128 655 210 771 784 193 139 186 41 853 204 409 985 128 250 154 92 268 445 212 850 1 644 681 722 804 66 134 415 740 827 433 910 952 813 734 940 678 180 256 688 438 505 454 645 527 794 33
260
626 435 542 953 775 75 555 406 170 665 62 139 307 915 330 809 339 145 835 338 18 942 748 157 620 146 813 725 730 188 412 256 94 485 892 729 131 706 899 197 780 994 973 743 187 579 661 77 134 586 50 490 57 365 713 555 400 139 208 216 213 651 810 302 490 297 431 337 193 860 863 344 967 471 411 681 433 602 428 578 286 620 983 477 239 67 540 701 156 639 445 323 486 766 46 742 37 226 357 864 336 171 793 401 496 278 906 877 871 121 484 998 624 800 664 469 808 195 177 894 923 559 995 782 269 203 629 536 282 53 979 936 111 486 693 130 131 155 233 546 791 241 174 542 721 339 34 454 156 391 28 339 432 888 420 175 818 20 843 840 872 280 477 598 462 782 861 89 809 596 300 174 212 260 731 296 554 858 622 872 821 641 157 632 280 59 772 70 563 166 817 842 8 955 293 895 627 273 514 122 40 658 48 672 507 743 966 874 987 428 301 870 987 355 363 661 683 897 260 301 54 777 408 703 799 936 41 459 63 195 665 137 723 78 646 122 845 683 845 761 800 887 851 923 583 967 319 997 639 260 447 65 107 231 648 5 250 224 541 528
370
477 757 563 181 798 24 960 208 934 252 409 567 992 43 498 126 44 493 906 838 657 759 528 731 393 129 310 515 622 916 457 297 66 542 300 594 667 464 417 594 87 780 437 377 45 777 510 270 858 615 326 849 368 208 527 667 408 183 302 132 71 653 177 423 123 656 92 672 122 216 732 411 288 564 549 680 942 107 10 747 405 393 168 782 701 275 926 370 806 916 301 499 141 942 381 909 736 437 899 368 12 749 291 711 34 764 948 113 743 319 476 881 981 264 738 159 640 357 171 628 641 296 632 779 68 637 550 959 567 729 583 967 725 352 140 544 532 711 109 281 359 551 658 789 159 254 99 144 834 785 238 722 937 130 165 961 914 476 341 233 15 149 870 166 386 728 185 111 501 190 647 194 514 376 411 94 133 880 675 3 755 758 105 289 697 926 913 430 87 594 440 846 652 21 947 951 216 607 686 442 906 414 711 301 736 886 685 82 791 724 755 911 523 547 906 823 284 993 708 959 950 104 847 117 694 307 38 776 166 13 44 222 19 751 833 827 972 769 881 199 149 789 906 905 587 109 287 953 927 737 16 851 114 985 552 684 44 715 587 574 248 190 764 472 79 295 981 495 828 224 409 452 41 812 218 54 54 186 615 137 153 382 343 351 796 944 590 139 196 945 944 410 925 269 134 782 612 692 524 950 557 908 688 736 293 766 50 228 553 676 608 902 819 940 830 293 375 4 330 670 278 569 519 914 645 511 387 978 900 240 276 620 244 753 946 443 225 387 253 518 228 128 254 855 367 122 39 746 212 592 115 382 276 404 12 217 702 611 929 567 67 509 914 354 367 145 868 15 677 107
483
699 713 829 345 57 645 817 574 234 263 559 797 285 68 316 794 972 855 280 332 284 174 762 434 672 856 780 138 147 862 687 843 524 589 318 336 37 808 642 474 476 202 146 659 689 479 493 595 46 725 206 335 128 893 418 319 499 45 945 396 806 908 173 765 733 732 993 69 375 291 125 365 220 174 969 31 233 130 394 453 692 146 115 709 713 586 309 940 5 80 577 51 806 221 513 454 451 198 360 528 117 682 140 594 364 84 657 852 723 679 428 593 945 347 222 139 932 562 217 331 826 884 435 876 916 507 607 406 545 210 989 118 476 188 649 809 164 872 365 853 846 92 874 628 904 334 925 929 111 305 639 431 342 859 626 552 771 119 273 836 884 511 665 378 249 861 846 207 405 280 800 358 196 775 822 720 719 409 78 281 946 535 995 937 363 305 922 177 968 156 482 406 385 391 158 89 863 997 459 793 492 628 25 571 338 493 715 681 793 712 432 29 120 328 256 120 512 277 969 381 403 676 895 546 989 649 778 266 582 772 856 91 322 402 503 749 730 494 875 6 703 665 282 754 309 438 931 666 947 537 841 939 557 879 592 570 36 915 177 172 55 185 104 493 772 154 829 221 242 263 955 365 553 540 289 540 816 136 712 319 485 536 532 955 366 766 370 351 878 519 925 918 85 879 910 685 398 234 652 622 224 357 829 532 792 284 491 770 234 873 827 470 299 916 769 241 66 547 82 718 514 450 670 111 684 993 914 160 472 995 303 310 11 277 825 61 646 420 903 349 378 891 56 748 178 110 581 323 930 5 367 999 431 595 671 641 461 248 703 478 262 263 687 845 943 10 568 397 987 383 795 69 961 195 16 211 669 119 152 932 767 705 458 970 410 87 16 401 540 598 538 64 116 570 205 790 128 204 109 692 163 811 643 931 727 358 355 162 870 145 602 542 803 963 172 843 819 251 596 565 718 855 855 304 1 379 278 673 892 488 136 580 140 136 218 204 295 822 66 534 479 456 962 422 660 225 351 225 302 422 430 188 119 868 319 440 609 143 303 168 383 76 497 335 836 636 191 397 937 889 561 155 975 323 250 686 583 926 289 288 234 324 432
747
106 736 817 908 370 564 942 771 855 933 394 415 934 581 488 969 592 173 916 355 151 581 648 61 656 874 221 240 465 88 542 143 887 125 476 397 958 340 463 8 735 199 492 537 67 616 846 594 403 139 757 608 508 459 332 581 780 797 438 360 643 653 295 245 714 437 207 122 238 240 745 754 280 286 223 685 974 11 206 805 594 595 867 543 893 180 892 685 505 581 830 660 81 574 937 838 201 32 989 105 429 367 629 151 835 103 630 950 848 401 358 397 9 370 859 799 360 140 7 787 851 235 335 447 324 208 138 885 926 394 718 638 833 598 968 84 99 883 380 3 487 923 510 559 481 215 935 767 412 869 900 798 554 639 26 380 563 646 147 219 966 574 748 642 996 675 489 477 671 292 970 165 856 972 120 358 931 166 979 657 58 283 520 825 365 459 335 469 678 473 618 630 319 818 198 906 997 322 755 880 128 803 44 917 406 546 42 297 703 48 691 532 293 487 909 56 961 667 499 419 93 312 307 954 957 839 202 544 557 19 143 24 797 180 994 137 399 399 620 823 516 317 945 666 692 265 235 567 747 812 737 937 592 352 880 418 794 827 120 301 694 451 306 576 374 900 564 733 36 525 860 97 430 486 459 93 430 116 682 835 559 776 931 956 465 657 320 34 744 847 580 110 912 743 855 346 981 748 761 125 962 403 511 617 573 463 413 194 727 728 136 3 61 661 644 282 157 944 609 787 551 857 25 142 57 960 571 488 111 565 269 255 554 878 261 734 714 501 469 439 525 459 695 926 721 875 852 927 516 726 284 777 405 864 882 930 239 874 97 726 99 443 738 364 81 227 418 447 580 144 388 663 676 338 14 123 850 157 528 882 170 488 831 161 819 841 548 745 400 998 634 294 277 79 639 14 717 341 42 362 372 409 766 125 162 322 763 983 724 635 892 199 214 968 894 470 377 738 692 797 386 853 591 577 877 717 509 144 898 470 803 779 203 149 703 406 387 80 647 235 6 654 449 82 995 509 168 14 112 570 894 93 601 673 121 510 964 473 891 652 288 700 415 738 766 955 187 906 5 418 368 618 539 666 981 712 360 239 119 624 423 113 110 547 475 291 778 688 676 911 447 519 107 149 78 823 580 43 551 929 490 716 254 300 289 429 500 440 376 326 565 347 494 258 966 95 755 592 62 542 765 471 94 413 664 356 181 979 363 507 46 361 810 328 868 647 673 756 662 982 799 412 535 560 231 85 29 300 275 638 787 922 937 877 942 752 579 774 274 50 621 155 893 635 34 247 467 881 508 810 336 377 406 46 704 371 819 772 379 38 664 562 919 602 253 139 118 205 401 687 689 4 214 658 211 417 598 72 656 489 447 520 508 925 885 764 578 138 160 47 163 995 993 821 207 245 724 28 555 329 901 825 964 279 559 661 889 51 115 732 166 982 357 111 715 496 57 43 695 443 72 608 145 419 319 210 559 710 522 459 1 702 324 779 912 578 149 836 139 948 422 341 611 925 585 924 985 42 132 240 935 515 217 672 237 48 982 895 708 516 869 360 925 126 817 276 309 42 664 21 71 592 526 655 898 477 738 287 193 620 756 364 590 469 106 30 463 471 202 131 566 135 445 373 96 175 971 204 851 773 25 250 348 412 413 20 175 956 697 783 53 710 767 133 394 377 953 68 412 276 482 490 764 535 472 373 920
350
61 554 64 185 365 782 823 848 852 537 557 713 161 89 87 424 629 712 763 402 405 945 372 640 643 80 974 595 468 288 695 763 928 128 497 226 593 188 519 615 440 77 618 543 718 496 851 158 127 327 240 861 864 856 235 47 547 795 88 730 471 351 730 588 583 40 552 438 440 560 402 144 846 358 741 776 2 494 27 903 590 567 160 500 253 997 967 395 275 16 381 611 933 1000 178 850 303 474 748 158 857 324 156 98 473 529 457 349 864 339 680 540 624 60 726 917 592 952 117 960 391 333 447 512 771 858 97 318 117 981 103 80 17 658 324 439 140 646 981 379 763 234 525 22 76 973 104 355 69 927 791 510 392 84 20 906 700 771 425 376 649 702 631 827 211 22 380 127 207 547 655 72 907 955 688 969 955 420 150 891 713 328 961 497 722 821 371 648 433 370 157 652 145 420 656 52 750 377 725 46 869 181 651 786 822 832 802 33 734 773 351 198 84 146 967 284 280 623 932 14 793 762 458 970 838 656 376 54 378 742 931 44 973 716 217 304 532 491 241 525 534 606 469 417 905 351 336 812 454 741 135 556 830 749 465 884 834 148 61 348 958 272 989 878 576 486 910 880 588 707 270 301 142 771 16 326 375 684 274 797 263 45 194 502 198 598 86 750 453 415 761 789 873 530 526 934 425 861 890 731 932 973 452 575 545 445 223 478 356 281 296 541 955 333 973 630 774 951 283 473 855 832 736 179 435 882 492 292 736 14 263 989 699 24 235 331 270 422 271 424 913 65 570 308 859 87 439 893 195 592
340
764 728 551 869 478 405 381 38 44 692 565 436 790 709 754 509 501 337 847 590 837 956 614 993 426 143 222 512 665 805 456 497 747 483 17 401 956 11 374 892 604 132 27 29 362 148 106 477 941 922 948 938 510 525 803 512 258 347 753 795 921 365 339 181 993 448 932 857 446 168 982 1000 683 835 654 751 150 373 516 235 906 73 756 185 537 101 73 930 284 249 484 823 446 969 932 313 340 214 202 70 304 97 719 151 372 479 906 506 24 553 419 613 335 315 40 693 914 747 90 406 315 360 15 280 313 734 698 378 575 57 527 434 213 414 590 639 106 408 863 371 128 563 853 291 2 443 447 800 616 32 63 698 673 523 998 548 553 615 510 522 163 309 384 74 948 793 207 293 926 719 662 141 308 374 627 560 397 16 570 29 363 404 992 166 283 370 749 547 155 907 244 536 229 998 413 335 998 269 694 290 667 933 979 344 205 752 363 351 783 551 681 480 641 291 763 974 840 674 657 361 149 437 350 359 341 353 316 820 514 899 950 243 175 470 245 865 661 788 195 572 344 165 265 215 103 546 595 339 873 561 612 886 632 484 145 244 78 277 784 388 68 802 216 120 327 830 785 785 886 476 791 723 918 867 353 838 854 812 869 641 485 518 614 544 39 251 560 580 950 195 243 362 166 868 474 2 516 768 13 734 703 87 523 578 650 793 813 600 252 346 340 429 578 176 163 27 498 163 650 277 505 464 927 43 42 673 22 496 812 877 547 928 824 742 400 681 690 914 953 749
887
990 633 455 860 593 380 476 133 374 979 569 477 704 792 931 704 25 292 121 6 773 55 494 966 543 598 825 304 829 228 733 744 50 561 616 629 909 620 255 242 662 702 521 911 320 775 352 836 596 396 229 24 919 78 310 766 729 9 783 603 144 203 397 842 638 414 457 429 353 977 893 4 830 389 84 648 912 298 975 849 772 180 992 165 612 337 553 518 842 994 154 654 385 394 497 616 974 547 263 803 97 360 436 846 440 796 544 840 386 609 793 956 117 433 942 43 706 841 647 664 345 348 601 836 402 524 88 941 236 943 355 116 352 288 457 464 74 974 198 821 503 819 987 79 265 415 912 714 209 688 300 25 528 195 959 37 833 51 128 748 22 336 962 134 343 229 298 21 707 302 124 853 720 998 378 575 902 30 462 169 374 678 314 595 208 948 916 84 345 307 929 3 660 333 627 568 216 771 839 303 559 402 764 957 163 254 303 396 208 210 374 72 1000 891 356 151 245 933 710 310 929 946 519 650 966 32 372 780 540 608 457 595 86 596 50 69 489 73 379 407 226 758 367 467 233 480 364 180 884 665 347 212 297 960 449 233 502 846 976 822 843 627 325 449 795 651 186 356 755 465 726 592 237 432 40 186 360 590 446 249 591 241 848 899 397 877 620 822 587 236 195 153 89 30 272 208 109 517 224 667 265 108 938 272 180 573 857 376 719 277 923 987 215 73 978 957 498 645 284 25 853 808 540 788 684 949 458 338 372 299 125 41 384 481 86 970 644 468 533 381 561 164 5 772 323 799 860 650 980 840 368 493 221 114 73 911 72 944 359 959 383 704 553 360 552 753 562 123 654 746 761 963 141 423 910 107 655 955 613 577 433 307 733 988 264 101 758 986 529 596 480 902 991 383 154 65 912 398 520 237 823 921 729 609 692 92 391 797 612 41 924 996 141 441 517 923 722 105 143 356 815 588 251 529 255 45 64 568 138 875 505 796 726 664 89 682 261 62 538 564 1 355 860 545 771 204 628 359 520 16 504 75 63 196 329 143 729 696 471 331 744 758 503 967 428 150 877 585 863 820 549 640 110 768 329 221 515 27 413 752 344 232 978 74 678 777 961 680 368 759 666 642 357 414 4 101 384 185 522 383 216 232 807 937 391 997 259 324 851 547 572 552 550 235 593 757 866 676 90 104 422 755 445 649 667 771 782 492 653 356 603 661 333 721 458 613 405 362 387 414 562 480 514 292 56 762 348 354 212 481 389 823 438 17 946 449 490 914 255 45 199 806 581 553 345 613 838 481 12 357 865 194 936 41 481 375 453 776 660 466 854 598 485 291 466 915 56 828 765 440 68 572 153 122 681 251 392 79 710 722 309 727 756 528 94 742 222 87 556 516 316 419 773 152 43 726 687 712 621 45 51 526 779 29 193 937 134 22 264 695 595 863 890 271 666 873 845 700 109 391 914 778 349 809 580 775 505 496 443 654 95 98 164 815 669 412 431 204 734 355 733 546 552 562 230 772 254 538 574 580 766 278 837 3 350 762 290 520 590 684 681 369 442 725 971 97 900 729 83 396 677 212 664 492 179 766 823 440 673 356 644 746 931 329 793 306 412 242 452 859 373 709 895 132 933 191 215 558 834 705 973 973 944 995 749 131 861 718 686 42 736 180 554 810 872 440 571 780 118 934 407 369 469 976 873 2 993 428 226 898 377 472 140 808 257 48 993 230 247 739 445 549 813 703 685 967 48 927 188 967 263 385 963 479 992 898 621 333 139 854 90 234 644 124 921 379 239 823 839 778 633 114 691 301 892 934 186 409 754 803 998 142 382 7 610 143 25 924 603 88 552 341 549 27 592 659 367 589 821 933 551 883 787 856 481 957 494 438 474 655 246 691 974 514 952 41 340 644 926 762 380 927 334 525 680 407 580 503 150 541 300 948 584 807 101 708 233 962 569 726 748 136 802 919 529 841 804 88 370 720 833 757 654 15 239 177 658 391 527 563 18 125 96 586 668 359 587
601
180 507 410 302 388 34 186 312 993 5 374 139 872 451 162 302 988 291 399 382 816 961 599 106 568 406 336 781 812 987 195 325 755 390 357 703 16 255 626 255 814 69 955 558 230 986 163 173 956 490 269 291 296 804 221 280 268 631 323 833 735 938 130 629 442 561 102 208 929 935 98 760 403 240 414 252 502 763 765 389 653 577 475 950 291 203 573 968 632 867 380 554 932 506 184 503 508 318 766 76 153 41 826 205 392 310 568 116 219 584 634 694 3 1000 309 560 871 590 843 493 102 5 455 822 913 533 311 655 704 709 730 544 860 677 95 508 343 339 262 165 443 632 730 615 101 336 297 569 697 384 420 957 649 210 412 617 971 933 466 40 146 244 987 526 368 832 555 905 26 130 118 84 93 373 749 460 862 301 989 499 356 497 124 97 910 377 438 778 157 441 716 718 152 550 212 165 872 281 836 19 789 667 383 576 673 734 945 397 652 937 100 864 617 161 2 272 179 61 36 742 467 78 90 454 665 662 713 700 875 460 782 987 108 445 756 136 65 65 101 204 771 687 172 448 705 532 312 616 698 192 446 483 805 719 316 296 395 799 859 828 273 960 688 859 709 726 876 915 348 206 873 85 630 670 380 823 750 405 271 414 670 800 167 877 115 415 735 799 253 437 587 931 154 986 896 917 525 881 721 4 771 623 838 652 549 293 506 140 516 788 810 263 550 788 6 644 20 715 568 367 715 560 147 570 162 913 457 379 509 845 61 885 847 230 597 40 1 244 161 348 37 834 333 257 584 384 554 959 941 252 838 120 302 154 894 682 657 612 560 939 123 452 404 9 790 334 481 997 481 990 512 916 774 736 231 93 362 547 809 235 517 805 514 563 417 943 879 784 491 713 202 210 676 672 759 579 527 45 301 152 48 165 54 383 370 342 219 184 172 460 538 713 158 390 28 160 379 149 937 785 789 598 299 777 6 751 194 999 215 451 553 840 904 868 133 669 759 823 670 600 614 65 257 972 927 786 949 599 242 869 879 618 116 254 947 99 904 447 219 748 561 365 407 476 604 493 593 619 350 236 388 469 804 426 780 82 495 839 891 836 219 730 482 980 265 522 576 105 794 784 244 77 357 989 746 862 114 654 884 316 765 793 243 846 679 297 702 383 147 965 538 958 148 1 145 530 511 155 383 439 797 854 758 246 120 926 777 185 626 36 132 426 326 800 902 476 857 374 775 85 271 321 295 369 196 737 23 397 283 86 756 44 202 56 462 4 730 101 492 49 26 560 572 387 249 176 768 167 874 667 728 265 128 422 669 518 350 354 569 456 924 702 584 464 117 131 492 463 645 769 471 211 204 82 424 424 231 119 769 286 720
756
117 662 131 614 68 951 970 459 520 243 839 437 815 222 263 716 971 977 78 359 341 945 532 961 785 994 164 800 694 18 6 463 732 427 530 668 269 275 998 757 561 879 236 489 238 891 261 872 595 438 143 203 880 639 145 369 132 572 31 509 378 295 878 131 462 548 455 452 928 71 438 455 615 931 667 146 132 763 512 978 32 267 825 982 578 124 299 774 411 913 43 938 273 710 635 591 408 220 912 477 217 715 290 437 904 91 593 652 95 594 420 314 594 737 770 745 361 66 475 76 340 590 367 9 443 680 300 432 309 495 434 764 112 281 904 240 793 204 579 166 312 649 136 392 586 6 141 329 352 50 52 822 120 982 98 17 731 525 355 34 339 226 263 418 29 919 322 823 131 514 15 193 532 976 983 910 510 214 316 617 894 218 944 635 197 729 47 221 993 740 610 179 335 595 395 131 444 979 299 348 66 714 105 731 248 680 838 132 871 944 174 417 233 378 798 931 68 4 112 579 267 78 207 78 673 63 910 338 532 655 389 763 244 668 858 363 840 7 547 695 24 178 980 164 225 275 549 290 271 259 763 481 760 548 489 125 362 962 680 156 156 773 888 841 756 678 207 214 985 360 132 494 240 169 250 141 404 906 619 29 630 991 287 691 543 829 211 574 473 264 984 304 992 154 707 572 515 270 245 39 731 217 396 368 692 401 352 655 553 844 332 42 832 418 543 992 284 372 80 543 128 853 171 163 707 223 794 245 533 886 572 620 8 545 609 25 906 341 930 945 333 344 690 394 451 342 148 338 955 499 850 862 452 697 877 387 865 951 236 232 160 172 775 334 709 515 876 892 71 217 171 971 79 189 416 984 229 252 1000 341 868 235 236 137 672 153 290 191 918 701 598 873 625 123 822 747 643 121 739 310 780 145 401 864 49 260 970 405 438 581 673 474 756 102 46 711 874 259 466 583 730 71 309 495 664 725 16 629 686 965 324 305 400 275 21 659 854 434 656 166 482 387 506 741 679 824 133 650 581 652 703 946 600 738 637 992 916 175 96 456 262 462 558 641 602 838 560 827 3 350 686 580 583 539 762 813 893 850 477 829 810 402 536 405 180 519 642 462 806 504 173 99 836 431 895 774 464 230 233 419 605 880 344 20 333 333 422 429 428 9 178 467 802 624 12 843 152 808 254 142 170 223 303 650 297 156 857 24 638 859 367 296 278 880 30 460 144 465 777 427 650 541 91 878 771 342 986 486 404 289 811 600 35 960 454 858 991 220 340 154 146 64 69 448 196 830 750 651 223 269 777 143 149 320 295 302 30 352 874 4 889 115 451 476 965 103 983 487 727 506 730 288 819 94 937 495 271 975 835 955 692 528 76 921 547 546 101 640 3 994 614 307 462 455 35 883 176 963 315 676 996 980 90 535 149 196 618 453 18 762 754 765 718 538 54 4 731 593 772 197 234 411 811 177 49 736 557 68 303 36 903 788 529 259 433 745 807 618 307 142 894 784 98 634 995 569 910 618 491 575 776 630 970 932 368 654 434 297 596 11 851 626 878 512 782 561 678 213 215 469 665 622 558 430 592 334 908 862 472 908 751 75 624 501 138 148 677 640 909 307 267 960 545 98 26 487 930 765 182 167 295 610 489 40 48 975 498 939 742 546 198 728 562 810 347 962 442 446 470 423 416 386 981 363 917 323 585 360 130 34 973 282 234 223 455 758
323
381 68 200 844 641 607 401 862 212 920 693 341 59 506 41 580 676 613 510 70 474 516 393 118 311 63 174 166 22 84 377 195 134 450 434 830 565 55 621 826 989 589 599 569 883 220 991 244 797 131 683 215 595 269 658 765 995 534 373 664 992 639 848 227 311 378 763 954 780 259 795 160 687 299 339 941 359 162 770 454 873 12 799 412 275 252 371 715 654 827 985 720 932 986 528 47 269 582 295 979 752 760 426 338 229 571 138 714 894 881 621 961 441 750 778 920 160 917 764 972 630 416 874 897 10 931 230 831 70 417 576 19 217 600 901 578 763 781 822 729 24 401 891 791 840 966 475 64 348 488 16 946 315 470 313 590 856 904 925 172 778 264 366 607 373 241 463 82 476 393 407 393 769 400 49 686 517 798 251 952 270 82 306 329 157 155 391 419 954 800 59 170 575 74 946 51 550 548 762 34 517 876 91 384 66 161 608 991 599 804 199 992 134 428 724 323 281 708 174 239 766 787 701 102 587 639 690 205 918 233 72 211 597 28 985 419 451 132 678 133 185 966 794 389 982 270 33 126 242 886 559 601 992 108 940 936 672 124 312 156 147 142 347 584 338 996 261 548 995 894 400 6 699 261 308 681 661 388 804 209 293 886 857 816 57 591 65 745 252 382 924 511 699 224 963 665 873 146 13 162 312 669 580 200 775 574 684 620 670 694 104 968 751 384 986 832 797 172 303 959 767 931 323
234
396 124 75 509 856 802 873 138 508 637 661 954 921 518 311 596 342 466 245 114 875 844 429 361 523 761 481 320 837 212 870 894 129 2 901 358 796 792 90 865 183 873 489 536 174 765 544 679 391 828 657 696 169 948 222 661 900 844 645 609 948 639 694 698 533 994 93 886 365 235 246 795 596 452 165 988 174 291 824 314 410 263 207 197 701 421 260 563 840 683 489 947 379 506 157 965 775 439 351 359 650 961 487 861 272 142 979 963 513 160 889 29 546 578 423 104 842 268 70 105 218 749 47 762 809 13 978 168 915 140 889 709 454 119 874 944 947 568 915 976 274 58 182 325 505 549 890 199 932 426 935 205 833 700 80 443 244 841 567 13 993 106 345 152 846 301 187 655 789 994 600 253 58 383 350 149 90 466 877 361 179 821 371 783 158 253 798 852 50 451 424 431 898 182 761 49 620 504 348 868 883 454 730 646 21 365 156 857 731 447 151 846 975 596 941 50 804 941 34 864 171 81 657 566 930 764 480 565 772 446 870 487 539 597
681
998 177 641 759 962 926 436 966 861 660 549 340 923 453 255 607 624 577 545 664 981 378 990 37 402 663 357 760 554 977 536 4 13 72 253 75 160 718 773 933 459 187 194 598 516 942 895 524 963 390 70 569 15 536 227 778 194 389 10 588 748 619 97 161 526 565 824 32 471 430 815 190 244 162 241 527 433 36 882 114 636 127 637 484 272 165 64 770 466 638 489 188 36 763 927 854 168 608 489 354 385 35 758 640 43 527 670 591 231 215 307 725 952 53 740 987 213 995 664 173 631 669 592 832 781 652 780 335 57 506 373 577 576 994 412 427 535 810 438 195 735 671 70 698 655 927 70 122 854 416 667 148 793 382 903 214 511 441 158 253 722 228 968 529 29 658 334 267 845 344 413 485 622 184 468 761 140 697 621 437 713 480 173 331 615 949 151 695 506 636 201 384 523 888 517 191 801 868 553 404 194 504 96 232 725 621 296 18 60 780 184 918 394 619 997 97 166 101 156 464 787 194 500 333 447 593 963 289 390 351 648 822 190 882 803 437 175 656 851 359 778 796 531 741 118 667 394 678 752 518 951 277 706 770 138 30 83 169 902 242 396 635 396 24 729 810 410 919 731 338 183 301 718 42 812 559 589 315 813 640 33 265 732 50 985 187 83 268 202 807 795 672 381 219 608 368 904 960 182 210 14 360 835 362 384 999 442 819 59 665 133 379 630 378 713 834 251 455 739 612 313 638 83 867 453 118 39 223 989 949 53 856 335 723 457 49 574 667 576 537 517 864 709 622 842 692 798 196 677 123 754 789 8 1 597 438 413 799 922 279 295 644 97 959 830 176 792 655 424 460 317 124 13 877 688 134 301 3 930 152 438 373 163 766 748 898 505 743 105 772 616 457 953 799 183 837 677 77 233 495 433 471 15 739 285 339 475 115 482 154 561 53 685 231 812 974 505 20 707 81 616 524 262 186 562 596 822 806 627 931 780 571 875 757 731 193 740 806 350 530 107 486 329 541 546 38 4 896 187 435 856 936 153 395 960 397 384 297 707 897 60 384 689 328 267 572 484 133 398 831 114 287 462 63 489 473 85 542 55 815 568 441 81 558 598 668 364 443 768 733 127 643 865 616 73 924 19 11 493 36 896 675 196 662 886 552 237 971 47 610 410 66 311 261 238 722 520 709 306 874 633 676 174 390 12 805 652 998 699 472 328 430 864 348 769 524 601 221 667 683 695 635 430 228 446 160 264 470 969 187 983 467 792 865 320 990 56 913 806 890 309 915 354 355 569 305 959 744 301 743 150 70 974 671 750 77 593 434 30 565 371 654 724 314 789 729 607 849 467 235 39 844 926 152 412 776 447 505 94 208 887 224 824 988 990 52 179 582 420 744 297 732 831 904 181 939 332 648 723 29 87 919 944 52 300 688 318 672 715 756 90 543 511 998 991 936 471 298 643 126 155 444 651 702 770 808 593 511 197 320 564 359 428 653 246 341 326 727 381 982 361 734 470 284 161 228 839 527 263 630 652 939 245 744 964 156 73 636 756 391 607
779
619 523 698 26 544 650 327 809 412 683 338 697 318 187 905 136 2 447 456 692 796 154 954 560 78 801 769 934 374 291 11 217 98 884 52 706 57 237 938 6 330 111 198 211 446 480 398 360 884 681 715 677 528 556 113 457 513 340 1 512 94 500 973 638 267 549 472 634 986 997 341 113 263 112 649 593 477 320 662 946 188 249 680 266 52 266 575 363 712 999 687 762 171 20 573 586 32 145 799 284 965 17 414 784 596 748 593 686 488 629 866 357 283 493 983 259 203 561 704 3 11 219 804 611 765 85 665 188 731 157 595 707 678 675 408 232 415 295 583 952 424 799 932 23 10 707 621 435 274 94 470 913 880 347 441 673 371 952 698 539 688 866 631 166 324 828 433 573 714 464 431 761 52 498 521 671 300 411 362 35 530 55 698 343 821 712 123 956 328 940 894 956 768 737 982 484 313 455 155 508 481 683 287 732 102 664 498 488 721 552 623 542 790 922 881 285 578 706 370 496 451 458 476 471 211 402 527 926 958 451 419 33 183 416 494 525 720 10 836 156 547 788 509 910 995 312 794 966 415 601 776 480 869 24 424 534 492 774 700 790 520 725 584 667 174 898 617 62 260 698 924 416 296 743 13 180 594 496 445 285 5 63 315 99 709 324 205 643 938 751 940 966 152 997 54 323 286 851 670 208 756 628 672 319 629 565 414 920 913 801 66 859 594 946 231 207 912 121 249 356 492 641 210 875 61 574 193 397 338 783 729 578 270 646 404 856 274 267 316 698 487 340 455 746 151 231 731 695 800 277 227 691 637 641 494 472 822 104 671 822 280 142 206 422 628 726 25 183 655 494 502 384 779 838 364 376 325 840 552 433 633 998 789 332 423 267 228 495 187 160 895 729 812 521 678 229 385 339 881 296 335 247 323 470 294 759 650 784 987 254 874 447 106 539 315 369 582 514 57 409 135 973 342 572 503 732 39 736 570 639 303 430 128 713 293 846 352 77 589 683 281 749 138 618 231 652 611 26 74 911 694 242 188 158 392 517 504 295 209 58 616 415 697 782 422 386 998 217 817 907 532 989 528 977 331 887 803 136 53 784 535 661 972 431 485 424 233 721 464 122 167 207 632 509 69 526 978 664 480 800 47 63 406 857 997 724 577 215 119 148 350 604 108 499 670 504 208 192 555 458 208 504 57 390 441 494 450 726 688 848 966 864 914 460 904 110 143 859 314 911 564 402 712 650 528 112 240 537 748 192 42 127 460 15 457 884 901 631 23 985 782 257 963 260 482 217 105 21 517 685 567 835 560 407 529 255 244 542 23 588 418 583 89 379 102 785 240 164 251 762 977 523 652 575 165 305 118 429 13 269 536 619 490 868 870 321 253 269 3 875 922 563 565 399 953 150 98 377 655 513 735 727 772 343 778 666 627 495 98 236 668 169 617 802 154 521 392 327 185 105 810 649 572 936 520 962 478 196 434 324 817 41 461 927 930 927 606 70 437 421 731 740 862 253 114 442 403 586 891 218 876 374 748 563 969 91 814 259 814 97 554 194 359 474 498 285 90 735 994 478 192 130 887 347 622 371 793 713 569 943 264 905 749 376 670 348 928 845 955 176 197 623 668 757 905 289 192 816 434 95 591 989 22 693 91 629 633 774 833 366 855 697 146 526 675 130 59 993 497 16 30 798 926 309 752 589 423 895 334 973 213 496 400 175 972 965 84 35 182 95 169 130 334 606 2 450 858 571 975 50 163 738 804 50 765 194 431 144 585
436
452 766 233 660 987 142 153 969 802 596 795 828 889 439 483 368 220 208 289 171 338 418 842 255 838 98 377 543 144 476 640 47 362 328 403 506 394 313 419 287 86 951 912 167 198 769 441 221 742 11 744 894 676 471 787 873 926 527 329 927 312 867 612 366 878 732 50 193 475 623 629 693 353 764 253 329 811 660 774 638 131 954 162 99 34 373 55 665 396 692 245 395 904 185 847 973 229 6 83 409 64 585 261 999 573 820 309 35 619 930 968 47 244 112 46 895 657 199 853 882 44 921 494 286 622 53 630 22 101 350 834 872 773 817 689 400 430 218 341 425 262 51 467 992 17 956 929 36 896 201 407 991 592 225 787 386 884 654 321 745 412 913 78 551 264 397 824 222 141 950 620 80 305 338 774 693 963 398 403 208 522 352 889 113 415 932 437 106 571 276 706 294 693 726 451 264 554 621 412 234 882 569 636 737 601 433 701 39 518 846 836 670 498 53 197 606 471 709 632 357 453 944 557 201 198 484 599 456 517 1 233 432 838 153 524 430 124 972 15 579 242 48 756 660 615 423 87 744 574 457 591 644 942 537 302 994 494 659 530 278 271 666 27 541 147 932 429 336 266 863 264 315 417 368 834 526 834 65 11 580 476 673 937 491 860 737 976 908 188 73 673 410 988 850 552 215 588 692 104 157 983 627 48 505 970 828 264 883 244 738 585 118 307 252 527 417 683 733 353 531 880 212 731 214 836 661 679 801 449 976 326 501 781 688 88 197 687 338 675 443 483 574 166 404 409 730 697 855 580 778 308 992 684 185 919 930 278 890 810 313 706 528 890 721 607 222 484 887 727 204 60 589 598 25 279 964 961 290 125 674 921 519 613 894 687 221 199 94 945 963 453 851 729 894 816 274 457 923 103 480 632 17 695 548 396 885 1000 912 614 507 932 288 301 552 950 643 473 741 281 279 714 418 29 183 708 680 66 91 329 633 266 428 746 912 730 772
984
800 593 795 267 922 616 379 467 296 978 580 187 338 986 735 314 296 997 1 597 119 89 932 29 331 412 840 906 554 811 888 266 672 486 897 214 607 801 129 383 443 474 361 99 845 428 103 146 736 411 463 685 616 286 390 606 539 73 20 549 603 823 861 966 986 75 738 972 868 172 597 161 325 480 6 551 529 184 672 730 375 385 46 200 672 408 45 6 664 190 260 877 650 996 395 590 9 701 704 342 118 439 956 672 148 437 578 135 105 532 943 565 709 269 548 824 239 360 368 787 42 623 520 680 377 216 249 542 606 971 939 991 426 239 161 513 307 454 41 163 421 641 509 930 13 205 587 401 530 718 88 13 878 721 355 737 235 786 178 69 215 830 340 741 519 510 280 225 960 380 52 912 389 159 120 499 754 205 104 101 481 779 122 243 541 368 372 466 951 526 72 93 215 471 746 323 926 182 973 886 144 797 171 382 322 309 931 812 377 328 395 528 718 1000 562 792 939 183 411 856 641 904 157 211 217 209 315 59 499 666 962 907 73 88 177 847 711 490 899 529 586 236 959 402 817 617 872 398 541 539 633 403 517 337 802 126 297 230 541 622 964 867 479 151 166 791 582 885 360 626 521 719 905 145 570 336 515 251 383 211 996 92 593 870 976 30 610 807 966 525 837 620 577 725 877 584 798 713 989 731 198 303 58 911 991 496 94 198 748 608 513 88 605 175 366 205 951 179 601 458 197 211 948 760 217 515 537 951 718 717 539 893 453 863 241 203 837 550 606 116 592 8 494 277 642 696 108 407 14 126 507 59 343 741 836 468 894 19 756 511 731 376 710 610 368 451 76 34 885 706 297 83 367 948 167 614 854 915 909 160 834 724 224 294 117 419 875 266 927 493 617 572 658 242 998 352 507 435 385 357 72 811 533 656 907 39 227 779 939 158 649 315 715 457 407 907 589 118 685 440 821 844 955 413 767 188 744 166 384 193 144 342 506 388 191 530 942 253 269 776 736 826 180 242 730 94 859 409 204 43 538 665 90 87 146 562 920 823 180 201 713 759 476 479 157 749 794 943 213 411 545 144 824 156 224 817 971 762 726 854 132 137 838 596 475 453 214 219 277 284 705 445 332 254 167 916 519 494 890 470 874 557 339 580 695 930 915 843 978 940 395 604 459 745 341 433 120 258 737 557 847 839 998 895 147 735 704 706 417 803 467 947 108 842 214 618 245 63 774 335 363 420 345 526 174 576 126 60 143 424 217 962 861 669 674 525 564 215 148 467 216 221 115 682 643 371 569 859 434 198 518 906 115 944 780 408 957 624 653 437 522 799 480 597 136 337 288 605 846 11 603 240 880 678 355 408 598 397 227 570 393 316 990 105 835 764 454 17 324 642 135 720 162 168 441 773 300 355 342 283 577 9 967 777 933 261 357 930 509 885 286 808 214 200 138 806 374 522 481 94 585 272 964 757 191 127 435 148 140 621 685 925 381 36 399 995 472 152 268 728 740 435 350 485 949 226 261 897 657 755 831 38 663 791 361 795 75 661 317 270 461 793 983 250 866 479 966 765 191 725 314 22 221 656 207 813 623 362 865 574 877 465 912 248 930 628 95 715 836 354 495 524 554 399 529 839 322 171 925 971 98 13 845 509 956 581 638 224 765 578 180 764 414 541 510 781 137 55 309 441 143 90 81 462 303 403 13 54 464 66 305 954 301 201 126 832 2 564 580 139 636 327 317 907 89 314 818 453 250 152 736 101 368 268 880 766 351 547 916 814 71 610 857 197 870 743 764 535 159 266 718 529 840 305 998 894 396 638 181 674 248 376 879 492 556 36 221 37 872 304 793 643 996 789 917 770 966 89 624 520 730 891 862 158 436 316 798 806 347 358 749 296 627 894 671 900 226 240 606 392 451 304 585 488 59 586 645 463 684 307 947 42 263 527 234 256 7 853 818 724 140 74 34 644 818 192 676 513 809 738 738 549 603 543 98 328 792 952 911 616 792 777 166 693 812 417 800 263 578 734 47 661 611 367 696 227 868 319 443 576 639 16 166 978 680 503 815 220 509 798 41 468 550 759 737 733 129 655 344 478 838 22 135 874 305 42 923 4 876 641 635 4 972 118 66 312 879 425 727 559 419 832 771 588 656 281 404 282 857 680 3 263 484 667 474 786 897 677 850 723 555 442 648 799 98 841 509 160 272 996 615 671 545 827 399 143 619 735 129 858 519 989 943 999
73
177 270 664 580 916 731 414 788 295 373 474 203 423 878 421 389 901 730 109 428 592 18 581 326 471 984 471 21 380 789 628 482 957 428 904 998 185 565 805 793 611 890 322 397 121 589 122 305 24 13 519 559 366 421 848 764 443 207 946 191 673 608 345 411 813 796 382 823 532 321 92 894 5
477
440 642 521 295 294 780 244 223 69 274 871 939 281 619 885 641 815 374 568 117 369 371 803 320 728 931 682 206 526 196 28 393 699 482 843 926 822 147 106 729 411 342 619 808 268 239 229 739 929 279 484 794 208 839 149 837 261 848 890 879 574 494 363 657 297 872 824 848 463 229 932 974 879 390 45 318 177 182 372 105 871 434 188 819 978 599 616 777 204 543 436 638 153 322 191 954 868 707 982 793 94 459 719 215 350 111 948 717 680 583 390 662 102 697 753 11 224 498 805 252 524 817 359 878 885 34 989 359 674 719 142 242 866 307 115 7 492 312 901 754 957 81 104 193 502 473 16 924 253 402 478 734 828 554 572 901 670 98 493 215 849 237 146 635 157 289 934 159 355 505 786 604 154 598 191 142 786 594 213 514 276 599 903 25 440 449 658 436 811 305 694 856 762 690 215 407 765 737 39 151 63 457 990 284 154 279 176 695 277 392 601 66 980 416 56 166 492 438 923 215 334 115 316 801 159 781 622 830 356 822 9 296 588 814 820 691 625 208 543 68 834 545 982 303 178 285 244 63 239 28 903 149 872 851 970 832 653 256 408 691 179 91 228 516 393 395 627 305 903 345 572 836 243 40 163 666 822 835 854 433 254 732 829 413 203 10 997 863 700 537 979 636 920 534 618 728 667 457 691 868 355 658 185 765 240 38 248 78 394 273 515 38 1000 816 218 684 328 468 892 491 597 481 780 930 15 915 553 501 785 441 560 646 526 288 913 294 61 85 941 31 819 339 177 971 256 853 469 221 853 560 116 199 647 540 308 161 796 154 459 240 385 152 721 187 317 97 648 634 342 949 741 536 313 663 693 732 373 379 435 926 402 614 361 755 71 680 831 622 584 932 810 910 459 83 991 35 309 359 224 33 210 322 18 207 347 40 164 715 441 859 430 18 835 589 621 856 710 630 726 556 376 652 824 418 351 192 975 839 186 338 121 549 465 442 958 631 782 101 233 395 301 633 798 67 338 418 831 330 673 132 811 915 129 740 205 819 874 689 940 613 82 837 394 179 498 52 911 839 161 81 368 832 549 853 938 968 989
719
818 741 260 681 845 353 510 767 617 970 77 776 815 631 297 806 776 102 899 624 207 723 952 751 725 986 76 890 29 493 281 11 334 299 911 932 181 700 168 8 450 998 381 357 809 817 212 712 88 131 544 430 695 915 813 622 385 82 706 50 581 395 347 664 136 736 12 729 925 776 445 16 254 686 24 908 932 755 190 880 920 636 359 757 917 523 337 135 271 359 923 27 347 935 39 678 594 478 820 73 431 388 370 544 530 171 94 16 508 187 821 680 817 87 386 514 851 704 609 205 143 337 110 591 826 43 486 925 882 66 900 973 702 81 520 814 155 986 43 363 279 565 593 780 951 71 484 996 820 866 456 573 555 112 412 521 363 884 235 157 947 565 149 732 677 225 185 721 309 124 942 324 455 979 870 398 311 896 782 280 56 59 733 112 953 591 438 947 262 82 304 727 422 930 38 769 28 309 658 847 742 831 438 800 472 435 116 367 609 732 605 217 45 922 105 126 838 380 53 759 152 467 562 612 951 797 961 69 2 782 209 940 631 595 98 891 96 755 439 168 854 298 396 366 419 203 51 358 59 1000 994 499 77 400 360 587 838 622 808 422 409 983 567 9 530 814 842 401 508 883 763 576 783 260 82 195 509 549 101 250 455 834 148 867 292 486 887 521 524 614 570 783 362 510 962 749 259 983 270 124 851 628 263 864 832 543 10 146 891 551 599 211 46 763 926 836 39 495 76 771 208 134 175 951 844 616 238 311 442 949 169 208 402 182 512 998 148 619 592 820 762 388 798 47 104 168 73 568 619 966 571 981 24 437 572 760 956 124 807 850 908 617 792 778 853 328 501 832 19 257 947 960 792 944 719 951 663 23 287 828 738 303 762 666 654 105 1000 319 299 180 751 92 494 162 835 94 265 707 511 165 900 833 937 732 994 309 735 599 746 290 289 940 358 376 526 804 309 407 755 505 665 304 171 162 756 428 459 668 9 151 894 475 268 655 496 711 865 587 506 586 469 632 599 46 565 527 557 380 295 287 422 606 802 950 326 183 285 123 152 266 956 657 595 593 747 529 818 426 253 873 575 823 95 640 987 46 911 692 161 314 326 669 518 281 20 410 465 954 191 854 30 857 919 151 271 600 698 196 923 826 195 672 117 755 862 32 616 497 668 404 681 477 349 91 900 610 599 446 352 517 98 340 778 423 682 166 686 820 951 629 16 728 891 318 163 399 337 829 579 149 740 934 648 252 149 688 334 370 70 992 344 297 482 987 123 8 652 943 705 536 512 833 878 643 122 976 709 535 106 3 122 87 574 65 661 662 354 940 327 644 959 519 276 684 491 767 117 780 835 418 575 545 742 238 568 332 566 573 194 512 887 283 448 791 915 374 431 729 167 316 220 642 835 747 897 362 951 751 161 440 764 77 479 78 758 302 381 913 562 748 763 307 425 287 840 913 625 535 847 947 879 314 109 305 217 16 349 181 473 59 652 5 851 875 697 964 388 6 932 724 526 906 363 487 689 623 746 98 307 647 11 721 223 149 947 149 600 457 729 852 789 76 429 100 19 6 735 787 149 903 34 804 9 188 771 731 638 876 914 920 653 898 628 682 502 977 945 543 150 557 475 116 949 257 766 228 916 87 145
777
612 570 371 247 63 269 827 828 21 898 414 536 835 488 136 129 202 936 920 669 132 362 130 975 341 411 611 52 325 878 763 588 377 790 600 58 337 953 997 728 905 960 739 759 254 682 218 530 528 8 300 832 465 125 764 350 685 376 580 648 340 994 931 507 548 5 462 659 437 328 134 286 367 856 995 343 102 715 200 766 888 272 971 993 443 780 365 43 384 469 275 240 244 350 401 725 256 860 640 284 843 965 917 352 882 924 370 267 668 98 649 701 265 499 61 281 27 448 175 885 132 995 586 974 338 465 912 496 100 352 662 451 167 338 692 479 232 229 516 643 685 963 114 594 481 137 251 926 409 604 878 222 724 873 78 696 951 846 176 552 944 186 593 97 439 939 103 535 997 745 492 268 347 420 952 808 450 600 317 585 199 98 147 168 256 138 615 63 988 377 946 501 230 214 466 111 644 330 64 380 820 243 337 346 335 698 12 323 502 907 120 241 202 49 861 393 726 973 828 870 403 409 763 344 874 73 340 693 355 223 423 12 127 404 437 862 36 469 548 186 215 692 671 131 47 244 364 181 687 8 743 644 688 35 358 661 15 20 94 633 314 435 318 365 338 342 316 815 765 209 621 108 881 991 437 847 494 744 648 359 962 583 515 269 787 907 67 363 925 988 152 136 10 144 388 897 217 460 897 389 800 36 557 575 193 174 697 335 64 535 435 507 940 933 353 536 467 57 330 895 99 519 980 635 549 770 688 331 770 276 518 324 506 187 350 470 955 950 341 520 763 578 822 60 49 747 139 635 27 98 437 780 775 761 307 282 774 751 961 810 702 58 413 468 837 414 9 665 433 437 247 194 85 346 258 113 994 138 185 881 188 542 3 358 426 3 246 602 160 855 52 704 532 451 202 898 613 809 395 790 312 349 665 738 414 258 972 828 825 572 389 819 520 38 840 601 232 699 643 673 673 656 343 539 101 207 955 916 474 439 340 306 334 188 567 347 665 400 176 796 45 270 894 825 870 857 460 251 319 544 117 312 962 504 124 259 713 847 238 829 870 470 335 512 493 320 879 364 751 785 507 547 899 872 446 833 224 504 57 416 723 566 530 232 717 269 227 457 3 289 495 540 345 557 455 740 390 779 45 290 493 381 738 325 994 290 236 534 92 359 204 675 275 883 299 476 46 171 315 280 390 445 61 893 54 965 328 124 658 39 500 363 910 810 984 627 686 887 374 512 527 69 945 594 585 714 247 814 16 328 432 124 311 714 960 750 410 26 102 11 898 280 661 101 403 110 48 609 95 809 641 425 338 935 811 857 227 942 332 17 891 155 348 872 229 682 409 53 483 58 816 537 820 560 812 395 310 287 612 936 993 164 89 110 534 728 706 416 76 262 927 350 424 680 60 289 853 99 417 769 614 838 270 403 530 956 782 798 24 356 436 169 259 211 17 538 153 538 788 309 143 562 986 645 580 11 765 552 924 505 655 343 273 306 247 977 827 256 147 837 811 227 599 812 387 917 650 276 821 430 168 917 690 795 166 120 238 1 441 530 816 328 351 286 133 375 908 575 706 806 835 586 496 364 970 161 8 525 47 394 799 122 496 842 932 117 29 385 433 412 450 297 365 697 150 737 429 874 843 286 128 70 592 689 424 294 497 246 180 625 51 464 985 66 141 421 382 964 783 84 233 819 513 894 326 498 644 240 327 498 191 762 277 37 312 643 921 629 711 421 38 455 444 432 105 173 41 244 229 135 275 382 147 267 518 418 436
288
122 247 483 445 967 665 139 400 323 176 368 15 862 169 183 905 710 169 328 305 747 844 400 153 931 200 568 624 216 137 253 314 396 938 384 34 293 956 155 445 422 40 799 589 1000 294 5 620 36 870 143 70 355 375 340 577 223 129 640 943 4 299 792 149 647 480 967 297 243 233 42 852 123 450 995 797 531 133 944 321 312 475 540 28 857 891 303 120 222 224 35 495 193 206 901 247 556 562 525 742 990 692 538 206 880 998 958 875 316 397 358 53 750 552 227 794 448 205 864 303 211 288 447 600 210 931 33 851 847 603 41 593 842 48 109 574 740 748 851 567 599 394 661 242 14 319 792 615 379 267 682 424 747 496 755 711 707 544 695 408 814 446 920 635 277 642 42 317 531 740 801 888 263 921 658 485 836 114 907 580 154 978 965 638 886 483 466 513 698 18 623 702 629 840 457 912 733 887 447 321 173 948 939 788 653 822 830 6 28 372 952 504 583 463 245 698 775 398 627 419 605 105 809 405 396 18 766 220 965 777 123 930 568 813 74 709 171 254 373 475 133 342 735 40 238 646 593 653 406 219 841 350 764 190 251 440 183 797 148 586 476 269 950 949 738 602 694 359 471 166 356 621 753 39 595 107 398 560 977 895 475 678 644 658 669 945 456 731
278
110 60 571 946 867 804 721 220 337 101 271 848 861 657 55 126 582 688 96 46 304 832 239 677 68 828 177 322 192 451 419 913 1 630 462 593 386 392 985 47 338 257 786 878 717 909 456 899 511 401 935 929 231 148 655 848 857 508 495 15 290 528 502 728 825 17 218 127 965 210 45 683 13 829 651 388 190 685 43 825 766 117 835 104 105 827 62 358 765 184 419 245 501 10 423 177 637 797 532 323 182 957 935 870 189 804 99 403 251 159 787 57 458 69 655 309 411 155 151 113 419 252 22 634 705 595 363 17 532 550 738 830 135 327 827 317 6 375 334 532 130 34 733 663 595 163 224 497 775 487 355 123 532 856 300 900 105 537 451 25 738 628 673 879 125 131 950 681 66 613 33 789 15 360 40 937 490 929 422 862 923 639 757 488 27 218 447 76 477 63 573 241 83 202 136 454 915 105 483 378 272 429 904 788 610 893 178 690 314 779 638 484 194 482 339 757 160 748 702 655 175 929 518 834 309 849 733 291 145 926 479 13 943 207 82 215 491 433 352 537 173 469 235 523 541 697 227 905 804 878 260 267 544 977 88 476 855 554 283 722 402 541 138 535 140 836 843 101 507 423 743 693 455 938 914 708 731 139
268
355 503 468 275 626 166 287 203 211 429 807 152 265 248 927 302 894 918 239 415 313 313 984 960 555 936 114 937 120 815 765 498 528 728 222 245 559 744 800 495 235 667 122 85 132 124 349 32 253 670 531 832 865 878 269 224 982 487 890 360 558 887 745 254 752 759 204 388 893 445 825 799 790 500 234 599 41 229 254 198 324 895 709 81 942 439 85 157 851 136 936 195 310 881 714 20 41 568 647 654 365 908 823 862 611 961 68 664 43 86 997 104 874 274 762 128 48 805 350 154 906 743 950 193 903 741 110 403 261 459 727 728 922 685 776 431 20 245 160 819 702 217 874 595 309 597 88 448 711 694 647 922 592 72 667 953 216 554 712 702 252 279 369 59 125 862 867 815 729 626 724 824 913 16 834 394 569 572 548 713 637 263 958 885 742 905 251 75 733 759 318 482 948 974 388 178 548 824 700 922 84 21 937 567 364 99 68 966 811 196 678 671 454 49 34 20 224 625 822 988 794 310 279 884 172 456 775 943 555 91 569 677 736 59 776 769 144 329 423 397 156 804 684 281 303 182 719 828 408 187 796 738 271 796 602 777 396 729 680 884 3 899 374 790 2 306 937 776
679
151 96 320 997 374 305 865 139 425 484 269 818 183 259 380 538 763 863 813 853 737 764 624 740 127 238 858 236 477 546 410 864 624 889 833 218 825 352 958 169 891 733 426 877 939 635 889 238 700 111 63 751 831 712 568 249 126 277 41 129 598 93 737 191 777 397 122 853 458 670 83 331 436 411 78 316 824 853 681 724 505 897 669 968 495 369 745 373 966 350 973 771 20 164 848 747 848 141 493 923 183 999 615 757 57 712 190 806 590 387 242 396 187 74 461 110 321 88 745 618 703 312 159 360 72 871 796 85 183 736 85 390 130 685 584 229 20 701 92 40 343 645 996 318 744 248 814 680 139 374 85 288 545 619 535 630 786 486 430 33 965 855 388 813 5 335 131 156 490 360 793 478 923 296 94 718 906 843 307 559 144 22 243 285 447 346 89 947 230 15 267 958 673 312 959 387 284 199 463 801 556 732 762 724 578 952 719 9 20 793 859 164 823 953 201 933 61 526 354 862 941 310 264 343 473 293 676 696 216 824 101 990 801 388 462 485 101 918 307 446 143 326 732 570 503 990 875 154 122 336 316 117 982 495 118 350 5 637 612 868 822 510 857 263 507 122 26 970 689 272 118 655 215 111 139 473 562 301 725 580 454 695 805 643 510 560 493 727 514 239 21 155 736 469 801 262 989 322 64 535 906 371 547 745 977 860 882 192 735 426 138 295 940 662 275 471 948 744 358 613 542 482 993 435 896 598 6 996 354 790 117 884 420 520 375 488 121 298 167 156 674 611 258 449 313 249 56 29 827 603 516 543 794 274 967 884 537 141 256 941 515 73 915 981 710 737 815 307 849 599 631 725 872 855 22 763 682 591 537 318 818 55 829 776 478 654 747 814 317 86 353 941 240 184 527 517 787 870 795 892 827 469 246 260 435 684 906 224 760 307 159 126 146 107 130 711 857 679 337 924 332 620 541 492 966 960 67 445 75 444 301 616 143 315 136 731 67 530 817 937 325 288 187 794 327 539 326 84 41 256 389 216 669 10 552 445 543 773 552 308 713 4 225 207 78 124 15 808 973 287 547 747 733 469 492 141 637 273 521 639 400 340 534 540 259 251 775 560 724 560 828 882 670 364 256 8 712 880 274 662 265 971 650 340 590 204 138 389 342 189 760 267 309 33 435 474 758 673 158 992 37 625 84 261 574 571 321 666 274 814 404 178 221 572 503 851 776 149 384 80 436 259 69 157 849 690 618 91 119 228 157 403 200 538 401 900 178 846 99 658 426 460 909 652 187 61 931 161 551 574 413 956 934 895 349 863 222 786 198 292 365 973 486 759 922 115 533 138 162 190 533 70 342 83 569 130 865 838 637 738 354 610 998 487 990 936 84 865 241 855 706 404 989 842 185 491 479 239 859 393 134 552 367 43 25 191 328 14 276 856 756 859 545 846 998 180 329 763 98 116 303 981 905 197 374 994 146 955 311 408 980 713 862 346 453 963 322 722 927 169 344 384 560 598 433 148 666 34 136 743 429 177 601 63 346 224 494 655 875
548
527 565 7 532 103 453 549 241 268 175 106 683 3 135 285 717 803 776 751 585 557 795 117 21 836 89 995 797 840 749 364 722 690 745 348 794 880 612 526 338 138 665 226 307 228 841 926 33 349 590 891 442 91 601 480 239 851 564 901 567 696 372 703 761 604 348 370 467 844 956 421 402 260 535 355 214 228 320 485 671 555 984 909 15 517 117 790 239 489 326 673 913 209 997 752 28 157 463 706 792 12 194 285 814 751 755 802 552 467 992 992 411 447 660 38 895 599 252 646 732 33 95 456 868 430 653 143 481 289 657 126 66 510 651 833 481 34 17 569 758 135 964 584 277 122 302 394 967 892 842 855 441 296 796 376 612 84 620 124 535 79 426 796 755 505 485 238 649 635 831 908 945 779 277 991 676 647 845 104 46 42 150 894 119 787 838 935 680 713 468 173 732 506 772 886 501 187 336 887 833 953 785 716 817 562 50 335 85 34 394 404 739 692 416 835 276 492 270 226 703 616 781 108 647 210 148 949 351 52 326 536 597 330 513 875 248 850 460 456 278 979 16 199 620 387 967 929 21 968 672 620 835 880 892 477 189 479 705 4 344 495 859 480 878 398 70 227 60 642 229 372 378 941 843 469 736 176 623 552 698 741 73 233 382 436 830 11 714 410 683 611 446 668 404 168 5 91 514 92 700 630 308 543 844 318 972 988 967 966 777 426 665 826 988 556 915 302 267 511 624 978 620 336 984 588 329 566 905 967 471 691 565 204 388 954 699 207 216 838 914 588 147 943 589 804 20 842 215 80 615 728 346 929 261 706 20 535 23 434 723 833 268 320 76 804 112 334 269 819 602 99 497 833 769 679 91 320 250 497 856 104 34 387 219 436 504 69 505 652 877 129 286 220 296 964 438 923 982 839 128 884 735 251 134 103 602 278 430 227 548 404 863 811 576 217 318 510 868 421 375 115 241 863 145 210 421 481 940 665 518 66 522 509 545 674 396 49 802 289 180 144 728 1 28 821 269 738 171 523 829 255 783 129 357 378 206 266 132 513 946 38 51 816 381 985 719 491 154 470 85 324 911 335 511 964 385 19 180 95 879 403 114 912 231 765 883 353 946 805 575 514 146 79 535 47 122 315 983 136 949 562 920 479 678 667 809 764 556 437 608 781 33 92 321 410 104 993 497 795 389 22 681 676 798 884 131 30 724 767 315 899 132 729 412 670 385 794 897 359 446 99 692 325 855 141 929 317 743
197
336 548 147 969 825 463 135 17 818 332 559 182 203 810 925 800 935 898 520 160 596 320 311 732 889 545 365 838 601 820 561 716 606 136 662 600 636 604 938 556 434 561 997 412 9 259 152 393 18 47 986 415 267 784 239 184 903 339 827 85 532 248 418 385 257 542 512 102 668 803 859 638 753 994 638 500 619 553 863 529 501 448 504 871 201 961 591 227 629 503 639 385 133 263 856 888 412 532 965 559 154 764 526 317 142 758 613 572 422 818 746 1000 973 520 623 173 760 16 383 304 126 153 137 635 792 172 435 502 35 862 239 111 644 325 519 711 413 719 993 297 888 473 771 235 962 852 954 189 335 319 53 322 836 704 478 754 466 124 849 71 612 529 787 654 468 866 595 786 281 342 125 977 849 687 703 434 561 36 229 198 976 105 926 407 891 420 120 543 289 899 583 647 32 562 247 406 530
902
647 444 363 94 553 631 547 135 197 779 450 867 837 428 14 284 145 311 34 877 916 476 365 603 188 576 836 296 162 784 215 473 35 660 427 981 285 347 916 722 809 308 650 418 232 858 94 458 545 838 561 402 954 128 282 257 698 458 152 742 186 171 428 759 452 719 48 357 777 981 305 237 481 592 592 167 109 136 600 572 43 132 296 661 14 351 292 149 833 516 483 653 746 217 72 111 484 2 337 838 971 602 178 873 771 868 839 391 592 824 197 46 175 793 138 773 57 545 765 835 983 72 151 708 656 356 425 938 150 580 838 235 809 201 246 242 346 371 402 754 427 203 893 640 499 667 672 300 772 831 357 808 384 728 92 811 462 658 230 967 603 612 282 524 552 341 316 423 767 4 866 649 674 690 791 265 173 73 697 778 628 833 884 99 964 583 946 32 704 851 521 924 847 70 762 439 188 810 202 117 70 977 248 790 675 791 184 420 589 547 230 393 829 41 975 542 944 77 343 68 552 388 99 91 946 274 797 225 533 134 549 269 610 539 395 401 705 576 914 578 194 88 500 643 249 829 808 98 118 303 720 308 879 854 35 535 914 826 161 810 59 296 2 736 616 704 196 761 896 309 472 919 628 258 47 30 402 429 936 829 516 46 190 683 757 857 325 517 767 201 304 464 281 700 802 815 659 185 408 467 909 682 439 234 94 525 817 79 760 690 795 14 371 720 388 80 127 612 298 457 152 351 418 101 138 496 735 855 289 651 396 644 435 461 690 322 771 822 949 947 881 727 467 437 430 391 244 842 467 433 729 683 933 470 531 698 784 233 917 174 707 216 615 619 432 3 637 42 785 783 396 95 171 751 645 452 733 549 604 201 695 415 179 546 238 644 19 782 741 757 627 698 242 800 323 657 52 301 902 156 445 391 940 46 561 830 453 879 1 541 838 548 353 120 462 90 774 107 625 828 559 122 773 872 890 967 622 765 739 22 164 317 814 343 249 127 250 106 794 676 370 802 369 599 671 359 571 288 742 79 563 495 385 365 500 269 423 701 667 683 945 52 910 769 756 78 213 618 716 316 268 852 352 302 385 469 861 458 865 228 70 95 778 694 853 791 560 151 492 197 963 714 774 577 542 665 203 271 410 60 976 331 858 304 483 978 600 262 676 950 413 239 53 352 613 112 456 791 611 762 762 513 572 792 481 876 818 575 705 425 305 420 440 784 902 255 681 476 523 434 655 208 488 195 115 800 549 277 872 915 137 942 500 30 536 105 66 857 317 77 623 664 434 466 43 745 561 91 929 126 281 515 959 833 393 147 244 564 984 467 815 723 356 778 844 961 477 552 644 430 956 940 924 173 811 193 85 43 93 393 876 388 546 683 915 803 760 882 570 451 287 671 884 717 114 629 581 3 201 104 186 585 455 781 302 783 333 97 362 90 34 203 535 44 457 800 202 360 417 482 155 117 158 155 722 904 215 94 425 628 615 291 895 418 543 86 799 50 164 117 217 578 278 560 811 452 165 616 312 458 620 254 511 144 393 598 688 787 890 676 474 821 193 903 178 269 555 370 907 819 506 472 232 787 843 98 905 374 12 661 339 400 456 163 541 148 530 404 115 490 267 600 872 684 885 972 67 42 345 999 543 841 263 226 244 418 688 646 876 582 553 947 428 500 754 890 832 248 816 990 750 839 508 817 89 290 797 733 406 371 369 841 505 171 662 907 602 657 564 732 518 471 646 999 63 978 102 729 680 664 913 916 298 879 574 286 920 216 484 457 908 980 224 777 642 314 868 640 850 961 882 18 688 194 922 568 565 373 597 52 387 935 931 386 729 574 117 912 367 671 408 711 72 640 632 307 636 878 244 989 682 585 673 252 842 340 975 787 120 755 730 568 310 659 644 484 850 429 772 446 27 450 104 933 505 409 515 512 903 33 357 361 779 478 607 708 652 795 871 346 765 12 661 666 718 849 412 193 809 840 216 657 475 754 840 463 890 547 166 879 719 837 291 14 35 562 621 966 598 373 678 144 956 706 725 837 604 745 305 125 764 68
450
968 119 56 861 418 36 15 248 73 823 776 125 390 750 278 435 80 939 117 612 613 161 514 803 823 549 488 73 447 913 556 426 813 677 732 413 795 219 659 654 802 265 168 868 414 280 682 877 917 602 194 210 793 234 592 247 157 94 186 103 275 957 734 404 321 225 974 750 68 913 611 841 220 516 455 939 751 792 924 908 883 828 909 918 732 272 774 35 882 544 179 831 457 918 438 942 205 528 450 220 553 228 464 127 376 315 550 93 897 994 269 184 682 242 414 260 884 371 593 290 664 92 412 166 28 290 857 100 658 342 718 161 880 808 959 953 780 264 50 885 516 379 918 908 427 289 566 278 302 538 563 57 428 849 427 379 343 579 870 432 359 433 274 572 274 248 196 339 427 682 143 777 132 753 350 145 363 859 351 906 437 177 5 188 312 431 443 45 226 125 147 715 449 283 350 972 86 275 623 445 410 299 226 849 402 99 708 682 798 917 908 461 129 855 364 691 51 889 578 780 722 107 536 121 111 245 728 979 748 823 877 971 742 715 449 128 901 548 463 45 516 392 466 857 303 938 612 671 127 488 420 890 357 572 511 43 218 700 527 659 831 314 371 197 684 186 187 288 334 166 454 596 945 36 310 263 52 711 163 607 193 934 616 33 806 321 25 572 606 144 696 380 169 164 715 809 759 642 578 27 700 331 223 910 819 238 967 283 76 551 685 369 489 168 14 228 607 789 313 543 247 634 623 46 681 587 163 766 452 863 270 219 454 339 899 249 494 695 152 71 147 749 820 45 66 106 581 519 326 947 708 253 752 683 704 588 340 968 324 626 462 201 452 824 520 822 192 801 367 584 447 915 910 485 625 704 383 144 606 91 256 75 641 727 657 477 722 764 712 769 952 497 911 878 209 893 250 301 98 55 792 310 273 329 351 711 128 408 194 56 142 354 306 196 145 290 97 99 745 129 72 155 881 915 934 620 793 438 892 462 828 754 832 967 279 288 824 454 183 786 583 865 543 81 150 76 467 822 852 505
88
960 419 642 226 437 247 5 691 927 47 559 72 84 6 217 403 840 861 844 357 634 509 56 204 49 696 922 493 25 972 103 627 145 699 685 185 41 648 198 995 649 169 757 278 286 139 863 516 804 929 650 447 878 666 559 436 33 372 319 480 990 459 288 334 793 964 315 126 9 743 320 24 121 537 855 999 954 922 93 854 883 158 623 700 951 203 239 865
330
536 630 190 305 819 718 377 538 378 187 696 606 734 428 98 621 697 704 580 405 536 314 667 561 65 492 506 876 927 447 273 852 817 973 667 304 653 132 592 159 918 372 941 849 763 236 882 60 440 615 6 93 507 349 244 31 408 594 933 806 321 851 458 981 426 908 384 406 518 518 831 663 194 946 810 10 699 523 670 414 12 356 995 148 816 14 650 927 599 130 477 270 553 869 27 821 76 131 261 961 540 199 768 991 884 23 647 691 525 441 234 668 566 502 203 667 614 60 181 129 128 348 388 669 59 241 116 574 991 970 499 969 530 319 998 601 828 672 575 902 882 738 384 255 432 485 242 840 666 221 598 662 317 893 717 356 748 327 354 418 260 210 305 973 680 366 295 738 856 773 51 413 333 398 300 432 626 196 852 139 192 791 73 67 53 141 876 100 383 961 216 289 441 355 214 214 144 196 668 501 106 966 724 970 13 450 515 801 975 357 356 643 72 723 458 858 280 455 89 275 283 749 180 276 402 29 945 513 111 22 398 308 974 545 728 141 117 281 539 414 574 762 334 228 510 238 760 163 830 206 504 653 784 6 385 303 913 805 174 847 992 46 171 438 409 19 596 335 369 214 672 59 246 323 281 569 318 151 94 592 617 764 659 912 380 812 331 602 117 493 203 409 610 383 603 503 939 263 650 615 557 611 643 588 33 21 686 466 198 338 216 435 59 377 223 654 201 263 184 693 97 709 14 135 703 463 469 579 942 97
146
488 333 433 894 482 471 308 89 780 505 781 711 732 33 905 677 562 151 841 372 6 503 342 945 286 456 241 128 343 400 788 296 923 719 544 244 697 816 118 694 158 892 538 954 948 616 630 214 119 793 921 341 194 682 848 94 766 26 543 48 299 135 529 189 336 480 990 778 901 296 979 95 895 770 612 979 628 386 205 335 700 436 692 416 529 84 509 460 844 898 514 618 508 986 517 534 417 429 586 423 89 535 828 373 344 688 213 377 546 29 251 700 719 985 674 302 834 466 778 381 227 886 953 355 684 520 900 435 280 643 83 561 875 556 809 56 681 114 403 917 143 840 809 396 796 631
415
110 668 829 871 254 923 832 891 217 472 358 143 222 430 618 60 326 739 780 156 605 550 698 338 483 392 919 234 957 245 364 231 406 808 238 693 573 432 302 852 360 65 17 573 669 375 335 741 23 394 229 764 574 339 132 308 529 143 725 220 961 373 787 706 631 653 582 204 241 192 775 720 397 706 358 290 154 687 791 333 95 285 377 321 533 338 659 772 656 663 785 614 72 382 47 5 569 779 136 231 322 789 10 685 294 508 409 484 527 72 890 461 368 916 598 880 230 773 59 195 226 601 209 580 25 252 685 172 456 486 950 812 529 837 580 978 71 845 518 262 269 354 233 132 23 864 395 795 428 212 839 568 237 967 71 170 713 199 319 780 798 363 523 518 844 521 537 406 729 79 233 890 255 811 112 127 252 872 805 717 672 171 364 786 793 693 773 334 698 327 791 440 901 578 233 699 296 142 389 446 365 837 898 377 444 44 393 455 54 356 358 283 932 266 557 862 479 917 989 856 955 655 641 911 743 258 611 129 581 127 434 413 97 324 262 690 364 347 347 513 82 441 85 977 320 60 475 261 141 836 218 802 831 655 455 293 759 803 889 429 251 118 631 565 31 344 121 675 556 827 187 395 67 255 742 289 510 644 720 861 857 506 948 314 603 137 975 876 838 512 669 879 573 276 605 679 357 383 415 426 348 425 867 672 44 781 47 478 157 876 790 71 217 492 616 738 618 837 399 403 183 665 450 326 318 380 966 389 484 775 336 581 220 331 942 997 644 573 304 215 715 78 707 668 585 632 14 615 464 101 604 504 624 279 872 755 701 525 338 694 20 895 560 671 225 410 637 841 89 916 772 226 42 992 756 469 778 710 917 151 109 514 682 742 552 346 7 419 452 824 280 937 68 735 716 819 563 212 392 107 451 367 600 482 147 691 807 722 395 301 343 515 591 118 118
735
366 382 410 729 200 970 135 782 258 92 606 380 633 708 675 752 268 695 796 262 371 95 966 761 834 535 311 551 975 588 293 480 9 579 207 997 681 930 40 320 150 56 316 597 447 274 564 585 544 733 773 751 625 648 758 257 604 818 66 502 277 920 999 933 354 281 557 101 320 348 226 485 585 815 567 255 581 892 131 55 879 420 936 830 869 934 25 25 657 586 707 212 788 785 671 635 718 245 765 469 333 340 859 550 821 622 316 661 590 427 320 2 292 423 98 721 165 291 945 302 55 563 280 426 22 249 942 194 419 197 406 580 2 623 409 258 179 428 321 864 431 185 29 611 964 224 390 891 702 718 376 207 487 197 457 359 963 263 370 345 607 256 274 525 54 845 163 838 53 340 20 376 611 885 119 326 830 393 455 264 679 575 496 996 668 897 109 616 886 740 509 644 786 60 568 852 200 707 737 865 160 872 169 470 815 706 908 763 618 951 533 918 456 323 394 741 60 909 667 699 352 829 884 227 485 879 613 490 771 771 51 417 417 419 114 215 436 220 366 875 605 845 625 209 334 349 376 267 278 376 327 255 754 587 376 586 134 965 226 99 400 852 462 917 290 379 802 567 995 36 564 244 316 911 322 251 176 771 930 665 476 326 724 823 215 18 847 472 623 97 758 448 62 81 714 697 91 577 861 197 129 916 278 436 715 769 634 135 434 120 426 20 722 74 616 93 502 516 429 314 277 569 65 441 682 254 172 81 767 868 795 412 462 482 294 359 106 68 700 481 692 262 653 390 753 18 38 303 1 615 183 175 887 71 244 498 272 126 653 290 756 67 762 93 633 812 980 735 174 17 984 166 339 951 322 638 221 802 852 984 876 157 86 860 320 165 711 167 253 887 754 564 171 265 123 385 635 588 465 859 73 88 439 802 262 298 290 677 59 76 918 873 57 381 524 163 624 446 840 214 171 220 471 902 733 860 851 458 339 10 75 471 603 7 526 5 837 534 24 580 524 797 941 920 388 89 467 455 242 577 491 83 461 841 978 587 821 546 964 133 363 766 627 156 389 766 164 678 612 113 783 604 471 154 799 295 466 325 531 688 800 711 391 727 69 751 433 149 41 7 799 567 379 858 281 593 155 959 325 575 216 197 254 657 470 876 338 197 513 155 23 726 351 456 529 474 309 805 754 274 885 789 135 773 773 327 180 438 120 777 45 178 798 522 698 722 879 401 610 976 38 658 231 977 103 980 111 234 250 238 649 410 564 978 214 349 518 569 366 76 405 410 998 859 74 52 703 56 38 245 34 179 746 446 714 410 433 579 947 572 831 997 613 724 688 664 571 81 686 931 82 416 576 37 317 473 815 203 632 986 992 443 395 101 104 897 827 410 14 339 231 451 535 319 361 323 666 402 648 415 735 153 735 433 839 475 952 659 260 297 22 36 25 704 462 263 322 917 678 365 804 666 411 332 877 385 357 862 126 166 198 553 650 492 966 552 98 852 866 701 252 47 855 257 945 803 999 402 634 318 110 376 219 668 201 924 9 114 530 912 336 393 841 695 179 597 88 225 698 897 460 184 496 279 678 806 457 678 128 994 575 299 802 460 267 114 372 334 545 338 834 145 971 830 680 405 888 445 825 757 8 305 306 498 313 654 124 108 421 135 280 940 408 202 129
574
485 165 970 332 840 354 879 185 641 292 16 641 981 72 751 146 561 470 660 298 274 292 735 142 963 782 446 424 416 56 206 433 533 111 360 398 338 740 158 94 71 317 377 810 217 731 914 413 808 891 996 107 66 524 148 439 976 798 727 745 643 153 743 431 473 705 968 755 515 432 336 643 647 730 239 762 530 919 824 858 657 78 338 855 12 629 208 158 394 73 309 954 346 836 176 281 526 666 797 688 729 576 552 516 862 21 144 864 431 965 101 151 168 48 79 419 592 751 844 676 562 796 663 714 460 280 615 847 242 549 276 560 872 131 928 512 78 474 522 606 97 290 746 728 661 83 755 238 512 753 232 178 791 578 13 365 856 743 807 305 193 306 601 669 193 39 871 355 882 517 120 208 302 671 428 40 124 778 465 755 325 806 850 668 887 605 112 930 849 750 566 974 70 372 413 824 354 28 709 275 758 421 265 690 137 389 45 17 369 857 330 37 914 581 352 237 777 488 305 384 712 411 34 731 798 598 33 807 805 616 533 622 919 77 712 944 890 508 440 68 246 390 645 875 907 503 340 596 646 706 27 208 642 945 148 784 477 852 54 508 623 446 241 705 273 426 365 122 243 934 340 267 663 548 594 132 830 791 540 287 759 625 258 901 856 202 400 124 808 32 174 345 454 388 117 600 566 630 494 583 473 138 398 109 340 267 164 260 391 344 607 418 117 475 329 650 974 869 790 350 46 497 317 569 982 927 398 405 217 491 811 188 744 490 14 706 161 482 380 224 233 64 764 324 167 23 776 151 916 471 816 557 315 934 579 399 208 875 612 8 873 99 442 214 429 594 863 233 819 702 808 832 488 877 79 847 236 782 510 32 942 799 66 267 736 3 224 488 390 827 705 629 222 276 893 929 113 973 338 409 464 942 677 283 95 337 241 247 255 346 54 345 772 980 943 332 414 517 663 952 745 967 662 38 17 907 50 840 949 68 686 171 390 351 284 835 571 919 416 911 732 10 357 46 719 58 480 217 645 555 109 210 582 388 136 155 172 283 836 378 991 985 145 159 902 345 391 647 684 755 743 156 309 605 513 538 368 189 582 321 456 143 437 330 809 343 758 260 612 643 91 888 918 581 678 17 401 309 594 180 257 797 309 315 805 678 165 545 909 238 650 849 304 303 568 567 314 412 176 138 737 525 980 635 805 339 754 500 438 238 478 661 43 645 533 47 610 160 616 481 946 260 211 217 821 351 161 372 414 528 618 940 216 272 696 542 294 45 887 330 632 135 147 281 226 712 359 552 317 446 668 756 11 190
750
225 223 555 754 325 460 758 684 59 794 876 38 154 665 352 310 953 451 392 565 244 486 822 743 788 607 109 267 641 156 565 108 430 504 801 905 940 737 337 304 974 923 85 625 292 111 826 343 707 523 855 810 218 984 532 689 764 590 955 872 633 779 563 725 311 982 948 705 427 81 581 302 869 760 753 916 638 423 816 516 349 821 658 109 755 43 486 598 741 104 837 241 95 955 610 352 118 657 867 547 315 580 726 294 605 12 55 999 969 653 37 556 917 196 632 756 743 365 924 306 821 315 313 150 569 682 673 65 171 922 64 553 768 219 621 131 585 72 883 157 925 875 431 815 997 426 487 545 494 373 940 357 799 230 440 220 943 578 777 482 413 527 240 365 577 149 502 95 131 465 848 249 334 490 458 820 317 799 460 809 525 416 192 482 783 814 946 921 261 497 769 908 800 196 175 810 354 930 969 840 334 493 675 257 557 232 683 604 486 327 524 610 691 932 574 496 642 196 971 12 989 485 638 884 659 398 188 634 279 100 285 961 730 234 159 336 47 349 996 763 724 391 122 994 99 467 859 426 808 798 65 286 649 994 348 101 696 321 531 426 693 886 7 627 622 596 73 248 706 468 810 729 464 730 639 444 599 805 889 722 199 887 788 919 320 580 894 218 269 53 380 111 983 556 105 74 818 977 862 305 247 461 668 619 14 568 71 981 863 109 499 309 820 949 388 547 493 953 22 981 968 960 267 747 255 207 75 237 405 169 516 248 883 287 176 115 954 959 165 183 90 765 843 326 955 36 482 497 273 638 496 299 435 727 680 921 126 842 128 280 20 192 52 536 458 391 498 768 35 712 533 440 305 342 129 432 742 962 996 374 870 793 963 741 533 361 561 117 228 504 863 279 353 37 429 353 87 535 737 21 148 752 97 876 436 92 295 179 797 488 650 576 163 98 316 198 870 896 576 721 465 561 929 199 661 945 480 536 685 602 567 42 406 438 365 46 657 300 47 769 405 136 170 994 843 704 982 135 889 545 516 469 67 754 798 835 922 680 940 706 706 80 751 29 325 711 235 363 645 834 440 878 449 21 750 547 375 333 163 186 541 422 80 440 493 620 251 689 632 788 955 450 718 272 388 644 916 492 467 313 283 869 941 826 125 653 66 946 247 966 325 633 128 921 134 708 610 154 574 878 586 347 829 195 270 948 500 587 607 811 549 159 80 591 937 830 771 115 183 585 705 416 300 612 445 830 762 927 869 13 815 916 738 732 688 760 204 186 860 473 615 944 961 574 467 412 995 371 191 580 267 113 369 816 553 745 969 555 560 619 905 443 805 880 276 551 336 550 582 10 566 117 583 733 458 814 990 486 949 77 480 365 1000 41 984 611 475 661 720 770 369 603 537 943 448 369 675 654 841 137 42 931 551 111 401 486 518 864 981 165 490 353 713 573 62 612 97 349 131 598 575 891 670 647 343 541 988 747 863 912 61 74 901 625 946 755 705 306 828 92 683 892 698 370 253 718 89 955 331 83 394 866 335 909 681 176 334 568 210 448 864 978 878 62 151 894 601 662 419 696 156 446 199 874 329 323 710 919 36 624 36 878 688 248 941 509 226 431 927 220 847 724 12 200 785 485 86 664 637 791 922 472 333 37 988 168 197 329 1000 952 346 712 753 292 937 169 891 14 245 382 119 304 697 8 186 477 981 604 50 538
798
210 545 375 289 177 595 204 916 820 264 493 568 789 329 624 893 239 941 350 274 36 473 892 768 699 181 893 508 785 331 485 677 623 592 504 316 222 321 788 624 99 368 750 717 337 446 469 370 637 941 842 680 441 436 838 514 115 357 187 725 943 360 226 696 360 18 645 93 769 122 611 131 700 108 152 513 913 268 163 100 442 347 908 917 393 790 377 430 454 740 872 127 70 590 339 831 962 782 291 373 571 833 155 99 841 757 977 213 264 654 633 727 84 850 968 2 677 736 559 789 674 183 42 963 152 121 59 722 672 999 359 734 916 392 22 841 923 642 882 19 352 186 648 199 189 965 752 12 950 763 389 602 218 621 749 871 681 17 978 51 403 288 637 468 131 441 203 577 949 313 304 287 656 724 418 970 487 894 246 66 791 199 567 768 256 904 447 609 872 967 939 61 344 42 418 187 683 392 750 308 476 101 919 977 496 551 794 663 636 491 745 167 21 183 9 749 38 636 320 347 484 159 226 668 135 166 459 127 707 656 287 463 940 175 475 530 10 775 239 154 249 109 307 226 193 728 255 23 653 41 981 471 640 955 84 154 407 61 933 363 164 256 310 583 994 693 364 711 348 271 59 843 193 471 657 126 905 873 53 527 325 497 2 615 462 240 117 501 770 878 423 550 35 378 454 667 578 969 432 396 293 95 865 577 289 669 653 927 854 458 229 599 91 375 184 987 200 902 225 850 475 940 629 84 62 820 226 954 137 816 501 60 69 705 137 879 798 237 85 488 632 203 599 560 562 118 600 713 922 968 665 51 389 832 403 88 917 232 938 276 706 814 360 454 922 503 646 6 274 547 630 599 17 37 882 602 645 935 922 299 137 718 87 989 954 540 495 650 23 682 147 216 942 172 911 858 255 327 850 538 591 969 872 827 751 822 41 545 772 221 628 372 651 129 96 437 41 283 810 898 291 748 10 597 311 767 202 299 551 156 254 254 908 97 981 890 616 530 406 885 783 917 217 890 669 452 93 454 472 394 557 560 933 952 125 219 606 984 460 819 906 477 640 382 237 607 575 296 356 537 836 968 489 687 338 105 647 29 528 988 663 82 920 953 468 251 363 34 259 416 771 180 928 224 665 593 284 281 100 151 119 487 907 2 541 683 953 575 666 94 98 978 522 686 555 666 397 170 359 917 624 51 886 347 273 417 763 558 409 461 122 674 759 433 753 363 155 718 124 243 885 898 59 571 906 68 690 326 477 333 754 398 228 499 869 757 261 230 671 450 233 371 704 358 954 779 164 871 466 86 825 102 820 264 601 225 23 910 73 888 597 209 350 714 48 117 815 816 203 553 584 575 270 211 560 473 888 896 267 236 369 580 976 222 312 676 535 103 526 678 300 158 550 680 280 608 314 555 309 361 91 280 643 991 615 771 386 646 813 169 220 91 249 808 244 395 68 92 286 789 264 767 278 324 494 199 947 86 961 565 529 831 563 324 310 202 504 341 107 280 713 457 750 732 84 618 428 574 907 201 97 391 71 644 856 520 896 27 161 286 136 20 339 407 956 854 896 594 316 701 105 176 505 57 161 545 78 808 408 92 315 717 237 265 615 796 392 660 476 686 378 629 557 101 380 508 500 183 993 662 737 534 548 28 14 692 736 600 244 634 435 826 726 634 916 495 578 835 65 787 174 82 802 981 872 124 257 422 148 778 813 642 792 596 112 175 266 154 519 18 830 34 726 91 743 55 800 167 419 111 22 702 227 885 983 256 391 44 706 303 293 769 238 663 705 418 395 237 210 937 54 975 901 37 369 611 202 660
739
295 892 886 938 278 695 607 906 544 749 255 106 271 725 349 825 164 461 128 436 296 869 319 866 397 524 8 898 424 242 592 49 7 116 574 571 52 627 735 273 370 729 549 740 694 761 90 982 352 55 687 321 386 835 987 215 156 993 437 153 311 991 104 661 603 904 551 659 640 542 802 118 931 979 474 801 805 581 417 342 647 184 943 657 559 761 636 643 431 400 720 803 256 800 299 195 702 174 829 59 23 915 715 780 583 750 557 190 674 345 832 795 103 761 36 532 136 228 208 393 666 443 983 460 12 352 707 684 336 761 850 767 564 843 530 739 397 461 546 383 506 905 3 611 707 378 812 105 248 303 781 915 378 461 617 318 762 115 8 723 835 700 951 668 475 692 951 156 197 917 959 483 274 957 187 998 426 73 41 367 302 65 521 483 579 985 198 308 991 736 553 932 477 462 71 408 870 353 611 790 363 716 306 257 148 663 864 353 534 729 632 598 14 88 899 777 265 434 96 686 231 434 267 872 258 906 536 869 327 986 464 294 970 620 926 264 736 970 657 339 712 276 949 742 302 490 637 493 774 573 489 483 843 314 671 648 796 621 549 269 728 809 291 491 875 276 761 234 525 184 699 370 326 39 839 843 609 196 391 512 446 758 287 577 265 948 300 317 162 944 472 125 194 527 470 585 12 832 293 876 161 762 713 332 96 754 588 120 448 541 142 381 896 483 720 455 452 907 383 431 390 683 374 557 387 291 466 665 287 926 999 284 949 55 722 651 952 130 727 933 989 243 492 779 738 322 550 268 267 199 807 648 550 859 715 348 856 126 754 691 129 132 672 456 892 633 766 859 887 737 270 763 329 972 620 986 244 254 912 391 207 998 802 70 740 184 631 746 503 668 373 852 643 390 398 529 294 453 504 422 158 289 189 26 263 849 671 327 456 750 379 90 600 700 641 830 649 331 701 755 725 522 72 922 169 21 744 468 264 314 52 437 190 954 399 915 373 775 438 22 248 350 935 340 75 592 903 244 569 644 310 478 299 136 65 568 342 408 356 400 859 115 207 286 426 766 50 918 602 844 862 3 756 721 619 751 727 924 849 251 623 160 712 262 605 428 302 684 341 376 273 698 235 670 572 354 523 504 80 603 314 222 76 778 375 276 927 83 183 951 237 773 399 958 324 281 242 447 170 263 605 689 698 177 558 686 209 499 350 194 912 569 420 652 522 876 779 111 835 269 476 980 355 25 696 237 654 707 371 260 993 225 604 269 324 74 185 152 152 95 202 959 825 252 498 405 791 536 651 83 769 798 736 13 675 281 731 974 801 903 948 462 647 336 19 448 80 149 802 400 639 268 771 892 108 907 443 719 366 426 763 544 570 687 937 810 696 682 603 306 440 504 280 901 772 838 270 662 711 343 22 102 829 605 969 739 885 333 983 503 389 631 806 825 82 868 609 520 417 739 506 927 550 323 11 999 968 757 505 608 359 178 592 892 436 456 859 382 595 759 697 627 250 763 721 162 375 538 192 118 796 640 65 408 244 158 896 871 265 449 548 615 363 521 574 553 268 390 187 586 287 90 254 222 902 69 959 124 59 587 543 51 238 848 796 504 394 680 261 889 702 38 835 325 820 275 717 922 506 712 895 110 286 453 326 508 14 19 522 51 901 884 878 455 838 916 834 366 513
684
976 237 255 938 411 755 900 7 395 195 561 54 117 239 807 32 509 749 345 291 714 299 381 779 203 17 698 174 545 371 64 709 296 958 311 934 100 374 426 811 273 771 318 571 419 760 258 481 155 200 641 976 321 617 123 514 589 167 712 567 866 993 936 143 216 850 414 547 565 337 813 163 264 622 475 539 270 727 591 441 122 103 609 239 519 929 553 775 881 598 901 190 593 973 417 959 366 842 182 798 803 660 384 835 589 92 140 69 209 207 822 541 399 148 394 406 439 823 85 982 544 134 581 442 644 164 140 398 700 209 673 58 704 297 768 281 287 629 573 882 333 919 47 66 372 917 111 903 937 5 433 689 660 251 476 521 724 263 432 99 897 266 293 591 168 696 781 913 421 322 16 115 270 998 524 615 790 446 587 410 751 126 203 162 632 492 444 280 369 308 641 381 107 522 323 964 182 831 2 295 374 776 982 258 399 423 705 196 262 861 117 993 603 395 283 99 955 256 81 978 311 943 151 601 751 276 662 425 234 30 760 878 860 451 702 190 514 978 66 153 891 808 31 250 347 88 230 700 317 449 731 175 161 813 127 272 579 320 783 963 252 651 323 527 505 181 346 724 152 650 597 510 685 33 82 622 321 696 328 313 773 700 141 311 585 640 990 705 275 772 405 75 15 381 949 27 147 802 1000 269 433 510 141 227 751 292 354 463 11 904 178 150 324 143 374 651 645 915 638 873 172 234 855 25 329 352 957 225 148 856 491 884 431 55 87 123 793 42 113 8 542 626 33 809 552 997 861 501 97 661 356 327 517 500 712 654 750 116 778 917 803 262 148 247 857 227 550 884 429 159 405 647 874 80 410 377 931 203 661 502 362 660 399 479 691 765 337 683 96 920 865 629 337 779 755 734 296 600 875 886 924 6 129 190 743 647 868 421 419 110 563 465 487 894 85 931 767 822 284 559 321 131 404 77 72 331 600 308 813 545 756 231 485 167 548 742 750 539 216 760 314 943 418 249 243 607 612 832 40 727 173 91 810 790 935 940 71 700 951 606 826 522 31 114 778 995 993 931 811 369 935 750 393 571 554 878 78 589 299 296 456 499 587 99 253 291 166 117 723 875 749 135 399 398 659 952 642 969 597 321 63 435 373 113 985 448 333 506 934 39 30 826 767 91 510 444 395 741 551 518 754 302 120 500 499 185 901 175 721 806 921 308 594 244 873 846 540 52 764 109 713 130 759 356 973 848 794 412 110 113 579 132 124 889 442 151 133 25 131 896 310 394 168 825 480 74 752 429 129 466 973 91 563 334 474 369 347 502 485 697 24 170 419 37 936 633 764 935 967 463 454 392 315 156 903 530 444 33 674 802 47 434 939 594 275 353 173 149 494 982 961 53 67 242 228 452 670 233 20 993 820 445 471 322 263 948 189 551 105 296 78 385 8 480 889 743 602 538 683 514 713 76 227 152 213 574 579 143 522 485 552 414 543 692 896 440 633 998 598 779 699 701 881 486 991 440 441 98 6 933 834 146 118 724 140 670 576 907 11 885 996 581 425 426
263
71 721 19 776 678 139 733 355 697 347 515 678 722 91 301 629 205 837 411 920 825 147 622 680 972 627 10 424 657 320 638 417 955 804 396 471 161 626 995 522 447 609 374 390 506 251 989 422 664 706 226 918 815 578 895 779 165 367 500 879 759 985 707 897 542 75 298 858 136 827 637 477 314 733 53 58 651 125 570 875 987 163 223 880 733 84 433 667 600 617 338 853 129 686 559 198 324 388 679 816 812 268 352 701 631 550 563 589 178 701 905 327 720 995 457 639 832 753 879 242 765 47 483 522 611 749 88 620 688 801 221 375 564 72 856 506 5 567 475 608 675 448 678 496 837 279 416 108 630 503 454 902 864 983 688 927 669 948 159 508 954 236 219 380 641 942 860 449 999 591 319 553 915 922 780 375 215 855 839 67 67 13 594 273 615 933 352 780 165 17 289 784 804 971 204 19 333 998 549 411 838 928 735 506 967 326 981 502 573 928 941 891 892 940 551 852 652 289 198 69 965 598 858 18 652 896 845 683 550 427 845 492 584 453 804 562 211 776 201 919 891 218 187 774 460 950 240 655 340 993 379 715 652 912 186 116 945 52 870 920 264 460 240
135
303 566 426 323 515 486 228 938 384 510 399 568 799 885 393 239 565 533 412 690 306 409 816 490 64 487 65 273 988 29 243 883 305 606 215 505 937 400 393 403 929 185 116 814 955 991 968 740 358 753 573 799 185 761 895 176 176 545 939 123 121 193 627 506 28 445 21 962 663 992 391 341 753 170 504 944 937 359 114 678 600 14 142 538 346 833 880 243 677 407 59 934 77 300 947 703 595 133 398 833 415 382 518 375 669 188 633 36 625 574 945 439 314 487 617 348 350 800 144 144 699 58 615 987 467 342 769 449 522 489 391 786 335 399 414
143
696 597 760 37 329 749 248 136 900 837 416 419 805 465 194 913 3 672 947 32 105 593 916 890 284 211 990 188 633 226 36 425 700 42 225 759 724 747 3 748 936 573 237 926 97 431 755 497 810 315 224 586 236 555 824 642 219 546 795 898 468 943 675 594 119 342 708 963 781 518 788 688 909 145 92 379 953 406 974 464 565 463 678 414 32 546 889 566 309 817 947 638 1000 900 11 212 791 351 101 152 299 716 994 488 519 151 418 847 640 188 583 485 738 48 643 831 411 893 318 446 799 163 864 386 738 36 18 501 501 553 127 876 392 107 529 34 399 294 967 923 516 559 71
528
908 726 526 739 516 916 554 789 57 335 403 867 519 888 145 665 843 176 536 105 799 355 184 10 88 393 297 114 401 753 686 712 580 83 5 567 383 509 965 998 587 243 399 230 180 358 303 550 957 186 753 157 430 197 991 943 44 222 803 463 521 318 809 592 109 651 690 452 124 610 370 952 4 801 378 503 516 846 34 349 849 442 550 22 638 817 284 992 445 601 704 161 436 138 889 552 425 304 328 659 658 720 241 601 557 53 533 453 645 244 178 822 864 423 428 613 298 895 625 563 910 600 291 941 617 142 213 434 30 817 880 351 469 266 84 125 557 436 609 9 381 607 852 186 119 579 145 433 21 456 24 823 215 958 503 34 243 55 461 126 554 681 631 126 142 877 242 801 187 114 918 103 626 168 270 749 890 130 227 719 898 66 232 983 546 74 752 646 615 933 548 957 555 909 323 577 676 890 291 747 276 961 507 242 860 438 568 971 394 143 970 629 845 442 743 471 905 436 29 594 793 639 399 619 88 667 197 55 90 984 579 73 865 822 298 137 465 973 769 4 763 595 792 221 593 729 992 174 204 849 853 700 562 761 288 934 492 84 350 274 336 231 513 947 405 419 566 669 376 392 617 192 391 235 25 511 287 187 997 690 807 191 605 252 73 492 509 944 309 350 655 658 620 570 471 131 847 977 694 931 697 469 411 409 917 771 845 687 294 131 113 508 566 627 204 733 876 115 474 242 533 241 215 773 916 213 800 706 289 449 937 267 501 64 795 621 788 166 891 902 852 403 6 754 274 20 197 202 125 519 388 412 951 402 590 414 357 158 459 855 604 887 504 982 862 72 85 111 411 413 709 459 522 681 397 965 451 894 909 964 587 948 523 298 849 655 993 939 617 812 595 350 764 852 262 912 31 132 660 965 687 80 936 560 125 248 259 858 934 747 701 508 952 632 835 161 31 1000 829 663 145 485 626 160 493 382 636 78 541 567 144 691 555 8 751 424 729 602 730 857 531 98 596 588 77 641 969 688 757 683 809 693 997 543 677 657 441 701 463 883 184 668 874 324 816 312 596 917 124 225 303 637 905 604 670 541 771 769 46 99 352 520 677 66 855 782 412 880 543 429 527 742 983 465 926 35 23 864 347 565 50 512 627 578 162 878 868 144 851 102 60 510 618 727 689 373 198 294 42 33 892 150 842 640 484 257 827 475
98
225 179 222 744 586 402 999 383 290 800 841 770 899 446 273 790 981 930 10 728 329 142 33 237 334 228 926 265 710 736 754 286 252 691 143 523 14 847 196 464 646 862 343 507 944 956 126 435 741 96 349 50 159 459 373 351 756 657 297 592 387 668 898 38 961 46 249 247 377 74 423 324 671 717 949 729 963 400 608 608 724 353 680 44 813 472 715 59 32 256 911 843 699 832 411 482 8 23
124
578 873 787 794 69 952 245 283 967 424 127 362 653 943 113 824 567 473 450 41 162 230 458 280 968 226 35 729 872 666 16 296 524 148 12 913 508 216 268 239 490 883 993 202 576 438 882 861 688 307 934 184 578 33 866 402 381 892 380 834 37 513 216 149 431 430 75 634 482 71 353 849 274 725 98 499 290 335 149 1000 694 542 918 279 671 6 161 272 527 210 789 56 452 465 989 872 497 642 740 869 399 712 819 624 24 916 657 248 750 909 672 552 31 978 510 551 710 302 370 344 955 990 98 805
986
366 68 917 348 548 633 365 879 577 573 820 623 538 894 139 983 763 729 255 849 358 64 713 461 846 641 661 507 1 499 776 720 391 644 619 125 181 780 515 921 478 305 46 354 432 252 46 987 258 786 395 731 903 320 836 450 139 985 489 286 412 26 952 458 492 990 491 880 350 413 771 603 817 605 743 292 462 354 533 767 704 746 360 732 113 592 993 889 496 31 164 681 510 510 727 194 522 497 529 428 166 17 923 983 956 22 324 662 566 38 903 480 800 719 131 191 676 341 958 500 5 140 963 77 108 106 631 250 750 455 81 967 173 738 220 696 736 533 361 851 590 208 931 4 92 704 755 998 286 22 606 677 459 188 864 730 881 234 763 207 28 256 988 746 977 296 817 21 457 649 203 347 157 159 352 597 628 266 587 23 851 811 189 254 655 426 320 739 407 186 595 479 227 993 92 505 618 828 487 873 807 951 184 631 639 625 15 817 222 728 126 117 279 443 329 592 361 279 358 574 783 645 576 426 333 431 138 541 245 996 484 745 50 371 901 118 765 477 473 589 9 294 950 700 372 743 553 826 656 995 289 742 225 526 206 609 158 155 48 196 416 179 195 641 716 894 768 362 143 154 751 1000 514 313 596 464 981 62 763 568 295 483 951 99 337 302 911 663 629 320 364 309 662 998 421 242 16 1 33 10 756 182 662 924 105 642 988 390 521 329 297 861 359 838 915 939 681 971 389 375 359 286 913 653 620 876 77 345 913 485 692 443 542 986 71 819 745 752 897 915 333 218 468 145 736 641 753 352 145 828 332 964 716 676 847 635 985 477 235 887 332 933 43 341 274 51 653 622 603 379 633 346 735 718 783 716 601 851 288 651 743 954 298 388 81 144 80 619 879 953 753 212 198 93 333 661 23 414 98 721 717 187 518 743 299 717 322 68 160 594 811 159 660 522 983 973 599 549 523 185 531 239 280 261 190 925 388 668 595 475 865 397 732 440 576 346 990 792 461 449 336 906 462 527 340 112 291 258 992 373 861 662 181 884 973 330 570 795 776 549 383 525 529 338 394 667 919 72 115 580 439 250 935 170 268 721 279 982 511 894 63 963 978 947 80 774 908 942 876 278 17 62 462 154 389 473 386 427 189 902 768 536 670 926 958 748 709 28 987 113 484 233 329 716 593 668 979 937 866 465 116 103 679 138 965 276 790 769 183 231 220 478 653 354 618 51 345 883 908 747 476 14 723 945 847 41 50 71 166 511 656 582 354 696 449 599 161 111 589 460 788 164 182 655 217 177 3 525 331 474 42 595 982 349 906 275 676 592 598 320 744 590 824 95 818 313 180 174 697 631 254 703 902 134 885 351 591 437 558 282 464 85 733 295 418 948 78 626 681 148 754 765 382 342 34 287 564 862 982 176 993 454 261 657 589 614 86 849 533 156 798 206 539 120 394 972 684 677 677 258 446 245 27 564 148 278 852 887 791 262 239 232 227 683 813 582 708 869 481 189 997 371 560 971 369 292 279 638 934 948 732 149 377 340 595 983 55 805 36 210 837 725 219 516 64 801 170 506 128 148 1 814 224 29 460 825 218 789 280 458 63 309 645 228 768 433 554 535 813 133 307 83 142 220 301 262 271 46 337 827 724 302 851 372 524 775 700 419 278 549 993 196 226 888 744 748 726 602 186 665 449 553 616 405 154 308 89 548 114 185 373 551 525 384 374 722 262 148 101 396 32 467 740 265 394 29 531 407 992 158 213 847 40 668 356 361 78 549 763 363 175 114 19 417 577 321 74 670 347 264 850 311 867 608 455 724 116 912 330 245 529 834 182 831 674 417 152 802 136 357 93 463 813 279 406 717 529 946 236 655 79 546 691 900 762 879 395 93 637 591 554 406 302 437 821 883 884 601 603 748 262 217 551 43 232 290 732 917 95 690 122 807 625 228 677 450 294 632 451 584 786 187 755 395 619 835 581 810 897 46 733 425 931 819 523 912 544 268 93 839 656 800 164 494 921 660 286 776 665 609 800 527 532 451 9 464 219 208 885 728 832 11 348 560 634 585 545 697 401 506 987 164 620 842 820 828 662 887 555 299 380 766 712 364 690 378 275 145 496 239 87 507 679 858 71 273 886 906 726 82 919 748 356 813 409 848 901 940 23 744 947 649 893 454 585 741 225 962 780 511 414 981 556 399 804 857 676 144 35 274 974 320 518 829 58 250 233 145 713 739 592 85 561 949 882 577
973
729 258 795 240 502 327 323 352 79 661 960 757 520 839 556 973 79 778 535 216 673 460 552 763 559 255 833 765 719 502 318 117 235 850 887 817 929 692 108 156 423 796 750 897 973 735 702 406 83 697 140 510 871 877 509 402 835 977 346 914 597 844 227 302 673 668 159 490 266 429 172 383 46 972 429 129 793 729 806 80 407 647 506 326 525 5 954 802 274 550 957 448 415 984 72 605 148 914 344 563 97 641 475 219 635 798 369 317 432 392 187 192 867 417 559 201 87 526 355 513 574 255 388 873 785 421 398 711 2 605 306 934 667 449 802 288 22 983 451 207 132 239 55 179 810 735 189 297 426 912 451 926 875 295 251 117 206 589 215 817 164 676 381 1 871 46 360 445 572 284 219 481 155 43 725 763 467 824 616 487 331 730 164 688 3 427 492 200 398 313 780 888 877 105 702 31 383 147 346 877 240 294 529 972 891 208 303 594 879 427 338 4 720 461 316 948 242 654 564 907 669 343 850 730 864 103 613 958 135 128 15 744 814 479 286 702 710 922 405 179 74 654 292 979 233 122 37 397 361 397 647 405 96 288 686 68 787 228 292 338 222 428 632 313 885 119 915 772 172 452 588 410 736 56 848 861 497 457 508 891 103 298 478 561 323 338 288 804 345 501 639 435 168 501 324 672 694 64 91 490 350 963 100 949 211 202 978 74 6 873 141 350 290 279 377 467 120 302 246 231 76 621 452 672 980 923 416 775 852 900 362 365 251 31 406 316 643 108 549 119 457 920 608 313 535 298 906 361 993 786 324 955 84 258 79 592 779 448 708 23 336 206 681 959 706 338 29 383 1 111 99 373 352 716 781 730 225 296 617 322 572 168 283 791 127 467 9 665 398 474 362 584 276 647 82 301 725 609 716 97 624 897 424 360 922 502 683 958 205 940 936 797 661 365 534 984 688 232 229 967 388 227 813 309 724 461 44 94 544 156 190 191 471 544 946 180 266 54 706 507 940 225 235 920 648 612 377 332 22 40 646 908 97 958 445 887 560 998 692 98 337 860 412 939 599 571 414 465 56 903 687 540 103 822 982 263 540 505 203 983 529 547 358 311 800 875 408 340 749 823 545 504 660 351 440 291 421 562 864 906 256 732 903 937 539 199 278 241 735 625 618 924 734 459 408 963 526 492 284 185 985 234 228 897 443 495 528 665 182 44 147 129 792 308 484 432 367 973 731 57 626 752 476 928 148 273 720 381 813 98 802 999 942 112 22 224 432 658 280 589 901 147 564 648 101 738 635 537 100 364 358 649 291 112 221 475 667 194 476 559 489 815 571 458 84 788 744 85 509 968 901 850 594 85 681 187 359 981 709 621 138 658 612 833 138 881 312 57 570 635 257 984 967 83 334 986 279 594 695 143 955 527 129 896 445 207 198 330 398 729 338 835 191 505 520 483 186 612 414 829 450 524 493 9 643 434 443 766 547 28 171 514 407 350 857 679 397 476 588 938 744 857 47 233 897 967 20 148 932 71 911 46 414 761 534 733 618 175 82 207 224 110 563 558 340 504 31 379 524 950 873 452 549 921 523 502 653 591 325 852 979 633 29 676 285 43 834 464 468 132 892 104 224 989 579 507 198 924 586 15 657 481 223 58 830 688 483 293 768 6 877 350 935 224 983 53 865 452 848 334 505 299 393 944 550 16 39 758 368 207 945 821 350 926 557 679 347 893 295 283 932 965 230 338 222 638 543 818 81 151 263 999 866 856 312 875 900 12 13 724 796 843 673 387 727 13 987 315 306 113 913 506 12 750 458 209 39 187 450 872 816 355 540 148 35 201 526 129 235 120 874 999 773 886 560 261 563 221 982 387 855 991 15 527 926 354 336 614 227 674 894 423 339 321 239 479 412 769 395 446 857 154 960 162 913 294 668 350 29 284 916 81 551 376 91 814 277 85 374 636 690 126 757 720 960 645 771 239 618 577 607 414 883 844 78 424 915 279 984 956 787 893 6 27 319 286 717 121 984 911 797 653 164 920 244 252 524 947 669 911 309 663 302 276 33 607 130 565 377 675 597 747 518 98 260 846 785 636 876 688 351 384 260 955 391 374 871 862 403 708 937 513 459 112 926 118 954 220 176 108 721 523 770 260 329 859 917 403 556 419 89 174 55 908 476 229 646 645 528 426 156 201 478 169 573 861 156 341 559 218 680 757 808
123
449 588 34 816 144 538 291 164 912 698 66 660 260 460 948 481 231 921 224 223 891 493 283 786 466 471 461 414 74 771 762 840 779 879 147 560 902 41 920 14 515 822 24 531 283 341 74 416 509 481 366 595 943 280 568 532 677 427 452 141 588 976 619 771 519 21 479 831 274 331 922 208 350 873 928 936 596 635 889 967 494 543 343 259 757 753 173 887 945 698 659 666 536 437 689 615 512 523 876 921 515 194 618 650 763 488 19 694 308 524 770 62 771 104 920 219 357 285 338 807 357 889 960
246
172 782 409 535 741 816 477 344 233 955 133 93 775 403 233 968 75 855 172 428 262 254 44 346 64 116 946 63 320 769 705 308 36 925 470 963 944 960 272 23 565 300 297 828 864 25 178 766 187 912 14 420 103 821 690 879 749 556 148 914 644 999 788 123 291 759 12 617 938 293 70 734 416 615 912 55 765 309 79 45 533 714 798 313 26 261 533 641 535 804 517 250 409 553 690 293 913 202 882 8 118 69 639 696 786 737 11 687 972 235 671 755 900 526 666 87 979 222 675 67 231 97 140 993 895 465 359 698 516 302 577 392 734 918 472 544 96 589 469 326 764 468 658 683 896 603 990 135 781 809 841 352 57 72 628 497 626 849 861 927 325 428 877 629 591 654 51 210 90 896 241 370 619 959 741 105 725 971 153 795 776 933 245 188 140 238 662 22 383 181 476 747 329 236 266 387 750 346 898 262 549 487 778 385 359 689 337 224 839 41 633 701 801 204 485 562 692 322 407 147 882 503 960 210 181 405 177 633 581 878 233 854 990 682 143 573 462 69 70 68 959 937 593 828 772 341
393
390 542 381 732 678 606 297 878 843 51 219 482 23 68 623 128 631 935 949 61 28 132 549 357 129 926 199 986 465 8 988 683 219 602 27 375 638 406 53 51 695 718 225 50 267 875 144 463 12 335 361 251 491 623 904 539 769 293 722 393 79 191 529 629 648 690 407 952 719 835 10 992 294 108 69 118 296 779 867 639 319 409 982 87 816 554 862 490 940 957 551 468 919 706 540 373 13 464 18 522 763 560 132 162 502 601 680 815 229 939 627 956 974 599 270 841 547 519 947 213 260 33 881 63 390 132 436 123 284 190 165 84 673 28 42 133 720 321 395 113 347 423 380 760 775 745 911 729 69 353 978 792 144 139 515 17 41 83 473 416 751 129 182 973 932 965 681 305 946 880 509 250 642 743 697 946 215 344 890 353 706 62 498 908 736 955 182 686 701 594 310 582 675 972 956 114 667 777 726 413 552 581 548 339 158 800 698 24 232 367 196 574 440 838 804 125 706 325 118 810 227 737 697 445 395 37 95 315 759 215 187 726 594 91 247 248 567 130 807 357 725 691 814 486 25 783 423 429 617 623 162 733 789 139 259 748 948 45 758 610 335 647 137 166 29 609 421 227 447 896 181 604 125 813 438 235 278 847 497 643 118 951 616 379 575 742 907 876 468 266 29 247 459 251 219 162 594 863 800 509 409 57 409 772 237 945 690 340 902 446 17 889 343 280 473 471 675 40 22 23 75 718 841 853 604 18 853 548 214 221 348 898 179 658 10 130 127 664 469 779 418 58 823 731 586 177 445 467 874 169 919 422 655 238 433 42 58 322 340 135 881 579 998 299 144 222 616 603 794 65 989 502 768 832 366 300 490 370 198 572 698 69 210 37 380 73 505 598 577 33 726 643 732
7
720 493 362 992 56 39 727
313
579 868 684 861 424 700 739 96 402 984 705 438 895 324 375 294 157 619 446 112 90 528 414 790 165 609 777 345 2 315 760 824 501 440 283 214 857 353 267 608 635 131 41 142 22 546 845 411 868 853 541 865 54 234 328 572 467 952 269 678 965 387 742 748 988 521 112 341 804 491 939 736 504 690 96 985 529 32 417 515 381 804 337 374 178 75 975 274 308 267 862 518 524 877 920 580 657 975 413 797 159 455 9 49 652 234 102 573 748 774 417 553 74 100 344 923 849 342 847 496 631 661 440 992 162 145 412 113 232 89 891 625 908 768 94 713 608 980 995 91 258 222 254 977 514 747 589 813 898 580 458 128 643 201 116 640 436 395 524 195 145 97 44 551 16 148 414 120 382 313 98 983 528 946 629 289 777 987 679 471 474 509 142 288 493 465 438 57 698 396 447 959 664 440 430 174 276 170 505 133 483 105 730 968 721 612 310 95 381 198 673 488 892 888 524 825 314 76 468 944 676 91 262 207 822 922 558 424 513 964 41 86 940 603 401 855 554 677 406 209 213 860 180 125 190 261 754 520 675 385 23 309 369 524 649 799 797 275 306 895 590 83 642 721 456 694 399 829 56 564 492 376 678 34 754 198 488 602 556 490 996 30 215 201 649 619 137 340 14 691 259 735 625 195 138 692 990 533 984 624 774 734 334 751 806 846 146 361 524 333 90 490 780
26
472 383 499 708 848 897 863 891 106 258 490 47 914 851 552 198 761 451 654 89 499 130 815 696 431 971
529
283 53 672 380 746 834 573 862 100 560 395 446 821 527 680 614 353 477 5 506 732 735 188 310 212 432 852 592 705 239 171 893 793 869 375 117 242 785 408 434 527 696 69 274 868 277 41 592 348 258 581 52 185 33 459 828 344 719 318 985 399 994 659 498 796 768 150 793 79 222 867 842 744 141 897 988 203 111 44 530 604 608 80 632 560 4 548 488 772 983 205 394 782 183 834 712 943 582 777 200 782 458 486 141 716 254 371 157 691 721 492 174 375 823 381 290 594 124 853 52 717 32 766 606 506 840 565 31 605 336 664 355 180 365 829 898 103 279 799 71 452 559 63 411 773 18 354 45 36 969 861 746 908 31 547 658 681 671 632 649 71 939 463 716 38 506 51 142 2 416 604 442 611 606 442 108 498 604 918 976 979 28 376 957 384 285 425 740 703 22 10 945 416 628 580 570 613 36 566 852 688 882 633 392 719 205 77 495 37 258 936 310 764 269 589 335 485 262 868 800 517 639 718 537 667 282 167 469 823 15 651 484 730 840 729 974 801 84 567 948 834 869 624 872 779 140 328 191 169 325 49 629 306 685 664 179 187 312 678 804 311 672 141 882 559 896 496 679 318 774 150 179 149 720 273 818 107 472 654 2 108 391 964 923 177 110 13 296 450 439 293 219 797 62 463 709 256 777 995 864 935 201 956 568 320 793 128 96 780 47 359 443 856 365 19 39 546 275 185 312 387 491 319 284 176 330 397 348 17 200 637 815 799 767 263 639 489 29 700 545 839 339 799 961 693 974 302 852 5 744 247 741 633 344 579 416 136 760 982 12 765 611 610 559 554 443 712 716 746 426 16 804 653 438 316 180 845 753 284 503 88 369 98 381 549 34 28 226 352 294 89 760 271 695 446 531 767 793 123 133 455 302 183 537 358 54 258 832 772 383 24 483 153 399 841 407 246 586 404 912 668 960 577 188 469 955 160 122 756 997 312 186 500 691 248 129 506 158 349 790 150 472 63 615 791 838 72 428 153 919 847 180 923 527 852 900 744 257 384 812 967 270 307 555 172 352 56 467 37 430 155 326 571 637 40 575 245 377 661 306 683 727 926 106 243 837 77 308 907 168 456 411 774 484 171 554 515 572 215 249 222 17 61 540 8 26 348 103 583 362 615 929 479 46 848 250 323 145 764 49 781 516 459 777 839 552 593 571 13
603
597 190 756 809 609 67 36 372 320 110 781 5 131 488 923 458 969 277 783 728 335 22 655 890 482 669 228 191 974 30 560 572 109 537 95 585 374 330 988 892 508 460 548 43 789 307 439 360 73 392 849 144 95 529 370 84 513 713 946 33 816 886 747 329 705 364 312 907 800 18 18 275 824 289 507 747 678 415 903 518 216 194 847 965 145 345 908 882 3 191 92 162 143 244 628 475 444 622 140 462 630 389 232 575 103 211 947 601 737 38 862 745 161 169 346 296 696 676 532 663 121 45 523 387 942 876 127 798 530 131 435 896 695 171 113 886 986 161 915 32 554 147 475 361 909 661 240 480 224 978 604 191 703 637 488 471 920 351 298 187 950 10 579 8 836 256 42 674 790 346 748 787 313 709 234 891 987 306 549 782 613 889 971 623 808 778 198 188 818 231 769 169 244 21 637 846 738 40 998 832 485 642 628 111 32 552 414 805 675 518 71 628 517 791 830 543 665 195 241 425 586 271 394 602 192 634 215 849 460 436 260 918 597 821 230 51 711 561 890 49 608 193 440 333 320 878 904 667 518 801 448 651 10 91 714 471 344 499 129 59 376 983 496 301 290 174 119 479 487 780 343 478 38 28 782 746 455 368 967 176 391 163 876 492 375 233 970 384 722 43 425 742 767 671 935 828 779 483 373 419 485 3 455 31 252 15 153 708 797 701 307 150 439 585 719 655 653 380 448 538 200 67 772 908 21 795 731 401 367 127 673 839 166 900 322 740 77 406 291 857 274 113 813 413 549 518 511 611 41 886 790 189 695 586 220 835 695 726 712 23 771 324 243 736 479 694 681 572 177 674 400 874 998 396 433 174 532 419 542 185 163 533 49 187 838 877 558 600 653 452 528 935 622 962 298 112 265 850 224 858 880 443 767 742 967 5 696 964 417 753 115 696 464 646 487 733 499 399 592 485 678 774 33 220 418 337 457 61 348 440 395 495 541 865 223 596 525 266 514 113 393 77 497 922 163 793 67 382 338 927 822 62 486 8 262 13 468 461 391 18 243 539 282 768 649 738 927 452 305 931 642 530 760 588 254 283 79 31 740 604 520 5 767 636 946 701 182 67 857 16 663 815 58 366 852 722 362 277 176 736 46 687 309 603 426 292 296 237 3 256 768 855 607 528 792 296 36 351 288 866 975 199 356 680 117 404 214 627 662 749 65 878 249 83 371 605 293 748 323 400 977 463 687 3 945 96 25 480 305 58 938 178 606 669 751 345 822 642 689 566 198 906 924 997 979 725 39 197 632 129 19 605 193 364 696 848 181 904 915 344 9 919 200 491 583 303 563 801 106 862 169 640 825 622 877 7 932 106 661 946 134 964 530
888
753 47 318 156 373 160 898 120 914 375 617 602 282 463 26 586 872 706 407 402 746 124 952 59 612 631 132 968 386 397 314 482 896 817 212 673 312 603 921 900 344 733 175 542 158 387 344 240 927 723 726 876 165 232 142 831 791 377 132 534 826 395 175 394 902 745 417 592 916 479 867 197 836 205 485 433 192 460 594 642 79 840 54 685 933 152 166 382 187 465 316 213 268 455 787 837 371 110 260 399 900 686 638 692 572 818 129 933 133 620 115 666 72 993 332 991 983 534 807 353 10 32 332 463 939 920 288 288 427 908 341 186 288 227 309 860 249 411 495 248 899 90 677 25 140 416 645 634 541 111 594 445 791 528 854 902 134 879 54 51 637 241 309 128 410 844 745 332 842 306 10 344 640 245 886 392 978 113 562 655 22 276 438 518 6 415 198 913 536 610 967 508 373 487 380 109 90 255 42 182 317 918 56 542 783 944 563 992 827 360 13 30 810 319 955 724 327 424 135 370 781 195 231 238 552 56 781 146 570 966 988 367 992 272 287 86 579 433 499 230 724 150 594 641 690 814 696 428 469 281 390 848 642 345 464 710 926 148 720 393 807 877 662 427 190 967 780 780 908 395 955 496 508 725 359 709 91 305 231 310 229 89 48 870 924 533 15 617 413 499 223 798 56 766 863 656 826 281 882 453 73 222 903 413 396 781 599 488 137 2 731 273 303 587 190 874 30 676 279 452 993 700 376 185 955 974 726 647 666 2 523 833 638 902 934 529 393 705 319 296 244 476 986 533 294 122 142 792 302 897 909 356 160 318 828 56 26 383 59 760 400 352 179 825 128 610 772 212 641 90 548 196 518 906 38 22 471 204 10 959 156 474 576 608 624 952 660 721 432 235 91 74 355 661 39 948 156 974 232 698 451 263 698 422 199 84 921 93 635 840 10 488 24 878 192 846 500 177 133 934 668 104 654 555 27 810 651 283 982 717 524 272 853 293 390 107 763 989 794 39 354 218 582 693 944 25 187 362 461 699 361 950 133 363 806 889 17 478 451 937 562 953 115 863 976 937 221 356 787 814 43 92 151 25 483 635 492 162 345 662 852 405 772 580 798 921 708 764 153 727 718 163 445 828 40 448 303 509 634 127 569 845 800 205 350 858 1000 383 843 234 383 606 348 984 877 654 806 621 904 699 363 63 690 731 647 195 954 595 331 680 4 411 466 967 184 67 602 916 805 702 591 974 607 147 192 558 644 389 1000 669 572 524 919 361 922 899 227 590 173 50 195 540 45 764 507 20 765 262 42 776 380 201 119 987 284 30 104 686 114 790 933 980 720 87 883 665 419 876 219 325 163 903 559 956 360 382 969 239 626 857 528 168 665 625 301 926 504 467 231 83 596 987 154 132 140 484 35 953 783 943 479 48 33 530 251 587 185 408 966 333 329 97 216 676 441 634 256 549 351 432 407 229 564 957 287 268 349 934 691 298 957 355 4 816 869 811 323 535 95 733 993 236 6 572 971 51 328 976 228 868 314 674 571 95 243 40 749 573 989 487 442 232 711 902 758 873 640 950 83 759 407 380 9 622 625 975 181 483 749 726 777 937 9 796 910 209 885 121 322 532 383 682 486 860 942 621 243 573 41 737 998 667 187 98 147 863 114 733 188 304 913 162 305 975 81 732 976 878 446 65 593 849 139 795 349 512 165 692 398 117 945 434 654 426 713 661 469 859 88 874 175 269 452 969 35 605 158 410 619 925 877 489 411 599 284 168 210 454 672 782 822 993 881 820 308 434 254 608 526 334 789 371 342 148 758 888 6 280 427 730 320 834 591 300 59 834 149 103 495 5 783 544 66 236 535 283 759 745 587 645 830 671 230 59 111 374 367 124 295 376 66 392 743 794 279 651 395 451 23 652 329 89 89 156 886 916 576 53 210 576 797 246 586 30 124 625 293 95 788 995 640 480 80 559 804 651 664 706 545 410 945 80 550 970 182 24 846 487 103 835 567 292 116 816 115 139 417 90
417
418 644 385 306 766 231 459 581 165 187 561 935 863 156 911 455 473 188 356 980 538 750 655 926 815 648 852 116 844 89 438 948 538 11 965 561 29 895 455 595 303 455 478 773 694 157 522 374 517 774 223 208 861 918 553 186 380 129 260 665 451 503 68 883 932 145 80 312 972 844 565 800 265 206 477 958 865 960 1 954 632 51 546 820 44 230 372 922 197 208 751 192 813 794 652 622 691 831 662 891 626 955 207 276 156 299 675 668 376 474 94 491 217 217 867 475 949 167 451 428 510 184 460 490 166 805 112 299 385 495 228 894 477 480 10 873 340 238 82 885 484 184 744 904 277 904 294 261 64 51 405 577 824 297 570 211 710 201 235 915 407 544 735 605 349 965 676 633 215 560 3 513 986 675 551 325 923 46 968 863 404 306 818 421 47 345 547 420 246 207 708 581 959 247 60 248 777 462 256 289 877 953 119 209 547 79 597 605 678 229 691 893 778 326 519 495 354 277 159 311 85 498 81 366 966 459 59 227 999 915 454 880 440 623 305 449 960 675 986 54 655 989 907 207 419 204 503 978 439 411 738 14 696 50 677 720 871 510 927 113 33 395 852 289 947 614 623 522 524 385 340 576 177 255 154 625 527 646 298 994 291 44 672 849 468 691 509 71 93 192 117 374 775 87 859 562 967 822 86 492 930 795 501 342 14 442 236 334 802 103 948 70 921 316 226 281 946 404 685 724 325 960 706 913 355 204 535 189 931 819 197 479 501 761 392 404 534 707 871 688 875 932 588 895 236 378 386 857 915 380 317 521 631 266 406 970 118 249 407 196 5 10 871 381 600 953 896 110 852 449 249 930 406 668 317 334 196 821 835 998 577 604 686 229 553 472 62 591 897 516 702 462 412 360 119 277 971 881 71 610 213 260 910 819 624 245 652 277 790 35 512 548 759 512 63 627 47
752
589 242 299 931 305 400 656 786 431 984 285 281 712 478 482 460 720 861 144 409 773 846 187 633 256 248 896 529 534 765 797 716 890 512 665 524 817 372 987 258 265 939 135 320 591 111 337 388 202 218 315 844 497 692 991 82 10 90 786 749 891 236 754 314 289 451 988 475 265 107 634 455 797 97 407 460 492 389 729 387 574 838 170 464 962 785 47 920 203 491 435 934 947 641 218 705 126 12 217 682 86 839 525 476 316 605 725 114 551 640 601 934 894 175 563 742 489 676 815 684 499 653 837 798 535 80 173 877 998 22 186 848 146 168 365 612 229 711 595 7 996 819 990 196 507 29 788 826 447 385 357 767 394 895 562 179 750 486 436 127 682 252 581 157 48 513 488 999 940 872 543 204 863 227 734 519 380 372 820 599 424 909 91 468 832 536 953 45 470 202 594 100 470 131 106 587 759 747 117 928 106 195 515 125 564 312 803 682 158 822 762 415 217 767 906 180 184 258 703 10 270 350 116 456 723 750 819 818 20 193 274 233 781 957 615 642 613 536 525 571 453 111 588 711 359 124 498 274 421 772 888 866 851 419 132 455 426 894 926 73 14 23 805 184 264 290 431 18 922 670 636 792 590 620 501 456 197 264 903 389 350 97 908 916 991 29 350 526 119 718 855 518 698 49 800 216 437 168 838 547 488 970 230 197 954 736 816 841 594 235 284 368 632 763 399 67 294 134 335 856 558 616 175 908 828 640 892 601 181 376 643 559 96 670 808 999 488 447 866 396 813 349 668 317 250 745 446 51 932 208 69 290 693 721 267 487 876 313 693 571 790 959 101 140 120 341 983 365 633 673 819 195 787 513 822 459 717 404 223 181 317 519 492 93 724 956 834 730 139 485 768 506 774 339 53 8 923 17 130 529 318 757 193 289 203 727 90 118 483 417 761 708 505 819 314 291 241 373 294 538 439 796 615 140 473 610 369 180 495 438 45 490 710 391 78 414 617 451 795 331 209 768 314 92 856 557 528 62 533 880 42 748 291 209 32 60 755 755 288 558 704 994 359 239 654 440 268 700 911 571 98 451 952 694 245 695 407 172 301 435 896 182 764 991 642 205 829 665 965 985 194 284 740 248 12 690 567 886 747 798 213 251 20 646 341 508 702 406 720 734 155 535 926 828 767 287 21 315 250 509 537 223 121 964 877 280 540 54 693 23 267 931 583 505 211 211 898 999 687 1 634 918 759 431 696 134 714 596 840 337 968 898 76 471 44 605 568 320 804 860 419 511 119 161 538 578 919 178 554 142 244 645 150 647 626 504 796 776 18 820 13 305 440 968 777 664 646 765 826 873 813 896 324 754 80 123 276 691 235 707 786 228 742 892 707 868 487 490 769 82 552 266 180 862 971 947 488 632 205 216 861 329 401 253 668 599 881 579 583 299 494 70 688 381 419 384 564 82 179 789 666 696 354 173 180 81 516 317 88 293 6 711 951 86 343 54 646 993 138 76 779 627 468 628 849 360 671 845 557 484 988 677 339 646 809 771 533 486 88 260 757 393 796 170 671 229 893 459 481 549 827 155 992 14 803 177 211 259 766 296 563 228 705 963 887 943 934 497 770 905 720 755 366 841 521 141 936 315 855 268 962 908 972 459 248 962 16 752 291 263 232 468 874 491 529 610 304 888 493 568 919 857 617 670 22 992 506 684 691 139 309 416
901
839 305 267 274 24 951 637 600 824 249 114 389 190 515 660 702 635 188 260 290 539 947 697 649 783 476 704 478 778 999 395 717 607 66 525 583 546 441 167 361 832 18 762 712 382 95 875 417 672 555 495 520 667 380 253 941 40 122 543 687 648 219 479 64 871 856 538 963 8 909 5 737 193 520 876 94 519 970 944 605 137 350 198 62 382 86 296 223 171 128 548 978 906 847 825 718 972 694 24 60 77 305 734 385 184 881 89 137 626 930 407 930 292 764 779 153 150 581 259 128 837 197 761 789 241 957 393 320 429 384 201 370 233 767 30 711 845 341 354 695 735 984 482 925 171 795 480 70 258 306 435 326 409 194 783 73 516 685 740 156 360 867 829 390 335 181 637 585 892 769 526 584 218 685 375 313 989 738 814 466 989 740 599 869 925 199 71 962 493 720 446 92 83 299 31 181 247 827 646 7 289 966 609 647 663 477 124 844 662 49 734 641 118 676 401 305 738 532 283 10 661 969 824 526 214 607 76 713 587 731 70 275 597 724 26 205 894 45 332 729 985 707 722 356 661 219 728 269 322 185 165 566 836 73 127 650 255 90 337 550 299 131 939 61 405 912 745 8 519 450 514 578 222 550 820 167 990 487 811 256 209 687 911 192 756 86 163 604 690 660 528 658 852 74 298 936 499 469 209 807 661 352 575 842 984 10 404 640 883 176 20 766 184 21 607 389 578 722 447 339 326 643 359 66 826 948 879 754 433 81 9 781 125 188 690 712 733 338 18 200 438 755 699 663 814 908 201 572 915 562 828 911 306 68 406 547 221 278 454 505 422 670 518 523 296 171 485 448 212 514 934 865 903 421 399 891 968 850 118 608 637 841 782 134 655 268 263 95 875 54 33 202 525 935 756 78 734 255 150 459 411 778 659 971 399 828 72 641 288 912 10 522 42 409 896 141 897 231 761 887 745 846 734 874 235 640 86 687 299 552 158 775 247 607 95 705 667 958 409 1000 635 473 676 472 139 759 687 362 374 956 313 837 387 865 152 326 489 194 261 80 116 817 907 303 777 71 79 7 259 974 538 857 378 659 127 231 641 446 627 91 267 121 726 205 361 159 297 159 248 71 28 292 552 690 715 841 934 553 156 603 287 974 467 537 19 545 302 656 662 794 901 889 4 954 173 807 531 969 271 720 503 322 101 776 283 959 170 194 851 364 202 60 770 257 834 677 349 582 44 372 90 473 125 578 997 846 30 405 112 702 52 773 294 12 127 229 346 805 75 250 426 142 169 706 926 71 947 620 765 590 205 684 341 955 802 906 134 436 515 956 738 487 795 142 352 409 724 711 969 490 806 464 795 54 604 751 19 323 403 131 920 197 123 949 956 606 734 685 741 6 404 793 121 342 841 756 487 301 542 342 872 467 565 272 161 9 501 858 626 55 633 864 790 860 92 767 579 196 248 238 391 507 463 765 1000 318 984 513 391 979 139 41 365 551 198 546 103 180 487 798 213 98 530 801 862 542 930 938 141 512 139 520 395 527 98 969 114 207 794 786 626 97 139 603 359 901 12 873 355 717 329 811 851 265 307 644 32 910 999 175 512 226 515 191 589 709 20 939 213 905 425 231 784 421 63 67 922 152 942 708 166 71 219 823 220 32 797 543 65 293 881 524 957 976 887 443 998 418 719 28 116 153 393 914 450 974 617 366 230 353 166 17 905 465 372 210 183 116 527 279 914 399 855 493 806 946 696 465 914 749 523 673 450 907 830 701 467 526 854 581 785 914 943 899 320 466 734 70 407 298 280 162 857 102 474 838 699 922 765 786 543 371 277 145 521 327 400 11 983 924 107 4 64 288 501 396 796 758 373 517 245 772 326 29 103 154 836 878 517 433 118 178 341 657 836 289 709 49 43 974 757 665 731 330 69 539 518 944 247 164 610 746 49 40 71 572 542 21 890 645 99 55 289 41 368 631 498 701 456 368 305 550 72 40 946 736 424 743 779 1 937 303 453 335 433 313 241 366 98 350 71 58 58 140 66 253 544 675 628 503 248
185
580 356 191 285 543 534 888 789 697 173 657 132 869 95 778 789 740 201 909 838 282 93 672 779 183 382 154 59 277 781 126 395 658 351 325 562 393 933 801 550 838 402 763 847 502 873 992 522 375 626 720 741 76 753 118 229 586 753 972 755 415 309 234 50 433 729 191 534 645 587 352 637 268 914 627 428 251 83 511 649 282 594 19 326 63 796 635 156 652 276 554 42 723 807 408 848 630 477 325 346 73 491 780 558 930 501 350 998 746 615 524 295 308 101 624 661 353 841 699 333 355 871 112 5 636 318 131 287 385 269 650 497 417 953 344 213 617 897 797 649 893 316 677 388 547 274 309 15 865 248 110 613 723 98 9 335 875 916 697 395 963 45 416 402 20 845 721 747 20 202 194 907 470 348 592 729 641 616 590 552 220 427 435 653 26
192
943 605 106 660 454 611 553 397 41 5 251 74 153 833 167 737 165 135 975 548 686 112 662 427 680 714 564 424 632 346 697 125 920 396 464 971 621 390 465 381 358 859 579 980 974 843 783 124 622 332 169 161 138 690 238 24 23 689 861 973 713 184 78 490 890 684 37 528 381 487 181 174 491 115 801 79 544 402 311 404 130 941 591 384 215 665 390 300 910 616 9 309 53 553 607 775 941 817 932 272 117 177 660 870 902 999 475 819 318 701 34 604 883 265 628 535 707 208 572 354 216 841 196 143 220 420 30 458 957 230 103 201 94 733 160 991 722 120 463 568 83 9 809 152 280 275 268 800 322 294 956 148 377 313 856 788 451 962 785 911 238 615 522 742 423 149 970 400 697 389 814 279 580 471 537 256 849 329 718 394 297 19 647 354 339 934 407 283 895 797 565 452
779
101 385 92 852 955 510 956 752 236 35 421 99 422 243 565 377 421 917 383 662 320 706 889 418 924 139 857 429 158 894 648 552 842 663 354 722 626 143 405 365 763 793 174 115 528 28 408 659 877 38 702 441 757 872 975 190 275 69 52 911 509 132 392 420 224 522 971 46 601 697 883 771 100 262 931 870 876 553 105 507 335 463 61 724 233 106 571 457 492 834 922 833 492 120 966 216 184 62 296 660 437 141 473 894 704 423 586 157 304 665 664 700 902 974 184 272 70 292 598 916 337 733 681 575 97 708 990 173 443 217 788 827 670 725 343 517 808 543 862 238 996 865 641 335 459 774 451 170 479 772 502 457 734 885 935 407 169 732 822 878 579 14 934 73 995 115 688 14 448 733 963 568 167 23 954 228 796 743 67 642 744 249 402 91 50 77 883 840 469 757 31 432 532 65 105 32 795 435 339 277 293 689 463 798 751 834 216 577 46 885 68 263 592 572 893 432 848 122 255 187 862 829 790 835 455 823 756 525 759 511 285 557 979 3 572 802 236 145 577 543 747 703 990 164 56 531 40 907 281 146 830 288 308 421 321 12 228 962 226 444 452 417 734 366 829 651 570 420 918 59 471 740 414 146 751 523 987 707 451 168 387 816 633 350 66 784 813 534 334 109 935 461 696 596 227 350 382 941 143 875 682 645 200 553 474 781 151 375 144 84 174 579 260 340 812 806 168 73 231 182 994 297 522 292 741 876 980 269 664 231 860 592 838 53 767 900 686 502 531 53 253 501 813 968 130 134 144 919 561 614 658 162 731 986 767 949 500 825 968 177 79 591 263 832 387 934 96 527 720 793 823 670 655 135 131 857 645 870 421 85 692 58 5 423 21 719 742 575 592 529 935 164 20 318 732 1 712 920 32 789 141 911 995 112 122 653 222 773 148 959 963 217 477 821 607 686 579 859 76 677 677 730 988 675 320 111 476 213 69 944 478 266 688 985 39 274 308 710 296 255 643 220 620 625 183 388 938 814 15 893 652 72 926 931 693 785 957 823 378 214 252 608 903 563 50 13 998 590 882 464 595 733 332 262 941 937 177 327 407 766 984 947 869 604 414 739 755 11 951 196 348 735 539 127 654 44 1 490 68 225 553 775 805 761 717 352 875 697 138 95 281 130 254 297 925 424 318 194 224 753 775 624 273 331 880 21 433 232 422 227 724 290 699 125 199 522 41 648 96 636 368 165 860 170 2 49 840 670 862 636 826 307 502 317 469 691 840 939 187 980 674 482 304 161 266 798 604 389 395 894 941 794 826 272 125 58 209 15 152 317 673 430 191 687 430 163 512 344 35 989 284 680 907 468 104 641 313 567 27 602 607 799 186 569 20 977 31 303 956 199 968 741 804 827 843 993 950 823 54 150 650 695 661 135 574 932 187 59 561 267 299 947 467 26 101 580 617 518 759 973 795 427 180 605 419 488 832 822 581 405 531 700 486 484 135 179 495 354 647 152 889 837 360 890 413 938 739 450 339 644 142 933 257 844 226 687 540 227 32 985 683 506 24 309 91 93 675 592 690 338 686 601 585 326 616 191 942 943 978 499 731 636 871 478 402 139 842 687 89 379 223 668 58 603 704 727 865 941 408 631 464 654 22 331 93 916 372 148 697 570 143 333 316 769 328 72 681 180 676 760 492 674 584 357 678 33 922 897 257 305 659 906 451 655 714 140 54 903 703 710 730 998 814 96 956 547 912 569 335 929 640 299 533 360 393 576 236 362 996
