483
87
690 515 503 21 770 627 991 359 937 528 600 534 894 866 421 476 174 856 372 310 825 376 946 392 737 344 431 702 765 935 504 980 684 581 972 738 712 551 261 14 82 266 930 41 144 327 719 329 867 349 401 797 852 452 268 964 728 122 890 507 370 239 324 558 755 336 934 543 184 934 120 380 322 180 626 92 953 379 842 396 395 627 589 685 824 97 783
171
427 645 517 492 393 730 77 22 52 280 183 223 441 408 662 404 104 984 864 477 13 540 222 332 34 205 785 848 888 73 241 854 734 409 177 893 711 122 507 212 426 614 701 986 212 128 109 683 241 385 431 865 467 909 552 680 643 159 663 465 67 139 324 323 783 548 564 84 360 422 772 302 602 17 679 950 682 490 527 631 918 422 92 520 204 326 594 510 705 548 699 985 24 9 754 648 462 492 705 914 209 678 571 877 30 295 720 595 152 673 63 208 291 864 277 590 192 410 2 310 851 949 858 457 478 152 80 284 636 112 178 909 795 456 4 356 401 238 388 772 944 365 75 236 811 497 202 524 767 661 470 532 946 726 944 254 114 330 736 554 989 469 372 893 913 598 85 796 353 699 760
753
626 718 881 294 220 917 953 284 53 524 562 204 538 277 121 621 933 711 338 288 443 418 104 929 665 539 932 643 691 252 12 733 37 742 102 235 991 55 691 593 109 755 313 491 273 871 831 626 919 785 884 361 86 509 174 937 694 642 76 470 833 876 488 637 122 663 359 701 941 434 490 4 672 868 109 251 645 695 620 98 850 382 873 254 178 683 285 363 693 374 117 905 813 653 410 977 845 286 828 756 964 634 898 988 235 662 420 161 691 947 29 487 245 94 720 897 405 782 525 894 56 757 36 597 797 298 595 489 743 140 397 375 124 9 696 943 535 46 276 85 198 139 700 257 963 476 679 563 193 228 453 477 711 445 49 708 175 148 86 395 311 663 623 487 824 338 31 888 312 237 840 586 654 870 91 650 992 366 141 383 177 491 376 534 128 781 751 457 967 165 397 712 636 300 341 22 919 288 224 344 990 550 567 328 336 568 784 497 872 124 154 288 221 192 713 653 715 411 446 387 388 404 299 658 574 283 74 8 979 639 802 968 198 790 572 936 239 598 867 920 833 464 558 943 923 754 980 580 763 317 852 850 621 976 403 555 818 867 595 905 228 88 953 190 238 333 853 522 527 797 361 685 990 442 494 206 91 748 930 94 552 773 197 693 760 268 972 950 527 692 878 879 384 635 687 366 345 484 771 136 720 66 24 826 598 99 896 554 455 261 387 977 727 799 808 193 317 894 19 966 256 514 203 427 664 105 508 624 606 668 748 357 320 478 420 735 744 662 72 855 62 68 251 157 412 194 282 1000 119 788 664 941 634 946 171 456 87 702 227 371 608 69 476 166 443 224 20 853 721 438 402 476 137 338 303 329 418 335 737 165 980 756 769 905 369 946 526 831 326 443 311 620 274 895 523 458 587 417 368 411 387 621 611 860 943 802 169 899 990 286 404 457 249 492 988 893 464 351 935 875 506 999 8 254 342 758 294 898 566 314 373 376 114 898 786 133 724 242 848 902 941 957 327 612 395 578 205 430 301 985 412 190 910 931 22 708 203 996 669 844 530 628 132 215 339 696 497 461 387 309 887 378 44 461 49 668 543 915 182 831 334 759 82 62 999 371 291 735 871 599 98 388 197 526 194 928 876 66 428 187 690 662 15 465 203 811 255 6 831 773 469 320 352 949 672 211 841 475 727 413 701 957 701 57 478 616 736 719 99 720 296 931 515 964 764 797 711 96 968 971 650 323 858 216 373 531 215 366 436 423 303 996 448 485 345 112 354 307 802 324 983 325 32 655 358 443 364 793 265 482 966 216 829 332 851 890 942 428 797 323 537 421 24 474 687 310 767 271 949 927 23 101 130 438 393 868 714 78 163 630 619 241 302 572 679 507 860 658 615 50 262 929 11 353 658 552 308 941 115 661 80 955 66 909 56 726 879 689 44 597 600 559 862 579 599 61 223 828 24 220 830 396 864 894 949 871 390 640 807 598 879 81 757 763 203 17 197 393 781 849 923 402 390 275 467 588 650 413 755 822 255 588 763 990 875 733 475 755 153 1 238 258 843 206 687 326 928 760 156 11 257 739 936 196 845 567 539 276 779 716 133 994 11 200 374 470 877 647 256 998 231 228 860 212 773 619 9 318 235 296 439 945 171 45 311 527 487 555 93 782 771 636 185 726 909 197 104 14 750 208 834 606 29 102 779 83 432 166 753 251 402 273 4
830
304 65 335 383 761 890 860 14 861 18 225 373 92 866 538 913 817 402 394 874 171 257 788 586 175 516 978 285 536 863 772 30 687 428 786 960 2 916 637 367 704 843 669 595 702 546 842 69 163 326 57 322 129 730 22 617 229 259 527 224 921 945 924 296 915 22 788 752 231 772 722 988 246 59 131 21 298 307 467 79 256 758 706 161 875 274 564 753 808 393 517 577 562 280 461 798 306 625 9 580 139 149 795 908 488 976 521 508 343 200 910 339 435 728 59 22 651 26 173 431 476 605 968 514 449 981 798 356 752 173 748 592 907 597 882 694 33 839 675 940 256 828 670 105 717 299 74 859 203 143 326 604 600 659 179 677 161 505 22 307 716 468 251 148 749 102 933 192 417 578 86 722 88 381 258 787 219 234 653 11 294 448 386 397 293 327 181 187 158 803 272 468 661 877 129 224 320 68 433 346 657 870 466 194 795 524 109 478 960 698 671 764 91 819 756 889 203 7 849 461 473 350 880 744 863 990 165 468 928 848 686 138 602 557 759 296 271 118 886 78 70 959 984 482 220 369 18 131 863 39 582 492 478 32 820 329 601 100 951 996 524 367 541 282 947 15 352 344 541 672 904 502 224 209 188 67 931 372 10 987 61 949 542 430 690 660 366 350 381 288 614 105 170 653 467 870 243 287 53 69 197 765 515 266 709 281 339 813 962 335 74 901 972 441 630 450 673 755 6 968 22 393 610 988 870 758 91 377 338 619 698 573 111 977 551 443 861 273 726 876 851 476 94 398 627 461 912 982 127 30 13 209 186 836 122 887 146 239 35 272 886 457 436 13 319 31 613 593 650 205 596 265 492 879 662 6 717 4 371 500 350 417 365 607 840 711 121 88 84 74 415 444 312 357 8 736 58 330 218 671 720 673 698 84 752 571 654 302 662 345 412 47 503 117 613 722 61 507 328 943 913 297 968 363 346 70 916 190 916 486 698 204 317 227 985 997 316 657 807 953 419 184 978 725 773 89 930 854 10 730 781 727 49 484 62 67 676 124 7 564 144 886 27 528 175 155 956 960 673 490 102 299 462 850 428 52 309 290 110 954 390 520 117 44 990 113 734 549 134 683 791 116 232 157 674 131 510 629 276 541 677 995 911 28 650 529 670 789 237 894 480 860 555 940 245 384 93 574 430 901 480 390 536 725 665 363 201 123 769 548 230 551 174 16 754 302 927 743 232 356 782 643 205 474 700 335 822 794 243 821 940 898 792 457 633 812 772 392 798 556 651 275 793 249 554 388 183 163 234 118 903 745 686 399 164 263 812 96 667 996 187 330 369 448 854 389 347 421 130 148 941 185 372 106 178 899 858 911 892 240 690 234 964 769 955 110 497 785 172 83 35 80 616 208 151 300 773 988 737 517 378 561 629 917 591 350 725 463 5 927 811 99 761 896 773 510 378 258 635 839 465 117 522 4 83 299 337 91 45 119 281 312 680 816 291 823 426 228 20 96 155 913 97 827 471 430 798 213 616 232 766 965 889 639 965 213 721 584 148 424 518 505 808 634 493 508 685 79 457 108 146 335 186 233 425 370 778 248 491 474 54 183 40 866 227 99 295 602 202 924 405 136 779 430 777 945 186 981 508 798 178 510 831 79 798 135 858 223 175 844 457 734 872 197 602 244 787 73 725 925 639 441 677 212 273 35 472 742 235 967 321 798 455 708 662 978 911 624 654 258 63 245 973 840 51 908 651 389 881 434 819 640 209 782 931 897 491 655 77 754 942 488 450 615 169 405 996 158 330 83 37 234 170 764 880 603 659 554 594 390 950 558 204 992 44 208 379 675 126 610 426 210 190 922 353 816 608 612 462 604 74 40 793 101 108 828 133 133 775 138
525
263 799 711 817 281 486 825 980 924 570 556 236 396 899 944 803 472 283 956 762 665 720 564 817 79 164 859 33 184 186 981 226 633 920 356 96 777 538 763 442 985 185 768 393 19 923 708 657 364 748 587 428 250 22 858 381 199 33 189 960 18 801 240 950 888 793 891 307 207 386 517 577 515 39 977 788 809 875 520 553 993 979 681 862 385 684 259 793 369 501 820 28 731 884 179 949 669 275 982 912 969 179 563 929 502 728 367 723 29 392 536 67 657 563 475 353 479 233 787 694 299 544 60 89 870 878 523 498 903 479 242 806 525 834 312 820 628 810 417 1 408 384 725 340 262 868 272 987 446 271 496 39 17 625 61 551 602 928 51 157 792 266 866 258 455 530 398 321 704 943 338 6 664 995 12 292 36 415 459 935 754 208 20 737 322 681 850 556 746 451 970 478 870 361 71 908 609 125 195 131 380 700 602 78 431 980 519 554 652 771 542 72 39 712 247 580 528 80 316 53 437 776 766 977 268 194 570 458 41 524 281 735 852 952 425 707 510 265 949 50 226 640 478 955 378 455 351 584 65 511 210 66 208 170 648 819 196 131 460 867 620 292 371 468 266 462 705 885 962 299 841 250 410 126 133 940 407 740 814 391 389 489 517 791 510 551 786 998 28 494 29 229 474 503 136 15 290 189 317 374 443 611 768 3 170 26 305 391 354 61 225 151 527 593 903 719 342 406 332 973 210 40 403 517 175 665 822 336 935 906 689 567 540 781 334 640 876 251 710 933 821 259 196 448 439 847 877 54 109 152 603 434 329 309 933 845 206 781 927 777 21 784 392 615 760 478 927 128 538 45 379 850 846 886 388 628 571 923 463 728 36 778 670 716 191 263 335 423 299 100 479 993 758 456 277 84 13 56 193 543 829 340 724 582 685 466 470 255 870 130 581 872 526 245 924 805 448 621 701 996 561 96 224 363 551 277 617 530 809 618 11 181 94 714 357 744 151 780 384 137 28 194 1 921 945 429 387 251 730 794 940 753 484 685 638 750 686 586 13 116 507 856 741 285 731 328 734 557 38 473 378 957 393 82 83 42 40 989 941 769 345 24 125 478 246 484 597 535 155 654 127 777 657 175 232 268 548 539 50 772 538 503 522 130 952 821 855 786 734 238 156 343 40 79 285 868 451 550 525 781 638 852 93 434 915
422
852 657 682 957 234 466 371 229 24 472 307 681 327 562 128 205 108 446 564 793 553 593 772 541 106 827 624 662 136 883 151 184 221 808 86 868 510 192 999 310 715 179 342 396 510 654 26 69 848 474 948 35 528 727 490 426 159 455 931 300 606 299 336 495 130 274 94 487 371 536 774 522 298 426 732 366 486 794 863 428 62 128 814 521 260 360 527 167 505 430 595 686 12 209 22 382 705 773 946 536 287 989 410 311 287 696 669 738 692 781 336 819 147 807 969 705 261 313 256 44 265 548 927 425 591 324 915 76 606 770 339 280 507 947 79 165 963 837 494 782 142 450 265 432 500 799 948 200 961 537 765 493 705 889 97 402 462 764 140 710 320 85 580 352 89 571 505 812 861 661 810 319 687 990 296 602 358 371 823 746 519 790 12 933 90 145 955 918 909 663 170 852 779 61 637 535 145 924 213 923 56 585 594 997 411 490 142 810 58 185 400 697 148 13 459 371 348 281 521 13 461 518 91 427 196 274 314 843 635 842 482 712 249 661 44 781 635 205 207 783 858 883 874 672 932 45 620 171 70 489 831 795 300 463 805 420 694 101 653 602 649 667 247 365 820 875 746 660 891 765 996 571 541 122 63 778 32 729 662 952 156 987 401 379 172 976 764 59 300 474 434 231 897 108 992 983 484 739 253 935 869 100 428 635 498 882 450 937 759 192 713 151 871 970 970 919 128 747 61 675 530 370 403 544 740 799 584 851 958 295 571 850 237 803 768 216 663 463 11 505 384 916 922 317 474 778 508 244 35 454 491 385 297 930 46 68 656 447 657 581 275 83 255 883 880 252 461 145 273 85 773 132 114 894 349 998 178 692 160 552 851 556 9 81 882 171 189 710 128 751 47 741 590 182 811 115 23 834 195 583 267 112 58 784 127 371 462 362 125 573 593 921 569 740 844 9 353 165 685 315 257 474
410
804 582 569 298 593 592 92 27 302 72 548 519 656 259 616 290 702 64 374 597 802 273 950 124 325 903 718 529 114 158 479 160 932 337 434 998 467 175 162 524 197 686 77 44 436 844 240 501 836 922 451 719 503 440 86 619 369 9 348 610 385 496 639 393 356 532 91 8 863 137 804 14 734 889 957 131 412 810 514 910 196 998 289 479 870 148 867 351 222 423 155 458 14 180 294 79 343 733 842 208 827 296 884 196 334 116 471 3 994 420 274 615 723 176 768 657 781 897 658 664 28 25 656 31 178 170 962 300 213 50 711 254 820 70 683 910 897 381 899 465 404 623 335 723 566 374 151 314 188 720 523 727 303 7 26 646 341 188 665 558 737 272 747 228 760 932 854 981 998 97 78 492 353 886 454 120 442 165 626 156 569 218 871 792 712 684 772 893 172 453 364 985 720 724 236 469 226 75 346 270 106 920 739 543 458 195 187 646 518 148 281 762 536 492 652 536 475 471 259 574 963 323 666 617 883 695 241 153 503 51 893 199 784 360 878 254 386 704 617 555 251 307 467 308 239 284 84 433 372 648 305 333 77 345 445 908 895 866 937 387 845 729 936 722 237 225 690 667 332 544 340 213 527 112 7 436 721 405 717 47 995 663 131 900 43 297 20 908 107 695 259 219 129 971 77 655 416 611 592 845 316 257 38 140 408 611 831 643 38 200 694 893 982 933 578 127 254 296 919 42 11 664 743 777 565 922 416 855 177 41 500 798 839 1 794 304 347 733 661 886 138 967 160 42 320 767 956 541 365 353 687 685 697 103 231 432 547 576 425 58 360 453 938 650 913 218 692 540 446 502 134 170 185 883 29 96 578 873 651 486 874 347 721 498 956 978 692 21 446 191 468 241 261 74 574 912 693 991 372 800 550 153 818 635 644 477 465 262 771 604
219
739 86 220 795 203 688 318 584 416 273 955 60 453 246 404 88 414 855 475 553 790 823 854 568 714 379 211 695 71 531 11 535 30 52 828 725 249 250 44 671 301 873 555 365 944 99 344 236 508 517 440 162 242 893 734 33 204 961 877 768 6 405 315 836 580 836 964 447 491 791 554 549 871 393 615 808 61 241 925 796 46 60 576 945 812 692 28 799 909 396 675 345 951 696 111 579 234 270 804 844 273 918 489 447 236 366 995 438 643 899 973 236 721 774 393 715 899 600 278 455 245 967 736 814 575 505 399 111 921 382 33 429 59 734 530 447 215 472 461 110 300 695 587 694 900 893 707 391 742 518 934 684 618 330 985 98 795 855 347 864 860 960 768 510 552 516 310 74 404 904 948 409 147 86 792 956 214 477 735 58 201 110 63 399 979 749 648 161 512 164 425 94 925 482 314 575 863 857 96 270 490 7 837 685 373 459 787 190 903 720 208 896 481 498 489 750 848 515 548
923
886 352 613 645 359 438 933 223 561 768 770 408 463 923 622 743 725 147 324 730 577 703 430 782 743 42 209 445 849 569 822 286 665 602 537 721 87 24 232 109 346 84 598 437 250 456 75 368 335 160 335 855 854 608 690 945 424 662 392 590 475 828 866 1 897 346 797 308 11 873 571 508 513 910 669 547 423 337 528 119 321 460 844 278 203 228 456 625 208 236 389 924 679 372 512 483 346 552 92 7 689 399 410 816 571 801 247 955 961 694 130 52 362 528 337 426 254 461 11 20 982 857 382 716 753 421 703 828 719 784 821 130 873 770 67 367 828 378 453 711 573 856 523 329 384 654 479 275 208 191 888 272 887 464 514 468 320 172 329 563 226 716 469 11 637 687 222 84 304 92 902 825 370 657 916 246 594 278 115 854 168 662 636 137 87 215 346 817 744 710 404 625 125 493 729 26 720 510 174 737 494 749 464 287 862 25 741 659 825 544 1 614 179 648 8 960 462 790 776 299 106 722 353 499 324 879 715 447 755 662 224 236 184 964 571 393 167 140 472 393 254 275 845 866 188 193 478 321 880 21 53 82 970 222 867 321 131 281 254 338 926 623 918 808 908 346 703 814 655 510 742 543 896 28 438 746 866 463 177 679 64 434 677 44 265 505 46 875 694 933 131 917 935 174 878 319 652 519 788 309 808 997 369 826 623 153 66 59 909 162 990 623 945 307 352 521 569 569 192 958 403 127 970 330 807 771 907 884 948 217 859 849 231 697 896 287 404 90 193 124 936 375 263 488 95 640 125 855 274 442 631 864 29 653 906 229 18 467 545 601 113 422 9 527 648 294 444 309 146 439 820 81 966 351 350 807 91 488 211 722 669 302 626 414 507 529 269 734 492 913 227 531 846 26 15 765 130 345 695 895 366 477 946 599 70 21 63 263 966 960 997 220 770 943 556 197 919 465 55 205 865 919 836 817 762 918 182 730 829 377 863 957 417 152 294 973 647 219 17 163 338 912 962 866 141 957 216 841 379 726 993 410 36 405 695 389 910 955 466 743 667 497 681 40 25 886 613 660 950 280 811 892 690 949 370 50 437 610 879 897 541 74 174 76 918 534 599 247 243 272 302 76 911 215 268 175 742 37 501 527 593 800 671 688 614 530 600 439 782 20 744 570 737 940 710 1 56 304 203 153 150 452 382 930 42 697 226 657 114 546 127 207 796 188 326 776 223 473 558 884 739 980 119 229 243 94 328 729 922 129 926 100 531 670 702 785 151 268 72 972 241 306 574 787 125 890 369 967 665 304 346 385 823 74 457 936 879 289 200 810 182 231 664 762 571 883 622 270 69 894 250 523 632 746 506 328 287 544 269 413 347 607 313 395 495 856 451 534 959 382 189 67 12 217 113 367 735 85 166 986 483 489 5 329 956 929 175 613 410 757 85 384 571 820 521 442 39 116 156 630 167 229 114 703 164 636 296 176 411 919 985 422 43 604 205 574 793 702 406 30 526 104 558 525 572 329 54 765 281 349 476 169 627 315 66 308 206 255 619 864 25 722 206 954 190 868 555 829 102 534 559 591 85 805 795 908 434 789 242 850 75 324 925 325 456 393 192 476 685 21 827 439 524 376 869 264 280 71 502 588 772 840 147 809 175 15 205 734 552 871 450 321 799 372 280 431 12 171 421 276 223 72 854 240 490 742 78 346 910 891 753 776 689 727 93 278 663 290 380 314 471 429 216 265 548 359 468 723 1 330 536 567 986 644 342 925 616 440 288 498 930 143 75 423 565 514 670 657 965 387 840 461 662 301 864 580 112 460 60 73 879 352 668 648 633 437 653 26 363 569 429 472 841 36 901 586 56 593 280 52 181 381 261 262 302 791 275 589 562 634 884 648 662 473 672 937 473 127 68 247 782 312 125 605 375 622 513 311 41 905 458 31 157 76 545 920 984 203 235 746 439 948 965 389 854 756 994 255 700 950 247 651 879 303 415 363 232 741 173 201 889 646 832 399 659 547 169 849 506 899 306 852 711 456 1 273 255 719 749 192 708 637 181 333 314 852 90 833 300 185 55 62 416 9 128 855 678 800 797 272 314 562 541
893
21 238 722 11 289 666 832 609 104 429 735 939 302 170 551 930 192 76 705 254 815 556 651 170 9 497 610 763 662 640 217 251 558 723 746 327 994 823 519 887 596 926 160 982 934 566 227 613 539 559 195 750 597 116 877 640 929 556 508 278 753 492 814 787 967 843 755 929 861 752 952 571 115 253 439 643 462 780 443 416 269 778 978 377 189 327 56 316 294 766 488 27 12 987 798 649 78 363 348 900 691 161 329 609 418 804 486 847 351 713 338 621 939 454 29 58 836 364 880 978 41 929 624 154 547 709 986 41 805 462 605 527 922 208 48 702 75 272 723 320 485 658 708 264 548 231 480 707 131 471 18 149 666 636 656 638 818 290 229 13 194 785 826 485 233 802 206 56 368 39 665 886 691 383 370 368 554 837 585 406 412 314 963 588 967 344 35 834 622 196 739 569 705 518 706 647 153 602 62 405 140 763 154 458 495 619 477 988 656 720 265 739 636 29 319 630 212 515 319 528 523 662 675 656 566 229 804 145 681 326 620 485 721 359 613 690 319 580 486 289 420 950 410 437 880 100 569 147 617 619 471 488 414 448 280 138 874 135 402 89 877 348 621 867 296 305 841 817 767 620 412 416 787 88 437 356 31 410 27 347 691 188 149 574 251 702 888 621 481 730 521 945 868 650 245 239 254 790 356 697 689 504 332 491 926 519 46 866 104 299 602 245 304 949 893 907 647 418 704 986 667 387 489 541 797 13 400 563 835 858 984 805 658 766 9 946 571 968 32 940 367 952 387 866 953 108 636 761 648 13 536 991 258 258 933 274 703 712 157 301 799 823 87 797 828 859 919 7 816 478 60 191 178 895 396 667 293 89 393 304 766 295 511 423 58 43 627 947 895 921 335 882 390 436 849 759 364 599 815 629 594 764 661 410 253 744 938 587 11 134 986 768 244 790 806 466 741 625 21 497 896 486 200 690 226 606 255 548 642 145 980 300 583 846 591 366 733 953 446 553 919 991 130 212 529 704 462 736 16 545 210 356 598 816 224 195 653 902 973 21 202 321 294 312 1000 925 424 767 647 170 819 104 867 128 916 454 751 311 578 817 347 340 947 919 510 154 720 26 314 903 764 441 719 776 173 463 631 172 807 218 576 782 873 459 615 97 474 212 492 667 455 38 626 18 312 549 614 606 88 353 752 462 433 815 397 448 462 907 46 20 103 679 62 506 96 831 656 534 212 71 6 667 326 262 964 977 781 922 965 467 215 906 926 5 48 816 707 803 52 234 707 425 394 224 509 222 19 181 108 345 780 863 285 821 155 481 595 430 232 287 896 234 104 465 105 245 618 676 459 122 276 52 3 126 662 921 518 632 274 327 546 349 991 519 405 903 368 630 78 205 180 744 200 681 998 136 766 336 420 256 470 109 439 674 479 924 205 169 253 710 324 483 89 443 89 426 988 219 648 647 769 566 946 975 72 372 150 138 189 468 324 134 40 382 491 455 475 187 797 523 949 832 411 698 724 510 956 501 776 719 533 605 317 795 305 894 278 774 511 841 569 797 802 762 53 39 187 84 269 971 982 345 850 705 108 454 398 237 296 269 710 537 136 159 203 274 228 475 688 702 780 618 200 929 336 355 6 313 190 970 920 885 349 476 964 354 232 164 477 819 185 343 535 514 291 939 390 656 64 803 723 595 361 97 145 215 508 699 311 816 552 84 484 538 727 259 186 262 622 283 813 435 459 593 417 303 656 55 66 1 712 866 187 628 416 606 968 732 512 371 979 891 481 496 811 61 704 534 294 52 168 784 545 6 752 725 241 504 853 262 884 73 740 970 472 210 929 748 150 369 937 992 793 959 719 992 990 205 712 382 285 683 80 912 608 952 488 632 190 452 18 719 930 723 837 387 234 678 897 624 606 18 641 913 241 570 610 847 306 849 392 301 685 334 472 660 28 375 878 271 285 189 912 591 895 683 538 123 310 498 796 200 818 804 405 90 632 44 808 726 112 743 895 69 94 75 541 452 851 243 418 308 211
738
26 91 905 228 538 578 78 265 863 154 315 224 174 404 199 497 19 176 463 315 374 278 33 334 396 149 437 201 578 34 442 664 480 188 142 547 928 321 361 478 554 773 36 69 169 138 16 6 457 995 417 129 254 299 832 526 711 874 196 838 656 393 537 817 410 681 246 901 787 124 967 619 562 908 449 231 940 472 53 875 539 254 133 615 484 491 432 333 131 6 868 516 407 843 828 904 550 442 126 800 890 806 772 604 496 993 438 439 281 940 666 478 946 677 379 343 696 428 243 473 365 605 850 722 348 815 9 588 191 561 403 805 867 612 977 300 942 402 938 52 775 846 800 187 542 464 85 41 34 353 301 84 94 925 183 824 875 854 510 604 150 876 395 216 281 597 629 803 985 935 308 819 790 609 469 396 483 223 300 274 241 994 266 73 199 266 150 376 451 17 185 713 134 559 372 584 393 187 128 839 745 39 497 395 771 530 513 283 382 115 363 928 682 723 760 304 807 262 253 540 560 520 320 677 807 994 506 332 571 32 639 828 654 733 381 768 434 312 481 941 571 812 636 582 936 646 84 818 71 503 786 474 899 590 172 701 848 74 761 422 942 492 551 279 45 50 87 399 19 608 975 966 239 509 644 630 763 446 222 765 857 997 911 387 354 589 362 105 789 478 1 119 317 805 460 605 466 69 503 458 218 516 875 20 449 476 466 608 384 617 961 498 571 924 365 4 998 566 936 576 705 351 142 477 582 314 544 883 596 113 105 376 193 614 167 344 648 19 52 767 852 753 203 77 825 635 591 596 44 391 736 779 647 861 693 801 470 2 130 288 177 802 414 258 907 895 893 713 340 587 648 716 627 997 707 9 443 201 524 36 410 377 346 234 698 849 816 853 540 432 322 467 449 147 540 549 645 444 117 196 380 272 378 304 835 453 558 495 554 752 712 539 798 503 742 67 654 14 93 491 276 534 906 703 117 15 949 938 450 727 68 402 929 460 173 983 756 419 586 882 462 149 760 223 919 340 608 880 886 736 441 131 475 941 206 14 400 858 422 748 897 412 840 202 652 512 858 63 32 979 250 550 337 195 395 142 951 34 606 258 582 377 1 565 713 221 498 515 215 28 936 321 953 1 958 991 978 763 525 779 591 846 257 908 582 469 168 582 313 372 509 93 688 178 73 118 506 641 54 475 96 541 263 145 288 784 203 146 140 82 462 584 871 946 567 204 210 62 245 83 730 588 140 15 189 13 220 405 226 678 463 715 228 217 307 27 393 168 657 293 407 309 933 777 88 251 683 692 518 345 249 770 287 803 49 492 38 294 268 638 738 826 164 945 637 417 10 734 41 366 150 949 135 900 170 360 964 700 17 274 514 720 302 494 755 388 507 536 586 456 922 197 922 10 577 997 434 798 660 343 707 985 494 780 604 752 92 378 598 968 650 650 184 768 932 805 303 377 953 51 998 427 385 174 743 532 136 297 886 798 408 97 311 694 578 238 645 95 909 333 451 350 912 213 805 499 640 318 136 176 553 487 714 63 992 481 998 199 574 676 136 270 75 156 724 414 289 321 771 796 676 127 689 680 357 330 823 558 600 948 350 176 2 876 153 373 785 693 192 350 464 67 129 542 780 64 259 888 621 106 661 367 538 990 349 946 492 468 564 321 99 803 3 611 116 561 429 362
732
556 548 599 921 651 314 515 80 153 615 594 401 629 272 650 41 606 41 637 735 787 917 646 549 75 193 708 773 203 614 717 762 225 437 427 277 215 370 762 207 811 570 398 114 11 993 247 672 86 675 96 142 588 100 180 291 988 760 532 930 810 758 871 857 137 225 764 64 419 238 745 852 500 602 326 674 617 732 749 63 946 888 707 967 266 555 109 9 612 199 847 778 602 555 256 543 754 919 170 25 267 384 617 864 72 243 743 268 223 67 398 405 499 119 867 194 475 341 239 730 209 965 566 176 921 627 246 344 654 622 159 999 388 901 47 130 944 562 498 757 629 886 434 419 4 614 348 193 231 110 7 822 765 250 161 418 339 435 927 605 394 626 422 829 235 353 829 676 457 833 325 805 434 396 885 210 890 469 576 634 623 329 410 779 576 153 484 246 210 579 18 209 89 465 607 635 682 10 854 346 448 59 726 838 944 971 753 442 2 778 430 533 683 595 70 841 731 39 935 698 1 73 299 976 927 692 878 422 131 331 366 705 358 367 242 780 641 525 393 973 126 693 343 626 472 288 318 570 816 94 873 49 288 929 999 852 582 773 847 445 22 727 671 549 966 479 516 183 24 540 183 287 902 717 510 372 545 767 768 241 151 63 658 554 99 237 794 704 759 20 391 269 255 36 767 197 270 765 36 882 638 732 67 480 629 61 195 11 685 320 765 955 801 794 723 462 340 383 855 270 884 524 537 152 844 894 881 371 650 251 572 417 551 984 627 357 606 815 996 397 568 276 65 819 334 140 700 614 523 442 453 763 394 85 634 172 939 766 89 470 459 3 211 488 24 534 850 110 839 354 959 423 806 263 29 431 242 348 44 57 901 20 491 575 329 176 3 612 454 343 539 376 686 809 254 765 342 694 261 792 580 50 760 914 94 939 140 915 901 705 390 812 680 788 483 831 847 754 532 684 681 334 778 653 147 406 251 757 224 862 186 282 396 276 922 98 704 993 703 775 747 140 502 667 998 325 891 904 773 382 425 329 370 253 199 144 514 725 470 603 606 320 595 382 578 766 224 496 129 282 220 970 766 503 214 558 130 86 884 129 94 56 77 87 344 601 837 239 431 638 221 175 150 617 582 840 525 113 466 178 352 39 176 914 541 914 650 112 620 21 298 929 795 38 306 36 548 410 517 91 244 897 808 619 401 393 365 132 435 749 972 16 936 961 317 601 583 584 343 674 911 97 421 599 32 412 864 300 961 4 555 779 621 852 997 280 267 796 234 316 324 574 586 516 575 855 426 901 562 365 887 583 893 273 418 515 237 874 938 69 963 172 301 57 592 148 904 243 931 980 246 839 134 16 354 47 436 938 815 989 280 388 44 652 352 421 785 278 914 904 307 70 403 937 697 245 948 3 257 187 404 121 392 226 227 699 229 736 666 191 842 137 741 59 629 413 975 272 844 348 762 4 707 641 633 92 38 360 702 76 49 910 250 34 623 145 818 42 321 721 128 671 755 19 194 311 617 997 980 707 898 781 605 730 78 428 140 152 233 254 85 645 968 470 167 933 485 979 504 186 816 953 361 873 123 546 593 845 525 717 179 414 501 428 802 902 362 583 276 587 482 369 287 949 610 439 321 482 584 267 756 753 244 486 666 145 299 185 870 457 881 301
13
922 474 329 159 996 58 93 534 143 359 79 954 598
117
30 653 352 50 822 397 263 355 811 867 949 643 791 137 542 188 721 552 226 778 793 280 583 652 976 653 628 522 998 805 630 881 267 771 73 213 249 630 53 757 362 916 409 522 880 840 743 490 937 185 464 699 74 666 118 414 500 488 329 365 624 313 402 535 353 222 297 224 789 276 539 802 66 909 768 355 574 725 471 473 31 70 654 531 451 438 560 343 952 8 82 459 705 357 49 723 622 547 133 140 18 40 713 999 302 631 41 700 848 788 452 386 498 302 396 881 129
37
926 250 372 327 311 292 437 725 91 315 551 776 330 292 796 369 995 990 579 206 80 615 730 894 654 883 633 466 772 862 650 772 845 699 853 649 344
19
602 254 700 580 377 5 52 477 34 501 334 850 908 654 446 683 332 677 309
736
128 250 254 108 244 357 963 303 911 461 730 107 574 114 262 606 137 395 880 141 360 766 739 890 700 611 625 301 131 987 579 841 93 456 353 672 700 207 843 28 715 158 251 578 429 167 940 529 676 593 619 773 457 66 228 177 361 320 765 551 759 236 737 553 42 964 917 780 724 888 734 421 203 588 212 789 121 146 934 727 174 536 731 590 490 89 113 787 209 366 753 617 297 552 74 188 979 848 418 898 118 252 299 346 763 307 807 677 911 947 350 5 646 868 987 869 518 644 240 20 793 544 486 678 199 981 404 571 455 632 566 976 62 798 461 379 474 744 132 173 255 864 341 469 156 242 29 666 184 298 952 548 514 422 235 924 956 900 696 208 248 97 620 378 344 495 359 246 862 971 424 782 764 95 97 569 3 564 375 362 906 126 5 517 105 901 726 474 998 138 150 462 486 230 866 432 882 992 437 167 622 415 506 335 348 280 999 12 983 316 353 147 113 170 26 90 491 617 165 507 163 387 658 520 399 646 61 834 293 784 714 558 897 28 757 295 723 647 74 527 964 555 438 301 720 667 924 598 374 77 185 898 958 310 272 95 131 869 583 500 577 764 807 186 677 755 374 2 714 393 63 820 596 782 725 864 695 778 439 885 639 162 997 429 806 25 152 855 912 532 221 336 156 290 801 257 703 746 374 325 166 402 613 102 542 931 849 872 12 480 54 101 952 668 862 149 820 947 930 695 267 698 318 448 533 962 218 420 387 732 636 397 644 926 34 516 624 391 206 268 58 768 17 215 475 213 396 334 635 245 491 212 958 696 226 312 322 602 261 372 672 319 556 965 723 777 485 157 330 526 27 323 216 958 556 241 537 485 256 523 674 117 161 474 174 850 546 613 900 337 647 381 583 814 805 435 88 434 850 182 426 845 934 202 231 789 67 954 258 865 142 368 203 236 617 867 297 345 439 425 705 651 432 809 92 206 112 741 649 487 976 505 161 635 126 400 897 171 69 326 736 531 930 82 767 660 489 952 404 343 166 176 56 801 281 503 221 845 85 659 45 688 908 909 981 823 441 209 546 210 353 990 971 151 248 979 243 796 855 907 395 758 389 601 603 708 674 196 211 873 316 930 580 434 408 663 999 929 919 715 187 354 356 222 24 707 757 249 663 791 781 578 493 503 927 524 735 985 221 508 618 821 426 84 701 332 360 714 107 673 17 335 195 622 588 396 340 681 507 840 77 747 309 929 294 831 981 112 964 495 323 375 266 652 587 800 328 218 747 417 266 644 588 429 773 198 782 345 592 16 313 108 98 662 296 47 922 330 112 991 330 45 234 886 623 614 121 789 343 747 419 224 460 312 921 892 742 738 730 412 985 662 3 429 956 632 74 321 285 218 369 62 705 40 505 54 561 223 261 13 881 858 88 985 30 762 937 684 207 726 278 642 75 737 307 421 685 357 438 573 23 321 130 717 280 149 578 545 251 916 325 509 329 47 197 346 150 240 589 223 892 211 242 266 9 724 694 563 79 865 281 59 186 281 85 295 614 680 572 73 830 913 524 13 213 209 358 81 612 494 309 977 176 953 265 251 340 75 443 675 265 835 698 43 976 89 559 887 402 595 429 707 372 259 556 354 382 576 14 279 727 25 535 918 697 395 385 673 727 620 793 819 823 254 824 9
96
304 172 584 809 777 729 251 509 288 672 696 344 14 363 770 899 833 636 864 243 478 155 188 279 290 744 483 845 44 869 911 517 473 948 422 943 799 638 31 707 844 558 827 272 633 118 652 509 537 391 56 549 242 665 777 643 698 926 628 676 316 800 415 430 780 895 208 875 189 86 527 335 160 431 582 12 899 366 210 644 27 237 609 121 582 457 804 630 680 104 941 999 332 935 152 566
788
693 929 988 68 233 447 617 757 773 222 224 962 825 993 223 395 174 266 934 473 162 649 937 75 969 302 592 37 498 372 348 386 932 62 406 96 117 725 301 945 875 978 651 140 41 190 509 877 243 479 617 65 179 527 934 115 939 942 99 3 710 61 626 550 163 338 577 558 280 587 989 500 610 161 213 929 910 625 719 38 158 913 56 901 224 751 729 947 129 140 510 764 915 929 475 500 723 83 990 528 198 257 820 266 115 329 313 348 804 346 473 473 867 184 144 243 480 859 528 602 969 105 553 788 969 789 737 690 877 498 840 503 788 847 337 650 871 209 720 230 270 615 965 310 262 929 985 846 994 528 857 168 965 570 842 784 965 919 87 157 482 606 213 444 169 782 604 421 958 658 581 767 511 165 592 230 597 598 872 739 873 155 359 542 54 840 704 851 490 376 625 926 63 673 352 392 829 266 490 605 476 597 234 492 721 490 660 416 355 916 207 206 584 291 981 483 322 388 505 316 269 486 855 340 809 786 604 855 369 453 399 978 657 818 499 605 851 836 451 664 696 324 656 403 914 33 252 924 436 410 978 447 339 128 268 497 990 826 294 976 923 411 663 95 788 927 750 69 941 66 599 39 527 879 564 307 352 550 78 395 864 289 814 975 890 907 196 721 317 236 905 142 346 374 688 701 8 489 174 715 309 332 751 454 544 406 250 49 241 476 364 337 518 183 923 782 484 718 406 377 485 646 25 128 19 614 866 240 637 501 220 161 935 829 872 911 360 90 862 948 897 383 832 251 886 723 598 799 462 929 213 266 794 32 710 44 125 785 59 935 14 507 330 594 839 251 54 533 988 326 405 299 399 322 542 407 193 719 343 776 378 480 326 821 620 28 823 118 9 234 844 174 107 760 778 1000 764 658 510 575 441 423 898 719 597 324 394 860 406 798 206 95 193 260 726 591 82 937 251 379 593 141 249 502 165 325 959 648 533 393 100 606 453 458 915 293 943 930 973 852 382 345 239 846 154 651 257 426 2 871 798 450 220 939 446 523 828 901 633 364 169 857 716 380 87 377 266 311 265 271 191 68 139 329 854 984 559 431 92 778 198 856 398 466 325 956 862 888 917 552 89 828 411 86 364 821 295 676 298 388 982 833 614 109 15 123 590 345 675 96 834 896 998 917 221 52 300 73 812 334 459 940 245 405 933 531 681 639 207 576 835 164 14 764 802 485 415 734 463 783 249 942 21 621 615 535 10 126 759 406 235 794 739 791 659 652 760 703 605 166 856 581 235 720 331 893 151 202 536 733 866 398 115 822 348 345 141 505 153 618 845 102 655 659 378 345 190 640 991 268 5 706 929 723 670 73 554 769 116 579 333 76 731 465 426 970 339 371 953 631 937 806 418 82 225 629 655 165 145 712 372 21 183 269 984 920 968 420 687 834 427 699 92 758 509 36 245 543 362 641 737 675 66 170 830 560 507 675 971 337 428 295 955 547 368 367 819 210 825 792 233 30 581 16 141 509 521 375 560 614 688 960 266 690 437 746 522 417 948 165 923 334 420 296 51 296 229 341 430 63 267 525 278 731 10 159 31 584 520 91 550 820 600 69 887 744 784 320 333 230 158 757 76 228 877 58 19 746 516 165 709 414 451 471 479 972 652 7 773 366 414 299 931 581 48 721 286 541 121 78 605 277 128 219 6 352 25 485 274 763 474 334 242 874 296 568 222 266 678 677 634 883 857 2 786 604 341 965 510 938 288 441 214 407 835 586 280 184 859 953 990 527 410 756 668 578 85 181
77
957 30 737 23 146 642 807 244 938 709 809 705 322 755 224 135 103 423 266 521 896 732 145 292 805 916 774 597 366 473 386 558 718 630 315 129 747 690 622 619 989 998 446 841 671 114 851 492 800 659 809 230 150 323 665 231 472 578 118 832 93 781 120 950 375 655 321 231 513 603 415 618 80 109 55 746 802
110
985 802 413 776 220 780 473 428 573 26 117 460 622 474 385 902 506 540 589 711 754 507 341 321 802 301 284 901 114 192 987 55 756 119 786 271 762 43 598 322 687 558 212 564 900 291 811 104 780 697 870 909 654 875 978 191 622 172 948 77 805 452 731 309 309 291 821 474 254 67 519 722 785 352 286 244 786 291 738 747 989 92 247 492 259 881 720 978 537 892 450 128 560 565 330 244 848 800 553 76 590 141 749 602 888 834 814 838 989 166
628
54 49 398 702 233 309 866 307 56 193 846 433 308 559 539 172 816 763 764 691 511 607 159 454 633 508 388 505 424 351 937 456 716 944 101 826 178 972 729 202 81 765 994 446 998 995 435 437 607 792 110 691 879 543 502 656 71 466 920 307 982 323 690 229 92 553 50 900 171 508 103 449 904 99 427 445 936 859 380 78 567 935 161 473 233 925 582 348 456 25 947 74 241 922 486 818 76 296 493 566 370 275 54 396 325 116 681 369 378 195 749 254 602 147 405 164 565 569 786 491 315 695 852 638 485 597 280 737 461 451 27 798 710 581 950 218 552 182 246 562 318 904 367 406 745 771 533 161 851 693 871 107 937 346 30 667 503 490 35 600 511 184 787 870 883 860 796 18 814 933 295 916 188 188 792 385 60 240 147 277 516 662 818 398 874 249 488 346 728 408 605 756 532 258 805 309 957 874 125 70 849 226 889 128 126 924 47 736 123 182 310 893 34 858 909 966 606 316 298 255 299 470 583 833 592 711 222 159 351 968 229 612 924 386 989 320 984 837 926 774 469 860 814 877 726 627 316 891 81 722 483 699 375 513 721 583 835 567 153 136 607 980 749 233 599 860 359 178 953 835 156 763 954 123 308 861 869 555 392 37 289 610 938 886 568 190 331 2 814 846 152 80 796 261 718 397 108 694 557 655 340 580 589 445 502 499 587 870 492 38 134 767 944 413 343 419 475 440 553 201 126 755 537 831 113 512 864 419 577 192 268 557 337 380 717 516 537 375 904 338 165 109 363 490 43 144 520 686 358 496 153 98 372 652 97 238 513 999 787 601 447 610 587 487 343 860 994 59 298 150 870 648 122 84 213 211 231 219 813 950 262 748 780 342 221 766 716 980 545 59 749 579 930 43 616 245 302 318 35 177 17 77 582 408 559 480 523 20 170 842 472 165 575 185 191 273 688 801 875 644 229 823 964 703 297 34 306 974 565 347 891 563 792 37 693 882 161 511 265 754 745 379 284 710 556 496 375 398 803 907 270 136 860 620 287 416 313 612 755 970 171 759 635 799 44 530 864 921 877 540 187 343 446 656 894 409 194 472 278 889 691 868 978 817 479 882 385 896 680 853 616 882 774 620 159 73 753 665 976 878 203 706 294 469 4 624 158 572 687 630 860 774 610 994 650 66 884 531 640 440 302 561 39 782 996 948 414 883 488 769 890 755 392 194 710 782 750 448 433 921 563 618 595 204 815 766 537 713 598 145 459 811 860 161 179 923 916 705 637 94 880 397 809 625 748 538 18 347 366 625 561 856 68 903 873 831 538 604 106 588 399 372 179 653 147 553 639 986 100 774 380 71 531 123 384 29 982 391 21 490 874 696 137 699 889 362 290 536 698 544 733 855 829 989 483 547 390 723 282 381 795 130 78 547 729 476 979 98
625
125 521 489 811 314 849 218 79 45 371 159 173 706 437 730 402 275 625 279 18 17 115 903 368 56 647 786 789 39 872 157 224 331 126 480 515 781 721 463 56 574 501 976 916 643 592 478 58 611 174 774 384 824 859 942 519 909 267 352 484 239 381 502 846 829 121 605 584 637 250 252 99 277 97 272 21 220 427 186 575 326 114 341 430 51 76 479 116 745 877 678 468 774 843 970 380 57 153 744 363 300 958 338 714 527 24 381 148 930 578 845 412 474 320 977 697 790 696 178 667 82 420 858 907 806 110 698 328 537 404 494 145 946 655 673 102 96 416 794 794 243 544 157 413 28 960 519 118 288 746 825 36 974 837 809 271 730 781 253 182 515 339 211 494 341 265 835 339 547 57 246 647 476 420 458 559 190 220 144 277 180 382 205 990 348 568 77 683 554 680 658 426 215 447 601 799 34 752 658 50 671 606 89 364 622 802 461 121 161 400 316 75 514 804 43 671 870 181 558 480 102 655 354 678 358 152 7 913 278 678 319 656 554 289 348 582 202 971 568 521 623 765 632 72 283 709 810 632 885 801 655 559 884 87 882 834 652 567 110 555 205 742 899 895 704 82 910 576 203 88 707 947 539 546 143 50 465 724 846 521 149 182 230 414 954 266 984 977 347 215 549 673 419 128 836 92 803 327 555 710 932 509 772 369 460 859 680 443 656 109 954 68 938 245 308 14 662 311 373 211 945 333 136 724 367 698 847 913 264 626 735 952 260 719 40 588 842 338 444 243 506 825 284 937 83 101 382 536 805 876 561 717 150 554 274 767 269 797 249 51 121 235 759 802 553 531 740 290 639 962 882 694 809 457 125 180 943 346 238 488 863 215 205 112 665 477 100 451 964 28 51 764 745 929 576 315 578 987 900 562 718 54 182 876 314 699 106 204 808 927 391 955 798 742 311 259 985 806 812 181 725 322 413 601 706 52 554 318 890 597 455 613 976 275 833 96 606 402 4 198 26 429 70 630 633 419 313 931 325 56 296 1 115 959 674 725 441 411 812 420 234 384 615 324 962 302 231 637 753 714 644 818 235 327 426 478 332 343 818 519 149 746 59 585 588 753 243 231 263 469 299 448 806 520 953 95 502 965 529 255 674 390 97 926 886 173 823 334 736 355 965 567 435 696 614 754 75 656 230 61 715 723 667 214 468 939 869 196 401 187 430 402 482 925 755 169 438 639 887 930 904 246 58 442 575 283 687 745 33 109 254 417 45 426 988 283 449 795 565 987 159 1 427 623 785 934 794 32 358 426 205 629 547 123 616 952 190 568 70 153 318 601 328 201 606 192 19 918 979 789 275 526 510 389 527 55 11 830 335 535 736 374 130 981 634 269 107 16 257 978 258 734 258 372 170 770 468 775 100 84 649 280 885 867 561
894
280 480 248 374 984 534 459 201 992 464 733 103 878 914 613 720 783 419 961 217 460 502 518 338 946 122 53 353 369 615 609 200 33 432 639 130 456 323 214 141 711 916 466 178 912 174 933 689 460 940 676 604 563 56 887 559 851 190 601 468 554 853 824 948 917 862 564 139 702 151 729 135 315 588 502 842 384 707 919 525 323 799 136 884 797 392 455 56 757 620 622 951 108 609 132 378 504 656 102 993 808 486 614 510 851 575 86 184 60 146 282 126 303 869 171 109 778 207 326 337 685 532 275 114 272 197 742 646 605 278 950 312 203 879 119 474 229 265 62 912 685 151 151 525 205 11 492 261 787 393 332 618 302 693 555 741 168 375 369 877 730 414 328 93 786 447 130 10 235 438 473 182 181 353 184 246 101 493 712 664 663 773 210 494 154 538 116 337 850 362 177 240 133 680 409 320 824 683 912 979 489 17 652 32 512 12 975 26 28 71 294 611 97 102 657 395 909 413 81 649 234 137 325 858 677 142 367 3 340 326 758 861 74 849 74 337 48 447 545 724 280 848 810 290 70 377 745 824 722 588 969 498 482 170 987 329 6 320 222 376 542 713 831 959 802 266 802 678 689 312 162 819 667 308 734 488 329 882 976 895 263 443 443 232 827 143 458 354 105 270 499 144 813 926 785 918 796 495 578 857 749 800 219 168 60 884 589 304 896 286 773 238 192 292 209 677 675 299 13 738 443 156 607 458 997 192 955 591 661 529 115 468 285 597 833 322 842 451 637 98 944 758 181 729 445 516 325 29 705 146 994 792 451 680 393 505 832 302 424 651 423 622 19 156 899 369 472 118 826 426 840 913 634 156 333 860 367 78 569 814 729 901 815 125 291 350 915 593 484 311 372 229 461 464 495 470 554 236 76 246 659 619 422 358 666 273 974 211 453 552 176 699 469 45 411 257 82 326 869 186 353 675 792 976 713 52 197 954 84 300 139 565 348 840 107 283 94 674 680 266 448 285 312 636 413 407 610 517 311 936 636 114 816 593 339 616 238 833 627 285 143 753 219 766 884 224 777 31 81 286 452 711 365 820 21 686 717 485 807 831 44 179 369 93 969 233 987 846 273 483 476 840 931 28 658 860 215 163 761 747 982 768 519 529 160 14 964 380 186 862 78 542 39 932 408 186 19 662 797 548 725 755 851 872 974 232 713 270 270 505 871 219 715 923 646 699 934 266 110 833 219 196 728 846 959 408 778 133 14 260 550 751 295 247 20 960 711 91 988 398 196 435 145 746 212 402 506 894 639 415 595 177 420 86 458 645 985 355 556 284 647 67 354 107 974 138 634 143 641 913 641 878 969 277 203 914 593 638 406 303 599 304 392 758 142 374 500 238 704 366 664 490 49 421 447 130 165 581 595 258 88 974 165 466 250 733 41 324 357 556 127 742 186 550 174 416 363 991 709 453 549 571 197 275 962 737 822 689 584 43 31 36 453 941 576 722 684 78 616 750 654 466 995 510 723 844 231 248 21 754 666 739 734 899 205 597 861 264 109 157 500 945 96 925 192 631 21 130 509 438 14 672 4 548 112 408 390 811 652 267 987 573 807 40 419 153 718 694 883 344 512 633 331 362 55 397 349 990 193 452 316 641 319 572 164 265 947 83 229 217 734 140 158 81 355 616 293 313 951 720 877 344 742 973 337 330 576 815 179 646 228 561 637 378 462 269 748 126 896 58 709 101 326 996 925 406 405 512 359 250 348 762 22 208 759 761 544 813 509 727 352 221 963 833 71 582 804 30 650 256 148 902 925 430 484 287 560 806 439 269 29 735 172 204 100 749 31 21 157 539 159 267 586 541 170 613 921 707 723 848 360 791 179 391 930 565 208 943 24 39 787 61 16 194 503 141 528 10 596 132 246 149 966 25 837 686 174 175 936 182 717 768 115 519 220 315 343 199 159 337 380 573 463 602 3 286 231 467 859 794 423 798 282 259 812 3 318 454 746 417 629 52 597 10 414 11 571 799 499 678 637 377 438 599
802
613 444 31 284 738 716 173 408 126 120 818 501 133 124 208 731 72 656 561 340 100 330 297 67 550 55 210 411 19 310 699 447 480 592 85 174 465 804 794 876 403 475 323 171 790 192 998 908 262 577 346 336 321 859 257 523 994 696 580 955 358 53 239 103 91 537 322 437 818 723 702 202 696 105 120 918 238 218 843 998 471 735 569 327 243 350 839 645 816 946 86 742 12 251 197 231 754 830 32 620 220 889 992 314 588 595 290 436 67 569 879 101 55 465 365 175 741 362 838 883 236 85 981 191 248 592 870 683 428 115 145 117 283 607 673 194 190 489 809 811 616 797 614 587 919 981 207 113 883 892 114 995 960 822 883 787 436 512 926 711 928 738 124 31 505 280 248 67 448 990 965 225 992 729 526 480 64 900 617 976 866 199 52 288 546 770 400 218 527 163 656 634 245 317 764 992 246 596 905 662 495 709 602 493 718 373 999 792 170 549 322 50 182 782 163 281 185 871 648 392 600 722 383 382 717 35 684 646 297 61 606 259 472 221 847 65 518 496 430 554 683 962 364 335 314 528 488 230 387 81 396 269 623 614 596 990 804 84 555 195 1000 639 848 180 482 72 571 389 365 445 262 587 646 316 18 723 264 431 599 431 652 54 605 132 471 884 391 764 184 589 341 206 836 31 580 465 485 282 262 951 655 40 137 638 616 291 756 326 769 662 942 447 769 913 109 212 379 682 339 169 755 632 21 664 254 976 506 214 79 629 504 89 499 598 484 505 605 118 254 361 848 787 227 267 67 982 947 513 816 189 457 287 197 338 344 335 900 947 319 38 198 207 853 201 11 865 460 886 178 994 815 655 721 889 630 484 354 955 480 734 238 153 819 270 996 215 250 602 977 434 311 64 954 560 993 495 487 130 853 93 2 61 171 629 177 179 67 63 716 31 755 334 764 709 659 546 627 227 863 601 266 245 76 897 810 481 364 381 902 872 373 616 904 423 380 649 118 287 484 965 680 518 146 651 178 132 970 588 897 91 19 274 369 572 585 698 153 622 965 34 583 784 504 343 460 338 904 768 387 785 202 175 616 311 724 376 66 213 139 838 989 277 384 551 509 982 455 820 970 636 897 27 756 36 289 615 521 47 717 134 920 964 140 958 279 4 102 224 974 954 206 857 367 16 520 861 142 959 217 984 977 246 457 818 768 791 936 230 274 222 101 317 297 698 823 924 816 435 479 916 100 259 614 525 434 434 636 333 217 135 556 726 998 957 55 447 138 810 877 248 502 562 444 126 679 381 632 61 737 828 635 165 162 465 892 250 805 88 638 919 958 941 177 206 850 667 587 691 471 273 986 652 514 578 739 783 168 334 271 356 721 779 891 40 928 843 997 435 929 834 992 272 496 815 301 424 585 195 212 735 530 764 669 607 836 20 614 67 676 787 481 755 169 7 407 905 981 128 957 595 876 946 212 310 406 474 869 689 505 925 298 688 483 452 182 175 101 970 3 454 240 271 141 234 427 479 410 765 542 341 425 5 503 376 916 897 872 36 975 251 170 659 126 195 165 615 438 737 660 529 312 987 909 603 548 258 437 759 496 540 627 978 603 155 39 970 380 140 476 584 265 802 664 985 595 672 307 806 248 670 76 495 513 393 725 700 832 959 176 850 197 181 850 570 640 953 700 496 488 882 284 386 358 237 717 948 932 542 177 738 948 388 88 391 704 450 939 474 577 643 267 697 764 200 349 451 885 68 925 942 415 258 725 303 900 760 159 353 294 369 667 502 114 114 566 693 341 279 195 871 743 395 899 583 13 913 188 739 468 209 792 907
623
679 634 561 146 244 131 150 120 53 310 720 797 885 212 282 317 409 397 106 793 6 926 315 950 208 948 917 915 396 319 362 385 118 445 318 721 401 856 455 281 16 78 868 764 34 125 873 585 41 812 161 398 370 251 348 405 189 460 446 919 210 775 205 838 365 405 279 928 605 848 230 962 72 773 110 705 512 834 443 796 774 706 876 752 630 222 321 811 251 416 101 216 252 230 572 978 773 680 739 195 550 930 749 955 620 430 787 989 371 665 699 637 984 330 41 44 372 640 952 10 89 792 335 815 311 853 625 46 857 278 165 112 144 98 113 534 264 220 801 939 304 429 193 426 922 304 953 601 814 656 983 596 710 683 292 221 65 965 588 899 450 225 528 746 371 488 544 626 298 279 547 772 679 557 155 803 774 845 664 146 787 925 979 424 570 842 521 679 511 523 740 717 234 189 382 158 612 507 768 924 55 221 382 340 406 132 762 85 233 417 227 708 786 322 64 916 199 9 731 917 369 856 919 623 784 508 860 683 4 387 396 562 239 917 406 3 609 28 362 90 927 119 105 908 896 426 63 947 986 978 806 936 971 552 611 605 849 400 29 84 652 378 267 113 122 993 987 958 364 586 514 448 336 103 688 550 318 727 152 81 815 928 133 43 958 995 920 694 949 351 950 599 146 146 800 760 778 312 267 807 701 22 905 8 905 417 294 726 103 383 183 274 112 590 41 693 873 608 76 352 81 24 759 505 464 345 700 881 449 504 993 116 215 743 952 967 497 68 715 915 549 974 152 231 674 936 731 705 459 921 82 281 703 985 360 966 452 367 965 391 585 757 769 744 780 267 464 204 702 641 677 287 723 935 145 819 397 82 14 266 681 532 784 586 183 366 321 180 537 517 390 24 393 604 1000 614 316 113 99 830 252 603 623 568 786 957 8 83 211 923 130 658 568 964 961 212 408 388 703 370 213 143 14 666 875 889 485 793 38 486 610 814 358 51 365 318 207 624 807 659 486 287 947 22 742 356 731 599 975 178 489 555 735 433 738 499 802 690 967 923 366 871 926 64 839 630 625 88 252 639 470 478 579 909 34 483 91 842 988 254 757 519 473 602 692 846 845 361 6 921 559 34 225 452 222 381 204 620 414 323 712 2 129 837 26 407 464 51 449 640 198 866 743 21 466 616 101 791 222 284 273 686 296 60 446 516 903 193 954 147 791 123 54 920 294 800 264 744 987 399 214 527 550 789 405 470 781 551 169 383 466 409 569 668 404 545 543 153 440 339 213 985 838 444 447 453 623 41 143 234 421 681 401 684 862 377 958 794 484 910 527 565 964 987 290 795 806 384 575 4 748 63 684 692 313 234 578 533 156 914 955 624 174 276 642 155 792 563 653 607 643 587 968 928 557 134 989 290 526 803 866 244 422
825
943 595 695 86 130 311 369 892 396 334 527 503 697 428 596 279 249 574 383 226 267 108 602 77 652 666 396 628 214 145 546 532 424 467 612 141 215 125 958 968 237 644 276 893 707 729 773 533 430 538 656 572 947 928 63 17 755 532 16 113 205 11 221 263 53 563 382 100 814 804 72 182 474 900 339 469 193 110 741 968 194 58 527 895 735 784 19 9 773 222 525 608 763 244 405 47 877 73 202 841 338 620 357 674 388 37 223 458 436 506 743 373 110 488 273 115 389 448 295 335 215 929 830 150 145 347 446 947 970 545 609 694 539 436 90 979 91 638 837 105 718 892 73 613 661 848 652 823 60 147 925 293 179 449 720 175 828 530 683 410 685 716 169 221 128 776 152 173 211 814 890 238 986 535 354 508 677 823 303 392 420 691 984 934 293 498 248 784 938 742 552 88 441 935 232 955 372 186 550 614 188 671 143 164 882 737 198 513 915 456 814 749 833 755 173 428 849 485 869 421 175 523 820 23 174 670 664 657 597 988 952 686 822 348 10 84 805 332 838 91 478 378 203 320 634 761 636 212 127 979 189 469 630 771 240 197 342 909 970 390 732 943 162 554 887 538 40 642 97 658 902 555 764 702 153 166 179 659 502 84 150 499 831 786 576 26 851 882 933 875 27 688 583 301 631 483 89 378 35 778 570 881 439 472 984 680 184 130 852 214 990 265 12 877 384 203 888 49 390 976 66 836 55 481 124 716 869 564 558 674 847 600 755 710 542 946 355 763 859 764 294 702 74 505 354 196 553 429 362 833 303 47 850 360 797 25 80 757 274 489 812 273 910 238 90 515 210 284 597 204 884 168 29 730 104 825 788 712 899 456 91 606 839 68 591 266 767 518 770 432 403 746 528 997 842 431 535 682 968 938 592 154 6 705 707 16 576 595 703 822 326 561 954 301 216 680 448 959 293 568 798 211 551 588 272 970 269 762 479 295 939 403 281 723 604 44 927 703 996 909 178 843 914 877 936 232 148 573 87 3 98 826 774 74 489 8 111 998 440 793 49 636 296 748 946 255 9 392 948 131 91 749 994 479 230 260 524 980 637 583 266 890 865 769 413 395 949 97 891 277 354 794 297 486 138 426 235 44 770 591 386 534 184 807 66 385 307 181 571 879 820 805 580 647 330 920 526 974 272 70 738 838 61 193 142 427 255 693 418 478 470 371 105 880 780 967 778 975 136 184 277 656 16 142 817 43 911 606 356 187 440 941 28 151 958 112 291 960 499 231 192 149 639 833 596 737 12 883 652 606 52 552 937 830 626 663 588 479 420 426 563 372 566 317 410 355 214 867 887 663 51 364 787 737 664 804 160 881 904 728 35 522 462 894 564 777 800 524 757 746 453 121 166 749 151 507 91 895 28 239 49 194 712 278 120 565 9 128 373 869 445 767 606 807 219 156 938 644 412 703 538 477 791 530 694 503 898 74 717 741 237 646 453 366 282 958 242 290 956 439 175 894 978 680 276 616 712 495 86 892 964 462 440 827 435 660 589 382 988 674 297 376 663 387 216 246 58 958 679 918 967 53 837 395 619 859 722 607 616 234 396 144 49 27 430 37 455 983 630 832 321 887 697 145 218 84 862 50 856 100 133 329 162 162 558 766 554 397 542 995 471 323 232 968 334 948 249 894 916 625 270 42 899 75 811 783 324 358 301 375 31 475 925 80 682 366 592 961 212 908 232 516 445 206 814 909 106 44 862 595 405 356 524 165 768 352 4 649 305 442 718 577 177 744 685 810 532 850 607 868 595 471 462 360 112 858 834 952 350 168 467 678 205 540 813 154 729 624 601 408 355 537 336 503 412 990 684 947 391 983 874 227 93 666 806
166
327 571 205 963 879 818 49 361 278 265 637 60 821 482 296 277 344 11 181 881 544 758 888 606 622 807 552 145 976 485 266 833 499 226 550 210 819 618 973 296 420 856 785 854 304 630 465 845 313 689 387 660 101 115 776 797 575 438 541 71 178 776 757 237 105 788 860 553 599 192 797 114 60 856 258 261 756 550 105 44 148 15 586 857 417 259 618 484 717 810 464 491 694 461 24 332 468 611 999 695 883 320 429 671 332 352 879 380 752 616 677 653 607 954 339 402 575 19 610 23 155 444 624 88 420 873 395 425 661 44 580 704 376 386 988 67 128 883 43 639 819 829 453 296 198 793 342 473 762 942 39 523 818 10 18 3 653 586 514 14 342 645 484 524 943 791
539
987 360 583 675 621 924 921 957 764 32 373 585 890 331 715 498 184 318 773 109 651 375 644 218 191 456 22 114 270 624 601 920 792 963 373 348 78 898 64 334 13 335 498 482 232 623 163 570 626 66 516 964 530 628 227 865 797 591 146 832 83 396 854 816 42 280 876 282 602 606 672 309 152 910 14 782 945 371 777 870 47 332 810 441 207 880 415 54 10 709 457 386 182 759 612 216 723 983 373 295 318 275 199 516 799 806 965 376 926 851 709 751 674 556 76 169 641 260 762 553 987 441 814 805 85 109 901 612 640 988 662 162 262 829 499 815 864 975 550 880 470 430 637 764 25 105 285 34 748 830 851 556 194 547 813 782 453 183 295 534 575 988 314 596 777 95 101 607 811 707 691 238 571 892 684 962 635 145 476 528 217 620 631 711 872 987 838 919 774 201 251 631 207 963 14 426 768 93 558 289 16 547 583 515 953 182 879 627 90 810 387 791 62 281 851 882 532 51 377 989 700 246 667 379 603 882 38 158 547 702 340 7 447 228 600 438 916 28 211 902 244 500 968 29 271 586 52 316 267 205 520 371 131 38 510 363 60 949 950 757 803 815 336 612 69 337 988 769 515 899 625 268 729 365 819 624 380 587 275 586 680 580 720 802 585 996 374 533 470 134 505 357 534 48 657 682 524 900 310 611 111 919 450 648 431 500 322 620 978 199 384 617 294 281 289 133 345 977 740 358 334 269 807 850 982 555 153 622 150 141 862 261 296 578 111 810 713 420 872 606 25 199 150 478 80 352 305 481 992 769 344 92 734 759 395 754 375 829 579 425 545 859 930 982 969 556 302 724 367 287 601 821 28 333 688 237 190 345 6 5 324 326 294 450 602 731 284 746 451 595 928 102 394 983 100 271 698 816 708 6 685 214 661 360 736 628 705 845 965 864 615 201 647 89 960 385 194 78 342 416 378 186 501 579 792 120 793 622 373 853 305 832 166 429 144 741 504 812 237 263 516 576 767 946 650 553 536 799 702 172 359 457 407 658 503 802 989 192 303 209 878 881 963 97 319 962 380 607 910 756 627 986 225 84 565 460 419 494 116 639 205 883 727 304 395 210 609 581 830 881 136 756 5 381 294 870 635 899 116 566 57 128 446 644 277 447 633 563 934 589 893 396 621 284 477 633 611 145 487 601 333 142 118 734 298 649 330 600 956 701 831 854 972 733 586 959 338 940 67
482
865 663 321 700 551 291 685 617 543 784 478 202 529 838 323 531 706 822 195 638 639 621 805 119 642 837 591 796 876 398 846 747 70 471 750 635 885 238 482 458 556 219 989 323 274 698 247 131 308 505 210 361 555 364 176 664 834 359 762 954 274 369 564 240 819 526 920 586 286 903 637 710 553 900 462 202 437 85 225 115 756 963 846 552 35 598 649 549 954 76 382 296 440 995 505 595 562 681 545 989 745 191 772 674 229 174 429 944 285 365 764 74 371 746 616 324 36 343 561 434 598 388 966 438 388 211 145 939 90 237 741 386 744 929 189 236 702 798 237 560 378 180 569 832 449 451 960 843 814 587 849 256 228 460 307 166 60 764 976 903 777 211 889 923 754 649 12 439 882 864 740 188 471 932 917 37 193 305 414 8 946 71 842 274 238 350 369 790 156 897 182 636 715 299 503 80 666 834 257 895 794 738 426 861 961 126 49 119 93 115 248 29 510 19 515 245 670 746 664 972 527 695 850 184 618 859 906 330 25 44 369 443 552 748 924 443 946 796 211 910 716 178 264 224 292 448 760 952 476 970 283 625 503 764 364 229 868 994 689 527 315 862 968 734 702 410 320 951 734 66 2 824 632 886 394 39 546 829 834 761 976 568 171 127 741 562 244 497 971 689 491 922 388 500 258 131 270 832 925 301 405 179 238 168 811 655 391 716 50 697 323 317 351 34 980 347 616 375 858 169 557 899 564 459 668 609 449 98 774 358 601 144 482 352 825 36 978 291 135 552 337 534 51 244 652 645 953 282 776 583 794 552 354 433 680 132 423 752 131 262 215 563 481 361 30 247 523 191 378 598 9 566 751 10 842 874 781 25 413 328 408 985 195 344 777 539 82 565 372 922 974 824 443 677 286 615 772 129 753 468 493 385 698 626 338 402 271 945 491 849 717 606 894 465 76 102 805 127 347 819 13 851 75 577 683 24 40 966 972 95 576 551 56 13 872 413 200 267 980 940 366 554 351 284 728 592 855 286 18 258 595 106 854 249 958 962 644 293 518 125 971 145 242 833 402 659 727 658 136 553 344 206 898 114 674 363 434 222 696 488 132 94
71
518 65 411 870 836 73 367 516 234 383 225 505 777 166 765 280 762 975 696 806 103 525 9 4 810 321 222 34 251 816 176 503 217 950 401 572 621 705 97 256 540 410 165 889 240 637 312 461 810 207 731 423 682 274 938 413 544 790 941 86 686 38 864 411 93 152 919 919 134 463 857
666
616 160 61 498 714 836 323 604 569 738 847 885 61 124 577 222 237 116 111 870 992 764 224 284 621 668 424 709 455 82 366 435 856 73 805 808 422 408 879 308 266 253 272 827 893 519 671 213 570 554 424 404 728 339 39 795 335 996 769 614 837 401 802 844 612 384 61 643 38 420 187 510 984 498 368 869 460 136 955 995 45 79 345 470 476 195 66 543 982 713 186 60 378 487 760 481 849 106 285 170 691 957 424 437 650 379 441 719 637 73 189 509 595 771 867 429 288 363 619 493 497 968 774 792 625 712 416 990 938 401 383 384 732 435 827 920 115 442 200 519 553 666 474 918 74 522 738 324 676 528 907 582 242 642 493 159 631 490 404 299 631 267 681 453 400 437 657 170 154 194 964 496 133 520 274 378 334 705 16 240 755 131 925 594 265 756 346 554 629 241 588 712 196 293 773 715 415 571 730 166 200 110 498 265 735 794 258 828 111 308 205 163 871 467 631 940 132 703 27 22 632 746 997 189 474 232 313 723 977 252 177 537 536 346 678 672 274 53 218 633 188 999 405 583 966 310 45 757 408 346 907 160 26 138 805 926 902 532 857 296 67 457 939 598 676 970 631 445 904 528 248 4 371 192 162 166 872 274 859 28 619 854 817 642 996 152 217 818 690 948 334 721 5 234 82 364 536 434 528 163 564 728 857 153 705 242 159 921 674 266 390 567 721 447 690 500 252 619 13 808 743 158 728 780 664 426 284 890 493 694 69 916 213 331 239 59 436 995 440 70 726 175 11 888 836 918 693 929 671 210 416 911 862 106 725 400 736 520 635 10 9 435 806 747 751 164 773 497 647 193 615 177 409 39 27 764 19 298 89 511 795 254 68 332 294 320 449 202 186 432 151 491 371 398 601 528 588 188 981 581 634 975 736 401 626 346 294 639 535 155 137 956 992 130 313 207 687 392 825 493 85 46 884 906 621 777 392 291 56 556 515 444 784 611 16 314 242 827 544 142 875 846 414 304 406 744 794 35 516 300 106 683 209 764 294 699 431 932 368 96 412 728 579 303 357 984 931 407 78 211 174 386 621 776 205 75 958 421 495 28 422 499 14 568 843 242 92 937 565 956 825 585 22 382 917 157 468 217 714 491 196 216 558 732 59 323 876 531 369 538 753 195 141 724 767 258 105 480 790 778 892 964 624 551 374 185 963 186 129 307 261 141 792 776 21 611 880 531 512 930 896 666 917 835 665 163 836 770 677 92 42 250 996 541 714 16 511 464 790 297 100 867 95 526 92 115 317 455 640 729 732 711 66 242 703 137 709 92 800 344 955 63 203 605 11 326 888 725 604 914 26 136 856 315 683 549 269 852 90 697 595 36 766 661 902 854 901 392 952 763 38 503 306 281 845 783 138 453 102 218 499 543 836 946 350 892 985 320 220 339 870 589 888 452 189 542 913 170 434 774 647 521 835 405 120 157 566 573 629 938 53 108 274 942 681 865 321 500 108 981 466 531 730 998 226 576
424
375 433 439 667 936 703 345 135 212 93 771 517 717 349 91 913 577 513 437 132 591 103 121 242 181 361 688 547 684 854 530 467 702 351 465 827 566 316 740 695 701 42 440 226 334 359 178 189 662 183 477 426 683 180 754 746 507 22 785 178 531 866 84 154 666 409 785 971 598 726 964 862 768 327 303 133 847 211 146 877 669 403 483 856 147 791 230 829 228 216 774 38 598 827 493 336 360 466 756 857 881 218 368 12 280 905 972 924 273 905 470 767 435 89 492 677 625 709 788 594 142 406 575 168 324 92 525 69 361 131 43 230 256 775 81 941 927 700 859 444 228 415 811 350 945 620 462 83 578 141 875 422 516 449 264 491 714 649 1000 458 650 478 640 177 752 422 467 162 693 634 498 461 539 805 351 802 991 11 984 515 476 779 116 901 735 45 324 580 10 41 837 877 211 640 656 481 880 852 175 730 641 899 241 684 450 239 311 617 596 304 450 6 20 743 543 123 464 487 169 177 991 812 621 637 784 90 843 726 826 309 143 769 248 700 34 562 391 53 405 457 678 838 130 99 830 628 39 504 484 22 769 182 993 432 264 919 825 40 549 821 476 612 248 352 803 723 894 839 388 1 24 794 662 747 500 49 172 820 539 502 341 119 575 624 62 870 466 699 246 560 482 944 257 347 283 68 207 604 700 381 507 590 752 643 265 786 288 388 493 672 815 687 708 314 626 383 786 223 425 730 323 555 477 199 20 203 931 631 1000 857 2 564 50 836 38 572 382 695 395 220 951 511 494 151 332 828 194 578 111 347 57 183 909 921 846 255 374 227 766 352 112 77 672 907 203 814 233 682 187 756 30 878 825 738 912 149 987 165 553 467 652 255 474 312 975 553 976 918 503 662 551 594 90 43 122 188 826 213 320 258 224 611 62 351 738 244 730 250 172 992 849 498 115 297 379 140 128 659 105 255 636 923 407 136
85
161 555 940 76 871 161 868 104 510 207 75 229 704 75 379 30 742 267 965 162 284 765 804 486 848 971 482 920 402 691 113 904 78 770 638 726 414 535 791 365 168 702 11 332 714 245 689 571 771 242 548 667 619 954 896 881 213 988 246 383 584 786 525 690 381 877 730 85 89 318 143 150 698 46 470 797 812 91 359 947 269 364 721 807 431
157
971 684 235 430 135 812 425 466 400 775 841 169 192 40 107 695 170 822 711 593 539 869 874 193 675 560 599 211 266 415 249 379 697 966 975 337 703 529 762 455 537 490 506 748 786 302 641 503 244 964 373 774 368 708 550 617 195 617 507 380 464 570 513 828 499 552 601 616 10 388 818 76 972 380 710 921 548 380 423 340 580 403 695 507 16 576 817 570 39 529 205 751 579 234 658 262 177 450 678 1000 547 130 293 927 635 32 913 924 294 416 215 254 325 852 735 898 398 616 199 352 363 679 950 843 255 70 670 59 126 159 709 116 83 736 383 351 660 6 75 912 956 895 259 144 147 525 315 3 128 484 147 459 928 8 681 415 69
553
291 248 72 984 299 295 337 417 643 597 201 533 855 528 399 112 204 180 804 306 705 147 720 267 53 140 857 716 350 210 220 468 90 948 899 587 457 678 223 559 539 980 655 853 53 790 626 638 605 853 804 87 986 579 757 1000 293 819 52 991 730 199 424 891 986 594 275 594 826 139 782 32 428 791 341 769 40 470 317 577 178 835 944 620 110 213 872 338 44 679 570 684 400 513 802 24 753 92 564 647 1000 397 395 881 239 982 250 742 681 439 244 178 681 843 219 118 462 623 913 406 68 701 815 308 833 619 625 838 97 8 503 741 226 21 266 472 934 350 735 804 958 918 302 172 712 865 546 18 400 977 299 394 343 541 71 248 708 828 946 280 693 344 295 74 72 368 832 156 46 748 651 392 6 900 825 409 124 556 649 570 40 385 239 435 185 150 672 147 95 515 662 571 348 743 706 464 625 820 297 836 335 152 415 629 952 739 168 109 574 851 918 182 137 445 143 748 988 59 704 325 228 753 978 99 207 136 555 540 277 895 534 932 19 685 683 277 581 52 54 825 963 548 297 523 101 402 241 589 138 525 512 374 885 580 375 168 764 853 496 64 749 746 971 197 650 220 226 541 939 237 968 771 906 75 884 559 221 710 861 412 180 983 810 454 509 355 877 938 285 462 618 723 770 322 461 16 373 117 190 138 753 604 5 568 564 86 720 672 853 237 82 937 857 491 35 899 52 879 109 797 273 621 532 544 647 204 500 133 472 160 148 932 403 387 252 143 817 371 220 535 861 429 800 99 207 967 357 329 800 267 480 604 419 518 403 603 634 83 885 38 262 321 76 189 140 943 285 465 566 120 411 567 197 519 335 853 558 796 502 426 250 5 409 617 508 989 22 374 328 582 309 886 785 939 225 565 179 129 501 471 325 757 165 499 345 164 179 890 352 310 237 293 723 296 262 290 701 683 974 532 702 226 152 361 567 978 619 169 222 415 358 781 411 371 888 45 659 578 606 181 83 69 42 849 126 42 570 248 524 507 365 932 705 681 978 896 822 276 405 523 454 492 814 90 309 439 133 92 983 850 184 621 799 992 364 812 415 316 760 604 128 231 493 114 583 435 733 537 603 156 795 852 649 770 622 141 638 572 550 979 31 496 720 574 244 74 654 387 35 209 965 701 151 437 271 215 914 610 780 116 225 205 500 929 445 916 974 682 151 889 884 99 181 761 955 241 906 272 597 653 951 773 564 682 185 522 742 659 888 321 480 713 836
637
780 309 492 424 154 977 680 103 705 216 729 710 102 279 566 16 429 256 897 124 698 913 180 207 850 695 310 955 213 836 457 281 155 385 420 296 821 442 135 716 727 737 470 772 85 933 491 143 169 413 284 632 843 572 175 852 424 911 185 38 958 147 498 582 278 271 956 552 685 205 177 320 283 24 698 394 240 776 389 526 468 726 870 714 219 255 89 585 810 237 751 300 867 480 827 612 504 9 695 248 569 699 38 625 351 573 546 312 980 633 771 703 839 22 670 615 382 184 115 452 415 961 128 405 934 88 414 588 424 811 953 839 718 684 310 275 185 684 1 366 237 339 436 688 321 769 925 666 403 958 5 167 571 475 969 768 460 940 314 121 327 221 733 314 188 919 400 21 775 812 763 535 74 173 294 153 176 944 312 1 528 362 793 989 510 97 718 625 84 728 64 17 949 548 937 737 458 78 681 260 337 7 158 643 336 214 464 443 982 523 731 913 858 524 110 724 145 108 137 827 317 877 30 128 79 704 910 546 148 785 674 489 567 236 378 983 869 270 273 139 667 734 268 725 796 790 184 172 84 17 248 407 92 879 853 182 665 182 80 171 748 568 834 439 978 840 665 140 971 348 275 973 893 592 137 805 408 384 730 864 128 940 748 782 566 102 92 872 710 679 579 19 111 831 208 283 346 641 827 843 577 748 73 618 669 210 299 683 193 378 971 989 240 198 77 251 385 473 129 981 57 96 816 428 781 726 477 743 99 931 634 816 926 900 191 356 36 601 929 895 444 974 835 411 892 55 797 78 440 544 781 809 346 939 354 95 322 439 23 424 703 155 910 66 173 293 622 86 924 213 769 742 946 532 40 823 718 888 646 300 836 439 337 901 622 275 303 480 75 68 71 309 477 912 72 766 560 742 457 929 921 906 933 620 897 457 189 732 890 683 950 656 999 919 424 199 491 431 919 971 653 978 773 928 475 624 596 48 296 59 841 386 911 439 776 706 165 328 301 443 485 759 601 968 966 199 340 30 909 874 496 457 814 42 237 84 254 918 59 966 764 732 656 818 883 717 784 913 509 229 639 741 485 326 591 533 463 71 294 54 237 758 189 826 273 781 694 193 830 216 150 5 657 939 25 245 185 522 577 539 400 492 949 248 146 607 493 705 408 73 869 966 44 331 708 13 258 696 883 256 430 617 466 13 852 491 114 942 142 145 504 551 617 345 214 961 577 908 994 558 653 600 572 975 385 655 212 24 1000 441 341 166 429 703 214 327 721 131 668 590 390 431 616 450 332 558 607 369 952 559 320 234 529 161 302 703 177 654 854 655 995 217 282 93 72 776 95 567 834 844 397 277 101 672 404 227 798 32 10 825 577 319 673 744 783 614 869 331 371 765 40 825 72 254 266 891 985 418 512 831 959 391 644 869 181 807 469 533 908 465 461 157 536 44 123 642 815
396
320 159 470 576 780 570 159 388 211 574 737 144 991 207 345 812 256 313 135 265 377 85 327 336 801 361 248 807 838 479 810 320 68 930 798 37 908 871 291 440 775 594 233 993 749 143 284 825 293 104 852 59 355 490 595 217 411 845 104 68 904 787 626 656 881 476 740 115 88 494 913 468 672 358 824 265 79 382 400 391 372 320 125 657 900 204 579 541 630 22 88 866 161 699 915 596 684 256 113 981 395 847 224 864 154 885 324 566 711 318 867 397 876 22 679 943 526 797 585 737 262 297 11 905 464 770 251 400 103 274 687 471 173 340 348 89 336 112 810 949 89 954 44 523 911 307 784 619 307 584 797 449 185 986 333 145 832 980 594 395 411 792 242 492 425 290 401 748 583 69 669 906 767 248 832 354 952 943 990 98 195 930 795 119 51 334 462 310 167 432 678 362 201 272 544 282 868 42 282 340 243 342 314 633 929 576 11 665 414 105 282 847 700 237 95 123 930 654 350 604 724 392 47 121 858 406 173 880 208 450 409 979 778 48 415 653 360 344 888 35 95 921 991 604 203 173 222 944 245 280 548 605 233 571 4 194 845 147 752 475 789 499 231 889 765 564 983 41 127 412 232 495 282 56 506 612 631 713 624 863 930 114 73 810 302 310 916 85 558 874 632 755 544 724 288 514 422 208 707 192 585 139 758 332 683 562 758 895 797 977 389 877 695 232 436 644 63 369 470 131 796 719 250 418 839 189 110 942 401 545 253 265 248 92 219 751 16 592 144 589 605 300 13 857 379 903 819 94 977 950 860 221 725 395 508 977 865 367 743 133 876 960 338 612 604 946 79 337 240 878 274 283 884 686 520 210 851 272 877 232 395 37 357 589 59 565 756 764 39 627 387 513 651 806 101 980
529
425 323 900 206 728 75 671 466 304 74 856 483 527 333 293 920 68 67 85 96 794 236 594 928 232 470 213 94 469 109 335 55 114 859 961 547 631 852 541 531 532 574 636 317 248 436 812 95 55 680 548 816 93 758 412 547 403 961 45 467 966 524 75 303 342 105 520 513 329 100 931 717 399 743 329 875 186 946 950 818 579 292 570 182 301 880 881 574 878 105 968 788 335 252 443 473 264 412 99 893 382 182 666 247 305 191 579 207 411 880 222 718 618 916 725 212 651 464 712 985 68 760 779 570 347 479 688 403 302 980 367 313 48 779 454 759 430 236 715 14 103 647 43 924 408 369 504 679 410 531 813 772 682 506 188 127 602 755 637 834 369 783 994 954 945 344 780 113 997 176 483 160 991 718 623 353 601 285 904 683 95 748 81 316 198 336 918 702 631 168 443 43 480 765 415 392 972 726 522 423 819 716 339 930 972 111 376 985 833 867 87 445 568 304 283 564 50 581 680 473 545 155 213 323 977 627 851 636 43 90 937 571 362 307 193 343 388 38 257 928 284 873 406 817 150 780 224 430 183 221 346 383 579 740 174 354 355 754 867 893 805 321 3 351 238 379 725 573 848 326 237 198 496 357 528 887 174 146 137 464 736 40 711 492 751 557 887 519 715 340 888 515 742 615 124 345 573 208 11 894 109 399 215 74 830 72 846 612 582 578 267 283 355 756 666 986 143 908 134 250 526 930 554 59 734 930 351 634 44 728 686 934 59 57 105 382 951 434 38 545 650 184 392 663 7 577 600 92 694 360 825 355 364 602 511 165 12 930 586 562 609 595 386 329 306 258 20 227 463 126 484 758 401 920 346 257 89 501 337 829 331 111 250 966 376 562 592 297 111 705 813 825 314 747 421 9 658 507 883 212 734 649 105 599 804 960 83 896 157 217 311 301 136 192 302 51 264 706 510 48 932 236 468 209 513 689 495 785 149 839 530 345 387 796 882 1 185 54 639 667 257 646 852 242 209 306 130 784 800 641 595 636 632 301 982 63 143 974 772 697 268 478 73 218 491 987 468 748 579 413 161 633 457 567 538 23 32 252 37 382 587 9 541 697 551 231 422 860 631 396 268 282 101 156 31 928 580 923 260 305 322 668 557 158 179 189 871 767 763 924 869 386 881 725 391 558 208 923 862 641 940 837 998 630 137 481 114 922 981
268
678 15 333 322 632 151 21 569 837 332 530 289 984 369 675 538 648 825 850 422 952 364 294 645 539 418 271 311 6 400 326 899 150 962 902 369 437 263 137 924 947 790 227 425 872 183 409 37 875 965 502 717 637 970 650 502 233 249 484 39 974 543 67 265 327 224 694 502 320 233 838 246 330 337 700 753 807 614 974 136 275 851 291 761 969 181 178 717 1 687 603 357 491 650 54 391 380 343 131 989 190 519 273 641 942 232 577 647 943 228 958 169 209 789 501 498 734 972 701 268 69 464 848 877 478 521 28 995 674 128 862 851 874 426 569 741 384 660 366 206 785 355 437 304 464 487 875 946 281 959 324 315 392 978 576 799 505 968 307 442 319 770 246 685 399 418 464 64 951 266 387 816 653 573 462 216 988 615 441 340 773 467 515 534 407 717 90 699 236 973 489 444 947 265 434 761 929 516 276 957 899 711 155 735 769 512 197 29 587 252 563 40 30 777 483 731 287 269 197 872 121 905 539 723 147 256 241 975 451 235 938 584 48 593 924 879 500 8 332 825 710 262 287 198 982 541 850 589 654 182 380 459 647 378 401 395 353 746 114 202 862 448 140 279 675 14 522 490
198
623 216 622 9 122 901 752 388 218 540 156 338 927 341 70 561 835 166 606 450 680 366 639 881 646 45 891 257 398 242 658 444 851 744 129 602 351 857 943 677 274 44 987 782 904 657 12 727 297 364 207 504 619 463 519 277 325 59 139 552 197 286 366 910 996 266 382 57 617 415 716 464 552 588 994 469 332 957 386 752 193 33 808 307 540 42 75 956 585 111 72 11 248 687 665 248 140 474 892 666 198 380 473 7 46 88 77 670 731 837 95 190 98 263 248 599 563 620 959 58 639 997 389 328 62 290 967 307 859 916 166 601 489 870 16 452 53 726 168 905 307 347 78 701 319 765 831 582 714 400 925 317 138 26 710 617 877 229 157 631 197 799 54 546 845 845 345 592 763 835 118 380 189 879 454 247 201 246 787 379 789 34 997 238 473 361 915 191 856 339 210 926 44 539 797 123 375 394
619
752 715 840 48 54 358 699 942 727 560 425 540 554 962 523 231 396 426 707 724 328 27 600 801 791 517 585 663 643 500 100 543 100 553 766 509 51 728 51 131 452 245 825 424 576 633 82 48 293 57 956 724 913 750 277 24 685 681 442 34 557 783 377 831 181 229 899 727 775 157 121 23 38 390 775 543 306 940 332 523 612 994 807 428 168 711 136 946 363 76 367 158 220 601 177 379 841 817 212 150 526 600 191 270 615 228 491 272 218 924 113 499 133 174 608 315 684 679 667 26 842 194 346 347 831 3 789 313 44 121 279 393 660 695 80 146 618 715 981 723 958 653 761 484 464 922 875 254 839 320 152 782 974 978 713 61 767 947 78 171 69 870 159 701 427 495 255 696 671 110 855 468 714 952 683 733 227 113 125 718 59 811 453 980 789 982 259 202 817 640 728 281 945 787 929 99 509 663 81 883 831 514 639 633 27 151 841 134 129 205 296 436 988 308 896 331 234 99 665 83 889 398 58 606 258 470 261 197 659 15 378 820 281 764 166 934 626 374 595 624 81 385 562 506 734 104 209 752 706 121 156 23 198 740 983 47 987 514 161 875 301 885 750 770 560 329 198 165 454 777 45 397 996 725 530 874 276 398 988 96 736 13 646 184 303 645 774 870 963 397 357 80 410 579 262 316 116 739 818 82 392 670 201 473 748 883 256 675 212 711 777 650 850 818 10 991 711 329 398 891 650 339 878 18 992 225 256 20 34 434 790 112 626 899 604 444 223 528 316 681 14 912 594 152 19 930 247 663 141 182 277 454 711 253 102 123 637 684 973 462 755 172 216 653 983 250 263 1000 654 476 527 418 172 549 792 406 975 664 643 867 33 207 261 76 972 195 453 156 934 785 276 625 828 277 992 808 622 415 518 670 214 964 61 300 626 517 432 140 867 545 733 972 970 949 100 755 914 372 416 109 341 978 602 886 616 399 464 223 862 375 738 687 354 881 502 766 460 938 923 717 940 362 764 61 877 664 165 634 745 646 662 116 659 564 746 955 760 896 281 799 174 964 926 249 726 722 68 621 918 614 833 180 687 42 227 749 195 205 312 214 933 694 661 179 743 821 891 191 678 670 194 472 141 1 763 705 731 524 80 307 435 213 164 73 56 498 717 289 483 641 5 693 46 819 526 991 438 639 346 22 175 380 365 632 515 476 751 897 892 582 578 145 683 447 939 912 617 994 573 983 616 452 268 120 353 913 695 103 313 194 414 22 53 705 337 748 397 847 453 246 186 774 561 17 294 625 688 683 26 628 730 604 161 477 402 370 542 499 424 439 724 738 505 548 215 265 962 85 342 170 600 620 552 878 310 788 705 733 214 794 895 648 896 437 871 417 794 69 752 972 418 46 706 500 937 41 273 213 955
493
835 633 587 886 728 576 506 990 950 591 727 1000 758 132 834 669 192 491 322 895 800 781 372 422 168 991 59 918 217 574 696 842 639 510 84 300 455 651 1000 371 671 304 339 26 747 258 980 332 461 106 644 405 183 422 213 421 94 756 829 273 970 559 388 312 553 201 5 922 452 431 133 185 983 809 302 991 441 530 168 327 600 824 500 597 587 760 451 917 398 969 496 486 3 41 608 20 522 570 771 217 280 465 812 922 433 150 76 211 871 42 870 217 156 646 449 42 154 722 747 547 183 916 151 780 233 623 781 561 588 490 787 832 111 739 596 115 544 17 637 561 182 727 657 161 971 149 159 132 961 551 476 629 555 159 922 174 561 438 593 58 750 133 598 771 465 650 745 875 988 193 911 10 548 588 906 357 137 671 158 726 397 841 926 231 21 396 605 154 889 315 69 32 515 39 846 289 944 596 192 223 329 129 898 775 484 970 489 880 168 989 118 84 164 403 811 733 99 977 831 832 349 950 652 192 634 570 745 85 847 681 587 9 87 308 582 463 153 516 766 505 864 879 86 747 844 148 552 987 938 780 908 152 378 793 972 94 110 759 391 550 601 354 988 809 311 418 581 696 628 916 113 583 352 487 262 667 266 317 705 260 74 683 904 49 454 101 633 539 682 555 374 483 133 665 529 435 953 144 900 421 157 618 366 699 983 131 86 791 236 155 810 782 181 217 528 928 320 780 878 879 930 432 708 364 687 360 978 212 737 428 302 337 963 351 157 863 860 51 487 898 207 959 557 825 699 218 303 764 781 778 713 175 951 923 714 591 686 673 587 865 304 335 258 161 634 611 546 844 851 145 103 626 433 797 260 243 470 687 224 11 207 162 947 626 93 740 587 990 548 45 24 942 171 220 925 874 966 170 647 538 51 790 753 765 188 678 267 767 446 145 542 198 691 137 249 528 510 509 779 827 817 279 671 432 782 115 927 690 52 806 448 399 896 180 862 239 636 929 249 873 464 895 638 352 481 511 330 362 285 231 7 554 275 607 284 106 15 18 294 289 363 570 677 205 412 823 809 674 469 356 334 438 26 882 689 167 521 758 8 270 928 783 915 890 781 568 815 458 398 422 927 585 130
308
918 685 828 383 431 600 544 2 751 375 700 234 719 776 317 766 950 585 664 260 761 3 355 689 373 162 780 519 746 40 718 598 948 155 427 676 772 392 774 859 760 894 275 634 136 368 719 223 568 671 348 532 397 968 451 566 501 492 185 58 78 827 551 917 857 273 872 297 364 712 484 901 596 437 785 409 233 816 908 551 910 907 228 854 999 791 687 300 583 134 838 168 572 186 451 779 614 699 20 378 845 519 667 897 816 289 675 108 757 77 574 119 451 246 250 544 209 371 180 650 455 575 745 769 157 303 184 493 556 365 641 897 711 430 336 573 927 946 632 511 140 887 936 491 465 671 940 617 697 767 457 218 490 431 915 847 241 240 544 150 915 581 461 805 636 464 131 517 948 599 467 956 740 557 703 911 191 92 322 590 58 225 302 757 540 947 247 576 437 896 816 433 654 240 515 945 226 853 715 934 482 904 96 706 955 900 409 423 563 973 303 557 268 884 616 9 869 723 311 585 376 305 456 182 229 57 90 352 662 498 606 377 152 776 428 471 873 59 854 725 921 776 278 15 701 751 540 799 678 168 9 967 2 523 916 268 885 933 812 289 907 840 105 489 192 132 847 45 196 484 777 937 282 318 903 70 192 611 130 756 233 666 884 222 256 390 681 211 614 931 924 957 498 55 528 745 784 373 842 367 535 867 419 39 759 6 515 527
602
805 820 593 230 644 457 522 137 844 907 995 636 452 825 307 949 191 658 798 230 40 442 239 899 748 606 231 209 836 527 457 929 195 355 285 647 933 970 905 957 540 854 846 801 904 749 131 299 27 359 548 190 148 246 625 580 236 268 721 972 390 204 675 505 182 916 569 322 579 250 811 899 317 826 542 895 749 363 55 824 744 48 273 568 858 302 626 568 170 555 273 123 295 745 348 807 798 143 906 340 151 496 78 580 999 312 976 437 338 537 341 213 673 501 237 689 67 124 615 504 377 855 585 675 917 230 341 214 575 592 689 830 394 753 554 829 559 375 791 412 817 120 582 410 328 745 392 62 35 519 133 186 76 42 677 477 20 633 985 997 460 370 647 712 375 81 659 635 751 680 776 63 727 899 135 20 143 307 601 473 42 486 128 948 331 839 765 615 111 988 963 624 436 34 425 798 998 693 754 554 286 146 999 884 162 922 446 657 942 216 97 123 796 364 770 424 521 142 928 802 831 134 724 442 26 929 998 344 830 139 557 835 899 339 696 762 941 89 564 450 123 506 747 643 648 42 483 161 498 763 231 831 417 339 398 305 716 638 119 813 370 223 286 888 917 741 197 916 977 269 196 101 731 755 667 715 763 871 52 733 505 152 953 399 125 514 424 89 768 782 115 483 743 594 577 878 976 898 981 47 511 217 11 732 417 618 734 816 283 545 621 869 666 478 596 837 329 692 734 503 103 493 963 848 692 729 905 749 445 498 747 332 279 268 525 520 159 29 74 974 325 646 53 47 610 943 215 832 272 9 45 801 145 524 661 451 156 747 964 301 93 933 575 680 85 495 14 825 707 387 809 896 373 807 723 438 394 770 345 650 20 801 328 168 109 600 374 931 904 109 953 784 76 127 379 228 247 37 410 103 877 46 358 710 350 190 58 69 413 813 883 865 735 659 3 794 69 476 588 36 15 820 198 329 46 110 625 326 426 858 888 776 318 965 46 21 13 213 215 544 203 886 977 157 572 503 343 999 399 951 502 14 313 838 157 472 74 898 751 58 430 981 865 116 169 348 306 198 556 726 289 13 63 142 485 697 113 665 227 360 195 953 990 266 632 340 706 322 593 421 797 300 738 918 489 910 211 958 412 138 698 870 832 304 349 761 656 846 802 727 37 566 515 75 146 853 958 594 226 587 447 435 285 618 196 716 497 394 943 367 525 195 6 637 990 669 145 615 458 202 215 27 381 251 157 174 700 359 592 45 936 530 733 216 688 642 862 760 425 442 715 440 171 585 630 878 18 440 390 555 531 204 837 166 418 489 789 773 378 43 804 586 678 890 979 857 321 654 990 250 278 748 89 277 502 669 72 841 624 489 728 919
953
817 739 555 510 290 201 443 193 274 270 423 702 37 349 272 882 545 358 806 768 587 908 773 434 48 319 399 970 786 343 30 391 706 969 875 679 374 499 193 824 378 779 983 837 425 940 995 324 97 617 371 320 156 958 848 492 169 469 413 498 266 778 487 320 1000 759 727 272 198 676 540 563 90 161 432 712 741 705 513 465 596 560 565 816 793 642 906 214 433 544 298 124 993 615 260 192 127 503 617 361 235 172 670 906 199 110 517 947 681 412 184 781 1 207 806 365 683 311 690 331 28 223 576 275 897 566 582 111 33 79 482 486 79 519 4 834 869 418 62 746 698 797 429 421 84 613 759 304 761 107 797 532 678 601 341 33 835 244 467 448 777 67 470 580 49 673 893 380 252 534 873 832 470 923 988 302 458 590 862 508 436 325 535 80 84 718 280 878 974 165 280 607 190 722 135 73 842 845 67 921 994 486 359 4 752 526 631 89 318 609 70 212 319 975 985 130 568 323 370 552 909 817 329 411 115 728 30 885 950 450 911 863 93 750 383 775 434 16 986 923 870 948 306 775 480 798 166 970 416 539 295 920 1 339 519 866 844 932 715 268 983 980 429 211 808 741 901 861 524 438 10 73 538 777 514 719 213 105 543 942 559 358 817 567 116 727 443 535 620 860 482 97 82 831 940 660 479 391 159 59 752 678 728 761 699 662 4 988 117 32 691 772 642 950 769 584 966 600 396 415 540 201 597 24 125 593 798 879 378 452 635 869 786 370 758 315 436 9 172 226 53 531 658 599 207 571 111 55 656 433 284 802 130 471 371 915 107 142 968 124 585 990 412 364 971 993 845 422 314 772 128 877 514 630 415 466 753 693 747 313 103 127 681 467 906 953 5 975 990 828 511 24 916 96 901 123 901 430 797 556 468 188 283 761 555 618 750 721 485 715 38 709 450 170 884 791 849 780 608 607 454 612 103 203 733 826 466 608 131 988 868 850 394 180 962 228 679 221 466 394 218 486 570 533 120 176 592 625 39 526 694 161 371 150 542 739 668 82 691 217 663 82 153 799 831 575 392 761 789 843 702 711 328 210 373 474 814 161 165 851 325 76 173 468 716 282 584 152 681 277 854 346 505 641 879 427 36 712 931 468 958 348 689 17 958 452 664 798 899 671 495 22 661 202 891 580 783 166 134 73 689 656 517 273 186 855 811 19 977 367 841 17 28 787 86 749 368 440 562 202 249 687 944 514 238 816 494 260 881 386 568 404 751 280 996 469 776 26 338 298 103 912 897 29 654 560 65 779 491 544 805 466 554 437 245 507 728 177 892 998 705 826 273 277 373 75 183 188 750 350 941 288 223 89 686 221 655 830 62 170 731 943 443 841 495 567 382 240 915 619 98 258 888 246 956 61 3 804 16 811 78 468 143 761 669 415 710 539 719 10 692 108 361 764 711 108 527 628 357 55 393 593 37 147 485 965 581 921 34 741 171 40 899 62 801 586 187 281 66 325 149 572 814 894 924 234 996 165 727 816 496 949 875 578 365 970 457 881 935 920 629 863 414 534 87 317 947 578 239 627 717 679 322 123 567 739 122 746 109 464 121 411 995 688 780 553 610 326 908 439 444 907 201 737 622 839 56 710 394 785 772 120 751 240 102 248 63 88 305 940 511 167 756 882 657 901 303 250 420 567 424 833 601 99 668 398 464 74 500 777 527 185 316 85 518 315 445 671 584 536 946 448 353 179 940 449 435 452 42 399 176 846 770 684 249 102 881 41 694 856 339 531 231 205 459 42 605 404 327 41 29 33 4 490 253 72 204 949 20 510 663 414 569 893 421 217 593 933 791 583 201 362 975 545 401 58 788 265 343 499 923 467 250 242 838 291 634 412 338 640 726 948 264 458 985 367 645 359 727 781 742 498 580 810 172 341 598 234 34 130 463 537 363 871 814 180 476 348 577 445 601 714 741 517 19 362 725 565 394 677 302 476 407 862 434 257 926 932 596 312 606 791 705 51 336 233 110 544 366 713 820 769 723 520 320 372 458 876 454 245 336 27 167 103 491 259 85 424 534 818 527 257 638 313 639 916 854 960 706 722 313 482 290 958 515 971 45 969 735 544 842 557 762 801 419 242 487 302 151 769 145 938 206 30 954 761 423 208 646 33 264 151 227
216
519 226 933 441 877 625 470 112 337 464 953 777 441 620 441 772 585 250 265 980 894 759 138 567 683 456 315 174 357 693 736 193 194 895 677 749 950 997 33 747 763 132 786 684 132 466 435 66 209 866 521 790 73 598 947 138 441 541 910 626 370 252 143 324 253 168 220 803 886 147 10 614 577 400 871 970 756 558 992 618 552 980 328 616 948 97 120 924 838 60 41 431 882 595 254 505 66 136 262 868 983 875 685 271 316 20 239 480 768 38 290 180 132 674 906 919 639 79 546 537 442 49 167 428 968 66 688 249 496 364 669 321 123 350 34 740 101 734 238 132 255 562 26 281 842 839 466 352 296 239 719 283 825 255 174 588 510 381 110 150 831 665 237 283 394 289 758 859 908 143 460 803 323 705 623 1000 43 467 22 29 498 832 116 896 415 484 555 261 360 447 25 351 685 54 277 101 692 542 658 59 218 86 586 549 409 770 958 132 568 22 54 246 31 273 599 797
244
509 489 845 85 275 158 291 23 997 806 746 212 678 385 536 248 2 197 935 289 113 583 707 513 151 713 320 355 499 384 507 667 768 720 281 803 599 778 460 363 323 450 263 957 834 60 67 574 577 697 226 570 996 683 493 666 145 650 717 752 123 240 207 731 216 302 516 463 94 794 660 389 602 304 467 343 981 225 447 558 840 792 233 180 723 134 25 363 790 590 42 522 585 798 764 501 398 786 236 67 80 911 794 907 394 952 715 942 135 737 467 280 992 977 540 191 374 282 258 269 101 34 859 709 400 871 876 62 623 671 1 632 105 185 24 289 615 193 64 663 614 947 982 353 929 530 6 876 556 16 498 256 240 189 30 690 823 133 490 36 598 641 175 312 898 517 20 313 493 19 645 882 492 234 849 123 170 32 278 836 946 555 142 762 242 258 107 541 220 575 162 460 92 595 788 520 473 476 867 454 977 505 42 959 245 414 734 144 753 236 599 16 819 412 85 226 792 114 795 766 539 173 333 681 729 827 496 441 628 424 462 237 884 573 596 609 329 169 602 930 638 376 592 103
353
572 654 822 647 625 201 469 420 309 648 372 544 107 695 672 596 927 351 180 858 877 902 274 215 628 676 708 682 334 735 626 981 407 806 194 151 800 259 695 709 524 86 300 334 483 545 793 517 633 542 14 504 447 235 899 453 205 160 333 952 270 418 25 748 133 571 285 453 885 352 967 650 108 362 177 378 585 76 214 716 656 436 302 196 154 147 25 497 385 112 302 803 166 862 15 940 586 214 934 245 824 943 809 925 475 288 847 407 490 226 1000 105 600 868 382 821 490 469 443 545 985 982 247 141 524 678 453 106 369 128 652 506 539 957 9 423 734 851 690 809 698 251 739 200 103 169 554 231 360 693 228 968 144 678 324 925 808 635 429 384 21 534 742 374 674 12 485 676 576 218 644 251 726 165 91 725 485 779 706 810 44 815 205 274 757 894 680 196 943 367 836 801 974 233 468 685 243 795 340 932 543 560 356 316 486 562 223 951 566 687 3 487 628 335 639 354 326 442 747 6 547 985 601 102 272 157 854 651 790 917 915 526 250 899 252 528 251 630 664 765 493 274 327 693 38 117 979 313 47 140 204 519 141 387 610 488 715 687 548 32 592 261 260 237 907 31 262 949 935 928 563 573 204 317 889 265 388 83 810 949 217 668 667 326 987 405 196 571 996 512 66 459 101 759 790 642 238 799 635 366 408 119 713 182 735 821 209 482 910 303 364 613 305 244 973 651 917 901 139 27 846 185 632 170 576 106 130 633 424 800 298 788 476 117 829 838 140 186 614 749 498 563 343 292 756 161 570 62 697 391 736 113 484
66
259 562 840 657 183 163 904 197 148 577 206 751 123 781 692 909 411 528 989 702 454 777 398 32 898 121 469 782 259 369 273 64 882 12 785 531 959 965 48 465 645 659 856 537 257 295 523 885 646 825 900 195 859 667 26 163 763 705 810 809 123 60 824 242 978 993
342
322 402 669 750 494 767 770 548 381 356 219 367 685 302 119 544 996 314 574 353 714 611 579 321 395 743 94 201 42 746 259 945 612 182 716 594 11 976 99 14 993 873 531 735 461 599 711 252 677 435 208 789 768 860 133 296 419 156 697 341 704 663 656 980 712 509 594 606 915 62 634 448 303 591 32 834 802 195 536 780 326 451 873 982 907 879 189 690 86 980 284 887 562 484 143 792 414 573 172 304 29 360 980 26 69 879 711 199 147 657 117 579 717 621 927 273 123 832 163 224 53 946 769 756 694 579 966 653 648 297 901 814 860 406 513 909 416 816 807 818 70 961 943 724 145 785 917 46 499 899 697 926 221 208 454 91 810 527 398 463 531 480 613 332 761 226 876 608 74 833 148 874 371 429 195 202 80 281 64 209 18 594 121 882 429 84 333 389 579 952 433 40 122 802 344 209 52 580 401 13 588 161 398 156 332 715 286 96 505 548 348 663 657 370 60 894 483 957 140 655 316 819 907 7 529 769 116 854 175 226 816 448 549 525 953 632 196 23 78 440 134 876 464 515 710 479 793 332 723 590 596 143 806 328 994 882 557 482 30 465 619 458 758 790 509 867 873 342 907 361 307 230 861 954 913 363 674 221 25 676 78 23 17 810 174 853 337 203 819 615 700 437 929 321 482 908 116 212 437 463 232 159 634 347 162 424 222 715 956 863 176 762 168 863 210 782 146 430 429 785 342 621 244 589 593 420 996 476 746 500 860 526 958 416 235 809 492 722 248 182 82 661
173
890 640 972 680 770 59 821 816 519 370 592 298 54 679 846 247 668 386 347 843 790 572 343 807 702 934 457 679 128 827 268 685 855 54 532 32 132 732 759 605 1 784 718 276 839 365 374 646 72 25 82 612 951 931 791 337 84 520 249 563 198 835 203 259 576 696 419 886 672 423 931 719 656 955 8 605 461 418 377 276 940 155 804 57 201 470 74 270 382 161 736 461 896 389 836 407 102 291 918 983 268 188 218 350 554 663 415 777 347 625 189 802 347 864 85 831 563 746 501 159 775 778 727 212 355 625 23 704 803 965 82 889 220 762 61 615 716 426 254 722 903 368 69 775 758 614 574 294 264 71 404 435 769 305 354 976 418 385 12 654 279 54 818 241 538 830 139 689 395 743 347 336 811
757
280 82 909 483 74 329 237 643 717 391 998 495 433 894 111 832 705 937 726 576 439 790 353 209 940 749 290 485 302 643 586 979 773 516 156 958 651 714 531 831 827 71 171 627 178 462 947 187 83 768 155 166 323 717 639 820 808 347 97 333 987 220 87 210 804 633 173 797 140 571 369 455 594 386 51 156 796 484 285 363 793 894 533 751 385 131 266 445 57 136 89 209 249 928 492 575 43 860 805 612 318 38 59 651 992 76 140 909 742 1000 392 878 399 524 975 627 124 513 596 268 854 306 844 529 967 364 839 115 328 775 39 292 753 87 919 560 365 570 134 180 738 738 689 659 302 677 207 3 111 820 580 734 155 459 965 833 348 16 672 225 503 255 534 770 802 397 515 246 905 615 926 964 204 645 929 400 578 459 586 311 865 531 576 539 873 206 475 812 270 343 139 254 849 980 96 675 183 635 579 750 736 572 149 30 41 619 667 597 601 685 974 676 904 266 529 627 466 988 921 887 662 834 372 514 13 161 899 579 765 795 798 248 195 401 547 781 981 50 498 307 431 776 481 426 693 612 137 233 943 205 770 50 796 122 993 278 395 595 836 320 238 316 578 562 97 27 732 556 469 553 703 279 150 805 537 988 338 434 950 411 94 954 843 899 942 541 52 880 938 274 193 376 980 65 709 913 618 879 217 986 25 542 865 350 992 877 278 209 676 665 904 153 860 300 931 773 168 858 465 203 497 704 845 567 803 354 771 652 492 523 156 629 190 448 371 332 260 22 442 707 470 571 986 874 245 398 275 74 793 950 924 485 682 525 702 632 838 726 446 209 525 901 170 931 310 114 115 937 488 983 298 731 744 732 681 27 644 518 460 448 57 736 943 182 866 147 580 991 932 797 467 559 73 252 666 56 590 219 224 385 651 179 146 514 323 996 318 22 260 191 351 390 95 527 982 662 991 187 213 602 216 688 947 402 488 325 748 406 902 35 384 344 801 985 604 981 422 727 393 914 113 849 493 113 200 994 110 525 525 944 583 24 195 255 280 621 396 56 463 317 143 116 757 947 55 856 514 80 677 365 720 691 263 513 169 149 537 57 311 241 334 194 402 353 68 124 235 141 11 476 29 460 879 201 320 521 460 997 636 971 852 722 32 404 537 838 516 329 920 675 637 126 152 376 60 509 953 857 3 363 312 92 7 667 793 888 521 140 970 684 241 728 213 643 396 500 854 595 354 235 170 26 321 319 903 82 230 824 173 629 801 682 93 160 70 318 970 178 658 290 978 865 597 135 335 200 318 741 660 472 916 406 982 868 547 788 393 156 723 11 390 367 692 141 261 66 436 579 366 219 67 489 233 185 20 578 335 437 929 239 188 37 878 611 222 737 89 555 751 550 177 507 929 447 560 708 951 389 97 974 846 450 514 860 927 653 558 223 326 438 754 855 430 816 536 844 111 617 846 634 746 20 500 250 670 293 40 669 361 276 130 949 144 426 589 841 156 874 768 74 607 176 940 281 637 758 372 947 969 467 986 178 980 980 954 740 376 475 164 726 48 266 996 590 165 129 56 329 939 294 702 553 815 594 731 25 677 417 316 209 290 317 306 473 481 405 946 99 28 163 839 752 142 736 9 578 975 149 274 547 296 579 952 939 650 722 835 4 883 392 819 1000 420 56 695 237 950 823 738 472 731 230 121 659 941 65 162 425 503 417 680 444 240 407 982 376 452
246
568 316 148 567 83 25 509 696 75 701 485 83 555 439 951 44 384 209 61 769 153 210 463 854 894 883 912 287 609 883 707 338 550 208 911 39 933 878 923 797 404 359 641 483 496 146 795 431 440 379 236 907 375 1000 297 668 92 125 168 271 105 823 244 846 396 119 616 471 787 460 382 550 112 237 1000 688 591 157 998 44 866 210 678 150 529 370 293 588 268 293 991 422 954 707 67 333 354 24 949 792 220 116 605 856 483 507 819 286 413 421 37 639 442 420 712 492 362 560 851 538 190 633 981 500 337 986 256 823 692 651 521 381 385 507 480 171 669 507 777 534 705 295 291 765 166 151 124 313 899 627 781 285 364 291 169 332 678 833 356 310 447 611 766 478 735 829 896 20 197 723 257 844 321 955 364 614 61 256 233 654 892 994 943 56 603 237 698 569 704 681 970 172 62 125 996 74 78 657 466 633 721 168 231 599 940 447 19 338 128 749 444 869 138 693 845 944 62 42 130 584 815 924 483 588 12 21 943 9 571 992 977 393 3 371 747 809 810 626 273 377 995 850 998 753 336 218
793
406 128 219 349 618 387 925 791 577 320 328 631 77 692 505 10 559 764 263 515 511 172 695 958 38 600 226 876 169 625 489 983 349 301 903 64 587 20 978 967 870 926 831 548 839 113 447 56 591 944 443 12 573 820 547 841 464 114 684 413 925 599 783 921 28 38 629 836 881 641 819 892 894 34 131 960 553 552 486 758 119 485 329 860 665 227 520 112 96 143 139 115 684 109 840 1000 298 17 736 977 284 33 50 758 969 785 397 469 504 555 508 36 849 703 619 403 37 684 491 760 385 529 941 586 548 978 17 273 682 444 497 371 741 445 279 37 305 400 70 680 625 365 585 164 269 439 337 347 447 646 806 710 186 167 478 873 334 533 138 594 382 687 466 286 697 615 619 272 15 690 865 372 830 192 705 385 737 262 626 158 741 199 535 570 85 596 39 597 139 346 822 849 84 255 313 567 130 884 831 404 693 160 119 934 666 824 875 342 172 429 647 569 382 782 894 146 626 832 677 278 926 927 762 780 528 893 86 958 696 658 968 901 868 798 337 285 928 654 563 707 36 876 465 667 472 598 44 108 626 885 583 374 293 782 217 383 56 980 433 599 273 140 64 991 877 807 828 797 553 739 378 157 738 986 696 13 30 915 158 86 220 420 526 171 658 510 621 851 395 337 550 922 898 367 342 244 283 800 639 527 635 777 735 600 820 737 556 414 186 995 835 528 785 640 96 921 818 912 936 664 700 112 911 983 195 947 987 511 82 98 830 329 243 247 975 936 592 275 410 119 951 923 715 630 240 128 819 196 870 218 216 422 301 983 199 263 320 809 496 651 54 112 41 909 717 506 668 74 773 31 723 782 788 65 148 486 513 584 322 133 856 935 938 506 311 535 947 947 315 605 221 228 176 556 495 344 298 862 508 565 442 841 997 179 802 987 569 366 827 400 330 554 732 950 733 250 495 112 680 798 866 950 302 250 4 488 596 395 749 299 44 214 513 581 777 836 929 25 577 965 160 986 96 186 111 946 676 655 130 873 799 292 724 822 96 192 504 701 964 195 705 859 39 566 839 928 960 44 585 377 71 210 16 604 601 95 20 450 34 334 770 746 303 530 123 598 964 678 614 516 251 468 525 764 476 812 873 881 595 502 996 498 619 211 917 806 772 61 658 892 663 899 752 888 147 72 811 894 812 568 351 480 236 564 611 886 84 970 898 959 672 672 961 677 974 490 401 517 965 18 596 343 973 419 979 25 861 938 12 987 867 859 339 376 193 799 926 948 733 126 948 870 531 146 923 248 530 195 281 168 200 986 434 80 749 542 13 512 635 570 173 637 570 735 906 460 924 642 242 671 940 690 55 686 258 775 46 177 914 888 414 569 520 421 941 58 309 34 829 623 260 279 756 296 504 593 345 519 84 843 983 216 758 987 128 253 721 830 219 393 355 492 858 417 894 892 829 149 450 117 712 713 188 399 475 305 116 27 714 60 576 697 370 656 751 290 512 781 65 705 339 254 427 334 927 266 182 800 938 805 400 831 212 555 921 59 791 765 76 345 468 511 37 747 231 990 379 260 784 826 69 718 542 50 244 679 948 442 799 989 789 199 955 88 144 833 689 977 310 600 929 440 797 51 984 558 168 943 537 889 634 801 386 227 375 268 220 821 530 739 422 72 240 305 182 572 607 949 417 28 892 964 969 456 376 33 220 408 407 7 490 635 175 366 377 433 852 464 830 32 818 384 507 13 880 865 53 178 785 294 120 930 918 493 958 279 423 371 990 682 361 753 955 961 223 729 125 746 700 279 444 639 985
64
872 566 229 789 752 436 659 488 282 746 785 733 698 591 361 43 456 108 564 976 128 426 328 630 733 615 686 83 278 440 436 712 345 428 390 283 429 337 615 748 170 21 464 322 197 664 398 746 579 621 271 268 782 782 79 640 443 674 234 1 358 625 741 974
161
23 700 19 549 574 591 602 348 929 811 142 189 874 574 279 618 957 241 959 93 156 694 266 475 141 243 807 621 378 999 142 632 385 438 935 882 561 537 525 513 269 84 684 338 946 936 589 127 142 895 78 602 116 309 244 248 443 761 418 132 876 8 21 353 971 364 796 486 358 942 900 794 614 492 535 138 802 52 75 839 544 216 869 841 324 302 108 472 564 321 897 330 56 799 25 751 825 316 830 960 326 67 884 609 213 147 5 495 526 100 573 114 874 939 70 685 42 596 525 894 605 930 614 452 538 128 460 107 507 646 761 476 410 29 477 829 75 830 866 605 330 670 415 632 649 232 518 768 943 607 162 144 623 801 369 65 498 18 517 937 695
264
109 51 730 978 814 783 470 526 634 867 979 34 278 947 459 130 164 644 40 637 290 219 308 333 592 650 198 870 459 351 505 652 884 130 63 910 805 21 254 99 468 967 416 745 599 522 748 439 834 446 978 419 926 173 435 827 618 489 73 60 288 247 481 778 319 891 365 206 103 365 453 712 720 196 786 504 740 766 92 233 712 269 286 344 383 244 270 351 264 922 1 424 434 483 834 600 983 320 782 871 348 705 198 129 447 473 457 389 876 706 432 893 291 190 687 16 332 260 508 775 273 596 236 782 741 474 600 708 896 329 459 991 992 673 40 865 363 10 238 60 318 199 75 549 26 549 422 23 428 479 496 732 803 242 559 66 630 381 97 690 454 651 903 360 435 445 904 468 434 898 829 727 849 395 878 25 738 692 130 140 952 652 71 203 786 589 554 411 31 501 995 857 244 228 739 644 777 19 688 189 805 330 245 532 675 450 243 161 432 323 198 121 49 937 148 694 879 782 254 416 504 170 674 603 878 71 417 895 464 640 188 521 673 919 416 707 597 3 65 801 553 540 440 340 435 289 943 369 738 900 111 389 617 329 800 848 865 561 620 70 238 853 483 738
584
194 959 360 281 143 864 147 805 318 181 291 993 571 421 161 512 26 169 206 907 822 630 303 240 192 836 919 889 942 726 6 110 431 82 319 55 830 296 751 804 872 15 517 370 134 558 956 839 949 144 219 456 606 639 235 866 673 713 384 310 663 223 640 282 797 892 670 466 629 542 694 854 327 830 382 221 408 35 392 179 876 687 205 348 937 238 819 800 245 298 279 861 501 880 480 756 29 590 886 74 822 251 595 721 438 976 724 123 57 93 850 299 705 862 273 744 629 367 595 165 871 235 409 841 112 771 943 822 517 402 632 499 375 647 244 972 620 327 358 807 602 528 551 32 85 633 600 376 153 730 135 196 913 10 184 497 646 415 149 149 168 34 332 821 819 680 457 900 263 747 83 554 377 549 153 492 133 112 663 769 96 41 320 122 379 446 174 319 394 414 701 644 151 602 511 923 959 400 20 541 141 622 352 599 805 166 349 610 517 440 907 269 253 694 177 768 604 151 812 530 342 300 303 716 123 62 321 595 807 94 402 856 531 779 371 320 324 91 766 494 92 392 343 971 793 339 558 594 91 898 896 761 497 893 363 492 540 759 331 244 957 474 135 368 617 766 709 818 144 575 436 887 585 122 845 533 805 267 542 814 655 519 78 288 200 558 787 135 408 68 923 228 493 542 5 530 407 797 319 417 183 986 535 696 780 51 748 889 878 92 138 824 441 690 923 166 923 463 866 507 529 650 387 955 857 83 774 979 936 459 250 62 998 168 466 18 576 41 914 987 477 919 459 998 898 579 589 709 865 543 472 190 62 678 796 859 184 872 673 477 568 501 426 903 628 717 990 630 939 828 937 991 564 814 465 209 651 166 61 511 930 565 561 871 317 391 440 831 510 694 14 799 671 808 58 898 602 441 47 909 594 603 542 939 579 878 12 851 142 579 8 660 111 617 503 957 233 357 691 396 452 650 657 245 886 94 78 528 736 689 706 881 893 880 722 157 247 2 747 843 843 706 734 352 423 929 102 121 137 631 14 623 685 273 418 116 963 195 1 323 406 790 307 535 115 806 58 104 138 812 872 413 480 505 688 368 18 740 558 594 831 182 416 591 8 602 906 558 200 323 621 59 912 63 916 23 325 264 573 875 770 850 641 308 595 151 358 48 350 222 286 535 398 383 335 163 846 194 134 527 676 476 781 941 408 612 550 177 401 402 983 877 325 976 638 979 456 232 919 236 430 365 311 660 817 61 460 815 421 955 315 150 490 484 462 938 229 116 840 231 98 526 679 868 886 715 563 616 72 271 520 268 304 623 986 361 196 983 279 989 863 51 319 641
966
922 764 135 288 93 268 70 496 130 503 818 821 40 752 360 984 535 627 817 451 573 922 298 337 335 848 450 335 11 861 164 937 969 213 159 242 29 659 510 312 791 809 727 869 237 9 634 81 505 5 150 131 81 222 465 29 553 1000 899 202 89 738 209 801 243 657 255 593 596 744 61 712 946 525 793 859 678 51 35 377 511 729 97 209 34 14 344 272 931 865 154 581 704 521 514 352 893 779 611 90 218 952 374 592 348 263 141 354 870 698 841 463 182 766 279 789 862 318 600 45 354 38 313 879 512 195 976 909 419 814 726 139 191 421 515 339 401 450 822 375 201 543 856 753 203 438 371 75 151 734 263 402 730 758 786 362 286 141 702 627 951 394 347 452 727 458 573 833 376 685 326 131 811 345 683 760 741 983 482 134 764 724 723 664 319 702 236 547 848 214 396 93 974 583 584 679 674 25 916 724 965 6 628 98 390 106 402 865 650 811 378 854 362 825 325 786 641 443 850 351 221 636 136 289 145 378 954 780 64 325 78 433 710 705 350 142 509 116 464 310 332 765 669 127 338 448 173 704 316 889 367 669 975 661 297 628 308 36 211 726 139 494 140 623 196 408 371 168 309 750 643 10 363 885 928 575 29 585 377 547 179 302 239 52 163 854 918 219 321 464 742 317 619 195 769 846 549 994 21 461 706 145 846 160 601 463 619 660 957 515 464 788 111 495 434 111 315 430 936 448 442 26 237 993 986 372 927 948 250 811 452 599 209 233 602 896 179 527 431 867 219 468 350 421 579 494 484 298 554 757 68 497 495 410 483 81 481 483 930 817 730 80 722 86 641 108 738 658 462 298 740 881 968 377 746 540 940 380 83 965 144 79 27 855 315 813 927 973 551 155 582 548 923 431 85 661 721 255 721 2 319 113 933 670 119 773 570 863 205 144 959 42 198 930 823 18 337 780 91 176 486 406 206 920 880 375 516 34 808 991 94 249 596 351 659 17 16 704 941 840 999 715 84 442 880 594 713 61 349 893 175 347 742 407 848 125 847 702 104 258 787 282 55 928 861 415 552 523 543 213 532 189 999 448 326 863 484 727 803 944 879 458 742 103 329 805 343 453 396 472 136 813 332 352 183 581 249 482 271 868 368 711 559 902 472 324 487 372 231 693 24 275 211 282 785 635 19 388 2 459 231 284 738 279 859 575 936 674 583 476 551 116 231 180 487 505 90 150 764 231 277 279 538 579 262 990 614 975 650 502 612 217 339 360 687 504 59 18 294 339 746 455 995 715 835 214 314 904 294 737 255 385 213 39 814 359 34 644 342 879 858 997 195 647 423 201 433 989 381 629 968 216 512 19 585 271 205 148 112 580 276 912 589 890 817 278 146 850 960 496 839 263 529 100 333 252 107 660 285 974 312 699 362 246 434 649 99 212 493 556 484 699 325 311 644 262 764 263 576 865 760 954 703 212 940 608 673 589 399 402 36 367 853 655 348 406 448 453 956 268 295 424 886 720 114 884 342 731 705 395 978 792 136 454 160 943 128 347 99 968 9 215 115 937 927 203 247 496 740 572 201 544 586 922 572 389 956 777 11 307 995 757 885 866 931 962 669 598 936 748 371 515 142 957 234 699 241 624 99 962 490 791 162 958 544 25 699 900 31 489 173 315 662 282 655 542 295 338 477 602 366 771 337 928 559 443 277 723 352 385 382 225 225 678 999 417 102 788 437 970 316 188 412 257 826 869 734 552 765 721 491 154 579 940 962 863 304 394 358 265 10 32 372 852 446 228 214 702 750 35 776 266 762 947 236 565 35 167 600 753 232 178 658 732 610 669 43 622 37 786 678 653 809 637 33 465 260 833 634 502 968 886 287 909 830 997 785 652 558 858 795 885 824 488 455 641 178 882 61 402 181 926 685 384 316 73 707 151 651 683 139 79 370 115 200 351 841 768 758 227 301 665 668 447 283 838 389 386 729 429 160 134 556 987 154 670 87 965 579 635 278 904 761 99 74 743 591 625 425 375 590 245 202 303 775 29 118 159 254 318 496 978 915 400 287 77 563 99 623 64 180 187 821 511 810 336 144 237 165 866 747 847 679 270 612 775 473 124 55 128 847 44 451 47 4 585 253 221 848 386 492 153 178 675 480 72 312 705 813 682 874 44 290 699 405 708 574 553 400 9 187 905 405 979 505 884
669
967 487 980 642 218 576 359 399 68 389 936 570 564 426 391 674 557 552 582 110 572 950 508 929 924 794 565 554 175 609 860 724 191 432 223 474 369 627 822 254 176 572 847 801 28 497 284 58 375 425 303 803 152 839 543 599 68 25 113 485 279 418 84 648 75 315 385 434 484 945 579 355 531 477 335 961 476 665 8 513 397 287 854 515 751 379 619 141 96 772 281 628 595 329 376 324 269 540 34 890 483 907 155 97 660 74 960 891 47 910 603 736 534 249 548 903 213 763 901 23 762 939 589 388 858 194 158 270 809 467 285 95 447 1 954 377 693 185 208 774 379 723 285 334 571 164 579 712 583 680 782 724 849 931 75 796 189 868 289 735 726 727 533 384 588 694 451 608 569 209 757 410 86 799 960 771 945 419 622 168 761 840 306 814 761 365 92 415 547 761 95 792 135 106 608 25 31 536 716 701 632 553 380 377 941 235 800 575 971 954 532 35 84 305 793 6 379 902 844 791 602 125 927 443 603 135 884 634 676 875 417 525 88 470 519 718 802 124 360 733 635 56 79 492 630 657 460 966 495 125 417 969 414 882 336 642 464 579 10 218 436 735 443 92 838 611 571 123 233 828 500 980 957 775 802 347 39 614 237 744 785 722 80 811 829 639 220 824 47 333 570 814 903 197 290 886 460 655 146 301 941 839 836 432 656 615 143 225 310 891 270 60 403 404 545 56 465 411 353 799 160 629 512 864 566 735 387 43 667 111 416 828 459 905 453 442 311 416 680 644 930 91 911 441 575 487 911 626 31 766 580 619 539 536 862 615 783 137 873 381 408 672 994 891 628 670 8 321 734 353 204 421 540 516 81 839 766 331 822 837 667 616 276 803 469 323 929 445 470 60 942 754 796 974 620 132 58 926 379 336 129 709 54 239 553 221 800 252 315 869 824 531 800 320 608 168 858 879 162 877 283 893 351 874 728 705 545 480 330 514 802 682 966 860 686 193 669 150 888 59 850 273 146 845 339 885 562 586 374 631 188 667 598 898 656 465 469 108 569 490 192 617 38 229 433 219 24 570 52 173 514 96 107 868 854 743 954 553 256 654 738 615 291 320 859 823 651 445 498 443 933 775 104 926 831 357 867 702 510 303 338 902 550 173 278 747 530 957 402 277 575 907 337 714 465 720 380 80 800 734 539 733 237 215 710 12 234 433 935 679 233 77 404 294 64 198 259 814 987 330 701 785 388 657 451 345 617 270 26 421 500 321 594 994 24 332 477 896 471 344 167 57 995 183 990 940 642 736 669 919 750 763 496 150 271 567 400 555 73 940 295 220 601 32 527 159 380 120 737 149 301 598 376 691 452 713 12 743 528 923 227 355 203 853 776 219 148 119 978 998 923 993 393 9 258 364 44 652 140 700 280 920 687 886 678 592 672 531 1 809 166 135 603 424 294 155 88 727 119 378 980 223 897 60 820 916 986 393 681 337 64 91 882 577 192 309 893 717 165 74 240 154 53 114 431 534 1 652 696
216
299 158 493 324 263 278 439 468 398 46 982 695 744 218 150 519 563 157 836 560 171 430 931 115 654 144 760 714 796 125 627 196 333 703 478 699 208 711 283 25 317 498 924 960 498 519 341 829 609 577 527 799 587 358 43 178 484 649 425 571 416 552 74 195 801 944 225 475 137 733 289 778 928 847 783 922 702 137 251 376 328 188 317 66 5 113 508 650 444 49 621 766 233 983 357 698 376 162 670 877 141 855 115 403 679 487 91 239 158 371 936 396 475 291 139 132 935 103 237 402 802 379 114 334 673 93 768 366 547 61 446 656 768 892 700 149 137 780 237 885 293 503 216 256 457 190 356 915 717 204 644 484 941 398 100 377 923 652 537 95 240 39 199 239 759 975 52 573 292 472 175 310 738 292 875 663 232 17 28 833 103 446 813 853 813 592 540 121 376 964 237 200 166 598 771 102 129 407 797 933 2 67 613 499 172 195 820 371 735 815 147 108 258 632 883 438
682
709 347 515 545 568 400 327 214 865 621 979 977 243 846 909 14 304 243 424 955 946 595 257 77 284 674 840 885 664 801 1000 930 898 856 223 246 611 85 794 72 905 736 1000 154 859 303 675 6 112 369 815 441 269 458 926 631 29 340 906 120 623 616 99 41 409 958 55 639 464 805 418 725 431 70 715 176 698 258 975 709 125 631 469 404 928 660 108 569 437 23 205 823 354 122 928 706 996 43 495 786 800 737 949 948 923 934 792 931 870 51 626 512 616 920 293 508 848 731 299 590 407 580 832 423 79 475 667 852 111 420 928 704 32 424 433 630 625 635 570 467 472 534 19 146 234 682 115 361 298 641 636 211 889 268 457 848 666 759 559 626 553 618 156 469 25 627 930 889 596 851 405 997 178 69 559 849 851 186 971 723 783 915 379 408 939 627 725 886 263 300 99 884 6 831 170 610 110 269 570 555 857 919 259 284 463 350 251 156 985 788 932 255 355 153 386 940 559 70 463 854 490 980 667 811 428 935 960 287 861 830 2 538 436 737 923 132 404 429 49 410 462 331 783 150 763 982 566 624 156 883 377 469 471 892 383 303 68 854 533 662 550 983 118 359 168 164 641 928 552 42 243 962 250 122 445 280 791 521 975 145 180 423 245 466 385 95 987 385 402 743 395 209 156 263 547 143 137 952 493 824 513 799 489 189 801 576 130 770 726 488 370 684 956 178 365 111 729 755 586 813 182 931 494 678 298 841 827 306 168 470 734 650 135 127 16 257 81 114 425 731 121 962 56 348 48 842 868 818 946 400 427 245 30 77 392 831 102 711 947 257 817 77 188 166 674 161 913 755 939 320 270 47 374 876 332 109 78 589 410 887 664 361 282 609 540 719 682 784 40 802 9 575 301 892 173 928 314 995 83 165 399 777 932 738 847 207 694 129 489 675 45 461 335 141 930 909 777 1 635 560 835 944 506 311 532 179 556 754 795 641 58 164 787 215 927 184 268 854 797 788 209 915 910 233 838 453 80 84 244 813 952 627 423 346 71 510 238 232 562 545 622 835 899 930 289 14 807 380 684 307 863 704 570 964 385 501 517 235 902 533 25 980 900 737 866 280 672 191 956 384 979 784 484 220 377 196 312 860 288 819 541 401 903 318 633 506 114 130 819 883 45 504 6 374 748 864 291 817 517 32 430 324 14 808 630 738 631 920 65 556 573 529 584 47 95 515 116 812 185 110 507 923 496 821 774 317 748 732 612 507 173 541 910 138 704 463 140 693 169 16 951 556 603 469 821 647 117 474 302 421 479 689 830 76 317 751 300 692 769 605 485 146 510 922 849 648 828 904 586 44 761 94 21 118 73 389 775 210 439 332 732 830 825 393 620 31 649 129 649 54 938 615 849 404 344 443 655 780 546 471 316 407 479 188 309 923 687 514 386 80 447 343 18 689 421 933 668 956 973 526 37 988 900 557 653 364 485 76 652 38 471 429 396 341 675 752 556 317 640 366 679 799 533 959 486 678 475 800 570 43 194 944 243 648 106 328 108 999 43 572 614 280
972
525 49 293 977 623 66 763 786 286 956 242 665 931 719 32 803 449 510 32 422 130 78 195 715 405 902 551 1000 817 869 475 844 584 26 909 126 8 32 117 735 94 524 237 551 981 43 826 419 335 675 180 940 89 982 392 326 650 911 849 156 517 699 632 74 340 327 299 80 89 582 779 597 742 463 432 651 460 563 591 89 229 133 948 509 125 545 679 292 199 6 248 945 174 885 12 905 597 54 37 480 135 724 577 751 898 439 761 101 83 976 234 11 288 699 285 981 484 247 838 723 348 520 271 555 735 130 922 498 389 481 521 514 844 862 324 336 110 709 671 671 451 27 824 360 252 835 836 304 503 524 631 714 550 205 830 290 603 480 288 10 76 475 2 945 406 654 349 878 110 42 401 27 710 534 907 547 180 397 999 301 720 386 722 420 315 258 905 35 655 207 913 580 565 633 226 617 421 863 997 345 829 855 628 555 771 164 923 169 234 392 238 428 588 60 409 173 751 238 77 603 612 18 193 938 540 953 510 24 341 368 909 421 790 603 89 721 856 38 435 506 684 29 206 897 322 905 140 564 114 706 198 783 712 711 749 349 6 686 418 975 980 255 58 339 845 245 549 337 882 902 691 67 326 876 560 342 65 528 432 381 689 96 356 953 569 47 346 445 676 749 520 569 546 264 138 182 204 447 363 260 343 798 238 191 102 55 188 139 391 509 871 46 441 898 882 190 123 253 518 357 149 443 752 525 903 622 812 787 319 170 377 210 157 82 57 537 441 522 874 100 855 389 932 530 124 230 985 696 140 410 256 398 846 142 28 703 416 821 466 716 630 587 103 774 463 812 366 248 287 886 574 566 254 580 908 897 415 198 130 221 660 516 323 692 108 440 540 35 352 481 639 848 215 43 901 884 96 957 297 50 97 978 483 33 171 515 741 470 915 866 938 280 728 405 672 217 93 130 619 691 300 732 344 200 187 146 732 42 583 373 634 579 75 260 578 220 794 147 736 202 908 578 948 61 894 824 7 140 342 201 421 413 182 241 155 970 704 79 874 729 910 937 863 386 68 455 451 26 311 132 907 670 858 513 387 384 859 304 639 611 768 537 294 42 331 705 129 616 892 783 356 499 335 897 625 305 882 335 351 192 814 235 238 914 134 39 421 971 740 597 862 463 736 92 912 862 59 42 9 58 961 652 975 724 996 742 5 976 431 353 985 495 444 958 527 577 18 36 258 216 937 459 264 363 108 12 829 619 960 545 180 527 996 871 827 683 557 216 883 386 492 700 909 525 437 165 369 932 893 732 864 260 848 19 480 133 217 291 505 785 740 67 578 486 161 197 380 849 519 483 188 248 474 784 69 261 651 572 159 166 455 379 887 322 815 161 128 691 849 654 922 472 173 49 952 191 499 16 507 158 72 670 347 563 83 573 136 794 44 202 964 193 77 172 906 608 412 457 879 794 138 227 90 782 399 850 391 714 194 549 737 514 520 660 319 103 943 364 74 488 167 994 320 982 997 227 995 660 698 595 230 791 147 617 637 325 196 627 995 542 326 66 699 490 918 434 460 500 343 96 134 138 282 729 400 305 495 502 913 788 849 874 197 544 579 820 717 241 543 90 10 298 63 348 113 259 423 147 8 126 971 846 153 488 229 919 251 696 323 61 944 385 188 281 689 236 9 892 812 704 963 850 390 769 305 422 808 568 553 431 710 12 14 178 910 397 467 201 312 928 995 839 990 947 124 571 442 326 336 334 821 226 545 951 274 194 319 484 715 99 395 684 90 428 486 847 191 502 159 434 507 128 776 83 430 169 277 223 261 274 262 252 258 578 405 817 152 844 599 656 929 534 99 984 84 222 509 569 377 383 175 314 145 602 657 760 960 814 682 984 205 713 698 830 342 268 588 787 636 177 638 701 986 263 94 388 249 688 32 32 340 229 142 827 708 672 384 452 941 513 767 749 852 581 16 235 261 989 40 578 295 758 671 165 91 774 8 575 17 373 651 964 534 880 127 57 812 980 256 455 468 182 494 535 410 806 789 154 255 116 602 493 40 251 708 441 624 368 602 153 308 919 317 692 102 23 538 569 546 190 368 451 691 983 256 994 338 234 903 495 769 53 610 157 667 267 448 551 217 103 918 929 493 438 446 490 344 101 304 283 639 829 644 331 775 337 979 412 655 889 577 868 484 98 183 557 916 203 607 92 213 206
473
870 667 972 985 223 163 533 272 155 713 745 923 339 692 38 748 624 540 864 570 464 442 143 670 909 128 981 289 465 694 623 100 189 569 242 583 936 917 941 92 32 373 780 44 942 220 595 813 104 648 694 952 905 425 346 338 882 603 547 310 322 891 227 636 108 96 886 391 351 761 827 590 524 229 751 178 873 953 381 99 51 27 107 275 698 259 39 676 407 252 38 93 682 22 657 387 730 258 589 607 996 966 839 77 810 681 201 580 656 116 314 889 824 361 435 488 862 508 674 632 20 573 141 615 643 917 32 361 719 305 492 527 600 166 93 419 562 448 426 754 879 310 180 469 423 749 907 52 422 353 112 124 422 868 358 809 7 724 252 702 190 497 36 789 669 693 40 398 531 720 346 900 684 518 424 325 473 556 214 754 852 855 941 906 8 272 661 370 107 14 415 124 481 955 543 141 213 124 372 756 472 846 167 752 586 503 319 822 215 497 590 328 935 792 713 581 983 163 552 398 102 211 763 631 684 910 375 321 786 467 761 755 691 461 450 99 283 115 705 97 153 305 494 223 159 126 883 526 982 457 490 147 298 847 816 229 220 27 178 57 364 7 615 224 585 533 342 474 759 323 510 121 522 593 173 353 857 132 782 229 197 885 951 331 229 379 209 597 690 548 716 492 864 115 408 811 336 989 733 203 606 410 423 187 174 601 69 60 494 717 652 524 752 143 778 602 236 242 764 131 61 314 174 805 345 228 807 160 385 971 785 266 403 180 1 989 321 189 856 857 262 779 160 555 635 338 454 856 360 902 234 410 707 721 569 15 402 536 965 951 199 604 726 185 473 875 325 313 517 382 827 573 417 507 904 222 739 74 421 46 961 275 365 630 165 197 833 253 655 758 26 4 936 428 651 175 84 798 711 217 493 302 682 17 616 308 47 370 181 190 130 794 746 742 177 781 916 28 239 817 966 498 769 99 821 187 697 592 551 406 870 193 936 938 399 709 226 235 755 654 440 539 571 499 650 160 676 352 43 32 6 226 194 498 616 764 573 918 226 460 354 965 743 72 407 745 597 103 758 578 205 314 633
576
465 738 859 139 882 126 672 154 973 569 689 153 537 302 581 27 572 156 207 573 100 449 110 337 611 38 896 891 493 689 860 845 773 397 150 614 269 284 711 249 835 462 520 120 97 351 70 684 859 964 187 91 315 730 277 886 16 584 257 698 727 409 267 218 332 927 800 308 511 622 158 957 650 400 488 921 992 479 169 784 155 384 114 668 111 867 312 478 920 710 291 626 322 714 876 577 902 772 502 290 31 645 865 354 827 615 424 446 287 904 224 717 275 506 695 46 418 704 540 558 779 910 591 765 999 774 757 58 961 946 314 364 137 636 57 250 779 363 417 340 853 482 245 446 306 397 239 986 615 498 700 416 761 58 457 487 626 430 440 691 964 136 507 102 850 337 686 821 787 879 164 825 900 664 344 159 391 841 19 452 408 867 48 220 876 910 724 987 196 101 644 166 736 622 253 576 709 381 981 773 930 32 496 406 840 775 446 275 389 773 726 551 812 770 734 125 604 905 266 138 328 801 651 53 638 433 306 153 229 733 348 734 131 280 701 954 964 29 983 550 942 843 689 278 982 43 362 134 377 205 893 673 674 984 532 630 858 189 792 554 272 843 849 741 32 496 964 382 601 690 69 398 792 902 816 800 44 961 496 676 349 521 887 322 691 429 888 835 587 585 99 896 621 358 309 662 110 610 748 744 545 827 365 40 338 513 112 214 513 992 463 73 494 222 197 857 107 436 757 837 515 134 491 804 432 960 667 689 253 459 850 973 445 514 198 775 295 6 949 327 201 669 132 106 52 328 198 608 144 547 27 217 927 408 919 872 525 660 332 652 785 350 547 974 226 466 636 986 345 158 306 276 262 983 551 681 135 306 26 955 509 968 692 55 863 386 504 941 812 46 693 792 76 980 48 608 375 307 13 907 973 536 720 808 388 184 65 280 72 715 854 683 715 65 852 434 759 388 881 994 302 826 864 72 137 125 228 61 475 655 852 848 863 53 131 344 516 82 847 203 187 959 966 144 752 104 847 878 658 659 539 809 763 272 171 51 937 315 520 838 160 362 965 772 667 314 710 725 709 827 547 438 56 26 427 983 713 260 594 7 875 431 998 377 713 118 322 59 240 424 679 16 512 883 86 140 206 429 857 321 202 343 298 435 489 542 977 729 874 891 63 127 32 503 481 248 753 956 257 341 59 132 101 987 41 42 703 185 85 131 762 110 151 624 988 698 410 807 697 380 746 518 364 317 666 942 605 603 176 488 29 901 412 255 896 486 408 813 601 220 23 629 840 560 180 970 899 374 601 525 533 864 71 923 154 613
40
822 464 386 230 216 854 336 116 696 346 370 722 249 971 750 266 909 969 51 237 526 160 370 572 318 864 263 850 217 689 60 952 584 96 923 151 214 998 598 998
647
146 400 397 218 89 929 454 308 500 540 297 782 561 698 827 16 71 317 310 722 339 910 180 91 250 795 318 681 404 597 492 986 39 121 301 356 364 272 342 907 331 564 587 589 658 665 341 556 574 743 74 362 852 734 376 757 558 992 386 443 286 379 14 307 908 205 558 700 222 468 925 739 467 219 531 702 567 508 37 875 209 622 817 797 903 574 820 639 510 804 73 350 850 878 451 806 422 267 775 738 934 921 580 470 309 386 648 145 14 101 785 145 102 641 331 887 130 429 651 698 447 616 293 146 29 201 747 889 795 220 282 950 462 114 13 541 409 283 804 325 955 280 847 321 564 837 890 940 59 293 645 111 29 233 482 752 671 894 734 131 331 596 189 185 493 17 726 698 194 130 924 614 708 187 366 57 326 616 701 281 132 438 905 270 170 914 343 32 115 986 558 540 891 687 268 195 420 451 233 820 901 536 905 976 789 550 730 650 499 707 933 606 777 223 869 92 553 303 240 291 277 268 135 974 767 791 376 394 48 711 189 827 400 230 81 878 703 123 449 639 896 529 232 217 395 315 614 437 471 974 922 138 398 70 922 115 524 984 32 998 77 544 646 130 274 804 118 181 750 108 461 888 975 67 358 408 952 807 993 694 371 980 550 379 3 554 437 671 32 345 885 291 868 582 873 168 396 958 116 669 994 360 600 589 704 660 965 852 948 653 882 624 402 347 80 473 310 723 391 672 148 109 774 725 473 936 629 385 91 286 460 79 277 389 613 852 936 705 292 614 12 814 241 947 271 731 282 217 987 627 169 238 336 397 593 645 426 667 655 620 773 40 870 782 951 651 667 914 448 217 431 62 634 849 140 634 103 290 476 296 603 965 426 307 566 537 372 243 555 738 146 51 223 831 381 570 635 661 655 402 931 568 487 569 674 392 9 310 965 694 583 971 537 775 71 505 703 156 318 223 178 875 51 336 128 234 215 995 59 187 999 950 271 264 732 100 487 373 198 307 400 238 952 265 517 513 14 671 110 465 559 921 949 626 821 877 144 422 170 626 208 265 358 5 145 959 70 651 309 54 242 186 744 310 833 752 702 351 813 111 199 35 824 67 406 81 822 210 775 163 548 542 53 675 628 793 812 101 115 688 691 790 607 123 572 690 347 387 253 722 384 885 710 538 616 567 516 700 198 405 280 577 464 553 622 62 634 446 430 859 258 899 369 11 999 276 574 688 913 625 103 72 263 728 495 451 662 177 58 582 883 432 367 220 501 2 618 350 928 538 154 694 182 456 484 320 751 653 605 490 810 364 494 180 183 791 60 615 384 565 703 965 572 468 972 188 838 30 20 557 610 296 184 258 319 741 14 309 948 37 279 231 140 383 894 692 61 873 114 304 996 789 841 908 137 607 59 593 847 646 889 186 827 231 331 934 364 725 130 769 965 201 377 997 100 195 128 527 740 718 206 834 960 364 155 675 792
542
380 187 911 564 328 867 434 75 620 206 270 858 179 387 947 63 795 300 414 186 448 349 405 717 692 527 687 278 148 515 46 496 523 340 703 561 799 6 926 126 833 253 598 473 464 929 327 190 596 670 621 537 773 444 281 955 207 157 831 884 173 452 754 929 89 922 777 919 946 771 399 120 113 8 591 772 421 322 382 205 80 223 481 256 610 492 374 113 19 407 91 159 469 594 546 867 763 738 133 381 493 755 680 551 749 766 880 71 607 127 441 663 809 811 831 416 177 178 793 15 706 873 561 65 903 502 300 318 691 533 423 495 162 887 653 191 951 111 743 1 191 806 426 482 273 581 742 14 499 839 497 959 474 822 824 141 598 778 560 807 513 146 795 393 27 1 8 549 280 491 902 985 42 135 457 830 531 191 162 32 418 161 345 903 793 322 26 11 118 304 224 134 777 470 561 73 697 633 703 783 245 51 37 324 423 165 117 913 992 297 835 144 499 423 276 292 407 855 646 371 934 575 727 830 554 34 49 411 775 96 186 376 181 512 189 134 361 163 295 679 839 762 640 277 532 764 778 451 101 584 208 515 629 60 300 435 735 263 517 205 204 124 894 109 381 941 150 897 631 346 493 951 294 491 487 818 406 936 291 601 482 45 4 357 851 507 215 423 748 725 776 839 971 190 827 166 607 948 230 981 275 986 17 396 869 954 237 21 537 92 836 39 78 877 691 13 301 316 928 830 887 122 857 305 47 956 851 498 516 541 921 555 137 649 280 982 542 880 416 271 371 55 200 388 248 488 53 204 218 949 460 20 540 138 796 797 195 993 604 152 625 485 194 240 242 323 465 854 346 605 967 123 566 998 262 318 5 840 878 635 948 316 214 673 971 474 270 791 825 82 937 283 144 475 806 923 267 543 950 608 360 600 846 448 200 180 251 579 842 694 612 141 192 743 543 306 586 723 64 522 899 595 282 702 51 905 52 299 841 916 708 601 402 552 208 880 14 868 586 608 53 222 431 438 814 260 496 330 248 406 382 373 446 55 3 943 602 703 535 438 909 848 881 153 569 196 322 586 238 179 419 323 694 257 598 722 238 239 620 232 296 960 975 228 268 661 368 384 555 725 589 464 210 537 436 175 186 285 736 825 245 349 254 937 413 215 483 4 21 769 796 211 528 360 714 353 756 651 779 357 457 737 31 546 630 54 271 848 930 467 415 583 251 27 280 119 502 70 473 293 964 885
166
611 716 840 326 241 191 297 281 362 66 298 611 626 438 701 482 911 441 676 432 333 789 840 986 487 789 123 552 493 961 229 802 116 537 225 591 277 705 969 405 159 169 604 809 874 637 278 1000 893 357 283 765 41 854 549 723 687 777 665 535 53 173 156 621 394 720 63 581 371 549 168 861 640 439 613 890 312 375 150 922 975 530 514 895 541 307 234 716 208 855 809 223 661 982 628 77 527 11 471 384 94 504 143 375 520 129 302 396 883 695 694 650 118 237 617 626 540 170 605 842 218 362 392 755 636 682 846 239 13 833 401 47 267 183 457 191 86 733 911 678 519 475 480 644 760 68 890 938 656 480 315 517 88 716 649 570 983 115 956 179 817 566 483 452 208 101
941
770 701 699 771 1 77 811 980 397 777 459 974 220 471 322 530 931 545 265 87 492 247 892 463 220 78 973 1 243 677 201 828 21 4 594 75 611 320 516 704 2 915 57 277 260 933 273 397 406 330 38 576 539 113 432 801 118 285 960 665 976 916 652 982 656 824 145 521 466 545 240 134 59 758 317 91 923 248 70 402 216 508 592 986 765 615 102 348 518 49 216 574 738 832 540 819 568 660 398 552 195 23 428 17 839 694 74 336 721 603 211 779 757 676 717 659 992 912 372 588 71 898 48 739 83 665 629 857 861 382 391 650 437 616 886 337 373 336 171 771 127 198 358 667 554 5 135 292 78 610 544 511 95 128 313 673 682 342 425 970 178 752 516 699 927 884 192 675 29 126 689 971 622 881 750 272 558 222 86 784 335 599 678 809 731 872 721 888 415 246 446 991 566 802 415 112 84 825 328 187 507 594 286 860 703 820 424 109 233 765 320 331 407 145 362 351 77 551 878 400 392 147 407 204 483 826 238 320 715 438 941 476 829 115 103 94 773 7 69 988 288 633 46 919 314 603 511 877 576 407 874 788 251 491 273 472 471 595 651 455 217 96 780 267 719 731 329 770 331 250 377 841 619 346 215 834 239 502 349 335 263 508 235 354 244 154 505 972 795 8 73 832 728 651 978 621 523 939 564 934 448 160 565 623 603 167 528 746 37 232 1000 529 937 338 267 962 163 730 645 378 876 915 738 887 904 216 871 434 679 324 878 126 824 384 962 136 200 990 700 137 303 220 33 560 555 81 726 811 760 504 136 72 851 351 189 978 367 860 799 960 36 6 829 705 982 920 579 635 625 937 593 185 899 418 50 128 928 618 440 78 138 325 496 244 63 838 978 187 856 599 303 875 331 410 788 376 668 842 680 893 33 847 135 346 43 232 830 696 473 771 933 471 532 48 226 312 947 926 265 105 336 950 325 240 56 397 60 859 862 41 5 580 514 257 285 680 192 432 146 358 924 807 767 454 346 326 948 545 190 576 181 578 167 737 585 619 852 166 588 53 351 595 789 851 511 692 354 300 891 333 261 307 841 135 913 142 747 163 865 294 190 726 234 269 207 350 794 406 605 61 118 31 666 218 925 114 555 700 70 219 473 621 57 685 28 195 273 965 475 418 424 501 868 188 737 959 86 886 547 323 494 416 993 541 527 494 815 193 708 910 653 354 825 643 662 482 391 88 378 148 693 200 460 422 431 209 226 970 748 77 962 341 547 303 336 950 961 165 901 12 591 736 185 562 863 931 861 591 637 424 363 142 999 371 633 799 375 303 857 648 461 587 504 522 946 514 250 597 164 279 619 226 456 536 918 78 162 988 665 185 280 347 23 18 375 888 748 368 275 566 737 371 794 866 588 602 209 694 213 141 691 752 698 302 134 176 106 415 28 475 737 186 959 147 974 962 353 13 419 117 993 466 535 835 543 938 148 586 553 90 611 691 610 894 945 779 689 663 47 922 220 958 495 663 893 635 865 264 6 835 593 532 24 96 920 377 751 252 485 468 968 708 14 557 260 217 812 405 795 118 45 434 703 980 427 460 516 113 962 49 648 940 838 655 411 440 602 574 984 587 456 179 375 701 841 833 419 556 396 835 738 877 844 683 791 539 318 333 468 749 865 341 192 474 57 61 194 706 637 691 427 252 581 273 655 327 220 76 81 97 269 336 433 509 230 958 418 142 203 951 39 721 529 370 999 748 665 737 956 222 560 23 350 605 986 154 7 575 741 107 750 461 894 243 524 903 926 383 533 69 153 645 945 744 979 409 891 326 551 177 55 791 983 26 619 379 801 861 666 852 602 596 488 100 790 95 85 844 752 590 498 904 232 590 215 963 598 657 737 311 815 733 630 1000 835 409 8 246 133 427 50 330 671 267 122 406 989 215 718 514 87 787 565 644 367 811 581 97 695 881 103 833 616 874 134 892 277 31 966 912 955 189 947 219 694 302 100 420 604 310 352 28 249 603 586 67 604 871 958 934 960 22 948 788 930 714 231 396 546 890 194 288 537 244 503 426 956 953 545 470 23 985 274 338 808 513 955 899 268 445 950 427 66 151 822 109 839 832 949 464 281 371 229 271 300 358 364 662 641 647 910
781
310 991 931 902 145 880 447 772 967 200 558 861 317 140 116 567 300 841 458 494 681 119 795 933 943 593 91 476 575 812 249 591 106 939 177 433 417 935 873 58 789 488 824 692 827 923 383 308 48 759 863 933 147 168 731 187 249 284 882 206 472 467 777 311 740 145 59 283 98 264 671 977 417 882 710 647 468 238 917 540 50 272 73 84 922 881 825 186 240 935 693 996 550 682 362 222 705 429 961 10 316 63 865 742 541 806 621 127 322 499 138 616 49 381 965 867 154 11 540 542 214 259 505 658 751 538 250 351 665 135 203 964 740 347 463 477 704 350 716 457 384 359 802 484 545 522 731 48 439 250 724 278 177 950 748 85 339 868 427 459 516 981 519 308 350 620 234 901 50 195 115 920 803 195 535 498 615 953 634 752 505 917 31 230 866 568 227 377 773 737 688 644 209 316 377 126 521 268 103 3 7 531 666 768 874 878 305 47 106 619 496 666 81 357 67 545 707 549 841 680 27 12 339 583 203 978 814 682 780 376 964 262 391 354 326 480 377 417 86 754 629 856 37 578 317 132 816 752 596 259 602 435 216 451 802 375 450 815 852 166 958 940 609 351 692 766 223 709 779 63 646 218 634 122 66 481 264 885 42 64 852 809 598 41 344 266 601 547 683 341 16 340 883 229 819 110 108 842 392 400 488 58 679 159 274 55 988 987 115 400 172 550 722 154 914 939 426 852 654 687 653 97 216 69 552 661 842 721 430 159 127 662 138 677 931 718 21 767 566 81 502 233 446 328 59 197 95 265 954 995 621 213 865 413 974 15 62 124 208 332 229 523 99 206 181 39 704 691 291 462 667 61 588 548 707 235 902 326 502 265 392 471 276 240 533 466 902 53 368 81 809 780 162 521 54 273 744 287 686 300 839 685 64 263 176 453 238 614 308 116 592 182 958 282 10 593 469 433 710 154 955 220 351 943 297 937 982 366 351 560 737 675 471 837 128 188 762 99 651 76 459 534 388 506 253 257 907 874 695 997 822 600 140 718 417 782 329 384 596 775 351 547 379 941 113 656 957 247 781 44 92 501 44 716 431 553 679 636 942 816 22 999 723 636 570 836 931 664 317 230 766 948 133 213 54 59 496 426 354 200 252 756 537 174 497 219 236 498 571 748 391 913 408 740 758 784 124 764 178 461 12 219 498 351 2 958 200 277 647 818 928 873 733 966 561 759 392 417 182 249 973 68 893 867 709 362 761 552 21 775 744 818 857 161 564 535 793 745 104 461 816 149 967 611 292 644 863 656 853 982 505 539 309 225 487 9 647 140 230 599 761 537 594 732 367 98 227 493 408 700 228 459 215 366 195 948 789 300 839 274 923 549 262 961 380 643 104 819 470 437 728 98 184 257 325 966 280 415 484 784 807 245 548 48 555 494 330 567 764 731 946 286 193 941 153 344 461 582 33 838 234 150 919 428 113 427 903 948 816 309 732 118 653 633 790 532 602 695 134 115 262 76 675 723 779 741 237 418 855 478 952 906 664 588 194 663 733 98 250 118 47 215 267 802 76 876 915 503 545 678 839 577 291 459 961 65 387 367 28 964 302 884 510 613 184 272 509 578 10 478 648 233 826 225 132 430 335 901 307 479 416 271 506 936 246 744 481 472 932 978 277 849 193 829 434 173 379 913 438 549 345 559 221 618 215 920 111 758 966 301 524 668 87 879 608 462 825 346 882 192 217 270 759 419 974 557 515 300 398 951 94 738 722 788 493 218 247 640 385 480 808
570
592 930 922 678 603 929 544 274 167 890 653 109 992 921 708 103 756 333 151 327 777 624 138 700 729 918 404 11 560 717 852 45 715 391 517 184 793 454 219 556 261 443 198 380 652 265 895 246 362 229 439 915 452 753 575 701 619 392 58 402 22 280 561 498 798 626 137 708 479 788 896 362 200 299 763 805 746 416 208 105 581 261 281 108 277 607 705 681 890 912 786 529 200 571 75 728 52 432 409 700 162 4 818 29 829 388 499 832 329 218 21 348 283 821 738 292 647 253 146 197 446 219 999 631 9 298 682 673 163 239 192 78 460 207 262 443 972 295 14 570 682 395 989 727 699 146 178 849 506 86 761 517 37 259 866 901 335 147 859 842 336 763 586 433 236 569 187 719 192 586 910 611 460 380 592 379 480 709 53 826 70 63 524 209 815 870 167 695 103 478 960 258 505 848 699 137 135 474 437 548 945 64 492 150 410 65 510 844 468 101 1 693 111 455 210 990 90 556 511 262 937 187 345 980 120 631 813 704 121 97 110 501 122 584 10 939 357 585 173 913 994 850 431 759 874 991 358 43 253 302 553 73 125 113 50 768 564 179 189 521 7 416 688 332 271 941 130 315 818 288 876 514 19 337 139 779 825 468 812 395 908 170 480 979 690 370 133 454 336 521 2 308 151 481 484 583 211 262 451 209 410 926 116 769 336 76 187 354 123 219 198 352 30 747 547 626 834 451 609 41 870 890 582 649 379 310 504 252 10 67 218 502 558 778 608 46 766 974 987 194 268 586 717 607 646 219 663 314 207 430 284 23 729 616 318 137 308 423 662 266 904 220 551 325 479 802 796 440 119 486 946 545 752 322 374 747 192 710 637 331 752 226 649 62 100 847 840 537 373 330 841 317 956 954 892 627 734 776 377 109 177 960 292 166 392 442 772 37 971 427 71 382 879 889 486 293 100 475 767 431 564 255 141 828 947 919 214 824 411 873 120 432 621 974 884 272 722 43 500 949 293 537 211 615 284 600 652 274 211 68 80 494 538 285 387 641 463 909 129 977 46 324 756 916 567 881 873 917 628 718 105 393 211 596 37 845 231 714 349 286 741 25 925 377 541 661 839 117 385 948 901 769 451 699 49 349 528 904 925 981 200 200 942 143 954 116 487 488 953 870 949 371 933 457 434 711 509 605 277 621 507 296 584 450 311 381 672 587 327 301 96 103 960 948 157 32 496 898 985 737 358 191 739 597 657 351 388 521 70 340 377 907 866 604 727 859 651 202 927 558 231 158 613 270 56 604 179 67 740 590
980
792 203 8 130 648 630 134 571 973 557 324 777 50 740 128 144 600 335 139 860 315 574 439 372 382 382 91 869 47 307 839 225 630 453 405 180 428 953 133 117 535 632 817 539 256 712 551 71 388 116 109 608 454 802 23 63 998 389 858 679 47 880 494 87 878 808 638 767 586 978 580 268 548 241 846 989 583 318 885 363 305 921 282 353 519 742 738 247 115 381 854 716 643 273 506 986 506 812 357 584 306 279 579 428 849 464 324 374 913 271 365 236 396 182 368 354 599 239 74 25 969 964 513 46 609 786 265 317 928 717 729 130 159 81 440 901 283 955 467 396 913 934 445 717 506 135 282 770 479 313 150 683 21 305 500 21 428 301 162 293 63 57 986 873 670 923 510 150 540 433 282 865 145 915 447 227 335 770 59 200 726 260 849 302 64 721 622 752 93 982 102 70 723 133 951 86 396 437 679 269 143 839 72 52 567 499 574 50 846 737 614 509 119 543 485 400 459 283 163 107 289 302 855 333 1000 811 341 202 942 987 98 695 642 430 915 628 785 549 670 290 412 48 670 412 851 237 609 174 527 562 871 825 301 845 935 68 744 328 63 14 132 101 148 128 530 987 905 128 277 141 7 334 848 680 735 650 97 572 498 846 788 474 327 129 437 862 885 619 365 100 707 639 501 88 164 206 995 686 509 707 820 300 405 722 257 426 335 103 627 583 125 662 834 488 587 749 652 823 990 522 547 975 270 964 222 474 413 316 26 489 973 652 198 6 11 464 571 773 402 574 196 750 884 442 154 730 541 615 139 924 926 988 774 372 217 125 678 813 479 834 366 112 623 229 414 953 165 11 489 541 724 377 233 663 772 751 611 26 775 480 69 477 515 843 116 339 5 78 701 572 401 341 232 110 346 811 862 591 297 993 935 294 282 588 182 702 132 960 922 565 637 310 451 348 143 776 631 975 637 152 93 846 126 302 814 105 520 867 506 347 628 207 432 4 499 828 895 791 732 198 541 243 383 706 847 138 166 706 523 730 691 65 328 816 168 329 865 629 823 457 871 701 698 311 202 852 525 90 195 591 798 269 691 280 154 20 955 900 946 170 101 368 666 330 989 194 673 18 578 915 804 229 220 863 195 171 465 787 895 490 667 744 70 70 574 113 482 899 901 980 91 286 656 330 269 861 3 381 897 155 291 814 117 591 380 286 318 642 361 526 324 348 888 12 110 799 85 44 43 776 927 951 737 977 715 732 786 736 611 151 535 398 615 228 292 603 344 108 285 343 238 926 952 736 660 302 17 975 297 117 796 749 847 426 777 748 17 872 24 365 783 542 888 548 529 54 434 434 755 366 674 354 111 728 69 100 186 426 969 426 184 530 689 281 474 919 198 989 438 240 687 598 346 942 557 852 750 12 196 3 229 667 940 392 192 55 272 445 990 606 786 445 331 746 66 258 722 281 469 372 324 734 516 565 324 518 254 735 884 956 107 353 395 628 51 451 799 169 442 208 429 493 46 494 165 37 42 372 302 983 680 272 642 530 238 808 52 212 230 613 20 850 350 155 619 684 949 227 474 963 352 772 864 956 828 899 794 865 212 499 706 801 390 518 849 252 668 116 814 669 803 945 859 738 150 400 881 262 361 213 400 208 783 46 369 447 215 24 581 37 485 237 463 800 762 182 50 736 988 801 730 501 397 753 421 614 167 448 215 397 127 908 895 220 440 871 529 415 252 700 834 838 421 15 600 884 804 516 461 138 233 490 699 558 342 211 68 814 415 610 349 485 774 3 493 271 213 579 802 465 779 438 94 203 476 446 954 559 168 502 537 64 626 522 231 409 114 860 81 592 97 848 726 168 937 157 240 913 32 724 58 489 304 969 939 639 494 637 549 144 588 608 735 385 216 654 214 604 928 247 377 557 449 738 724 352 918 846 563 2 824 550 253 631 734 224 688 334 92 718 639 385 350 319 631 339 818 951 250 328 203 600 596 650 787 927 582 551 764 590 180 741 70 41 802 155 785 853 364 551 139 931 726 941 617 337 767 93 613 731 590 631 399 278 98 983 728 517 878 754 866 232 837 76 85 359 727 580 268 708 140 584 506 439 640 90 669 521 60 467 464 149 343 167 613 148 431 665 507 951 536 207 951 450 496 543 212 589 307 40 958 305 106 196 320 35 549 734 614 845 524 65 414 665 867 792 690 197 645 907 105 967 881 621 928 626 243 563 388 331
661
414 762 109 888 262 390 372 271 559 522 170 84 703 994 540 782 839 324 374 221 596 411 936 836 752 140 36 148 37 859 864 273 16 272 557 124 175 558 391 228 655 634 789 516 687 342 441 502 230 295 766 378 198 169 654 138 929 626 944 616 887 767 210 288 229 867 177 546 242 943 329 689 987 865 346 131 385 450 106 292 280 21 100 286 408 484 897 528 29 208 929 269 760 131 335 205 914 184 895 377 73 384 948 412 96 969 421 957 273 939 917 967 96 152 1000 261 63 237 440 368 323 136 528 320 215 903 865 391 350 614 387 369 88 679 93 201 522 788 643 511 746 469 17 446 377 636 114 485 634 280 115 995 793 130 532 850 330 400 709 212 991 20 704 448 600 241 281 439 424 270 251 822 806 666 320 615 54 776 845 650 290 975 495 336 577 229 470 448 254 710 520 620 720 1000 15 492 399 310 10 970 961 818 513 9 818 351 255 738 408 514 104 63 963 715 737 613 210 327 653 216 313 436 545 699 412 400 877 311 776 666 978 430 228 833 291 669 429 972 447 569 137 440 747 380 853 124 991 34 975 675 136 691 791 810 755 253 855 576 598 750 900 576 797 460 801 956 985 244 280 76 568 659 937 394 717 938 506 55 362 903 976 76 342 31 322 822 144 502 559 493 350 771 512 112 248 642 824 844 833 420 544 621 529 601 205 483 77 989 969 836 63 599 811 450 224 41 192 299 215 485 891 493 441 525 643 13 527 471 975 546 56 124 57 531 1 657 202 309 5 911 225 577 882 493 704 883 881 33 118 304 695 91 762 50 425 339 113 612 976 39 639 477 405 683 696 407 244 157 182 672 669 332 505 553 235 95 307 890 829 219 537 473 939 951 530 796 196 783 864 513 966 672 181 805 893 713 158 621 569 602 591 663 639 828 218 272 830 630 645 879 898 989 452 323 518 532 365 326 466 587 652 774 790 970 447 307 922 98 677 744 446 866 122 226 854 868 921 294 99 150 737 853 885 524 513 943 501 679 506 138 867 197 193 159 34 243 130 290 558 858 913 881 471 415 326 10 680 679 542 864 611 640 685 20 654 636 388 152 743 292 947 59 961 749 226 17 541 763 308 344 213 588 80 468 484 97 70 319 305 291 972 125 503 506 232 411 51 990 813 833 663 660 808 196 650 174 438 919 106 294 730 105 485 97 80 69 569 837 405 726 308 915 572 767 276 36 275 285 599 203 589 71 946 272 343 699 387 244 681 405 441 578 707 167 298 163 511 721 691 900 179 428 79 772 462 642 998 856 332 573 778 357 912 392 685 527 166 771 655 454 805 717 5 580 109 210 310 137 673 590 780 310 157 387 994 757 442 497 377 141 107 777 921 109 336 34 482 720 75 543 887 400 902 595 378 913 26 828 605 518 265 929 11 84 563 21 388 919 668 793 258 21 826 346 48 493 687 826 572 410 548 765 381 308 192 771 911 570 345 502 858 513 412 99 780 519 681 56 588 364 211
972
485 286 266 891 351 466 443 452 264 83 253 460 860 464 76 425 964 754 201 743 396 565 344 976 243 888 785 743 316 63 555 670 373 729 132 588 565 453 524 846 524 768 287 694 834 663 650 424 913 744 777 725 338 807 406 849 886 374 721 550 646 496 595 124 823 85 35 655 335 190 5 852 652 574 30 865 433 533 715 271 560 142 30 419 690 515 139 676 612 586 820 595 343 819 863 989 113 622 261 316 508 337 603 866 24 300 651 814 824 362 979 525 860 232 13 871 31 914 895 643 48 481 898 994 198 519 221 718 685 127 461 504 262 198 357 680 566 417 441 689 38 744 751 476 655 307 460 410 283 142 308 594 165 709 822 968 370 911 989 38 77 270 75 776 380 987 853 766 401 741 969 673 691 375 908 357 213 606 366 701 225 440 655 959 568 811 759 971 667 778 382 453 696 74 144 616 356 332 513 569 986 260 872 803 608 458 830 112 212 654 456 977 788 284 126 124 664 473 313 476 867 559 607 23 481 704 433 215 674 117 950 166 571 602 781 850 684 134 231 91 735 561 859 578 478 67 906 396 704 640 789 973 933 340 434 608 247 840 591 915 23 257 630 302 408 348 371 954 103 858 900 606 903 767 123 760 976 814 99 99 300 393 802 620 770 362 245 725 34 471 749 265 492 820 49 403 272 6 91 546 459 610 670 662 627 828 261 505 673 80 214 394 772 446 863 7 645 409 322 698 371 806 389 165 699 499 934 324 727 486 302 140 852 249 407 503 73 146 322 232 199 348 573 31 392 231 193 927 148 228 219 650 383 685 570 166 341 986 286 373 225 616 569 195 943 197 622 157 780 403 276 712 611 969 146 848 452 951 422 869 3 592 690 269 92 231 650 587 29 700 135 2 134 720 556 819 30 765 717 104 189 335 595 279 425 56 842 135 428 379 833 420 74 105 985 417 600 322 163 816 611 236 667 474 778 584 354 766 756 593 547 983 931 519 199 581 256 398 314 551 762 355 397 118 183 399 2 120 251 108 868 464 911 978 870 117 94 892 284 966 399 403 535 882 936 766 623 943 881 355 724 967 660 750 99 574 793 672 328 219 905 701 197 70 592 555 930 561 466 438 347 373 439 631 575 34 895 173 491 606 602 486 809 907 597 160 205 747 527 407 372 318 909 456 281 911 896 73 765 991 907 287 353 969 253 94 497 984 293 116 981 555 437 509 814 766 774 999 210 492 302 662 53 704 960 302 753 286 736 717 842 955 525 319 814 381 627 26 248 996 372 695 211 779 969 342 107 998 211 722 332 423 699 733 131 815 668 236 21 43 777 502 766 820 685 494 236 976 789 537 194 381 589 740 528 686 127 269 14 722 903 975 537 487 493 151 351 406 413 116 492 203 377 580 401 765 255 881 773 266 448 487 174 420 798 214 199 476 331 745 572 257 738 830 283 175 595 751 328 727 394 383 404 650 259 56 534 285 824 111 410 740 1 538 337 782 492 219 172 136 380 455 764 950 807 315 707 116 980 692 722 412 54 863 453 50 95 411 165 401 308 278 244 241 33 114 575 221 777 806 767 437 246 270 424 479 599 53 615 75 709 964 682 282 769 216 773 784 272 598 821 952 508 305 793 580 867 468 232 413 593 245 496 177 595 252 655 827 224 219 9 507 226 189 462 925 575 336 603 690 321 840 115 979 939 415 436 540 825 698 981 70 510 801 571 588 587 1000 63 476 698 482 124 156 445 737 94 767 411 744 122 565 873 834 540 525 314 705 863 80 639 251 876 962 915 289 741 253 481 262 320 397 884 80 79 341 88 300 458 732 272 240 581 257 943 105 836 227 514 13 947 880 163 965 705 388 208 522 8 758 117 485 448 807 864 762 519 229 856 460 679 880 989 497 808 297 60 932 41 103 853 165 766 867 313 311 177 169 978 518 102 131 814 645 462 986 67 688 34 954 645 675 308 844 970 35 486 947 890 184 924 726 659 554 23 520 76 131 853 584 284 350 995 961 413 332 928 795 341 284 793 948 822 845 592 478 690 461 280 600 944 201 994 525 318 580 540 177 536 301 859 542 371 443 64 116 699 881 672 676 128 162 4 203 330 125 875 792 892 916 289 634 408 608 217 344 820 153 525 394 562 310 179 858 547 534 165 210 201 427 790 980 809 790 316 762 434 201 465 235 566 89 871 161 911 86 488 512 781 735 417 787
991
359 910 283 521 996 500 494 535 422 908 220 846 531 726 553 483 544 730 518 843 935 891 331 591 759 940 23 465 538 330 254 862 880 774 750 84 267 848 341 695 970 834 720 585 689 557 569 272 208 267 763 591 446 297 252 718 831 49 591 171 908 823 360 483 623 437 12 740 162 944 618 500 583 232 989 867 840 436 601 914 16 949 781 793 292 723 778 238 438 431 288 94 15 84 299 860 205 728 991 748 677 271 23 184 245 446 268 801 773 58 154 411 281 282 715 570 517 776 843 770 678 628 881 861 609 711 69 289 236 137 202 257 23 650 788 58 519 270 858 867 227 535 176 170 278 901 752 273 177 113 519 40 81 294 208 630 398 694 290 764 379 1000 107 854 953 688 32 586 665 815 890 178 36 556 489 598 202 315 121 499 861 949 654 935 420 839 860 223 356 605 197 705 2 219 119 829 447 614 970 206 457 632 583 225 61 704 488 322 78 223 623 540 550 336 348 971 672 785 698 168 914 468 752 838 69 783 139 864 727 579 459 59 202 272 746 616 78 387 264 378 90 789 465 12 985 603 300 352 185 846 926 437 10 663 92 722 692 268 747 39 430 574 868 46 705 501 784 918 343 503 921 372 122 94 913 540 78 19 279 973 598 499 919 748 259 571 376 600 350 706 812 615 382 238 97 576 17 349 290 279 323 288 589 593 859 82 431 295 302 684 441 688 91 556 305 479 532 622 238 311 702 70 70 559 799 613 604 635 675 227 864 226 30 761 199 682 389 892 298 91 220 191 29 396 826 228 382 205 464 163 736 461 793 959 496 14 350 285 942 275 292 524 946 618 612 969 961 525 574 483 974 249 259 576 262 400 786 987 150 658 727 449 164 851 601 17 179 566 425 816 808 929 667 212 680 243 234 269 830 113 78 820 330 816 894 380 224 612 97 340 416 600 351 672 858 760 304 589 417 332 717 533 241 841 921 57 385 402 683 52 166 597 343 365 533 315 327 895 460 963 176 936 19 627 575 982 270 694 258 811 978 325 744 179 276 502 728 165 124 748 293 298 857 349 528 542 45 816 957 759 668 387 724 142 755 237 231 303 150 662 806 253 287 141 291 371 424 326 429 201 55 319 921 734 154 194 755 111 65 297 500 347 377 63 250 964 982 967 217 346 111 347 240 850 755 628 461 635 808 155 27 143 558 266 337 240 11 923 995 208 406 662 556 627 741 254 835 758 722 159 511 652 174 878 146 261 777 875 941 878 178 72 431 321 439 564 399 842 866 945 176 985 101 750 241 78 573 126 543 365 461 503 868 10 105 145 894 261 860 858 786 304 784 750 520 625 565 850 154 282 689 242 258 158 958 645 898 610 274 94 711 320 861 80 558 773 670 489 916 81 105 376 434 372 872 976 935 496 106 170 172 398 73 898 239 830 601 273 858 219 619 489 621 778 244 906 725 966 883 446 767 182 949 867 313 75 472 660 54 831 647 709 122 977 553 393 169 930 834 439 329 89 202 652 171 968 365 181 453 306 978 98 281 820 54 778 658 729 819 815 756 985 144 602 174 462 661 196 820 635 676 261 413 935 879 611 176 889 76 401 792 338 7 601 810 304 315 742 999 924 990 128 638 820 25 798 202 793 533 360 161 4 881 983 412 287 469 987 209 804 73 144 113 701 734 203 927 439 843 393 463 543 679 220 645 281 621 168 621 264 767 362 143 709 320 279 178 709 1000 126 310 496 567 884 221 958 93 243 175 876 28 450 930 922 930 52 802 116 600 110 629 402 598 822 781 770 586 490 22 241 818 10 122 856 426 445 434 321 546 451 201 509 111 158 397 443 84 262 990 841 753 127 704 164 678 220 487 305 135 3 541 217 992 281 307 421 573 863 666 78 537 579 697 694 702 815 964 631 446 249 123 780 21 666 346 200 315 577 913 843 837 392 724 597 540 622 886 65 330 875 9 711 1 843 537 79 109 246 577 328 185 622 676 832 887 171 714 498 204 863 352 366 851 208 760 609 701 765 688 530 759 400 100 299 784 448 54 432 10 571 465 937 395 136 490 755 349 376 286 875 67 688 721 987 844 433 409 911 78 268 498 745 769 590 62 175 205 155 432 492 434 709 883 744 743 81 250 448 606 436 903 376 863 671 459 278 795 426 440 444 614 281 433 539 273 362 795 602 448 252 911 583 827 425 100 948 81 717 627 989 521 196 486 225 348 456 771 118 557 282 638 791 269 724 350 675 982 7 165 448 446
776
41 955 996 616 965 348 22 545 242 525 145 347 881 97 291 532 425 212 469 32 769 934 16 222 107 686 949 336 242 104 478 683 890 127 49 407 563 464 128 890 823 574 548 239 657 449 49 923 848 647 447 226 994 379 257 304 147 760 777 369 230 533 848 483 37 835 858 611 655 136 467 406 820 219 103 95 510 854 858 60 621 86 218 129 965 26 400 749 636 865 433 14 862 616 682 154 403 391 833 525 886 593 165 460 727 694 837 674 647 743 34 473 463 879 795 877 111 688 486 514 39 661 371 85 586 49 131 452 883 234 857 715 90 186 514 750 907 290 912 995 541 777 321 939 287 574 789 396 135 389 856 73 999 876 703 631 539 348 841 456 416 212 372 978 361 110 474 712 184 69 31 860 196 308 997 152 953 273 434 748 747 171 748 288 990 854 126 786 347 301 469 823 442 154 343 180 507 562 739 249 912 703 80 86 733 163 830 417 753 401 116 238 496 122 401 182 775 470 801 623 374 430 359 562 756 139 98 827 513 893 333 639 453 21 434 190 750 373 415 281 567 873 283 556 883 355 623 598 677 315 796 799 580 109 511 355 849 931 872 104 860 660 728 289 753 152 907 961 150 847 731 17 49 733 508 375 797 600 376 391 191 557 186 27 6 490 766 498 228 698 406 468 751 92 645 249 928 442 811 984 237 450 639 416 8 363 369 555 132 886 499 131 967 888 719 465 870 761 130 499 512 944 976 47 26 780 329 929 387 312 235 605 906 91 747 81 272 45 870 277 940 489 607 46 948 28 594 755 863 548 78 985 151 87 489 699 598 726 146 947 408 323 10 563 791 137 489 125 210 19 507 819 186 416 422 706 814 159 187 524 847 102 604 140 981 690 342 11 131 482 130 731 900 283 233 533 997 183 510 707 13 417 555 269 857 493 838 202 640 709 619 279 448 287 110 318 497 491 554 113 360 414 468 560 242 523 163 307 181 439 286 484 358 694 933 680 171 950 732 317 454 364 983 476 860 725 295 826 749 131 370 694 428 664 810 688 711 70 657 593 924 621 978 124 11 323 94 494 377 583 565 887 791 743 529 283 870 822 412 553 855 664 756 508 1 402 222 154 960 246 665 995 367 604 941 498 482 66 468 989 835 796 32 88 185 379 236 169 981 700 218 724 219 477 277 686 761 920 559 534 330 205 258 910 425 829 509 426 602 24 317 797 685 813 372 155 859 341 520 651 212 9 110 159 53 652 731 827 71 778 322 656 18 588 22 666 458 684 393 462 523 366 947 426 402 595 595 47 138 169 932 2 724 637 893 972 505 101 198 421 211 628 749 140 91 905 955 248 296 835 104 203 677 814 277 680 868 617 251 796 571 988 135 397 488 72 902 343 559 729 51 465 447 112 72 52 954 87 616 655 241 350 445 784 657 126 892 550 43 957 383 917 128 281 788 122 486 860 633 903 837 259 965 919 340 736 282 455 436 50 223 128 679 808 178 286 777 812 538 709 180 638 62 716 251 770 469 107 40 315 379 885 100 51 820 999 738 20 894 115 579 191 1000 986 872 107 965 431 689 391 546 471 277 691 611 755 634 520 261 393 617 884 126 325 96 756 930 820 136 173 565 228 50 233 355 844 806 496 311 426 696 694 113 882 142 568 632 552 341 333 793 824 525 480 453 334 401 848 302 535 499 417 180 177 490 165 483 895 182 277 106 418 675 624 831 16 138 758 294 587 766 77 91 337 536 927 603 483 37 211 714 858 798 933 967 50
146
937 774 573 367 64 656 765 346 564 121 294 679 421 731 225 17 725 827 468 943 153 217 526 225 901 901 11 268 686 28 265 969 486 862 859 242 855 660 811 146 47 853 295 329 65 362 618 137 686 807 354 820 948 490 268 569 131 601 600 725 88 914 342 388 94 77 157 427 641 681 310 206 94 645 995 852 539 440 240 765 339 57 878 264 42 636 918 886 703 971 410 57 305 843 91 704 58 994 374 606 15 372 603 617 407 857 926 54 127 541 366 416 944 573 542 283 158 20 257 192 829 367 751 212 615 7 417 741 207 109 364 593 794 597 647 199 46 518 627 365 116 909 261 962 885 260
217
236 646 871 779 393 478 420 465 436 861 891 842 123 781 98 493 478 205 411 746 28 16 997 485 575 373 351 240 186 531 825 123 605 690 274 86 78 952 991 860 348 990 947 404 415 301 655 648 792 741 743 455 326 158 717 390 459 409 97 338 827 382 304 30 854 40 390 12 248 872 319 853 189 312 526 978 874 438 157 403 869 753 461 333 689 440 912 692 43 704 766 609 358 835 523 426 78 426 839 649 675 318 537 993 838 332 901 984 191 890 714 113 382 18 407 880 489 83 91 421 488 923 973 651 798 660 255 870 729 458 697 758 214 454 635 590 17 749 942 984 105 895 987 344 443 726 453 222 933 621 689 628 564 100 884 781 358 473 977 175 973 839 455 340 613 415 523 256 508 286 412 825 6 486 235 863 130 720 790 422 330 436 570 208 298 24 166 917 209 44 123 226 420 493 12 738 219 404 815 148 776 1000 360 210 152 997 86 855 862 835 844 458 824 530 600 355 654
262
55 603 797 948 685 306 657 934 293 515 658 672 163 378 882 435 618 160 704 882 737 347 441 801 149 225 219 355 77 910 99 750 241 101 821 530 809 804 639 382 878 486 542 629 328 917 955 628 708 871 965 378 948 310 519 102 457 437 311 364 410 33 651 910 833 370 700 574 890 985 268 32 561 847 570 26 588 630 752 303 827 463 686 808 731 944 513 112 473 770 894 753 603 305 773 810 153 292 390 111 816 993 540 468 258 580 312 56 844 343 436 926 453 225 158 320 833 146 351 789 659 554 929 293 15 161 121 708 999 310 425 591 746 905 291 840 23 735 801 474 524 413 149 931 444 414 482 706 979 147 414 932 194 461 819 661 751 983 88 464 575 93 394 31 428 148 240 293 832 507 460 631 823 978 487 82 822 149 843 185 241 262 663 889 13 139 843 124 196 22 485 632 94 852 265 526 632 196 466 375 164 180 444 617 220 966 815 900 863 214 785 217 797 102 834 554 411 292 254 143 623 649 599 932 241 177 962 972 552 170 516 489 92 651 285 474 380 577 449 287 878 32 725 641 831 652 720 504 26 308 589 852 135 656 645 187 548 30 890 147 432 182
447
80 205 706 159 362 76 766 444 130 87 158 933 895 808 963 62 62 602 652 558 379 679 558 54 655 931 116 192 380 17 171 155 884 493 989 986 51 434 417 953 642 928 283 505 143 469 546 900 812 573 912 256 480 189 913 55 175 857 303 947 967 54 892 8 649 268 286 773 216 942 30 561 462 362 96 6 118 289 515 699 944 397 878 715 859 662 178 706 933 785 217 299 855 644 68 302 653 474 141 396 367 513 732 555 154 569 500 517 682 265 556 538 708 840 328 60 196 53 633 456 202 679 266 787 165 956 524 554 642 424 705 654 326 721 538 491 29 204 920 199 738 336 999 976 480 270 440 352 685 443 791 514 510 829 376 208 377 513 607 934 41 879 588 5 466 451 345 538 540 118 773 684 529 603 142 814 910 680 811 87 381 97 921 112 897 552 750 598 86 291 420 889 680 165 454 918 860 238 824 513 880 89 296 266 978 930 518 393 812 580 935 3 980 678 75 91 359 120 339 978 26 464 881 280 819 286 755 740 667 864 76 137 924 676 49 321 314 22 436 18 999 466 60 224 301 376 275 701 825 602 667 436 739 775 830 976 909 169 781 46 754 575 250 44 936 379 211 473 164 410 946 307 885 260 592 454 387 609 284 698 51 962 940 719 531 709 565 631 672 964 769 458 204 434 502 311 877 311 901 203 611 432 468 316 602 296 433 841 563 170 866 511 468 683 194 834 201 109 894 728 971 778 667 443 560 722 877 11 31 536 579 987 651 101 422 189 753 628 459 314 943 57 554 816 363 296 337 590 30 621 548 473 428 148 48 915 219 47 907 296 486 325 971 460 287 258 492 250 740 206 911 250 76 816 863 702 756 466 137 485 764 510 689 359 565 680 677 902 627 288 738 87 649 768 731 977 446 369 573 853 669 799 855 571 499 965 756 652 266 520 759 631 543 729 59 384 352 185 351 608 88 774 444 110 465 366 619 511 483 418 844 727 597 673 631 447 357 656 757 643 590 252 762 824 778 408 148
633
60 621 775 382 732 383 608 535 282 863 415 832 404 779 271 168 114 954 701 724 104 213 196 74 89 811 871 185 349 826 200 888 551 134 682 835 456 843 542 356 769 167 38 303 591 228 309 559 692 919 977 686 325 903 550 966 267 365 561 613 562 251 167 466 248 444 939 776 985 565 434 457 923 35 802 302 220 125 433 749 58 106 300 740 287 156 602 294 659 209 303 995 127 65 187 373 394 556 493 176 494 761 25 956 157 573 729 300 614 630 486 761 972 60 608 237 464 316 66 609 488 630 944 275 947 68 639 230 537 509 708 612 473 597 150 777 3 659 527 61 671 947 491 998 854 234 282 786 793 454 575 521 998 488 229 390 634 278 681 939 325 512 989 997 633 362 747 520 52 827 299 952 719 997 536 291 645 647 960 761 182 450 789 984 207 3 784 500 629 905 774 362 41 253 962 300 973 590 591 478 822 91 833 330 713 404 329 568 990 621 720 20 437 72 381 789 508 754 148 77 939 784 584 607 185 552 611 53 991 46 160 195 808 730 716 71 778 298 315 935 430 817 39 156 642 275 210 526 253 381 21 787 227 138 767 649 892 894 105 588 883 53 663 312 693 814 157 945 436 998 14 740 510 968 924 131 906 775 389 494 727 351 197 33 669 142 732 962 68 878 807 854 308 696 560 364 967 185 652 705 860 894 417 211 717 350 436 44 99 462 566 766 71 96 250 57 235 972 65 323 243 689 618 100 719 37 488 880 717 32 151 360 86 331 911 875 299 954 334 40 222 532 17 959 569 406 421 566 378 210 697 282 126 988 350 808 691 366 687 521 687 681 741 799 39 538 815 914 636 911 998 346 324 622 651 954 406 966 131 312 466 386 485 309 653 728 352 718 475 237 763 36 708 587 10 750 63 333 156 230 889 951 570 736 951 28 962 585 823 804 943 638 943 281 344 31 345 113 46 116 361 138 425 525 124 299 917 609 498 213 866 211 674 946 348 891 345 46 292 102 509 101 439 10 821 915 709 654 725 45 393 232 451 197 916 285 461 539 834 891 494 853 181 368 682 73 601 123 249 500 65 847 120 820 128 343 678 112 426 716 338 872 767 453 504 470 565 402 78 324 738 617 40 179 54 643 150 927 177 238 581 664 974 377 984 89 541 463 34 774 103 789 880 63 682 354 413 338 136 659 996 595 253 125 586 535 156 891 919 960 357 636 785 337 401 775 954 361 287 867 752 110 274 360 812 750 738 704 818 986 525 733 996 599 960 53 578 247 922 399 996 278 723 114 896 262 193 899 547 762 663 196 436 771 450 921 190 165 266 961 285 808 740 303 852 411 807 48 538 851 459 879 467 917 511 397 1 911 480 375 517 159 533 347 756 196 81 728 932 16 402 547 377 980 324 108 982 117 769 290 579 940 749 676 434 259 602 35 998 95 293 511 299
310
565 371 764 883 309 279 535 793 423 502 708 880 353 743 660 426 104 632 626 283 471 612 527 167 35 969 772 604 805 888 488 715 536 17 948 105 296 856 986 620 248 254 154 882 236 773 776 483 752 952 945 740 472 532 702 990 130 591 335 965 626 845 129 564 698 109 924 823 625 75 169 192 376 798 129 100 998 479 24 870 750 563 496 601 369 555 357 194 824 193 61 787 890 68 916 55 509 919 13 659 983 697 333 735 634 274 1 4 43 393 42 594 522 886 116 614 88 207 10 602 610 554 261 266 784 618 211 335 484 69 85 491 177 11 946 141 83 566 776 33 995 937 423 647 126 391 567 715 135 393 211 335 328 744 567 92 827 809 155 57 871 26 734 875 665 44 646 929 703 240 44 759 914 222 419 115 108 46 767 869 158 998 474 226 448 43 563 119 748 330 701 503 367 315 508 586 868 392 906 272 767 76 478 137 270 46 515 420 696 311 23 90 846 555 349 422 194 390 331 963 469 559 798 469 87 951 71 487 347 966 582 545 546 682 86 142 638 350 743 377 287 976 671 295 455 276 38 332 813 504 245 66 899 318 270 213 143 553 96 417 742 465 987 648 953 109 202 139 453 435 62 100 929 382 92 397 165 199 20 322 968 493 383 715 945 9 731 828 14 467 410 236 410 238 217 380 906 540 884 556 908 357 226 817 937 242 956 966 355 875
659
825 462 947 110 830 66 722 372 119 586 801 613 910 330 888 487 1000 64 201 126 285 193 811 666 486 216 616 483 794 84 62 311 79 267 201 691 212 384 401 774 68 521 688 768 804 766 593 287 195 580 163 868 908 121 279 101 764 362 977 386 981 65 572 991 405 802 49 466 373 939 52 662 181 571 612 58 101 931 337 722 853 216 400 714 355 443 640 496 917 771 215 776 721 406 962 985 253 542 782 713 801 848 268 324 189 823 646 992 987 858 689 61 325 985 264 638 304 569 964 290 455 172 993 519 50 375 350 356 437 789 77 659 571 338 499 926 284 785 212 111 174 972 286 396 941 454 284 512 915 113 869 185 82 437 223 235 49 661 864 595 111 672 825 811 581 555 262 865 420 481 798 53 260 959 713 239 410 703 986 752 56 310 750 755 956 824 14 687 355 383 549 879 737 872 51 628 756 68 35 268 466 63 531 405 69 887 946 86 429 389 426 608 485 383 681 824 956 212 958 832 52 782 522 1 948 922 194 574 634 476 686 859 456 47 205 648 599 459 54 537 453 941 141 628 72 647 479 909 547 833 566 706 900 658 412 964 804 295 591 489 902 382 756 319 874 554 867 420 347 819 282 96 507 382 641 213 216 38 915 91 396 854 156 228 686 868 101 758 20 871 111 544 921 78 738 27 313 172 612 548 352 835 830 495 271 254 807 392 352 936 125 425 522 957 635 132 374 170 523 254 416 310 910 383 353 550 76 659 99 398 491 47 989 744 762 336 736 495 264 332 709 261 210 308 453 299 802 124 382 800 295 927 296 961 717 31 929 225 996 220 545 343 976 806 610 739 778 658 721 88 898 854 961 223 389 719 573 230 132 871 69 210 684 292 223 250 119 962 825 541 883 971 818 184 202 661 362 531 205 251 594 517 514 779 929 479 250 241 17 640 504 42 731 530 865 660 642 449 337 166 308 537 617 686 31 567 511 953 890 978 644 900 988 256 564 249 144 159 740 86 443 825 409 119 463 166 774 273 119 457 214 957 758 838 311 296 284 369 637 585 807 524 163 723 420 199 535 67 727 399 984 115 627 575 7 919 660 92 644 950 842 221 611 876 421 130 410 652 867 361 878 149 423 113 69 629 644 929 927 535 838 426 783 272 438 106 276 4 688 579 339 664 872 446 979 600 623 470 983 812 159 929 63 551 172 696 236 201 864 881 305 87 202 858 827 798 524 495 92 300 373 598 597 699 215 56 420 105 854 570 410 427 133 948 672 780 949 727 239 689 168 371 412 364 466 750 184 696 631 596 947 857 235 938 405 429 804 44 617 664 356 947 619 927 883 29 456 540 4 103 417 554 884 942 855 320 190 377 351 908 870 182 836 222 370 180 431 335 636 52 822 263 829 597 484 59 742 107 644 189 409 780 239 924 393 189 762 663 993 785 44 558 160 425 219 905 81 962 809 372 861 991 963 726 28 697 139 330 404 329 799 323 289 785 407 704 271 286 471
503
256 646 871 32 776 156 961 375 201 253 751 526 760 165 579 924 981 897 729 377 378 622 736 216 655 562 897 710 39 322 205 978 224 304 976 458 63 515 669 998 514 855 845 434 170 648 103 751 33 726 824 815 267 513 518 775 430 214 249 809 519 520 880 645 61 196 909 854 648 659 818 86 957 48 226 969 205 822 146 697 195 103 618 691 773 873 380 395 815 490 797 627 141 606 442 647 812 689 389 665 356 252 495 21 255 673 747 596 212 277 155 290 317 960 502 635 759 921 404 646 361 332 942 318 809 902 331 187 714 370 494 167 200 408 23 125 574 113 972 154 642 234 255 861 364 494 568 392 338 571 174 552 105 752 88 582 848 903 31 707 774 127 598 249 438 343 992 541 63 869 954 652 448 394 970 513 933 383 105 679 995 997 118 615 536 879 374 854 958 258 548 28 78 797 425 228 585 366 362 285 837 25 392 277 845 285 603 803 831 645 220 92 958 642 900 867 869 580 42 167 80 405 628 941 744 608 545 240 938 93 522 916 570 929 120 93 259 470 696 379 840 930 445 400 299 369 424 677 520 521 324 263 426 900 587 30 191 642 368 398 674 828 131 724 518 296 84 741 419 520 409 718 663 732 269 125 911 498 534 935 1000 747 258 312 66 303 902 607 912 577 446 357 44 776 365 500 669 728 147 872 879 685 351 961 665 953 220 305 326 791 404 382 102 244 563 537 564 334 115 443 593 522 21 801 23 244 726 504 413 117 463 506 430 806 174 4 242 614 189 901 205 839 256 83 489 127 464 679 173 253 331 956 587 13 552 452 134 510 588 772 812 222 954 737 37 728 182 118 98 442 202 492 367 698 239 898 652 450 112 811 863 441 462 772 380 66 667 608 10 336 427 891 9 170 338 989 719 866 578 695 125 297 934 900 993 74 864 479 849 352 404 340 447 812 357 358 153 732 496 890 576 657 384 565 746 393 766 282 899 905 132 460 152 931 825 331 874 95 859 773 368 273 194 457 690 259 630 86 52 703 183 757 165 291 331 320 277 372 477 653 205 949 315 614 298 553 459 795 182 698 589 379 698 282 442 712 773 284 320 932 446 184 494 843 558 944 238 176 519 88 702 645 691 681 159 801 105 643 922 449 730 518 45
766
285 574 365 100 398 25 751 142 292 442 777 773 890 496 343 857 504 585 30 833 369 722 437 503 35 248 20 967 965 985 468 854 253 967 805 56 290 731 708 200 844 736 286 384 934 1000 387 914 854 236 38 107 547 900 860 592 162 65 261 678 155 828 41 987 957 211 983 366 314 299 873 113 325 667 925 907 489 101 599 477 532 443 296 801 212 449 416 124 847 528 916 406 389 260 172 445 104 955 280 310 459 259 764 603 757 469 771 206 25 401 338 463 816 746 618 664 728 338 895 390 167 462 611 259 200 721 512 965 821 778 907 228 691 432 977 806 640 301 519 988 480 245 790 633 443 904 392 503 624 261 346 395 15 479 236 535 909 879 742 825 603 567 426 299 190 503 152 845 753 711 956 472 986 232 341 64 670 484 302 638 162 93 616 596 32 171 268 946 730 533 420 203 422 242 442 35 893 834 591 40 631 879 717 46 65 76 299 374 312 416 260 493 675 821 492 128 519 392 128 973 182 859 353 122 191 749 457 229 277 208 450 841 845 148 205 2 553 881 729 482 349 510 198 58 36 816 918 47 933 476 601 635 28 675 442 964 935 766 897 54 329 56 860 972 270 368 416 212 689 175 82 412 870 277 882 440 863 429 739 301 593 401 549 867 704 291 354 895 46 650 236 294 584 72 803 232 804 919 136 557 985 349 756 465 487 775 750 53 143 871 769 700 3 188 29 36 732 499 391 805 121 579 611 13 431 771 820 71 771 735 666 133 263 732 30 639 426 580 620 750 420 862 365 832 744 804 545 140 173 423 528 545 365 857 609 857 128 235 421 833 62 102 780 107 89 671 951 33 396 301 639 744 620 237 674 231 206 969 523 984 248 923 718 896 760 850 86 201 565 976 629 879 726 803 213 575 643 508 965 197 29 624 188 917 440 516 440 516 943 335 310 490 746 256 626 706 230 203 956 945 69 561 939 183 358 110 534 454 70 59 167 578 754 890 872 115 304 266 860 997 702 365 436 635 923 565 348 427 339 308 903 229 846 780 685 771 587 349 110 163 578 389 805 261 706 874 449 666 856 309 46 515 774 10 301 654 422 360 391 742 459 10 440 418 521 725 412 981 166 653 409 45 701 268 489 203 179 473 519 720 809 669 105 613 202 642 107 435 94 653 335 163 595 660 48 663 519 579 671 88 788 881 910 953 472 183 366 345 583 407 133 957 546 787 68 262 154 647 25 420 119 763 618 551 957 861 808 561 134 672 336 862 696 6 777 730 723 69 265 20 385 476 375 963 123 716 335 501 541 657 956 390 377 50 709 875 944 55 992 301 888 421 556 169 252 908 651 241 493 762 217 664 851 624 483 97 625 695 304 745 526 915 510 881 195 945 418 858 186 645 513 559 880 641 761 784 68 57 21 337 106 465 388 603 930 890 558 901 236 670 342 507 146 641 543 384 396 468 768 530 916 395 158 460 821 91 927 650 56 667 144 286 100 693 252 42 259 206 126 843 546 958 938 894 698 296 450 731 723 988 357 376 874 140 893 927 462 506 332 280 706 18 807 476 863 110 291 173 946 457 773 654 169 585 817 910 980 985 159 676 621 365 319 364 370 313 786 447 343 780 153 193 675 21 290 301 982 899 309 883 537 728 425 944 843 614 920 832 823 855 681 48 130 331 257 933 229 984 556 184 730 774 665 925 373 291 525 151 235 645 621 111 469 661 621 845 990 105 832 258 584 826 848 571 734 789
122
822 96 802 962 258 87 960 714 897 592 165 293 54 21 343 488 835 287 371 776 450 26 151 759 68 422 937 760 507 836 128 84 559 690 127 782 728 762 121 525 961 93 967 111 379 244 727 636 689 293 180 212 859 234 166 447 471 66 786 667 966 338 478 822 786 58 145 963 12 292 664 232 52 757 646 209 734 773 570 466 623 543 488 668 591 992 545 260 904 224 860 806 548 595 372 49 462 192 385 268 364 853 559 462 530 974 915 933 445 320 357 949 268 507 76 673 13 839 256 472 36 881
676
493 968 156 10 792 592 652 957 115 977 28 625 481 263 146 649 371 895 941 100 407 421 48 721 72 24 668 444 14 3 425 414 761 914 881 369 365 11 212 992 437 711 984 535 609 559 133 645 67 287 975 284 958 655 3 406 553 543 371 975 24 373 674 697 382 987 368 997 678 842 915 649 385 661 517 459 510 270 783 749 970 558 310 179 275 281 17 125 56 970 288 92 943 73 164 240 101 346 503 740 939 818 685 595 877 602 73 685 39 275 545 206 252 480 196 419 726 53 3 168 470 953 590 596 347 270 882 683 31 621 841 686 343 223 568 416 557 541 433 543 347 81 475 791 44 396 76 923 292 704 175 218 546 314 902 247 909 437 69 626 647 254 368 792 692 368 610 541 480 802 693 97 442 746 829 284 434 481 851 27 425 70 164 926 478 140 727 422 276 536 792 789 812 676 586 71 538 182 412 333 572 864 943 143 140 514 316 666 672 516 604 927 401 688 859 17 224 576 826 464 216 723 977 215 986 295 124 504 624 873 147 56 724 223 311 735 276 685 45 858 848 117 287 898 202 576 660 180 323 293 896 911 722 224 707 949 625 842 799 158 365 392 140 969 410 8 556 840 780 601 110 136 714 618 477 534 16 996 70 442 462 349 404 328 612 413 948 441 49 399 368 66 588 383 660 439 749 995 812 490 704 219 828 299 269 841 596 779 281 692 951 319 715 439 813 201 137 738 658 100 882 142 946 843 983 435 996 867 258 417 203 548 845 380 133 295 995 86 943 901 667 392 61 494 289 433 342 643 274 970 197 565 902 281 350 292 580 239 284 892 870 665 216 92 800 177 466 545 133 737 341 728 290 840 695 498 301 801 336 583 195 826 539 889 180 648 993 924 447 564 693 628 86 981 941 289 663 571 579 39 522 788 783 712 639 257 700 722 751 321 375 944 160 172 175 839 219 207 997 318 499 173 611 128 766 167 125 405 479 895 561 811 847 566 347 69 720 387 857 381 197 443 340 288 148 140 462 775 512 35 888 308 850 488 728 640 147 378 477 885 43 253 372 160 179 849 860 681 614 971 856 625 226 736 345 892 826 715 575 29 812 102 883 930 371 8 793 628 939 116 343 154 833 873 342 806 740 819 560 707 323 200 414 405 812 26 717 90 91 762 135 832 8 869 522 217 152 915 100 560 333 963 621 460 506 223 869 233 621 81 707 412 849 373 79 867 70 91 388 266 967 858 346 531 215 698 880 593 588 542 472 889 166 107 482 511 374 132 923 926 363 379 282 673 905 814 101 19 458 709 573 219 76 907 625 37 254 118 151 645 925 529 808 982 594 195 917 499 263 907 447 960 948 701 761 604 474 151 44 294 617 139 793 612 932 184 411 520 676 720 143 344 68 132 826 283 957 512 530 433 146 627 769 209 396 889 958 574 879 428 965 768 962 845 242 276 1000 688 906 330 966 971 742 499 519 378 980 195 992 132 775 865 76 227 296 960 377 259 201 670 376 496 882 87 532 136 976 893 305 631 238 678 961 950 480 63
161
148 124 78 996 453 548 532 801 829 761 586 750 995 824 237 1 745 799 33 929 975 361 608 9 879 107 955 922 753 650 232 47 457 975 766 46 727 227 292 564 15 548 987 197 480 103 63 872 128 104 932 11 177 338 393 440 254 230 31 819 711 584 346 401 982 505 710 610 422 560 791 587 988 715 372 331 506 505 210 760 707 143 332 604 227 231 155 37 512 847 77 894 74 340 602 501 262 893 71 808 876 579 216 52 471 645 156 547 959 493 531 119 797 370 334 187 878 526 938 673 681 333 81 276 287 752 714 584 494 207 656 709 347 38 231 443 453 660 438 214 984 175 213 999 518 234 667 622 53 629 797 98 788 369 915 666 986 195 209 19 100
771
18 760 760 833 507 350 990 77 627 753 172 970 727 239 322 195 852 842 677 911 9 426 918 139 324 861 153 187 670 66 689 637 473 72 659 637 133 241 486 219 903 988 533 721 741 275 414 670 375 500 619 45 96 452 897 201 102 108 931 906 576 147 239 482 555 539 397 712 356 716 122 176 555 976 658 22 854 79 830 208 87 248 374 620 814 90 399 976 91 993 747 218 91 950 631 713 621 979 248 25 815 577 58 108 899 173 466 903 724 800 94 805 829 366 420 383 778 899 48 965 148 912 31 144 385 521 378 10 81 715 111 288 165 411 628 345 691 637 181 368 362 450 646 459 656 810 673 125 184 914 421 825 156 576 568 297 726 161 881 530 519 595 848 116 916 191 917 19 927 76 429 345 308 436 821 743 670 150 830 554 748 675 366 116 392 488 261 64 278 807 984 674 706 415 814 46 495 96 48 300 211 119 489 553 469 216 741 52 174 879 831 334 930 856 142 871 926 51 345 805 789 990 811 24 620 517 530 845 510 174 833 915 791 330 995 882 900 13 624 211 56 640 481 228 745 752 981 612 106 579 84 334 90 946 7 136 964 418 103 290 670 653 474 924 840 459 294 385 598 608 706 395 892 939 431 814 630 59 366 135 24 637 909 151 107 476 237 636 924 999 171 896 493 516 722 565 435 397 713 462 82 170 684 192 45 240 561 8 293 656 15 651 74 294 535 313 963 699 243 800 379 865 755 809 846 11 727 143 181 345 404 119 805 637 882 84 506 740 83 918 266 973 342 979 172 788 270 94 776 148 366 247 250 801 840 468 38 324 88 220 39 342 801 769 177 275 821 243 560 716 636 672 977 389 576 107 279 388 993 276 849 734 479 2 964 35 175 414 431 265 690 642 773 896 666 364 492 631 596 839 755 405 793 265 825 478 604 994 944 63 228 766 924 315 997 349 21 353 845 491 929 189 655 764 684 346 508 112 753 699 522 696 695 796 232 443 470 698 378 355 40 559 278 370 859 982 136 949 236 637 416 534 393 654 305 485 273 60 776 668 480 764 847 96 387 247 535 607 945 674 622 951 286 593 56 482 186 945 285 128 288 450 759 325 747 741 893 912 38 431 64 288 33 568 898 2 839 375 241 229 164 222 269 566 170 96 553 13 890 524 773 542 185 164 705 520 717 168 501 146 65 857 52 696 117 145 432 770 37 842 825 498 679 238 692 128 945 730 874 249 326 653 65 912 701 237 641 341 305 473 115 140 699 36 242 880 953 576 349 207 748 5 331 781 159 52 712 583 703 827 106 982 147 946 247 268 243 923 145 451 817 940 462 913 376 232 970 832 303 759 875 279 75 325 872 803 723 97 798 915 83 174 553 881 820 17 362 871 352 593 521 358 820 234 838 748 968 145 794 449 566 372 615 20 593 806 658 944 766 935 758 507 175 428 189 25 404 505 299 457 621 7 381 538 559 370 307 917 614 784 339 437 226 453 624 60 175 844 422 303 87 427 125 110 699 431 38 883 25 14 539 473 607 502 108 277 951 70 628 477 167 732 188 69 804 4 500 947 509 202 230 186 109 70 651 633 245 867 902 317 284 825 4 427 807 264 424 593 558 36 110 708 808 593 676 218 727 839 639 152 692 55 934 412 742 666 345 619 355 792 256 127 271 346 940 238 719 898 704 997 223 930 971 920 8 80 352 115 618 519 545 800 812 316 166 705 453 171 33 469 822 477 476 789 254 897 577 387 600 971 220
771
62 333 800 755 509 47 632 805 139 356 575 622 467 743 774 719 114 68 152 198 371 918 527 73 80 220 833 260 778 871 670 485 971 359 624 262 598 175 588 224 283 56 338 238 607 425 603 635 997 992 645 259 439 625 316 250 642 411 606 571 713 811 201 987 589 778 701 309 355 811 43 301 19 108 494 994 616 156 717 903 315 766 900 412 399 186 774 434 979 404 635 509 984 516 957 910 930 480 973 502 625 404 579 468 320 922 374 974 739 621 399 301 846 219 849 605 613 76 619 201 413 140 571 363 57 121 452 860 224 70 805 327 275 131 668 284 146 799 716 577 284 589 509 165 254 153 858 183 627 328 648 483 740 244 907 516 622 851 281 57 845 393 796 846 558 284 406 984 350 298 596 245 190 989 638 621 565 394 181 38 499 84 981 317 192 731 677 992 519 79 581 987 397 887 830 232 356 681 780 840 824 494 447 154 262 833 97 360 186 783 862 443 973 178 609 294 729 196 916 15 93 435 60 551 931 922 236 224 199 503 770 102 504 265 503 612 631 81 183 589 33 644 299 645 458 112 368 703 697 826 681 579 502 697 373 193 747 631 674 145 792 690 844 876 57 655 46 137 354 871 290 762 109 591 730 41 650 344 381 228 484 622 274 362 485 227 479 911 517 280 911 355 857 606 15 658 233 746 411 874 874 779 719 986 870 508 396 883 995 9 582 284 377 513 449 30 239 827 184 515 586 964 613 242 474 926 797 988 97 55 991 622 226 185 632 764 925 77 844 825 962 125 812 675 915 450 989 508 917 927 840 84 892 337 300 240 900 646 961 740 827 301 994 2 579 935 970 55 542 25 469 49 271 354 147 877 784 850 301 865 671 911 515 499 716 636 506 106 980 633 470 991 402 274 938 227 868 842 831 396 222 262 525 466 683 734 52 375 929 238 320 544 325 777 721 484 551 1000 304 367 197 774 412 78 399 136 884 955 80 936 508 950 975 913 693 213 479 726 811 836 213 35 969 381 875 441 933 690 981 231 678 165 476 700 647 78 15 758 268 655 691 426 47 248 349 81 379 230 800 184 964 682 569 12 538 446 280 854 398 194 57 952 570 272 289 571 743 737 939 536 560 398 541 596 380 311 978 329 140 416 784 516 644 119 781 561 833 220 956 155 490 468 465 587 615 357 440 286 316 32 608 207 590 540 629 341 485 542 38 309 615 473 497 303 15 587 897 672 462 604 708 636 292 885 664 732 701 93 571 814 141 729 252 711 580 713 396 618 134 237 518 333 170 630 191 648 361 768 235 955 278 711 61 33 844 515 98 323 628 692 718 177 944 929 956 64 981 243 512 292 737 968 959 172 699 396 432 874 350 455 71 212 854 71 753 910 911 198 838 550 803 409 491 226 967 192 209 681 271 240 639 752 909 76 423 605 532 111 699 54 366 491 345 330 985 36 207 247 397 902 104 310 823 361 743 578 142 467 404 490 907 573 368 683 154 196 302 919 62 518 113 944 655 87 377 411 234 696 710 543 108 670 828 694 309 711 197 965 467 702 891 36 695 835 718 290 248 834 531 40 821 221 930 243 965 432 447 860 778 699 294 811 586 577 472 700 301 256 728 466 461 616 822 289 818 110 858 779 922 764 298 181 296 205 64 681 142 758 937 48 312 765 550 701 110 663 860 514 114 109 101 144 775 83 746 49 546 581 740 253 630 170 566 798 507 599 665 312 924 54 263 431 130 918 177 281 173 43 623 120 822
298
590 837 890 567 522 456 905 797 31 63 12 388 393 170 344 264 191 388 434 909 10 730 692 32 972 810 478 837 299 319 622 405 888 82 694 298 162 371 178 996 548 11 185 783 707 488 350 864 530 760 244 328 250 337 448 191 821 591 332 16 201 641 991 321 737 598 860 852 655 905 593 931 357 216 477 102 459 25 257 320 380 29 425 509 231 263 555 775 349 674 187 262 487 617 868 755 505 18 666 820 505 116 660 247 701 370 396 51 571 929 972 589 936 85 486 162 97 164 913 123 84 612 921 297 829 666 195 222 43 215 475 306 217 121 507 998 383 974 347 613 720 208 459 150 629 970 891 83 995 903 598 916 328 836 148 916 801 452 234 242 807 616 262 49 737 165 578 719 67 907 626 70 434 29 592 917 291 962 993 195 883 521 636 459 207 230 343 515 825 85 577 954 506 159 520 860 928 339 2 374 239 118 623 996 306 536 621 579 773 119 455 828 23 390 356 52 839 856 911 974 552 89 718 278 347 26 506 85 743 529 671 782 593 853 790 692 289 805 883 837 692 695 572 509 812 576 865 165 921 417 233 921 724 288 809 770 907 430 115 915 13 454 838 174 414 754 220 748 106 286 630 19 582 543 922 150 1000 996 540 882 392 397 823 384 568 435 962 805 434 926 136 66 277 537 983 582 623 395
448
801 128 412 847 340 320 115 607 150 72 333 664 331 936 232 195 152 918 513 252 442 637 928 676 299 999 526 600 87 416 665 334 463 815 345 916 256 656 735 958 361 234 50 702 895 701 163 148 575 228 672 859 87 336 737 279 781 890 648 908 684 945 860 591 604 940 375 599 438 355 967 82 490 939 331 718 328 681 435 429 112 592 108 341 192 674 411 471 135 983 230 434 445 586 660 176 565 126 971 989 593 293 589 313 717 33 2 346 749 263 200 459 65 565 499 608 909 833 464 727 532 552 4 108 123 495 548 18 35 68 935 303 957 69 971 70 41 560 34 612 984 660 206 639 427 788 352 987 264 750 689 403 523 319 430 43 606 515 724 825 108 979 511 995 41 263 561 112 417 661 178 234 363 141 303 204 144 836 197 719 439 52 880 303 885 298 954 211 384 37 455 434 793 561 655 251 782 751 382 988 852 223 117 487 280 552 825 284 29 265 864 482 725 902 115 82 874 298 219 309 340 932 990 463 64 653 963 841 819 943 782 302 555 818 610 307 23 110 68 819 382 463 603 787 150 91 383 565 41 454 528 746 749 418 746 896 264 498 443 33 597 811 501 524 816 698 507 23 563 157 560 781 191 439 930 241 765 241 853 172 66 204 615 48 668 470 546 92 399 947 120 623 305 740 500 866 765 862 359 237 129 605 608 392 795 288 705 766 2 784 828 424 67 150 797 77 50 673 732 903 831 618 635 159 841 10 468 205 88 225 231 615 264 774 451 605 140 581 177 452 135 520 882 761 931 227 403 323 327 60 410 990 970 264 434 959 928 323 840 415 328 345 586 940 122 823 739 214 971 388 179 26 894 955 440 510 915 971 154 847 232 130 650 100 348 524 862 638 4 638 520 890 583 620 272 750 527 723 512 622 763 634 529 82 587 328 75 588 597 394 27 157 761 193 277 78 733 548 658 490 489 981 749 439 903 426 109 400 624 654 487 132 575 825 703 218 3 749 838 849 848 370 849 304 324 213 949 724
787
570 607 229 955 623 554 10 742 26 553 30 602 760 60 890 382 882 151 304 937 681 754 965 39 983 739 463 58 103 11 338 551 821 188 582 427 357 197 392 280 438 251 88 339 205 340 13 475 523 596 654 931 790 262 777 952 551 850 33 226 205 499 66 901 40 583 965 522 131 505 467 292 177 873 811 856 760 353 792 212 432 536 711 769 757 714 196 21 89 58 37 757 799 893 241 330 324 45 190 679 104 455 589 463 932 323 382 692 938 539 39 577 460 251 928 551 793 351 701 490 963 992 794 585 872 60 997 743 91 623 828 926 177 294 281 50 101 200 539 788 3 790 709 305 732 554 476 392 229 609 41 863 759 796 942 88 292 198 443 784 78 768 537 708 98 77 70 436 288 151 187 604 958 579 662 445 585 318 793 459 77 950 361 536 286 246 648 636 192 686 317 802 204 232 278 328 351 779 539 244 503 151 985 318 295 482 162 628 782 413 566 258 481 335 570 377 367 237 613 165 807 714 226 432 209 787 414 236 989 144 749 414 272 732 899 768 997 434 604 47 820 660 877 842 570 989 585 57 96 321 591 216 166 200 370 48 455 895 884 660 238 354 853 414 858 692 582 859 341 110 392 57 702 579 664 509 525 468 100 547 383 753 996 634 38 327 11 675 727 96 598 264 342 187 939 714 893 572 170 366 832 108 393 311 772 746 12 634 423 444 808 423 835 966 155 415 142 971 962 829 612 919 987 376 602 105 296 548 154 369 86 67 29 170 8 175 373 169 532 527 622 442 298 932 332 852 278 830 615 306 995 647 21 858 477 366 944 44 235 273 93 738 580 614 65 421 734 238 77 397 79 23 715 571 672 35 975 360 289 128 961 692 507 881 236 551 695 171 678 969 772 792 351 750 102 978 338 877 517 1 398 829 438 790 965 290 73 585 166 982 399 829 726 927 392 788 284 295 198 911 739 30 177 64 104 347 712 111 51 601 594 992 668 710 360 818 655 838 992 77 647 294 99 443 847 697 433 156 898 993 897 190 901 711 973 728 848 701 360 786 116 558 527 358 606 212 343 313 983 559 328 38 643 568 447 345 174 599 499 262 618 62 92 316 664 658 518 435 109 157 833 619 413 31 317 726 845 28 288 835 342 715 919 436 143 892 285 62 170 459 368 692 419 533 418 529 731 275 179 656 223 969 257 565 331 190 30 498 597 842 281 102 86 831 500 860 651 360 522 988 903 420 322 824 237 198 135 820 489 650 622 217 569 917 440 930 173 83 614 416 954 956 230 686 278 246 776 128 168 121 86 142 473 854 576 725 823 790 715 417 448 944 207 275 648 621 707 162 709 778 36 199 698 76 7 499 729 869 912 471 285 394 642 181 465 426 206 921 69 681 462 408 642 49 380 862 179 363 184 608 259 604 888 528 715 121 520 492 513 111 954 434 589 818 785 211 347 604 936 748 683 74 366 585 552 556 383 495 652 392 901 365 855 72 10 471 687 591 439 770 756 893 39 690 387 927 956 456 914 106 988 127 56 676 558 220 412 824 193 198 101 293 168 290 698 359 737 569 272 175 162 797 723 193 896 415 263 649 874 558 109 865 502 520 359 169 709 806 846 730 905 818 182 187 555 659 247 758 944 552 901 809 108 227 181 462 857 312 425 797 182 717 258 98 806 664 530 847 11 485 384 475 242 158 851 488 76 859 843 339 354 686 167 491 599 264 169 697 328 355 185 493 23 178 942 975 167 503 606 848 468 342 709 35 182 596 153 975 200 286 347 592 795 151 14 253 255
910
848 136 692 719 717 988 263 500 575 111 375 452 442 887 971 808 512 590 688 378 714 620 456 959 330 137 28 421 255 54 183 930 578 268 441 756 397 587 116 737 51 498 971 722 631 164 752 612 166 454 624 550 965 20 185 190 54 939 161 765 684 589 92 445 396 331 309 910 138 488 447 347 804 280 658 12 354 682 135 769 620 193 910 374 303 449 744 702 962 303 171 824 483 927 463 744 567 360 875 922 534 15 612 410 270 728 324 426 229 449 715 297 631 439 435 546 289 213 675 742 262 373 774 954 739 462 202 362 146 518 838 31 111 521 379 793 79 103 357 786 726 542 870 890 701 583 334 830 868 811 724 959 63 432 30 689 501 223 415 340 656 335 309 117 500 395 818 297 577 776 906 82 646 603 507 899 454 223 429 408 929 640 214 450 561 637 449 975 896 619 151 500 841 919 738 342 751 380 881 75 279 780 169 576 423 953 884 673 780 695 63 910 531 834 719 891 261 82 505 509 905 754 885 786 679 247 499 777 640 251 993 59 10 723 92 224 654 592 769 469 530 90 281 910 463 449 112 976 515 839 19 880 257 157 496 616 864 325 857 887 759 773 406 178 439 113 404 947 127 667 41 378 65 402 922 29 607 728 190 1 301 866 470 479 660 821 155 229 166 22 349 435 754 782 898 899 865 622 707 832 403 339 68 379 234 975 262 890 127 997 583 568 459 599 324 214 381 506 49 348 744 139 179 213 397 119 76 313 435 503 661 447 875 952 709 570 225 514 718 71 632 848 180 539 309 818 743 157 780 339 869 990 21 782 128 330 15 153 158 372 433 864 7 616 263 511 238 10 625 129 871 729 625 568 299 366 146 973 506 647 173 894 788 902 810 489 672 867 239 338 42 895 811 642 248 353 570 972 449 45 76 467 506 654 602 212 596 259 737 435 402 269 214 100 181 873 357 892 852 62 912 687 626 304 618 911 118 969 760 333 484 632 840 759 176 836 127 811 776 778 25 263 337 326 744 699 922 817 632 619 646 885 150 12 89 425 19 480 378 932 389 780 951 280 515 274 78 733 803 193 754 97 699 493 469 738 250 507 644 481 514 992 303 171 496 235 948 623 183 821 728 603 284 714 966 104 80 48 249 802 542 81 961 324 21 724 554 9 639 564 380 87 788 603 678 556 710 288 42 631 891 211 488 865 86 548 83 495 523 338 427 945 81 61 690 55 937 476 957 475 773 504 288 471 834 790 266 93 850 22 408 917 575 509 447 843 36 625 400 506 263 14 864 724 158 589 595 431 688 413 870 622 465 248 698 726 365 446 574 52 860 217 157 129 815 824 318 941 422 341 521 336 888 71 701 842 588 360 208 641 587 299 89 23 842 148 583 373 947 352 420 324 219 402 571 780 444 368 487 518 255 115 702 371 699 582 465 337 924 832 594 493 905 827 856 780 671 625 81 264 153 316 968 425 599 692 737 70 336 455 288 646 329 703 564 68 775 955 916 50 623 550 32 350 59 951 402 49 526 757 684 204 630 977 436 550 761 272 338 415 572 351 421 232 548 843 462 662 108 894 906 305 75 715 338 536 818 231 514 39 929 251 316 797 571 606 752 921 176 483 796 418 29 825 257 272 430 813 185 802 152 210 809 559 56 618 492 417 696 139 826 447 821 385 740 300 772 482 210 393 923 438 733 796 424 385 184 469 302 679 894 755 990 641 764 286 746 190 271 668 18 942 69 33 897 928 396 939 590 870 975 654 556 587 75 865 565 663 792 856 935 406 366 312 110 294 528 756 749 336 467 731 842 902 917 973 509 185 80 646 215 788 570 839 715 559 584 4 528 71 973 498 433 273 459 266 1 537 17 508 664 62 130 236 931 244 34 9 665 91 450 298 498 799 900 130 968 832 623 657 980 946 840 450 511 767 836 518 649 297 74 746 55 784 147 505 981 448 837 525 41 269 564 614 316 598 862 69 677 544 419 214 29 962 244 988 229 339 55 447 208 362 400 284 811 380 499 824 634 679 640 818 300 70 109 601 939 462 608 322 264 6 717 968 399 714 949 129 46 874
882
725 388 13 548 976 895 811 935 6 565 719 951 592 626 503 826 550 275 103 356 423 749 210 392 934 540 138 502 181 149 914 478 989 204 363 5 704 395 753 427 261 138 601 485 693 176 667 129 577 815 946 184 393 909 243 643 671 288 418 504 298 589 808 63 158 182 117 863 17 841 60 863 702 405 784 932 596 364 422 449 17 136 19 481 751 220 427 243 354 935 127 99 751 845 206 36 449 81 496 783 584 801 601 348 570 442 192 211 839 514 933 617 491 651 231 893 338 365 513 924 161 559 613 446 17 27 831 246 852 115 601 45 380 717 647 662 630 561 768 259 94 61 898 414 661 722 618 728 162 153 651 883 62 642 346 759 330 959 442 646 657 957 427 666 519 136 982 813 720 179 898 569 854 45 320 584 749 281 897 703 726 823 734 678 20 89 923 419 956 277 663 507 981 732 370 121 909 47 946 476 330 2 921 614 9 284 925 536 791 519 949 476 517 728 700 545 250 34 132 351 811 94 214 114 519 885 675 842 786 845 1 789 255 653 260 843 577 251 687 651 736 668 459 860 636 243 899 355 860 164 159 109 659 340 197 750 829 63 22 185 162 270 368 545 471 162 156 889 35 656 303 113 297 390 388 158 119 2 316 985 843 42 526 506 845 204 497 100 738 884 752 962 932 51 532 118 211 519 607 389 205 56 77 733 438 301 511 765 647 378 480 262 856 63 733 305 326 188 179 942 67 257 514 843 652 246 28 602 402 254 86 701 55 789 498 532 388 958 564 851 871 572 279 881 476 117 997 935 13 47 559 960 467 898 587 375 239 140 617 861 589 108 860 54 272 427 190 893 564 935 91 895 41 401 518 529 669 736 31 428 202 654 595 711 760 775 30 597 312 158 191 822 939 968 505 214 526 696 445 208 942 878 343 675 882 900 981 846 28 536 348 623 39 658 875 14 893 542 587 903 48 270 265 842 163 29 717 895 720 577 324 528 798 474 842 103 230 481 440 904 307 848 472 655 76 187 755 604 682 261 141 260 11 184 70 727 499 155 206 136 232 882 327 779 687 495 245 523 747 434 736 548 411 420 623 863 27 572 764 425 801 136 896 523 392 726 13 915 542 666 568 564 141 84 293 32 457 997 345 862 252 588 258 283 149 874 207 257 166 533 202 764 178 728 210 368 454 324 80 406 306 925 726 674 196 105 450 213 440 749 951 137 582 336 262 917 309 724 97 949 89 13 731 92 321 409 902 696 223 206 348 640 573 159 829 688 377 49 500 430 36 414 688 871 910 468 883 972 467 41 108 83 443 194 158 79 623 391 34 257 283 290 635 669 885 467 423 615 168 963 172 14 570 930 106 400 737 847 122 281 368 57 579 802 884 436 808 617 707 817 843 731 793 206 997 854 580 92 711 424 757 98 51 592 415 647 642 240 484 838 337 874 379 438 525 942 888 949 634 112 310 80 115 970 671 584 643 338 682 522 19 448 86 301 224 879 308 852 770 906 775 705 368 528 940 459 653 949 22 864 4 283 485 562 786 322 814 567 781 448 466 441 296 561 154 761 658 622 740 592 820 969 180 902 506 990 371 214 35 985 473 74 846 916 405 116 21 77 829 126 21 742 182 591 782 121 195 335 551 700 710 96 830 827 541 794 117 925 869 683 1 63 264 396 532 407 549 686 466 94 375 628 835 659 127 694 322 99 107 529 866 740 252 998 738 834 659 63 697 460 222 191 623 998 374 845 464 474 387 624 69 678 434 467 37 152 880 646 250 104 240 793 735 98 369 346 675 437 827 329 366 935 24 293 706 671 885 814 524 109 411 674 490 295 829 707 574 757 449 829 19 939 578 348 325 481 664 30 777 554 640 13 119 491 651 234 794 702 61 432 677 1000 975 455 811 888 316 437 89 34 827 414 992 959 383 59 823 817 105 667 804 514 308 949 926 226 448 323 514 933 728 280 375 696 451 796 196 129 580 114 306 503 108 27 76 370 615 828 482 817 753 408
588
563 268 880 773 110 299 424 591 139 837 918 170 684 308 680 215 156 109 557 366 673 545 363 378 152 582 621 318 447 757 314 479 671 644 261 520 876 252 777 30 716 946 954 689 895 439 279 150 567 726 952 840 456 61 242 607 731 68 628 369 576 148 593 871 544 305 833 857 274 525 631 770 234 965 541 52 714 53 968 11 980 992 974 404 716 372 500 943 581 938 107 242 380 535 73 93 408 23 466 262 934 938 137 596 766 684 289 331 341 206 184 574 143 665 768 229 446 677 234 299 907 220 749 631 220 598 433 587 829 489 36 374 513 936 673 261 750 727 896 963 175 617 938 322 949 564 86 865 323 68 691 971 115 115 121 663 486 173 158 641 108 836 747 85 148 869 756 414 320 780 355 120 13 231 7 738 979 140 3 463 786 781 339 511 894 645 696 671 371 956 294 888 968 339 746 408 874 228 650 67 203 860 515 599 573 469 705 481 917 354 599 710 653 356 565 594 167 693 146 500 655 905 423 589 166 453 287 86 459 379 42 134 117 448 574 222 727 757 171 456 408 893 323 100 562 425 855 332 8 17 247 31 334 892 161 381 657 838 147 48 457 646 218 530 530 498 411 137 972 535 825 53 507 902 142 111 895 106 955 719 130 690 743 973 572 235 289 82 444 876 948 123 446 56 315 203 113 22 105 524 961 101 48 169 800 253 458 752 779 901 673 307 170 399 333 237 254 77 700 398 38 197 248 703 75 342 802 431 128 417 42 933 4 674 126 872 951 358 60 510 401 263 287 417 841 131 555 256 56 895 688 757 399 138 57 635 220 965 533 127 262 531 377 831 621 991 143 546 155 703 817 569 665 668 489 261 595 344 234 464 187 130 572 149 217 511 710 556 900 908 677 89 614 60 433 900 31 106 888 303 470 564 761 760 940 995 972 199 978 383 23 811 293 72 781 874 672 296 130 866 587 454 57 913 910 221 824 356 188 192 230 981 906 682 128 612 988 779 637 873 32 71 286 675 140 684 477 933 764 957 39 438 811 748 39 799 519 284 612 886 392 458 416 455 474 119 624 117 913 853 736 929 869 842 888 782 96 662 271 853 382 188 908 348 541 404 193 749 756 436 297 401 314 759 318 802 122 212 769 31 518 659 549 474 577 851 111 988 853 192 351 456 18 240 722 699 528 563 951 100 140 164 274 601 674 170 393 607 656 79 132 438 997 861 995 125 164 750 911 846 185 139 305 674 369 9 326 963 205 975 241 632 902 220 435 773 655 853 622 538 369 636 219 760 201 50 973 569 672 783 526 220 789 330 760 318 326 126 268 441 906 140 397 868 649 768 93 441
722
639 998 495 308 394 197 230 260 989 864 477 640 533 380 320 369 578 659 924 547 342 756 204 9 356 717 306 574 330 894 707 54 87 2 387 38 648 386 221 956 505 71 770 931 736 845 392 737 409 105 414 494 879 686 36 584 949 645 8 394 90 731 983 113 650 588 769 772 908 884 984 829 128 930 92 53 340 63 565 680 258 652 245 15 64 878 656 917 256 61 655 814 824 378 63 789 916 120 431 650 894 434 920 334 271 396 551 65 650 276 964 732 570 483 773 101 138 898 864 525 729 40 805 640 587 568 46 347 937 696 221 962 662 336 730 638 611 814 214 908 803 436 43 622 621 477 210 585 315 967 514 165 522 945 899 33 162 660 319 268 372 903 840 29 520 183 263 41 409 28 569 744 128 709 349 856 866 57 796 555 914 919 430 351 812 602 784 628 848 992 313 788 649 615 534 684 450 482 548 332 11 633 436 849 385 777 102 709 67 455 612 515 369 74 480 744 448 390 833 411 577 386 520 676 226 453 472 157 424 745 61 469 504 735 624 871 364 547 917 77 825 807 730 134 8 253 277 18 463 363 488 103 741 980 681 448 791 451 272 523 371 849 90 251 780 276 43 68 868 838 969 228 929 49 657 727 392 143 334 113 566 891 506 823 818 562 497 16 504 239 480 319 624 444 69 710 136 486 667 295 785 627 869 929 320 3 382 217 38 55 503 849 94 627 191 724 868 410 998 139 693 981 834 334 783 825 800 168 194 976 120 24 451 596 980 412 765 9 286 430 878 462 919 327 679 705 470 630 908 101 991 369 68 797 840 666 350 502 965 889 36 832 456 837 370 235 517 269 705 444 71 481 713 290 483 360 359 899 417 130 327 254 591 335 811 419 678 750 199 191 600 227 936 391 479 976 67 135 473 94 442 285 386 341 673 16 150 258 894 280 817 528 720 621 304 903 129 881 670 219 374 35 703 133 218 393 686 274 742 790 922 600 230 325 292 207 25 171 107 798 525 164 254 630 637 908 413 881 249 626 220 897 254 375 435 773 463 431 84 719 62 315 222 973 627 137 432 884 113 426 756 764 220 249 19 368 285 79 9 521 406 821 797 288 619 543 123 445 559 248 243 484 267 530 194 988 171 747 824 532 421 667 571 153 138 908 622 786 74 492 604 1 611 962 589 519 382 416 417 730 677 609 10 543 263 267 491 324 167 379 559 438 159 641 788 805 922 625 533 467 473 597 192 662 426 910 635 87 230 375 623 226 23 110 631 940 128 836 961 902 313 858 659 881 508 617 817 855 17 450 923 382 784 799 970 996 467 656 797 402 339 332 681 702 246 357 134 405 175 830 608 249 254 469 955 309 987 632 308 876 145 804 433 528 174 846 458 551 287 199 288 100 803 138 369 550 959 135 51 53 481 569 677 886 893 779 303 690 523 935 841 275 164 834 401 660 99 887 548 85 564 520 171 183 590 246 530 782 888 569 718 482 907 777 983 203 933 810 865 837 535 387 231 545 482 584 309 29 813 598 811 715 914 531 194 483 405 948 570 869 909 427 996 291 424 634 516 131 318 396 947 206 730 36 422 963 43 404 124 465 181 475 199 670 758 493 657 166 584 416 678 364 375 529 130 918 61 687 821 678 317 881
429
713 922 886 806 647 862 40 142 276 360 969 717 920 956 577 762 383 299 339 910 139 645 525 894 848 456 244 538 510 99 522 336 854 21 191 660 96 236 123 92 468 861 178 869 799 80 553 132 423 457 237 324 696 288 216 945 203 148 956 956 712 491 646 875 319 970 342 990 796 134 781 625 625 549 359 360 681 831 979 123 18 364 326 658 136 532 652 497 83 98 323 813 794 601 753 795 814 631 13 557 354 506 357 409 639 906 3 439 777 79 459 213 935 317 578 681 797 274 148 975 318 294 608 571 295 314 843 63 176 239 535 575 934 720 141 946 8 910 211 476 184 694 123 947 138 770 282 152 471 842 966 403 567 444 439 620 235 916 11 141 823 706 591 948 724 570 334 880 579 346 234 30 178 711 967 318 929 198 75 444 198 724 90 827 838 171 592 38 533 588 322 737 57 971 45 847 142 429 768 342 549 436 653 1000 619 614 265 758 345 377 358 639 250 781 349 756 60 637 324 823 487 214 43 917 286 388 957 629 582 922 829 834 905 183 948 850 877 134 243 217 406 607 907 545 726 302 345 288 861 647 506 776 764 387 508 938 644 306 173 899 882 858 416 370 148 403 311 168 998 890 368 851 768 418 20 444 704 936 214 274 547 581 124 323 126 167 23 8 755 228 948 893 27 828 948 134 460 142 861 391 72 212 961 467 428 459 69 254 302 411 653 34 701 513 634 166 151 391 597 493 175 738 706 107 96 442 541 506 434 795 284 10 385 942 159 750 167 249 35 745 915 181 34 674 114 269 893 784 61 824 756 583 405 777 609 324 195 117 713 62 995 169 219 927 632 856 912 883 377 558 727 82 400 772 31 507 940 67 92 183 446 159 969 984 963 384 748 596 778 323 423 556 811 86 63 943 647 552 488 457 511 49 149 696 698 839 625 561 592 694 299 118 761 903 819 94 446 106 869 1000 503 469 947 411 161 400 531 395 255
925
19 697 171 919 594 544 312 571 870 450 240 361 909 317 98 41 387 152 28 555 657 481 76 534 286 711 944 969 820 771 520 808 718 465 622 576 508 957 365 149 252 664 892 810 357 641 582 560 796 876 40 925 263 216 252 666 430 739 877 453 685 592 958 930 516 533 801 573 53 964 32 714 369 277 635 537 376 493 698 274 614 164 824 731 60 378 866 429 323 160 930 334 295 876 439 15 8 30 815 644 507 644 265 580 461 728 660 653 187 614 959 43 742 260 95 685 110 149 274 487 87 575 591 87 385 168 747 432 510 519 318 861 856 585 744 328 862 104 813 626 891 201 263 595 769 136 79 169 618 696 206 249 605 154 434 701 483 721 202 699 635 886 365 843 789 795 545 902 277 728 699 156 168 274 143 331 367 17 857 858 477 250 718 145 631 512 983 575 531 101 753 184 2 23 910 237 949 324 62 432 784 204 495 102 643 98 256 157 945 304 15 383 793 822 729 367 1 333 705 318 655 18 22 382 854 50 365 346 627 971 937 694 787 25 224 197 471 905 720 741 359 538 853 646 408 491 287 817 634 314 285 51 689 220 603 523 215 432 283 177 621 329 2 93 792 488 953 798 157 174 192 492 810 3 390 93 458 756 51 513 399 478 910 671 283 660 715 513 220 914 29 319 721 740 8 855 588 893 948 522 323 418 532 11 476 732 574 617 150 51 835 236 315 764 851 337 681 145 651 674 517 813 139 541 67 675 509 513 741 334 13 989 776 792 155 230 933 138 367 343 653 640 493 336 8 702 726 498 208 66 856 835 673 405 758 87 274 995 718 130 996 729 634 914 58 479 862 605 269 539 842 56 46 527 536 265 454 124 374 646 929 34 30 108 41 574 308 159 430 619 7 569 152 108 63 418 951 10 168 74 542 338 41 6 171 638 609 427 955 158 248 742 12 126 449 292 165 190 617 735 586 247 257 318 72 469 922 925 90 107 209 121 623 669 922 754 106 971 640 706 267 585 450 752 806 244 907 620 496 921 694 868 988 547 509 570 480 238 57 307 753 475 808 947 621 427 401 954 173 320 867 54 35 873 981 453 238 218 163 311 860 101 796 323 492 618 155 965 901 643 713 291 107 488 433 844 812 834 364 231 920 134 696 84 262 898 641 558 883 144 379 829 265 856 694 258 213 747 55 153 186 419 987 473 604 48 199 929 735 476 731 429 353 492 764 276 71 188 253 80 450 462 950 578 770 89 518 585 180 227 191 85 819 912 118 118 269 750 116 682 533 566 204 592 338 566 434 40 161 408 612 54 2 961 128 703 521 462 816 69 480 182 979 221 14 359 468 5 894 28 603 479 715 582 218 634 309 644 84 800 194 894 270 655 768 618 748 834 413 296 524 518 123 600 604 412 764 101 478 246 409 653 176 8 406 575 994 479 247 917 948 392 150 667 203 364 609 806 689 705 641 806 640 362 675 247 971 186 380 522 855 329 113 587 522 220 711 848 939 621 60 882 721 673 775 768 416 881 89 30 18 930 593 964 797 757 401 749 239 615 841 750 147 865 120 249 762 996 641 181 450 919 538 728 429 394 420 939 334 308 68 530 80 751 902 260 267 534 925 68 437 253 120 57 767 944 961 386 80 479 955 8 763 503 354 474 494 492 671 322 474 940 197 814 319 177 127 131 592 132 65 233 643 854 83 965 183 507 233 834 904 455 567 495 213 648 693 263 944 196 549 974 344 259 767 681 190 305 544 473 367 822 431 356 681 148 914 814 174 751 912 77 887 779 843 750 924 453 949 658 800 801 554 52 540 23 120 493 419 154 861 414 75 437 390 802 838 305 127 77 448 762 443 53 38 356 882 242 265 710 737 446 289 382 62 292 953 772 115 362 184 744 396 513 494 102 122 119 214 802 762 59 965 437 855 679 390 163 966 860 421 70 59 564 600 49 547 271 960 798 837 219 316 543 168 547 228 160 964 575 604 832 433 863 911 698 478 909 862 830 16 66 687 183 68 517 307 769 690 897 190 10 591 991 358 331 784 997 449 87 894 724 123 18 84 262 859 67 860 349 244 900 219 288 215 716 917 359 368 59 89 994 560 198 418
563
607 205 914 817 812 658 924 75 865 390 638 864 641 232 30 150 352 539 966 129 487 978 339 141 625 238 622 991 237 979 827 281 102 32 247 415 317 283 966 24 632 714 14 196 756 685 864 711 742 618 600 719 104 31 578 472 483 307 414 813 562 503 760 543 162 674 309 1000 10 175 446 187 491 511 639 778 50 37 407 900 703 752 90 891 422 114 207 1000 536 67 552 33 153 777 771 942 562 894 15 99 77 208 789 752 33 55 912 680 965 439 438 42 36 136 403 358 890 574 680 574 538 558 698 212 317 679 800 895 450 959 871 249 260 246 97 117 635 465 435 138 983 263 482 465 634 603 900 764 211 753 390 940 473 822 556 146 38 602 309 715 136 626 966 24 61 419 900 536 250 127 973 168 906 257 222 311 477 267 412 558 725 151 205 408 998 830 462 203 514 61 356 411 277 999 150 585 517 965 746 762 737 477 376 190 844 584 449 290 443 460 764 774 580 386 581 486 859 360 410 147 742 157 408 784 663 14 84 733 425 838 220 763 641 34 434 602 88 229 318 432 584 97 916 802 503 377 219 357 767 855 179 934 963 715 620 486 788 665 151 621 97 672 659 869 239 639 636 732 812 880 244 72 858 154 946 873 592 539 782 230 460 399 286 764 968 360 965 341 828 634 583 458 293 310 454 769 277 918 755 402 719 65 73 62 210 154 559 172 938 402 893 831 528 98 440 84 412 516 156 139 705 493 312 83 253 592 897 775 328 994 194 598 366 835 924 980 245 657 832 359 698 166 926 687 111 499 849 7 231 959 558 972 281 53 690 874 744 228 904 215 508 345 906 885 471 402 84 943 932 463 672 444 849 300 858 90 146 153 294 89 383 793 803 418 974 433 5 406 795 152 388 21 953 206 133 884 43 129 916 315 713 961 86 999 590 858 432 664 53 51 560 395 371 563 780 153 111 221 785 852 47 960 328 772 184 563 201 513 752 186 8 925 662 333 317 219 44 834 143 1 121 591 73 828 468 615 391 349 238 89 672 386 501 745 540 12 958 155 588 62 468 349 211 841 941 631 116 657 12 798 307 877 465 129 1 932 866 664 612 715 907 507 708 497 247 621 555 284 722 857 465 415 628 860 62 14 483 236 726 240 233 445 749 121 321 975 443 613 558 544 293 141 212 774 745 767 77 182 270 760 385 65 541 958 420 684 947 301 408 289 189 46 417 103 858 967 428 242 935 93 55 623 193 611 796 156 213 387 793 370 452 347 487 683 652 759 126 337 717 262 226 941 635
235
819 647 992 446 321 548 662 451 116 965 744 561 825 488 269 898 103 502 250 208 911 376 688 511 377 435 211 199 774 656 20 864 675 32 775 874 38 855 666 836 379 490 531 936 850 558 834 585 593 155 537 143 748 508 272 296 536 540 999 687 332 809 159 275 121 15 829 790 581 322 991 771 341 974 757 21 404 480 63 647 987 593 975 994 786 525 201 420 935 633 293 134 562 10 546 93 375 932 824 900 709 802 676 361 103 607 746 308 840 200 705 592 587 828 818 42 415 363 115 647 141 407 329 862 420 172 739 508 137 866 14 182 81 238 423 56 422 1000 980 541 800 261 116 15 563 884 442 508 922 323 545 135 820 34 804 117 191 652 635 252 725 737 979 655 792 559 171 274 576 816 980 792 924 221 825 754 330 998 384 24 514 193 393 474 626 698 88 762 391 975 276 934 343 834 264 970 726 884 488 606 795 3 376 219 664 833 853 584 644 262 709 943 853 314 676 397 828 590 173 436 361 394 84 649 921 329 975 943 130 273 739 68 767 83 766
833
349 413 400 938 96 25 93 921 862 674 111 198 879 617 761 854 562 245 358 799 305 664 577 435 249 63 405 462 38 695 134 266 192 577 555 280 672 693 576 848 560 706 328 530 535 448 473 726 882 667 763 105 910 432 469 25 868 655 342 955 868 743 877 414 40 64 34 666 423 567 140 48 775 981 798 772 210 443 949 578 458 113 499 613 744 333 212 278 77 399 9 818 232 204 917 784 559 463 125 945 537 720 993 954 621 664 516 413 323 508 238 159 362 570 515 109 773 393 376 775 850 347 522 910 639 129 191 322 994 9 722 512 294 5 233 516 830 205 674 940 82 923 135 163 523 670 521 789 646 713 783 955 958 947 987 42 68 378 125 244 782 60 352 674 908 684 101 60 990 272 876 725 405 660 183 74 578 151 477 514 53 161 729 474 688 724 986 604 759 821 217 159 509 836 331 754 154 483 637 597 226 947 782 937 91 475 547 744 201 428 874 600 227 296 650 771 432 423 782 419 888 372 275 87 702 964 148 615 887 86 885 308 370 754 159 308 372 223 355 976 783 457 316 563 398 477 157 825 964 911 910 831 67 998 265 910 218 448 395 713 344 724 458 698 55 631 630 289 907 785 278 913 160 515 129 261 597 904 358 632 764 804 922 241 433 521 20 161 507 322 71 350 694 138 913 452 131 749 840 460 629 220 774 773 708 860 887 302 740 366 526 316 279 525 401 204 737 945 999 774 654 419 970 520 844 432 684 723 377 840 670 129 461 177 886 521 728 564 739 558 777 475 395 886 500 578 774 628 809 628 949 11 1 858 129 708 188 420 199 557 305 634 424 117 172 621 801 52 311 222 353 745 672 583 460 581 50 10 656 464 279 296 214 805 57 921 380 573 525 333 340 454 10 318 734 68 358 291 704 722 712 519 821 740 14 372 276 782 889 629 747 498 672 633 553 299 630 980 354 253 255 950 899 158 359 786 228 121 915 593 163 878 38 285 401 257 611 486 257 285 284 981 23 480 604 805 776 414 15 910 374 344 430 717 595 688 858 708 467 361 478 116 797 156 900 234 836 649 985 951 1000 184 448 936 884 391 405 305 288 471 407 541 965 63 724 809 736 912 463 679 742 655 619 730 704 444 572 748 817 100 245 946 434 571 23 214 300 297 426 559 807 923 776 364 565 86 763 647 831 752 169 708 271 263 752 154 768 451 603 742 288 433 148 527 510 733 912 628 814 498 616 783 166 300 11 849 486 356 32 453 750 307 64 28 228 448 155 574 339 3 251 816 237 160 442 682 356 698 809 518 544 877 548 999 610 341 563 778 930 399 792 240 304 612 817 528 18 739 995 607 328 824 926 366 967 149 290 590 244 448 861 75 897 220 994 375 881 308 327 526 90 256 684 498 698 493 33 315 794 516 585 168 7 103 843 743 145 16 279 22 842 710 512 470 971 836 188 837 455 586 459 129 734 154 32 420 709 553 323 100 462 114 521 664 100 630 620 644 562 229 876 898 696 387 218 572 822 721 648 517 128 466 472 881 821 764 578 774 162 638 306 109 202 741 790 119 879 643 60 905 603 371 738 500 168 208 26 260 546 423 611 102 780 467 872 437 269 645 43 742 131 889 534 979 298 702 910 614 369 629 244 21 353 68 949 588 333 524 406 601 239 349 493 790 820 54 303 689 895 817 109 785 164 270 885 539 529 647 245 423 973 303 399 984 808 383 361 54 582 780 332 608 930 811 94 648 657 641 588 288 227 165 487 550 18 904 462 120 970 364 263 822 611 940 286 338 940 208 598 129 310 295 113 576 536 137 517 744 244 357 331 584 671 21 584 820 295 450 206 687 296 26 66 550 817 258 720 468 673 295 216 548 110 97 53 192 767 357 949 838 895 497 600
622
92 466 106 473 367 959 836 401 202 781 412 132 935 839 276 304 830 299 934 236 695 615 575 544 434 177 44 677 514 878 544 442 544 751 848 690 941 795 951 553 738 138 402 381 296 539 876 619 95 515 339 915 966 987 675 238 921 701 896 292 796 490 36 498 52 151 132 797 797 846 171 434 668 297 684 208 877 769 489 952 76 337 866 530 468 292 613 356 343 224 371 520 888 636 250 521 778 293 289 575 302 244 687 490 762 713 612 143 572 440 117 687 361 178 220 402 609 476 814 732 13 634 255 680 564 615 3 235 901 9 389 255 230 950 427 391 477 33 939 94 427 577 817 130 658 671 359 80 650 68 386 979 431 360 666 979 590 997 467 615 967 595 334 802 762 634 255 966 528 516 520 775 187 137 553 136 471 927 226 156 617 221 337 223 673 757 456 525 901 829 809 579 906 461 50 630 746 218 137 800 114 177 386 933 573 201 268 595 939 835 344 819 595 213 826 833 258 896 154 31 517 452 972 724 683 375 150 624 753 444 300 569 583 48 254 446 288 390 978 237 8 967 433 410 217 182 20 313 735 833 734 868 537 998 274 140 836 592 150 717 582 958 780 639 959 45 571 309 688 702 132 234 485 298 772 152 627 521 176 832 324 856 107 70 622 497 797 547 718 37 889 229 104 207 219 947 871 551 522 247 511 428 479 244 431 453 617 178 96 813 512 751 377 634 399 598 63 352 312 192 794 986 305 258 513 14 264 826 141 268 883 8 701 934 949 484 668 861 546 105 406 404 2 37 12 929 875 882 220 10 643 28 730 739 375 360 396 560 621 93 977 234 97 902 151 654 211 555 99 631 400 799 727 824 979 904 479 940 295 577 999 557 2 196 962 635 808 164 48 415 202 77 537 403 546 602 507 842 883 34 870 290 80 416 452 938 364 768 582 326 615 133 808 504 190 111 915 544 91 201 255 953 275 722 295 778 47 321 721 940 704 950 539 529 768 765 489 24 312 849 56 697 453 193 306 935 167 104 802 195 418 820 567 357 942 481 359 975 841 157 554 389 597 269 177 207 804 766 345 666 814 825 165 524 958 403 318 335 249 456 784 572 693 592 325 824 78 166 899 68 166 466 579 552 874 73 777 429 612 934 348 20 758 610 852 172 702 257 978 13 39 132 704 307 738 619 172 762 742 587 89 591 197 334 357 640 186 553 316 353 613 645 982 698 635 781 249 396 147 763 686 169 776 48 917 688 733 571 59 620 900 412 809 600 732 528 683 681 111 547 510 617 741 585 184 250 786 285 531 257 455 327 357 762 551 728 952 994 461 654 55 758 26 351 957 546 686 568 419 839 797 12 791 237 771 806 357 655 204 823 411 987 663 800 661 256 645 871 714 686 298 177 992 411 527 816 608 327 228 522 942 936
570
514 61 23 952 765 358 868 713 22 164 477 175 610 359 603 654 582 292 279 697 28 422 195 206 756 774 706 475 898 606 734 458 103 29 206 414 660 165 601 930 611 224 193 905 288 677 897 144 487 954 685 628 530 487 283 881 445 849 315 356 847 429 248 524 303 963 81 70 229 61 773 654 883 261 669 311 899 215 678 663 400 768 507 679 817 393 421 681 256 632 910 966 918 560 231 255 87 233 595 270 749 317 432 585 535 899 993 336 469 329 439 312 398 537 679 288 984 100 450 529 29 957 857 57 659 369 183 650 971 52 655 434 524 717 198 582 455 126 103 462 762 371 234 645 789 266 377 169 883 379 880 132 543 405 473 14 893 223 365 949 389 71 440 583 393 272 503 184 801 519 576 707 812 885 518 961 307 323 445 487 837 835 26 45 313 781 777 997 697 2 575 194 940 786 357 995 181 938 977 362 996 315 385 28 656 604 695 881 28 143 892 38 418 290 456 262 743 440 636 928 143 296 18 481 936 53 144 333 5 494 792 899 160 441 88 563 611 149 66 150 235 543 827 462 272 745 671 903 72 575 712 797 701 788 292 694 478 56 875 874 976 33 50 858 792 831 614 175 287 400 185 292 996 547 494 705 936 948 385 215 131 424 152 902 80 291 272 371 202 588 341 19 543 361 870 307 505 508 492 355 142 457 500 77 480 333 288 98 250 808 277 559 381 508 422 380 411 602 794 176 364 302 153 958 166 786 906 24 11 942 752 203 155 518 420 727 955 894 692 209 995 942 534 975 609 316 390 157 844 849 849 35 294 265 34 153 966 626 840 997 150 138 363 334 507 844 268 943 343 196 652 997 636 935 332 977 854 83 243 115 890 378 328 678 133 501 983 407 950 410 225 959 828 299 830 586 935 848 368 642 106 891 66 760 526 637 935 887 294 597 634 549 141 772 587 184 770 338 895 270 517 525 853 937 123 447 59 805 983 627 727 964 694 389 410 193 921 853 684 495 401 243 529 968 93 751 746 721 224 831 364 976 123 440 75 804 341 74 315 437 691 613 789 846 486 819 517 832 412 44 187 274 446 49 936 546 523 305 971 40 311 859 262 533 388 689 260 156 641 424 3 101 478 939 477 598 769 519 169 226 390 739 130 804 18 488 180 215 467 324 978 701 250 122 625 165 224 220 342 694 753 334 605 942 370 554 844 449 372 547 756 252 101 296 438 26 696 132 670 462 827 618 64 210 606 246 73 531 785 30 283 383 508 931 178 908 11 79 394 521 544 633 833 122 238 240 970 149 541 537
926
528 287 350 964 102 707 597 142 38 921 28 195 688 379 501 363 448 3 255 79 743 20 457 186 344 384 427 727 399 638 272 595 635 319 580 462 605 500 827 918 181 832 78 416 872 712 987 531 727 792 770 514 765 103 396 192 984 328 638 958 935 840 341 350 223 954 882 917 789 198 937 594 134 364 195 524 383 403 941 373 1 391 829 389 395 141 361 165 755 454 702 507 159 771 799 718 653 191 634 164 967 159 580 382 351 383 208 52 442 641 622 520 401 385 1 427 347 330 928 880 102 151 282 64 552 486 973 960 265 417 721 324 314 751 478 703 961 387 910 922 242 728 164 386 347 93 155 464 306 600 829 879 605 309 161 857 317 351 933 397 642 156 171 345 947 880 227 381 800 269 997 98 77 559 546 24 756 436 931 83 197 475 903 348 40 639 751 232 633 948 642 786 568 845 182 384 218 246 823 69 362 957 942 662 625 936 196 647 729 805 825 267 875 642 989 620 679 998 760 368 783 146 893 990 284 515 948 498 598 464 209 995 148 361 145 330 200 259 837 844 164 148 614 550 783 613 605 772 307 846 564 311 168 550 279 919 603 522 699 23 988 981 566 951 78 347 858 315 305 310 160 590 465 339 925 101 640 754 474 770 397 493 908 820 15 762 431 589 929 189 275 43 12 621 19 356 47 545 724 499 473 28 587 68 963 875 433 39 234 60 500 457 156 889 459 29 293 650 915 845 173 900 818 292 877 442 488 369 984 668 519 396 637 813 68 121 187 46 686 895 526 469 150 250 689 528 661 892 730 52 414 819 410 985 697 639 484 371 773 337 782 960 636 2 393 761 415 486 5 533 618 686 356 41 936 693 110 446 60 7 956 536 831 281 313 351 905 873 317 977 727 58 305 821 48 960 299 9 758 366 393 695 753 322 543 135 408 682 442 725 385 670 70 665 474 652 965 424 704 118 536 672 210 180 870 711 327 793 655 884 385 825 481 2 481 977 850 147 859 672 184 763 299 158 488 735 130 669 653 210 108 44 527 85 696 400 53 667 377 340 548 928 442 848 328 896 499 132 147 128 7 620 82 165 245 910 872 102 493 807 171 264 857 372 365 331 138 225 590 237 200 32 895 307 755 385 84 136 356 188 727 517 120 878 249 158 359 914 80 125 359 914 209 231 778 489 430 323 256 902 654 333 338 753 725 974 279 748 745 27 562 831 245 247 14 970 126 892 658 532 272 78 957 663 205 33 616 794 484 43 587 98 901 338 558 18 798 616 324 618 666 773 688 929 64 291 676 990 586 683 344 563 226 274 675 652 562 994 548 901 598 222 262 473 489 192 704 551 936 299 907 440 328 633 573 90 986 745 200 222 866 205 9 356 290 433 883 505 851 823 455 179 396 305 837 777 840 522 296 999 955 497 200 625 248 842 40 576 99 573 478 516 520 324 890 434 749 261 932 862 1 503 719 891 122 597 56 936 201 399 883 40 636 239 494 557 685 878 973 471 505 878 139 152 961 783 206 925 683 578 188 96 174 611 474 113 851 194 844 39 654 27 903 717 991 561 568 969 828 596 655 147 979 405 565 489 417 671 189 74 105 908 89 149 392 581 457 775 85 195 488 970 550 549 992 987 108 332 635 343 747 192 992 98 138 414 673 754 19 11 413 332 51 888 433 942 948 937 764 365 294 140 609 503 678 62 890 785 98 103 12 515 928 547 733 73 300 82 438 21 855 367 606 822 747 709 436 888 950 17 810 707 801 548 903 570 712 455 476 376 468 862 365 486 699 324 612 369 119 184 260 930 222 661 650 303 495 681 888 137 36 592 391 665 909 694 440 936 366 221 489 506 470 384 78 684 991 433 341 135 687 59 775 594 687 784 78 825 731 230 979 856 459 443 775 502 667 501 309 15 991 973 1 457 478 541 150 184 598 784 503 874 30 827 659 779 568 446 489 314 356 909 471 502 930 419 248 331 107 23 769 157 657 249 863 689 659 929 363 893 46 448 955 859 332 317 954 339 562 258 965 761 448 759 733 311 979 30 249 525 326 905 829 994 413 329 912 572 207 609 300 509 759 958 155 710 263 887 99 992 810 297 559 953 359 703
509
847 356 344 834 543 264 354 107 28 327 815 548 521 748 779 499 984 206 197 753 446 868 599 473 565 973 409 468 518 747 652 76 269 891 808 259 45 328 929 768 470 661 220 88 582 150 774 855 549 7 832 921 943 82 235 302 266 11 49 965 635 425 541 4 253 358 11 968 184 177 19 165 657 480 342 143 213 690 746 694 489 522 630 923 571 759 20 814 260 935 721 905 291 73 585 468 601 690 143 191 831 431 63 652 290 869 284 688 525 398 35 1 259 880 198 944 935 141 940 46 730 970 115 952 957 445 530 867 262 359 315 337 514 859 290 620 535 605 323 357 120 856 664 206 789 913 200 335 442 676 698 429 781 156 252 556 859 728 200 697 282 685 480 877 662 251 974 776 494 156 984 643 129 728 913 742 367 587 586 734 200 151 192 975 251 586 634 151 906 979 742 981 160 415 964 18 535 385 688 48 286 286 975 466 131 209 823 705 318 113 626 87 653 603 202 345 904 390 414 225 39 953 67 313 3 521 147 662 354 986 403 161 808 806 980 210 319 83 522 248 449 281 349 787 772 22 775 455 873 421 659 987 366 749 769 89 783 716 48 513 779 472 639 80 673 135 282 784 739 547 664 411 554 319 88 767 71 802 532 125 117 887 146 448 591 489 924 189 958 649 540 149 6 863 767 812 525 787 148 471 995 668 427 236 204 30 576 325 275 329 163 678 222 544 692 534 195 781 91 903 343 307 124 140 980 553 5 720 342 942 829 812 671 271 591 442 514 34 111 116 785 84 140 780 55 271 687 816 121 841 506 363 347 268 423 948 927 227 443 69 582 660 125 582 825 576 936 85 462 274 523 905 411 221 59 259 591 741 432 220 119 544 928 579 653 488 365 579 109 356 304 920 528 500 924 481 936 409 17 215 949 199 502 80 302 143 629 102 604 625 895 533 863 564 694 86 996 406 892 777 82 405 534 781 640 55 666 396 909 45 255 239 31 225 687 650 237 679 415 256 114 34 914 45 337 110 618 748 770 494 488 437 554 485 503 489 612 162 394 220 483 194 719 170 761 74 712 171 396 584 625 540 557 281 600 427 225 402 165 783 838 816 522 925 287 227 79 580 744 638 723 932 732 718 454 440 714 228 966 473 324 629 647 827 736 846 965 27 966
61
308 246 8 741 369 388 991 736 762 184 384 576 802 209 836 57 967 682 932 307 300 610 529 144 71 151 93 568 629 62 1 17 173 995 802 935 790 681 252 954 580 371 808 519 856 316 886 442 345 485 823 596 477 850 701 996 683 606 106 388 342
401
632 649 534 281 131 622 541 715 865 396 805 942 21 737 924 790 112 692 543 930 132 884 2 659 357 844 204 961 938 547 429 407 392 552 439 608 753 169 835 522 674 231 420 1 657 227 308 750 383 969 898 734 189 924 402 224 932 328 866 503 239 777 392 405 549 525 858 84 829 298 82 592 810 274 243 272 920 234 26 190 24 911 515 265 965 924 179 333 84 507 253 950 822 35 224 307 120 442 1 222 699 799 524 652 740 342 526 262 636 248 334 132 342 617 458 857 972 398 89 503 585 83 872 364 683 193 547 689 974 831 896 23 343 582 940 342 423 978 966 133 472 615 39 638 256 143 168 161 837 430 658 476 976 447 641 121 719 518 710 756 799 176 478 555 223 665 556 395 293 219 495 567 748 208 611 79 290 659 572 39 554 231 460 731 717 373 484 370 102 462 245 355 614 787 442 991 177 120 320 911 950 913 117 46 774 839 22 526 211 200 842 307 771 987 377 741 786 807 9 357 658 381 12 630 155 369 944 398 608 214 27 629 679 279 707 147 47 256 808 312 367 201 605 998 470 185 960 535 815 594 778 285 476 822 924 191 685 671 403 467 705 439 878 796 923 882 992 872 884 707 721 133 244 509 627 219 691 769 799 8 629 227 423 982 788 168 7 411 863 942 515 57 125 750 292 395 621 446 787 277 195 307 809 151 800 201 594 945 982 958 141 803 499 124 319 611 692 699 983 197 63 539 955 601 35 626 844 774 806 346 41 17 596 350 415 79 379 942 406 341 398 235 70 727 520 99 355 669 125 609 658 2 376 422 174 218 623 343 824 940 13 236 391 932 88 886 506 513 321 455 943 664 452 691 894 677 440 545 545 558 208 124 529 609 946 400 212 554 883 651 106 790 202 791 158 262 245 759 713 275 596
809
148 341 964 509 620 317 547 5 164 977 981 948 622 956 2 264 249 731 77 879 588 792 579 301 364 865 236 333 965 562 50 682 951 393 316 151 96 440 418 100 805 56 963 586 919 308 904 863 308 322 999 786 39 891 772 297 267 995 229 825 870 728 24 446 733 469 8 270 380 856 484 780 833 890 224 393 828 12 417 673 882 724 230 176 553 178 840 606 822 339 770 880 836 983 491 797 928 724 302 112 515 177 884 683 924 333 724 301 404 957 435 80 61 858 471 649 374 421 235 545 177 652 166 405 869 657 382 150 830 730 18 881 428 543 516 93 575 988 529 828 377 436 912 138 893 85 786 229 277 582 120 545 558 730 433 883 474 229 522 45 882 765 524 476 402 768 491 153 117 126 854 395 712 280 654 953 897 425 524 765 147 655 896 679 69 517 327 141 972 716 991 904 615 624 429 139 343 683 742 742 249 618 908 657 399 258 84 595 792 444 546 393 122 381 275 893 787 727 635 278 396 265 676 743 379 301 966 80 935 318 930 202 95 510 806 285 305 864 438 861 833 254 379 394 529 79 835 500 691 810 614 427 643 931 127 87 347 103 770 705 450 40 951 281 82 920 9 516 796 270 787 644 625 151 893 540 698 95 754 864 277 186 545 526 815 526 583 814 166 396 85 702 13 803 274 628 194 743 494 832 900 934 179 330 204 821 475 319 502 313 129 891 963 740 589 352 643 930 918 52 860 310 303 294 927 812 105 999 566 610 504 971 887 738 592 528 579 842 476 131 234 496 863 784 948 58 368 929 121 992 716 56 815 948 934 87 835 297 252 822 277 269 629 96 5 709 699 139 458 187 567 486 492 350 835 475 314 252 627 486 208 373 968 93 827 794 439 694 512 677 336 566 47 631 2 369 880 68 112 482 769 947 693 114 545 83 244 908 235 630 706 100 228 505 968 816 784 772 751 843 952 303 339 422 33 295 986 617 495 854 642 905 269 640 938 312 359 376 743 929 282 535 371 86 869 196 920 73 959 791 880 784 30 394 22 908 291 98 583 379 940 370 546 202 706 869 136 602 943 964 878 725 436 976 949 388 7 849 111 698 738 834 992 266 351 46 340 396 686 357 718 81 210 776 469 187 830 700 652 72 80 490 200 413 337 848 45 302 604 723 994 950 182 140 679 11 69 318 128 189 568 689 178 494 348 122 916 494 133 242 734 442 146 887 622 424 867 29 333 418 109 206 70 805 974 526 524 355 819 277 637 120 360 700 18 925 878 20 457 150 277 91 592 393 500 817 670 758 48 90 133 882 535 863 891 332 268 896 100 674 621 422 15 747 179 301 157 572 702 447 296 158 900 949 767 852 804 504 500 28 647 458 163 657 503 938 178 719 339 722 677 861 640 748 712 222 819 949 201 350 773 454 72 261 556 261 596 881 136 928 945 429 313 389 342 195 853 539 63 997 322 348 401 219 997 900 111 621 68 692 389 783 448 891 765 983 669 388 984 810 535 469 421 826 165 91 263 829 354 212 386 253 504 81 660 887 383 568 420 936 708 886 913 547 409 606 369 446 649 188 33 568 370 616 25 945 705 43 95 329 834 771 277 971 426 412 188 238 480 602 194 619 190 901 694 470 566 257 332 829 921 570 757 499 905 103 792 44 61 228 181 117 74 185 684 518 512 520 69 531 242 329 754 510 161 603 255 327 879 271 94 59 172 84 497 278 706 706 618 463 543 110 41 558 608 803 608 889 287 241 300 262 275 606 964 882 876 655 294 672 115 708 835 117 495 947 180 610 347 49 846 468 936 84 695 556 963 889 970 401 312 445 624 149 173 366 775 448 915
382
269 17 925 34 421 98 384 760 238 317 255 655 85 551 620 244 311 559 166 339 32 584 194 612 316 861 676 976 770 92 343 211 560 997 745 216 753 212 725 480 616 347 322 776 601 279 639 529 911 158 640 594 852 422 504 549 932 433 876 809 398 925 106 888 303 251 897 368 289 235 456 994 374 315 502 767 341 452 200 801 381 278 541 382 10 890 411 238 560 161 948 969 572 594 477 353 496 484 871 938 391 733 461 114 620 548 884 447 187 594 660 674 490 849 97 320 674 223 980 543 49 541 258 257 525 116 70 376 984 873 668 645 742 191 770 595 966 274 747 636 697 205 93 961 86 927 887 722 918 971 922 890 231 162 976 284 571 697 806 990 38 269 178 1 573 738 549 555 1000 751 3 81 148 65 32 72 857 400 24 915 275 11 373 797 293 843 874 187 205 469 890 562 701 648 248 277 85 556 731 66 27 441 454 974 691 993 887 879 400 310 383 530 714 100 686 385 815 919 848 241 128 111 139 880 840 977 750 145 978 585 24 454 936 279 655 64 962 769 378 726 230 410 432 539 597 190 230 479 557 584 197 969 965 886 857 94 415 489 144 140 879 924 374 600 307 378 837 52 339 473 398 662 648 285 476 132 517 499 742 534 377 840 291 111 891 524 935 59 626 159 209 188 688 413 275 47 725 567 30 22 179 197 86 349 824 114 416 928 665 288 997 98 626 93 809 259 397 835 486 17 149 469 665 783 796 98 18 502 172 829 436 487 833 545 19 695 226 713 181 45 707 967 245 299 10 990 831 107 899 687 26 437 126 812 709 782 688 601 76 478 967 901 198 550 643 190 969 441 942 617 13 587 119 672 683 931 623 667 883 161 200 363
754
416 320 241 179 641 464 242 528 963 88 896 640 502 76 29 877 287 762 992 402 560 512 431 77 170 714 16 100 104 169 356 422 328 359 777 404 705 200 90 176 961 842 511 171 639 494 879 512 929 699 740 865 901 786 901 822 40 136 471 686 146 852 629 943 736 76 778 320 696 357 562 760 100 547 344 178 812 312 904 28 485 850 213 79 776 364 386 14 678 763 945 474 259 609 98 249 146 122 587 844 980 495 473 983 739 801 259 30 496 844 379 125 82 612 745 553 793 406 829 3 472 869 103 794 152 758 580 821 402 19 641 174 762 488 922 379 691 660 702 276 953 229 520 376 388 913 222 418 450 16 483 520 611 966 990 723 437 558 351 993 820 337 570 218 45 345 685 973 453 663 406 12 597 552 531 536 450 559 460 260 854 491 614 765 344 162 546 270 230 201 820 506 207 658 116 104 713 397 696 536 435 646 595 421 746 668 618 219 669 31 405 62 423 909 634 672 731 242 808 185 954 247 411 489 1000 4 541 264 198 829 703 629 694 682 106 463 587 675 625 268 725 137 356 152 660 561 537 739 475 23 517 728 677 643 604 35 773 304 188 786 389 814 369 472 455 661 662 449 552 982 489 354 861 548 911 432 406 501 821 569 66 421 997 972 633 191 933 625 302 4 903 30 704 81 426 952 837 637 529 291 705 937 598 844 386 187 322 408 482 166 283 832 375 161 421 615 836 226 362 833 232 94 574 724 551 648 399 143 964 841 41 764 52 592 383 548 360 62 513 184 803 71 71 28 458 807 21 753 699 560 755 93 101 103 485 943 355 141 110 406 327 974 598 169 714 763 275 924 396 76 758 864 128 808 280 844 212 41 7 198 407 307 226 151 921 858 25 378 837 789 735 293 409 664 865 755 581 967 170 107 959 641 199 825 370 193 448 562 614 179 193 169 631 297 991 468 745 591 824 660 840 742 976 112 216 607 70 534 940 568 504 188 539 522 803 811 979 239 644 491 647 708 909 8 286 838 675 159 860 527 523 833 186 994 35 109 716 497 134 939 545 825 971 104 477 996 959 210 999 96 732 449 772 66 746 22 700 283 17 300 943 178 575 635 725 729 174 681 131 842 618 839 518 902 697 734 721 852 124 897 524 447 662 971 465 322 829 834 700 804 580 132 501 66 848 339 949 508 872 759 840 92 937 471 501 246 56 588 302 246 249 476 686 200 776 46 879 967 619 903 61 331 864 328 464 217 664 661 965 339 205 752 260 911 242 187 213 808 70 563 929 266 981 183 655 242 743 102 404 500 111 766 825 177 651 432 683 737 466 187 982 705 744 371 143 488 697 193 55 928 374 920 508 694 760 624 165 835 811 533 407 283 20 995 443 688 457 685 397 514 630 74 792 479 604 802 282 971 934 202 941 530 708 493 176 352 292 480 631 481 866 658 494 846 958 400 627 54 678 981 827 372 641 352 921 520 511 185 587 806 964 695 470 887 257 597 382 394 718 11 177 480 244 53 68 606 61 245 280 173 706 592 2 966 482 894 313 935 844 713 703 840 259 889 632 905 246 842 863 61 462 846 676 10 367 444 123 757 835 109 723 724 133 381 119 73 178 769 107 839 612 458 325 786 89 50 622 711 436 133 660 317 372 869 130 843 569 279 285 746 243 659 951 128 107 573 31 780 250 945 431 561 711 724 872 274 956 589 533 608 233 848 565 608
841
835 567 877 978 490 702 594 830 23 138 154 398 90 203 532 187 173 16 724 171 751 462 127 197 309 300 535 199 638 945 981 769 93 328 970 91 403 51 862 51 965 977 143 932 467 43 537 747 261 937 430 835 619 303 45 517 218 429 121 598 466 480 324 431 798 347 25 326 175 668 284 891 364 383 683 583 240 923 991 263 438 53 419 332 673 725 409 452 705 235 910 999 284 976 279 176 735 174 167 684 479 159 175 851 232 381 441 576 306 37 268 109 815 240 450 702 784 394 34 749 144 808 346 847 474 146 88 722 744 14 551 866 411 370 2 979 376 493 153 592 753 786 105 657 267 535 568 359 756 475 105 62 114 718 95 146 608 863 884 603 504 36 830 42 672 575 265 509 974 350 872 151 482 328 13 625 416 752 438 551 386 490 906 958 531 832 148 443 956 2 71 863 46 323 725 439 608 148 152 495 9 980 734 183 679 895 138 221 186 598 930 668 64 582 140 62 575 65 503 861 233 993 754 124 569 987 23 941 164 751 908 719 625 741 34 138 623 903 426 148 415 396 690 297 506 22 435 614 815 551 237 972 980 17 628 230 17 489 152 239 778 271 597 34 246 456 289 721 131 115 874 114 120 903 637 901 686 77 814 150 231 866 847 128 582 456 590 806 90 16 668 400 661 749 621 584 863 116 300 334 616 194 612 523 296 393 898 136 906 877 675 368 502 753 765 388 554 645 722 958 597 285 305 62 160 543 639 729 789 169 626 226 392 582 634 299 388 13 166 414 917 301 957 68 431 110 181 971 631 501 999 692 371 639 324 451 462 711 629 696 518 875 128 85 686 961 389 945 419 678 838 941 608 937 597 982 100 895 870 395 632 73 783 770 289 25 6 578 2 992 924 345 186 398 887 387 371 535 357 969 322 146 411 185 248 661 795 168 557 789 533 403 54 379 44 70 187 705 418 812 377 846 519 68 17 780 143 898 48 478 455 799 845 606 932 136 978 205 913 147 514 162 323 39 160 382 217 927 608 654 542 330 548 897 779 468 381 794 249 458 395 727 132 627 178 145 391 698 122 798 937 15 722 740 509 51 258 192 844 229 247 609 333 809 432 742 843 560 664 185 927 79 611 830 813 582 494 287 915 696 663 983 136 320 16 556 292 780 833 941 556 215 359 826 958 925 922 245 451 290 196 291 892 534 289 269 129 423 350 743 538 466 425 774 867 22 388 10 156 508 998 568 65 438 12 583 718 809 330 326 505 592 24 161 587 400 88 295 235 337 263 271 684 266 338 636 456 923 657 676 974 963 855 894 830 881 922 111 309 403 209 895 16 757 624 221 283 671 926 724 159 733 721 521 662 23 168 98 738 991 385 985 256 48 788 936 333 765 532 856 789 515 653 995 134 989 79 916 20 843 587 870 314 205 808 295 47 630 492 605 295 535 685 133 280 986 277 702 973 642 373 777 928 656 454 545 954 476 371 443 196 544 350 662 671 947 605 191 257 260 432 752 630 860 458 676 537 528 281 70 903 58 79 560 320 967 125 164 84 852 50 801 474 755 156 171 498 737 622 718 162 529 354 882 634 761 67 83 580 518 333 480 802 715 847 478 37 982 253 294 868 115 613 580 927 404 101 756 377 226 469 307 586 706 661 114 94 282 906 31 50 610 146 995 230 314 228 715 248 118 986 446 738 900 829 437 165 167 736 34 349 240 687 277 170 411 127 925 751 417 388 197 648 680 441 538 870 556 40 370 354 992 709 854 206 817 470 467 739 986 985 514 224 100 645 325 976 840 603 26 496 600 517 58 864 171 397 326 536 544 807 170 520 889 310 662 756 50 700 59 230 391 619 895 148 244 658 120 236 186 259 771 415 930 177 421 121 934 851 732 515 902 420 908 332 240 6 199 359 981 182
966
465 856 330 738 940 685 497 258 243 955 785 656 178 849 764 694 906 369 115 130 242 483 164 290 777 960 409 299 276 897 495 889 358 483 176 789 215 580 478 448 106 491 6 258 619 187 957 483 590 510 848 714 27 887 484 432 7 346 701 687 482 574 443 994 714 253 245 740 516 196 866 103 277 904 286 708 961 897 352 45 174 95 88 290 229 463 657 924 247 55 567 942 505 13 118 733 482 107 247 19 329 709 658 525 875 548 83 265 251 283 204 590 717 418 665 858 246 916 528 797 929 863 135 654 281 369 307 213 265 814 654 682 776 579 30 994 775 836 707 129 609 326 802 43 942 90 817 68 422 289 330 496 396 390 209 725 992 829 444 402 134 740 870 502 364 809 721 280 214 439 11 259 642 377 494 831 181 893 223 249 717 95 466 363 738 376 282 377 541 900 97 377 90 90 602 903 708 54 518 540 474 457 142 510 991 81 521 856 921 216 814 136 340 709 968 942 588 893 190 469 423 585 246 134 541 823 680 611 820 747 308 453 477 866 232 868 569 42 230 497 906 431 233 504 158 971 930 795 948 449 777 937 144 799 77 558 129 197 90 981 273 945 473 198 139 181 918 876 296 524 448 492 541 41 575 547 926 999 865 753 595 772 630 674 70 921 25 562 279 389 264 637 577 468 742 682 524 659 872 584 68 161 287 154 600 763 825 358 268 752 963 768 157 867 291 810 782 956 546 299 69 521 504 602 492 631 513 717 271 882 697 902 887 758 731 819 175 620 214 885 616 515 418 929 415 640 821 822 95 261 154 395 599 165 195 792 372 348 882 673 230 100 643 351 239 458 105 220 474 782 894 710 960 814 628 263 148 566 16 234 775 117 582 897 241 831 2 981 900 545 989 866 735 509 938 566 700 932 353 986 757 987 37 335 678 411 314 554 368 658 534 125 352 173 720 985 817 698 551 546 515 380 747 903 941 33 238 273 957 275 715 341 758 635 400 126 78 48 694 802 551 429 419 559 334 144 349 574 505 757 396 124 87 548 532 123 672 504 13 130 991 471 904 38 839 208 572 821 219 521 257 55 328 864 776 147 292 709 881 133 813 771 868 128 141 237 314 365 929 521 387 284 153 387 84 630 848 647 889 135 770 320 108 981 374 628 657 741 684 339 239 674 859 220 419 999 862 607 958 220 965 654 107 463 860 700 822 871 448 862 817 347 798 905 458 187 646 639 969 25 342 254 162 438 124 594 582 941 903 631 643 13 21 97 765 213 674 44 366 258 134 449 83 449 159 208 875 995 75 813 286 938 724 723 194 675 694 141 11 215 183 379 528 482 537 19 590 605 735 41 650 583 174 411 904 603 751 157 178 682 771 355 87 433 594 932 664 86 173 836 378 191 170 4 69 909 702 216 793 733 678 136 371 871 881 108 97 163 76 948 991 939 691 548 930 659 384 252 149 681 525 320 44 54 601 119 460 824 462 88 908 378 608 966 424 742 224 924 356 788 893 475 479 701 228 628 883 599 637 146 884 728 798 712 961 425 110 622 402 192 630 897 295 722 525 466 646 379 982 852 33 826 603 966 741 870 147 631 589 906 714 666 743 469 334 120 154 335 865 241 854 177 514 515 522 666 901 895 657 660 863 798 290 465 52 132 652 985 149 914 323 907 849 197 821 68 119 762 784 90 832 58 325 40 520 959 202 648 413 629 244 74 286 113 947 199 231 96 392 523 858 753 890 540 760 594 162 560 44 866 196 438 353 732 361 170 8 617 798 789 97 5 425 83 130 755 883 732 606 662 69 636 570 970 965 123 872 281 611 448 73 516 144 694 904 302 160 747 527 211 905 103 755 78 917 520 826 393 440 955 534 926 388 782 664 158 758 65 627 580 215 359 567 687 583 512 547 634 704 820 809 109 29 964 628 867 527 363 274 676 285 837 824 166 891 669 762 889 79 598 120 986 624 136 822 910 609 566 971 978 478 356 919 605 835 522 639 510 782 385 419 833 207 258 121 823 602 243 518 521 121 68 329 484 739 822 968 380 279 762 255 271 4 403 252 2 499 236 244 58 152 6 101 715 516 574 91 8 992 250 416 165 524 30 732 595 656 839 293 348 52 709 142 930 485 235 669 711 197 881 548 737 545 737 610 953 354 918 1 790 918 280 996 861 347 982 823 404 225 142 760 114 273 473 222 9
895
976 336 574 775 35 644 18 116 542 186 599 441 292 134 695 798 364 157 972 559 770 216 990 410 667 798 127 800 611 546 508 622 268 508 935 419 838 5 505 535 998 871 329 812 54 623 323 351 313 823 363 316 333 912 730 749 151 144 788 400 500 318 396 801 59 95 5 358 736 684 903 656 821 377 537 979 128 832 935 100 162 697 490 248 631 48 932 957 521 478 996 779 107 802 986 112 559 516 357 452 878 309 870 107 627 545 67 652 969 942 280 789 420 684 899 696 613 840 15 409 761 746 10 630 218 98 875 622 970 886 278 105 619 789 189 830 391 249 827 296 955 280 733 71 152 916 203 611 734 588 616 546 676 289 639 532 804 651 539 138 605 359 308 973 941 258 80 779 808 938 610 602 982 709 123 914 385 325 859 502 648 816 190 243 934 821 388 905 624 533 470 369 92 154 842 169 739 233 383 741 802 664 642 131 56 177 598 440 851 434 671 395 1 351 205 709 455 76 228 760 541 352 381 267 854 274 42 540 818 734 462 599 178 37 564 518 262 60 321 116 618 468 887 859 36 372 405 584 78 37 9 247 304 307 987 125 551 598 926 209 868 799 844 556 910 219 737 446 525 694 203 915 72 496 892 22 97 595 784 827 218 355 645 563 879 416 712 574 267 35 624 101 190 340 42 95 948 213 988 920 663 251 785 421 881 889 462 52 609 356 384 319 744 201 761 375 129 604 873 29 655 679 342 885 861 899 907 594 687 964 161 82 717 877 588 845 111 158 90 548 313 95 858 974 859 413 478 790 259 162 436 667 611 12 125 65 892 872 985 127 659 874 482 707 720 694 722 117 141 705 406 508 773 366 87 18 312 33 670 25 499 661 252 678 901 193 46 175 507 249 988 979 737 947 664 817 493 393 38 160 427 39 378 54 442 65 368 590 644 270 928 854 129 804 634 357 260 718 466 201 591 906 29 290 109 271 820 596 492 596 127 383 897 402 844 236 234 396 78 725 925 504 654 476 585 335 294 766 981 360 96 716 29 647 107 450 567 191 208 792 866 294 827 926 173 224 805 366 54 387 405 169 222 36 794 16 459 86 716 401 11 895 578 807 89 224 716 656 581 671 83 170 802 215 355 876 42 436 173 904 692 669 322 915 481 747 51 679 879 569 289 924 885 297 420 414 8 947 846 362 757 409 379 5 414 472 152 307 156 246 504 383 133 421 95 631 567 990 315 384 540 386 34 969 284 595 364 653 800 336 261 648 135 903 485 497 545 120 832 896 325 947 458 707 434 537 577 380 130 953 871 593 650 575 636 966 144 188 755 370 328 738 362 971 92 810 765 303 283 512 680 633 873 392 36 526 205 905 916 316 968 871 461 722 422 213 139 207 899 965 207 455 909 955 394 956 248 308 683 142 767 780 590 606 430 588 382 426 385 501 29 851 955 870 617 223 698 731 834 919 630 469 646 872 497 349 551 286 217 44 980 219 92 989 154 340 122 974 25 630 366 612 731 868 799 996 586 837 874 364 281 436 812 199 250 986 976 721 65 20 673 423 248 119 298 260 677 141 375 951 223 656 267 298 156 976 584 716 204 278 11 344 597 136 110 774 993 552 34 949 424 179 167 362 663 96 151 686 637 886 635 63 493 223 974 24 198 117 736 29 954 669 290 897 15 552 784 69 103 364 208 530 172 757 39 977 218 962 184 278 155 686 480 553 734 680 137 864 208 594 84 764 79 189 892 913 397 21 26 728 279 468 52 705 241 749 507 767 89 60 41 986 537 757 307 202 730 354 781 119 563 7 417 369 251 443 110 865 40 855 57 683 654 11 229 206 154 172 156 603 753 485 932 21 873 800 214 735 273 672 945 694 585 452 550 90 684 150 473 299 620 894 256 360 419 131 37 695 753 460 732 265 632 348 75 908 865 104 489 133 457 319 108 485 752 154 911 852 99 524 287 206 326 282 725 890 294 508 784 88 644 680 519 16 613 892 631 351 234 260 912 810 549 274 371 436 39 496 512 195 349 901 248 240 321
952
467 104 94 764 924 709 211 484 598 374 548 149 442 135 77 219 528 704 53 617 253 99 532 674 683 237 166 669 379 204 456 218 227 842 136 356 522 758 836 614 561 169 994 796 353 422 854 919 267 244 696 560 183 349 443 550 517 557 393 409 323 552 453 953 446 185 488 361 725 281 59 466 649 28 613 662 629 228 871 654 844 975 276 610 414 353 710 680 560 146 561 195 374 711 588 834 144 677 900 909 897 543 912 890 290 441 393 861 569 613 647 916 967 285 124 350 307 454 575 368 774 316 517 314 356 372 456 833 137 783 12 909 779 952 390 626 28 70 63 42 495 823 647 871 37 690 685 242 118 970 779 195 227 314 110 702 120 290 857 327 983 837 750 309 861 53 792 887 486 84 495 991 38 668 81 240 157 95 630 573 919 955 819 622 810 165 557 646 80 21 114 846 797 972 999 245 672 975 463 739 887 795 354 716 460 512 571 609 696 658 807 441 433 149 275 231 258 113 833 462 349 147 407 731 854 870 480 752 323 713 47 258 62 655 934 308 420 62 961 349 484 917 156 94 17 783 669 468 562 358 393 89 566 408 170 219 82 558 227 179 38 959 1 591 393 389 374 740 51 964 463 187 306 497 56 741 568 980 400 463 361 813 692 891 790 619 832 571 835 263 431 269 88 1 584 183 697 997 383 842 989 33 485 202 431 420 822 84 379 825 400 963 498 311 964 803 792 810 866 298 835 354 401 601 74 963 954 691 392 313 813 285 587 254 186 80 863 500 7 221 484 701 739 514 191 408 817 735 146 66 156 644 38 999 290 317 232 202 562 97 60 949 24 613 128 459 319 760 496 638 431 752 363 476 10 595 705 765 733 377 818 271 10 164 981 747 852 560 965 590 689 847 580 771 304 980 416 821 624 302 359 173 733 273 942 948 940 407 441 320 523 397 456 20 501 339 787 471 338 169 651 206 848 496 630 225 557 930 851 942 674 188 833 923 952 515 34 741 104 53 107 86 965 584 268 807 92 960 464 312 893 119 453 255 75 395 484 671 431 562 679 35 172 439 972 384 685 343 984 26 912 603 922 765 363 537 66 734 825 603 132 955 509 478 79 198 824 716 518 828 641 362 267 886 974 652 474 334 170 628 505 935 754 698 186 956 514 424 194 632 865 530 175 692 774 218 91 544 756 1 550 19 152 895 80 908 94 606 302 447 734 241 927 923 207 617 372 222 21 323 401 486 839 633 519 712 42 746 434 829 203 130 51 835 498 949 579 595 721 168 525 342 923 753 61 510 76 906 327 198 162 162 504 565 927 239 232 306 632 903 417 794 570 869 760 852 793 945 769 188 761 949 348 555 674 625 814 355 157 608 428 81 326 516 186 201 902 448 227 840 905 451 490 301 900 621 448 51 425 823 215 867 937 83 473 717 991 641 740 918 155 944 231 38 672 929 84 354 128 34 147 796 651 956 75 394 446 10 792 355 301 472 5 56 481 907 877 810 110 907 620 678 62 531 960 702 471 609 301 513 576 231 664 938 261 554 6 765 118 38 606 313 489 440 419 692 132 829 11 476 420 37 933 260 466 111 259 294 69 840 300 993 184 530 328 110 662 888 229 463 248 244 966 535 96 231 667 724 324 178 590 190 301 271 13 613 31 135 459 618 835 241 629 724 362 607 202 157 779 462 980 936 875 265 456 208 498 123 515 927 31 589 284 204 662 325 236 598 276 133 392 193 865 931 594 975 280 345 213 287 880 583 304 178 879 436 898 188 578 940 855 430 307 90 494 287 313 806 253 45 337 601 584 772 593 570 758 160 627 741 225 941 982 37 362 447 406 790 539 865 1 115 931 819 918 405 670 42 893 14 131 284 186 803 629 897 957 484 594 994 715 943 432 147 332 844 814 64 24 16 771 876 212 50 373 829 790 496 576 186 634 529 984 873 197 989 237 496 158 857 739 185 47 154 167 723 693 811 605 368 508 306 193 642 811 20 718 186 859 607 675 345 901 853 620 833 985 312 553 108 26 43 585 360 353 145 487 601 750 787 762 66 690 658 954 845 220 638 694 652 860 473 350 370 73 879 678 364 215 708 302 151 168 809 378 100 827 593 636 21 407 275 554 715 9 434 529 52 469 344 871 27 715 443 9 924 420 4 775 394 446 817
230
570 302 377 544 363 769 312 840 23 954 612 819 390 981 364 701 422 914 691 674 645 527 661 729 768 386 47 735 143 444 915 421 256 6 882 852 434 580 27 267 749 297 698 459 541 785 6 38 598 922 642 99 721 663 576 931 918 509 262 268 106 371 365 268 159 483 560 230 233 126 872 432 851 817 548 286 203 126 725 387 337 822 955 999 260 43 659 8 711 676 891 426 532 195 845 117 101 263 370 494 182 490 793 4 377 232 786 953 688 432 368 328 390 327 320 838 809 782 344 117 87 331 332 289 587 561 636 828 153 337 367 703 733 569 184 921 258 166 846 133 975 339 973 354 747 95 635 583 292 470 778 960 669 498 667 35 360 608 654 344 149 185 116 567 972 433 412 616 272 357 82 88 856 756 310 578 447 371 981 786 404 150 907 318 956 916 33 712 302 417 123 696 686 609 379 147 951 970 96 194 107 38 857 497 878 965 234 173 361 719 576 963 385 87 799 206 888 837 626 484 140 503 705 48 252 672 31 539 911 812
419
457 705 718 53 776 529 593 477 474 579 305 692 843 139 231 90 866 235 865 686 373 983 901 57 38 599 533 301 394 364 870 911 649 633 668 359 371 546 514 262 972 282 28 367 540 611 688 586 33 745 871 777 748 971 759 417 173 802 323 20 710 279 513 519 414 602 632 445 33 16 373 641 986 980 203 727 141 538 431 699 471 90 64 213 515 572 933 123 542 929 150 338 604 609 364 337 562 764 476 974 379 33 609 214 178 958 368 512 846 595 814 81 435 455 941 922 808 210 953 87 37 890 980 270 684 732 187 940 415 155 357 644 524 347 482 818 501 602 701 304 156 129 162 904 639 687 303 224 247 872 929 641 273 618 417 591 476 311 970 222 415 623 44 191 470 618 704 319 551 514 102 914 782 415 189 391 467 73 528 424 320 50 159 514 449 37 655 136 12 624 251 208 59 507 270 992 541 269 170 692 981 854 180 435 403 518 68 733 806 932 666 255 550 39 498 250 874 884 112 492 529 376 898 323 466 88 626 137 149 453 239 342 518 397 69 94 626 526 706 280 123 976 483 28 788 999 345 416 906 465 99 644 646 145 867 241 589 608 883 561 870 6 846 663 77 594 354 477 541 78 45 117 753 390 964 283 547 828 819 820 226 912 112 49 419 566 714 915 840 885 675 295 928 189 479 378 377 117 834 542 217 310 969 234 851 188 922 563 91 966 640 418 136 667 474 38 40 754 354 876 124 262 155 113 974 512 331 637 256 77 343 956 84 815 257 2 952 48 801 429 963 695 104 140 205 784 973 3 9 850 169 517 917 366 579 147 878 93 985 539 104 865 286 948 265 387 750 79 532 940 674 95 329 688 319 518 128 227 619 419 116 967 221 299 390 765 816 865 366 184 553 406 611 392 903 465 793 855 946 204 635 881 817 67 422 236 932 93 485 264 955 191 805 460 723 609 97 804 683
793
375 693 813 644 513 169 458 725 844 293 949 298 291 229 576 390 207 114 146 129 950 128 638 737 112 721 733 741 501 988 271 926 741 326 261 945 436 986 225 81 345 608 35 757 817 388 859 308 724 589 990 873 51 483 21 410 217 44 975 809 709 113 878 834 855 612 661 90 639 182 655 12 420 680 735 970 346 12 752 874 502 114 326 378 171 156 301 896 611 624 793 101 836 831 894 799 60 503 204 693 23 115 195 399 150 486 853 786 584 609 504 457 55 215 587 28 330 183 331 866 899 998 157 976 333 115 60 86 964 498 581 268 739 735 68 353 737 789 145 770 764 556 278 467 972 297 40 200 233 678 364 482 927 337 325 13 982 301 816 325 353 693 606 8 32 680 879 948 576 8 320 910 30 123 920 880 198 631 93 512 209 807 72 523 288 560 952 926 873 372 379 591 166 163 112 180 534 514 210 990 899 743 271 916 231 99 369 449 196 927 783 54 153 897 710 685 289 933 717 258 988 152 366 683 69 953 314 757 352 958 724 721 954 370 265 151 11 301 937 896 289 50 500 476 298 149 130 5 888 175 244 639 886 928 799 51 206 846 741 899 975 311 521 354 920 751 267 999 662 214 621 876 961 709 395 600 26 12 78 378 689 620 400 587 544 594 878 43 930 764 801 204 569 82 493 585 889 953 203 738 824 809 814 652 890 973 901 368 311 992 901 216 511 794 288 181 650 605 415 68 514 967 63 622 16 119 381 388 773 517 578 366 962 946 973 260 442 187 522 174 322 735 747 926 36 366 380 714 50 979 540 607 688 968 194 531 941 63 461 999 120 548 909 866 899 467 963 588 812 34 611 675 86 979 306 240 35 800 630 153 341 100 89 285 448 975 12 141 360 792 814 962 113 617 246 971 35 590 82 941 669 976 887 732 903 372 581 867 300 563 573 108 481 543 565 598 131 85 902 245 168 865 776 871 847 795 480 688 188 738 384 137 960 9 712 582 450 435 40 150 355 536 387 578 705 30 606 51 674 142 838 927 151 950 586 864 33 909 926 400 849 332 925 571 911 999 287 21 852 943 805 863 598 687 623 381 174 556 976 110 59 142 759 664 568 680 640 953 617 662 953 470 791 421 195 194 416 477 703 507 881 656 455 945 956 551 501 147 56 182 310 896 617 731 712 280 303 312 1 208 738 334 350 672 200 687 500 566 392 214 274 863 60 124 496 441 204 990 912 540 411 665 311 142 576 93 716 302 669 758 729 259 52 432 11 651 933 651 508 799 906 615 665 823 627 255 280 896 279 828 796 575 829 837 549 22 186 971 503 389 827 571 991 904 442 107 586 866 37 988 912 72 567 464 247 965 575 691 802 622 656 782 538 163 12 249 9 862 601 327 220 582 420 894 480 261 733 945 818 285 696 785 476 962 359 430 334 496 214 945 15 587 284 61 502 469 945 690 745 433 437 16 137 30 137 657 546 722 43 269 648 230 951 763 209 780 311 811 848 197 499 455 106 801 342 997 74 455 526 566 502 675 920 728 710 109 816 937 543 845 346 755 371 215 552 396 273 43 242 128 808 899 855 732 302 972 374 343 630 416 781 244 790 390 215 673 945 958 925 728 383 198 537 349 609 16 97 148 521 997 275 1000 100 368 853 405 212 811 264 662 734 812 294 254 888 621 272 255 496 340 512 162 481 380 943 805 362 96 554 859 766 699 556 276 575 290 971 381 191 590 673 688 407 103 688 348 72 910 688 681 574 638 878 101 115 387 749 642 560 861 967 451 235 104 687 389 954 545 991 110 56 988 426
136
268 104 213 120 809 303 327 505 893 473 943 763 3 885 108 961 899 285 199 458 266 491 592 768 477 34 855 838 789 817 105 362 619 873 186 851 6 360 388 790 370 100 612 605 641 599 428 756 467 579 70 983 640 669 792 495 263 985 782 862 57 310 213 907 280 444 622 174 308 551 107 59 472 627 449 736 804 282 643 379 613 608 793 637 339 884 76 182 602 345 123 884 758 165 32 552 109 812 540 651 483 314 264 656 935 624 395 774 243 727 645 989 133 173 673 481 542 264 684 252 837 190 662 468 368 781 27 318 444 657 97 189 44 241 960 884
110
467 997 414 631 195 941 141 658 520 194 772 702 698 442 13 549 209 763 107 307 203 317 956 34 739 402 955 955 483 507 702 739 19 857 685 832 846 561 141 459 562 422 253 250 600 619 344 95 788 554 549 254 72 777 450 16 580 236 612 580 187 644 382 773 593 503 181 761 813 666 423 514 17 243 436 356 991 19 877 509 759 641 772 477 682 913 511 961 28 155 709 825 861 746 899 804 945 78 756 818 666 936 147 470 365 507 680 212 27 371
795
14 378 892 60 488 916 273 523 198 27 530 571 167 812 651 970 458 651 656 815 322 634 34 500 789 200 347 900 297 960 310 445 74 42 963 102 276 618 23 953 152 397 190 949 587 644 710 246 126 249 229 325 961 529 614 418 23 564 754 782 255 928 727 64 667 572 867 704 695 461 729 330 224 93 67 634 96 134 438 667 294 462 706 848 807 788 712 489 381 317 960 325 808 792 790 183 292 90 516 713 821 965 397 14 976 388 652 851 737 447 645 1000 384 684 712 848 122 761 980 998 431 241 527 905 349 181 49 130 25 356 197 784 401 281 572 249 666 720 86 682 31 779 900 171 937 946 399 926 354 366 967 242 106 872 285 246 416 648 380 379 611 135 965 453 951 540 632 25 579 138 783 564 337 334 779 959 980 750 567 960 174 728 951 658 355 600 391 593 683 571 692 188 612 607 316 443 245 121 402 937 496 203 700 977 670 618 655 346 196 318 477 890 132 435 68 49 696 205 386 289 372 391 771 64 925 834 387 520 363 634 539 418 904 791 789 126 490 6 775 941 607 440 180 755 800 943 974 443 958 648 110 187 889 560 749 685 533 975 162 469 579 722 739 11 687 788 898 861 362 394 721 43 513 376 387 580 803 957 307 6 75 984 801 305 219 353 13 969 343 459 180 532 616 419 269 958 149 792 328 849 785 650 689 692 800 486 447 158 951 672 278 606 206 880 265 206 24 299 580 329 765 376 955 775 976 205 312 507 291 249 980 457 813 967 227 94 281 739 251 843 151 836 214 864 969 331 494 681 742 952 523 207 375 933 1 166 270 860 385 164 848 849 581 863 764 320 235 892 784 640 3 920 867 476 424 279 159 455 361 628 131 778 700 675 653 775 250 970 474 716 75 329 648 12 986 509 347 11 395 984 472 777 374 966 106 846 247 12 969 733 943 857 313 966 80 754 198 56 13 914 799 68 827 350 271 898 514 821 980 490 196 874 7 963 88 222 398 140 714 252 398 181 955 573 209 727 297 921 475 12 851 685 965 578 633 284 977 452 784 243 800 607 615 808 10 593 988 468 25 508 736 879 222 440 879 278 421 535 220 138 611 282 359 626 496 840 778 530 26 174 515 926 42 753 951 517 47 620 200 763 718 326 786 492 72 734 521 492 77 209 106 357 184 599 571 199 676 126 384 9 337 409 56 701 28 190 731 42 885 340 516 842 187 877 556 260 785 604 600 251 350 664 380 500 977 188 907 614 555 836 483 107 876 845 11 676 80 580 253 245 837 939 911 701 416 628 796 596 72 489 44 603 854 379 609 279 960 606 921 137 957 78 695 123 107 97 774 420 39 263 252 642 121 617 850 94 842 516 739 790 489 281 789 358 322 329 289 213 155 790 919 680 614 176 164 313 62 101 855 882 171 194 158 498 489 324 489 845 337 685 532 852 479 935 429 254 341 577 336 522 797 562 747 581 822 306 173 265 926 103 944 412 794 76 612 352 828 29 44 97 20 487 716 482 743 910 626 838 745 41 565 528 464 511 860 972 675 590 406 554 493 751 148 43 894 724 777 502 969 115 303 666 960 579 700 599 259 505 111 984 737 845 851 694 628 937 871 941 888 533 652 137 751 202 409 220 82 152 540 416 173 966 100 207 458 625 622 925 616 255 109 733 498 182 631 715 4 688 223 419 37 652 692 167 449 50 807 161 414 72 434 920 142 539 236 823 521 464 274 598 643 409 907 6 277 340 873 700 654 512 544 338 783 121 868 4 517 697 923 130 190 812 101 982 779 578 868 821 362 115 950 872 793 964 766
500
984 651 125 12 15 178 863 663 706 641 350 596 667 27 600 361 221 889 378 284 296 343 631 380 221 943 232 999 61 854 1000 786 34 932 807 117 457 103 228 320 554 855 690 925 44 935 396 746 228 660 247 629 370 379 824 805 175 720 160 537 92 152 485 505 708 32 266 393 973 89 349 999 473 467 179 843 93 548 84 198 273 897 895 580 281 909 690 155 67 258 621 367 316 734 896 886 310 290 267 545 194 408 831 59 760 151 832 688 305 601 168 257 299 550 289 613 575 906 141 66 349 403 242 158 788 814 551 749 179 122 670 957 144 545 882 303 239 552 326 268 595 695 793 456 623 960 558 893 673 619 490 821 557 848 182 985 718 151 189 585 134 631 341 667 780 708 509 199 41 856 11 767 828 22 111 74 888 162 667 520 658 414 465 537 715 562 285 327 166 818 171 740 615 769 157 945 162 503 482 281 353 822 845 448 724 930 630 901 512 393 169 42 672 431 677 42 476 592 661 70 15 734 847 857 37 726 229 389 461 367 542 221 427 468 562 361 373 702 141 580 196 740 938 380 529 827 180 15 663 421 529 303 130 765 712 630 24 160 849 956 401 250 397 246 512 37 450 963 216 584 548 952 861 874 580 263 107 247 769 86 180 367 32 507 18 324 245 835 873 892 561 157 200 923 795 407 97 645 998 31 925 22 674 754 923 542 589 914 80 52 427 374 435 14 821 688 645 386 643 691 365 790 622 196 63 390 487 275 836 482 680 323 749 265 236 810 199 163 738 281 842 192 341 284 348 892 105 734 235 151 229 887 608 886 993 482 339 126 525 32 42 476 21 366 136 549 320 106 118 97 654 919 538 4 488 859 626 609 896 37 155 846 747 722 290 618 98 661 74 305 715 124 790 506 953 236 442 771 153 460 39 566 179 192 451 27 206 728 167 981 852 467 674 47 321 513 245 995 886 195 988 263 858 758 141 483 332 365 487 494 620 68 346 142 876 513 338 980 203 462 684 572 654 536 509 604 655 998 270 112 406 631 956 342 428 710 273 710 864 124 573 754 884 597 533 752 714 879 773 246 443 548 883 480 703 995 67 612 30 260 584 627 936 782 222 147 165 632 205 553 80 451 649 92 35 652 386 302 589 399
398
502 272 881 558 428 87 118 462 369 149 653 103 729 112 640 723 38 201 790 261 770 461 999 170 307 587 596 173 428 510 136 832 806 718 604 443 806 687 508 305 377 533 815 24 268 410 792 560 124 631 944 377 760 632 358 825 2 455 284 911 745 444 295 12 52 467 28 793 972 993 313 764 614 485 519 177 930 459 305 690 554 313 738 86 297 60 950 744 680 648 364 983 353 535 974 33 282 934 335 257 251 45 353 428 744 717 796 185 852 441 566 206 879 243 723 939 890 599 50 332 856 288 51 184 759 217 74 42 157 834 311 24 498 112 237 246 144 44 786 73 864 767 223 543 224 643 10 691 955 697 212 600 725 36 233 521 407 571 554 850 376 425 616 933 118 59 642 757 609 204 898 405 19 315 99 865 889 434 570 297 246 273 271 62 453 374 330 825 248 503 969 946 83 545 358 277 448 57 436 409 675 869 845 478 302 820 336 575 931 301 369 813 786 828 264 31 188 247 192 444 188 10 72 839 175 704 88 795 114 770 952 843 307 87 514 483 952 417 73 534 758 427 658 534 220 121 255 782 947 879 559 461 988 202 315 514 834 722 916 833 672 122 800 19 498 827 908 991 827 30 462 674 411 941 344 83 690 43 456 155 654 15 464 151 271 811 76 288 565 599 594 200 352 201 968 288 310 386 82 713 232 518 614 862 366 929 588 390 446 186 408 536 373 124 980 43 158 159 774 597 82 203 781 509 402 499 905 451 784 235 858 540 653 213 934 413 26 465 881 616 572 166 432 470 10 206 460 588 691 956 100 822 71 918 582 12 679 332 25 705 568 357 467 955 212 422 50 258 30 72 778 56 346 565 572 532 494 983 159 739 832 854 943 166 412 61 3 819 50 687 114 898 275 748 556 373 996 800
599
336 456 870 231 336 763 570 674 45 629 511 413 524 936 70 760 234 303 492 79 112 64 447 101 768 101 176 80 81 772 982 900 911 96 475 824 589 841 54 587 920 233 571 938 628 346 790 628 82 502 13 809 217 155 936 606 910 173 739 877 988 676 84 743 596 962 792 371 292 873 104 664 571 624 610 540 554 165 612 322 138 690 698 88 517 792 13 936 178 465 314 696 948 115 441 698 687 258 193 683 138 157 154 985 742 505 654 167 944 133 770 25 568 61 149 589 654 957 125 543 150 627 824 576 427 671 920 931 947 832 454 98 521 918 382 201 209 982 37 329 796 686 878 605 168 634 377 244 621 718 286 73 374 767 308 648 49 394 743 113 292 12 349 725 879 226 382 277 803 692 724 364 845 212 414 841 968 789 106 678 801 323 533 455 101 828 84 69 739 254 966 856 890 12 950 32 577 490 206 674 805 707 674 181 388 309 503 403 116 517 298 52 546 876 585 138 760 126 932 459 835 96 777 978 97 262 320 201 763 585 753 673 972 606 719 590 95 701 536 902 13 529 31 388 905 642 384 165 358 67 144 189 351 521 333 578 490 813 633 354 661 372 803 590 332 304 296 207 124 643 74 350 587 904 1000 884 57 927 710 974 202 353 457 869 679 362 984 515 385 568 624 714 234 129 844 785 705 96 355 462 845 13 572 318 678 929 897 308 583 761 222 572 482 74 629 49 229 486 880 162 391 762 471 764 951 877 645 541 129 319 371 886 445 576 239 35 477 952 705 987 934 959 604 727 951 270 47 857 634 465 345 627 199 146 203 581 241 279 992 725 511 902 826 762 900 266 627 977 27 756 936 384 71 820 504 366 398 31 419 64 194 816 158 80 18 563 466 285 710 290 602 893 69 662 655 610 48 813 602 817 163 916 748 253 180 909 388 721 644 430 778 196 314 3 675 516 603 953 643 632 620 380 182 554 373 404 764 770 987 708 613 812 543 106 231 765 175 941 218 673 192 117 167 673 530 63 432 972 961 318 646 427 844 416 111 560 817 194 553 275 655 834 700 187 288 261 290 859 551 285 627 572 977 236 423 51 963 956 34 330 146 805 255 695 418 536 72 289 209 284 162 637 347 368 467 517 448 620 745 965 971 314 496 310 175 604 811 612 354 776 808 326 382 226 437 345 925 411 435 724 318 932 853 621 747 782 638 268 305 500 820 541 228 571 181 62 936 281 541 187 733 418 863 96 691 658 682 631 823 53 5 999 250 239 34 574 799 915 669 480 867 268 300 361 92 639 495 640 476 19 193 796 318 955 786 115 895 257 189 124 610 136 54 52 292 876 257 304 232 615 150 283 557 299 42 464 952 557 789
793
542 988 688 704 538 902 191 168 192 675 76 215 727 522 31 719 194 313 19 271 349 684 346 881 470 360 911 632 437 903 981 902 728 68 490 836 818 475 345 636 576 778 744 802 324 4 965 891 364 780 464 554 578 352 771 611 98 577 295 488 359 84 293 779 75 649 437 523 125 438 997 569 346 470 962 284 455 228 466 256 279 720 252 471 280 351 325 561 733 838 373 50 161 558 4 314 432 338 804 372 181 163 411 635 627 323 311 451 810 349 851 664 916 743 323 621 132 152 585 697 465 323 454 377 306 451 336 296 162 634 707 160 440 747 894 463 920 302 104 537 656 840 698 126 540 779 439 689 400 870 285 61 32 135 806 46 970 733 469 733 216 985 125 62 83 433 131 496 27 46 983 457 690 340 353 818 32 779 70 497 256 541 248 672 954 1 542 158 272 365 122 869 985 469 847 852 813 706 704 349 395 108 477 825 230 930 852 332 576 994 28 98 878 336 383 531 65 960 723 929 207 139 654 127 393 217 472 882 491 342 722 284 501 18 761 966 377 865 35 885 155 447 99 208 25 776 28 627 897 236 96 87 942 796 626 233 829 690 404 970 546 859 203 261 519 599 1000 970 725 266 722 271 582 507 573 906 602 614 738 855 252 128 199 1000 702 966 533 159 388 251 576 196 65 837 976 854 31 168 484 285 92 441 695 938 791 262 412 678 528 548 896 294 910 156 838 826 74 314 934 689 555 679 321 547 36 555 143 939 438 41 520 571 595 733 867 334 986 443 469 300 812 918 117 172 900 293 423 307 622 822 836 852 707 518 371 511 567 617 706 655 896 855 977 25 554 443 375 364 518 925 185 171 990 330 396 910 139 490 792 880 307 255 606 675 709 460 337 972 496 64 287 899 535 657 365 710 408 213 279 382 453 683 543 322 183 128 649 298 140 538 377 629 153 544 682 28 942 781 141 374 510 788 648 403 387 74 204 573 970 63 884 898 937 187 884 496 835 272 665 687 796 976 135 394 160 203 889 58 642 576 99 707 460 378 29 205 73 790 810 175 662 903 362 841 726 229 171 260 993 329 443 424 5 791 886 305 326 862 673 598 295 272 228 284 578 504 179 749 917 784 737 186 105 293 666 271 873 57 160 742 194 985 983 652 899 33 312 903 28 988 853 778 342 738 146 300 120 684 18 667 851 938 66 298 339 192 142 312 984 548 446 994 642 595 212 685 139 486 361 394 810 462 698 677 354 1 679 58 804 87 482 854 886 944 405 776 774 840 959 352 841 792 43 289 61 294 756 984 839 979 480 388 561 950 363 781 491 137 430 64 55 787 340 220 432 115 754 576 723 663 265 707 837 707 946 89 832 682 550 855 712 443 316 55 180 865 363 539 657 102 389 373 383 931 255 853 892 859 130 743 111 643 783 429 922 619 528 274 623 72 567 557 935 124 651 600 639 554 505 251 288 311 942 989 258 673 131 831 184 705 698 496 86 193 981 668 335 601 774 487 230 67 14 591 217 887 539 626 35 184 808 246 437 685 623 791 950 207 616 189 645 672 235 139 77 477 706 749 286 81 97 791 704 195 145 755 933 977 57 935 387 566 904 852 232 771 625 65 83 703 233 95 981 40 537 902 768 502 681 132 171 988 400 166 377 351 740 864 381 393 423 34 222 61 912 83 497 883 407 690 66 752 141 963 52 698 681 174 596 162 947 324 999 941 958 471 353 94 487 940 42 992 992 630 725 516 894 856 220 670 800 445 258 850 155 834 904 3 708 31 732 261 196 88 496 668 620 133 516 941 87 210 12
103
443 40 299 404 816 470 148 543 866 340 708 698 284 284 859 33 966 716 221 19 176 598 452 923 214 940 943 236 434 589 828 577 585 489 532 216 752 59 287 114 951 662 777 498 720 894 912 420 778 196 530 726 952 841 295 510 519 889 78 165 643 760 962 990 140 68 266 96 955 820 45 210 111 70 575 777 237 468 322 998 577 875 350 282 503 846 219 104 238 146 637 870 928 278 349 526 493 314 514 77 600 122 259
45
462 415 882 677 584 168 666 26 9 789 377 622 816 693 178 89 11 746 209 823 371 676 352 659 132 115 26 896 961 650 186 284 827 333 927 646 827 772 178 315 528 603 313 498 355
997
376 887 110 350 233 432 513 107 479 74 61 344 474 924 156 224 340 90 168 52 987 355 398 126 333 532 694 175 956 563 845 204 116 497 670 524 591 85 123 385 442 595 912 110 585 38 542 197 870 83 19 978 302 15 526 598 294 150 812 742 515 439 817 48 17 689 445 81 173 72 30 638 426 653 869 968 795 597 534 435 369 349 297 572 852 461 424 982 189 163 578 748 298 653 328 505 573 624 541 972 578 397 340 4 302 675 489 800 666 466 465 315 152 267 735 595 42 274 935 612 54 488 461 510 96 885 760 678 415 393 771 948 442 679 832 52 109 205 472 106 536 484 278 12 107 127 169 482 284 737 214 502 365 902 825 419 898 723 24 199 87 816 808 953 806 927 167 974 277 262 289 549 447 397 563 759 234 425 596 384 527 350 43 599 576 59 721 288 696 541 792 950 959 958 282 553 88 681 591 75 717 790 214 447 864 184 313 29 489 178 114 985 245 541 124 357 675 988 868 445 292 920 850 107 712 464 191 947 672 410 286 108 900 329 278 648 114 737 802 13 700 731 670 281 491 954 639 485 206 440 925 931 969 860 801 496 476 63 348 974 549 563 240 168 69 954 328 199 274 982 307 310 659 698 663 354 690 795 563 718 563 135 2 36 404 537 217 233 803 471 181 776 75 393 204 632 683 544 515 59 536 494 488 980 28 120 89 470 363 1 966 4 707 140 637 621 888 522 319 146 307 721 176 398 176 817 205 8 664 599 102 980 454 569 782 154 744 873 152 365 842 185 44 291 385 830 771 191 281 276 946 825 567 127 754 977 917 259 672 464 892 950 805 49 774 600 935 661 477 821 46 892 384 542 165 721 779 660 147 64 110 322 669 571 707 644 377 117 652 977 963 434 543 22 573 562 465 408 757 585 547 731 785 940 466 899 535 186 873 412 857 710 487 936 907 304 687 32 579 854 508 276 202 797 200 186 38 538 475 558 557 540 210 272 68 619 73 436 546 639 635 831 171 483 715 428 161 578 802 629 489 754 412 759 653 573 22 42 170 817 433 709 207 706 389 921 782 375 382 850 466 866 850 855 970 444 599 171 555 903 78 224 615 419 710 626 389 581 524 63 685 332 903 560 642 205 385 890 264 326 541 776 355 878 303 893 56 815 369 856 615 872 330 636 923 153 935 473 40 16 811 233 123 950 399 156 197 109 647 869 657 169 646 987 135 324 149 466 745 43 506 167 939 89 101 349 899 396 534 187 639 256 759 503 933 945 334 720 152 939 745 329 570 662 212 763 301 82 457 418 666 349 491 407 547 965 99 187 595 326 198 642 10 745 124 178 630 189 210 169 411 999 503 811 698 21 621 828 12 98 14 334 132 19 615 638 739 797 299 495 253 982 915 831 312 106 155 862 170 263 872 677 59 84 262 499 211 30 786 232 654 506 252 56 476 918 538 887 699 486 825 625 901 219 534 768 276 495 999 745 311 756 924 693 562 84 167 437 101 517 929 832 940 138 980 531 118 710 722 330 726 214 545 726 741 424 294 327 788 23 747 13 619 702 522 79 717 386 845 548 423 165 304 764 761 343 929 403 414 774 320 298 328 708 662 999 654 260 525 875 852 132 987 804 514 857 876 287 590 724 342 538 15 571 806 420 903 438 534 232 688 923 117 234 721 475 766 130 256 883 161 88 840 443 830 679 822 578 21 543 837 225 180 672 309 675 57 234 311 593 986 646 598 586 874 720 592 25 320 822 858 371 112 295 801 506 178 776 645 224 561 20 376 665 425 692 977 295 985 846 780 854 667 853 491 458 790 803 558 817 49 640 636 626 457 17 454 100 67 113 837 608 262 527 558 40 210 588 174 445 979 129 223 310 304 331 246 322 634 2 238 281 298 82 792 546 621 984 439 44 33 658 491 771 1 108 444 295 75 669 509 742 429 81 247 21 224 755 778 300 540 489 126 120 570 5 865 647 2 744 315 857 618 618 462 603 91 34 38 897 112 941 25 878 338 322 752 459 84 623 877 795 538 341 301 615 437 460 717 557 813 358 893 457 81 489 85 258 360 453 315 228 875 822 884 458 512 291 549 49 57 750 272 73 655 289 677 52 202 865 885 719 494 253 55 888 172 220 940 518 47 334 558 765 982 955 198 569 971 312 112 160 221 830 375 539 421 994 461 504 296 725 133 844 850 44 258 482 792 176 126 465 834 606 557 994 716 349 718 611 503 761 933 559 194 564 127 903 503 841 522 773 204 239 93 604 413
762
658 783 116 729 679 136 333 165 382 979 861 194 690 952 12 605 88 101 802 73 80 699 231 568 876 761 966 829 457 181 747 15 652 19 306 6 326 121 467 361 711 998 375 226 379 173 536 536 453 20 78 10 617 577 321 554 624 800 366 733 859 810 745 195 260 527 721 602 26 679 645 291 366 128 451 141 188 226 677 334 553 684 28 811 513 27 814 860 914 585 234 743 118 493 458 284 875 288 558 82 370 638 805 808 949 895 175 123 438 142 383 180 316 458 196 152 34 230 599 589 904 308 324 898 648 385 726 405 826 936 806 455 576 623 554 784 864 874 920 300 931 241 382 488 252 609 607 566 757 403 454 950 906 579 718 772 447 894 816 687 536 493 212 694 752 551 733 453 485 445 961 4 704 552 238 813 785 20 420 263 105 187 587 435 193 414 763 207 811 125 530 64 91 232 97 813 99 700 357 502 585 8 477 786 564 133 873 666 634 255 829 921 961 518 390 759 871 880 318 310 331 277 554 469 366 12 27 646 517 669 486 956 24 286 97 860 125 910 770 350 784 802 746 966 290 195 758 949 568 205 805 579 345 192 515 291 789 701 424 621 236 704 872 823 220 771 204 31 199 96 994 229 942 15 369 475 379 137 54 465 117 656 772 443 91 335 461 870 187 78 980 124 194 54 773 299 890 582 995 72 934 678 206 21 913 884 154 196 642 103 679 273 158 347 890 76 825 491 582 756 322 472 642 892 803 496 934 712 958 625 86 240 621 895 455 96 983 811 908 343 496 110 829 28 402 784 216 303 965 133 846 44 938 173 493 229 155 510 42 289 832 995 240 359 606 669 315 828 438 104 739 957 662 266 687 703 359 662 336 745 333 536 544 154 939 303 772 651 416 568 753 434 476 690 708 334 316 354 382 483 170 461 209 879 443 291 804 365 722 555 834 420 444 359 616 369 340 175 68 40 643 854 12 75 157 434 37 129 755 176 527 338 964 645 240 392 97 159 55 812 958 87 680 28 104 46 66 377 938 340 144 750 979 98 812 567 588 629 24 578 520 405 572 339 957 567 385 839 495 135 704 680 793 698 412 180 568 148 889 526 900 675 606 757 793 11 406 645 811 498 280 222 605 864 307 932 505 946 46 766 53 682 276 875 350 549 27 20 207 833 744 862 319 202 378 9 694 60 463 167 764 112 659 995 54 170 651 782 740 914 101 141 645 419 152 466 375 757 807 353 112 975 738 736 699 541 607 919 369 92 976 391 884 46 274 489 547 579 95 105 40 429 232 100 204 100 245 300 845 379 232 125 392 708 886 30 492 238 464 161 599 333 330 570 871 199 304 543 552 230 198 259 672 178 248 207 290 127 558 985 251 274 877 89 298 43 83 817 215 911 644 517 287 42 961 628 472 102 576 515 621 975 905 187 257 91 681 714 181 90 26 862 111 764 573 6 778 829 603 766 354 773 328 797 712 729 376 692 93 366 927 238 572 400 625 86 114 30 890 710 983 5 740 463 235 593 949 156 474 741 591 223 149 201 891 911 2 864 326 959 447 690 892 310 715 244 93 844 333 135 338 66 176 561 27 382 4 219 710 298 439 748 515 552 136 944 11 859 625 987 495 67 803 658 445 388 665 135 712 310 847 299 488 266 522 814 242 111 822 799 975 270 499 371 402 508 293 260 909 377 288 816 316 226 279 300 587 738 409 350 596 913 834 175 279 703 4 785 668 930 649 868
390
615 695 729 134 206 309 797 812 825 402 839 871 795 766 409 994 321 415 14 381 902 511 520 770 804 854 314 754 665 138 673 600 711 700 155 382 385 127 770 664 531 888 92 674 296 331 156 407 406 375 576 138 225 263 198 92 724 268 63 830 326 451 103 881 30 57 168 987 767 128 992 879 624 622 251 482 5 950 40 97 829 280 236 588 272 909 898 436 872 209 474 157 233 381 844 77 712 462 574 190 376 125 103 747 480 158 403 389 828 515 670 46 374 305 936 777 591 867 488 860 623 877 623 108 262 869 723 473 982 638 357 417 297 483 824 348 411 554 903 685 325 691 438 837 426 211 127 890 900 429 788 321 90 56 617 476 649 927 960 402 632 493 206 895 493 134 152 677 268 58 13 930 378 799 133 319 263 169 663 520 69 490 518 187 326 313 489 758 797 53 124 703 497 354 976 920 935 753 847 968 442 160 570 887 135 729 784 285 734 942 726 337 907 840 976 787 556 377 43 674 663 669 564 709 49 407 434 780 94 938 258 488 510 416 798 136 303 23 203 168 32 907 862 958 174 853 894 918 381 543 819 632 853 47 434 674 662 214 441 221 634 177 446 332 381 843 678 218 876 939 235 302 51 542 162 158 385 314 667 922 682 514 682 744 59 531 434 318 225 941 865 46 725 550 535 816 627 125 584 965 841 757 843 989 544 800 109 171 562 347 740 231 892 299 846 696 640 599 909 102 634 493 323 222 211 218 933 218 479 493 454 1000 633 868 626 885 619 13 166 906 655 947 166 680 373 20 314 902 1 733 763 833 174 254 446 709 715 488 700 450 970 439 710 682 405 526 395 149 612 959 735 189 960 227 729 542 879 629 430 659 761 148 518 251 856 913 235 891 860 852
521
366 180 606 584 657 992 270 228 20 724 700 519 129 521 544 855 460 509 834 895 710 779 640 458 758 456 988 469 789 993 642 612 390 565 582 903 772 428 802 993 815 946 281 931 595 211 819 293 99 171 519 876 891 207 800 677 42 852 562 697 439 289 952 442 39 384 43 299 22 244 621 232 958 489 686 411 239 684 543 137 371 825 816 957 234 886 343 53 913 773 45 264 199 794 249 197 27 801 840 493 860 524 579 300 578 691 258 171 541 42 372 932 891 983 748 31 916 679 836 684 11 157 289 581 98 240 476 858 43 643 767 999 394 643 765 914 622 84 788 143 883 336 268 77 712 565 96 140 585 136 500 349 81 878 310 641 821 85 395 944 615 27 183 929 309 859 380 152 230 64 466 377 600 382 880 258 224 542 645 422 737 274 353 416 710 858 760 789 730 667 41 123 669 817 827 568 720 116 450 879 637 871 186 885 341 849 692 580 626 114 197 44 964 7 387 36 471 800 534 429 165 500 731 611 430 478 295 279 154 600 502 340 42 73 345 925 580 494 249 275 5 339 59 180 314 776 440 1000 901 297 135 626 763 261 511 298 667 300 701 724 595 632 625 747 83 802 664 567 307 388 466 413 426 244 161 166 740 613 425 721 197 578 41 236 960 240 164 896 660 66 928 274 583 344 279 1 115 818 911 236 130 364 985 927 188 344 730 522 922 831 977 850 718 953 249 215 243 332 869 52 671 627 105 931 118 730 211 63 34 894 352 580 426 674 635 506 343 917 743 418 447 275 316 527 602 837 870 464 347 412 926 422 115 588 839 759 936 863 919 776 804 508 299 230 663 136 515 979 549 68 515 277 604 937 784 221 298 12 861 652 646 338 452 386 406 556 540 591 469 718 300 306 419 664 406 167 900 752 91 354 581 789 148 45 946 53 705 43 746 442 48 708 571 368 589 840 199 37 196 497 274 773 259 994 698 744 979 433 643 449 203 276 940 561 340 61 788 718 416 540 330 379 454 852 369 919 9 457 510 25 493 645 175 826 465 242 907 187 330 459 73 649 759 461 378 679 612 651 401 944 215 246 350 324 282 404 182 34 550 277 897 313 400 593 472 179 197 550 161 114 896 356 956 912 450 388 712 408 59 842 776 229 559 298 455 627 803 902 925 184 633 3 942 257 181 365 549 524 194 907 317
482
388 600 804 468 39 995 52 892 355 397 397 149 545 245 493 687 922 445 37 729 316 353 212 807 891 201 939 155 85 807 780 12 503 389 169 94 934 47 833 488 357 85 486 790 878 237 595 542 233 558 291 843 495 907 304 1 929 774 949 882 904 787 592 443 848 985 444 757 592 847 648 873 83 269 770 909 67 959 14 635 295 666 479 106 674 139 822 207 315 709 91 514 615 384 586 883 7 984 942 998 774 242 66 176 540 964 307 35 587 974 819 418 606 436 524 336 980 548 305 426 377 158 933 785 330 503 489 917 538 800 917 377 161 630 985 348 71 556 577 613 451 190 725 833 837 96 614 20 201 683 884 100 977 813 521 993 554 565 339 356 315 299 720 26 250 330 671 740 628 725 598 750 459 683 51 555 840 877 740 394 234 162 886 198 144 985 597 760 155 357 228 217 694 89 131 340 875 689 61 225 864 337 179 101 835 175 713 96 834 509 647 176 692 778 977 550 515 514 98 526 749 716 428 490 797 806 369 55 896 871 693 844 9 236 878 516 951 909 71 468 56 289 599 817 42 588 684 598 896 789 545 396 494 246 726 902 389 60 661 197 529 973 16 10 801 117 319 419 223 395 710 876 640 383 301 349 340 598 214 376 445 732 841 697 46 969 645 382 689 232 286 207 909 768 189 346 301 52 320 534 433 7 306 136 295 577 471 974 368 401 441 323 719 938 397 402 764 545 438 588 939 312 205 534 546 302 72 172 379 490 736 219 888 106 791 93 720 488 803 909 828 641 397 655 34 170 624 635 439 878 802 824 440 848 740 346 55 254 404 175 316 107 847 518 23 977 175 457 559 939 396 248 203 610 354 558 827 413 695 979 168 315 538 804 945 543 832 770 819 727 880 594 619 442 344 60 10 270 953 984 453 946 799 902 659 569 407 101 645 567 845 12 320 267 869 261 514 859 35 807 312 936 863 388 632 466 738 987 4 983 704 71 593 858 998 367 689 959 151 405 279 178 201 54 407 870 733 999 177 856 516 136 41 962 823 965 853 93 913 221 967 854 12 396 46 271 599 219 382 984 249 394 768 13 407 516 967 621 701 461 677 412
53
593 3 536 494 630 436 993 169 105 934 885 3 791 167 81 564 674 468 405 591 235 105 197 16 572 815 62 728 848 84 809 796 432 266 857 335 522 640 763 120 431 196 514 587 457 233 825 996 644 241 818 280 349
21
794 760 817 945 225 544 454 519 30 15 426 348 774 393 281 494 605 964 85 383 457
691
754 688 290 670 362 593 427 788 152 183 884 968 504 667 980 971 962 384 705 56 843 502 381 347 76 181 600 292 490 754 184 169 454 112 216 133 48 351 304 524 53 498 705 220 701 53 336 346 182 586 352 887 91 171 493 942 107 574 314 631 247 128 604 604 94 512 465 905 938 146 662 68 81 392 493 141 313 821 216 940 511 748 531 629 278 93 318 53 53 367 897 111 912 122 591 897 889 307 704 507 706 472 580 185 309 986 179 575 907 599 112 323 108 963 791 578 145 868 386 222 766 448 120 801 485 238 257 811 831 743 424 548 687 562 906 120 617 384 355 19 362 727 321 694 418 620 12 96 192 582 390 956 293 206 482 466 273 844 43 608 65 781 643 480 245 499 22 20 150 743 162 163 622 285 665 469 747 27 689 469 162 10 173 61 546 441 95 667 325 960 366 50 376 154 299 308 640 924 596 307 924 120 896 401 84 945 784 154 146 874 32 969 421 270 515 521 486 178 366 548 556 94 959 719 218 962 91 298 6 535 337 661 460 346 1000 667 740 275 97 276 935 957 904 525 219 927 877 550 607 716 230 895 927 321 15 510 743 492 561 776 910 721 58 235 239 814 828 521 994 241 453 108 213 748 837 644 813 379 493 230 42 985 531 703 559 948 89 379 934 605 850 683 615 931 9 267 530 178 380 263 5 791 536 148 280 858 452 259 287 204 925 583 454 831 805 227 207 4 905 92 780 240 683 949 359 947 232 896 675 442 246 814 564 72 353 830 829 34 255 29 668 767 388 442 412 359 650 474 257 639 572 701 378 259 739 980 227 885 949 844 831 929 480 507 992 233 902 523 521 68 170 586 458 305 500 637 977 184 791 730 157 989 177 609 143 530 377 305 808 681 851 143 624 999 87 430 970 265 616 154 411 361 485 437 385 421 979 105 302 654 539 250 813 174 809 50 42 23 371 812 707 344 375 649 642 526 496 692 299 883 328 118 431 863 616 419 451 336 678 245 608 869 347 774 390 409 212 287 224 708 865 552 138 964 672 595 731 931 458 569 510 647 699 943 989 554 856 589 417 96 587 242 577 26 188 339 902 609 235 540 683 335 476 520 590 947 124 160 546 376 643 963 540 335 813 231 909 709 302 469 492 817 719 29 704 190 153 15 979 611 375 240 155 544 929 403 442 626 367 757 13 251 926 837 21 16 383 724 995 912 69 3 525 176 420 602 115 239 140 56 945 790 989 214 448 681 814 734 202 413 316 72 83 810 832 50 631 379 679 944 487 523 372 261 62 952 914 738 694 233 441 843 503 374 725 763 58 358 803 539 16 121 362 349 22 593 241 557 183 386 11 178 410 211 912 833 113 272 479 126 635 528 400 497 529 635 404 980 106 657 488 743 187 235 11 851 97 109 209 523 912 56 858 752 129 346 409 686 205 719 258 151 952 411 19 202 536 215 158 343 652 659 129 371 355 373 754 756 513 152 544 362 307 204 536 126 175 944 268 871 165 527 266 22 113 698 20 995 56 655 182 408 664 95 714 352 804 952 498 919 116 783 100 580 648 933 390 245 213 24 555
556
863 322 423 227 63 368 454 374 952 540 890 28 586 880 866 521 886 310 445 451 952 538 190 554 358 494 988 924 240 826 368 410 748 102 979 250 796 747 908 492 489 166 113 559 863 199 573 509 573 689 176 600 482 878 329 985 466 190 574 649 326 962 309 612 917 3 236 547 996 140 243 859 710 11 813 538 262 873 380 760 123 960 746 525 491 731 572 766 653 858 652 862 594 172 949 230 744 505 975 765 912 193 52 369 95 519 266 670 871 149 470 964 331 317 764 852 472 294 542 928 594 893 88 956 96 655 303 490 335 230 39 987 683 727 856 266 148 329 32 589 906 545 356 399 61 38 238 957 589 411 674 635 835 18 333 413 958 279 117 997 37 513 867 798 252 150 630 121 494 28 188 36 145 250 439 107 807 570 820 474 707 502 656 691 540 389 841 215 824 325 2 468 39 439 433 679 591 616 76 588 568 166 818 837 931 733 222 226 414 195 828 349 770 588 160 470 395 931 233 569 524 141 483 863 994 730 772 871 226 45 656 989 930 25 182 64 978 34 300 416 43 504 282 756 339 298 2 200 46 984 894 602 738 626 940 383 712 807 601 704 113 208 977 115 559 768 89 108 130 134 550 667 226 178 162 722 478 417 484 399 349 705 833 861 329 318 407 255 176 532 359 749 4 858 472 936 196 960 993 142 619 874 470 76 392 672 910 678 320 799 203 127 183 921 37 269 80 234 702 785 110 606 207 870 588 943 64 807 431 209 799 761 854 209 583 380 515 807 699 55 542 113 892 275 263 546 884 51 541 361 354 215 182 881 824 655 643 20 895 928 688 289 974 916 956 221 114 373 716 144 72 810 420 578 213 304 484 471 996 483 644 769 334 350 103 594 310 684 18 171 241 837 235 220 404 315 172 371 947 574 613 577 594 424 228 43 391 190 194 641 167 926 588 371 816 831 806 97 310 452 390 594 505 456 20 172 969 950 877 816 46 140 222 82 556 670 601 154 205 706 247 648 493 148 916 879 887 623 848 77 108 43 801 56 366 202 895 972 746 988 887 786 106 45 1 340 113 219 687 622 437 132 131 954 79 356 157 135 741 895 57 382 235 80 957 215 165 307 941 581 166 995 166 881 601 818 393 169 546 551 546 737 695 392 530 487 683 98 165 313 778 863 735 499 809 616 108 988 328 734 600 894 10 833 480 357 522 427 303 870 774 942 857 757 800 992 189 988 465 755 827 155 737 504 461 279 347 198 565 581 77 936 795 260 354 345
163
479 485 807 307 142 717 305 421 141 474 508 845 822 367 190 427 482 901 754 899 283 738 794 949 702 330 527 347 413 866 280 381 474 906 887 978 655 801 939 766 49 27 581 455 325 752 707 872 641 645 939 871 631 502 867 627 755 81 231 931 132 475 611 884 647 345 837 803 642 419 590 576 874 27 314 752 536 198 682 283 142 399 957 527 209 59 42 472 774 546 179 14 69 89 591 651 980 145 484 846 711 483 288 644 974 317 256 209 799 745 900 194 293 393 725 384 541 275 184 751 27 52 321 764 893 91 322 702 166 977 218 968 327 670 527 967 688 816 215 830 145 471 642 465 407 255 62 212 897 810 59 755 986 42 210 480 988 709 73 289 652 800 120
594
703 617 395 951 377 288 573 682 791 839 273 733 475 492 455 829 680 165 605 90 404 321 129 376 380 842 658 353 652 722 763 636 300 436 809 975 207 392 996 559 241 346 583 956 460 669 567 439 430 171 154 637 310 592 946 551 340 806 868 153 187 619 768 895 346 452 892 779 978 120 537 372 227 291 601 547 82 847 677 716 456 232 689 112 217 467 605 623 794 866 973 500 716 943 645 563 943 699 669 918 230 132 320 770 536 241 448 801 725 256 723 183 772 729 316 657 737 267 705 866 314 963 650 436 478 267 706 596 223 142 316 932 29 295 185 878 424 820 154 705 795 686 585 354 879 765 896 552 329 706 901 190 817 839 389 806 802 156 179 781 212 390 885 235 679 317 644 757 266 983 950 362 117 866 648 718 48 139 153 670 578 716 319 175 96 475 844 763 262 945 988 762 568 116 179 372 812 816 672 735 442 248 774 987 492 421 553 339 688 563 689 761 991 728 559 874 593 75 582 760 777 666 227 612 531 11 451 706 386 297 517 186 732 227 389 725 123 334 560 852 622 559 872 277 887 561 115 991 853 896 511 115 961 621 319 232 720 183 266 603 272 620 971 782 468 869 844 663 367 929 338 438 88 784 19 198 927 282 792 338 956 658 543 583 26 349 364 215 609 369 752 189 442 238 571 774 968 647 890 345 554 817 894 756 306 617 438 686 263 109 193 987 201 732 416 548 364 387 497 847 817 359 582 400 983 612 870 853 266 933 252 756 895 297 621 608 65 873 15 531 56 944 799 428 530 45 295 389 633 298 895 982 156 923 66 410 447 125 634 859 361 9 472 430 749 237 705 737 677 958 15 377 329 224 779 500 500 369 877 428 839 541 117 778 287 883 289 937 201 652 730 297 441 291 506 407 250 388 551 986 748 56 213 224 468 767 590 649 54 342 132 979 982 944 296 558 152 483 491 637 628 988 403 419 370 987 965 666 990 537 80 294 757 665 986 659 980 894 37 20 945 796 127 166 328 233 677 483 67 505 186 672 992 683 803 288 901 925 905 112 794 916 254 258 392 833 30 138 712 817 570 692 685 561 812 799 246 815 475 140 325 866 184 66 949 586 794 654 254 757 382 997 12 146 153 128 841 160 805 85 18 660 270 134 924 738 633 919 88 13 700 284 854 10 494 730 481 773 754 660 399 952 868 306 579 692 207 169 414 610 89 872 928 726 662 348 823 12 895 780 52 829 399 478 840 148 645 91 492 741 455 286 63 545 216 135 850 990 782 335 416 506 176 191 510 755 466 88 946 781 779 809 251 394 689 635 537 341 384 80 567 742 631 900 37 590 430 41 416 936 271 204 907 82
433
748 151 213 978 918 698 741 589 796 973 534 448 920 242 881 153 670 532 42 815 351 820 270 302 680 802 834 440 645 734 327 379 478 268 297 265 354 466 542 777 37 774 84 611 205 943 340 494 460 812 362 870 193 401 722 679 613 949 729 971 824 750 267 881 355 231 126 35 370 62 99 479 140 497 695 186 712 224 280 230 434 903 15 968 717 886 566 152 177 131 670 112 769 206 928 100 660 387 47 168 607 946 308 145 275 496 56 615 574 408 2 662 172 60 839 858 319 521 245 858 935 426 649 518 183 221 386 80 243 256 853 344 122 59 65 208 426 514 732 216 869 256 536 535 649 613 699 19 158 827 856 691 558 496 977 423 851 795 788 791 301 896 416 501 392 42 52 986 226 39 589 354 671 883 712 463 473 867 48 333 581 56 883 768 280 361 260 177 365 456 513 981 835 314 788 756 927 318 722 205 886 360 44 771 931 294 104 883 287 795 37 843 545 954 413 141 964 39 163 887 833 561 281 596 472 60 666 548 40 632 692 261 347 910 569 19 416 302 516 756 388 857 293 790 764 9 226 895 885 467 63 25 715 666 235 49 515 841 955 468 574 222 539 440 110 815 414 803 381 198 917 408 534 357 59 482 967 63 740 872 500 661 474 928 32 544 976 193 308 502 282 597 624 383 342 550 207 427 484 242 637 649 450 77 58 429 622 375 270 855 17 364 820 880 574 805 374 924 739 155 414 673 249 867 453 545 770 161 999 416 146 668 373 273 901 959 816 550 578 126 887 662 759 211 289 258 191 272 273 355 425 423 113 538 787 466 410 12 269 632 98 167 840 178 748 301 786 605 99 501 763 670 115 748 372 591 730 736 65 182 277 95 402 54 496 77 310 348 234 712 604 419 22 372 540 536 367 605 667 46 70 150 70 354 363 968 746 765 867 438 259 418 803 161 342 482 747 705 231 574 451 8 371 177 47 22 538 206 534 60 410 236 952
942
502 84 662 993 836 926 89 238 283 113 673 186 293 408 47 324 298 415 260 701 394 618 570 501 339 58 590 185 620 780 246 289 978 760 374 150 613 179 345 300 577 905 935 382 887 415 897 741 671 577 513 605 972 604 281 187 685 313 485 330 390 927 227 248 539 857 464 744 652 458 161 534 645 431 513 93 707 232 135 581 73 661 162 431 445 3 94 936 804 781 88 299 302 722 851 80 591 509 5 738 689 761 149 140 897 938 424 996 32 970 59 197 270 501 566 597 425 439 536 938 723 721 323 305 770 720 704 190 712 222 415 124 990 908 22 115 846 888 766 971 549 545 796 677 163 161 24 412 607 214 499 139 47 276 678 137 898 156 900 549 870 944 540 590 7 398 886 626 167 931 620 147 35 9 167 223 615 812 3 900 78 471 308 150 582 298 98 934 382 535 984 199 617 50 606 629 526 24 591 945 762 755 314 122 601 894 647 615 751 492 225 999 711 905 893 932 495 721 902 76 889 700 674 613 809 805 673 45 935 993 299 972 389 792 48 430 162 20 992 79 70 574 909 969 288 342 922 105 916 718 76 360 581 493 216 164 260 347 163 14 439 308 607 870 406 174 162 598 328 46 393 375 675 367 473 303 132 63 867 33 20 119 680 353 753 732 847 818 475 908 287 774 587 670 954 944 293 996 300 168 559 391 11 462 625 335 66 553 285 568 869 952 240 123 891 683 400 399 781 37 158 69 428 517 887 701 638 726 389 226 233 769 654 613 330 294 642 30 205 175 666 710 781 330 641 108 758 137 14 701 972 721 982 699 273 948 176 399 211 826 776 939 192 321 122 329 102 905 964 929 458 623 266 289 788 490 580 564 257 928 748 942 901 886 270 233 87 926 453 923 559 670 797 833 293 250 540 352 556 892 252 368 223 116 684 484 234 5 800 721 34 315 637 247 180 934 899 186 186 229 726 971 686 58 759 883 389 721 399 162 105 168 871 980 743 277 101 963 105 261 788 61 166 836 521 363 763 72 968 26 250 93 770 85 182 529 646 778 135 614 832 723 187 517 458 176 8 740 961 193 204 705 827 905 468 933 142 576 353 843 539 78 207 648 728 803 329 802 30 433 670 313 612 448 629 378 22 426 365 665 950 963 762 364 473 845 915 40 883 40 713 428 460 720 955 355 615 14 171 146 52 199 17 9 975 982 937 917 886 721 954 638 231 570 882 417 410 948 410 352 953 950 699 181 362 654 778 513 989 730 234 668 192 414 909 713 994 644 316 478 746 621 663 714 725 236 616 590 911 874 134 909 578 798 90 816 20 65 200 930 847 860 825 58 921 479 943 170 452 332 813 821 927 951 620 805 846 851 38 789 432 598 544 34 916 822 251 587 664 696 548 244 948 67 194 880 883 941 699 592 155 499 157 219 975 805 349 438 883 60 172 647 351 945 239 685 662 690 271 456 623 226 81 865 441 442 631 726 669 909 93 126 409 195 163 997 461 843 82 175 128 821 936 981 113 108 754 401 807 94 648 2 409 597 862 134 601 376 50 407 555 520 417 770 161 501 986 508 936 939 296 382 875 917 53 10 736 248 537 442 373 391 257 499 430 84 555 863 354 973 467 490 597 381 153 3 447 936 944 234 285 277 843 567 345 783 657 748 212 728 371 135 454 26 80 490 640 352 145 186 931 402 875 987 490 169 764 365 48 45 256 520 872 862 297 598 731 337 930 115 185 423 821 521 180 327 244 688 843 41 979 723 712 372 24 460 218 772 994 921 422 521 157 351 555 259 810 497 927 670 12 955 302 450 615 233 761 531 351 531 308 822 724 490 564 27 766 624 490 725 26 316 609 315 21 940 845 259 88 205 80 27 348 838 171 141 116 350 611 338 639 906 271 691 516 186 138 665 564 206 646 814 284 558 875 817 979 135 692 30 105 863 680 751 559 986 449 315 582 484 745 486 46 625 891 63 175 729 757 267 821 87 19 256 345 422 184 760 456 101 588 156 649 794 713 527 855 249 833 996 822 981 39 694 319 147 734 442 972 172 496 967 768 34 955 684 817 617 363 804 184 787 358 468 50 145 353 698 692 461 684 3 163 767 499 3 981 266 176 242 236 722 272 347 844 315 146 527 512 218 36 642
97
734 445 845 523 417 726 153 382 955 353 111 299 986 332 874 105 486 860 549 1 438 245 6 737 434 53 671 497 473 204 944 483 321 182 321 758 909 212 952 43 937 602 176 132 814 31 253 377 659 856 692 748 887 584 969 239 652 928 739 870 596 217 304 364 87 38 150 709 348 568 392 563 926 490 958 32 873 367 933 866 87 431 973 903 825 989 527 772 437 14 292 737 800 589 122 362 14
869
275 172 299 27 536 124 281 724 223 344 471 603 826 64 191 669 312 508 464 586 319 110 59 947 190 598 268 399 221 452 434 73 24 528 753 269 141 25 657 82 508 968 263 143 505 201 772 818 119 181 5 309 249 498 797 666 71 903 120 416 542 880 964 973 319 307 908 365 405 646 341 307 368 90 145 778 139 298 830 954 443 178 958 314 980 830 555 277 175 788 863 5 712 203 291 407 317 87 423 142 971 409 267 794 545 73 778 464 299 392 972 577 42 826 939 785 658 800 240 634 578 109 988 921 159 590 971 510 22 506 574 452 312 578 906 820 597 262 101 683 325 239 569 562 907 417 451 274 584 51 555 176 696 560 822 43 682 454 19 186 667 636 21 167 706 411 969 685 333 846 122 947 361 232 979 249 640 890 71 658 154 971 435 804 480 826 564 70 764 589 401 202 899 299 39 165 986 854 613 581 289 327 877 90 694 911 579 609 211 267 939 999 312 699 405 158 444 446 13 201 937 657 941 392 816 212 375 424 522 352 62 842 653 644 451 822 513 841 560 545 600 394 829 910 469 169 893 283 942 757 448 266 534 994 206 283 156 192 774 550 198 277 701 224 444 823 290 863 942 394 760 842 623 153 364 966 970 393 952 446 623 126 232 402 500 879 130 211 798 354 857 740 30 728 176 61 132 445 462 160 939 344 128 916 71 660 258 668 577 973 264 475 766 944 341 261 882 281 992 277 293 546 143 943 899 250 412 940 150 603 633 960 492 591 229 981 838 261 239 949 339 644 529 30 520 270 595 672 762 549 919 622 245 615 862 90 795 179 554 656 801 955 232 117 518 604 111 866 572 40 744 955 671 824 434 380 743 812 137 998 666 552 37 968 434 308 320 427 431 285 126 803 124 365 300 390 908 961 504 716 176 376 818 27 946 853 953 644 337 815 193 890 521 32 491 805 271 584 968 150 347 746 671 691 593 192 272 795 300 298 189 332 195 305 127 174 440 110 878 466 735 299 597 447 684 462 680 244 259 768 142 461 966 504 170 896 821 87 116 157 219 273 171 397 901 668 400 551 443 761 128 403 361 845 768 764 605 912 380 166 498 446 395 881 983 409 90 106 329 396 16 314 638 908 619 968 270 411 673 825 21 116 784 233 142 123 588 692 256 817 582 990 469 486 63 310 784 800 256 592 265 409 751 373 715 604 355 650 10 580 846 670 39 900 197 778 305 758 608 595 116 943 167 552 117 724 247 470 192 210 415 48 815 594 839 623 96 830 124 239 325 723 983 945 568 905 330 448 320 135 381 644 899 998 478 407 662 391 460 863 407 950 901 877 577 925 421 689 223 497 563 554 961 165 264 745 707 924 802 787 84 67 7 240 846 52 759 534 691 557 503 422 759 967 323 978 681 434 318 375 903 541 2 521 364 101 387 39 788 542 196 322 206 602 839 279 465 656 440 2 908 116 141 146 870 806 612 904 940 386 51 924 210 137 788 839 751 953 923 723 672 629 815 869 563 42 738 933 918 326 682 71 169 813 443 992 382 610 54 950 611 662 964 970 876 9 758 856 137 852 271 511 128 929 248 352 956 5 744 627 280 471 324 64 122 998 15 512 927 181 508 741 842 941 170 991 796 153 41 414 649 936 714 443 621 513 473 529 163 235 503 905 370 909 880 762 963 394 423 505 371 745 971 350 844 889 587 717 922 344 822 731 647 433 235 985 166 707 762 220 35 423 196 924 677 60 926 378 816 868 618 937 310 757 824 744 705 563 945 127 774 379 471 702 219 566 557 394 693 259 957 249 306 948 41 293 450 463 132 334 205 469 506 715 857 430 842 759 231 133 827 956 118 693 684 547 905 381 693 154 416 241 420 465 839 419 531 183 812 239 889 342 293 68 662 389 239 169 621 771 315 653 493 976 689 723 438 407 532 673 705 537 526 365 124 42 801 208 670 86 685 189 682 326 462 830 189 763 922
540
613 326 173 905 741 276 685 32 773 472 786 983 718 241 953 705 182 250 758 321 912 920 700 319 233 727 866 754 460 872 867 887 111 166 283 7 699 380 534 513 807 121 242 160 145 752 146 272 6 200 265 417 830 551 707 245 799 543 781 149 981 757 259 342 876 299 399 792 868 958 634 421 936 156 629 510 22 626 851 321 129 149 39 680 624 483 995 120 72 741 926 526 97 140 715 779 407 5 984 68 456 98 723 514 29 384 721 38 650 108 618 979 430 35 218 646 502 176 137 906 286 280 87 206 779 898 221 269 675 102 930 730 210 196 519 104 182 891 583 594 158 936 479 323 968 970 158 94 548 792 579 521 637 40 118 987 875 919 572 708 505 997 866 308 613 228 904 336 503 416 800 523 503 263 904 245 361 59 594 732 611 585 993 263 554 635 291 110 759 614 762 504 208 415 113 501 762 771 785 872 207 663 378 489 996 1 181 518 729 909 844 299 985 552 417 766 636 501 284 252 623 869 800 739 951 950 494 522 135 420 800 223 143 796 387 881 366 932 706 204 683 663 828 124 824 466 660 532 330 306 745 316 134 34 185 666 595 384 443 663 963 758 198 255 208 253 1 880 440 584 3 896 924 991 104 717 15 401 968 665 390 13 95 222 672 227 811 639 919 932 788 82 324 51 855 234 524 874 437 514 354 780 469 134 366 447 95 649 378 548 50 24 212 708 409 571 231 620 487 591 316 363 981 11 121 772 62 157 238 172 986 743 709 763 928 571 182 298 366 895 6 302 963 736 230 664 205 125 451 906 853 407 406 438 574 270 48 524 604 317 487 432 63 620 398 410 649 255 387 267 110 992 901 247 997 589 783 339 633 139 712 237 308 398 489 882 849 645 790 706 795 205 687 687 71 68 58 742 671 840 781 598 970 130 392 803 121 738 134 868 117 692 954 215 895 744 171 950 518 117 742 514 778 798 12 30 117 515 180 366 657 902 358 626 459 674 439 892 523 36 138 122 52 930 846 399 160 210 940 431 76 835 881 789 345 164 736 118 589 447 809 159 837 526 811 420 204 895 723 351 267 845 320 751 819 103 898 523 230 571 437 564 280 797 755 763 107 751 44 399 687 985 185 584 803 374 81 528 252 245 181 595 910 541 525 820 520 346 511 613 299 929 242 229 964 28 905 787 643 316 868 421 846 483 345 615 977 551 267 485 464 311 969 392 551 983 885 41 37 433
653
550 360 611 961 271 168 25 449 84 92 195 47 890 64 146 554 158 220 407 310 429 686 72 678 279 752 31 77 127 52 791 216 34 759 238 848 964 149 498 938 104 615 663 492 213 287 764 166 215 770 199 109 382 298 292 359 904 109 343 392 142 782 771 236 35 88 493 364 469 373 437 840 896 415 395 92 708 414 981 282 303 54 743 346 152 988 435 532 119 98 322 111 667 849 984 947 863 542 183 862 386 438 279 271 772 129 412 903 660 563 155 518 718 73 55 813 788 642 969 121 335 711 752 472 688 99 838 732 239 919 839 942 620 126 20 855 1 92 4 180 162 456 483 728 290 390 219 534 541 163 171 775 623 245 89 892 830 930 469 928 320 341 618 496 944 917 917 596 914 597 196 252 225 243 462 862 927 940 810 83 410 323 122 61 518 305 628 949 773 369 733 693 674 458 122 991 409 215 538 441 121 759 43 664 258 488 570 342 498 836 619 645 366 551 815 478 583 980 105 90 140 41 623 771 362 963 737 256 479 838 198 654 21 403 177 290 541 567 698 735 89 881 319 200 377 985 920 586 191 666 61 579 847 857 50 433 417 799 673 703 833 985 929 349 1000 171 460 669 613 980 907 664 633 841 75 201 353 837 897 632 523 304 115 668 399 344 812 841 782 251 915 60 535 527 32 709 717 315 10 49 382 238 903 683 235 993 379 910 814 2 540 240 765 330 612 733 569 482 987 12 616 48 531 957 91 458 624 856 670 623 832 741 196 518 942 584 382 188 5 163 271 452 779 519 929 79 766 185 511 776 144 454 660 350 204 335 781 36 347 795 191 768 556 582 637 855 625 653 218 328 213 870 495 654 685 433 172 799 800 66 448 788 398 845 574 564 794 388 848 184 755 917 988 564 139 329 359 6 219 582 507 91 7 689 506 233 489 353 331 230 571 94 226 748 613 364 788 206 944 516 796 464 156 284 264 805 426 652 624 813 202 302 82 48 817 779 530 605 497 25 555 646 356 760 10 372 812 702 993 497 167 290 445 109 348 939 696 725 340 350 576 777 545 867 317 503 988 51 163 939 470 573 308 701 388 35 671 938 753 636 852 386 370 83 910 19 85 608 638 808 158 620 852 203 997 351 655 309 948 536 28 732 195 808 586 568 253 989 21 408 336 447 523 838 874 905 315 287 398 734 395 987 676 290 572 657 292 326 208 902 498 184 917 937 39 48 827 543 499 702 846 673 845 943 521 610 370 773 764 53 336 299 251 601 927 695 414 547 103 524 284 602 663 880 190 402 740 938 980 527 573 358 248 419 691 589 648 446 398 585 344 569 132 343 383 647 449 1000 417 160 639 689 796 360 13 413 544 277 668 536 616 283 243 921 504 899 594 446 468 805 617 601 37 109 327 604 432 469 872 877 5 909 209 494 657 905 490 863 701 468 70 162 824 125 791 983 641 316 984 233 584 671 261 700 662 661 546 609 68 444 75 48 993
554
351 506 689 875 118 386 289 322 95 689 973 427 997 82 67 669 133 780 123 731 621 207 680 379 842 453 244 625 791 52 810 223 512 669 984 454 865 204 383 691 152 911 854 459 990 566 601 634 923 443 571 473 291 860 960 204 153 480 245 769 606 498 571 621 71 383 96 651 673 160 553 500 738 954 489 448 367 188 453 146 365 22 867 259 329 233 127 46 987 615 215 459 755 817 933 52 525 676 40 897 518 560 734 21 119 973 675 437 724 69 366 960 530 869 631 944 828 461 876 485 687 618 319 434 170 142 746 74 896 218 959 838 795 773 187 334 248 774 847 980 121 90 233 479 986 915 303 362 974 625 128 521 838 806 317 188 986 389 113 648 227 172 431 226 429 925 120 355 397 40 824 838 887 718 543 67 133 578 724 173 759 20 996 447 707 68 543 768 993 35 817 892 359 309 194 360 336 304 697 660 565 235 457 384 332 325 800 48 599 119 724 122 969 7 471 648 991 574 819 846 692 31 626 749 756 37 793 566 892 398 177 244 8 261 711 899 811 938 907 117 974 638 401 549 957 966 225 452 878 399 295 478 979 349 552 517 295 92 455 749 450 753 859 876 25 799 183 189 852 96 711 461 459 396 589 768 382 560 417 549 226 457 882 472 650 260 912 738 489 946 999 427 423 895 453 783 102 592 132 821 591 287 323 323 800 324 379 476 187 173 139 619 623 628 178 483 604 262 561 702 780 881 783 733 212 260 191 864 581 852 816 566 717 957 743 661 818 331 429 418 203 530 190 85 813 609 696 520 838 968 72 490 255 765 591 334 822 644 8 514 39 48 96 108 707 889 297 602 249 632 641 382 523 961 464 902 981 352 162 608 455 472 859 644 111 297 24 876 541 982 354 175 366 553 113 410 737 614 686 801 252 145 971 536 541 212 558 127 34 304 281 156 523 722 696 301 411 591 39 488 627 479 191 126 371 735 767 341 982 149 827 903 793 390 206 500 128 956 771 590 440 745 751 299 725 487 382 407 591 993 849 155 142 417 585 406 481 902 744 671 92 790 776 369 559 29 621 573 591 544 744 512 444 364 928 327 620 586 325 454 889 830 9 18 98 2 23 945 441 668 742 129 343 967 748 744 694 274 109 454 638 792 143 728 210 27 468 469 287 816 644 911 953 116 107 792 403 740 992 157 755 154 922 265 576 212 987 226 488 563 569 673 392 866 302 753 139 56 512 701 582 792 414 371 680 146 596 71 911 309 301 117 923 506
611
675 234 265 562 748 814 185 837 886 479 79 634 537 572 324 977 890 641 214 775 67 903 932 203 254 756 237 122 492 498 602 41 704 343 501 772 968 350 299 154 77 518 7 702 681 973 264 374 473 251 986 65 734 688 662 26 372 788 72 499 734 110 114 838 582 758 770 780 384 978 174 342 460 714 331 931 537 483 905 995 553 48 709 51 425 473 978 719 328 211 949 377 300 110 381 599 719 914 86 487 361 900 867 423 470 130 172 305 33 381 772 137 67 806 424 259 482 185 225 606 379 801 646 117 121 249 415 331 687 157 980 110 453 227 851 185 976 132 919 134 731 768 928 5 775 752 961 187 261 142 253 894 284 288 423 268 932 839 565 696 6 865 128 361 481 808 513 147 978 400 451 506 498 657 628 820 282 688 38 747 148 7 7 226 501 846 822 909 133 162 752 578 429 586 864 912 546 505 758 800 772 38 586 838 362 124 806 11 49 584 688 192 767 749 405 356 134 22 132 613 598 233 587 931 223 631 223 805 218 519 277 1000 921 385 398 50 617 524 24 225 125 147 51 95 325 153 74 109 705 175 332 515 824 850 847 407 101 49 652 47 493 472 744 656 898 55 234 385 206 591 890 599 420 897 338 740 192 561 723 831 844 441 339 398 186 84 116 790 859 810 465 397 250 238 681 442 480 371 799 610 244 502 450 107 257 299 217 797 774 760 957 659 749 156 528 965 131 563 798 503 917 992 899 462 683 485 39 983 952 198 811 747 999 933 595 449 901 665 602 126 643 270 548 297 32 396 52 498 6 62 553 76 376 929 537 671 497 337 961 642 259 108 72 966 657 264 38 768 292 737 516 236 876 16 378 287 676 474 918 366 703 926 451 468 594 361 4 194 785 424 881 803 170 226 416 186 698 681 554 186 400 120 635 506 126 598 60 769 862 125 647 945 152 286 1 796 774 254 795 21 854 307 542 129 410 75 28 108 688 139 143 892 930 858 249 822 692 443 787 491 635 344 96 31 404 150 117 240 918 609 427 50 727 390 462 775 665 882 660 960 604 666 944 384 738 5 427 640 995 93 540 77 756 636 496 267 405 667 490 497 249 168 48 258 248 511 798 147 630 730 178 789 753 744 768 705 912 953 803 273 557 407 175 961 629 902 251 576 466 998 340 598 265 491 154 476 639 573 586 594 390 427 763 372 599 207 832 298 390 527 256 795 323 7 193 890 777 726 4 526 299 846 248 988 603 304 601 833 423 418 439 825 848 591 18 380 772 740 35 43 427 362 633 119 89 749 527 586 302 399 902 467 104 42 115 889 961 9 431 225 196 856 342 792 903 111 222 259 882 725 328 382 93 555 577 347 912 337 608 787 235 502 650 352 894 801 136 132 865 232 50
513
674 534 680 519 462 614 312 503 25 86 719 299 670 316 381 131 447 385 387 500 128 447 430 57 935 727 311 65 786 815 348 740 934 867 693 81 638 368 343 834 931 68 233 88 26 130 208 253 568 913 196 303 901 828 76 49 639 554 422 365 383 299 910 368 951 920 126 722 139 843 603 967 389 912 558 501 654 733 666 450 465 789 952 279 579 549 42 838 585 569 902 246 952 295 771 224 151 777 947 54 710 470 726 980 968 126 983 802 158 24 403 190 231 513 277 108 319 552 700 780 547 99 944 147 513 416 741 770 142 560 535 21 376 157 946 836 442 398 291 794 266 562 669 179 179 855 906 486 464 528 379 150 633 695 818 250 133 689 68 928 466 608 295 184 919 32 772 453 388 402 199 151 415 949 940 469 101 829 980 304 850 327 330 298 132 77 891 828 893 56 248 100 725 808 945 3 635 761 778 152 868 974 89 823 822 349 802 965 130 241 856 580 839 72 67 458 887 551 29 12 954 719 820 865 274 24 151 346 748 304 632 281 214 850 697 203 954 950 362 213 511 566 603 124 369 887 526 959 651 241 343 248 27 244 447 207 675 592 38 348 296 722 153 394 374 540 890 260 734 508 11 140 493 467 898 623 571 554 422 645 763 488 977 199 229 433 347 768 38 848 107 549 854 987 419 579 411 244 872 943 616 309 973 478 525 947 821 45 980 754 2 667 809 209 933 791 364 141 855 579 478 507 98 367 952 890 560 170 154 574 562 537 415 10 284 176 420 217 579 990 994 563 496 581 503 965 351 819 779 660 496 240 570 821 836 503 167 400 885 8 882 101 821 977 135 102 813 891 286 135 657 189 41 435 828 128 187 97 495 118 882 507 294 814 305 643 597 63 74 975 389 706 907 981 86 974 842 780 981 857 817 285 361 739 347 760 307 268 657 892 909 589 962 571 266 963 429 105 45 606 796 231 999 95 800 854 895 184 926 363 431 933 515 297 552 785 254 867 640 945 382 374 469 256 370 583 693 704 918 122 809 733 175 553 928 506 31 82 311 521 65 330 564 577 602 616 534 106 412 947 535 466 873 500 284 121 487 711 516 956 233 911 378 905 29 157 992 875 612 276 950 688 652 160 837 358 416 745 368 517 767 840 657 100 940 163 157 423 147 566 270 856 484
658
628 89 673 467 632 93 241 628 372 856 23 361 263 758 36 611 387 296 712 976 958 792 281 830 617 859 833 970 48 411 314 445 704 695 352 28 727 243 921 340 504 152 597 118 105 438 665 845 295 252 186 141 773 619 42 52 107 180 126 335 871 292 176 616 822 14 796 734 430 599 988 681 617 346 988 435 343 583 590 660 54 959 5 933 640 376 550 356 87 124 67 256 815 410 38 478 758 211 158 647 331 235 31 365 695 727 476 298 127 858 922 296 66 383 368 397 297 817 335 136 32 357 493 363 519 443 648 168 195 97 844 588 407 985 324 606 752 646 751 456 152 686 278 221 307 600 909 606 443 870 229 5 824 746 88 451 52 198 853 788 732 744 116 13 566 367 876 103 967 140 446 8 246 614 698 272 182 217 215 552 221 922 870 922 383 250 500 283 928 917 699 679 843 667 170 236 903 258 474 608 384 679 697 378 248 241 519 336 824 521 883 795 312 325 557 224 915 288 929 203 628 469 765 958 978 14 738 140 829 832 545 367 380 240 515 174 118 474 707 687 617 81 973 205 121 491 860 656 220 605 897 657 792 731 240 506 878 563 769 754 1000 379 821 318 111 395 195 263 633 638 609 959 925 484 167 715 837 405 429 679 444 641 409 760 759 542 552 800 816 573 838 63 287 526 987 111 587 57 270 75 209 994 905 545 825 956 508 211 922 249 923 742 589 481 193 879 69 411 838 394 156 292 557 569 376 933 855 781 265 562 499 870 799 448 432 537 345 129 217 352 387 954 841 654 832 379 148 684 234 375 362 869 602 192 163 959 26 667 110 581 316 72 820 452 671 266 927 827 546 239 781 702 42 890 853 449 321 465 103 433 368 224 219 467 256 869 278 93 133 358 130 796 499 247 937 714 339 34 633 590 79 994 542 341 571 679 961 198 182 56 66 658 834 620 595 434 633 287 810 610 287 813 940 626 25 892 97 521 872 673 473 234 435 589 295 240 530 366 71 997 42 384 56 733 672 235 141 601 533 49 496 991 136 607 570 286 212 98 218 853 206 162 817 172 839 983 202 783 11 437 625 643 60 341 395 705 222 616 625 424 184 482 268 674 580 787 394 6 622 140 517 992 305 115 111 691 441 721 836 286 249 143 238 372 228 358 967 804 159 34 812 154 665 999 666 961 549 674 45 814 209 54 99 801 839 74 132 910 108 80 851 379 196 21 725 11 932 912 132 251 815 913 593 787 232 317 299 700 458 671 502 61 254 539 141 724 431 905 466 592 281 735 372 119 608 539 34 91 168 89 281 416 21 335 4 130 595 446 123 577 491 403 125 298 851 29 342 987 408 155 174 915 827 633 882 12 831 271 369 46 318 587 904 100 496 12 423 480 187 451 883 417 775 789 911 995 165 671 588 645 356 509 979 965 187 804 325 558 159 838 765 384 314 430 477 869 892 502 530 805 94 125 459 167 597 111 934 79 457 438 729 954 676 65 762 54 169 844
179
215 789 103 575 643 813 571 336 381 177 249 832 354 241 704 592 816 144 480 122 376 458 882 889 802 351 761 289 608 141 386 917 194 1000 991 818 935 334 234 608 551 743 211 304 206 227 32 502 736 803 385 721 140 825 976 362 544 996 414 381 463 160 39 957 374 36 810 433 91 52 719 859 376 54 982 715 342 744 557 366 894 837 531 222 698 621 123 453 384 154 572 562 229 673 423 52 847 819 957 819 418 822 256 600 232 357 415 537 272 19 742 334 355 1 590 214 84 532 537 256 312 3 81 740 380 566 614 787 38 329 340 361 773 540 155 170 45 401 575 849 953 897 452 31 963 604 364 619 914 783 453 580 913 393 232 629 464 339 47 534 467 373 790 782 688 232 596 125 414 375 565 254 941 285 792 163 130 755 850
286
296 417 999 236 442 855 989 541 486 218 840 786 221 661 310 48 209 380 468 828 291 467 326 458 211 285 197 13 835 865 540 431 836 234 743 962 261 652 579 194 628 416 867 991 964 241 522 549 942 160 220 177 160 6 494 588 888 640 834 910 212 361 305 592 6 657 379 46 769 328 543 40 928 593 119 546 728 704 762 442 76 764 135 272 722 742 193 783 708 870 359 897 115 10 267 840 918 370 348 480 255 82 698 67 1000 276 59 830 13 869 579 949 203 891 773 598 475 502 43 440 224 858 572 858 276 182 275 169 604 479 195 459 490 328 455 536 244 982 974 153 607 373 648 476 132 798 19 924 161 901 122 304 480 548 53 605 972 497 282 243 46 880 958 443 435 947 125 755 653 218 566 860 790 839 498 643 745 886 676 784 290 58 76 900 147 590 643 255 237 469 663 705 334 41 68 556 440 239 856 213 184 681 89 623 475 989 136 579 753 658 229 334 710 435 621 513 994 894 123 974 443 681 905 887 721 332 292 495 2 721 378 230 882 66 458 706 112 438 440 506 484 418 971 121 33 660 213 357 277 658 518 53 342 188 539 391 556 584 570 305 104 991 298 411 842 379 387 654 601 862 933 325 87 222 357 395 96 713 88 585 399 435 305 454 783 428
666
892 430 937 503 371 200 37 734 325 304 755 502 16 896 175 668 924 139 475 897 738 967 258 826 294 371 338 146 178 461 752 624 66 56 7 907 344 897 820 128 543 471 521 950 823 509 584 703 199 208 13 735 903 402 561 474 279 942 312 86 36 814 492 664 249 825 808 698 566 862 587 545 631 933 322 225 400 354 854 764 361 549 891 667 877 573 159 782 171 530 163 266 85 372 156 793 608 160 192 304 513 843 697 813 645 961 456 820 721 361 718 988 228 669 568 72 698 773 819 923 273 970 524 293 758 149 153 295 705 887 863 102 984 450 328 206 591 964 748 22 198 991 694 51 947 16 913 882 217 597 529 846 623 842 532 628 774 875 191 903 676 120 327 516 875 162 761 884 211 603 432 554 188 223 1 413 769 460 540 628 577 872 416 490 100 634 476 818 322 322 1000 26 936 696 78 85 321 178 607 494 903 345 431 58 537 290 177 140 905 377 218 487 233 891 239 476 611 109 394 119 836 577 301 278 554 39 191 773 290 377 61 812 464 527 755 190 268 264 938 269 239 569 518 728 362 612 547 299 128 208 57 2 841 916 801 143 488 528 586 261 933 974 30 174 671 472 726 297 705 79 86 380 203 698 712 214 141 279 512 383 515 484 989 965 414 715 750 152 978 634 667 18 606 338 280 911 316 246 545 238 28 597 627 898 489 356 231 229 64 569 525 838 153 549 266 173 810 144 279 293 569 225 943 116 554 188 845 558 158 933 906 656 912 207 209 200 59 857 158 981 854 850 489 950 1 387 936 363 721 27 580 920 368 23 171 838 155 922 659 795 659 974 685 755 175 27 615 411 413 423 56 208 301 537 889 690 859 849 96 209 892 108 370 323 749 860 695 466 756 79 695 329 124 725 338 858 195 59 51 934 207 953 225 100 246 823 992 495 665 381 779 680 810 933 469 150 804 461 505 751 756 640 610 433 656 92 120 401 342 224 580 435 49 526 97 876 62 392 746 190 287 946 408 20 923 664 572 295 830 673 392 559 782 249 709 599 579 881 340 652 29 2 61 739 970 504 458 985 706 452 916 484 728 875 506 335 860 628 158 60 618 305 337 330 806 943 891 340 438 169 397 235 884 768 563 159 968 843 413 654 455 530 221 559 61 910 49 824 431 250 65 512 458 73 692 997 707 551 53 71 217 170 944 553 376 847 751 882 935 51 775 540 346 661 910 606 229 631 619 561 274 587 419 814 440 412 359 457 313 54 710 690 456 546 947 258 876 982 687 1000 823 698 775 920 779 992 274 56 301 910 767 399 633 451 71 50 648 213 384 582 70 496 396 627 45 288 193 406 601 859 105 836 168 907 50 231 736 326 943 242 331 274 900 763 229 872 741 52 656 885 286 60 87 336 229 586 950 672 450 84 639 854 259 570 612 205 814 520 945 911 561 507 681 836 510 19 295 469 659 649 496 27 747 109 464 371 240 347 865 602 278 208 376 211 500 257 406 402 870 425 266 951 670 233 648 977
107
771 29 634 202 355 977 694 672 122 317 711 89 390 811 430 692 936 936 847 276 189 485 452 808 752 554 454 356 654 80 904 524 794 483 23 544 650 203 680 840 745 873 857 538 278 460 684 485 42 667 819 932 301 358 66 956 63 840 373 61 205 938 874 617 442 766 749 825 665 363 496 452 418 858 723 843 512 372 678 581 160 480 304 814 379 38 91 413 924 28 803 263 105 128 422 668 885 712 113 888 884 450 528 260 764 912 158
452
678 100 348 403 715 107 660 542 499 36 533 659 948 886 862 234 728 741 184 951 593 40 471 474 429 204 248 42 296 79 72 991 939 802 778 93 971 107 657 885 899 534 753 69 34 432 93 263 814 579 297 350 269 45 156 541 770 773 62 828 202 166 373 803 770 463 101 651 363 850 85 559 203 825 833 633 858 610 30 547 360 857 571 9 230 595 911 300 96 106 878 938 62 794 115 402 491 264 11 647 229 943 874 547 566 390 480 630 411 382 740 789 96 867 604 700 621 69 863 481 142 399 70 231 28 367 384 872 174 81 943 266 291 631 784 954 550 36 259 243 407 81 131 767 672 729 533 638 465 236 411 373 54 858 600 264 726 163 500 422 291 538 102 884 993 899 923 394 938 632 683 750 381 124 24 788 398 336 60 275 197 643 460 213 533 582 377 147 260 817 15 565 707 188 698 665 856 853 331 687 47 536 679 694 367 987 773 508 205 525 329 639 677 216 195 524 322 142 607 654 287 522 70 153 760 861 377 296 165 215 294 812 735 342 5 359 407 481 625 48 68 858 490 935 867 993 217 203 151 309 866 150 948 626 441 42 145 580 321 564 336 317 42 350 834 848 930 553 761 948 911 774 999 353 660 248 224 727 148 135 214 388 232 536 496 542 542 106 327 291 66 49 573 174 420 944 528 155 576 137 718 862 610 290 81 335 356 322 658 56 818 399 785 477 476 372 810 517 870 238 409 77 976 422 449 831 379 172 737 677 4 671 494 958 950 132 523 936 204 420 681 362 111 91 64 85 500 673 209 607 990 495 644 541 521 40 787 280 733 456 535 163 148 839 608 433 450 397 435 135 55 199 3 206 714 438 937 813 451 659 79 871 102 236 572 279 207 842 909 897 261 320 842 332 521 324 262 958 615 915 456 512 417 979 740 479 628 923 439 616 876 894 474 315 92 457 303 984 709 54 211 772 760 950 629 533 848 267 978 259 170 154 894 45 796 937 369 658 338 360 287 502 762 610 791 323 808 799 293 579 374 430
479
233 312 181 678 454 729 880 17 635 648 645 1 225 275 833 581 504 833 120 37 358 76 654 180 262 363 217 673 268 753 266 825 557 756 779 230 236 511 496 827 545 552 811 177 382 941 725 729 904 68 521 364 539 567 713 735 813 581 405 530 701 697 99 150 355 380 830 60 740 498 584 764 81 506 662 945 336 235 416 326 377 431 702 512 786 488 786 582 265 820 644 777 859 902 978 154 294 53 479 136 292 386 395 901 191 145 499 407 975 772 69 486 363 562 437 546 922 858 684 457 140 520 992 943 234 808 981 256 862 103 150 718 272 112 238 876 434 336 561 365 747 714 321 203 424 989 89 955 49 890 737 885 63 568 63 96 71 22 243 112 456 384 104 746 367 273 45 980 349 592 352 560 597 638 151 564 218 570 922 397 496 531 961 953 588 376 971 671 23 829 315 311 980 34 214 453 987 97 748 158 557 118 425 256 397 986 252 637 278 158 424 150 902 4 806 886 643 117 97 876 341 516 969 945 448 434 659 706 987 580 199 883 605 211 20 764 314 366 681 544 584 842 157 245 773 412 518 578 225 804 877 49 355 244 693 843 449 528 106 209 819 189 680 218 612 87 690 506 301 180 690 834 946 948 160 118 876 552 537 173 95 227 672 172 829 937 961 249 353 176 751 117 486 479 966 136 664 42 429 145 919 570 572 673 42 698 820 795 687 261 229 488 762 622 672 104 921 53 829 199 412 419 536 631 828 587 95 644 510 676 327 772 410 536 299 163 723 300 667 711 858 633 952 529 474 920 823 997 140 902 772 236 545 602 860 787 793 2 484 77 816 82 783 200 191 405 603 362 953 472 209 877 395 848 11 557 775 241 248 65 465 868 862 404 804 26 438 19 866 341 723 948 158 685 301 451 51 375 559 339 394 197 900 837 64 870 236 288 361 427 775 149 225 256 600 840 89 238 776 627 820 23 982 191 106 934 735 309 229 496 71 395 114 582 333 248 462 733 462 118 384 653 867 56 541 490 413 680 739 310 301 953 721 741 727 689 714 113 214 26 973 452 708 922 927 237 234 123 135 381 250 213 403 828 429 335 211 225 290
606
603 815 582 181 564 459 500 979 500 587 688 627 720 281 848 202 181 1000 321 863 84 741 355 134 429 135 418 262 684 936 684 583 947 845 411 84 527 307 521 916 709 436 555 238 522 352 64 386 318 51 952 935 562 925 939 585 263 410 335 667 309 185 741 773 231 958 268 804 708 180 827 253 985 499 581 169 858 852 901 549 755 122 784 210 218 869 926 833 301 693 691 949 954 529 796 513 413 873 30 330 35 654 262 820 674 346 597 793 98 293 876 92 314 3 611 745 70 550 944 725 164 783 667 702 173 386 260 658 84 952 461 439 191 526 773 544 75 928 482 39 900 27 443 945 24 203 696 422 12 81 434 376 397 653 881 152 316 423 276 188 659 901 913 503 197 227 858 222 22 891 417 68 241 695 134 492 102 333 792 736 393 186 465 326 794 989 960 304 936 887 213 515 302 721 633 945 278 193 387 926 944 133 883 222 244 639 490 460 39 231 532 42 421 441 698 851 866 455 637 346 711 23 178 302 68 800 846 149 963 354 652 215 686 858 962 640 77 838 86 409 273 152 63 235 688 840 904 589 727 728 131 404 43 226 980 168 870 971 429 383 495 20 897 699 678 656 727 41 480 330 843 457 865 108 862 232 175 657 69 490 625 852 515 756 206 418 812 186 603 122 407 343 141 364 547 329 819 39 778 493 854 582 480 17 255 818 56 506 421 947 954 867 476 159 886 428 63 689 295 451 219 990 294 665 270 542 925 11 852 432 172 724 338 551 47 324 308 662 893 423 704 951 110 387 693 774 231 593 164 517 331 793 167 461 19 608 9 459 229 133 451 177 159 969 382 381 903 839 930 592 523 35 184 75 837 764 290 340 455 151 865 644 28 516 479 11 399 598 672 548 620 915 541 164 705 478 95 897 206 272 215 152 712 356 177 566 407 900 343 86 586 892 545 940 221 389 321 726 630 271 609 517 193 325 887 567 655 734 5 180 661 740 923 499 111 709 206 72 988 318 812 287 96 249 413 374 814 37 688 513 100 738 153 808 388 518 235 355 167 395 57 830 420 901 792 349 675 664 78 433 733 361 42 604 35 188 400 115 787 512 785 21 462 402 202 736 523 193 258 164 546 268 182 387 85 819 382 704 516 330 908 427 859 216 358 436 349 763 266 542 315 596 974 315 43 754 382 191 539 462 112 400 296 410 519 360 344 666 397 155 525 708 294 991 800 827 977 53 724 592 456 571 797 461 960 130 464 865 259 152 587 177 330 850 770 354 892 166 188 144 136 321 82 250 559 438 632 819 100 395 67 381 91 790 84 870 140 218 368 171 925 215 723 812 81 957 469 356 210 809 297 958 490 860 317 653 584 180 780 470 126 852 333 180 74 39
266
937 316 563 576 128 208 356 619 650 180 204 226 579 71 912 470 768 184 625 193 632 956 795 872 998 866 15 363 876 379 998 207 870 286 419 844 659 865 900 824 992 708 259 904 445 159 604 573 759 861 419 138 463 666 227 811 224 832 341 449 682 911 739 608 442 421 385 914 352 50 257 790 996 154 595 173 950 669 108 367 43 426 262 251 639 163 959 224 621 773 610 746 742 928 118 567 640 320 23 978 385 104 153 514 592 691 475 598 719 209 157 58 607 744 122 787 113 198 962 43 100 852 512 370 97 314 258 46 848 711 130 495 599 722 834 505 828 401 688 669 622 507 189 73 485 836 877 748 867 623 205 177 556 294 39 735 95 958 157 55 424 930 9 219 247 318 851 608 255 939 621 681 557 952 133 551 49 458 989 915 575 826 794 887 805 953 389 688 650 572 288 8 359 389 244 723 955 66 242 277 47 167 525 154 862 817 922 567 307 666 147 532 166 996 573 407 193 431 316 962 63 197 662 714 67 345 180 90 455 521 145 713 536 345 265 570 298 102 90 742 821 134 628 172 93 792 390 481 813 186 307 448 685 793 369 90 118 104 403 337 274 530 305 675 388 644
128
448 782 587 670 736 743 211 168 147 511 530 87 509 788 484 567 492 231 428 949 249 938 263 471 516 305 632 910 698 29 164 293 875 652 937 43 233 824 617 704 379 510 465 741 589 108 109 247 270 568 440 978 259 276 238 421 332 446 373 649 860 87 187 724 956 110 651 678 14 646 243 977 917 894 786 526 608 691 295 584 938 394 315 366 374 411 860 916 571 849 678 498 931 341 86 164 961 270 486 920 508 510 857 135 827 237 169 362 810 778 641 349 770 31 395 204 578 940 324 52 195 891 239 500 126 859 810 199
976
986 877 84 14 813 851 85 754 498 216 915 855 522 513 485 111 990 921 723 708 904 213 541 302 661 254 747 756 223 212 699 208 928 90 58 283 106 6 254 298 30 974 671 552 920 858 440 526 168 730 137 576 427 321 345 620 587 900 458 871 455 462 891 616 180 10 926 80 999 917 419 138 84 847 149 785 505 996 424 913 249 206 289 76 198 149 299 405 261 972 80 856 926 98 140 194 335 964 766 778 765 243 683 581 887 465 122 844 336 280 734 968 735 637 319 902 992 623 145 794 169 941 173 544 585 287 998 387 506 963 933 190 952 590 727 684 186 550 592 128 189 27 322 592 39 155 563 481 877 99 167 495 408 968 346 497 963 784 407 416 329 182 259 598 216 935 878 532 431 256 804 805 1000 593 579 499 688 921 837 438 754 624 853 476 551 453 695 773 119 874 48 895 35 887 788 480 143 674 22 740 198 224 385 743 459 694 549 275 364 193 231 589 339 228 574 313 544 852 628 810 13 161 888 790 216 559 260 337 94 474 396 301 851 804 801 91 825 670 514 440 598 832 978 599 348 606 613 828 551 639 450 53 694 166 338 805 161 867 346 187 965 780 469 326 521 724 870 340 559 31 735 412 610 376 564 949 481 655 442 655 802 66 798 75 406 128 485 419 475 474 699 49 434 835 595 10 843 82 788 291 976 536 195 758 406 997 389 261 347 501 440 11 916 314 793 797 591 197 654 914 298 583 423 360 61 447 766 613 643 139 847 422 562 147 613 505 646 986 694 264 663 934 398 953 430 428 525 70 940 642 428 230 392 144 961 700 498 486 83 257 405 202 267 559 175 95 318 28 660 270 882 323 333 502 826 342 139 228 395 445 191 805 885 88 637 325 425 118 849 44 13 133 257 862 871 499 756 534 710 534 671 823 822 518 608 858 882 617 647 953 188 265 732 534 83 302 569 402 631 736 49 642 3 568 616 53 102 193 375 781 419 574 970 860 552 417 92 131 463 697 391 390 678 144 468 632 606 246 600 142 447 435 818 411 115 644 352 709 225 670 151 561 794 90 11 838 823 487 303 395 51 542 521 541 734 995 465 183 242 916 876 837 508 500 283 870 667 187 863 297 632 286 229 97 344 952 851 802 406 11 977 371 929 897 894 212 952 130 392 905 746 466 591 771 555 412 325 600 888 627 570 14 598 231 572 95 621 813 798 644 41 878 500 788 836 70 810 631 782 379 801 452 625 515 530 772 950 251 97 612 615 506 197 424 215 13 643 357 176 380 864 929 710 392 116 995 572 141 779 546 250 939 649 662 711 670 65 190 879 574 851 78 703 420 103 741 743 548 52 411 103 260 60 921 828 148 42 25 650 299 410 537 373 442 805 476 425 600 666 417 475 367 210 235 107 94 964 477 561 326 931 717 355 55 663 796 887 858 112 151 602 666 42 31 37 854 356 327 264 886 201 665 124 478 584 355 963 893 457 865 225 92 417 254 217 88 64 905 62 529 690 885 372 543 995 475 908 978 345 164 145 2 20 143 799 470 585 993 928 944 642 895 856 391 783 746 408 373 50 742 818 727 563 505 170 151 304 237 357 594 867 272 230 79 691 816 211 861 878 306 93 860 900 296 608 421 981 749 139 610 88 261 391 969 764 819 531 198 552 265 509 115 115 468 531 402 867 394 588 25 74 997 437 158 818 150 887 794 441 696 893 239 185 750 4 245 134 32 407 160 362 410 536 866 477 425 440 540 861 993 236 96 341 277 960 998 1 92 59 290 926 49 410 568 694 307 481 626 806 155 260 244 283 25 879 842 642 608 396 549 26 84 147 318 697 986 235 649 168 809 927 756 880 810 609 884 590 415 944 963 573 273 675 65 357 42 557 947 902 915 968 761 609 524 973 368 738 120 769 402 584 775 80 160 976 406 301 200 208 362 748 826 365 843 749 852 532 626 231 23 52 788 717 796 219 112 241 628 87 661 396 794 116 303 978 635 822 318 481 246 952 936 376 31 670 6 699 347 781 97 900 910 736 581 513 186 575 321 297 895 574 995 106 632 35 652 29 380 668 999 673 787 761 568 292 590 839 849 163 102 145 919 214 92 434 833 950 944 141 886 661 297 669 270 948 607 872 20 376 338 764 632 296 11 365 463 628 123 727 52 159 678 595 827 720 839 648 109 985 853 155 497 705 869 798 81 720 657 412 49 314 491 979 369 828 6
113
144 225 320 90 149 305 98 741 465 741 449 518 689 4 916 37 649 88 89 659 955 730 210 10 298 408 548 890 354 767 185 31 162 355 566 568 420 773 105 1 453 904 305 637 352 211 566 272 730 656 689 86 823 860 757 174 818 642 922 394 580 430 446 238 776 29 279 144 39 833 682 544 773 383 249 503 341 474 97 673 941 962 339 56 799 262 204 125 80 429 41 112 157 622 244 457 883 677 631 2 941 472 864 734 631 780 391 660 356 174 662 230 657
646
543 761 479 507 461 246 821 449 649 264 426 980 572 49 516 696 113 588 772 309 123 477 962 17 173 185 893 129 898 830 73 325 966 711 921 135 360 629 299 579 671 19 196 615 831 582 121 751 914 61 849 638 563 556 874 359 233 469 924 68 6 590 9 430 997 302 825 665 960 999 418 746 164 775 353 863 37 616 38 604 820 69 914 197 364 308 883 2 21 195 684 214 899 134 869 768 352 268 307 304 847 764 535 215 921 671 181 747 487 780 878 304 558 542 995 532 395 732 766 635 166 290 213 780 532 32 76 149 866 784 161 334 105 146 942 637 462 824 993 165 467 745 612 187 688 414 420 680 256 602 876 832 14 651 471 17 856 742 220 436 273 849 390 83 935 294 525 347 412 996 900 307 843 619 667 958 989 676 975 389 934 206 561 95 482 331 356 66 523 843 951 557 184 336 978 627 992 940 182 62 795 504 646 685 240 680 136 20 746 106 60 402 729 985 974 294 644 661 337 168 737 619 64 629 811 214 26 969 386 329 584 898 413 69 670 757 353 106 303 553 713 537 108 28 115 496 649 708 913 280 939 844 39 628 197 636 428 632 473 833 108 475 347 635 523 898 987 673 606 22 112 4 535 684 177 101 710 8 665 301 474 258 768 858 29 492 507 59 828 822 696 313 202 426 242 72 762 789 216 312 595 284 119 9 104 331 108 618 22 496 916 555 530 521 141 190 33 422 570 809 336 220 894 626 457 718 916 96 210 525 820 799 455 620 165 568 904 849 145 892 753 191 565 665 639 340 816 578 228 871 653 241 210 689 296 141 405 167 562 460 1000 157 985 216 182 714 959 178 41 157 178 949 264 397 734 202 455 779 721 201 582 210 155 80 646 956 615 874 685 340 772 902 840 411 871 38 468 173 509 223 49 684 188 280 197 828 711 515 892 664 121 995 244 571 64 113 984 418 843 672 301 882 316 831 968 946 883 658 837 689 188 550 398 548 290 396 202 236 591 729 697 399 519 319 563 407 142 692 470 217 509 461 445 465 188 694 416 429 787 388 759 435 469 275 353 827 657 627 883 391 514 504 338 999 639 574 941 266 718 226 302 462 892 978 85 227 71 7 844 347 638 921 499 871 38 500 81 758 931 334 180 792 339 830 436 678 896 56 48 744 770 360 799 296 640 933 998 386 387 774 103 147 428 588 401 437 542 63 793 799 849 468 981 217 884 554 284 339 452 987 590 770 258 85 843 551 995 918 294 459 910 765 180 193 546 726 33 479 103 945 897 394 542 954 926 873 293 631 123 580 39 976 863 247 510 368 251 648 892 195 832 703 690 386 1 479 392 296 844 380 164 763 536 494 643 69 230 505 104 209 376 106 964 866 648 801 212 150 757 548 406 314 844 336 628 688 991 767 117 639 527 111 542 754 20 396 510 715 240 887 295 958 785 533 468 771 139 329 645 305 704 646 366 600 755 5
518
643 469 749 511 704 929 141 4 162 659 877 454 195 46 425 553 91 733 674 224 868 617 721 46 182 81 409 701 195 98 929 125 518 613 141 290 463 887 226 838 566 395 346 837 793 176 208 21 739 637 204 829 133 457 711 79 418 795 681 425 571 894 631 16 450 441 171 524 174 60 474 593 501 525 607 649 647 633 409 496 284 10 19 853 830 370 544 643 359 736 705 703 407 800 342 231 107 769 844 759 38 993 717 159 168 590 438 298 585 899 317 262 823 184 97 73 584 110 711 645 827 344 914 205 342 754 159 184 675 272 94 987 159 181 864 30 407 488 93 401 748 309 731 786 27 60 594 516 229 560 548 834 320 528 650 333 360 114 808 195 190 832 839 746 259 31 151 617 530 357 797 201 269 251 124 615 7 42 382 129 437 241 611 268 625 513 395 65 73 851 85 886 579 14 949 253 649 727 563 416 997 142 976 362 185 725 904 114 566 149 634 58 57 346 678 608 499 22 159 177 93 473 463 804 658 452 707 14 748 464 392 570 234 558 142 314 892 201 238 59 721 445 636 779 816 469 607 972 820 68 74 597 308 16 595 219 311 133 911 528 630 23 7 319 650 637 309 333 313 793 483 121 552 842 2 39 332 935 672 782 941 641 726 780 300 774 749 450 486 480 428 990 800 859 95 231 541 334 621 114 834 276 512 252 985 540 130 535 726 61 342 898 221 195 647 890 664 802 680 705 256 770 357 277 741 276 239 316 214 709 584 307 742 3 785 909 122 840 252 454 680 306 333 13 35 94 830 98 279 862 942 147 369 393 702 988 201 796 858 817 704 655 487 372 155 637 847 285 64 965 88 955 3 960 241 927 930 464 540 363 869 418 112 823 706 527 540 872 431 805 75 361 324 82 581 500 530 550 771 610 102 222 450 641 716 674 537 48 464 635 432 233 697 576 917 618 422 852 341 186 818 567 37 544 927 856 928 765 808 777 386 186 727 470 214 672 921 824 98 869 863 651 643 529 524 321 749 931 842 403 378 93 216 146 45 16 234 191 247 627 805 911 282 642 285 140 175 340 149 462 844 445 541 593 417 935 443 27 828 456 404 775 15 341 54 214 978 399 213 755 761 827 574 670 89 770 843 42 425 666 707 184 583 108 955 160 662 475 214 108 128 172 514 677 506 328 110 500
242
809 879 870 102 525 705 462 938 197 408 932 846 750 532 205 660 767 283 763 294 417 661 398 421 666 880 324 699 515 318 205 483 131 199 792 445 260 169 17 319 443 450 759 62 84 772 889 174 355 31 229 740 925 84 167 101 841 605 649 571 149 696 139 54 604 146 532 925 70 963 726 851 499 675 625 839 501 473 262 747 979 86 815 566 482 57 14 740 644 39 747 41 407 384 154 169 975 456 84 421 513 662 387 541 119 924 913 941 926 267 202 513 812 500 151 720 963 896 981 530 669 412 878 738 378 497 578 619 383 909 388 175 511 446 120 362 637 812 207 344 872 510 386 144 319 316 187 948 935 80 537 195 427 735 106 953 213 340 193 431 377 960 286 653 559 290 464 375 569 852 754 925 224 32 956 907 727 317 89 407 175 54 396 168 264 266 158 280 345 560 394 658 327 168 127 709 18 939 585 757 561 124 205 796 215 17 988 264 383 727 494 492 659 135 37 850 995 522 215 96 349 841 46 963 678 60 491 221 729 564 245 316 846 495 140 923 689 109 671 715 716 953
583
61 182 140 759 733 772 847 393 644 925 714 592 337 88 389 436 598 970 134 655 630 430 67 795 806 141 698 544 940 134 817 175 519 397 178 905 209 803 223 949 446 441 725 790 129 904 972 468 806 291 258 354 898 776 104 203 862 898 987 748 336 229 338 458 199 844 807 671 956 354 51 443 675 527 563 794 485 98 130 226 879 558 27 861 122 735 135 197 136 196 22 605 895 74 967 989 303 293 829 489 330 356 918 354 135 773 659 138 252 956 955 555 534 208 316 684 344 128 164 732 288 192 922 954 564 99 86 561 358 690 894 294 932 870 10 997 140 461 567 569 490 813 277 604 753 756 759 631 23 831 94 40 446 533 752 133 32 904 956 130 98 973 666 956 74 376 638 653 645 897 479 118 432 780 94 744 735 670 708 578 361 322 804 565 540 10 82 929 5 267 166 528 85 469 222 579 710 343 962 785 416 462 32 896 981 270 230 627 52 812 223 182 510 566 338 111 96 93 272 418 465 193 916 217 954 731 374 638 358 216 328 232 116 939 188 990 575 29 698 559 689 259 307 844 770 992 538 25 448 463 148 283 567 552 598 571 340 574 390 812 526 260 793 505 231 105 828 547 352 748 948 173 92 748 721 82 446 720 130 343 365 518 547 350 199 406 977 890 845 995 145 811 853 887 647 909 787 220 544 127 899 785 415 349 354 828 201 34 994 716 809 702 208 52 619 868 89 449 415 890 524 461 634 646 429 262 365 793 776 394 288 664 500 938 744 561 679 795 436 108 693 498 502 423 56 905 487 62 564 153 770 299 602 526 476 485 176 102 49 346 819 568 494 763 773 718 988 840 933 827 386 738 904 595 987 264 861 117 80 863 434 144 277 251 886 394 180 52 507 699 481 405 317 356 32 560 426 841 193 496 762 58 249 546 228 909 673 713 974 28 821 306 566 376 577 565 209 31 104 164 469 653 980 468 562 508 912 796 904 343 514 560 916 325 13 281 267 847 116 134 807 840 135 218 22 30 568 354 954 244 685 386 835 629 326 336 279 160 218 199 730 936 378 152 160 468 80 711 31 46 540 816 156 247 835 89 556 368 774 140 802 150 564 867 801 924 415 774 636 873 630 791 972 782 966 614 133 968 18 505 409 906 365 497 422 163 339 240 874 224 699 314 352 120 899 601 667 946 831 595 618 25 343 468 53 587 681 768 661 428 492 945 914 482 758 907 772 661 529 484 97 258 531 481 172 771 189 825 911 81 551 56 956 62 344 475 588 657 472 469 217 74 47 270 770 245 448 111 833 303 702 745 962 303 18 433 971 261 393 775 561 571 680
19
599 195 525 543 962 467 571 213 212 719 996 923 8 540 957 511 621 501 131
789
626 979 737 634 331 537 663 796 295 204 93 631 671 986 554 891 728 200 796 109 828 512 290 648 801 82 804 710 754 587 993 997 734 315 889 219 144 853 236 17 597 580 211 15 579 794 683 46 508 243 304 455 908 557 676 469 135 768 448 658 679 710 314 867 924 479 130 8 608 183 228 959 731 332 705 929 836 596 524 823 610 614 416 44 53 147 505 817 944 69 572 5 99 50 21 379 598 425 228 629 438 730 15 244 744 57 286 792 107 292 249 309 252 980 535 287 799 988 829 554 742 554 390 825 509 588 802 501 508 328 627 837 28 960 267 465 352 565 442 494 508 112 205 692 647 766 535 922 682 788 465 5 95 804 14 700 338 508 453 8 157 576 823 768 722 80 264 462 417 444 647 443 731 333 561 996 931 541 972 158 22 177 516 930 440 333 51 952 554 304 928 676 914 564 936 543 579 597 464 110 150 971 121 298 537 383 262 217 403 180 612 75 980 67 763 530 362 960 674 713 674 670 215 496 733 51 574 859 166 441 217 710 414 44 457 73 386 524 26 794 482 585 233 445 688 86 634 589 395 155 732 909 168 429 215 901 661 966 28 96 735 613 605 59 44 322 140 737 321 971 380 806 845 267 721 609 275 492 436 637 16 398 668 124 105 511 628 265 73 138 997 663 901 359 154 851 281 527 302 61 657 246 917 958 838 657 68 850 303 982 580 631 221 227 734 778 259 541 52 452 37 646 940 721 792 796 6 531 424 127 98 541 258 574 281 474 946 883 782 121 534 703 838 474 455 949 748 279 333 212 267 340 220 933 941 189 843 717 784 113 995 68 142 63 942 169 965 372 854 954 114 849 600 793 65 704 849 896 292 71 995 468 139 760 726 381 126 389 229 870 314 369 797 166 759 949 158 286 724 401 830 778 666 328 806 824 531 349 533 307 170 48 879 142 141 13 869 236 737 162 595 259 877 552 979 312 430 118 998 408 893 914 764 790 117 128 599 72 365 556 126 790 134 850 36 73 745 173 764 297 209 892 694 973 552 845 336 691 973 281 245 500 824 724 177 462 470 915 489 21 175 911 665 18 292 517 345 880 690 605 484 11 998 865 882 558 155 330 520 598 612 954 117 688 575 624 153 785 392 661 541 289 763 864 984 298 210 335 107 866 354 76 795 374 872 528 286 985 214 783 312 468 583 951 42 695 349 797 12 581 201 247 585 170 296 84 186 629 625 360 946 916 17 147 512 595 969 609 435 139 251 568 728 41 846 86 953 177 895 563 861 51 638 769 951 103 151 806 106 992 584 871 646 586 113 505 274 747 269 997 440 802 147 58 122 967 598 463 820 165 706 730 275 390 344 235 592 444 312 369 805 984 11 562 703 713 938 449 214 780 957 907 328 847 203 592 236 861 800 262 608 946 491 767 641 835 132 711 956 715 78 149 415 277 978 268 785 231 298 332 950 271 382 439 429 401 841 261 516 147 738 319 412 341 911 254 845 886 785 720 333 41 167 255 787 409 658 680 860 692 403 260 203 506 525 889 522 401 451 380 400 998 677 260 55 320 46 138 787 806 700 276 495 779 773 959 151 972 723 234 189 402 353 505 240 134 983 228 442 53 198 470 734 79 485 869 468 823 601 308 351 383 570 899 154 681 35 154 484 655 579 384 349 648 170 710 288 629 570 231 415 711 964 981 29 224 471 626 230 334 907 36 846 781 404 727 818 469 276 461 51 533 815 407 232 809 302 436 165 48 1 772 224 281 651 185 836 889 987 201 685 767 394 335 473 782 1 145 64
560
845 350 369 764 207 297 816 839 524 969 653 850 723 250 686 654 810 415 37 512 150 265 178 733 95 43 512 318 941 682 758 622 993 815 134 484 232 521 889 151 761 162 721 396 636 125 495 761 662 19 342 95 149 109 48 451 792 408 720 434 848 757 296 982 849 551 352 332 116 347 34 614 644 38 916 655 991 535 949 217 281 334 573 698 727 677 858 476 398 29 644 328 252 417 778 387 671 521 820 835 68 345 618 456 235 200 598 663 393 321 973 474 830 109 799 355 80 425 920 378 377 536 533 409 847 199 305 850 942 604 159 722 610 609 776 117 947 51 951 628 676 210 222 692 766 633 295 707 968 912 741 895 432 12 251 881 157 888 984 391 507 609 526 498 627 519 883 858 927 187 356 796 507 857 863 554 727 453 640 781 567 361 756 145 552 860 463 343 106 415 330 995 227 667 817 259 436 24 470 526 12 506 101 642 73 559 684 490 258 283 582 503 556 832 407 710 440 876 791 310 40 415 446 399 194 25 102 837 46 587 853 525 98 797 767 37 707 64 924 485 285 349 956 883 277 883 556 239 898 929 323 84 15 619 631 733 358 703 174 735 525 658 472 652 239 238 245 556 286 573 93 310 890 745 994 804 451 837 599 306 647 556 521 3 380 527 655 513 979 365 598 72 578 693 410 878 479 211 953 844 504 342 40 518 59 836 286 447 771 554 233 238 935 867 781 181 631 16 979 126 259 322 295 487 119 717 953 371 395 409 373 577 902 895 991 528 29 117 897 335 332 648 574 199 582 824 464 821 183 566 203 237 430 135 592 946 670 823 679 516 654 88 757 933 252 11 476 266 681 862 557 908 820 743 129 979 697 2 556 958 60 569 670 488 928 723 284 325 263 177 305 404 600 627 479 282 406 324 317 741 537 896 871 188 549 75 608 77 363 532 964 227 322 959 426 991 268 856 459 513 223 54 79 513 487 210 934 155 734 406 129 605 275 89 179 287 548 353 491 342 702 962 414 305 811 333 997 804 21 301 958 542 635 242 111 920 480 392 582 848 856 260 591 131 979 388 606 820 633 77 408 159 868 583 94 257 696 573 109 780 691 21 699 74 660 759 143 578 749 89 326 58 513 866 888 610 744 143 616 946 266 900 677 698 536 875 826 126 178 988 664 291 132 468 444 737 863 567 718 445 146 473 725 434 931 50 887 348 551 679 282 118 80 659 659 163 837 834 981 994 223 339 48 55 739 726 772 546 781 733 626 216 578 444 212 743 794 968 959 420
138
544 539 579 792 470 67 847 578 674 208 706 94 130 239 627 769 314 778 95 886 306 84 544 34 358 403 833 502 117 984 59 756 130 796 613 435 512 678 2 971 221 335 809 476 300 756 363 13 300 149 679 949 968 329 975 52 366 759 965 677 367 168 626 421 674 385 684 859 56 282 708 203 659 307 351 166 21 964 451 728 632 649 355 721 597 515 853 312 799 640 643 846 669 932 287 783 571 157 751 266 547 563 840 183 862 272 456 224 829 973 935 721 603 989 640 644 243 491 212 949 23 134 719 849 173 94 593 949 860 578 718 271 399 276 782 893 74 693
814
683 4 665 859 137 861 495 915 687 548 575 834 570 23 29 978 526 445 277 683 302 711 644 480 82 272 483 107 943 802 739 364 922 692 831 823 371 873 73 366 859 40 359 276 745 910 796 38 451 872 918 735 123 838 912 595 518 209 710 925 523 336 371 812 495 257 593 824 464 439 772 878 435 239 477 694 577 541 669 72 89 835 928 466 354 864 832 81 662 955 804 687 56 921 12 11 946 783 162 874 632 493 851 808 788 853 849 55 138 434 543 453 214 297 681 100 476 45 181 688 921 293 467 795 628 458 669 60 946 159 454 524 818 443 137 275 535 831 695 884 156 44 397 686 347 179 354 233 739 501 940 718 850 444 752 435 776 720 483 648 629 499 408 893 245 42 357 685 632 937 231 649 623 669 18 503 714 680 459 438 273 949 600 868 259 420 219 821 24 35 106 285 531 51 914 534 651 120 140 312 545 465 185 483 610 968 805 377 344 926 924 352 267 817 354 397 465 797 429 202 834 828 291 867 762 156 482 944 491 726 915 701 756 258 882 758 268 306 992 378 931 435 386 336 111 321 162 917 593 618 108 786 659 617 640 644 764 438 847 719 370 45 167 223 55 731 524 961 683 66 446 283 356 961 746 564 938 547 318 184 723 210 849 183 74 409 774 736 251 942 9 832 3 905 835 795 261 65 139 467 737 151 44 725 840 24 651 446 958 588 892 154 415 398 341 765 195 845 518 939 14 425 797 1000 938 512 938 270 658 992 109 274 688 903 978 405 440 581 819 380 579 131 668 245 114 392 629 496 697 541 435 672 390 822 682 745 230 381 668 804 230 943 702 825 1 62 431 665 751 159 496 148 977 192 226 458 786 988 308 545 520 516 926 765 989 773 655 615 637 191 73 783 519 176 913 877 384 67 594 179 126 960 609 347 715 632 893 521 69 209 912 12 885 326 110 192 233 654 430 456 453 525 863 648 847 456 315 830 37 534 863 94 173 169 273 957 240 658 842 897 9 420 192 490 478 987 22 444 783 383 475 30 341 445 844 182 798 685 721 26 875 850 814 615 904 586 139 859 196 950 727 276 138 529 168 771 407 353 171 831 747 944 781 691 670 116 824 960 863 745 236 573 839 333 381 834 636 629 567 33 748 86 932 491 20 390 855 388 737 120 835 386 855 846 70 741 563 710 352 86 491 834 569 941 75 374 618 964 378 139 546 901 45 228 412 893 27 907 655 819 981 548 543 717 824 145 117 531 142 479 350 73 264 224 151 311 719 139 149 688 393 798 140 446 738 839 149 298 151 673 172 444 82 225 850 859 11 10 325 220 706 898 442 13 659 631 262 628 979 457 884 877 517 850 593 294 762 10 328 514 833 355 577 944 939 860 821 228 746 799 937 546 550 941 269 617 472 887 639 365 218 222 686 384 408 521 796 96 750 761 757 907 329 793 602 916 160 197 773 889 880 928 189 167 664 478 814 493 61 656 250 851 645 588 175 251 14 225 920 548 125 38 821 808 481 245 76 659 456 489 383 762 84 943 747 448 118 660 842 685 82 75 996 685 596 76 25 87 520 115 420 63 422 341 828 945 456 922 158 616 148 610 570 925 383 366 797 797 364 21 288 808 338 438 558 659 333 725 504 280 119 740 197 720 735 598 254 15 227 667 54 901 898 665 978 632 458 613 911 872 479 773 945 93 435 613 488 116 388 887 534 319 394 440 894 301 869 255 584 759 74 44 400 16 132 160 545 807 563 642 71 373 331 11 521 965 577 297 766 864 299 997 280 427 511 6 999 798 323 686 712 479 381 562 627 881 523 722 3 489 218 171 394 361 874 712 255 636 432 479 245 911 669 903
623
851 423 944 325 629 440 408 950 545 56 663 80 487 642 298 629 206 32 998 102 329 259 416 264 930 259 518 533 500 748 358 484 270 611 296 378 500 348 896 809 773 901 32 865 617 503 617 434 592 156 908 154 425 333 293 599 118 310 923 759 717 918 442 714 646 919 826 197 66 669 13 553 903 69 137 5 54 776 931 931 478 409 502 5 807 335 358 168 666 799 346 24 944 149 690 409 746 896 83 983 191 4 207 77 227 455 669 909 681 31 438 504 810 278 31 561 663 626 797 517 509 629 120 890 194 799 911 829 562 966 55 391 700 82 234 137 308 504 140 346 491 207 275 676 74 517 698 166 330 762 323 462 657 964 896 102 118 164 540 319 114 170 459 260 790 201 422 690 586 839 3 775 289 43 945 302 771 494 149 550 264 102 101 917 246 189 651 935 918 309 323 814 801 245 889 959 412 625 352 646 787 740 486 709 554 133 147 987 36 871 99 901 836 972 18 303 947 682 449 265 593 795 122 506 903 583 235 924 561 792 436 760 488 101 837 140 103 563 486 330 325 205 446 600 501 365 677 729 796 470 902 961 817 883 673 954 566 699 288 336 186 851 381 12 203 5 908 445 618 770 269 536 287 420 662 930 658 806 672 910 758 942 927 942 857 393 873 337 721 880 660 787 417 561 100 47 153 804 15 288 640 248 644 888 659 764 999 698 538 176 471 128 335 614 736 217 5 217 910 809 686 773 710 443 847 709 880 344 908 642 666 600 823 339 384 834 855 277 362 40 263 423 210 899 179 639 62 313 855 929 384 173 2 27 421 535 497 240 295 166 429 76 85 412 324 230 247 91 806 738 535 810 885 988 267 887 865 104 787 335 862 354 254 864 759 88 53 512 461 180 334 737 183 857 461 816 688 479 686 576 218 55 858 12 337 262 364 127 951 998 463 927 815 908 982 752 607 725 642 182 328 322 309 449 664 261 277 235 357 732 983 727 188 169 494 951 237 94 71 1 727 275 340 55 360 879 352 414 152 162 946 283 151 918 134 66 260 538 276 381 377 207 448 204 900 575 469 522 87 77 555 486 340 978 682 375 762 492 842 756 501 200 626 453 566 445 266 520 555 912 345 408 601 197 752 333 138 998 324 916 46 943 363 416 623 378 128 943 784 385 309 81 135 554 35 620 460 813 874 461 973 612 598 141 1000 466 927 266 611 88 552 799 151 145 117 903 699 87 573 525 94 913 379 418 369 222 389 532 347 241 861 853 857 871 396 68 669 97 239 482 60 355 940 622 101 406 633 35 346 291 202 718 529 681 438 429 562 488 411 448 462 286 391 258 479 67 339 389 986 952 318 466 927 778 793 841 615 593 49 556 876 105 985 10 940 249 305 657 789 482 125 280 499 785 716 583 610 136 124 110 578 184 30
371
986 317 741 478 498 868 657 345 110 221 775 975 133 241 834 924 13 562 251 935 321 964 571 226 8 371 516 231 718 475 515 358 113 621 642 252 344 40 89 650 786 269 118 275 668 210 848 200 979 609 954 349 114 905 820 672 629 639 516 418 902 361 806 544 237 352 242 629 830 760 224 269 839 935 135 668 306 65 476 156 351 899 448 285 565 175 89 529 559 46 505 402 310 113 479 830 337 68 173 650 212 196 996 826 31 677 380 114 837 121 23 843 457 694 262 371 545 483 498 428 556 179 196 226 297 333 991 373 715 220 393 351 531 493 788 733 51 533 25 639 663 343 402 661 220 68 667 300 652 935 734 28 310 87 425 518 163 283 2 805 668 326 253 537 520 388 294 266 421 47 173 614 868 875 678 805 493 336 301 702 412 45 739 101 685 889 764 411 979 805 704 6 89 412 509 207 22 575 536 889 359 946 576 626 201 772 357 657 184 338 994 344 72 292 311 502 2 362 509 648 742 900 143 84 719 197 936 935 723 7 178 954 201 697 507 964 314 416 63 12 163 917 800 331 187 497 185 415 644 407 918 504 556 890 686 272 431 514 414 548 694 789 919 574 313 592 604 921 315 411 44 587 816 64 844 474 564 434 823 513 860 838 463 216 494 954 963 620 680 36 164 26 223 674 99 289 491 860 729 76 174 186 759 615 964 88 834 961 332 410 845 138 126 817 909 96 696 124 341 995 622 100 451 630 64 727 598 163 216 835 135 434 42 799 974 52 787 760 966 879 831 326 100 736 276 842 666 461 545 931 900 825 936 935 883 977 875 514 528 321 683 265 248 507 650 572 409 778 343 43 12
509
374 95 437 669 271 138 241 71 82 542 722 374 296 649 7 132 982 842 148 702 878 471 922 446 939 386 191 752 26 651 177 898 815 439 1 961 634 814 604 314 402 641 995 671 371 10 609 412 909 245 1 843 492 942 514 859 383 960 550 626 184 761 967 729 79 435 861 832 817 148 878 789 761 618 528 863 137 117 741 897 276 404 4 845 753 113 410 354 317 291 852 959 128 493 665 318 826 615 864 785 527 834 420 970 848 38 858 380 521 725 127 450 775 214 512 495 878 606 512 485 590 133 608 792 176 262 933 336 559 637 292 56 602 272 170 553 377 626 705 867 100 90 837 645 661 372 523 764 303 265 797 241 234 219 75 490 183 505 743 316 436 4 713 618 574 616 924 864 232 833 902 404 83 171 185 876 134 764 679 428 824 265 71 905 264 645 121 226 456 798 73 320 918 752 77 46 213 283 718 147 377 434 701 172 160 343 1 698 921 457 911 301 209 691 118 416 108 303 449 217 131 248 432 252 171 194 668 919 82 732 878 680 24 690 723 243 426 952 877 973 885 584 240 213 642 333 230 108 702 521 124 125 762 735 60 654 826 524 627 660 781 890 244 529 491 758 657 367 864 896 43 684 602 308 465 470 251 312 407 818 429 941 709 610 152 146 458 352 180 113 303 919 877 258 351 510 438 701 712 795 324 835 732 846 796 484 926 719 327 735 1 48 294 662 484 436 889 833 702 989 641 850 62 471 724 177 522 511 762 239 964 231 653 446 882 901 453 920 92 833 785 612 931 321 874 313 996 584 368 146 754 655 683 148 401 427 992 31 308 346 438 141 210 432 917 371 98 175 195 248 310 629 11 784 404 639 638 377 326 573 17 130 350 269 265 917 620 654 292 468 656 193 810 713 129 255 30 101 279 169 783 559 774 660 522 966 774 782 241 513 196 386 320 71 738 157 708 96 971 400 229 443 387 962 32 182 880 929 124 433 708 129 79 885 410 88 347 310 375 666 708 996 205 69 473 506 75 726 112 778 933 761 535 968 760 974 131 396 924 182 638 329 554 224 631 592 210 101 536 429 256 661 289 128 161 12 155 525 197 776 240 923 891 746 67 471 140 865 284 883 605 579 363 378 793 351 25 608 135 974 988 107 777 998 919 1000 907 669 879
551
208 847 283 429 974 520 759 220 49 713 912 509 976 678 829 864 283 851 262 91 658 57 433 446 348 168 864 774 168 938 185 656 478 576 289 183 210 882 274 294 560 109 232 657 83 977 378 481 181 928 25 667 605 450 986 936 255 490 558 734 372 578 254 511 605 939 908 960 475 769 516 67 625 821 471 682 118 782 352 38 999 798 796 697 583 405 12 751 819 532 502 890 716 768 636 863 786 844 830 783 201 53 635 879 288 915 333 739 871 184 842 597 152 55 426 950 354 470 832 425 65 541 27 509 781 86 158 440 233 531 990 264 300 244 453 667 885 266 260 52 252 896 413 522 583 623 872 733 696 438 314 212 983 615 50 812 36 142 702 448 289 560 720 714 820 117 24 907 695 183 77 16 578 466 60 790 835 393 494 993 755 200 24 677 598 170 982 602 865 846 16 345 344 986 478 447 463 385 343 420 647 410 249 394 899 226 126 214 677 641 605 101 602 448 655 929 839 470 698 474 552 163 978 362 991 297 752 484 191 451 765 885 377 403 650 188 146 552 806 62 524 639 650 834 62 305 459 548 246 98 381 159 655 787 397 830 915 518 924 428 528 919 578 416 623 625 783 647 447 74 549 716 84 68 758 549 663 746 613 916 316 125 933 163 181 511 854 31 699 901 998 951 932 973 346 855 667 104 212 176 165 807 380 206 870 358 360 243 625 434 283 828 695 237 504 404 7 125 541 326 292 472 181 983 529 349 414 381 56 46 435 346 131 189 832 594 410 833 440 52 488 552 413 44 619 597 387 702 166 230 498 763 922 425 534 260 287 731 529 899 442 320 630 617 734 103 146 237 269 956 29 340 185 937 672 375 292 158 875 362 732 955 985 620 781 707 132 213 924 521 595 215 665 899 221 384 594 425 335 198 900 110 265 813 514 563 868 746 996 996 13 353 852 145 767 90 160 759 504 868 624 785 369 905 763 837 720 648 358 238 165 155 173 927 987 186 831 987 798 598 256 335 63 2 630 249 805 96 376 382 24 482 119 434 717 29 477 426 807 777 760 475 65 772 633 171 448 693 626 68 547 900 539 144 742 482 707 624 17 534 260 203 585 565 861 329 938 22 622 183 322 736 461 457 520 444 629 892 692 921 61 10 825 957 881 41 62 829 817 817 564 395 580 83 659 606 601 523 588 22 875 855 171 515 75 251 298 119 144 548 54 11 809 305 646 849 200 748 742 686 586 362 237 891 481 557 90 358 858 49 826
783
802 623 184 532 204 543 825 791 618 872 297 492 128 900 643 469 801 557 989 529 443 452 339 829 503 568 772 379 234 855 966 176 308 560 539 636 187 219 255 144 5 821 902 794 452 765 312 541 631 348 557 527 635 899 28 907 53 11 333 895 155 772 465 643 501 945 506 246 783 666 153 741 974 872 816 208 776 983 922 871 652 136 901 189 504 661 447 482 170 790 747 90 485 729 453 67 65 491 790 287 922 392 712 483 330 576 841 41 110 325 376 326 140 733 530 904 252 850 888 657 941 593 990 921 921 440 970 76 993 332 183 15 234 46 572 491 481 654 876 801 846 528 533 566 775 521 621 310 185 391 388 854 402 714 672 40 537 918 224 251 277 68 629 228 841 589 683 427 260 379 382 257 703 837 492 396 750 451 706 999 264 457 691 314 102 952 287 194 63 448 893 11 517 668 547 74 738 670 507 228 247 146 252 880 108 751 528 422 875 608 751 154 794 662 830 328 498 813 660 162 141 68 225 415 829 873 685 171 158 920 724 298 596 931 416 453 392 494 596 788 269 539 552 964 965 512 420 263 295 413 864 597 742 244 252 269 576 997 360 298 9 132 927 861 572 594 546 599 635 630 860 569 634 367 14 84 283 385 300 649 835 704 193 969 516 736 54 559 191 235 730 321 375 446 493 345 314 872 132 328 786 487 888 239 425 376 614 388 958 689 335 978 599 12 496 815 427 547 916 655 399 725 682 307 213 960 109 338 898 961 872 787 168 591 208 589 933 138 862 171 570 645 673 361 562 651 417 798 406 818 752 865 82 361 391 835 713 968 890 186 498 92 691 245 935 471 479 323 184 830 916 182 250 766 390 20 657 137 310 618 829 374 827 736 305 277 372 551 210 62 371 886 176 612 977 364 261 260 12 448 471 256 400 481 679 383 367 326 475 361 222 552 581 793 630 767 800 718 555 706 797 98 798 970 621 696 434 855 854 552 389 391 342 99 918 901 310 538 240 11 752 30 186 243 808 645 884 199 824 612 29 412 578 78 846 889 402 892 292 823 38 796 638 1 533 194 734 759 159 369 558 614 685 807 300 288 791 342 134 396 484 601 1 456 334 861 422 501 375 720 281 470 94 863 198 762 182 858 664 206 204 123 795 928 617 632 37 839 257 31 702 840 995 76 544 559 700 672 347 222 850 361 918 945 698 441 760 418 5 939 606 7 182 48 132 855 458 476 950 390 803 676 198 26 995 617 831 600 731 233 987 792 427 328 941 302 725 397 586 270 204 865 20 720 704 108 519 413 152 662 781 330 668 781 925 646 74 793 179 317 516 447 965 237 20 985 891 331 237 748 841 493 615 250 197 976 377 592 343 264 860 966 128 978 215 772 321 224 287 88 283 104 665 316 293 797 763 802 323 541 380 635 855 122 797 850 539 695 647 628 930 722 210 531 214 449 88 586 154 640 962 679 556 971 645 549 213 53 799 90 38 843 295 483 635 455 186 634 187 337 313 636 349 158 322 740 544 288 813 228 976 654 765 541 212 230 566 839 237 661 836 469 642 686 410 407 585 499 273 336 56 724 803 634 399 708 885 50 169 658 781 724 171 319 675 46 678 40 84 531 847 918 580 904 908 242 763 66 540 422 342 952 659 159 221 939 127 555 348 79 953 235 376 914 249 560 169 556 97 452 481 363 832 76 453 833 174 607 219 375 160 950 465 453 279 768 461 397 416 986 53 402 809 273 104 734 508 210 89 486 150 407 696 252 284 889 129 253 707 720 796 15 835
932
685 897 219 165 707 869 222 105 586 530 20 782 644 273 21 339 938 657 645 259 870 707 562 917 561 94 964 687 591 670 638 106 54 627 448 201 749 246 760 364 221 216 338 148 168 260 888 245 468 760 985 925 852 316 129 878 780 36 610 156 705 812 740 927 120 185 682 373 945 623 212 185 404 504 264 411 842 924 913 318 682 763 617 532 565 711 310 797 553 446 593 546 14 213 461 994 327 532 511 452 59 989 449 695 991 680 613 95 186 800 609 938 900 2 749 240 309 229 554 707 322 76 785 332 465 428 908 979 730 933 941 706 573 414 614 220 306 692 220 668 331 147 579 713 741 53 817 182 391 699 716 798 603 303 699 128 11 544 443 164 958 42 134 453 59 47 368 511 706 742 894 206 561 389 259 659 514 791 792 903 761 228 72 708 955 119 32 848 990 499 848 413 969 293 482 84 490 629 96 491 742 60 325 240 608 843 754 604 10 838 349 862 115 179 108 896 914 214 935 583 258 597 920 894 484 542 848 506 66 200 297 148 764 842 543 713 86 502 503 562 858 12 148 200 470 903 933 298 571 72 738 684 492 951 184 369 734 376 584 429 434 862 802 983 167 77 999 382 972 421 384 411 617 915 514 445 848 178 513 730 188 450 896 218 305 19 950 790 62 610 684 859 16 327 42 810 468 29 683 575 42 948 585 13 423 235 902 874 88 300 515 843 209 681 172 464 124 7 600 930 827 594 733 987 999 713 385 241 125 594 756 579 928 6 191 762 897 113 146 293 415 622 257 613 444 741 892 45 903 479 305 36 993 448 719 273 127 325 408 475 830 136 173 912 489 630 389 250 882 610 552 285 727 847 80 911 667 171 976 244 665 280 569 922 141 865 574 828 108 386 8 971 551 566 427 365 392 93 836 120 568 114 670 791 768 249 194 17 887 915 120 645 527 622 968 735 252 143 7 526 681 767 282 766 753 597 980 65 492 257 293 738 714 997 955 395 686 889 307 442 975 543 410 643 336 672 291 801 67 331 341 866 98 482 829 874 586 305 673 132 31 299 843 648 427 267 206 78 166 982 514 73 37 717 426 764 542 989 606 211 59 858 493 24 593 893 685 613 121 306 210 618 601 651 510 291 321 228 970 838 75 923 342 68 863 401 212 313 95 84 152 830 672 484 274 327 136 363 131 720 518 522 617 807 562 402 113 686 348 344 423 204 814 865 666 452 395 247 901 189 195 646 642 251 965 569 409 619 156 546 294 473 361 907 245 721 696 646 279 517 730 8 93 697 919 15 844 762 704 541 353 388 68 534 450 940 789 474 246 531 915 606 923 358 884 352 210 384 82 40 612 720 32 461 801 32 742 568 391 314 650 160 332 365 415 727 920 700 882 180 851 756 609 70 488 220 985 785 589 636 798 139 909 518 278 421 651 834 573 19 94 197 882 976 366 545 348 513 692 197 844 660 320 496 469 65 70 795 218 161 467 307 84 137 15 251 198 586 99 166 733 418 85 948 22 608 639 960 537 747 432 221 665 798 222 279 716 291 594 255 378 136 665 801 430 480 156 605 669 875 749 966 973 181 437 530 176 588 609 470 354 810 817 592 525 704 122 577 287 817 899 575 561 954 334 104 490 800 987 513 48 230 847 877 545 632 148 665 937 483 865 331 608 851 485 747 323 42 846 422 319 815 42 385 611 101 159 562 178 947 379 711 374 186 873 930 41 9 763 852 364 737 390 564 159 269 147 518 550 668 622 989 497 555 958 494 310 838 159 565 194 275 573 445 749 99 971 296 76 591 631 780 263 45 892 445 271 550 966 763 541 792 771 971 263 679 917 313 998 731 111 215 166 507 354 717 60 403 50 410 731 648 299 723 78 785 226 552 340 464 541 155 726 549 717 169 590 328 231 533 899 973 207 552 798 904 324 503 354 52 739 598 838 933 670 58 924 950 579 727 689 647 507 175 928 118 829 427 201 231 531 688 957 536 351 152 746 279 433 592 798 6 127 80 459 630 809 612 400 590 415 741 796 550 557 760 347 413 561 102 159 515 855 831 232 585 79 660 745 494 48 244 82 445 451 713 822 689 313 670 295 706 942 316 18 151 812 187 178 351 331 766
764
543 763 125 751 814 310 761 601 198 407 444 198 777 874 543 440 695 198 123 678 830 277 683 494 366 597 351 390 973 667 652 267 214 529 921 547 509 301 600 531 929 618 220 585 92 532 55 419 937 802 403 959 325 134 676 796 89 367 207 59 670 699 23 43 305 762 461 901 920 171 703 580 499 71 229 458 381 191 299 119 10 476 20 307 466 934 538 126 660 782 154 479 25 427 511 297 140 714 838 29 665 102 900 454 217 472 503 689 313 47 848 837 775 379 557 100 573 518 224 145 6 63 528 783 666 847 250 436 884 17 173 451 851 357 88 283 988 973 191 19 129 243 876 74 291 660 488 502 980 840 453 238 839 971 500 840 295 978 137 694 102 477 121 149 427 440 191 17 376 780 200 123 363 282 39 678 404 863 622 761 66 315 179 334 185 849 113 900 33 433 18 700 727 348 440 717 260 31 901 110 986 630 680 880 597 363 867 681 701 249 224 109 48 231 469 950 521 709 656 616 124 953 118 890 661 729 770 881 791 11 463 659 413 564 875 557 232 269 838 387 536 645 438 359 510 228 712 844 604 270 700 748 273 848 367 677 770 531 984 688 593 235 897 618 785 774 125 764 84 772 10 255 824 522 943 935 355 190 288 214 804 881 356 693 985 447 705 841 194 647 98 364 930 528 856 650 192 652 870 440 912 838 739 77 662 160 843 433 486 950 717 384 624 933 402 659 12 137 212 398 702 716 772 161 674 389 913 176 669 493 872 969 627 983 739 990 707 768 254 128 883 702 963 770 964 455 884 531 814 313 474 837 795 274 742 80 708 101 115 644 452 56 392 245 537 639 255 707 224 349 562 241 693 4 268 422 714 776 739 755 284 667 854 259 399 830 685 942 135 264 933 934 40 739 344 287 942 850 338 644 198 287 240 885 439 380 558 16 251 688 465 625 82 687 593 926 52 723 192 973 236 34 146 516 179 299 331 866 693 907 671 863 148 432 378 59 290 812 41 300 459 676 208 506 653 833 564 186 483 279 51 105 299 957 864 679 470 153 154 341 130 793 696 995 327 204 237 657 404 997 864 554 218 121 619 989 11 571 787 385 333 950 224 1 293 846 110 2 337 2 542 829 432 445 412 938 251 425 25 14 720 825 693 431 925 773 478 427 634 18 988 149 509 494 228 48 104 768 420 83 791 856 75 406 962 573 626 461 118 459 574 180 236 35 29 385 294 190 314 196 520 432 994 123 342 260 625 45 253 954 86 599 791 203 261 821 526 630 443 289 873 905 835 699 687 621 498 730 621 309 82 607 496 830 690 940 835 163 50 805 367 723 489 18 641 491 536 729 74 170 431 294 946 798 664 140 834 557 941 28 685 512 784 933 842 166 932 795 6 626 63 799 991 458 224 481 768 686 53 589 179 118 790 701 779 443 808 905 325 107 338 432 661 797 177 841 168 869 896 896 625 242 932 419 6 264 842 982 817 773 938 186 901 497 20 696 240 416 640 671 493 826 890 117 338 87 788 610 597 792 83 952 559 251 40 108 58 331 449 382 660 289 825 336 818 69 451 406 815 816 803 127 159 777 37 157 3 316 595 309 767 333 148 295 286 1 656 61 360 641 532 767 113 463 60 690 213 303 971 229 648 20 909 162 492 827 377 901 774 41 99 912 490 921 719 776 782 504 186 417 44 378 85 97 744 482 282 248 60 227 523 806 95 625 934 318 241 301 971 445 623 701 739 723
111
704 456 951 495 190 630 211 523 802 633 525 770 690 238 736 780 130 67 76 869 179 840 750 367 762 565 970 957 26 323 967 101 149 677 322 224 869 338 235 46 397 201 533 428 324 43 803 736 730 843 674 365 438 966 23 993 930 784 18 318 983 860 321 453 341 507 158 699 541 495 574 511 427 799 604 965 40 813 548 18 610 989 615 547 615 342 646 921 321 470 967 526 386 552 863 69 854 405 124 116 244 902 895 844 155 944 131 797 731 619 302
426
49 56 799 37 867 641 882 752 599 623 652 301 147 416 646 690 573 209 541 607 746 294 640 228 522 148 545 247 411 166 754 941 184 906 880 219 537 356 910 461 913 962 917 846 691 12 927 188 391 145 130 367 949 812 230 242 383 946 541 153 788 877 795 84 757 534 303 164 24 915 602 519 302 575 381 879 820 187 181 381 442 965 2 147 457 465 452 750 956 725 876 191 799 205 16 87 132 848 821 497 963 547 382 726 873 748 907 636 972 5 16 492 131 7 414 85 836 119 582 462 434 276 119 795 979 782 110 665 512 378 262 575 528 999 781 552 698 69 584 898 872 727 741 227 461 88 879 94 298 505 610 681 545 593 73 145 880 461 138 970 382 203 926 705 958 658 81 144 432 983 15 651 904 798 313 937 455 340 312 184 587 764 89 952 589 832 561 650 23 801 360 973 557 393 251 640 320 899 185 596 902 435 487 646 126 210 307 189 114 395 867 925 192 298 175 293 544 656 524 846 94 102 640 309 389 649 911 382 967 629 978 71 888 536 777 29 919 583 639 690 915 329 762 895 724 309 887 392 768 735 575 56 108 577 48 458 265 424 728 180 206 854 505 60 648 279 754 356 153 216 131 111 486 103 125 794 696 589 763 827 231 614 795 378 97 132 978 395 174 71 384 514 730 818 351 990 139 353 440 320 610 300 721 276 693 857 428 31 904 1 129 31 589 435 515 948 49 682 176 814 231 126 605 831 757 358 436 624 676 254 573 307 427 747 443 334 970 2 215 285 712 48 764 847 727 651 457 546 606 253 828 369 294 71 269 212 345 960 172 883 839 130 589 919 449 823 585 414 173 918 898 187 293 336 869 794 919 942 881 351 615 760 70 49 413 563 495 923 743 490 115 952 441 541 426 683 657 585 464 175 30 546 301 300 958 738 762 132 256 377 392 914 128 408 598 398 875 219 619 171 206 534 408 788 51 989
877
575 743 785 975 96 116 560 532 765 189 424 267 811 498 823 759 981 70 682 312 743 33 664 236 167 74 102 993 184 669 675 512 8 282 196 859 913 600 382 571 424 831 693 840 802 914 645 735 924 313 582 320 106 412 191 891 694 407 82 78 817 180 441 577 881 452 809 564 844 622 202 302 894 636 715 765 693 623 251 76 446 130 497 560 908 924 739 420 75 596 339 371 744 110 121 546 359 391 295 526 337 460 722 828 121 701 540 278 304 137 487 462 595 520 224 232 622 286 720 845 772 216 859 596 168 894 386 954 586 223 948 66 202 926 176 254 854 715 946 663 451 172 388 868 452 285 334 793 991 783 847 200 390 916 29 928 144 582 218 184 69 916 633 353 468 615 29 840 236 598 141 896 993 464 983 205 912 195 914 840 681 32 636 406 621 437 35 841 326 870 982 172 571 380 557 574 535 223 200 126 640 308 350 366 482 36 555 508 60 210 859 876 492 882 817 786 387 894 543 117 705 273 731 300 877 767 319 372 720 244 837 716 868 790 908 93 989 195 896 148 880 35 120 238 925 808 536 639 961 361 28 783 62 586 707 711 325 292 121 306 160 825 7 911 811 881 458 297 862 403 108 276 275 91 830 548 293 42 887 280 245 466 145 610 93 126 214 519 31 304 413 492 47 695 360 368 388 407 974 237 407 773 686 781 495 230 479 772 339 99 496 151 424 939 827 834 329 417 189 560 292 523 141 463 662 646 506 162 717 951 789 576 687 94 578 524 835 596 173 352 11 11 300 630 733 173 617 573 143 540 246 92 993 734 348 508 192 333 56 385 276 42 998 795 363 962 5 869 123 308 418 619 462 531 661 152 251 956 92 807 179 274 513 304 18 522 787 755 644 775 601 561 677 216 680 727 298 290 573 590 183 3 631 340 443 287 330 717 481 97 485 873 498 160 849 308 570 177 751 629 341 168 306 968 332 972 832 146 247 594 15 821 779 8 704 880 596 554 104 855 638 389 605 342 398 591 42 20 186 536 848 429 881 144 596 784 990 356 380 35 125 600 325 183 18 666 159 596 101 577 67 844 755 867 258 852 946 272 210 207 861 417 482 365 57 898 259 25 342 283 883 87 551 948 264 573 694 256 726 803 279 793 929 759 617 681 966 500 869 669 364 491 259 278 885 722 347 458 112 715 705 948 701 963 710 800 33 498 390 9 979 888 793 226 591 924 143 61 107 435 911 815 301 29 373 818 175 388 955 435 878 127 861 742 560 367 372 192 981 991 51 349 450 17 131 580 322 104 736 241 693 752 39 894 434 771 536 554 664 485 128 485 247 513 997 653 40 714 267 318 486 184 653 305 315 997 988 961 946 28 54 34 913 778 779 144 87 587 1 766 416 454 917 486 692 463 593 275 199 139 592 479 556 162 918 118 80 872 805 347 827 488 244 738 167 221 321 433 439 132 478 763 162 232 779 143 126 497 632 426 142 710 717 692 692 197 145 366 780 672 706 422 641 180 177 794 667 233 192 848 378 230 233 757 94 35 758 65 615 210 821 140 986 270 54 322 454 620 786 198 636 487 992 667 930 121 29 43 661 344 869 969 668 878 746 159 41 377 883 334 509 363 82 821 347 227 589 565 935 884 473 936 423 949 869 590 161 197 363 465 9 236 85 315 265 361 665 221 569 838 324 465 425 613 243 684 632 515 169 261 599 743 43 769 867 208 850 61 363 126 340 860 625 110 629 832 418 727 573 470 980 116 819 648 261 212 597 745 467 978 406 202 712 57 549 768 389 581 993 213 673 636 881 356 957 577 175 621 351 789 317 900 109 734 937 82 746 99 454 760 160 545 146 483 611 751 364 728 216 165 280 876 4 341 248 158 616 165 388 816 60 291 212 868 253 717 268 761 40 772 508 414 114 325 625 773 922 778 782 283 337 695 738 202 402 353 928 872 388 703 730 984 303 32 196 970 875 351 591 862 357 959 18 527 613 4 664
180
515 653 310 43 388 196 136 281 412 275 528 357 55 270 857 241 766 995 162 893 54 693 109 378 516 220 38 463 554 177 59 288 266 268 330 110 832 971 664 720 46 280 965 877 985 929 57 282 449 697 454 518 226 403 470 639 31 909 558 15 600 511 856 678 651 760 878 998 448 666 947 628 908 37 76 663 667 565 629 244 934 320 826 786 105 540 598 839 447 459 45 526 425 933 59 252 351 343 307 513 282 51 490 72 854 323 973 987 169 485 102 202 101 233 835 576 609 49 729 527 412 763 192 56 428 868 835 18 672 507 261 680 417 56 27 479 957 2 90 156 472 766 563 174 358 348 794 948 87 85 247 383 473 33 837 748 314 470 584 428 743 588 148 318 522 864 691 492 920 37 669 611 407 28 391 492 30 12 959 500
274
29 332 996 48 619 638 955 988 496 878 763 462 212 664 518 392 9 188 419 124 463 976 259 456 96 984 379 445 311 973 907 107 147 398 811 121 449 608 876 909 606 308 339 726 882 992 713 428 423 860 468 529 185 731 55 257 145 717 470 661 724 653 650 712 946 544 970 842 377 784 232 636 977 476 588 16 4 327 118 662 688 652 300 404 10 186 996 783 719 954 341 597 968 786 51 691 327 96 484 175 220 252 362 401 33 919 644 55 778 321 497 801 208 993 759 660 289 864 674 742 634 595 541 534 712 535 763 709 997 246 473 270 175 950 644 525 978 107 844 764 622 370 817 269 340 47 882 231 830 217 984 478 123 598 274 574 83 832 107 78 210 608 737 963 207 600 668 590 660 898 759 323 194 269 431 25 437 900 530 458 632 809 559 480 72 686 75 469 63 406 87 165 997 642 790 876 658 249 409 993 398 891 985 698 156 479 967 713 152 150 6 13 508 469 157 32 586 278 668 805 274 318 19 830 651 985 614 797 147 578 285 854 579 979 136 154 42 909 743 1 804 215 526 140 300 623 922 96 633 805 256 999 690 103 240 241 410 174 182 858 222 306 608 364 615 316 819 523 341 27 126 736 943 565
854
155 611 968 63 948 473 387 581 830 343 764 864 262 691 75 89 763 408 298 372 796 658 529 565 795 346 5 204 572 107 997 510 938 484 350 445 971 17 29 654 851 683 855 946 169 670 818 169 698 849 141 188 87 535 783 362 545 595 468 137 520 340 866 213 178 839 25 547 668 360 339 975 651 219 270 35 470 996 60 761 828 809 184 546 247 377 622 30 845 574 270 64 443 559 635 440 704 595 769 540 632 681 89 739 989 21 333 39 202 303 36 685 965 55 20 126 961 473 269 839 781 590 341 850 579 152 38 935 768 355 478 951 178 13 949 5 621 437 846 681 687 681 220 369 273 973 224 666 938 378 910 109 753 30 550 242 15 605 154 541 778 727 80 597 492 774 147 838 538 658 365 118 163 604 370 71 226 386 804 486 517 290 263 509 601 988 60 258 121 660 5 198 171 651 125 620 787 797 121 768 241 944 881 865 125 421 538 488 873 695 948 904 873 50 994 969 463 304 206 565 391 963 585 374 948 102 462 4 744 453 965 96 617 301 37 546 695 764 37 210 28 4 309 934 591 143 995 26 677 681 546 39 161 356 183 732 108 434 913 909 420 960 356 89 215 266 472 83 357 343 866 54 286 601 939 595 183 654 186 784 173 300 304 412 649 776 660 43 449 263 73 633 752 452 997 828 331 136 136 575 448 268 992 334 567 885 926 725 812 718 256 900 28 923 885 361 877 591 989 523 938 907 575 452 5 380 344 154 522 655 267 714 36 795 906 37 286 803 725 309 545 146 814 530 859 923 658 325 924 784 234 249 227 68 377 998 24 88 348 244 446 319 797 459 737 985 431 139 363 473 781 159 916 515 536 217 153 544 796 807 396 339 338 302 791 546 417 218 489 842 512 116 803 545 637 245 175 420 923 830 461 128 202 511 448 807 392 323 339 954 287 480 323 241 111 543 788 643 466 903 73 151 555 413 123 256 27 265 919 664 559 417 714 915 364 504 975 503 143 890 14 288 529 824 150 180 773 33 175 999 756 305 335 727 92 814 432 528 890 826 661 303 709 70 90 466 437 254 723 949 177 785 697 887 29 699 253 903 149 778 207 15 740 617 834 864 927 139 926 167 480 592 864 474 216 268 636 435 238 788 773 497 325 735 881 227 835 603 725 322 609 392 57 627 653 344 34 689 648 115 971 513 358 318 151 761 836 573 784 352 77 90 315 611 146 593 449 417 708 492 343 802 286 98 890 685 224 722 598 7 163 282 934 296 413 765 21 525 193 195 448 856 926 184 906 505 220 749 53 627 627 487 700 111 744 985 579 638 457 315 462 161 966 47 844 56 112 196 140 238 843 407 309 567 498 33 613 145 879 278 337 794 555 748 395 763 194 761 693 928 692 155 715 347 285 192 937 643 829 616 276 457 277 848 839 875 733 464 555 125 62 785 547 963 886 190 147 162 789 684 312 962 929 928 550 293 538 768 966 459 994 593 373 410 781 886 942 689 53 458 593 60 312 429 898 36 536 137 704 709 917 504 942 807 646 481 14 938 680 361 305 587 509 762 131 448 546 190 980 632 300 713 384 699 406 24 285 993 635 517 1000 370 423 266 797 753 805 42 327 533 443 382 463 19 676 422 481 807 342 179 984 947 771 730 569 177 27 683 817 105 351 11 866 113 726 253 575 698 659 31 775 491 512 697 477 306 272 634 891 139 485 247 846 529 721 386 727 243 566 306 281 832 76 15 549 911 758 53 467 518 276 111 596 587 41 701 994 678 950 340 764 556 442 574 348 582 728 750 236 838 251 518 925 283 621 287 238 166 73 473 714 231 684 628 760 306 281 711 974 609 823 716 771 536 241 121 390 169 688 204 746 832 117 211 750 75 361 127 342 167 244 11 62 878 808 839 825 320 708 274 608 931 337 545 99 423 379 658 784 508 442 403 650 403
841
971 300 723 160 259 740 927 292 321 616 886 932 601 239 937 553 866 914 32 813 549 606 967 217 428 404 841 897 39 289 467 190 803 211 18 344 888 632 929 108 880 612 552 764 205 829 331 330 74 200 315 730 634 435 124 560 194 275 809 324 208 323 234 826 221 62 486 670 970 555 859 397 6 832 229 114 785 994 512 204 25 139 452 553 961 567 794 378 866 950 324 815 882 264 521 665 773 727 713 168 268 757 382 256 442 592 369 491 740 769 315 337 682 406 506 866 865 623 900 559 884 818 736 33 491 24 115 607 726 354 851 361 931 50 802 413 805 780 393 167 178 257 152 86 188 169 296 26 776 300 359 386 660 333 740 959 832 976 400 121 506 546 362 825 370 69 33 127 9 871 862 294 407 122 57 76 843 7 748 574 520 513 451 407 177 184 800 763 556 164 26 314 122 841 899 908 307 527 693 235 977 246 614 282 378 113 569 306 157 579 674 866 86 943 479 281 563 674 194 820 606 113 221 131 296 416 839 116 10 417 781 379 916 653 922 942 114 678 19 638 314 256 775 986 431 234 500 438 246 639 73 610 116 453 279 437 176 914 581 646 967 106 477 547 31 143 827 286 511 838 683 735 414 433 21 81 413 115 627 220 483 888 624 481 30 44 698 83 132 384 892 879 325 988 165 476 125 938 103 534 407 776 742 143 913 926 365 295 886 219 753 977 583 414 639 562 546 410 484 292 809 48 373 403 188 431 92 433 669 111 227 408 101 258 625 564 265 308 325 297 623 709 475 593 606 336 763 808 714 985 254 407 225 339 173 933 165 35 827 808 660 199 363 138 466 45 832 169 100 151 765 917 434 968 30 901 793 433 363 148 633 836 16 57 246 373 790 914 301 505 260 267 669 149 418 380 773 59 285 901 469 702 292 333 31 643 765 880 698 460 1 916 93 765 544 835 219 669 801 316 8 252 531 787 455 860 970 711 983 445 626 995 639 323 190 97 467 3 537 347 706 628 674 307 978 307 678 409 178 259 810 86 88 449 39 323 982 948 799 12 507 666 646 616 851 501 680 414 976 800 345 930 860 61 628 26 916 485 810 582 837 217 886 935 920 272 602 551 453 386 546 180 284 927 408 496 322 775 79 461 51 891 190 478 570 415 729 638 362 368 432 146 787 562 339 432 841 418 235 404 189 537 759 714 415 313 961 208 354 309 296 184 250 560 839 728 636 378 21 376 982 235 477 248 324 659 826 113 485 134 694 985 722 76 773 610 977 477 609 588 231 737 482 995 246 876 705 66 452 883 435 40 689 528 219 433 891 644 933 91 729 590 670 162 732 773 600 502 80 58 792 507 476 210 41 714 412 412 516 488 57 129 716 1000 430 201 480 851 793 597 29 696 437 2 408 178 891 574 567 460 650 518 899 874 662 909 738 785 723 863 847 361 356 41 24 840 612 202 924 645 334 787 759 878 740 994 186 174 755 696 82 864 414 24 110 687 550 393 442 306 727 688 19 47 856 683 257 202 205 911 335 664 309 481 147 893 90 584 63 428 203 704 22 616 798 782 482 870 704 56 730 250 119 346 375 995 944 102 987 331 386 137 542 24 865 694 173 299 779 258 644 774 541 974 973 372 939 797 252 331 979 435 236 730 559 850 156 150 474 243 730 104 727 800 445 401 105 720 473 575 419 642 581 29 31 181 333 890 937 624 32 571 559 344 957 426 700 330 201 802 183 815 200 309 557 220 136 841 49 597 929 798 286 998 64 282 430 166 518 17 738 149 296 193 429 351 531 597 381 662 972 605 531 494 960 365 986 161 321 865 345 286 648 195 615 354 47 665 604 358 247 829 580 756 99 314 422 424 855 431 899 297 826 791 439 130 286 741 123 997 379 164 688 577 167 484 463 429 157 529 148
116
328 542 10 325 172 506 845 430 859 547 432 669 940 186 84 300 299 13 910 583 13 894 163 587 865 96 772 245 550 611 973 456 396 658 234 635 254 160 417 273 757 411 846 289 533 738 631 567 467 480 998 974 585 569 386 143 123 803 700 405 447 683 749 994 113 664 165 353 984 642 107 206 161 53 361 330 770 102 559 782 128 514 763 213 820 786 324 754 439 975 146 336 700 931 248 249 584 222 35 106 696 721 206 765 580 345 507 275 251 489 74 930 936 179 866 616
563
282 469 269 775 318 299 563 760 107 38 945 854 385 514 134 523 38 324 797 154 770 914 787 928 848 306 900 843 309 638 614 784 403 136 644 177 845 818 854 614 808 383 995 745 710 818 266 676 685 222 673 19 160 277 963 403 369 606 198 202 130 350 370 819 404 957 169 858 489 489 688 69 963 568 637 354 474 538 310 741 252 826 444 897 988 76 378 578 944 902 594 247 747 616 442 214 2 665 69 408 454 18 37 797 637 605 934 897 571 145 394 353 251 362 246 341 486 996 29 543 56 987 949 550 625 574 385 263 823 531 219 806 978 32 925 76 888 93 32 890 583 31 293 240 55 160 380 143 59 326 177 53 988 161 15 100 756 194 755 154 136 727 3 374 123 53 415 439 892 675 267 346 494 703 397 968 891 909 563 620 466 685 938 775 107 262 883 765 218 33 963 675 451 774 409 643 293 153 5 104 554 480 844 20 203 579 324 895 852 901 934 157 815 499 751 703 474 503 984 370 175 178 164 270 577 589 874 303 428 809 659 917 368 33 302 461 182 557 549 375 128 646 939 138 618 593 745 381 145 666 304 717 188 377 625 584 767 878 613 777 757 481 390 856 448 853 325 626 507 824 624 349 392 891 481 913 810 908 269 604 478 966 732 22 86 765 644 460 895 813 601 415 661 846 602 582 756 659 247 963 581 844 776 256 865 737 255 807 10 940 921 134 393 51 425 904 391 267 807 409 83 463 522 850 168 212 562 428 687 506 845 880 351 477 17 241 210 218 862 120 693 854 71 462 415 447 497 586 27 905 90 37 556 206 186 811 881 724 874 594 793 518 53 798 614 334 735 252 339 247 653 556 858 533 824 897 910 525 1 680 502 826 89 268 709 333 719 334 830 775 922 286 642 415 617 783 418 842 410 510 214 847 331 105 827 684 548 718 291 437 234 26 522 230 299 645 579 449 603 474 366 787 881 826 317 369 164 541 919 92 980 507 643 687 697 741 611 63 835 510 911 599 617 304 362 673 138 133 817 192 520 715 899 915 482 951 869 542 43 395 534 969 64 356 5 7 896 300 776 734 560 683 518 169 302 580 103 573 24 235 646 938 963 969 823 987 898 12 928 724 974 530 424 353 445 734 602 105 226 618 348 476 111 326 370 631 31 609 253 768 630 784 622 176 102 647 535 173 659 333 832 274 739 899 327 575 459 995 12 242 34 376 556 161 540 132 697 854 302 368 245 256 461 421 505 13 308 493 965 352 768 913 47 189 613 946 161 29 821 695 456 868 557
252
838 625 260 707 587 302 471 815 396 838 204 783 694 148 936 455 349 438 989 76 516 818 880 617 587 531 532 554 164 856 952 316 416 813 6 781 629 931 755 722 356 672 987 618 713 607 673 301 37 262 836 988 175 554 739 389 604 180 418 679 950 258 906 247 194 875 803 753 574 985 150 978 663 457 523 129 380 73 298 500 889 863 521 655 386 482 776 470 881 768 75 884 953 39 514 186 626 547 555 914 331 265 995 719 606 591 205 742 848 842 463 508 901 667 629 321 872 856 461 34 61 406 934 475 499 661 592 114 1 871 811 90 755 773 360 807 353 160 38 675 276 863 691 63 961 732 27 159 337 735 886 830 574 758 134 358 170 830 987 259 81 705 636 442 765 493 215 253 315 515 207 142 116 124 666 663 627 396 833 661 920 94 173 261 939 75 37 595 158 556 342 294 691 953 743 321 788 80 800 750 455 727 173 3 307 292 496 201 202 472 610 288 274 556 325 347 47 5 206 780 223 938 346 3 601 322 961 999 821 735 77 475 147 920 415 802 444 434 889 285 613 362 619 237 464 602 271 373 777 121 551 332
648
444 164 554 918 697 797 639 919 456 499 218 621 864 683 675 423 108 181 911 248 582 858 960 315 698 333 379 321 190 77 88 424 604 903 775 767 90 530 664 500 520 485 952 867 636 714 606 933 959 395 833 908 422 239 327 896 326 852 614 147 631 156 334 946 288 374 473 962 151 828 403 683 1000 855 307 912 874 317 913 313 366 667 107 26 406 122 619 195 535 189 730 867 23 434 187 371 899 807 199 121 577 749 108 636 272 219 753 525 103 780 299 106 808 735 156 457 240 333 174 813 716 374 888 503 605 14 241 326 418 579 856 801 626 100 729 190 564 363 524 826 745 185 225 537 674 467 475 982 608 499 140 71 395 699 432 872 594 632 829 858 467 472 795 670 161 508 82 394 549 758 467 465 820 924 323 767 756 706 426 267 416 944 548 349 30 747 817 791 140 952 490 516 419 76 954 380 653 175 21 985 948 284 26 419 677 699 756 441 428 22 70 803 819 360 381 463 25 843 535 407 697 229 595 916 843 876 621 982 660 254 399 265 476 153 595 75 782 609 162 897 391 788 822 86 916 254 245 8 196 258 200 735 632 407 898 193 139 997 165 743 101 174 917 662 62 573 847 554 129 237 88 214 279 807 262 972 72 538 471 280 342 756 969 120 821 433 66 225 646 876 118 811 17 513 673 860 739 550 878 663 16 285 870 987 360 504 909 17 361 188 401 428 652 833 547 150 864 431 725 512 973 210 772 860 622 740 247 910 519 844 273 345 194 971 653 708 318 852 804 157 407 780 388 470 739 657 157 436 93 447 997 630 610 147 330 817 539 761 480 498 303 956 392 427 114 850 459 906 981 853 302 49 930 246 736 246 190 742 466 870 886 629 466 56 663 84 850 806 672 337 592 404 42 781 212 182 95 668 861 954 709 412 461 126 909 366 578 722 356 987 722 726 166 217 95 751 521 308 904 314 855 863 668 842 90 872 950 749 568 734 717 278 265 43 914 658 445 773 55 843 278 88 75 357 120 17 219 394 774 303 507 631 125 859 178 356 657 277 214 106 976 906 647 210 848 539 762 925 392 669 108 37 769 914 870 491 242 450 415 352 272 127 951 42 224 379 220 10 563 833 752 987 817 806 156 758 37 279 662 79 710 330 624 808 125 924 723 859 125 594 765 895 619 419 810 181 966 814 491 362 580 283 437 815 181 348 47 500 827 592 967 107 288 922 771 286 204 793 150 474 435 820 29 677 611 403 140 440 15 444 770 255 886 434 891 524 95 72 596 526 224 210 358 444 277 469 852 611 934 934 878 497 868 232 916 632 980 766 833 799 158 138 799 397 216 659 578 527 855 982 283 254 198 500 60 129 346 601 789 565 761 265 440 660 308 934 12 104 96 829 855 373 616 261 256 268 241 692 984 268 876 371 537 140 131 369 383 777 705 171 422 423 239 138 3 411 741 465 425 471 138 300 722 203 356 563 59 483
357
756 583 292 573 996 657 430 750 207 269 775 821 126 360 90 728 817 871 485 901 785 182 733 848 163 794 662 529 636 260 159 270 960 758 638 847 868 76 858 462 905 844 871 929 322 838 26 175 760 532 894 220 550 265 38 52 315 393 595 529 857 725 908 173 589 205 834 750 126 643 379 866 510 78 973 256 884 94 314 71 111 368 988 747 729 54 964 377 844 804 158 344 680 540 690 495 540 126 783 823 884 469 886 21 269 337 127 528 459 663 253 551 130 295 697 938 185 725 817 603 73 328 687 861 202 387 993 33 271 904 3 540 378 435 981 755 989 207 444 813 201 229 873 938 817 156 667 830 391 957 201 472 367 775 685 171 458 521 615 737 628 326 553 661 573 640 619 232 279 515 450 608 129 297 927 613 177 133 194 538 924 792 111 146 483 42 801 587 394 127 785 954 188 545 483 717 588 992 827 691 737 591 393 327 202 419 191 300 841 694 902 188 581 624 344 592 909 596 553 78 964 669 150 854 931 253 903 433 824 860 795 236 741 600 867 237 151 9 224 422 16 82 692 18 294 339 447 692 432 578 236 162 576 393 658 636 71 323 673 811 964 430 112 94 268 380 117 780 657 53 170 143 614 955 224 718 804 184 167 424 201 461 457 398 17 864 196 86 729 688 242 158 904 21 99 976 555 211 824 996 466 237 736 323 684 901 851 420 597 85 759 969 992 761 697 461 106 372 584 668 996 633 66 520 83 195 820 546 518 942 584 982 254 874 195 60 621 297 497 678 247 562 784 927 289 15 272 709 499 624 445 423 241 419 640 660 933
627
975 960 619 850 241 446 491 760 355 945 186 720 77 672 798 203 742 726 895 632 111 273 245 500 15 908 360 819 994 837 352 4 801 934 167 548 836 257 94 77 826 503 331 793 401 847 872 357 59 174 164 466 668 328 831 418 543 917 5 407 211 632 35 672 637 192 569 176 838 379 696 405 247 25 42 548 558 956 735 597 880 580 478 693 332 384 474 251 118 862 434 733 525 249 580 573 31 963 776 745 204 727 622 213 473 388 46 69 717 760 887 701 527 115 767 872 366 353 787 928 810 273 416 258 819 717 279 20 235 205 772 925 391 430 696 59 591 45 412 29 225 360 194 315 702 354 930 45 104 974 709 193 118 760 936 355 295 935 261 422 19 596 465 363 106 198 305 76 256 51 810 285 145 507 80 400 440 489 975 864 196 417 707 98 729 76 109 359 31 665 662 960 155 223 637 464 161 432 263 449 441 971 460 61 803 693 92 123 764 763 721 628 516 81 642 318 768 819 623 424 525 549 670 243 24 991 82 559 602 999 991 741 907 607 446 93 119 104 775 70 730 53 840 736 653 60 981 735 323 424 227 404 527 482 757 160 845 778 373 937 815 531 104 659 341 228 426 657 935 192 202 929 118 312 925 309 944 261 312 408 512 654 936 672 901 260 429 254 570 952 124 129 361 915 582 571 7 107 578 128 750 278 796 851 583 877 371 116 440 844 300 583 488 309 693 534 375 788 759 947 317 378 303 783 96 549 431 782 988 965 930 887 542 928 625 253 789 249 732 481 746 982 547 178 202 746 590 331 860 251 727 63 954 238 635 673 287 516 916 207 29 142 782 98 778 981 286 152 206 549 611 353 106 763 860 326 207 327 91 768 753 888 238 440 820 531 398 614 54 92 895 323 584 888 533 970 726 685 422 964 453 727 568 362 767 168 639 241 738 845 180 750 80 703 57 885 18 790 314 219 328 356 583 549 637 400 786 132 987 495 222 337 458 483 596 840 998 633 844 1000 639 506 123 44 574 721 664 245 70 193 739 645 421 381 650 28 727 565 446 79 560 205 93 899 724 823 447 711 420 261 733 944 454 294 322 783 801 713 294 192 823 983 721 494 144 152 367 742 214 962 627 438 250 875 803 548 517 385 372 450 267 949 662 654 139 419 539 89 423 276 939 227 887 778 269 698 29 939 701 918 653 790 917 251 662 491 322 814 479 270 1 897 362 501 200 411 46 368 420 488 63 460 588 700 689 648 36 861 520 748 864 990 997 75 543 32 535 878 356 402 861 311 26 320 171 701 34 725 365 351 167 14 841 33 852 335 740 871 108 978 10 241 305 428 754 919 307 619 99 77 391 526 442 995 46 717 329 843 276 3 352 896 8 284 272 516 60 918 912 739 732 378 271 344 20 420 703 734 707 761 386 601 482 326 183 73 908
608
547 783 204 736 685 109 165 46 503 934 723 416 27 181 538 554 121 787 427 466 386 97 497 10 827 667 837 567 45 518 712 575 182 348 158 526 33 490 115 738 631 409 356 989 128 183 342 187 645 984 244 619 387 929 511 659 488 58 572 666 280 51 172 231 767 605 699 408 595 37 844 897 165 5 650 642 292 482 507 495 257 778 138 600 69 699 53 274 232 382 878 897 488 796 418 929 470 976 672 892 659 926 18 247 133 529 885 406 337 508 493 28 722 177 899 189 898 885 784 546 39 29 79 430 390 725 408 973 900 264 192 656 421 683 496 555 284 339 688 799 858 261 791 172 685 407 79 8 70 981 55 335 908 673 976 284 647 187 800 236 74 876 545 256 560 444 40 269 275 591 569 166 688 136 875 664 546 747 603 508 461 591 743 263 32 533 281 197 392 487 872 764 500 945 107 60 359 75 142 160 494 225 317 271 97 892 271 484 206 209 822 832 278 995 587 331 290 561 546 968 961 320 149 72 934 481 646 706 448 603 287 817 96 264 708 555 199 385 784 95 100 977 166 421 97 696 443 870 392 616 871 636 137 906 441 139 62 874 261 914 239 302 934 463 334 380 560 785 531 481 998 459 215 59 967 390 324 631 187 110 602 751 377 865 290 370 253 954 73 865 97 337 348 247 921 699 433 134 720 256 902 791 173 570 712 100 220 728 302 692 686 566 451 417 355 72 189 555 628 883 931 145 704 832 700 683 512 435 229 829 742 298 428 979 445 811 730 667 732 691 924 741 557 984 845 567 498 185 341 442 34 640 6 543 945 649 643 564 773 509 474 408 455 521 610 707 76 698 334 172 533 328 682 522 80 790 556 68 231 573 183 652 243 459 191 522 922 183 255 215 562 110 904 182 313 531 737 342 135 972 255 158 896 286 511 325 920 988 215 628 199 572 459 93 587 462 835 864 28 665 588 65 62 93 541 95 756 805 826 356 938 950 703 918 971 675 645 871 460 223 502 555 885 134 699 142 357 137 416 576 926 895 117 292 351 537 246 672 54 927 527 737 609 589 211 719 201 54 355 33 281 738 993 966 535 872 261 248 508 11 540 742 848 973 900 898 298 745 531 997 676 462 289 929 876 147 183 897 72 54 734 137 671 87 516 615 24 266 233 286 254 601 528 830 208 747 316 806 769 339 282 295 555 914 790 836 615 315 930 755 999 396 493 961 179 812 865 796 744 729 727 304 72 586 978 44 484 343 132 378 104 271 683 364 72 914 839 574 323 67 829 560 910 174 58 820 950 614 201 301 172 156 609 52 247 343 450 802 41 711 576 264 72 537 376 756 743 741 962 699 965 236 50 126 705 531 900 135 425 178 129 358 822 222 570 923 142 967
770
55 34 466 964 752 73 760 26 478 613 864 31 585 757 603 39 989 295 660 985 63 282 189 594 366 287 855 233 97 60 59 601 853 736 885 693 337 596 445 364 124 683 493 305 501 855 483 421 585 216 928 733 138 21 821 499 320 935 409 983 380 45 288 88 378 420 897 12 96 106 286 210 480 758 281 271 245 904 648 615 798 908 912 124 596 406 729 188 411 827 448 469 217 615 725 545 195 595 127 536 300 663 708 980 441 437 459 408 808 44 555 500 336 543 159 1 714 612 851 551 716 663 220 25 12 24 125 313 128 503 428 883 8 880 328 240 743 611 855 220 596 852 427 633 25 650 930 952 850 104 479 519 185 8 660 330 567 560 148 104 452 326 998 580 473 839 616 889 737 32 917 710 292 669 491 634 926 11 268 682 683 65 193 329 985 968 650 779 336 962 874 57 737 845 74 917 570 662 428 762 567 917 611 258 739 523 132 563 694 390 332 547 889 508 610 690 218 681 501 804 25 276 750 286 78 818 111 584 451 247 621 631 579 596 135 329 952 160 133 350 995 404 20 73 236 244 559 632 542 141 561 404 707 989 512 994 482 785 196 627 865 72 478 835 386 930 521 761 454 914 367 656 829 741 757 870 821 964 939 8 516 103 340 901 801 869 967 236 882 105 714 101 412 855 794 791 409 949 925 792 89 437 811 338 662 17 298 599 89 3 61 19 764 189 853 996 641 499 486 81 648 564 833 729 556 876 42 510 663 515 848 164 507 748 194 104 819 687 552 870 814 18 506 348 955 158 457 613 831 941 953 177 874 228 351 41 738 889 355 743 530 528 813 723 296 905 367 913 597 744 294 369 915 965 410 796 586 569 837 307 745 592 512 368 132 301 172 103 715 415 45 747 953 577 128 328 764 339 813 691 151 555 985 556 569 746 826 635 290 791 596 141 363 805 747 874 993 977 989 2 896 666 189 53 201 479 68 109 781 675 87 498 875 823 405 557 477 846 192 79 413 816 286 303 456 738 851 163 37 59 312 471 581 390 442 680 619 526 421 220 467 29 35 158 500 980 606 888 269 851 225 646 453 391 314 337 537 502 881 340 484 233 315 788 423 932 552 241 946 616 142 48 779 20 376 691 345 966 366 737 751 95 74 40 467 484 349 800 558 205 137 962 5 58 195 608 536 16 688 264 126 480 850 170 346 562 859 214 885 492 396 399 737 555 787 131 527 36 440 671 705 956 702 990 240 305 647 483 341 781 465 579 375 471 168 893 512 180 795 834 217 299 294 946 366 405 712 682 260 792 661 718 19 853 797 426 890 334 538 379 200 355 736 900 367 708 222 6 410 292 859 185 882 92 837 853 439 665 699 634 185 788 624 527 888 765 89 416 509 267 451 566 802 691 478 778 744 103 750 697 788 715 11 113 35 10 35 151 746 674 366 431 302 16 846 225 1000 212 763 18 634 257 23 911 107 868 96 779 493 297 345 992 771 222 431 55 47 188 257 615 990 519 15 647 638 486 665 49 704 948 181 721 742 531 483 876 769 918 309 117 331 464 546 439 547 161 330 197 907 332 209 903 226 439 471 434 774 103 833 556 559 803 733 113 29 754 652 984 522 289 640 522 451 928 131 689 989 283 127 494 988 177 885 421 625 605 615 716 771 718 846 555 700 613 492 537 411 254 512 673 235 799 713 85 923 74 1000 46 634 218 318 276 683 122 312 845 581 685 88 112 492 245 10 509 768 654 99 351 263 758
984
141 676 335 864 46 98 382 462 557 727 123 712 408 569 749 213 351 683 809 177 733 271 2 819 886 18 860 377 219 956 668 991 549 199 652 671 132 448 290 502 486 1 423 835 211 363 693 424 114 869 837 335 362 379 535 998 651 378 933 973 328 433 306 524 966 499 277 647 40 866 410 525 510 184 857 756 433 437 340 476 483 875 36 95 949 666 179 447 225 380 442 837 975 792 219 87 734 763 309 696 370 826 441 381 689 576 825 841 417 39 66 406 143 722 949 673 652 998 217 584 676 452 732 76 897 154 651 980 842 349 876 237 382 165 382 121 718 221 584 754 677 310 586 395 9 727 378 465 444 885 238 221 948 935 973 951 171 223 367 926 218 118 391 413 838 749 295 233 305 78 231 421 273 68 483 549 914 420 329 527 970 256 922 665 230 184 94 116 184 903 188 941 914 427 995 993 4 627 295 205 848 991 907 19 393 683 173 552 878 342 484 21 154 676 407 915 435 262 607 726 217 812 580 436 482 322 740 195 39 135 946 590 20 858 19 613 318 819 160 99 262 904 985 390 510 743 457 257 926 517 311 27 785 140 794 162 20 88 353 471 28 162 65 96 281 690 537 6 266 189 76 696 681 450 867 244 487 886 351 997 62 689 684 390 508 601 307 699 547 714 38 596 559 844 687 561 86 826 310 640 635 856 704 706 644 222 965 81 148 815 829 850 335 417 725 489 312 408 463 736 957 161 524 159 630 761 304 693 444 271 420 146 987 127 941 16 295 606 716 760 126 277 79 626 118 971 585 457 57 883 321 555 992 746 508 544 535 46 804 192 887 894 822 660 302 483 823 678 601 23 651 72 618 278 221 668 165 623 145 64 694 736 114 494 916 855 387 234 262 762 64 818 781 783 980 120 731 85 464 766 293 973 723 672 749 894 898 428 216 513 47 271 790 722 934 573 22 201 765 377 265 352 303 800 160 934 834 444 835 678 619 77 203 743 164 567 818 359 374 566 499 200 60 212 806 106 685 773 803 504 781 234 146 192 839 424 431 895 387 546 993 745 764 973 199 795 693 23 536 835 32 74 667 948 927 525 787 889 32 182 183 406 687 527 355 210 375 111 534 300 768 675 257 1 603 719 505 271 953 532 157 279 936 22 726 56 921 835 689 594 38 869 550 971 558 697 713 694 170 982 432 962 512 417 389 863 770 123 932 272 338 709 81 959 580 80 821 372 848 840 642 10 89 562 503 582 405 443 221 342 752 234 994 314 978 880 498 616 6 305 56 902 545 470 517 759 227 888 659 993 589 429 994 254 834 800 435 23 424 783 85 277 161 284 681 7 951 459 882 487 958 116 627 665 570 474 530 258 6 228 581 379 528 235 555 137 10 230 132 11 94 736 317 227 474 74 150 337 219 502 410 355 267 768 295 463 186 789 850 844 174 50 556 348 386 542 781 377 640 346 991 766 520 820 137 163 929 58 359 372 577 643 692 363 533 238 554 35 58 898 459 495 578 370 659 588 861 845 317 709 593 246 697 181 896 726 628 951 255 465 74 673 204 997 645 11 538 409 744 433 444 48 534 633 834 43 964 919 18 400 893 212 290 596 664 128 391 973 591 609 25 527 613 761 28 631 88 700 876 601 230 24 383 26 202 24 565 944 945 763 708 393 136 687 1 667 765 79 101 6 199 15 916 563 702 4 249 420 521 156 819 275 25 544 839 166 780 120 201 876 289 567 186 916 90 684 160 426 545 614 628 319 988 778 809 23 780 39 485 437 544 564 953 40 504 242 6 475 686 159 505 484 503 674 110 793 248 4 778 197 538 607 927 16 771 494 312 709 724 224 978 827 239 462 483 5 390 279 113 586 864 581 919 577 216 625 583 573 903 181 856 77 653 884 552 287 643 591 259 523 280 442 608 486 380 650 641 566 921 391 663 588 832 783 520 126 384 169 622 689 152 653 65 826 360 60 377 567 567 78 57 892 789 851 490 204 865 355 752 829 783 98 566 156 401 293 590 25 318 821 313 332 185 230 846 405 528 464 737 25 518 762 663 811 611 646 129 813 187 123 959 889 18 832 561 342 390 917 391 766 182 107 180 246 8 568 934 46 537 109 577 312 570 158 485 730 777 888 375 688 821 120 993 518 559 308 657 738 394 73 693 537 940 760 653 536 895 865 616 225 43 507 887 475 391 928 798 15 201 283 84 883 628 51 788 2 530 410 952 22 294 665 776 598
171
877 878 398 909 978 585 376 722 715 885 640 549 328 263 148 763 851 942 46 383 856 571 964 998 99 880 589 871 252 350 762 300 742 198 184 775 972 858 50 94 503 478 891 895 862 249 744 463 501 605 589 204 204 165 385 187 829 634 369 146 812 562 195 327 556 140 884 525 90 803 119 118 442 681 1 274 762 276 872 13 695 981 873 835 42 666 962 929 608 160 529 371 622 819 123 882 273 970 433 299 772 932 996 741 210 676 184 669 399 899 928 616 694 903 808 282 684 505 962 824 140 128 164 858 225 259 358 276 66 681 783 712 468 345 852 857 715 675 136 184 340 798 85 825 849 208 430 258 835 999 547 309 793 896 280 226 691 318 144 356 909 150 735 161 914 321 880 247 744 594 932
233
488 203 932 954 343 789 287 763 354 338 458 904 643 794 733 965 850 288 677 127 556 680 219 313 887 469 391 383 854 232 793 602 264 604 786 410 385 841 767 925 318 205 777 731 656 478 369 785 472 692 515 922 194 740 591 209 278 609 295 872 378 169 191 88 173 194 91 214 283 781 23 101 110 419 37 191 282 547 669 113 663 962 814 565 888 581 574 69 107 580 645 426 23 780 882 284 610 302 140 722 389 344 809 666 357 770 818 424 429 99 685 758 748 191 532 419 588 666 610 954 974 725 157 67 18 465 795 560 745 200 98 303 288 933 272 839 457 861 901 408 994 971 859 157 559 87 415 699 42 749 618 713 327 69 698 973 593 391 852 572 278 104 609 936 533 477 51 653 415 73 671 351 304 624 359 331 576 315 551 871 121 870 952 924 279 18 712 550 144 440 63 831 793 867 496 267 444 686 697 213 850 434 781 743 434 200 996 463 303 15 88 753 636 78 667 448 413 210 61 134 603 982 604 634 764 68 444 786 657 726 911 528 291
343
473 313 626 212 759 776 861 82 883 196 694 821 739 905 625 580 116 501 223 133 61 591 255 302 76 156 650 589 527 78 275 737 281 151 978 67 620 833 217 813 804 239 135 802 978 495 521 725 715 108 993 974 427 266 750 629 295 687 751 242 362 858 885 383 226 830 689 620 513 440 279 862 145 350 757 115 91 356 279 376 328 317 754 70 321 252 489 624 949 394 121 773 47 88 825 653 950 36 10 879 408 528 746 984 67 847 84 640 339 564 572 596 724 567 955 725 220 686 658 431 643 991 521 300 613 485 968 125 421 177 373 480 330 65 911 216 703 613 529 35 465 337 856 522 651 282 40 698 839 935 218 687 181 911 923 273 209 287 185 105 322 720 398 491 139 593 586 12 337 499 753 51 968 684 452 952 633 345 967 124 29 643 940 808 291 588 304 750 702 770 295 640 967 26 84 853 763 40 982 67 536 406 89 623 749 501 105 713 300 645 852 674 462 697 367 441 711 681 291 126 426 770 924 384 479 338 769 698 395 608 351 549 371 938 626 289 89 60 523 222 315 305 333 142 933 5 830 638 188 79 662 339 5 183 66 507 468 714 635 964 477 113 218 210 320 82 452 935 643 468 293 387 342 3 313 507 19 833 300 216 346 419 410 188 187 191 830 704 48 929 485 572 120 310 814 276 607 221 581 964 391 320 905 237 139 72 368 175 424 966 762 346 939 65 786 709 359 670 251 628 760 208 708 312 340 950 174 205 385 787 74 601 902 809 174 922 18 773 180 406 170 897 908
457
410 199 282 773 332 48 542 506 139 372 956 177 68 832 239 589 102 116 946 599 343 1000 42 645 526 475 389 63 111 295 979 424 357 340 606 682 620 167 421 616 441 601 135 155 112 157 249 393 699 293 639 988 259 713 923 28 164 480 650 203 680 654 616 114 630 976 851 606 186 310 24 333 760 827 786 550 307 646 460 408 935 969 947 475 377 941 33 642 141 815 160 190 849 113 636 850 219 495 785 308 140 315 108 769 930 539 799 617 40 629 275 935 270 217 56 375 684 712 242 797 471 961 656 71 849 337 777 128 435 560 745 621 905 689 748 463 744 361 922 154 302 972 998 816 195 706 645 987 383 638 892 344 854 595 711 194 919 296 203 941 308 496 704 605 837 940 643 623 264 509 524 982 180 608 98 481 238 107 876 85 224 121 502 292 511 188 559 513 558 399 380 466 920 293 884 622 822 450 636 396 25 970 172 140 675 907 386 65 168 782 851 984 755 398 991 997 566 602 313 664 81 910 340 95 261 281 109 632 165 365 229 793 940 907 612 688 797 49 295 720 599 816 616 150 168 890 371 421 227 129 65 979 526 696 929 356 146 228 836 562 48 24 971 980 641 800 944 715 408 485 521 44 619 651 421 219 211 515 146 128 271 978 576 395 542 711 530 135 882 737 152 975 511 473 611 912 583 121 323 742 633 657 180 965 476 111 799 329 822 296 102 124 754 688 355 250 350 66 114 634 365 552 827 6 170 216 307 124 714 860 109 66 598 726 365 148 39 648 860 98 664 878 873 979 347 694 943 585 361 722 517 394 681 269 876 597 836 846 149 731 399 217 537 24 969 959 466 922 8 581 363 596 984 900 76 150 711 697 615 97 254 494 404 91 690 186 977 461 552 216 984 408 510 192 566 763 72 141 498 27 60 281 281 685 656 396 518 529 978 534 214 779 98 403 426 86 791 310 696 710 566 556 304 663 153 667 516 518 671 122 330 385 323 255 410 342 693 677 824 777 431 736 410 266 324 82 759 406 639 488 221 732 855 978 910 452 311
331
522 822 889 611 36 502 717 901 272 974 830 145 244 608 481 82 708 718 158 993 404 784 286 769 446 444 996 162 565 972 395 558 808 150 879 520 383 1000 773 433 605 759 360 357 40 813 116 928 966 529 826 188 482 399 176 531 138 265 807 973 1000 547 335 602 460 840 682 101 325 154 236 222 245 827 400 446 72 221 147 373 371 877 115 564 599 569 482 954 688 975 108 473 876 361 717 413 864 607 582 424 597 857 917 251 94 923 160 992 529 938 914 301 326 245 670 879 126 675 496 642 561 818 293 682 856 315 712 909 228 80 78 373 139 142 127 449 417 708 95 631 976 771 606 942 157 371 225 348 598 424 814 18 527 192 603 207 130 844 456 754 359 146 308 96 382 220 906 977 26 272 518 408 722 571 260 220 20 393 944 411 501 474 482 476 814 740 998 553 734 432 787 876 966 462 728 101 309 273 90 879 758 125 611 942 406 47 595 676 707 350 849 789 632 925 810 934 795 348 211 326 989 98 78 91 516 308 503 968 452 685 396 922 707 132 334 867 126 401 542 967 870 785 575 424 852 570 913 505 219 227 394 593 811 945 37 753 359 147 120 512 757 662 823 949 625 541 996 544 758 454 682 384 255 738 977 744 52 394 766 690 172 727 769 824 110 156 702 335 852 480 144 260 66 180 696 974 542 450 686 586 101 608 661 28 176 715 279 838 133 23 154 617 730 60 655 422 154 645 462 500 88 9 564 470 121 893 877 22 929 424 468
378
488 716 355 522 673 890 626 67 31 759 704 739 50 319 314 652 334 176 105 253 492 879 100 75 403 262 424 122 500 543 728 409 537 504 949 304 237 693 52 201 518 259 174 282 834 496 26 696 636 871 831 184 182 912 827 669 484 527 796 513 783 431 206 884 67 682 65 462 587 238 48 963 825 911 35 882 34 566 933 870 525 764 160 133 11 262 166 945 798 905 366 679 570 552 894 647 190 360 736 990 147 365 174 839 853 349 712 846 153 914 118 99 120 463 102 513 641 925 846 791 504 408 487 247 161 394 250 304 13 80 188 745 169 604 675 765 933 373 745 391 769 248 961 227 879 16 730 496 441 14 975 829 854 247 979 311 425 90 868 78 769 696 118 532 397 317 624 528 305 732 237 674 502 426 481 192 394 269 268 3 965 196 324 173 80 29 58 711 368 307 558 939 330 721 316 237 710 164 139 969 648 375 997 74 389 685 661 292 940 989 737 95 301 181 885 980 298 726 4 957 222 513 313 28 540 637 658 923 302 183 60 867 524 926 510 37 935 416 83 388 430 57 915 787 52 701 170 414 364 781 812 301 566 410 983 55 749 846 583 622 569 889 985 621 408 31 749 575 939 109 71 130 310 116 729 291 727 681 270 972 943 238 868 222 184 660 60 896 337 776 545 902 220 587 58 913 310 854 525 181 607 621 871 787 896 633 108 346 999 647 966 639 528 570 890 747 416 818 296 627 590 70 769 446 128 70 303 963 272 672 281 520 107 719 670 50 636 531 386 936 112 959 320 906 540 696 641 915 604 859 523 118 267 98 204 933 393 719 513 108 351 915 724 354 741 298 428 810 480 969 653 44 177 260 292 2 160 278
386
925 974 782 579 731 248 196 812 77 451 488 520 140 744 685 406 868 672 719 858 935 871 263 430 729 634 438 801 7 89 518 552 117 149 246 8 225 387 324 426 37 270 738 642 261 924 178 592 536 540 206 690 599 742 541 964 637 522 580 248 440 451 566 665 709 782 931 805 877 931 792 314 909 833 251 895 943 421 436 982 960 728 853 726 927 986 28 699 511 376 934 882 924 407 799 365 69 111 449 297 691 206 871 571 844 740 551 370 344 231 656 559 22 840 103 971 623 722 197 814 47 779 161 106 76 324 440 362 409 502 839 342 385 741 815 552 146 792 556 934 868 359 704 289 291 655 50 4 727 765 550 110 41 612 583 598 251 2 262 720 88 549 577 367 30 676 466 760 503 652 284 549 319 481 818 431 589 229 831 985 186 854 33 832 630 66 477 533 501 922 616 654 986 333 234 425 261 473 201 912 431 792 129 739 637 654 695 394 258 510 718 163 517 339 758 670 951 844 221 125 357 387 244 123 321 160 322 784 248 475 416 499 359 356 903 697 166 833 432 118 58 217 881 859 522 549 157 934 251 290 885 642 166 750 19 474 680 168 714 316 936 18 746 78 626 292 427 70 563 718 969 946 158 589 31 302 759 107 746 655 408 2 525 504 815 36 452 599 367 938 314 457 20 97 729 126 633 240 550 307 845 900 118 217 970 621 273 932 946 804 322 542 197 52 393 5 282 326 380 478 305 190 25 50 224 952 644 976 18 650 479 804 732 243 117 313 453 7 733 928 830 97 69 821 389 446 397 553 287 907 941 827 323 717 653 141 744 325 861 164 162 867 870 217 78 147 529 844 176 846 919 938 471 64 359 345 815 360 8 776 162 466 110 475 367 761
941
354 186 583 130 724 471 401 152 981 90 166 672 243 246 723 168 467 540 904 896 826 445 278 704 457 393 573 583 436 246 283 872 771 256 823 79 803 504 762 40 592 117 338 231 60 84 157 619 930 121 179 28 370 871 926 140 361 378 51 342 411 387 860 704 385 511 166 298 700 303 79 939 290 48 718 879 882 671 44 239 965 836 240 521 401 772 46 281 775 438 781 755 561 972 981 311 278 818 745 808 500 787 887 683 247 471 754 49 796 784 1 874 824 77 88 304 760 922 492 158 731 184 74 764 407 281 266 756 633 982 688 990 449 377 129 564 105 631 932 281 741 154 193 108 939 163 149 445 674 162 877 113 823 507 498 190 359 893 128 853 479 394 242 752 12 245 541 612 663 698 252 635 654 836 869 144 748 276 55 153 98 179 715 986 787 552 870 354 886 175 691 741 576 410 820 609 109 849 527 338 968 465 366 178 822 204 543 941 499 770 388 846 877 870 972 283 315 280 331 369 836 713 188 382 568 930 486 646 845 670 388 294 103 436 342 615 178 721 534 752 429 989 268 972 511 274 822 176 95 159 638 950 337 813 191 589 232 226 590 770 870 916 52 68 630 559 865 979 719 214 627 921 812 487 106 401 807 341 958 741 297 229 892 357 537 505 303 932 178 762 293 394 528 758 375 264 456 239 496 22 851 201 796 728 289 924 321 337 749 357 403 938 203 580 871 10 914 667 485 538 806 520 904 327 560 790 853 242 274 742 781 28 557 275 771 372 609 794 229 488 865 413 462 227 104 103 239 198 805 824 671 807 136 858 381 918 916 590 839 855 545 105 119 476 289 1000 559 391 472 114 453 352 821 758 401 499 673 754 555 841 29 24 653 115 127 462 25 125 977 920 352 279 485 789 587 476 440 790 180 726 453 43 9 496 168 323 770 721 59 729 923 417 855 417 284 459 835 478 426 88 432 753 304 99 281 52 347 140 888 927 490 323 65 16 865 332 45 829 374 407 702 692 236 880 240 908 66 965 228 193 790 117 64 31 891 680 637 674 370 979 437 163 300 536 581 997 265 208 938 364 518 626 51 993 216 165 334 158 687 972 190 453 260 586 971 79 179 164 442 367 243 972 375 722 51 143 886 902 961 643 944 323 216 692 414 375 862 97 543 741 354 872 732 928 144 736 683 132 211 979 394 862 932 178 444 450 322 571 931 703 405 685 623 349 791 224 126 756 697 286 731 528 131 961 856 280 262 460 452 394 626 905 552 909 692 461 769 183 294 495 481 391 209 654 941 477 354 79 824 746 927 28 452 923 643 841 75 688 434 767 981 53 781 488 954 483 883 327 875 314 114 140 911 778 17 556 129 583 370 754 646 681 384 639 631 819 774 308 904 395 285 900 65 844 992 885 554 586 37 694 175 728 862 293 146 149 124 427 435 504 991 948 402 361 956 147 288 160 452 750 237 920 478 118 187 520 990 190 791 168 793 731 818 270 58 567 805 975 566 621 385 669 97 653 851 905 55 776 528 680 597 114 583 666 440 318 596 712 154 536 608 377 498 634 995 57 701 455 12 759 986 236 932 741 111 578 687 754 544 815 835 84 516 743 172 102 537 437 621 451 230 170 68 149 550 756 184 916 858 810 274 966 828 98 336 629 234 323 649 230 519 957 711 916 797 286 407 686 453 346 884 377 282 366 909 882 601 902 476 993 290 589 360 995 510 248 641 650 138 255 63 416 945 517 542 752 282 381 349 559 902 535 596 615 772 750 746 372 475 219 34 921 31 543 545 140 176 683 642 935 808 213 880 495 793 195 368 785 729 439 269 890 793 99 817 682 866 655 677 409 643 195 421 377 161 812 792 720 826 658 213 502 362 201 499 599 842 401 329 594 285 831 456 552 115 23 248 827 46 484 303 707 313 139 734 210 412 816 724 253 484 367 541 737 131 820 397 875 939 468 241 847 392 806 490 81 17 326 878 630 553 770 542 145 172 8 205 492 903 266 7 560 132 423 188 615 750 174 52 206 334 306 8 798 184 175 571 523 392 869 19 710 669 522 263 161 671 863 819 74 252 312 628 155 244 264 451 721 963 584 366 433 383 768 630 474 39 781 27 870 518 930 224 921 39 446 820 43 700 218 169
93
310 735 915 447 578 509 53 452 634 449 990 18 534 257 499 961 618 132 476 389 390 886 608 951 2 237 610 876 748 710 271 691 244 591 786 868 305 499 546 621 905 479 544 150 488 120 742 967 331 651 656 71 300 292 943 138 66 591 390 321 299 228 25 47 959 301 954 226 798 408 151 791 658 353 905 655 679 998 724 788 228 810 667 359 545 434 197 357 578 445 265 382 534
299
124 806 200 729 134 434 246 857 905 798 100 177 158 744 27 960 85 433 940 985 376 500 996 503 616 668 148 741 891 345 88 901 946 787 507 475 359 580 537 514 970 498 386 479 820 209 612 311 762 875 945 702 704 872 267 191 915 422 173 44 519 927 576 676 914 111 877 774 883 721 138 570 390 456 185 814 130 522 763 220 307 232 161 101 754 186 692 515 609 724 264 841 724 626 496 373 129 445 665 265 130 238 567 672 386 841 172 298 207 142 154 464 387 699 428 788 413 416 565 329 640 887 109 711 508 701 329 25 914 690 566 564 680 791 227 186 360 840 250 73 444 9 560 375 449 847 145 113 275 601 312 964 985 302 262 464 129 667 928 325 926 567 553 635 715 213 526 793 366 629 705 481 707 710 190 309 573 224 322 215 407 880 382 717 344 342 620 662 413 374 724 16 748 832 873 745 683 776 703 796 437 575 344 629 437 89 482 775 547 181 207 594 795 982 50 761 193 191 609 704 862 304 916 28 140 197 30 203 280 309 163 938 557 401 985 569 35 482 989 656 588 84 879 903 513 423 771 468 874 201 559 911 57 753 993 142 207 448 308 507 252 450 425 133 427 859 873 606 559 721 395 729 244 654 978 130 873 791 463 570 184 368 20 614 786 589 970 794 509 288 984 920 692 502 206 545 700 554 383
179
198 463 77 475 565 723 999 441 556 812 165 174 129 535 76 926 299 795 997 998 274 800 889 387 350 94 684 992 742 362 466 697 394 578 425 363 961 169 47 493 341 623 820 351 499 255 220 29 690 994 230 812 831 895 665 593 24 202 224 483 444 836 521 910 683 690 710 912 146 50 467 438 772 223 535 12 322 687 961 631 919 983 348 868 779 688 582 749 648 965 897 74 269 885 940 855 481 400 834 76 695 92 10 647 342 74 502 926 134 218 960 726 910 517 901 107 141 785 964 129 173 445 139 849 302 69 459 355 863 364 834 532 674 851 71 543 473 847 669 637 408 916 823 446 288 954 882 4 472 664 312 459 515 243 878 288 399 451 861 714 510 778 523 372 811 204 298 295 613 987 353 66 228 763 393 658 71 674 705
780
203 179 198 425 869 113 841 35 512 210 40 963 320 45 862 892 86 559 164 300 592 338 93 437 434 653 113 9 871 711 990 495 733 166 573 310 98 582 568 859 632 669 325 565 641 994 870 232 89 514 490 505 922 621 762 715 872 984 509 761 267 786 302 209 775 625 520 628 706 569 129 566 582 681 972 761 81 758 763 39 631 677 462 339 20 282 670 546 824 104 32 295 962 994 901 180 932 208 334 49 869 679 155 269 448 93 536 248 489 98 977 406 805 861 657 513 897 902 136 333 622 42 937 197 690 847 775 590 61 17 249 308 468 387 325 328 627 203 149 67 287 549 548 349 545 516 900 574 456 220 306 880 368 367 204 294 626 336 189 649 438 667 719 215 528 840 22 486 387 576 142 455 923 78 110 551 282 737 140 760 23 220 998 763 878 92 112 766 414 377 739 945 35 406 487 144 874 101 504 395 929 3 238 975 244 948 37 848 559 546 833 478 856 904 572 926 521 25 459 989 255 237 8 810 10 860 604 342 920 905 881 567 248 442 600 328 731 831 497 90 903 373 759 600 632 846 777 696 5 222 614 692 897 422 135 295 200 581 176 538 850 376 203 409 373 75 247 793 806 430 755 408 83 722 441 873 931 143 756 862 410 484 124 865 667 150 397 294 66 671 589 277 937 130 75 167 362 380 715 551 829 833 278 818 596 795 867 223 205 500 598 36 861 552 118 545 62 138 849 710 762 558 530 295 659 464 918 16 243 864 571 495 939 696 572 493 760 78 180 143 697 18 789 798 816 217 416 611 775 684 475 5 951 529 197 144 978 346 974 618 5 763 567 708 602 194 323 114 6 307 843 51 581 161 726 162 429 634 29 272 997 571 339 452 165 949 8 689 896 387 728 897 31 609 193 824 89 935 756 784 620 818 620 522 46 69 725 942 558 259 301 241 967 43 86 924 245 350 33 764 837 736 921 69 886 202 412 149 442 769 585 906 274 834 548 627 852 424 954 892 212 680 783 643 247 465 193 580 642 459 97 245 619 257 85 928 500 229 150 815 171 845 144 489 100 749 968 454 821 333 252 788 824 308 39 810 853 670 506 309 433 515 382 643 816 235 68 507 51 254 764 15 365 499 624 47 458 288 765 983 528 517 143 62 980 806 270 175 838 356 624 647 811 149 539 473 750 592 707 281 846 140 258 378 677 511 61 589 374 374 962 814 865 872 983 979 47 351 7 10 914 729 75 774 900 229 377 560 887 725 873 507 67 422 523 362 636 278 832 642 397 782 26 968 653 701 394 186 70 789 533 593 961 846 683 780 583 624 709 48 292 628 185 860 880 55 648 67 443 695 491 556 917 5 553 495 252 122 955 550 227 836 978 948 540 553 753 2 265 689 971 247 864 485 475 47 141 844 11 8 808 25 832 135 323 413 575 513 543 494 520 389 301 572 897 519 61 404 731 782 326 330 737 682 478 256 299 589 3 754 47 462 761 50 955 871 805 928 917 4 950 708 641 454 192 286 669 545 374 634 26 927 987 735 842 141 778 602 365 910 631 953 905 684 917 146 476 57 819 723 947 241 166 182 814 21 875 755 161 931 784 445 956 334 540 815 331 968 116 32 452 273 755 991 720 986 841 56 28 423 862 791 208 391 86 483 858 937 652 159 640 204 851 889 799 486 927 96 335 846 911 260 874 536 973 940 266 697 760 76 822 974 612 106 578 996 824 414 769 189 197 367 443 793 582 693 160 201 555 604 927 520 819 969 272 997 951 253 736 980
42
975 975 477 847 24 812 139 826 170 7 165 907 248 786 864 76 274 727 362 885 562 216 735 356 529 804 344 213 377 335 330 845 357 303 133 510 590 833 759 871 603 770
544
694 149 854 339 444 396 358 680 543 450 3 65 952 23 388 438 526 139 834 464 947 826 822 976 769 125 936 384 899 758 748 409 364 76 555 308 919 685 319 35 999 253 261 439 26 502 205 929 196 981 934 106 14 231 972 347 988 69 859 796 992 273 535 233 864 825 952 17 235 872 759 961 108 334 21 193 588 692 68 138 159 293 105 563 868 825 374 249 314 45 203 68 174 562 416 583 819 599 544 213 378 995 443 990 148 803 452 141 780 800 720 479 933 93 558 511 786 101 932 852 364 909 343 982 872 871 824 614 883 160 600 486 918 781 229 96 700 971 359 699 315 649 265 447 122 332 649 207 423 598 954 484 136 624 832 134 113 994 679 141 51 287 660 907 720 398 636 945 765 89 406 407 506 234 505 175 46 195 133 786 380 87 186 511 633 299 845 791 609 268 732 331 776 138 480 218 149 937 935 164 466 349 331 91 650 66 306 878 873 928 217 584 756 551 707 821 180 814 822 140 188 113 725 201 71 18 904 438 422 601 580 955 771 236 879 82 921 187 131 650 709 429 706 706 434 605 613 737 374 846 211 315 21 585 103 895 585 724 236 164 833 153 44 869 505 737 682 34 965 492 594 134 236 444 587 467 313 300 676 386 677 789 908 416 57 346 866 122 549 268 463 236 904 919 844 424 472 774 127 245 855 617 638 70 669 320 309 487 225 880 889 356 673 377 25 416 383 474 304 996 946 368 175 509 770 3 229 984 124 815 837 435 610 742 871 752 494 953 274 623 958 538 655 18 904 510 671 351 319 259 152 117 174 699 522 358 696 55 965 692 652 225 516 144 913 567 682 794 861 494 945 641 837 861 203 38 919 829 771 252 971 894 705 609 465 916 532 771 586 340 667 164 857 773 330 509 370 397 379 609 905 756 177 918 571 155 79 558 234 199 918 694 618 821 6 371 620 506 39 479 319 681 792 439 996 920 771 449 750 235 988 244 425 322 681 504 363 872 838 186 206 880 451 111 847 349 321 317 172 319 631 635 104 839 952 327 320 873 251 957 237 945 953 469 351 132 17 248 707 723 668 83 596 282 286 224 230 82 613 498 137 134 845 54 355 443 753 615 572 45 998 181 350 473 259 447 738 769 510 177 401 777 125 747 820 919 845 999 229 514 990 640 50 21 444 920 790 296 440 408 165 363 603 433 737 284 828 363 515 375 194 773 860 378 730 412 809 6 111 243 89 613 997 370
35
359 37 632 712 813 938 842 435 949 290 777 557 211 539 983 208 462 993 747 312 208 335 107 690 258 786 952 46 119 687 344 414 517 437 674
434
102 288 256 934 954 63 944 237 486 508 887 766 294 28 261 763 878 100 467 662 774 697 204 480 846 946 914 153 983 389 536 153 505 427 748 392 333 600 719 229 448 387 525 937 36 512 227 534 885 416 946 657 657 246 431 662 800 780 71 494 491 966 9 264 716 709 621 794 758 473 756 372 339 870 337 136 407 76 30 607 961 94 74 746 783 411 879 408 169 181 301 402 944 771 702 52 161 472 756 739 43 758 405 936 865 333 920 348 304 967 689 324 495 236 226 322 220 429 945 394 584 26 440 977 673 349 617 176 414 760 129 735 912 578 383 140 736 824 361 184 647 384 497 929 462 877 791 1 28 198 62 328 172 453 733 832 524 463 93 457 845 521 16 959 604 509 778 93 586 64 545 441 219 682 733 591 165 122 456 876 154 759 811 244 242 462 455 249 854 509 604 583 45 136 106 744 561 698 713 742 62 86 403 929 465 255 366 639 721 106 68 973 516 571 557 981 579 759 481 189 489 382 844 695 921 425 147 144 905 268 589 420 419 405 43 937 489 174 683 489 634 93 417 570 918 422 442 164 891 544 881 766 864 652 922 771 604 85 162 676 662 658 313 947 257 663 749 338 411 620 108 23 894 33 210 183 870 795 121 801 262 265 874 157 635 792 501 278 667 563 570 950 911 412 736 765 544 954 725 891 223 95 338 84 250 199 480 353 438 640 847 636 265 534 404 127 424 438 896 894 740 511 160 112 418 124 356 333 583 771 417 271 697 199 664 707 261 399 608 838 377 336 885 707 49 900 831 632 839 921 643 61 644 331 200 472 712 774 794 685 133 50 961 986 269 377 48 263 441 337 436 929 11 432 734 269 380 953 533 956 493 866 221 502 277 846 213 461 686 701 101 217 971 30 173 876 857 199 79 596 612 794 942 297 500 539 138 360 50 198 152 432 190 388 788 120 955 979 611 186 869 282 215 901 894 701 871 754 6 973 226 495 101 257
326
338 313 58 238 930 479 620 759 954 312 292 963 930 8 607 288 636 368 823 599 708 489 265 886 948 441 640 530 789 728 287 97 945 603 104 57 549 776 482 957 698 225 150 714 14 161 993 256 436 205 772 581 157 324 154 898 824 710 426 694 473 777 921 320 161 585 242 106 931 795 820 525 580 535 8 925 200 99 648 26 28 450 274 163 831 850 641 591 480 803 876 558 322 450 171 438 552 999 958 84 717 21 451 47 245 507 275 368 469 551 462 112 901 244 555 378 25 606 838 404 193 94 988 827 878 105 791 203 971 204 600 664 508 210 820 5 345 671 820 85 821 357 257 540 308 473 488 323 182 547 502 849 802 950 351 559 551 749 610 86 203 860 743 101 580 657 862 994 845 740 789 358 792 447 327 887 793 265 403 241 355 865 860 12 849 367 734 54 434 882 341 956 575 344 253 888 275 178 38 938 621 893 694 375 134 204 25 960 68 102 716 537 603 542 191 988 571 666 678 787 205 93 958 886 571 83 745 749 223 934 611 81 862 578 335 892 68 19 529 867 960 762 261 223 23 806 679 687 725 305 758 173 161 228 988 767 420 70 92 576 83 71 599 157 666 777 30 832 377 993 411 358 398 170 496 277 516 818 798 44 566 277 130 927 664 167 839 549 186 793 285 703 455 24 742 480 438 552 113 332 862 816 299 98 408 918 125 961 917 820 25 572 891 374 324 832 533 809 91 651 518 230 20 90 421 872
751
427 289 967 243 871 314 504 341 661 523 983 189 524 263 527 81 76 473 750 74 30 282 990 933 15 636 345 399 534 816 982 61 531 720 462 875 857 139 185 76 503 412 360 998 260 507 906 394 595 721 334 452 728 887 240 705 297 322 82 71 723 979 305 613 117 168 622 579 771 172 848 661 216 731 597 10 114 192 587 293 969 950 518 673 709 763 610 215 233 82 361 366 947 540 167 470 866 424 323 73 240 486 338 558 494 167 659 982 268 621 893 480 395 56 311 878 442 301 418 309 418 590 831 877 273 39 444 683 145 732 148 786 855 534 613 2 91 731 934 97 474 145 919 184 136 699 443 398 550 1 754 534 687 525 210 664 36 170 572 44 982 733 484 918 52 682 663 330 888 717 367 332 661 572 316 614 840 586 701 958 142 643 466 284 682 398 820 435 584 172 447 441 784 647 765 515 776 434 13 28 645 377 404 578 204 34 366 615 550 118 996 464 88 534 529 865 358 316 244 295 994 593 877 700 910 207 11 54 303 125 19 763 398 521 732 123 433 650 708 813 584 569 574 717 531 189 273 910 403 437 180 722 343 968 745 950 248 586 2 510 490 351 600 430 695 330 69 431 761 267 872 47 989 925 964 536 76 675 558 453 168 673 906 223 129 869 905 50 300 563 447 969 922 651 139 947 618 656 803 596 489 609 545 674 211 905 814 305 215 666 103 285 675 325 314 404 608 942 746 561 668 510 164 736 462 494 588 34 214 671 807 55 146 521 60 547 607 656 603 58 644 202 509 928 137 317 876 89 439 432 691 402 174 425 135 566 971 152 465 260 16 754 234 665 418 224 445 463 496 325 225 366 303 521 834 565 866 46 204 56 593 12 877 220 860 683 595 475 93 438 57 192 931 518 424 224 637 797 538 463 637 840 699 354 170 197 361 439 223 163 703 341 796 440 225 270 425 441 232 200 879 315 460 302 805 902 273 438 395 921 458 888 799 13 891 479 766 758 897 100 525 883 62 938 399 899 621 142 925 449 120 53 331 896 646 11 836 823 972 920 571 834 751 92 282 626 23 182 648 16 402 260 446 83 621 376 241 141 564 543 690 417 249 117 8 939 899 523 269 960 435 922 857 728 631 880 132 713 973 608 411 134 922 544 646 536 597 563 870 725 223 110 755 960 870 220 440 579 480 822 804 546 752 253 597 279 440 536 38 534 790 990 509 748 894 420 772 78 200 421 219 351 682 800 904 214 210 372 972 889 666 609 868 192 189 35 500 983 640 972 206 255 333 863 720 601 992 594 580 737 786 506 358 305 215 529 940 941 382 295 477 483 672 786 346 430 270 262 557 792 740 294 466 461 251 139 152 779 589 301 561 959 486 705 786 574 808 193 54 722 351 805 823 850 816 148 694 225 908 932 445 755 72 945 490 731 473 562 72 468 826 682 952 497 583 889 587 120 637 585 177 529 292 735 299 355 941 489 525 123 284 460 260 993 756 889 936 545 54 722 861 131 74 488 437 992 209 726 797 285 700 194 199 822 80 595 41 31 848 397 181 806 94 475 844 199 736 331 241 102 413 616 845 461 58 339 230 700 700 996 150 644 208 224 838 967 662 821 370 506 169 32 187 577 700 345 715 991 255 267 631 552 862 811 66 936 547 68 248 658 261 303 1000 646 325 281 396 578 350 418 15 171 704 530 808 373 910 569 398 222 662
283
574 681 109 308 414 241 655 428 763 102 492 87 712 763 79 341 137 550 87 240 260 590 145 40 833 280 770 445 902 258 144 390 194 143 363 952 671 237 274 853 292 867 668 446 372 789 764 840 114 469 503 65 768 18 583 977 911 245 188 672 702 654 590 573 124 409 496 23 287 367 668 647 996 67 767 906 821 836 899 854 660 703 769 908 715 422 1000 307 288 188 231 969 194 956 759 122 34 700 981 713 148 231 57 734 669 137 353 651 179 804 546 730 212 702 509 262 543 301 412 78 399 190 826 160 365 471 202 115 953 360 571 375 839 888 491 173 916 862 263 119 278 277 829 798 876 35 304 144 824 582 651 128 857 861 531 989 768 216 402 191 130 938 889 804 831 756 22 828 719 107 112 46 837 117 609 212 871 484 72 975 811 450 955 843 734 407 917 190 733 824 595 818 648 331 948 16 730 766 451 854 183 791 797 851 579 400 914 65 675 162 726 995 68 386 510 170 678 234 414 844 305 312 888 768 874 14 882 227 761 69 730 896 113 267 195 457 399 169 382 889 824 868 509 362 990 14 285 87 800 309 289 786 55 457 732 223 700 335 356 992 587 325 156 206 768 666 526 559 736 324 514 915 319 260 98 257 607 639 394 387 948 519 72
414
562 642 305 389 741 699 526 257 682 513 692 62 851 819 121 312 584 153 739 619 301 474 799 896 199 455 565 188 355 655 592 451 697 564 934 994 760 584 881 918 374 397 635 109 382 298 517 396 566 993 502 974 157 362 326 466 853 984 584 423 784 755 489 988 37 191 916 142 762 911 756 81 447 538 945 9 906 217 857 218 865 761 740 914 131 761 399 983 457 103 811 620 85 773 905 656 687 60 48 696 601 313 781 821 931 717 55 727 32 381 316 137 412 124 852 788 445 741 991 495 449 412 725 984 44 833 199 477 749 741 156 539 910 714 420 901 42 988 322 38 139 197 94 176 918 332 904 538 264 471 136 111 96 789 184 844 535 322 270 734 895 503 776 753 247 97 282 346 476 943 323 154 62 937 273 745 684 448 131 764 564 638 427 577 327 437 46 31 306 329 620 671 897 735 406 608 846 800 680 112 547 888 874 502 641 908 715 537 942 239 992 552 353 90 450 946 523 502 780 373 189 662 683 607 791 57 506 685 266 46 315 65 763 575 562 226 982 267 637 926 907 51 602 415 977 200 4 518 580 746 720 16 173 992 162 811 798 246 670 182 439 775 692 197 357 67 429 912 928 234 455 744 50 132 805 706 436 967 552 750 664 528 111 169 326 595 885 355 531 1000 661 153 109 346 825 741 679 574 421 180 144 316 129 387 402 381 966 913 537 383 725 138 131 190 59 509 766 59 275 682 359 704 980 394 716 326 954 865 286 559 9 609 415 50 352 499 436 112 634 577 154 395 537 538 817 489 101 935 346 30 84 614 43 278 230 709 933 164 126 576 262 479 85 196 885 309 835 651 900 125 142 202 380 244 226 86 493 781 669 351 797 193 671 483 506 449 671 505 450 371 420 736 35 807 89 527 269 697 232 480 329 768 518 396 119 627 971 594 564 780 461 384 541 779
557
364 340 123 19 761 972 719 800 184 297 730 180 116 832 105 989 848 243 232 334 803 265 104 594 838 755 452 103 101 574 814 828 105 982 229 231 698 533 941 557 244 897 439 489 424 548 778 88 501 967 154 873 193 436 106 924 160 517 735 577 713 477 868 581 62 397 955 78 552 198 508 737 262 876 146 315 619 956 45 944 982 765 367 28 369 117 150 877 747 532 623 906 812 909 825 153 660 123 785 824 68 514 635 129 182 500 295 211 699 842 344 369 377 42 741 540 726 616 476 53 279 613 483 255 823 508 101 909 500 499 283 233 201 140 315 259 826 586 607 230 698 590 597 485 751 457 665 978 290 715 94 241 356 680 673 518 275 140 771 867 561 940 466 902 454 876 835 712 285 934 740 219 922 678 997 358 224 551 619 881 691 366 287 45 752 822 8 918 437 131 10 589 852 393 801 452 66 845 763 254 586 899 443 131 398 96 311 480 319 558 125 393 912 886 19 899 622 732 516 909 445 489 448 556 487 122 177 125 682 171 548 306 597 592 131 833 355 63 409 158 146 210 303 710 635 96 234 411 1 98 251 153 534 475 102 942 229 610 234 932 913 142 84 813 774 923 1000 453 510 556 204 742 133 556 907 260 115 265 931 157 398 927 310 953 5 534 94 553 894 476 90 690 835 225 114 50 102 871 559 506 207 336 762 480 96 662 403 328 201 485 200 101 629 709 533 80 973 65 782 973 282 18 630 569 6 253 856 503 77 9 796 275 3 432 538 116 757 977 786 47 370 559 314 40 937 299 282 697 762 813 995 656 848 733 536 246 646 25 262 117 436 861 41 892 225 661 847 618 805 489 289 6 682 830 206 334 271 423 214 566 971 826 857 631 373 964 555 944 804 161 359 66 469 230 836 386 665 890 643 521 832 175 72 605 753 643 833 354 600 332 293 198 532 404 72 974 539 575 178 428 506 762 913 264 174 372 704 144 613 24 619 157 464 590 534 18 412 479 723 285 340 757 97 42 987 375 714 402 504 676 79 256 34 498 329 863 727 507 833 820 442 568 647 481 962 644 99 333 804 936 165 603 634 912 522 499 470 493 128 726 918 990 25 639 591 982 252 701 935 678 956 78 283 839 50 259 548 680 10 314 131 585 307 563 588 337 650 543 8 201 471 112 785 490 334 727 606 569 24 260 749 900 796 60 47 261 607 516 385 852 948 485 688 524 826 14 996 915 112 631 333 97 426 535 862 778 980 402 121 885 244 359 367 901 686 929 540
212
48 23 324 569 219 553 830 62 934 774 354 452 403 170 701 126 721 13 316 16 183 998 328 977 784 440 108 954 564 751 839 144 749 121 175 596 214 480 998 928 279 449 143 494 66 364 831 385 642 169 190 805 15 656 41 161 338 242 14 32 513 598 255 312 893 432 824 989 98 954 239 325 985 832 327 601 664 985 964 471 40 311 194 884 75 557 253 678 77 17 662 379 194 493 622 598 529 876 749 106 786 675 665 582 369 110 559 875 966 875 345 3 950 175 262 189 341 255 243 134 96 376 805 438 575 335 284 426 160 122 955 458 224 733 409 309 987 649 557 299 345 111 195 810 908 267 536 802 768 585 204 341 732 82 847 184 525 797 391 744 856 159 300 34 974 171 818 612 842 140 204 260 527 751 325 562 115 927 916 74 657 430 260 758 226 385 898 650 800 176 861 327 680 452 594 857 472 724 733 159 325 587 833 349 505 337 221 309 764 445 16 729
299
271 279 406 409 221 510 231 984 444 434 990 282 865 359 154 640 631 588 455 121 949 414 288 937 260 863 611 932 503 807 342 980 384 329 809 322 910 339 76 287 52 790 782 627 742 308 980 798 856 566 840 89 627 697 82 455 920 393 338 815 208 494 122 325 409 956 493 235 438 137 876 267 761 507 916 491 630 343 101 283 149 827 18 627 369 905 893 400 42 664 706 435 278 101 808 429 895 696 786 583 596 14 348 732 250 804 588 449 941 684 786 106 868 371 657 146 380 455 593 194 971 258 1 991 194 178 927 575 629 807 85 470 129 292 530 238 771 153 984 714 814 647 986 12 282 487 676 800 304 407 820 802 149 79 467 415 751 836 739 875 582 53 307 684 616 713 297 61 785 479 630 615 433 888 125 253 223 83 417 839 263 826 950 616 83 865 324 244 240 273 938 711 299 882 168 318 142 150 936 1000 456 910 813 716 21 511 276 782 318 751 595 640 201 107 550 487 836 883 3 530 936 238 23 812 734 610 88 951 416 779 966 724 769 631 988 358 81 567 920 968 979 367 288 163 85 384 426 835 480 84 682 736 296 262 18 595 994 215 576 19 539 802 884 782 483 761 230 340 76 144 933 436 183 660 812 101 158 991 441 331 843 342 935 149 6 673 938 109 584 620 961 525 512 315 222 845 670 676 934
950
953 129 248 856 410 623 604 124 497 594 286 169 807 418 478 473 286 883 349 399 565 482 102 856 721 280 714 869 999 365 645 53 677 964 391 844 350 321 425 783 953 335 803 759 137 627 641 357 547 137 905 482 632 235 422 909 794 645 921 897 399 976 348 518 935 858 425 855 101 97 184 117 127 357 605 606 335 421 505 371 538 821 914 808 695 782 651 31 613 975 50 50 946 773 390 791 247 288 579 131 35 617 89 403 293 34 320 837 489 106 566 667 920 413 324 489 417 736 14 423 984 862 723 707 695 553 828 97 566 592 275 142 101 126 514 338 429 957 567 921 554 836 26 155 662 101 479 60 345 516 417 987 342 230 184 274 785 682 713 825 326 954 70 775 273 618 991 22 604 295 82 610 939 480 237 856 852 380 578 515 899 908 855 879 82 563 255 582 237 531 99 900 904 436 198 227 497 591 831 581 168 631 380 59 886 939 288 940 886 253 232 787 566 158 71 227 721 22 883 385 859 782 226 242 310 476 445 72 266 774 134 624 696 193 63 251 630 371 667 859 644 292 338 178 893 169 334 187 340 711 420 957 758 776 980 140 446 719 991 862 897 995 190 36 713 917 429 173 932 479 953 419 733 587 330 100 257 464 15 630 977 25 735 411 955 765 204 928 840 474 170 539 723 24 806 470 979 52 44 898 857 11 961 753 951 623 908 287 68 862 705 25 421 587 768 677 471 922 306 493 307 715 569 551 724 16 523 489 878 30 127 234 741 777 766 768 491 471 698 74 257 88 722 930 459 4 471 985 260 437 979 669 445 847 806 282 819 366 682 482 227 989 773 407 101 318 842 21 283 948 891 166 70 686 638 570 117 290 742 711 229 785 155 25 497 194 502 248 449 320 770 700 944 680 679 556 169 423 415 924 738 487 55 188 513 277 544 702 120 11 756 866 595 404 734 351 502 671 284 427 714 613 917 749 874 927 434 1 979 819 493 161 627 552 55 486 763 787 824 925 877 942 798 837 850 582 221 496 958 645 586 593 845 831 641 774 705 728 62 956 488 240 302 221 753 32 658 517 828 105 444 158 940 529 998 907 900 679 408 311 144 446 276 883 276 992 63 354 861 393 71 856 764 143 304 746 474 232 216 527 701 847 155 816 508 734 648 750 194 520 268 410 55 798 499 123 486 339 65 140 452 784 251 131 637 287 922 404 642 956 970 724 626 663 456 383 10 713 921 744 397 360 93 424 343 778 321 756 282 108 75 116 49 329 884 312 62 345 840 538 364 353 414 161 861 614 217 521 360 780 514 679 675 355 149 943 199 45 894 334 729 947 582 65 107 855 318 780 530 200 908 840 457 741 585 308 139 136 975 854 248 211 7 441 347 230 506 160 116 298 552 496 914 875 849 684 543 192 15 709 138 476 540 848 410 36 892 222 908 319 553 258 798 853 334 461 474 54 882 60 327 342 648 182 611 86 404 512 521 676 710 371 624 500 992 101 313 875 554 818 392 44 86 343 943 525 949 952 870 197 708 550 448 933 174 780 726 169 639 144 938 948 26 160 903 672 397 703 176 241 433 109 473 584 199 753 752 374 421 626 410 804 301 551 198 577 538 413 740 359 359 139 550 521 224 814 742 840 281 593 28 439 496 751 514 16 480 813 311 869 570 20 782 863 74 935 419 516 635 287 158 1 407 949 42 512 368 682 582 562 121 412 825 422 55 547 706 408 917 554 726 340 974 44 571 69 177 592 860 455 817 147 450 2 423 772 441 611 190 545 777 300 732 156 167 12 910 890 375 379 310 747 218 934 302 987 408 392 493 888 597 885 747 974 910 539 5 605 277 633 112 801 391 985 834 571 185 745 310 191 453 353 386 382 666 333 787 138 753 749 852 1000 995 945 768 533 564 234 489 788 769 367 979 306 931 597 998 455 164 159 580 679 338 812 839 462 366 263 893 506 426 567 537 724 150 49 709 372 332 404 650 861 819 592 193 356 714 519 710 617 783 121 864 446 298 67 578 551 995 161 308 286 554 284 328 731 947 325 490 507 329 720 495 614 345 31 921 320 731 242 292 839 123 296 212 809 185 217 35 284 56 664 978 145 353 621 71 761 832 955 905 955 12 146 234 198 144 887 292 887 148 1 66 97 108 989 185 659 330 75
820
58 247 19 666 73 100 638 914 470 726 777 216 927 796 552 554 102 73 850 940 551 995 819 838 993 64 17 696 261 474 387 902 111 46 60 586 704 184 616 77 951 243 674 905 522 227 366 601 248 213 337 431 520 809 981 382 47 797 533 248 294 429 292 51 951 332 830 608 2 98 741 282 864 962 696 759 845 992 468 670 847 886 409 747 811 768 17 435 71 656 480 590 453 645 447 658 155 476 9 894 729 700 621 384 586 753 323 396 581 959 514 878 535 595 584 26 35 349 507 550 305 750 389 544 937 676 188 243 533 131 656 303 42 245 366 384 147 903 282 33 261 198 290 746 107 698 211 619 438 466 246 465 500 507 102 480 396 581 81 811 537 613 460 349 668 819 996 422 767 143 151 362 584 161 40 605 813 369 423 804 441 10 418 455 920 536 282 601 862 815 960 120 389 379 753 525 239 629 201 724 92 156 211 380 804 393 172 221 123 980 59 917 806 405 474 187 163 306 313 987 822 129 441 470 633 227 291 776 894 23 409 529 435 933 900 99 316 205 612 552 911 834 732 995 785 763 62 668 228 228 618 414 448 720 4 784 191 592 96 881 665 188 898 75 413 328 969 405 728 297 316 286 524 158 696 959 826 156 798 288 192 784 247 157 524 825 165 553 718 713 862 884 135 493 555 418 793 624 291 261 414 998 202 247 927 627 962 312 762 493 628 28 401 335 646 370 492 580 248 92 826 288 875 349 537 711 54 313 440 824 505 30 16 797 923 370 543 800 722 554 67 916 515 922 245 749 358 149 403 303 671 442 557 196 996 809 651 437 508 356 143 655 947 635 226 908 255 687 965 210 44 859 380 385 703 154 807 183 641 621 499 764 411 493 237 365 211 617 545 250 734 774 9 187 363 173 486 43 595 485 400 639 739 99 146 61 166 111 835 255 351 84 838 136 644 568 489 186 875 979 246 947 812 48 374 887 147 610 216 983 708 979 300 468 786 324 593 259 872 965 722 255 732 542 215 509 962 260 683 765 434 857 746 953 226 565 444 505 565 889 506 848 521 909 560 948 572 627 491 365 330 40 881 155 176 597 646 573 229 172 53 418 95 378 414 205 114 483 202 637 412 679 695 758 104 427 691 112 102 199 509 634 754 669 654 279 205 612 852 395 171 729 870 333 513 66 299 806 308 714 153 528 155 277 267 984 905 828 811 49 646 841 79 757 944 54 75 182 809 599 938 292 224 744 314 971 323 774 480 193 744 707 510 188 385 406 443 272 88 533 732 502 912 76 757 683 826 729 927 610 713 328 185 359 390 611 603 632 513 571 618 192 910 375 553 110 150 298 986 825 409 154 581 376 689 989 631 896 352 470 260 648 394 758 855 851 515 43 653 788 344 963 293 316 105 846 85 605 99 117 200 868 553 878 33 842 580 72 609 117 884 129 268 37 979 98 446 554 490 889 891 503 131 82 523 781 974 122 792 85 430 36 222 654 587 841 525 460 485 3 531 240 524 120 6 771 835 48 201 874 784 197 319 1 519 132 589 71 870 287 966 656 140 723 258 141 53 762 940 886 963 808 857 915 345 748 126 990 877 831 814 831 894 917 757 641 88 153 19 865 368 99 777 657 616 961 389 587 362 618 829 321 146 636 787 589 349 744 105 228 97 240 626 743 769 274 378 136 734 446 478 492 769 376 287 720 294 273 361 824 550 934 659 706 146 670 450 224 521 768 767 470 150 12 121 55 11 934 195 300 256 299 88 124 862 129 502 471 551 436 405 11 491 342 633 48 775 927 675 201 526 450 28 284 777 30 257 262 468 77 956 421 951 575 262 513 288 13 419 276 388 638 137 607 235 855 957 452 320 822
287
598 329 744 394 907 437 104 823 419 397 536 387 422 472 525 765 271 27 756 818 563 417 392 212 214 490 289 721 588 740 907 183 56 378 249 516 96 183 595 792 155 638 352 570 222 181 757 814 960 120 434 652 932 170 289 119 625 57 283 727 291 867 414 136 136 724 467 248 675 25 66 320 293 803 800 314 429 296 420 339 145 987 811 678 32 885 916 960 314 788 406 871 765 303 856 802 860 870 414 322 491 919 313 141 261 898 537 889 910 455 413 265 288 491 903 952 811 260 813 95 883 162 460 874 145 842 619 564 750 56 988 785 82 679 569 797 279 72 729 602 120 528 24 199 851 319 691 324 357 395 789 22 987 797 788 58 882 911 941 271 416 865 710 325 52 777 462 493 524 481 649 701 751 690 198 145 140 482 870 844 543 601 623 350 605 314 20 100 679 997 505 33 514 307 637 747 388 799 910 284 914 498 843 145 626 105 501 8 280 428 839 284 273 189 505 210 244 618 303 329 60 521 30 876 334 91 592 479 16 14 552 590 338 85 339 351 206 265 439 458 581 623 464 5 749 737 822 26 672 306 10 996 498 549 368 503 644 403 214 346 380 539 3 971 642 750 582 485 256 611 544 176 988 664 578 261 208 170 823 622 696 665 70 210 272 556 553
562
319 143 310 222 731 509 646 876 305 434 853 978 222 677 605 178 408 529 804 210 530 380 452 96 156 507 413 618 45 709 504 986 173 293 204 802 619 27 56 742 254 557 762 405 336 837 931 885 367 698 536 744 9 666 62 646 921 651 144 130 486 326 717 438 690 936 891 616 664 548 879 442 257 583 849 31 518 423 681 890 894 509 415 66 190 124 330 240 626 709 784 380 39 843 456 980 731 464 513 774 372 881 951 30 509 305 188 576 7 378 936 174 353 182 288 49 283 847 155 172 1 706 545 994 34 402 74 135 68 495 551 279 176 374 770 370 801 71 939 475 80 846 661 454 361 92 297 211 158 667 856 491 26 441 476 797 104 830 916 994 75 151 965 111 875 612 531 526 34 654 241 296 912 832 22 456 183 707 661 805 455 411 136 134 350 476 767 541 954 139 689 648 84 783 136 974 710 741 264 232 521 856 58 999 827 548 148 695 747 646 324 238 327 249 907 592 459 300 415 880 263 423 508 568 953 767 347 71 487 644 553 494 626 238 714 861 649 394 663 281 77 340 336 640 943 204 295 446 425 308 316 430 636 456 273 953 274 449 514 652 277 308 142 836 105 25 121 571 664 221 880 872 537 248 792 662 511 496 512 462 172 926 433 672 380 405 56 425 132 249 882 826 238 919 706 540 756 57 985 338 546 587 893 61 608 372 525 547 718 734 33 590 205 555 85 884 185 102 788 592 962 977 564 171 531 923 971 798 127 539 424 103 669 778 569 434 771 733 417 790 504 277 35 722 674 864 414 173 381 435 648 274 282 134 626 818 731 648 848 529 44 121 381 74 80 547 338 630 755 691 337 297 19 575 47 864 583 215 275 892 705 186 837 693 583 201 113 303 27 135 13 557 33 881 486 257 309 372 480 972 277 654 424 662 776 802 610 478 784 497 560 978 951 356 293 860 487 746 761 375 31 198 41 684 623 971 830 707 867 295 493 592 411 12 956 24 704 607 145 751 205 95 592 825 72 829 416 975 251 609 862 248 106 8 832 214 997 567 704 30 417 546 818 226 305 949 212 474 74 41 747 35 572 16 893 257 577 665 293 499 821 827 355 947 322 898 65 275 411 842 69 249 229 666 103 919 370 194 708 874 848 9 297 131 309 328 244 887 34 163 787 185 280 360 118 159 778 265 252 745 288 660 738 512 104 902 70 346 791 225 133 131 93 894 985 242 612 322 844 87 785 116 842 386 318 656 907 689 159 787 338 62 104 995 802 319 247 169 915 797 685 622
803
324 418 953 31 208 554 923 932 962 600 768 614 599 710 748 200 672 380 792 994 32 472 579 581 604 191 494 550 702 254 775 411 793 148 957 682 102 620 161 497 19 298 287 416 296 716 716 685 389 31 969 942 65 493 327 587 427 218 520 911 972 994 696 39 950 484 891 916 256 665 890 6 111 622 468 408 327 200 900 221 408 975 140 963 256 395 778 948 385 648 863 808 758 711 615 658 34 975 879 829 232 325 148 758 305 174 494 272 836 162 992 24 329 859 730 922 605 563 147 647 660 888 303 223 645 725 102 47 298 328 239 6 185 961 947 139 10 561 22 848 57 646 288 284 640 594 422 62 663 976 128 465 398 52 675 230 321 798 319 88 788 164 266 439 305 822 546 80 745 660 310 741 635 473 58 163 525 214 701 759 856 20 207 111 2 728 798 530 4 191 959 799 114 229 648 540 907 779 555 913 584 696 239 460 843 902 799 490 276 581 882 65 27 117 420 794 867 353 534 435 33 360 315 469 591 270 534 732 987 471 739 472 746 193 88 939 733 997 923 931 368 545 885 102 518 577 814 70 889 549 991 841 136 415 793 690 986 828 160 743 509 189 720 375 92 847 602 610 248 446 501 457 214 760 600 352 792 445 299 186 990 79 124 109 744 464 424 109 979 68 742 495 515 506 992 691 64 151 960 369 92 412 692 602 741 127 364 532 640 553 493 202 388 369 346 906 68 911 788 994 39 731 250 277 49 138 743 444 322 771 79 916 891 780 488 332 147 775 129 619 402 360 400 267 282 837 818 61 592 247 806 231 337 63 432 406 891 508 691 110 562 681 241 612 563 786 318 780 313 777 803 619 400 573 300 50 142 946 929 662 390 953 799 875 220 926 164 361 786 722 199 351 330 309 145 822 860 958 53 619 137 248 129 860 754 617 134 640 335 540 233 827 556 866 520 729 97 45 618 127 252 608 323 889 565 798 563 531 519 194 921 107 765 849 774 448 240 196 787 849 761 838 431 340 407 655 802 533 900 850 997 348 707 639 479 57 349 952 844 298 652 790 822 978 165 482 606 460 98 828 778 429 199 253 243 25 55 680 694 847 807 237 329 70 825 643 747 467 485 405 922 567 126 509 778 738 70 990 444 525 258 703 627 543 495 132 172 414 58 71 289 361 86 222 925 752 803 176 589 539 308 795 663 131 1 942 567 951 454 766 744 485 771 757 876 524 327 564 197 25 756 720 504 946 613 315 893 373 962 68 732 51 66 68 143 356 57 683 813 957 303 151 373 676 799 412 130 410 925 931 848 390 605 446 97 479 521 444 29 919 263 433 815 800 831 930 762 400 103 28 550 291 20 414 8 223 465 409 882 691 43 919 732 478 842 908 544 256 534 982 746 113 394 607 113 559 328 4 974 865 471 151 867 117 511 931 624 963 421 511 733 154 89 622 298 279 80 444 184 473 854 18 549 533 56 911 724 191 880 296 170 329 456 910 262 946 782 152 129 852 319 575 525 970 543 563 836 949 338 544 567 281 769 691 825 517 176 149 616 415 336 657 673 195 506 83 701 928 447 248 363 658 149 347 36 954 482 414 613 579 701 323 614 116 307 54 434 323 149 162 913 698 255 268 898 779 920 600 400 82 796 706 222 528 243 505 691 354 995 89 215 480 684 634 356 309 863 587 399 881 667 616 998 56 661 693 677 667 938 755 636 568 273 105 533 436 380 812 894 572 975 682 721 156 501 62 530 166 815 997 22 525 93 262 919 243 136 88 696 741 92 760 898 919 271 754 517 305 843 376 85 930 72 713 26 880 495 204 790 306 760 233 857
411
253 876 494 552 811 793 281 798 6 15 454 620 43 140 17 715 771 508 658 117 54 485 968 248 648 248 910 54 553 301 274 11 131 933 667 532 850 228 409 754 584 19 483 133 105 706 232 215 632 345 99 404 665 107 181 478 991 729 400 746 583 684 827 662 256 154 33 544 480 669 287 394 21 181 181 261 399 236 645 715 291 879 748 1 272 13 932 784 996 982 451 422 911 138 767 844 248 821 606 404 137 237 546 17 816 566 42 662 50 486 80 817 305 382 328 189 602 880 753 342 244 72 455 758 257 504 249 80 77 69 694 147 855 756 734 719 969 278 297 53 425 65 117 70 408 901 374 880 761 662 295 324 642 124 554 225 779 271 974 585 572 44 297 684 612 213 992 719 134 344 78 786 647 820 781 660 960 156 972 206 16 594 103 464 113 725 184 466 791 3 817 261 271 813 259 812 709 651 688 716 336 242 64 752 731 233 629 608 57 907 333 202 502 341 574 543 156 871 563 188 361 446 488 805 724 168 627 717 230 60 980 827 41 615 239 729 583 11 852 755 673 267 779 201 806 436 558 229 44 305 966 745 85 273 445 149 57 539 510 494 162 546 594 925 651 957 45 649 750 440 364 86 575 5 367 760 23 306 821 759 532 808 911 818 384 682 990 718 798 423 862 181 953 472 796 269 245 456 951 91 946 511 266 90 522 667 938 830 840 198 111 649 281 304 512 60 54 427 262 349 285 493 470 935 809 469 501 821 71 365 112 12 198 750 250 114 451 792 68 557 72 357 572 550 612 356 788 288 745 26 122 351 248 511 911 179 814 916 23 936 764 23 812 273 928 936 382 526 742 585 987 299 518 568 776 987 88 331 781 397 430 517 622 108 14 678 775 815 897 379 118 392 97 311 809 785 277 967 839 455 758 776 360 778 187 821 438 648 163 531 116
320
770 926 506 474 719 638 73 751 395 292 414 149 49 666 190 658 556 139 341 286 238 446 70 934 537 822 486 313 652 404 265 878 652 395 462 663 391 655 446 183 173 302 30 670 551 198 546 861 307 401 610 775 587 884 832 507 764 596 716 767 306 284 836 687 177 806 5 815 548 129 36 558 464 875 479 103 698 62 496 618 650 467 237 567 44 853 57 449 525 644 694 513 838 789 104 359 557 671 345 453 133 724 758 304 101 235 796 979 680 586 795 493 52 167 179 86 929 348 910 963 383 767 705 401 898 118 140 474 437 975 783 155 193 847 900 780 54 744 119 202 782 303 290 94 479 963 998 1 122 512 780 529 471 58 498 121 10 628 783 607 312 849 727 259 517 649 584 237 379 800 533 893 592 180 26 229 621 985 70 286 613 629 295 537 559 235 590 569 325 58 827 259 424 515 777 603 16 764 38 809 22 189 181 356 489 295 398 30 358 925 438 376 154 805 887 548 43 639 927 846 845 19 379 59 872 641 455 392 167 954 999 777 49 46 547 466 618 923 434 418 706 200 259 188 277 649 540 201 19 405 456 139 827 94 538 930 872 533 85 820 341 180 44 978 248 107 183 745 898 101 297 304 922 636 736 114 217 714 635 706 64 696 388 786 803 231 865 818 544 14 478 810 113 863 371 534 68 958 256 65 775 742 953 790 519 49 716 785 298 941 294 324 661 744 15 270 495 95 927 737
294
681 272 663 298 914 954 895 436 245 688 868 539 232 762 73 694 23 548 672 741 74 315 552 538 726 332 618 123 880 568 964 528 797 710 712 827 915 119 213 410 482 666 925 39 256 208 917 904 483 503 792 124 75 93 841 143 436 649 66 68 776 199 883 367 728 561 33 582 651 929 969 763 984 724 141 387 769 542 631 504 883 186 548 338 371 354 1 113 974 788 945 537 962 440 658 822 157 203 568 353 292 727 708 907 497 153 692 702 594 58 491 967 855 635 732 972 300 713 644 534 802 143 263 372 778 713 352 180 965 460 920 859 257 953 884 40 382 428 485 259 330 766 635 790 636 509 114 157 484 778 82 412 313 104 679 625 269 481 781 698 217 560 40 258 755 561 825 901 1 589 477 60 883 258 810 790 930 36 925 505 669 239 861 275 786 805 914 424 693 930 40 692 365 598 33 201 400 637 465 708 672 543 384 414 635 574 797 345 690 332 908 475 562 525 529 267 451 241 624 605 456 881 894 386 182 258 164 566 747 298 52 625 811 25 795 230 449 590 615 849 113 715 581 121 406 117 601 571 773 518 849 591 519 866 476 614 511 203 914 538 717 811 739 652 137 191 181 300 230 6 187 633 298 554 797 981 563 512 893 987 290 468 398 68 599 262 154 868 881 372 711 361 679 559
978
761 725 647 745 167 897 114 675 316 596 94 709 964 225 455 638 207 227 270 900 876 969 97 609 556 490 266 625 156 61 335 302 604 222 843 1000 861 77 343 129 47 423 273 114 414 301 374 305 763 146 592 231 326 339 569 378 281 498 853 733 366 186 198 509 254 12 568 943 157 787 71 511 229 118 925 188 477 738 382 360 437 693 351 714 757 390 12 130 428 130 190 692 409 906 517 864 451 419 451 287 543 6 437 996 636 423 128 946 526 862 522 699 251 721 27 679 112 658 866 687 469 784 696 100 13 811 556 192 906 628 697 352 816 24 28 491 820 211 902 748 793 184 142 380 286 901 68 754 337 875 621 626 923 872 744 209 589 212 847 165 898 458 191 576 785 756 537 344 926 513 144 10 260 804 768 198 965 769 786 896 503 657 481 946 373 250 66 631 605 444 723 117 503 187 525 936 699 380 69 347 18 103 938 650 457 540 257 700 959 365 116 342 589 636 494 160 43 936 548 559 229 144 703 766 674 656 881 194 655 90 139 757 97 150 153 218 119 930 238 578 603 798 39 531 436 709 569 49 513 883 48 694 343 729 870 733 998 667 987 491 172 181 477 628 682 409 641 653 624 824 956 710 806 884 320 142 291 840 3 192 321 767 168 875 708 350 790 922 631 930 454 327 217 795 923 246 539 52 111 404 213 709 753 172 376 891 623 832 415 25 388 452 242 367 735 103 402 471 837 78 684 200 654 454 815 322 391 943 395 283 20 346 19 600 41 475 157 835 760 273 336 67 482 660 547 578 165 661 836 976 958 445 240 119 330 27 788 830 920 517 354 946 444 657 23 944 104 114 833 156 392 250 795 315 608 347 150 191 303 930 757 493 537 815 831 159 869 927 60 488 390 938 314 424 617 396 802 334 510 356 235 508 755 701 220 960 378 367 604 54 363 274 37 427 609 147 656 253 433 816 861 324 897 792 779 495 525 938 3 16 395 703 46 289 447 642 982 653 920 711 565 711 466 546 927 214 633 868 607 462 661 879 4 624 225 564 934 187 730 689 556 33 604 627 174 410 59 33 7 402 966 50 338 258 383 2 249 984 823 829 761 620 905 303 415 701 44 637 388 752 459 593 938 499 237 256 58 158 993 8 816 723 605 451 474 937 518 635 301 545 667 88 414 281 192 121 956 81 303 746 968 708 596 756 47 468 783 514 708 615 327 560 199 214 538 164 139 671 127 990 726 920 63 514 169 694 384 672 257 530 847 682 734 293 29 244 812 589 764 197 247 902 26 535 462 940 795 154 57 755 445 90 674 661 27 592 424 463 523 355 706 967 743 127 418 372 382 659 633 676 520 378 407 407 699 62 241 441 687 145 957 173 855 117 140 862 709 772 264 197 449 214 512 673 757 430 907 890 222 752 5 772 730 305 798 681 108 169 991 814 406 965 781 988 39 904 957 12 969 287 378 534 769 704 813 148 638 57 889 960 794 885 432 756 909 583 805 527 164 522 692 948 210 324 844 982 388 541 722 201 332 901 309 639 79 928 784 739 954 602 589 632 730 301 786 972 538 404 563 245 808 284 403 847 471 1 676 925 589 888 781 885 456 999 235 380 29 24 412 194 157 760 626 7 109 460 297 364 784 417 629 869 804 920 411 458 884 467 740 996 896 43 95 774 150 978 516 998 704 403 88 663 215 992 187 730 141 82 584 798 506 145 234 829 676 535 652 319 24 233 313 378 719 322 135 372 764 257 70 448 436 244 680 958 268 800 126 310 99 703 292 605 89 158 983 372 278 797 645 229 708 243 77 331 874 549 648 700 660 182 212 384 688 161 522 310 41 549 831 783 532 829 447 247 742 202 638 625 309 125 536 33 804 275 382 433 37 474 746 765 266 542 81 158 691 960 412 456 887 797 208 774 914 140 871 715 386 848 60 623 474 979 366 243 532 637 749 949 378 912 200 978 706 1 557 479 664 428 419 892 552 635 774 698 776 505 627 814 560 720 438 121 814 689 435 636 520 441 137 911 524 901 711 441 501 138 29 600 981 640 777 354 682 93 782 322 119 613 478 934 559 552 832 543 131 80 175 334 483 43 564 750 744 826 568 650 52 67 361 25 305 230 816 907 406 182 490 58 506 492 910 94 790 184 614 791 114 128 339 665 276 726 535 695 788 576 118 529 630 81 919 305 71 725 74 793 418 539 151 74 432 538 652 807 207 734 783 866
41
134 996 294 265 652 95 38 302 70 894 560 973 802 606 512 629 48 957 424 66 637 245 970 308 933 869 306 292 976 630 391 7 499 195 116 398 58 871 790 487 77
7
678 150 61 990 119 21 699
960
154 906 851 989 254 207 529 505 169 207 944 311 611 467 750 621 432 390 505 823 501 711 422 157 152 356 997 521 236 966 47 149 720 328 71 816 466 407 68 274 577 711 967 970 461 169 296 753 551 72 349 326 428 183 535 379 889 490 613 430 921 71 682 686 115 860 197 422 214 28 347 738 882 628 259 880 874 835 858 967 602 256 940 115 52 448 424 289 187 468 909 905 870 548 718 479 752 343 461 907 941 183 486 900 204 520 415 134 733 90 530 108 433 310 225 588 436 535 290 540 679 543 769 102 765 208 256 455 823 451 595 873 720 934 274 468 541 64 532 862 763 1000 157 841 833 721 182 918 790 932 257 364 913 30 810 427 540 58 627 259 710 136 493 652 989 205 275 523 460 910 144 61 695 387 15 471 928 322 319 753 955 670 176 854 454 665 884 659 554 448 409 797 345 29 148 667 822 476 524 633 445 129 776 246 459 407 565 855 842 422 442 425 592 526 152 52 597 911 392 862 82 975 287 395 721 589 663 693 915 450 974 891 345 439 279 587 464 845 168 736 999 679 506 52 919 127 537 116 109 295 600 990 161 70 887 583 492 423 606 540 49 811 60 11 701 994 180 737 96 681 297 287 427 431 856 839 67 546 143 482 296 968 938 208 806 793 27 470 218 196 697 963 983 12 508 380 654 21 5 24 667 505 676 674 311 454 223 491 113 59 373 437 349 72 639 587 549 712 930 106 938 388 235 473 970 418 667 625 838 289 737 575 842 639 58 214 301 357 952 195 624 666 383 675 874 444 654 342 279 869 944 249 380 605 494 819 914 936 538 935 772 391 632 714 16 796 428 106 482 318 588 717 48 243 973 147 926 686 115 224 95 623 993 944 356 317 60 200 641 892 140 963 268 368 5 53 187 623 731 482 753 408 510 993 591 768 360 775 183 649 518 439 779 155 433 953 199 736 84 880 844 425 746 808 792 337 874 828 137 716 112 838 604 789 68 177 252 125 919 302 858 442 446 600 3 974 182 104 939 651 865 584 21 68 413 506 562 707 518 119 28 973 608 153 1000 886 4 494 212 666 259 622 240 190 788 346 359 687 741 626 412 992 917 326 527 386 163 146 490 570 929 395 945 322 736 43 889 285 985 664 142 684 377 806 947 618 849 706 607 937 881 729 103 621 670 520 355 482 536 20 854 690 122 1 700 649 974 312 305 846 443 919 936 141 175 257 846 870 320 757 723 224 164 194 47 343 838 699 827 216 671 229 868 471 448 544 533 111 192 189 148 458 632 664 742 477 378 939 243 237 743 154 402 559 542 416 262 89 549 650 501 968 560 536 569 653 158 917 510 727 929 311 420 163 976 234 74 804 570 595 659 46 959 410 528 674 385 811 833 919 628 563 919 577 723 294 13 589 698 831 932 308 99 1000 676 320 500 851 737 33 294 588 62 264 207 248 202 242 329 335 668 532 957 911 835 166 223 142 175 297 133 70 483 871 204 20 629 542 433 657 756 101 748 141 186 344 776 605 153 230 775 16 870 842 768 493 680 711 511 32 6 110 480 619 256 415 247 39 914 619 365 482 925 441 579 315 803 94 661 441 845 860 368 379 346 78 849 990 721 852 977 469 304 343 118 371 663 987 125 735 23 437 929 829 466 968 388 440 923 335 330 782 969 280 377 462 342 906 813 481 18 591 31 157 148 374 605 77 423 245 958 115 317 418 551 219 743 155 641 76 407 318 561 753 979 248 666 564 298 210 647 336 851 964 298 331 381 906 746 727 123 170 550 798 573 21 894 333 966 541 463 478 772 367 313 486 996 21 75 945 731 26 760 829 796 84 696 663 223 207 833 963 649 183 659 377 306 431 115 774 270 430 931 409 950 853 412 460 407 307 527 475 921 842 516 951 126 178 549 695 242 776 791 897 621 312 657 794 153 147 915 774 550 235 47 473 789 748 977 256 535 247 960 286 876 77 162 607 323 785 982 880 43 653 1 250 237 15 986 225 264 239 712 611 957 623 322 486 473 338 998 580 328 298 758 447 790 728 856 491 769 406 926 751 806 813 506 534 798 672 777 98 867 768 737 879 515 137 625 884 762 402 454 754 216 633 261 37 580 315 383 105 840 85 390 308 515 458 219 891 377 435 771 642 634 699 522 205 868 438 681 686 1000 423 522 377 719 137 661 834
186
752 744 259 101 371 718 328 812 215 623 458 790 456 986 672 963 393 433 971 933 19 535 435 437 43 827 266 490 558 610 31 171 851 164 451 363 667 751 384 553 254 906 274 105 648 423 981 883 543 597 640 171 641 549 665 576 22 574 348 636 775 980 745 756 633 505 916 772 233 497 93 932 867 3 723 853 96 365 281 239 339 547 800 307 607 229 613 94 235 918 154 48 642 416 361 228 101 156 439 864 900 187 374 881 947 516 785 866 538 382 164 96 314 84 315 887 912 215 639 276 470 821 288 402 538 214 862 932 744 109 996 161 21 404 595 613 376 336 115 452 600 858 297 160 331 990 437 959 958 167 462 564 53 145 192 669 118 281 802 251 695 110 432 184 90 184 752 101 981 863 165 994 815 693 888 534 740 959 668 409 263 725 167 655 185 108
911
762 405 24 711 804 74 487 328 397 833 867 541 90 606 221 974 396 691 304 262 188 712 917 491 565 273 763 465 580 871 589 796 712 246 149 999 431 108 103 270 815 37 931 702 712 577 89 36 593 611 713 921 794 358 768 279 238 54 393 1000 201 391 693 558 117 811 714 506 812 633 175 441 90 139 686 515 385 653 223 986 752 628 730 406 863 206 340 914 139 694 393 308 146 331 929 590 543 533 413 30 42 39 270 772 340 299 956 486 191 43 213 483 968 237 596 716 596 545 302 765 624 450 399 521 355 949 794 66 124 723 349 381 460 158 921 410 241 421 220 222 780 807 837 653 558 807 8 158 291 837 270 341 430 176 773 330 641 976 135 845 589 825 897 119 35 737 317 261 301 89 312 916 385 485 532 964 813 60 342 628 468 702 862 42 582 39 647 742 404 827 905 212 387 381 785 789 446 107 979 431 298 875 52 220 563 846 623 504 677 122 599 781 307 342 694 472 515 526 278 546 343 959 972 861 739 578 801 770 914 720 766 126 346 660 541 631 774 897 843 774 272 56 692 946 139 151 250 880 822 647 940 457 472 983 85 602 810 725 306 26 764 409 461 411 23 348 45 477 594 643 167 972 863 63 155 807 71 18 950 281 60 286 352 790 615 14 127 937 955 227 725 258 830 925 579 947 9 324 917 266 913 925 172 923 368 566 689 420 536 757 869 294 264 499 361 58 247 327 588 3 331 993 791 83 227 238 573 276 410 680 434 835 783 839 238 258 518 895 716 497 221 287 186 441 53 440 961 231 589 826 880 408 509 254 869 443 405 185 327 654 66 854 1000 204 542 471 541 152 468 657 840 651 529 131 545 191 953 892 873 954 772 658 833 738 232 433 3 995 407 642 455 667 947 1 668 767 997 90 39 349 481 624 428 45 441 954 88 514 13 308 303 712 739 101 515 356 474 790 354 801 332 895 748 361 509 344 64 614 62 246 226 764 975 843 801 49 576 24 83 660 234 296 262 937 476 349 345 671 997 657 759 197 906 945 988 972 810 464 131 552 104 239 535 500 907 182 584 963 71 252 49 37 37 412 982 959 77 221 134 273 912 324 313 997 563 291 293 494 61 258 143 303 48 767 358 777 199 548 655 652 442 5 96 885 98 455 585 586 446 651 990 312 178 722 354 390 632 46 473 1 310 410 157 69 149 513 355 588 515 693 863 433 467 972 654 87 361 980 228 199 629 275 991 468 807 925 197 898 422 19 84 814 934 437 820 981 778 507 24 71 956 552 176 64 684 874 548 73 186 850 429 767 257 963 138 413 265 306 358 133 650 447 715 304 671 143 408 259 369 995 82 208 464 255 936 949 706 479 553 85 496 382 971 410 500 967 762 106 174 793 366 43 836 262 120 603 545 426 229 470 73 741 114 86 778 954 751 643 57 49 272 822 29 291 661 336 7 11 980 362 291 369 378 542 426 641 764 170 615 250 116 317 179 744 67 445 538 917 47 37 330 269 376 864 45 752 4 411 264 122 848 988 468 430 567 986 182 484 406 48 725 228 553 771 462 488 719 542 506 265 574 328 58 536 947 924 251 465 596 723 652 24 280 5 426 783 423 477 475 914 596 692 316 629 649 979 430 748 153 745 490 692 160 254 967 275 116 203 5 532 281 6 620 248 754 257 379 633 957 854 594 475 477 951 23 419 984 587 103 42 386 224 230 184 190 452 212 286 684 379 604 387 222 825 443 167 570 598 71 361 543 863 347 230 910 10 74 958 472 981 414 820 418 912 824 574 810 118 705 77 981 889 179 444 501 780 976 454 684 77 964 749 345 156 162 217 260 949 352 783 189 432 500 653 153 802 117 79 86 818 59 746 165 399 728 627 802 605 203 649 672 392 222 582 226 521 732 597 851 337 890 859 377 629 271 992 147 413 98 637 149 976 838 943 539 660 825 443 46 616 646 728 245 95 349 473 332 583 777 223 933 333 989 988 753 880 364 956 148 175 397 794 162 737 936 777 911 440 110 977 669 75 489 347 686 548 884 737 395 708 866 18 929 691 722 687 266 492 31 754 16
689
421 824 194 483 984 987 690 433 452 576 51 794 49 96 469 365 158 910 792 632 744 995 748 877 988 251 379 198 74 628 628 108 477 764 255 361 739 131 588 382 411 745 355 6 367 569 707 73 726 678 562 831 901 727 335 101 51 120 761 1000 764 24 17 727 533 64 787 749 509 287 400 169 6 669 185 735 983 441 440 274 55 984 446 397 540 137 351 899 322 235 789 870 343 731 441 119 238 597 586 691 971 497 104 745 190 655 876 186 946 613 110 856 498 258 738 762 454 402 644 987 807 221 340 725 887 312 593 877 733 501 790 956 981 530 578 868 959 160 442 455 608 720 251 230 237 776 523 113 264 122 853 542 155 872 338 17 128 767 40 876 240 617 925 967 483 964 190 453 640 30 959 43 536 11 600 516 737 869 265 326 125 896 931 13 147 253 248 85 776 173 702 950 801 167 614 59 374 555 975 60 18 149 190 54 641 752 274 365 55 638 330 681 6 572 804 709 241 429 486 299 228 442 784 2 506 529 744 167 335 166 824 781 807 752 115 323 513 405 211 776 59 138 907 777 252 495 983 828 711 981 382 102 456 639 138 684 795 667 744 806 947 806 531 814 176 249 886 178 186 164 448 353 948 101 889 563 641 765 511 128 17 384 689 921 133 833 615 993 984 644 279 893 905 575 20 904 634 884 589 888 356 933 213 802 248 696 408 340 899 118 815 955 135 768 388 798 125 624 343 601 945 627 615 438 227 360 70 638 263 671 608 883 114 522 868 127 339 587 274 722 889 334 821 852 715 663 854 725 999 25 945 395 83 673 688 116 336 193 673 19 86 807 823 231 843 636 751 797 230 152 74 790 296 683 231 513 147 219 706 493 758 148 290 948 75 212 657 167 40 910 18 52 717 98 393 782 72 867 128 197 381 229 454 17 222 340 794 774 956 511 556 285 325 596 872 570 940 626 105 290 891 919 487 368 489 842 559 976 505 17 550 270 39 507 129 543 673 674 45 874 212 346 397 112 112 500 637 241 162 303 585 366 663 295 49 568 807 113 221 84 966 609 333 166 925 256 508 607 846 613 317 180 997 536 942 347 223 136 483 852 259 740 209 160 942 818 353 504 899 765 970 568 601 523 143 597 67 797 425 437 799 969 913 84 591 398 291 813 36 982 995 182 74 57 847 475 794 238 709 884 633 884 581 304 125 418 634 299 481 906 609 32 700 713 672 792 614 753 743 665 350 401 322 930 147 789 217 180 604 458 650 588 430 304 858 507 610 467 572 198 360 736 289 199 143 967 931 189 394 899 410 205 615 876 874 306 757 356 598 931 682 964 730 953 780 64 286 646 889 692 227 315 562 350 92 152 676 503 208 362 970 479 682 820 131 488 88 535 848 749 330 938 662 135 463 421 477 681 669 8 715 646 16 420 478 888 815 25 79 820 758 515 963 174 487 661 671 786 385 848 921 571 254 172 903 891 349 446 512 561 6 250 699 42 48 284 86 138 421 471 339 64 217 499 745 394 577 504 415 999 475 892 890 768 404 495 393 619 202 14 609 463 184 912 48 524 754 851 298
236
143 102 877 946 683 849 614 288 409 931 149 894 595 46 66 794 318 760 205 851 909 182 122 791 255 506 383 581 463 703 172 462 875 574 861 828 886 177 885 510 440 166 453 109 347 600 585 322 944 303 143 790 94 429 357 43 339 513 271 432 902 12 462 936 373 967 649 651 87 593 396 370 975 251 188 314 478 834 463 107 948 599 671 751 123 312 206 180 494 835 930 206 170 678 804 787 444 829 629 189 457 774 340 119 879 564 885 439 755 427 788 22 135 505 228 514 259 828 247 681 393 760 639 153 843 444 51 755 422 491 98 258 396 893 69 9 645 439 177 795 672 447 17 545 448 312 423 252 938 232 165 353 408 723 761 828 714 979 834 593 446 100 405 769 923 823 183 769 370 792 681 75 812 443 88 955 327 866 792 831 602 738 322 67 697 164 24 607 826 321 29 80 181 56 805 278 237 943 729 414 994 778 628 8 151 46 674 175 460 755 850 850 632 52 175 773 648 755 321 81 947 441 114 964 332 181 879 514 130 714 873 698 325 676 455 994
522
364 660 411 106 64 840 228 501 964 127 928 639 757 464 415 779 531 858 419 356 780 230 100 631 689 913 848 968 12 495 610 460 350 330 853 397 49 492 918 315 696 192 485 886 735 281 762 357 192 900 697 996 963 545 448 322 26 288 84 910 91 34 689 771 423 699 846 348 926 636 147 838 232 879 625 711 825 828 516 215 365 239 18 578 715 896 249 889 209 380 310 2 807 547 486 333 36 271 583 864 941 116 1000 555 467 752 604 940 242 111 193 597 855 732 933 555 167 629 495 970 780 199 183 325 32 39 277 531 369 533 306 668 16 895 238 341 553 46 86 892 197 952 43 695 907 750 268 323 899 905 820 432 460 874 588 534 612 762 496 327 602 232 692 117 286 105 912 983 586 739 61 280 776 132 92 483 418 190 789 501 472 217 409 744 379 267 540 912 441 785 363 147 785 780 990 213 852 183 977 551 308 198 203 711 143 434 246 941 491 878 796 298 530 981 403 657 689 863 894 694 924 872 469 50 668 232 322 236 267 721 727 701 454 274 393 145 776 59 507 278 647 971 930 347 679 416 402 947 836 435 917 455 817 252 905 462 366 499 746 191 912 938 373 756 102 392 122 436 923 681 756 790 576 762 117 730 894 230 389 662 925 976 902 718 265 9 801 963 965 156 898 508 188 171 456 497 791 104 290 532 523 690 165 434 458 759 188 203 775 616 446 480 123 697 437 310 182 117 479 875 525 692 438 342 991 4 164 848 160 121 152 369 749 473 781 377 397 893 280 883 565 168 525 868 118 200 943 232 633 835 363 370 600 332 610 827 999 817 79 992 161 765 849 970 458 1000 250 783 284 674 277 667 917 267 504 419 720 555 397 447 442 100 631 141 707 801 468 306 545 732 478 160 695 302 247 94 64 772 660 458 663 65 590 105 823 540 55 475 580 736 326 679 82 222 675 804 423 87 973 62 398 8 6 183 533 87 484 816 436 279 406 240 924 33 433 844 43 219 809 470 841 301 555 829 108 912 607 368 529 805 767 123 810 142 821 462 667 662 634 915 563 226 93 186 979 926 78 602 436 446 498 526 99 451 900 602 138 704 86 311 757 176 239 629 914 840 403 937 268 274 854 489 745 919 176 381 737 13 147 17 60 544 495 330 126 25 343 740 833 544 849 569 799 557 957 238 317 429 311 142 456 615
617
440 683 511 626 147 110 667 22 586 134 805 71 505 223 481 750 829 31 755 815 969 994 204 928 455 444 851 889 486 771 638 111 701 46 198 144 724 328 400 927 680 324 624 252 464 720 190 243 925 291 836 675 218 129 750 679 665 804 755 923 13 814 201 47 894 57 253 765 844 135 226 922 831 397 565 411 463 844 525 957 44 385 845 912 967 769 327 18 32 142 181 64 628 166 129 984 608 413 396 386 651 347 205 780 461 127 365 733 242 926 159 672 160 386 23 278 789 562 736 404 889 9 642 58 573 129 55 220 625 674 199 54 33 327 975 87 562 181 223 490 305 97 961 832 300 240 669 538 581 660 401 246 926 450 31 644 73 349 780 856 74 997 135 570 178 802 284 502 534 91 504 927 822 615 310 201 485 76 616 755 758 443 639 788 456 672 480 772 369 990 89 300 187 310 616 724 846 393 833 659 915 792 618 389 840 220 166 593 644 269 641 337 569 940 238 479 744 717 365 406 417 173 116 144 391 496 651 388 666 55 878 178 207 592 564 855 681 271 380 355 357 150 702 205 668 484 232 636 168 636 287 798 671 666 37 21 796 709 490 504 455 650 86 368 437 92 599 106 352 68 939 136 135 917 979 617 764 804 3 482 879 217 376 995 533 113 610 875 663 242 167 698 134 785 132 951 777 869 980 580 144 352 292 953 213 627 399 183 361 814 501 738 704 463 972 576 74 983 225 901 176 838 186 719 76 51 468 402 750 851 974 995 89 612 281 142 388 536 593 908 485 286 611 360 2 663 760 522 891 17 115 503 487 404 587 527 205 30 753 902 226 26 361 864 61 408 146 11 817 676 919 788 214 853 224 333 276 885 756 595 342 795 100 58 726 471 555 603 692 484 949 239 423 268 892 905 351 776 188 436 556 160 58 270 671 217 458 582 665 921 123 123 209 522 4 712 300 732 860 997 804 162 499 598 359 520 436 559 676 820 698 799 266 857 148 117 887 957 693 133 737 770 808 441 689 541 784 307 445 710 243 188 903 82 19 729 767 591 364 818 232 255 387 450 629 509 224 224 669 175 397 924 388 379 481 206 445 618 689 754 467 651 517 723 609 131 997 861 218 387 838 392 238 271 25 299 335 236 686 193 445 193 844 402 866 279 110 337 381 545 308 846 364 118 689 769 690 371 954 723 454 878 281 921 295 675 6 668 411 322 319 908 245 248 395 566 646 225 974 606 36 770 624 244 563 481 22 471 312 689 598 306 824 444 290 684 487 714 915 355 923 868 757 231 783 673 866 626 106 923 179 541 348 716 164 904 222 58 782 163 397 214 567 551 248 21 682 475 906 297 354 731 634 155 149 194 450 777 899 850 206 440 949 148 627 706 88 135 282 536 201 482 42 949 105 413 77
486
179 623 428 60 917 310 445 601 530 534 488 959 999 698 14 23 394 240 146 741 963 138 620 529 180 199 469 826 896 710 945 224 663 546 948 283 156 862 731 903 823 79 647 462 883 384 330 905 581 208 998 151 982 780 808 176 527 969 151 37 195 46 238 130 434 755 393 750 265 57 713 744 228 393 833 510 202 708 87 142 477 782 10 727 796 469 608 873 261 384 222 967 603 939 573 103 691 609 927 195 827 393 964 563 13 399 865 796 7 130 104 902 283 845 886 34 589 716 122 835 106 898 914 494 178 393 836 948 792 893 268 273 112 497 713 62 493 888 448 750 749 67 589 937 105 796 315 842 86 326 997 76 606 681 251 548 197 264 658 546 519 45 201 549 229 140 865 331 374 946 745 445 671 532 325 502 641 355 172 671 376 665 885 840 105 238 939 606 73 962 785 675 854 632 366 869 71 272 518 264 581 349 584 223 600 425 19 611 124 494 594 791 499 452 572 715 436 78 538 915 74 796 306 323 85 313 339 767 605 26 121 231 85 952 260 970 523 321 330 233 47 696 642 129 178 471 310 380 677 540 594 61 678 38 71 116 774 855 448 556 860 313 429 34 200 951 401 846 876 493 950 273 726 690 590 363 149 381 447 252 542 981 317 181 576 930 617 114 402 695 476 986 135 453 951 77 745 540 583 528 30 227 766 456 156 308 612 632 580 968 458 469 815 196 365 280 779 754 637 284 331 525 929 813 371 291 573 16 394 33 710 143 4 925 83 355 746 411 626 492 221 441 778 807 591 259 231 450 616 838 77 412 3 913 998 569 408 276 837 269 476 546 524 567 122 529 966 687 152 859 5 365 283 447 130 63 317 272 460 138 379 580 189 434 845 718 667 842 210 104 618 716 784 415 479 424 314 490 792 914 736 949 874 860 855 448 4 700 135 762 638 695 797 304 980 399 695 388 531 194 569 707 392 323 404 320 934 964 50 9 900 510 660 608 336 845 635 8 449 256 461 788 259 722 366 170 613 109 253 723 548 426 59 817 949 184 781 606 935 713 684 155 287 21 499 575 662 326 984 984 373 960 94 620 783 590 84 75 456 543 702 924 803 401 43 196
172
735 657 313 304 181 370 527 507 293 455 51 550 683 961 162 999 90 868 822 465 73 306 881 926 678 877 937 793 491 761 317 855 138 155 28 994 926 155 993 746 503 141 209 386 984 585 564 180 356 85 88 569 275 988 842 355 584 355 322 61 792 199 668 346 637 698 527 416 424 204 536 259 413 490 239 960 969 868 12 646 902 840 554 747 610 368 117 443 172 644 683 910 60 630 277 851 402 960 722 588 976 391 554 130 525 565 847 894 870 612 533 694 428 523 169 437 910 51 72 772 607 86 430 482 300 149 29 101 615 245 663 966 118 684 145 743 467 725 718 421 351 460 39 434 684 998 284 80 855 175 904 742 218 40 25 404 200 65 834 740 57 980 891 844 662 535 64 229 658 900 97 857
817
323 479 193 819 719 548 42 339 801 416 852 893 776 415 258 336 913 231 550 645 967 652 538 724 137 459 596 292 746 401 943 252 483 535 15 835 383 353 399 544 374 86 609 592 269 563 670 220 479 26 697 92 500 916 497 858 195 382 271 331 587 697 414 660 714 719 435 600 485 61 8 788 728 327 48 117 508 371 908 30 466 870 294 901 450 4 55 329 738 877 603 491 763 456 667 337 895 519 242 796 91 914 768 166 731 562 833 660 710 510 141 990 471 191 658 698 786 63 518 113 125 292 611 389 164 67 481 128 463 735 22 96 266 490 924 129 237 147 998 733 149 10 740 776 639 800 994 340 395 775 908 461 182 794 267 458 572 586 236 364 471 802 434 404 872 551 235 416 962 86 657 463 830 584 841 793 117 910 743 662 670 756 255 696 389 246 406 213 996 693 277 167 828 439 909 30 403 616 520 740 148 546 232 240 697 785 523 740 580 502 832 600 367 879 197 722 128 357 291 251 195 937 861 451 263 529 113 353 224 23 1 870 314 348 824 97 391 183 369 221 605 67 24 849 83 204 553 600 849 829 653 255 425 265 294 685 545 328 787 406 153 157 719 439 81 805 398 833 215 492 506 71 965 649 184 639 942 224 499 155 350 327 681 479 865 615 792 824 724 4 620 539 187 45 348 888 379 839 58 856 370 603 873 639 563 891 475 702 442 163 38 746 914 413 888 424 769 647 783 778 45 796 170 679 199 102 93 929 474 74 982 829 161 998 357 299 26 266 185 490 391 603 276 921 903 293 964 385 533 127 412 514 830 272 346 333 280 299 34 831 297 449 102 57 22 635 979 289 866 952 747 364 365 534 196 603 195 240 986 16 312 415 683 32 462 593 493 745 67 206 623 21 475 592 230 469 936 892 808 720 198 424 544 245 856 28 498 692 756 797 208 888 562 256 405 539 667 643 600 333 62 558 761 627 317 503 925 316 409 457 557 598 910 173 636 154 294 200 211 183 129 392 45 134 734 651 250 650 828 885 114 908 426 297 625 502 691 213 89 540 52 24 849 181 488 367 779 606 9 473 702 259 688 730 471 750 375 40 410 193 529 860 526 602 209 204 803 712 169 750 424 763 973 403 398 587 863 384 931 271 308 25 710 177 285 287 371 62 953 15 156 355 884 309 267 520 56 573 742 959 821 605 861 39 578 835 850 867 615 976 654 971 795 72 735 294 341 88 196 533 711 332 549 416 749 596 558 317 334 394 440 660 93 562 289 160 409 147 413 992 739 77 400 653 234 690 959 692 934 948 636 336 387 173 770 374 209 809 251 378 129 156 461 199 957 153 285 406 91 113 992 867 43 332 627 474 511 445 268 951 211 758 660 190 30 488 90 117 8 8 571 604 953 667 803 740 995 745 204 171 702 582 3 561 965 322 396 920 933 994 24 727 496 270 977 399 172 303 935 806 545 776 653 65 427 150 29 736 148 35 209 773 796 915 672 945 567 805 253 135 24 878 484 76 762 282 58 253 373 185 373 422 269 322 829 661 720 826 560 32 257 5 326 721 966 194 765 291 658 282 691 646 729 171 348 905 934 137 559 949 1 997 620 906 541 298 15 765 424 503 158 165 721 693 570 444 954 227 219 928 230 862 334 992 672 140 27 945 756 148 469 823 305 199 528 105 768 102 781 974 430 768 644 722 285 960 306 507 735 489 605 799 182 18 157 547 714 825 438 412 146 845 712 826 842 80 294 772 409 670 944 429 864 271 987 936 101 878 41 282 987 637 409 766 408 880 542 99 891 953 51 881 81 264 515 505 133 525 953 226 911 574 680 37 766 167 133 592 171 376 937 604 256 837 925 372 750
323
490 913 450 636 742 493 509 429 773 65 14 742 419 782 80 721 517 729 12 671 250 914 297 525 713 274 983 554 119 879 621 741 797 229 474 225 641 62 359 513 183 315 1 911 496 432 256 890 542 456 657 541 695 160 633 609 270 341 612 896 652 507 45 439 546 588 558 745 141 240 726 99 416 169 317 869 370 366 328 231 525 535 673 430 561 353 338 657 472 753 965 873 392 570 208 815 534 117 565 300 272 104 21 29 974 258 14 945 997 955 853 433 877 325 306 281 508 149 611 797 167 327 955 530 650 149 602 825 505 370 488 423 166 665 405 179 860 522 667 239 603 405 37 874 328 66 645 416 368 569 306 806 13 42 397 597 714 60 493 319 96 351 254 575 59 45 651 767 848 592 530 524 424 273 150 794 244 184 235 255 910 486 960 1000 613 669 377 440 165 295 694 296 311 422 821 5 58 651 908 302 981 517 983 735 760 188 625 238 318 323 926 427 5 41 967 443 822 584 563 866 43 466 745 905 360 28 246 609 804 434 661 254 520 993 28 222 273 141 571 688 951 656 278 698 864 9 814 595 29 730 735 757 443 800 799 257 541 415 12 824 848 626 322 607 999 931 546 386 232 867 214 567 667 466 802 564 480 42 12 38 213 221 193 984 940 628 985 827 853 837 527 785 695 860 469 38 434 365 340 295 596 540 528 374 11 569 362 344 983 435 371 861 743 882 290 730 666 7 945 717 57 568 695
533
85 986 72 635 33 877 935 729 515 123 729 7 161 253 537 309 784 959 864 731 809 159 242 620 146 436 40 6 920 936 710 298 949 411 828 334 978 952 445 201 721 658 261 347 934 155 349 722 513 770 508 571 454 6 340 901 20 598 569 336 591 557 546 625 290 56 486 940 113 656 448 106 314 202 606 831 355 906 954 909 461 62 947 259 615 579 431 740 827 976 692 262 985 478 499 929 942 817 820 316 599 974 918 641 678 810 653 448 633 652 3 280 259 85 592 90 810 942 927 880 610 254 203 331 868 12 916 129 964 314 919 359 79 139 77 363 463 181 105 681 716 620 582 236 648 199 834 544 492 263 291 999 768 73 809 432 487 697 845 783 141 48 181 393 578 823 645 885 117 379 475 799 680 222 966 148 627 67 217 631 161 279 138 933 652 248 855 185 491 609 22 576 888 59 879 872 909 287 181 829 411 436 310 676 948 604 960 868 1000 946 473 564 630 361 687 823 631 584 10 618 943 492 887 122 166 398 733 29 292 82 16 16 642 220 578 927 81 364 175 61 967 149 640 355 157 254 840 609 698 958 123 84 452 704 12 226 178 830 186 266 527 125 199 549 957 949 647 121 359 135 867 58 41 157 906 882 255 758 172 851 767 997 142 124 741 750 296 367 67 694 609 364 926 381 845 258 151 194 100 453 963 57 243 652 256 689 426 9 117 963 473 487 408 387 456 462 643 374 810 630 845 259 111 337 45 717 616 85 761 804 272 77 264 315 611 439 827 280 1 653 794 758 105 352 753 560 641 964 833 299 646 331 12 474 701 123 785 766 160 703 769 174 517 307 642 148 161 615 516 173 387 494 430 4 120 67 247 230 895 399 988 193 232 135 470 951 909 850 608 85 39 973 771 823 229 815 44 561 785 690 615 157 94 670 510 201 985 973 164 253 56 639 386 749 64 113 214 88 467 591 875 950 434 803 186 628 116 387 536 284 151 230 196 218 598 640 761 367 696 985 912 302 974 759 305 704 48 516 136 581 819 677 392 737 744 276 950 576 383 8 167 142 336 492 303 693 428 626 342 697 738 115 580 828 844 231 768 837 49 179 449 23 357 874 218 131 657 226 807 882 571 907 22 910 101 702 92 231 22 70 442 418 350 740 146 731 144 900 760 564 275 769 476 104 34 330 895 971 364 366 739 481 365 243 852 680 718 759 626 446 593 279 542
958
676 345 415 138 630 559 542 102 490 584 209 52 616 127 516 703 921 788 925 221 561 59 603 118 574 242 569 40 475 251 95 34 48 104 847 407 479 684 1000 370 71 354 715 912 459 640 444 476 370 348 287 286 850 174 847 526 412 214 122 512 673 404 880 96 958 500 942 817 690 836 609 197 4 446 559 690 706 225 83 144 907 208 358 961 288 183 103 986 191 692 589 705 525 476 168 747 436 511 242 548 309 343 362 902 39 781 29 385 211 415 975 406 566 884 990 620 443 269 3 5 390 206 237 469 223 690 458 634 619 167 26 693 404 655 16 861 116 583 999 994 111 453 244 647 318 283 422 589 34 218 613 969 778 213 89 827 678 279 820 454 931 536 497 493 668 729 12 964 545 434 890 614 188 515 811 363 204 752 87 868 242 575 63 144 841 562 636 195 38 93 676 460 318 222 839 411 774 832 100 678 258 932 174 948 82 416 423 78 91 196 722 197 94 718 632 36 741 481 386 42 125 676 371 393 728 885 369 274 629 979 213 162 674 576 512 771 736 176 917 717 288 599 552 361 838 981 469 456 348 820 857 683 399 687 964 359 435 588 753 668 132 202 887 83 515 616 46 363 613 712 644 826 974 71 279 224 302 843 476 68 421 17 159 324 207 717 49 747 838 516 354 402 499 361 211 678 138 173 663 568 673 83 675 357 743 580 542 160 905 245 736 797 698 495 51 89 7 26 673 503 832 202 64 797 540 98 328 587 885 52 277 842 141 618 773 584 110 415 828 523 123 547 590 762 313 41 470 210 927 548 683 643 670 841 844 601 650 612 353 816 793 59 527 475 472 860 373 287 215 596 790 588 886 728 353 20 361 475 41 310 362 133 941 778 510 773 977 906 139 524 624 159 635 765 254 813 474 844 353 955 605 574 735 604 1 473 474 582 512 325 912 3 959 608 634 780 457 245 757 988 155 36 993 943 300 944 286 526 423 146 436 970 965 961 658 532 842 995 942 356 464 887 608 499 733 650 925 310 815 938 825 843 648 79 437 187 111 59 832 312 93 167 385 133 676 677 871 778 197 935 677 670 742 345 904 695 834 233 649 507 69 452 450 496 717 869 838 129 57 803 632 15 87 397 665 597 865 52 218 155 683 833 973 145 902 15 834 681 463 789 170 476 98 106 285 725 815 297 129 84 774 567 764 341 84 510 613 553 613 552 941 233 488 248 520 851 989 140 142 224 230 899 544 47 359 131 548 548 829 324 269 343 546 778 617 91 691 385 470 825 934 89 409 844 820 138 268 457 712 609 262 601 159 869 641 1 485 126 688 547 695 533 651 330 230 651 426 124 589 726 583 375 955 778 968 984 398 995 218 447 485 994 293 808 251 490 413 189 347 575 821 785 798 788 94 355 868 52 697 465 913 392 892 504 695 241 711 416 4 387 1000 36 886 841 516 967 736 814 723 45 717 614 314 509 839 932 253 406 749 580 298 150 276 548 760 900 867 301 114 796 624 890 310 678 316 334 391 228 534 288 443 205 351 709 338 193 433 263 93 186 208 539 504 882 86 626 13 488 114 295 876 911 806 781 897 603 377 849 335 645 748 668 964 845 400 899 731 93 669 14 548 200 467 211 200 90 683 368 876 102 167 149 637 9 730 372 418 779 992 378 682 163 606 121 519 992 663 9 77 349 614 305 327 359 974 425 729 631 985 811 368 5 585 11 95 314 607 718 776 552 383 930 668 901 427 112 540 768 94 927 668 266 832 901 549 500 564 988 353 615 634 602 634 416 422 373 610 37 357 738 413 494 29 147 590 919 799 776 779 203 372 121 773 576 756 307 189 622 991 142 67 933 372 766 567 137 614 442 190 798 749 671 703 481 559 153 373 340 454 93 348 303 938 119 229 489 741 59 87 659 59 546 770 897 94 232 962 759 167 241 723 126 439 483 587 512 265 262 66 231 801 214 987 150 631 308 206 551 394 559 57 260 250 667 245 123 459 135 112 276 714 381 827 556 193 347 37 694 607 361 60 536 662 759 928 115 527 745 115 236 784 90 440 78 990 135 281 294 152 790 385 460 688 46 383 178 454 446 972 690 179 100 290 376 283 235 980 841 244 1000 146 68 629 952 139 599 722 653 72 516 172 840 361 596 436 727 560 604 793 848 125 348 616 321 105 906 353 789
687
414 804 651 589 335 270 396 428 233 810 328 719 343 796 376 592 75 421 293 406 481 233 425 178 649 617 627 519 677 865 567 935 486 730 342 697 305 581 82 912 404 568 580 713 76 303 581 273 437 901 297 788 223 590 474 733 177 711 939 451 386 730 320 8 972 806 948 98 175 158 732 381 121 17 110 395 778 46 480 788 480 132 752 751 616 142 63 253 486 274 683 259 47 837 912 512 214 949 108 730 246 365 424 279 161 510 286 330 382 178 255 721 910 762 677 781 556 978 147 64 666 355 456 828 630 346 259 267 313 71 243 83 879 838 564 132 174 188 685 173 92 72 773 546 748 939 562 838 579 5 555 497 468 25 104 514 357 255 870 776 231 187 634 266 598 337 566 768 724 513 268 753 604 343 501 656 235 301 357 416 512 535 821 462 582 103 307 678 447 534 587 964 105 571 454 343 59 468 884 178 560 417 182 541 122 764 188 7 311 221 393 113 18 468 112 278 501 967 955 650 535 606 822 50 342 541 144 33 645 6 166 992 412 114 587 138 292 667 586 725 549 879 430 339 328 537 130 472 156 340 813 99 413 730 856 393 190 62 723 797 377 796 764 384 740 123 329 268 256 333 277 101 420 510 666 62 420 286 287 428 770 388 285 893 912 356 923 796 90 597 790 255 167 133 964 190 895 779 252 182 785 64 800 516 767 260 184 633 272 923 586 202 638 312 431 895 734 909 743 362 929 522 962 137 101 930 131 102 17 661 352 20 673 272 536 183 424 389 627 632 48 453 780 906 613 784 488 691 843 545 704 55 667 552 306 431 262 238 246 366 93 328 760 715 78 955 48 594 481 302 903 149 934 884 762 263 666 211 560 983 305 863 743 510 914 544 40 887 757 671 327 344 103 849 198 992 242 229 157 877 983 387 143 404 535 357 35 809 779 90 972 851 761 463 437 681 29 862 698 520 268 399 318 260 913 382 843 304 503 141 962 548 598 661 504 599 86 691 882 818 892 796 995 274 616 226 604 907 798 723 261 973 306 667 558 47 594 497 940 89 435 795 160 622 507 17 572 31 988 578 623 341 954 459 570 717 490 259 836 683 775 316 115 260 288 673 124 457 418 700 897 13 468 978 166 864 741 357 325 408 478 419 621 954 700 231 656 949 797 154 193 890 282 755 852 149 398 181 799 298 552 401 682 576 470 688 572 769 730 72 342 203 382 905 735 284 725 412 139 98 212 596 941 829 571 272 483 927 749 932 920 734 362 268 66 432 313 291 991 198 322 537 775 457 714 306 440 140 514 902 830 771 328 134 650 378 537 784 156 329 943 122 836 79 623 553 17 265 134 501 645 795 379 334 751 872 106 732 626 978 885 58 993 899 453 91 634 568 558 175 350 472 872 413 806 405 601 526 151 743 116 128 58 247 9 383 7 668 77 735 657 926 618 599 431 742 346 172 342 484 698 872 886 568 939 539 924 647 632 240 322 467 735 807 859 21 100 50 458 786 238 287 374 469 242 133 632 313 606 353 331 419 766 512 301 435 255 954 927 600 411 593 321 113 781 527 110
357
919 488 109 217 528 322 478 650 413 805 169 910 743 270 985 398 368 466 188 388 654 674 839 659 125 736 6 653 519 467 617 886 789 948 601 703 679 681 948 709 845 705 214 968 590 567 727 864 707 449 142 978 555 834 99 423 229 14 732 454 323 259 1000 916 544 843 755 334 586 120 601 985 891 294 219 554 302 796 522 797 318 575 755 48 345 347 249 565 176 817 950 122 286 470 101 202 379 165 473 597 656 495 989 179 871 598 168 673 212 353 95 895 240 513 573 713 714 323 462 411 937 551 284 676 662 458 576 979 900 279 199 719 922 637 748 496 842 745 726 128 532 198 658 198 847 124 261 981 234 246 253 361 565 110 444 816 790 165 347 533 143 996 44 326 564 329 166 379 95 316 871 208 824 47 14 602 660 12 781 133 723 632 145 629 573 94 159 534 610 451 854 860 992 104 682 547 3 322 808 754 657 57 43 606 611 712 404 790 836 927 79 655 232 532 148 931 639 246 599 403 570 645 787 251 888 749 960 771 537 923 800 709 498 401 726 78 230 299 242 779 273 844 48 516 363 629 709 555 938 541 567 18 630 756 49 329 776 552 764 165 277 500 979 272 75 155 594 375 771 509 970 848 17 488 414 108 824 631 908 491 731 460 581 857 910 97 679 376 998 942 791 115 419 383 805 507 592 573 342 927 927 854 433 767 434 538 332 137 734 810 42 919 472 154 4 631 411 946 8 39 703 381 198 759 700 930 615 534 725 715 912 130 175 459 948 183 71 699 192 103 452 724 327 671 239 104 15 59 131 483 531 722 598 174 74 196 24
117
599 634 358 641 121 400 150 602 695 337 14 194 212 685 130 492 980 931 466 408 741 604 530 476 542 237 430 256 884 289 591 988 252 66 3 508 251 225 196 58 3 954 287 816 129 222 611 372 417 625 639 503 477 371 729 749 286 971 516 151 514 618 544 658 479 720 529 653 484 608 547 152 210 731 884 24 28 529 646 201 236 645 57 17 961 15 614 799 302 451 681 194 170 616 943 505 958 14 425 180 594 170 279 645 855 280 742 641 692 133 416 962 404 449 113 958 85
272
780 908 469 788 624 118 880 635 751 45 503 421 767 229 888 768 538 671 853 350 177 307 463 67 329 275 432 947 195 456 728 600 611 688 45 678 482 938 917 868 747 481 179 244 124 904 995 772 253 235 434 818 720 301 265 389 860 250 721 626 803 518 627 791 552 795 701 630 487 48 125 757 101 975 981 288 710 777 12 769 77 957 525 772 830 448 235 4 352 316 759 442 176 141 327 369 806 939 796 474 88 700 450 25 797 135 878 414 442 367 559 451 620 599 444 395 137 527 542 703 3 104 939 208 97 23 505 490 597 134 442 502 443 61 185 671 280 839 714 846 27 253 980 297 118 135 490 404 505 801 985 339 553 32 936 21 12 367 506 999 223 931 195 267 223 76 439 919 214 641 205 156 247 761 404 322 624 383 700 961 448 455 748 815 198 183 280 240 825 67 39 234 781 238 510 76 530 639 807 113 630 568 198 107 217 621 890 586 889 587 987 740 921 898 133 576 12 26 277 665 39 224 650 773 811 549 25 925 527 566 669 800 756 546 29 382 293 90 548 436 352 290 321 396 597 87 25 353 899 788 618 788 774 305 414 90 335 792 648 496 588 211 742 780 350 66 684 966 996 876 374 79
37
124 120 895 230 632 866 850 182 971 889 500 768 543 396 923 866 753 749 583 314 281 7 756 328 917 703 4 503 810 394 761 456 398 544 409 779 651
621
223 682 153 694 25 672 920 517 751 210 455 778 849 498 678 672 436 80 553 452 317 93 210 223 402 366 278 587 725 387 2 262 188 85 719 502 22 12 233 706 38 354 1000 231 853 501 898 731 289 744 791 712 902 239 346 254 701 664 14 756 336 102 814 742 512 149 282 774 253 183 832 488 419 964 199 360 875 627 958 400 170 656 415 674 992 496 312 706 648 767 577 187 968 684 538 355 689 254 626 845 738 229 523 666 578 90 550 252 800 187 585 416 496 410 500 425 896 215 137 878 720 350 99 439 329 334 703 312 117 610 741 632 400 777 857 863 709 151 114 102 454 417 508 139 567 572 617 747 52 431 256 740 612 666 814 666 874 573 127 219 557 253 389 430 876 204 563 928 273 797 638 795 324 227 142 650 865 603 162 8 637 327 291 322 196 85 605 193 562 668 828 882 566 184 958 363 267 138 294 711 887 427 156 590 96 451 673 1000 498 884 495 179 492 58 485 462 337 116 866 343 31 23 456 658 57 638 616 564 788 679 390 935 168 891 677 940 574 997 716 237 514 558 293 772 316 121 801 428 729 100 81 269 395 991 751 988 981 946 544 260 13 241 660 834 397 311 636 502 702 447 963 521 546 495 933 258 223 89 332 330 939 731 261 358 935 477 31 5 84 951 905 248 840 666 424 362 126 907 424 935 381 969 998 437 239 732 638 815 763 244 487 52 15 780 612 390 292 775 760 123 542 580 523 893 490 797 723 411 182 902 822 888 916 269 791 542 91 828 656 72 735 881 155 993 467 391 208 456 775 949 145 232 59 561 371 839 722 400 167 158 620 61 524 949 872 565 163 333 842 922 371 878 970 711 814 725 831 961 414 788 912 444 241 312 974 756 832 864 200 708 8 546 177 183 452 356 466 317 967 772 266 620 588 833 579 749 720 871 519 491 666 235 863 884 116 923 152 689 215 139 456 733 872 490 585 25 516 340 430 501 407 935 145 430 446 182 222 428 351 835 815 229 236 236 335 865 174 413 21 70 655 930 282 522 101 741 359 494 888 308 245 999 878 218 299 248 451 972 603 662 392 353 913 937 694 567 337 871 117 114 150 108 364 807 849 196 778 4 239 854 767 329 217 337 913 459 617 747 690 567 122 120 84 153 716 967 872 863 231 847 916 150 827 355 13 28 195 659 494 929 270 74 591 122 811 475 238 807 28 27 670 237 329 515 80 572 13 984 926 911 994 688 451 162 572 789 855 458 130 67 107 437 549 816 969 769 384 974 760 711 164 718 905 286 791 849 379 245 587 63 908 881 352 332 713 654 683 454 946 189 448 900 205 265 428 393 709 400 576 607 820 11 892 259 74 438 332 779 428 817 90 463 398 837 12 316 919 433 421 435 176 534 205 311 916 308 154 856 481 594 265
794
196 157 19 412 189 816 178 201 7 458 962 277 558 799 594 361 9 382 506 710 261 268 309 662 523 183 177 564 809 657 853 239 4 410 449 647 565 469 456 963 915 57 300 346 770 333 147 532 699 668 990 348 218 282 518 342 575 758 830 839 257 669 787 598 415 894 772 319 38 885 42 8 412 854 791 580 579 667 451 601 545 373 270 998 193 202 501 379 310 56 500 938 596 418 313 800 562 818 178 941 910 575 667 67 377 144 160 533 376 943 690 695 124 714 472 342 695 556 759 616 257 981 310 982 805 213 631 379 959 120 444 791 669 187 967 541 500 148 645 833 31 622 194 723 141 425 691 565 291 413 8 868 656 56 117 6 61 436 294 247 301 218 826 181 674 632 91 41 353 146 295 902 344 882 950 547 630 579 413 867 369 168 789 851 798 522 778 784 549 337 723 647 530 323 713 484 752 58 941 785 276 990 350 760 724 858 434 300 95 819 630 831 639 348 669 291 644 678 193 652 546 3 56 422 318 786 766 138 40 798 572 272 164 846 77 46 484 136 725 701 566 935 588 209 774 716 997 774 102 275 550 48 706 408 750 283 360 633 319 110 534 643 429 622 749 240 499 994 984 116 971 861 929 529 229 69 101 601 236 352 896 747 224 408 937 999 127 163 150 672 624 758 894 965 792 188 269 482 243 305 610 670 524 613 991 397 452 781 686 84 760 31 917 48 626 998 66 450 428 623 372 796 399 883 487 50 855 253 278 536 290 765 929 453 707 836 942 137 467 845 85 634 153 410 400 561 704 745 27 70 627 35 46 330 311 204 387 19 859 169 547 258 572 618 922 99 168 643 949 889 310 753 376 636 475 649 366 933 1 561 545 844 54 408 769 134 336 568 573 558 138 884 632 561 884 916 121 652 313 282 243 201 285 480 225 893 995 27 178 602 535 417 357 490 545 500 899 64 502 914 258 30 668 984 231 39 383 626 436 399 49 296 453 93 353 358 964 983 636 493 981 660 831 659 20 814 115 984 402 640 166 937 713 444 101 211 474 675 589 84 913 292 669 686 958 398 779 547 73 882 455 923 894 247 451 812 796 48 347 794 944 450 560 241 576 844 314 90 547 50 509 993 690 511 724 838 487 368 26 334 55 860 303 211 483 860 112 177 916 106 749 295 779 663 941 117 359 257 455 677 23 160 104 419 842 340 317 38 47 652 29 536 77 673 126 111 148 812 250 680 832 165 247 536 49 988 784 574 391 628 738 115 17 729 629 831 409 206 166 468 567 27 574 489 75 663 853 892 667 354 862 643 732 524 186 683 181 359 240 757 919 750 723 109 726 841 586 281 132 868 701 972 869 854 987 751 872 16 288 536 345 967 81 894 194 380 849 566 915 4 19 993 307 642 925 126 980 621 425 321 725 793 456 229 882 450 856 179 112 998 800 34 401 832 511 829 765 35 729 675 297 402 492 865 688 78 818 39 384 512 789 811 298 670 736 896 44 343 916 930 740 41 646 736 101 398 327 252 864 495 64 18 483 871 926 969 720 458 851 335 88 451 544 308 211 188 699 551 779 631 225 772 465 911 866 363 945 41 364 586 943 36 447 744 638 91 789 102 426 789 120 595 690 834 735 628 937 721 822 499 346 384 502 526 178 886 636 844 613 1000 973 831 948 390 715 726 372 866 718 427 352 185 760 924 823 55 503 636 325 941 548 612 552 232 781 276 966 191 144 194 982 605 842 705 312 394 433 175 496 498 852 420 21 706 43 919 941 505 271 160 727 876 484 410 148 174 262 889 383 54 237 496 408 551
363
982 314 219 12 323 926 86 873 723 10 161 211 1000 521 457 64 928 556 502 593 996 524 839 216 533 515 551 92 365 481 770 485 537 134 321 384 420 24 726 976 440 724 978 491 791 255 196 994 398 265 181 508 345 450 463 749 9 506 731 891 416 268 447 928 511 417 843 558 829 935 388 615 243 888 942 577 524 601 295 226 429 298 413 41 694 730 481 25 304 752 32 325 575 357 866 497 161 407 11 387 54 748 402 228 130 881 591 956 149 38 141 531 389 520 284 840 406 553 728 397 907 914 793 339 66 665 555 661 932 581 990 335 248 949 400 748 84 201 942 646 561 670 559 643 959 363 182 351 460 675 774 642 365 758 524 605 327 172 899 94 224 283 590 522 735 840 335 557 575 247 283 20 798 693 478 318 730 934 673 837 745 527 399 792 898 631 705 505 107 881 164 882 880 855 67 731 165 115 21 915 759 333 267 649 373 241 796 496 125 253 481 316 974 405 662 63 961 920 894 568 561 270 153 945 165 963 561 640 428 216 582 787 137 323 611 470 699 516 736 408 654 873 462 35 788 122 896 726 160 254 990 521 302 505 285 817 543 743 364 522 1 148 573 183 73 915 420 818 602 682 732 117 298 939 609 128 865 745 366 490 474 13 82 954 524 408 813 533 981 460 368 555 298 314 297 690 759 227 43 121 908 426 850 771 312 297 41 180 170 953 301 404 980 360 944 845 62 501 37 197 49 537 879 357 420 872 273 826 163 420 229 860 205 720 369 58 175 420 425 622 199 521 582 724 606 549 898 507 68 62 901 83 266 959 155 976 84 876 29 654 410 513 944
292
604 489 641 14 259 658 245 871 132 152 232 205 181 209 67 847 608 877 63 450 299 636 404 202 563 462 659 305 277 448 420 931 626 579 454 904 203 994 488 561 909 684 917 118 686 84 413 360 887 936 549 434 353 712 647 941 779 634 193 227 223 417 253 51 915 307 522 550 485 720 69 879 886 962 529 532 786 516 772 420 858 691 975 596 553 219 277 609 523 904 462 876 796 928 374 617 326 972 328 561 696 766 75 714 537 300 726 450 36 384 872 598 613 631 52 759 748 838 4 364 707 198 40 100 163 978 106 323 327 578 59 465 603 409 571 22 638 728 647 922 338 718 199 689 565 78 875 557 765 704 66 186 745 4 173 447 394 132 967 149 704 737 814 413 213 569 102 721 365 46 44 876 973 843 4 779 200 620 727 822 326 663 298 450 253 571 738 681 104 34 714 939 452 38 937 351 539 870 51 476 77 174 146 268 422 18 614 106 591 276 671 494 773 643 303 608 621 384 841 484 743 345 224 156 687 952 128 122 183 822 31 357 611 220 153 90 752 916 508 49 182 160 654 154 536 353 273 734 623 833 919 593 68 986 888 202 164 457 713 578 521 447 576 888 429 946 863 976 819 697 361 923 813 546 994 71 723 527 731 795 921 188 718 264 226 796 482 496 696 935 494 815
685
473 966 954 150 466 19 394 984 495 481 861 726 767 750 718 573 457 11 434 822 686 376 137 711 22 211 73 965 730 227 389 500 977 277 393 138 215 523 176 263 721 723 905 956 951 206 106 798 953 414 103 193 551 339 71 394 645 606 448 773 521 932 447 955 882 880 953 417 734 162 847 111 72 887 870 692 685 936 288 201 426 446 322 511 556 33 489 324 177 211 554 637 634 547 51 210 389 269 938 102 934 13 846 515 288 141 369 446 75 510 478 335 307 551 156 44 372 884 893 709 161 671 257 120 294 451 684 513 738 486 622 557 617 555 523 18 885 771 382 981 137 894 147 636 175 428 237 803 725 979 163 708 40 591 647 512 289 823 544 189 654 783 226 729 513 567 872 461 422 849 371 394 522 118 344 373 409 616 913 850 588 260 250 212 581 810 765 851 796 806 564 279 960 879 1 761 47 143 384 791 672 607 668 615 909 8 956 44 308 856 279 643 931 240 714 797 555 62 662 869 991 687 169 155 36 972 916 884 327 897 7 178 779 214 901 244 10 900 243 933 468 769 507 170 55 401 609 788 666 709 298 874 78 18 16 184 281 173 488 178 806 35 890 926 70 72 857 349 589 942 700 939 703 130 373 357 140 911 435 274 495 830 847 389 354 777 820 78 378 416 901 911 927 13 50 920 969 783 740 662 561 442 768 535 972 272 794 672 710 783 822 950 80 97 274 270 573 411 805 414 566 327 817 449 854 450 133 51 855 958 401 711 133 340 563 147 187 403 572 789 384 477 998 411 411 381 295 8 476 22 35 61 979 612 145 79 54 650 373 294 542 108 341 83 759 982 42 635 847 45 954 462 420 669 28 207 20 917 580 303 776 832 181 549 506 627 446 694 714 959 415 61 589 76 46 620 877 945 656 796 743 350 82 147 548 653 23 878 434 478 465 831 800 30 573 546 701 897 781 420 481 131 419 206 870 439 613 177 37 157 949 988 397 781 366 997 76 553 715 398 620 434 404 994 852 594 330 555 558 34 567 971 112 228 35 238 560 743 594 664 490 54 198 672 241 718 950 627 686 815 234 572 557 854 291 861 417 436 568 921 498 122 540 593 740 555 785 243 438 713 624 560 649 702 372 610 992 922 935 546 196 848 487 330 341 135 669 218 811 642 11 980 927 683 835 580 634 17 478 176 416 759 871 385 247 56 625 456 852 386 328 224 818 558 105 190 67 271 699 143 442 945 922 762 172 501 338 996 138 455 695 961 814 674 660 179 509 735 641 500 853 470 183 430 825 128 653 366 448 939 833 543 509 79 237 918 444 427 52 611 354 930 207 500 389 931 695 20 613 889 45 988 756 737 506 167 59 362 669 303 224 588 570 707 103 468 509 209 474 532 753 598 995 574 930 961 818 154 912 367 376 715 438 219 24 477 598 247 380 608 127 574 984 206 387 712 20 522 465 69 484 421 739 837 679 668 647 100 13 26 267 93 139 133 940 203 338 509 367 982 227 484 225 182 591 429 286 181 162 884 105 766 582 490 988 622 879 417 659 239 412 223 141 32 407
669
999 540 25 189 288 707 631 382 862 701 334 193 245 334 121 145 607 145 164 620 618 56 234 483 459 459 695 76 825 279 915 435 772 834 128 606 559 857 575 206 980 164 358 172 704 744 897 493 569 503 566 39 576 99 778 719 401 203 45 591 125 367 792 405 789 508 988 274 742 442 37 167 828 969 831 55 771 838 42 80 309 510 983 946 19 959 613 274 935 569 192 676 703 875 162 84 819 715 459 366 937 558 667 56 694 1 800 766 274 309 816 380 43 228 696 412 802 966 621 691 995 513 831 266 24 538 594 608 443 967 121 914 728 843 362 724 251 916 94 893 55 431 45 321 386 857 763 425 84 635 491 496 100 410 51 712 697 233 246 206 942 566 139 240 188 325 569 29 26 403 75 205 125 730 34 868 430 948 265 49 993 489 804 461 14 285 718 542 375 639 638 21 426 841 359 820 883 882 659 524 146 997 209 688 19 902 171 360 43 210 718 978 470 987 515 433 924 716 365 570 714 604 233 568 73 600 196 333 381 388 599 868 602 859 226 826 338 490 786 359 239 382 44 638 429 444 376 477 682 60 311 361 252 804 361 697 908 405 958 267 17 90 205 344 964 140 940 248 568 167 993 460 391 868 996 60 531 551 231 361 146 681 793 23 941 761 82 782 342 798 659 41 894 475 270 564 426 969 335 187 771 734 149 412 301 545 953 642 789 336 993 790 698 607 847 974 263 736 241 634 615 808 376 630 790 421 620 897 420 245 978 240 93 398 492 655 827 4 933 751 197 879 54 396 268 446 735 106 675 741 419 246 909 430 171 440 23 911 904 470 685 972 224 49 614 46 306 99 648 377 878 26 48 890 851 144 450 930 99 264 617 653 9 831 552 28 331 784 68 579 375 449 582 54 717 730 549 956 782 782 852 894 86 386 478 823 321 81 403 673 935 397 305 483 659 930 770 30 758 503 70 615 900 935 829 453 34 456 217 141 481 513 286 990 60 309 593 317 8 227 447 791 136 489 358 629 476 824 202 300 780 403 307 597 43 957 148 600 109 862 893 476 146 424 365 411 497 930 746 375 792 275 403 148 581 382 812 807 72 972 500 301 605 167 410 535 138 420 89 236 706 786 979 571 956 687 653 445 487 30 45 163 138 613 685 846 697 429 423 863 86 233 93 198 183 317 417 890 100 434 265 191 537 703 522 224 146 955 391 484 153 884 612 290 128 337 582 475 863 699 196 368 54 608 652 77 471 619 411 230 69 636 212 15 618 933 604 256 403 146 863 968 458 317 860 132 527 219 206 376 12 724 338 764 830 933 87 765 765 285 622 443 121 71 284 959 54 611 45 614 933 804 760 421 722 305 180 766 624 331 72 622 509 635 490 214 19 267 370 125 757 922 667 709 236 349 902 398 380 470 312 648 822 327 41 602 817 384 940 366 76 874 911 148 684 686 330 91 762 124 700 369 813 873 859 227 665 738 857 268 651 188 829 721 462 127 28 214 109 28 194 640 239 12 843 311 895 514 481
865
965 964 161 394 219 466 446 34 383 919 374 107 109 383 339 450 650 804 572 113 42 670 330 245 101 300 729 820 823 513 466 562 921 538 432 419 878 854 98 41 741 677 671 570 733 380 227 994 590 609 563 312 29 934 834 214 452 971 779 584 428 481 453 654 504 351 552 491 235 276 898 758 182 510 871 594 417 22 372 948 891 408 134 727 230 658 88 945 969 689 803 869 885 338 794 537 642 778 47 539 585 751 763 132 173 75 861 60 152 918 314 505 869 778 276 807 461 431 217 243 28 900 766 130 89 260 138 936 270 623 545 945 952 247 846 457 824 169 356 307 357 998 453 12 541 189 460 731 721 999 75 527 636 240 521 986 601 398 802 981 417 980 285 19 87 787 342 665 370 299 568 436 410 962 727 215 896 450 838 824 209 735 130 122 880 579 57 386 432 320 888 989 686 244 406 987 55 501 413 109 94 102 265 909 813 658 644 165 442 771 247 489 997 323 141 454 394 15 751 93 327 622 634 555 955 349 971 733 871 444 360 743 636 846 971 75 126 131 805 18 51 126 411 440 465 476 379 376 750 540 391 429 467 78 679 42 995 824 111 928 831 458 650 431 924 924 395 409 481 571 75 831 825 79 66 618 966 895 801 996 685 711 299 196 878 857 493 886 271 476 827 591 999 221 741 626 94 423 286 678 99 839 567 385 562 907 584 55 256 118 576 547 154 7 318 245 647 926 979 857 451 35 347 87 262 30 524 443 153 767 163 932 374 704 719 936 228 376 1000 814 37 202 717 365 990 897 746 696 915 696 533 904 452 389 397 346 337 783 952 567 106 771 836 597 420 326 890 142 824 587 429 824 881 971 864 56 432 559 474 458 859 185 438 102 168 304 880 660 518 451 899 211 679 561 156 94 660 211 101 517 423 787 771 902 209 83 289 616 82 358 579 285 397 764 75 36 365 502 464 612 984 666 30 222 189 676 244 177 643 143 974 340 180 551 228 503 246 728 259 761 8 810 734 578 303 814 464 650 175 369 735 355 493 360 557 37 759 416 510 727 217 869 453 127 617 714 472 506 153 164 244 90 479 447 762 962 951 502 452 391 367 400 73 540 488 776 812 670 159 118 14 410 971 83 66 298 871 545 642 743 851 179 514 622 190 993 101 4 517 211 58 848 884 549 673 343 835 575 723 579 513 696 531 587 501 543 585 298 2 72 637 191 623 526 554 905 608 915 897 143 578 804 307 969 760 100 169 521 993 227 850 398 323 512 673 104 722 847 410 285 9 979 366 120 592 446 337 379 760 76 911 649 774 244 354 818 436 292 898 343 461 463 351 414 765 398 322 757 714 708 207 335 954 25 829 80 490 552 567 370 815 366 100 868 148 223 278 156 408 988 667 151 520 532 924 232 342 112 216 797 885 335 700 827 733 508 192 534 284 119 162 196 851 307 740 780 637 675 217 807 463 470 761 672 379 194 596 55 58 410 157 123 470 7 564 883 335 583 304 257 310 367 22 495 441 911 268 293 967 313 711 520 727 409 70 498 630 932 491 474 637 356 828 743 863 762 135 722 550 73 934 16 173 359 96 181 197 664 696 618 533 186 837 749 934 441 308 962 510 779 612 721 476 152 912 349 742 485 279 944 302 892 501 477 438 131 525 295 246 240 14 329 335 360 221 281 449 124 749 57 865 381 90 162 224 305 338 995 966 147 543 401 466 50 922 16 888 127 338 332 208 984 238 678 26 1 982 489 589 12 630 749 179 868 884 340 69 459 273 34 365 987 122 159 472 112 506 558 736 361 994 354 507 557 851 737 470 434 515 692 104 502 521 801 836 372 243 146 780 971 571 226 629 998 511 899 382 416 558 145 332 392 716 734 383 712 308 490 159 285 268 95 1000 387 693 948 548 909 790 114 704 945 96 108 2 266 114 509 969 202 822 36 274 675 562 869 75 340 567 58 940 859 571 27 899
285
82 41 539 709 247 868 113 315 936 865 63 164 132 217 411 218 946 357 820 791 947 827 600 719 230 100 97 961 20 104 114 952 88 108 27 608 944 382 647 437 817 396 407 929 962 264 109 358 410 137 12 113 37 830 831 942 894 446 322 606 324 844 248 53 412 136 147 470 595 379 625 594 587 582 150 579 222 257 694 947 847 503 769 696 934 85 317 716 53 783 90 634 1000 583 305 420 652 407 94 169 378 587 8 688 166 379 930 513 903 637 784 366 922 995 456 136 878 171 281 127 417 184 453 98 660 310 801 336 140 960 177 487 923 549 167 53 787 999 588 195 428 620 9 163 759 385 542 632 223 42 610 885 50 270 350 183 262 425 276 752 117 138 577 239 867 850 592 386 37 166 366 339 429 485 7 212 1000 795 621 628 705 452 385 250 158 204 977 441 997 726 322 425 137 885 188 976 496 884 794 909 376 106 494 210 669 539 69 454 756 503 422 787 316 137 631 916 589 363 224 267 267 482 635 662 217 527 377 306 596 282 656 100 712 157 442 958 114 483 530 431 996 932 720 543 320 948 769 977 988 16 239 572 51 269 775 975 360 712 167 873 39 348 748 138 192 851 534 343 790 563 227 338 996 474 308 829 4 622 477 374 116 643 785 440 932
93
455 861 215 923 552 156 575 654 863 47 874 543 533 170 981 953 330 837 802 654 813 13 641 74 142 47 395 625 668 335 512 587 64 551 237 350 708 224 634 7 511 895 812 266 230 603 683 314 37 954 940 24 467 588 98 612 368 284 691 138 682 6 664 540 293 995 202 431 296 607 929 182 347 203 438 921 547 390 399 352 297 433 489 185 997 673 262 935 600 117 451 176 967
387
810 343 261 14 656 797 172 717 203 752 464 632 424 747 60 152 152 522 703 927 462 666 787 51 525 408 616 936 36 475 699 664 219 228 878 894 790 992 180 378 192 391 376 738 401 654 201 506 813 799 240 194 293 197 785 586 164 894 511 283 146 943 276 936 973 835 502 465 791 854 495 639 933 528 459 351 577 724 148 233 228 191 207 155 867 664 165 237 134 608 418 160 134 671 839 473 286 233 417 441 766 192 982 983 198 707 740 172 681 383 680 970 73 361 976 428 796 833 437 219 173 837 127 92 760 631 692 873 643 880 402 805 584 743 628 262 169 906 658 635 52 64 787 143 515 749 565 519 778 449 858 374 331 262 722 598 990 678 118 801 233 678 692 167 979 981 288 876 196 681 36 443 261 90 681 729 953 100 875 637 987 425 835 848 476 119 177 438 617 499 154 210 860 939 599 136 395 199 337 967 250 648 361 676 442 40 835 696 335 317 405 817 806 572 226 810 209 755 834 546 337 553 233 572 984 531 646 372 32 369 95 698 466 344 999 526 493 589 432 476 507 171 67 306 478 864 101 281 988 593 166 426 820 312 783 628 891 540 335 66 822 241 769 604 171 951 590 29 653 26 910 386 320 696 886 175 562 447 176 344 784 645 533 361 611 40 597 87 585 64 281 395 981 672 579 226 935 283 71 742 193 104 557 815 203 870 634 275 719 806 830 217 434 463 682 747 674 528 590 783 502 990 411 42 611 653 218 295 659 713 201 323 935 910 452 998 24 579 111 851 281 551 400 756 235 953 292 90 566 816 31 19 556 492 482 292 733 806 339 477 11 403 862 37 574 257 985 454 736 44 879 414 91 381 988 674 247 511 744 615 758 367 59 395 778 787 988
895
75 693 145 207 175 17 233 593 29 292 788 340 234 6 271 213 963 227 713 904 433 682 878 776 655 531 971 75 360 259 514 987 839 150 819 156 782 182 586 935 358 651 116 874 932 957 45 512 932 118 320 134 910 513 500 409 408 928 824 673 562 479 58 440 191 334 271 705 537 150 415 643 392 922 175 112 122 248 283 544 76 381 571 233 744 497 733 313 365 597 217 167 63 297 907 217 208 843 237 413 101 976 135 212 875 801 508 717 940 507 245 672 835 855 724 762 449 38 83 17 608 828 823 888 270 889 359 153 1000 470 659 227 920 496 271 888 418 779 514 486 684 505 908 693 443 74 428 877 332 831 615 906 486 908 727 752 536 192 592 894 471 860 592 98 642 213 834 554 670 517 436 745 804 279 695 389 419 139 809 938 989 694 709 556 373 524 638 257 467 925 822 956 780 382 804 993 45 987 698 583 524 324 870 317 884 235 998 376 884 45 44 261 359 680 545 894 973 164 391 321 232 943 630 544 825 189 209 361 983 893 559 369 162 817 249 984 729 942 397 854 254 216 615 581 158 977 517 133 497 61 370 355 365 420 116 859 43 81 761 400 299 620 278 691 45 525 433 696 395 172 634 267 185 810 165 575 117 861 478 799 698 250 56 449 579 677 582 10 201 603 994 668 561 825 865 661 77 483 993 336 99 858 865 116 498 992 474 377 468 899 768 597 537 39 822 949 169 898 872 164 447 528 301 242 704 606 35 584 184 598 212 162 124 954 681 711 696 143 993 772 602 544 713 404 133 802 521 120 608 376 545 675 608 329 521 359 450 308 692 695 852 521 23 440 547 923 547 24 167 169 408 462 465 283 297 865 273 769 152 208 374 464 921 655 217 693 3 389 382 543 499 702 184 520 512 331 688 84 23 496 550 995 831 682 65 926 452 165 955 259 194 60 753 851 619 640 865 447 197 487 16 707 468 718 676 728 771 910 633 870 606 487 208 150 847 876 971 457 19 789 589 407 720 756 591 178 925 180 941 407 523 84 755 930 677 652 865 306 325 855 97 884 958 106 550 604 554 41 675 50 786 970 298 451 447 344 393 993 897 376 734 20 493 39 125 455 450 635 139 94 762 324 719 937 846 360 363 380 137 777 369 50 478 446 133 307 955 122 631 971 278 515 720 193 260 490 367 714 514 217 312 158 214 809 363 855 150 252 465 321 868 659 839 601 761 323 112 285 137 929 55 725 116 843 904 493 960 391 14 535 553 317 58 364 374 31 937 536 953 531 329 143 691 194 931 723 162 726 569 898 205 994 807 944 622 783 687 781 544 635 502 591 441 559 903 385 393 892 495 619 105 348 69 320 5 753 151 886 892 292 753 780 673 940 556 191 605 488 301 872 953 240 167 331 574 182 150 444 434 557 897 759 992 487 422 290 659 618 177 38 576 154 42 172 573 153 364 487 77 858 78 383 119 617 934 845 749 847 402 284 538 357 994 144 894 354 343 299 348 719 911 247 195 934 671 245 556 505 403 155 343 216 736 801 115 863 430 703 421 955 322 622 390 103 955 685 690 937 448 903 721 605 656 206 959 632 980 785 718 40 152 79 117 655 13 677 914 278 728 979 358 680 578 595 319 778 717 862 313 8 170 698 684 147 432 41 1 659 328 477 923 845 246 318 877 183 112 776 762 583 823 363 519 297 871 963 866 807 252 625 735 862 971 738 647 538 504 410 327 821 536 509 496 921 53 224 268 455 115 991 574 298 772 593 245 321 62 243 449 19 568 885 418 637 941 144 11 28 501 401 729 315 686 460 196 584 956 75 145 503 207 349 781 358 363 799 660 636 470 170 485 274 371 573 427 409 99 865 408 877 551 435 161 49 479 68 234 701 550 484 519 316 426 638 732 995 669 475 182 796 110 811 198 663 281 956 633 556 663 253 850 932 127 74 273 920 389 762 969 780 932 932 141 509 670 267 309 42 116 532 565 350 662 331 15 129 596 141 433 79 243 862 429 273 319 76 387 771 20 327 40 961 93 368 178
212
741 494 961 524 845 636 743 470 265 324 927 755 14 182 915 486 35 962 38 416 67 242 895 556 803 752 181 655 358 242 46 659 200 862 430 855 913 716 899 12 470 168 20 240 683 318 334 520 951 958 953 360 790 522 370 970 734 840 415 587 647 186 225 772 944 812 997 175 226 812 577 891 389 69 90 459 530 531 554 650 429 106 760 63 630 333 211 374 826 758 759 502 813 51 926 294 750 589 793 109 242 934 573 76 342 567 87 852 798 149 217 536 608 997 847 960 575 389 147 385 308 396 764 649 573 235 640 35 918 494 791 428 396 303 508 514 189 358 436 341 176 631 728 603 2 184 339 711 3 848 132 62 833 48 681 686 159 787 914 807 305 903 738 618 336 87 544 375 188 21 513 913 767 307 971 851 521 956 427 466 456 950 600 976 920 567 714 799 533 330 427 554 596 501 59 59 151 959 448 121 350 885 43 653 560 562 585 400 357 470 653 534
976
481 240 272 882 497 411 603 191 667 394 972 634 386 113 217 92 224 215 770 893 85 996 379 745 524 176 213 759 390 679 687 891 219 190 743 396 565 343 320 424 621 573 491 847 821 143 13 658 311 298 697 840 77 422 900 816 128 258 299 851 74 848 421 530 817 389 887 535 621 13 774 635 619 679 535 189 688 568 847 53 543 540 846 900 840 652 347 800 611 148 425 443 936 901 104 75 558 360 180 252 179 217 215 959 900 174 624 671 564 502 138 342 498 645 896 647 495 359 38 269 777 569 718 551 235 767 328 359 106 871 596 994 351 895 242 539 500 359 804 623 502 888 652 841 750 402 739 349 607 577 776 524 866 489 713 992 543 640 732 822 803 553 227 779 180 813 272 944 689 270 796 202 626 492 888 655 650 872 551 842 135 353 694 544 194 901 376 674 78 243 352 209 971 679 140 481 488 979 265 488 580 722 420 493 673 45 325 554 47 681 982 111 145 804 814 711 972 954 781 101 960 132 746 644 912 572 376 896 166 694 565 192 135 569 238 693 954 245 442 614 455 829 627 11 820 156 746 810 871 440 221 148 106 685 162 630 490 21 435 815 815 527 56 442 659 123 569 560 545 914 907 630 89 641 706 642 412 700 199 475 275 699 550 135 608 912 574 578 45 223 737 596 398 506 322 388 845 904 336 44 691 826 883 319 603 623 449 324 406 268 356 98 747 120 445 964 723 730 926 455 651 746 211 300 243 376 989 950 442 570 919 172 250 749 652 835 136 502 216 725 791 944 580 677 61 776 637 154 168 54 827 77 550 849 195 959 222 665 331 776 474 732 173 686 993 638 296 64 650 684 164 472 599 698 913 790 820 7 37 669 866 901 206 809 705 238 652 450 828 843 443 212 436 403 447 979 889 950 922 69 910 863 780 688 61 116 177 758 783 6 146 874 418 412 57 509 597 63 306 422 840 348 1000 543 205 953 516 468 902 873 991 956 905 13 711 443 453 532 115 722 30 424 828 821 942 890 920 300 841 321 732 651 188 175 910 86 371 45 60 92 227 375 568 570 760 94 157 327 628 785 137 606 163 370 690 594 705 747 78 51 27 556 851 701 704 427 318 230 842 558 760 558 548 543 787 403 906 239 293 720 585 681 350 418 670 33 946 707 273 495 812 103 996 223 259 415 781 614 377 356 385 592 919 241 456 992 664 745 589 296 976 620 359 823 9 940 159 561 988 899 734 521 837 240 984 144 833 111 375 449 812 797 775 473 401 63 601 145 598 323 329 361 827 739 389 479 181 965 591 989 41 107 542 805 733 463 604 219 741 223 724 124 1000 924 861 533 725 799 30 730 593 254 143 437 794 55 661 224 813 430 77 260 131 546 472 83 874 675 588 968 598 988 870 500 468 326 296 166 868 440 523 718 113 2 988 188 946 879 564 274 222 503 771 724 262 18 562 651 404 302 107 446 791 275 655 937 569 586 467 864 986 993 414 50 567 859 996 491 499 159 809 413 723 300 517 695 992 747 59 889 189 63 484 233 344 357 933 75 451 976 665 421 942 611 779 195 879 918 772 121 783 993 479 570 340 264 745 326 261 709 162 743 646 952 966 366 717 272 126 416 550 811 897 715 676 341 852 273 536 933 515 572 984 202 667 696 69 909 990 749 607 296 276 999 252 658 424 387 398 95 518 311 938 823 684 857 671 267 970 148 116 276 431 164 7 148 453 582 805 112 370 164 371 689 217 410 426 219 349 168 843 853 122 12 699 109 536 267 399 346 528 321 305 1000 733 966 510 78 364 39 630 789 543 276 22 965 898 918 261 216 704 364 912 117 632 712 433 220 293 723 586 330 22 605 232 379 972 263 583 963 412 894 842 893 694 595 588 87 966 575 13 19 98 230 165 155 483 5 179 886 102 649 978 423 340 128 457 837 803 783 930 422 367 722 702 547 988 162 890 874 735 10 311 316 798 590 173 499 184 249 511 233 848 463 275 854 840 741 356 20 656 471 99 171 758 967 186 624 45 247 460 584 630 339 97 934 582 428 726 842 629 852 661 764 216 427 221 462 244 807 101 467 221 81 361 312 95 194 960 290 973 247 666 947 336 529 912 675 377 975 692 372 935 533 148 579 397 254 881 730 764 688 363 413 701 897 942 698 769 683 442 69 182 432 909 131 229 521 444 78 841 692 910 837 742 3 359 960 353 580 557 653 924 823 801 880
692
337 376 947 642 716 176 704 458 594 20 219 544 267 476 615 663 650 415 242 197 716 655 403 64 179 959 728 434 139 905 392 302 362 389 556 708 685 924 692 146 458 174 496 403 324 435 575 72 874 725 290 2 802 39 681 466 517 798 915 434 435 154 743 21 149 406 428 342 498 358 380 117 945 149 166 329 610 238 359 507 698 64 539 455 788 825 628 309 684 986 203 376 332 111 442 259 195 297 710 2 590 376 861 812 575 53 709 910 855 462 723 554 682 811 633 349 968 63 375 498 189 389 150 816 988 135 417 624 800 57 453 620 861 738 656 99 24 150 820 996 368 106 467 268 288 5 101 8 60 204 148 306 562 541 643 956 127 247 87 866 412 159 124 729 700 489 446 24 978 163 976 627 591 310 501 60 931 581 904 336 866 87 917 703 244 275 112 110 900 5 465 228 516 120 890 527 416 848 203 300 989 717 602 57 816 434 570 889 383 437 525 40 781 953 513 853 689 142 761 151 31 139 907 621 668 106 877 807 445 840 846 165 481 471 686 769 562 23 381 407 600 101 816 209 691 297 687 242 779 169 634 158 754 669 327 138 790 814 37 375 591 3 717 898 741 44 947 12 509 639 779 950 628 628 621 59 36 196 784 534 13 876 1000 444 803 485 181 775 30 689 359 822 555 547 812 826 138 503 795 38 506 262 331 413 414 615 814 726 634 586 531 966 88 272 179 87 845 538 983 889 379 743 196 568 778 326 589 929 867 7 91 746 55 7 586 215 631 739 958 931 932 331 781 727 822 954 568 547 377 957 729 745 392 962 396 364 386 404 147 482 261 262 600 933 788 395 914 722 225 823 641 798 211 200 426 291 672 53 936 913 817 52 370 529 610 287 160 694 547 425 723 969 299 199 928 153 322 463 742 270 497 393 532 821 147 178 21 980 484 40 525 605 547 564 454 872 28 825 533 333 361 874 352 229 251 579 780 203 138 15 144 708 764 162 918 229 805 531 525 210 421 275 65 441 500 224 617 126 740 966 370 888 931 27 903 607 814 511 641 827 648 170 817 888 856 882 893 124 696 301 675 673 401 964 705 238 806 439 379 659 670 891 873 929 152 653 449 556 89 308 766 430 642 158 821 10 836 28 596 604 242 60 808 996 91 632 124 745 537 795 178 80 861 573 362 122 301 675 660 581 211 417 507 565 584 937 581 401 597 685 120 147 45 782 220 230 237 120 567 84 434 396 76 409 756 771 732 123 875 878 524 426 779 300 680 593 937 71 146 622 955 1000 993 992 234 762 557 978 67 532 59 373 257 736 723 944 670 361 847 970 230 916 849 240 907 413 897 664 416 414 485 584 883 670 560 256 823 671 517 866 767 258 95 797 228 1 721 968 383 618 595 349 540 371 201 214 895 230 923 722 48 590 293 468 996 277 3 500 900 347 429 840 84 286 643 999 453 46 592 596 34 312 665 676 551 10 591 194 401 12 790 292 529 551 194 899 874 524 544 336 801 837 872 381 164 563 623 977 220 380 248 847 447 109 258 9 889 654 469 40 5 72 922 16 156 839 616 282 678 304 44 202
609
755 988 490 688 207 359 394 858 564 305 475 464 592 61 660 835 636 354 510 792 100 239 303 929 136 942 762 165 791 50 289 383 912 56 817 564 801 311 555 314 972 169 457 207 718 385 168 328 592 917 462 464 579 108 549 802 301 503 345 933 505 959 61 915 863 607 579 37 445 679 336 513 953 402 26 519 782 202 387 462 754 859 749 151 292 58 58 89 529 785 909 811 295 523 120 789 443 927 432 579 501 468 464 297 817 710 264 275 373 948 402 802 403 382 54 380 664 489 991 548 203 933 960 227 510 642 894 198 993 674 76 9 270 890 982 478 405 999 150 33 126 647 270 162 734 623 14 134 560 723 24 441 443 565 159 897 506 50 595 386 612 248 961 271 913 494 901 913 882 655 189 723 994 198 861 809 680 123 420 102 599 59 429 708 483 179 89 339 506 469 978 151 62 460 945 862 502 500 870 685 724 510 492 779 284 614 350 129 897 953 853 506 449 960 92 109 256 778 816 724 838 264 809 990 878 77 732 491 857 773 953 65 315 551 744 711 156 185 297 577 849 557 113 43 756 643 956 94 105 408 260 470 685 355 568 142 594 948 984 786 628 674 780 780 664 722 344 884 303 221 836 660 558 21 534 142 618 376 805 615 103 743 463 898 215 678 650 207 270 975 426 351 892 259 572 932 956 630 385 554 47 440 847 399 790 222 488 789 972 413 391 763 697 231 858 720 59 600 838 709 255 476 765 367 194 221 444 58 675 598 597 159 765 425 216 258 921 34 482 433 700 553 538 730 663 656 196 916 378 264 163 421 170 579 135 852 974 167 372 435 170 352 686 312 403 107 457 151 549 283 1000 116 736 592 574 300 766 240 58 704 555 443 755 712 427 151 483 945 475 729 800 44 344 995 346 616 904 991 139 873 65 306 774 373 493 809 239 83 842 528 574 363 401 510 842 532 497 178 919 579 608 540 587 693 267 142 757 343 467 298 791 154 510 151 287 351 782 495 894 427 339 757 918 313 940 969 962 35 429 934 567 791 873 491 104 534 309 187 559 336 756 819 81 112 191 853 118 343 926 512 120 132 733 372 836 36 721 774 147 967 794 798 97 208 675 32 475 252 342 833 568 286 685 163 152 162 752 457 298 731 558 303 920 408 400 9 494 254 601 259 346 742 750 385 636 766 989 74 736 421 271 788 737 874 381 281 176 171 905 832 272 985 552 36 168 985 307 782 350 238 592 420 600 430 501 641 932 574 384 223 502 250 739 30 406 914 270 919 78 852 961 619 720 798 536 452 707 315 78 487 941 362 468 212 907 883 396 270 364 401 32 751 674 310 562 336 905 507 2 4 376 739 826 619 747 497 559 186 370 537 280 214 581 259 484 775 238 26 389
651
88 395 56 147 172 763 134 319 837 71 160 708 700 657 930 532 930 237 608 630 148 886 516 66 629 228 152 117 488 803 16 959 573 20 142 57 380 274 908 119 882 308 355 112 810 441 256 406 842 599 653 88 85 980 329 713 496 685 300 822 362 838 520 763 689 724 570 549 822 50 12 923 791 20 986 53 407 813 827 684 648 406 167 337 44 269 346 529 899 559 927 873 493 683 503 489 996 256 513 861 797 166 144 62 403 419 386 195 376 39 67 31 480 183 7 745 249 470 376 803 407 950 635 554 10 610 690 662 902 753 27 942 667 379 726 560 94 777 984 560 53 839 188 83 603 858 121 604 564 275 113 604 864 512 959 867 140 463 391 393 446 912 235 116 314 487 584 543 536 568 782 325 925 561 456 586 77 782 287 126 293 470 35 805 655 871 111 143 11 7 760 54 467 237 370 998 996 108 614 58 582 162 783 831 832 397 745 685 253 345 866 15 526 526 926 790 802 651 465 569 931 552 216 490 67 999 896 94 435 215 571 380 672 389 843 182 49 241 628 677 8 646 618 870 526 624 754 954 655 292 236 883 890 454 758 486 622 138 948 868 235 356 873 855 350 190 284 765 757 850 198 340 556 834 764 779 842 560 709 503 678 510 998 267 871 397 552 279 94 141 769 314 113 996 920 47 933 495 118 566 254 520 649 762 955 639 454 953 37 121 689 173 402 800 7 308 124 793 452 139 514 571 846 181 627 672 233 123 867 957 698 482 5 363 238 899 763 137 305 578 927 363 776 806 549 795 382 70 220 928 329 359 475 422 576 510 987 493 459 651 100 738 392 881 885 452 443 289 707 229 936 496 847 628 654 632 157 581 289 489 751 796 394 127 457 798 837 186 816 352 940 775 335 316 978 677 932 670 922 263 676 907 303 796 250 49 344 628 13 72 357 385 268 217 532 702 666 336 686 834 370 386 260 963 490 29 613 3 631 484 472 85 258 667 709 112 567 357 623 902 308 721 439 721 883 171 497 433 319 664 971 445 879 338 706 698 138 391 99 292 769 243 162 451 16 73 704 48 839 562 9 987 667 458 310 236 89 260 216 987 288 537 715 568 736 34 732 65 927 76 492 308 585 709 422 42 254 31 138 180 157 730 398 401 630 773 95 784 27 37 981 46 807 691 239 122 865 500 87 176 106 393 813 410 242 84 584 252 908 70 487 67 890 573 63 901 803 299 206 696 288 769 145 837 710 411 988 860 972 204 260 814 569 265 121 183 372 91 978 262 557 407 544 952 988 368 755 692 183 775 341 872 239 723 805 873 729 785 133 171 719 600 524 815 907 701 719 383 927 153 653 750 437 15 624 205 215 37 775 662 558 558 133 642 313 840 172 608 415 296 99 591 439 860 475 24 37 881 591 923 104 391 368 898 442 302 434 416 747 996 832 787 407 669 28 32 698 718 817 959 619 994 52 790 305 556 139 521 126 495 307
232
562 581 37 107 823 10 931 579 659 67 174 888 558 437 156 476 335 41 374 53 154 201 908 749 153 309 500 196 866 410 688 68 557 758 97 712 162 123 651 345 207 981 562 368 462 783 993 912 842 76 874 197 35 179 799 632 79 530 308 923 378 235 579 717 100 309 775 116 362 347 475 970 34 980 253 480 616 705 242 739 310 666 158 350 62 387 657 652 157 213 135 44 690 186 44 603 890 411 905 147 766 278 434 736 424 629 308 877 700 535 277 578 341 111 278 561 848 125 282 478 607 568 85 343 634 355 942 918 987 500 528 227 424 158 599 884 565 296 313 560 94 561 677 832 662 453 699 970 776 474 500 310 306 105 430 722 612 371 186 319 259 885 931 615 90 64 881 111 154 549 224 778 286 495 336 942 338 609 366 249 30 594 701 849 645 117 405 648 806 291 17 572 86 422 700 746 60 548 710 147 966 271 467 862 716 497 455 249 828 938 397 623 611 87 227 345 37 257 849 825 934 316 429 195 926 193 277 965 740 463 513 999
944
529 641 959 66 881 552 956 872 429 583 813 251 705 269 538 202 568 836 885 773 560 380 830 353 11 405 758 22 401 755 177 891 931 206 353 321 185 823 423 732 808 4 764 313 295 999 43 679 1000 252 608 564 235 682 48 176 723 311 968 366 543 776 809 200 590 348 233 686 247 616 250 351 441 860 155 849 978 661 110 638 282 654 377 553 855 525 374 122 873 237 374 802 220 283 488 905 871 751 262 783 739 564 358 15 217 817 21 917 19 423 413 985 301 550 121 398 353 961 761 167 169 297 249 414 732 730 662 625 465 978 65 724 934 550 697 713 548 859 684 767 934 618 65 224 328 738 768 414 146 2 28 117 597 580 446 828 31 947 40 302 455 624 879 866 860 442 633 910 705 358 131 27 968 330 388 482 626 216 638 205 907 46 69 950 90 995 434 428 473 791 155 209 464 511 318 531 685 959 244 277 350 779 565 671 877 406 551 289 351 476 585 575 882 74 690 80 783 635 58 533 159 472 308 525 197 80 647 994 303 103 632 533 711 405 51 380 800 568 95 583 719 642 247 356 671 316 933 572 784 568 508 324 214 314 328 336 49 777 168 209 24 331 691 89 444 487 443 354 946 773 564 996 377 397 634 302 558 127 656 687 16 948 974 328 189 874 810 952 740 100 170 964 356 488 323 523 745 49 601 485 806 27 148 884 217 274 821 836 519 634 550 631 790 360 889 238 771 492 226 121 257 876 120 830 567 890 652 117 611 586 646 639 575 308 924 453 713 17 775 335 794 370 491 711 34 63 960 746 13 901 227 711 399 255 112 588 749 158 909 296 626 237 231 703 162 754 566 653 630 282 296 504 46 472 154 737 742 157 651 828 365 407 89 803 23 999 989 16 849 244 202 573 95 99 550 857 712 236 14 244 43 531 117 825 295 662 913 630 877 615 677 571 458 537 230 650 688 407 346 820 140 241 839 699 96 595 823 585 213 763 543 112 676 169 846 125 54 439 426 430 400 866 410 500 983 866 821 183 756 594 719 23 828 154 895 123 243 976 598 120 689 680 228 380 961 492 625 740 875 100 599 230 663 734 100 21 126 639 41 595 177 954 437 993 897 653 61 346 79 919 517 187 490 825 117 99 921 525 237 875 567 901 213 480 945 685 514 975 86 599 18 840 934 418 655 773 838 583 61 620 868 633 244 153 320 503 161 357 204 1000 928 560 142 710 697 510 807 759 789 114 534 267 816 926 367 44 94 325 419 449 493 705 221 115 890 939 257 771 601 250 941 72 920 394 911 211 657 19 372 122 287 680 184 205 1000 276 517 581 330 377 254 414 64 929 51 786 29 583 895 335 38 554 420 52 708 567 808 60 592 657 108 245 509 219 455 141 769 799 158 875 569 852 351 364 885 667 941 566 637 886 999 158 778 989 76 535 817 228 971 975 445 902 768 534 806 70 775 551 761 75 417 189 273 40 887 19 280 608 752 705 747 911 241 229 421 189 40 792 534 983 414 990 247 342 526 914 582 187 627 469 334 286 652 688 956 467 919 389 211 716 233 293 579 733 69 407 340 754 24 450 146 153 461 430 921 662 209 476 955 932 927 644 831 424 752 827 169 171 653 522 330 604 854 154 756 418 230 473 279 22 284 466 538 386 13 547 749 752 98 10 744 918 106 521 681 542 721 507 430 696 662 691 25 936 722 533 864 391 500 966 972 548 767 552 375 300 883 48 468 696 943 318 834 846 378 188 143 824 855 742 857 793 871 713 219 521 303 781 980 393 364 61 642 121 714 868 118 156 239 648 757 314 646 71 885 279 632 997 896 322 104 944 891 103 324 416 726 158 71 567 691 29 928 201 457 882 63 223 432 854 792 996 432 762 368 147 306 255 314 325 121 123 504 105 545 993 235 773 330 29 156 907 86 855 658 394 294 667 293 501 66 349 444 506 970 252 771 23 197 251 221 201 69 38 281 553 781 819 108 435 173 897 181 572 56 757 133 142 110 96 655 358 789 742 382 307 558 946 88 504 873 573 19 737 553 588 778 950 222 186 567 110 939 517 765 674 544 325 252 785 544 715 345 978 132 999 728 484 712 216 585 124 911 497 25 729 875 306 146 509 563 296 125 564 920 481 690 464 964 993 430 227 82 212
90
899 951 69 929 986 219 898 605 983 587 613 262 738 705 483 647 175 614 100 618 480 582 791 590 394 793 347 820 10 405 902 573 530 602 845 781 356 664 656 392 966 874 636 610 597 234 486 631 239 872 615 326 24 765 331 50 543 884 701 421 906 188 118 400 265 268 918 73 569 65 553 902 418 472 924 855 444 365 39 781 438 867 314 993 932 526 544 818 7 214
65
854 840 306 804 92 473 726 782 706 394 201 35 532 811 478 261 423 54 712 663 951 757 200 108 863 844 306 280 759 904 936 867 353 335 624 471 976 672 465 3 698 216 870 619 508 527 761 606 421 862 646 955 635 489 612 467 162 634 559 65 897 198 338 551 640
126
165 150 936 978 464 467 125 397 455 789 133 725 497 372 703 253 204 101 878 107 443 378 912 122 304 884 710 919 171 104 669 870 391 133 933 317 513 173 855 198 438 627 917 415 78 803 480 274 255 232 759 667 494 826 280 888 903 528 701 599 490 296 186 833 406 325 9 691 74 482 165 923 84 459 736 826 795 744 979 883 609 626 457 31 964 405 466 405 285 776 683 885 268 562 960 16 563 111 464 911 535 729 749 33 937 472 119 828 565 522 833 219 292 667 119 837 886 752 174 77 71 187 198 177 773 373
427
230 423 49 414 310 83 267 562 402 986 431 596 977 331 729 862 154 62 429 741 54 279 821 499 112 798 542 1000 596 779 329 850 567 55 648 747 219 126 251 115 659 485 110 364 123 477 790 158 227 760 81 868 525 584 161 552 329 623 366 29 117 212 660 318 613 53 916 114 23 760 324 356 158 853 855 853 835 359 195 988 628 688 350 678 531 945 136 133 632 359 204 647 446 39 118 255 52 615 514 109 593 210 692 761 313 573 911 582 412 233 555 651 318 106 940 826 660 817 523 882 192 765 900 149 692 782 998 109 929 19 579 534 647 380 575 849 301 608 842 921 234 897 746 992 531 193 281 279 158 409 514 389 43 764 113 844 361 208 201 467 878 129 581 655 51 848 504 185 648 34 441 160 870 864 234 592 550 585 661 495 334 160 638 374 738 694 805 778 49 298 350 571 747 951 507 904 361 375 575 222 266 774 131 612 121 102 738 530 215 205 890 215 995 928 416 35 87 593 620 1 268 766 181 406 601 504 28 34 834 55 911 525 851 185 474 217 988 770 24 24 736 127 223 745 740 439 760 796 8 127 223 973 205 453 320 786 367 252 250 59 149 316 12 237 344 133 468 912 201 88 665 801 5 606 72 544 901 793 541 305 10 760 159 572 893 122 910 68 722 732 290 109 68 375 362 138 738 453 923 239 950 327 479 662 890 501 257 370 26 674 569 755 699 42 918 562 697 208 290 107 548 50 200 451 170 431 622 807 96 386 805 947 677 475 680 68 987 78 610 956 220 909 646 182 308 32 640 62 186 290 184 510 997 829 651 183 333 43 838 679 17 382 741 143 295 111 13 78 257 366 675 523 881 813 158 592 754 570 660 277 1 310 888 111 94 114 683 225 107 99 813 247 716 945 507 320 411 775 203 529 414 56 815 62 365 269 131 724 968 704 191 603 888 484 166 290 312 51 878 199 987 833 803 315 365 196 216
498
816 447 836 766 141 414 970 823 400 516 257 974 934 553 665 156 122 238 275 894 915 731 40 151 905 452 865 119 835 807 2 590 613 569 953 446 177 353 583 604 128 586 72 920 121 533 587 275 906 336 927 840 172 885 926 305 11 441 483 287 127 43 546 28 846 321 748 747 208 629 640 898 616 550 470 796 205 38 260 56 535 424 827 485 840 495 393 449 404 721 742 700 935 687 883 457 29 680 839 193 187 615 901 540 26 239 956 364 174 202 1 740 130 394 414 432 485 512 585 552 969 371 175 763 801 924 533 167 342 679 804 614 36 183 279 229 46 570 615 314 832 770 205 320 792 880 425 558 764 855 559 229 29 532 74 245 765 705 702 962 851 836 429 212 534 700 201 67 602 158 588 747 648 780 886 481 7 635 828 210 293 455 601 52 149 431 401 416 984 456 842 997 600 240 763 752 243 100 288 573 204 193 236 114 826 496 197 415 766 277 365 942 125 191 395 959 202 876 37 475 37 85 981 978 808 586 637 80 362 479 464 476 907 799 922 306 253 750 441 761 213 523 942 926 557 769 934 586 955 382 639 694 177 351 260 962 628 488 169 465 410 854 720 569 167 838 490 710 355 876 781 619 844 759 898 222 787 331 120 43 924 865 685 946 185 111 389 231 672 270 823 176 340 607 35 699 888 900 144 559 895 545 629 351 529 878 7 619 583 245 774 391 279 361 170 233 239 839 179 560 658 274 528 301 804 265 120 656 185 120 911 339 30 280 217 910 664 308 712 945 552 892 167 862 934 358 853 389 718 68 492 488 569 632 62 829 807 72 249 132 731 68 618 765 369 430 546 641 581 425 397 63 710 491 543 768 792 736 839 120 757 269 534 150 528 327 351 91 521 732 869 157 788 894 453 84 376 117 327 937 457 97 129 175 60 404 362 24 809 246 334 443 311 111 161 766 684 669 92 69 82 283 514 874 918 967 312 733 107 983 748 329 980 931 439 297 228 384 425 35 311 684 716 680 714 782 776 679 891 824 546 534 978 384 581 375 761 706 273 412 578 200 791 503 89 282 854 349 203 827 908 324 901 474 889 830 879 504 339 806 378 554 73 454 934 659 482 979 923 639 16 80 54 439 137 753 921 955
74
202 306 731 365 352 316 910 722 926 533 846 64 359 518 845 562 321 587 371 860 746 458 305 332 679 155 264 140 58 508 977 101 415 605 942 213 208 786 301 225 888 888 694 235 310 489 118 698 720 315 872 239 918 636 456 354 586 714 78 731 881 185 108 117 16 447 580 174 1000 958 654 37 403 899
401
22 385 845 233 890 154 784 89 437 174 88 273 552 683 408 899 224 422 55 228 102 314 505 690 805 434 546 133 620 279 151 724 620 298 577 958 38 980 874 748 922 86 31 416 16 868 767 818 818 554 81 122 19 542 746 304 763 749 351 509 953 689 657 512 94 593 286 11 622 900 379 763 462 487 710 178 125 201 116 178 635 248 947 835 593 993 269 993 721 468 79 767 216 275 192 355 346 380 665 235 578 434 45 323 399 84 19 263 723 915 504 398 527 913 427 582 102 800 113 868 875 89 759 439 865 411 931 581 472 835 280 193 155 88 58 59 150 547 129 742 99 612 419 542 588 264 174 298 451 292 581 916 998 441 38 267 742 140 657 778 406 1 770 365 794 829 677 194 501 377 238 273 98 149 129 965 960 178 370 193 589 635 302 181 926 304 446 133 694 986 133 492 927 367 593 136 220 683 679 891 553 907 569 490 432 276 113 826 462 903 67 485 4 390 819 131 960 780 350 891 65 714 846 298 548 360 126 474 45 679 154 348 616 241 491 116 495 638 670 926 640 588 538 961 379 99 580 260 27 315 509 558 528 814 338 466 41 432 937 132 84 236 489 663 502 542 135 975 791 566 780 983 248 147 987 256 552 959 334 286 733 580 702 976 534 60 325 187 909 594 556 899 521 746 249 130 482 125 449 526 818 456 640 323 731 217 37 120 926 790 24 720 694 449 661 664 964 777 823 48 350 809 400 674 960 989 138 618 463 562 410 313 681 157 591 870 657 906 67 887 614 985 416 688 489 70 96 645 978 920 887 828 856 473 881 818 627 645 972 831 859 802 474 292 120 334 468 671 569 164 624 826 326 884 378 161 737 149 256 916 451 510 775 292 954 945 951 326 496 953 263 939 501 922 596 16 207 825 342 39 823
695
1000 349 714 292 454 294 344 99 702 103 74 647 560 284 976 304 889 93 947 966 985 158 688 589 336 660 925 184 89 580 126 929 603 474 558 489 446 330 93 513 424 24 696 765 386 365 624 155 775 242 310 191 919 499 305 336 397 143 723 607 531 757 157 826 431 617 960 264 119 451 75 552 201 206 388 623 322 347 21 552 101 590 405 967 607 629 357 205 772 624 893 964 991 237 676 769 695 402 373 988 100 267 1 205 259 686 160 210 928 495 924 455 326 245 8 307 208 713 661 286 656 873 6 493 859 522 415 395 779 451 29 994 943 50 74 964 598 620 584 963 387 172 735 258 903 14 568 320 717 576 582 507 805 507 357 932 775 293 619 627 568 77 370 897 156 10 376 853 49 527 323 339 438 263 894 293 356 773 15 69 834 798 194 318 361 68 676 138 429 983 5 935 61 265 759 228 341 593 327 591 47 847 921 696 496 10 676 824 519 720 29 882 676 897 291 530 288 712 461 958 567 259 157 333 757 619 730 469 20 305 979 973 58 345 489 195 942 727 456 738 448 554 156 50 542 235 480 642 919 209 30 567 381 873 821 293 847 308 608 940 503 708 589 727 758 612 831 204 464 490 235 963 356 759 389 780 610 407 299 518 668 88 371 269 766 188 703 691 148 72 449 52 716 46 924 412 589 836 56 525 623 271 267 537 938 228 363 215 889 162 83 901 481 569 695 570 183 450 328 744 737 313 796 853 556 737 440 918 392 200 179 88 732 242 643 332 977 392 133 152 522 582 247 195 367 540 432 276 376 715 472 461 738 97 360 593 885 486 453 828 78 362 497 431 456 674 398 195 105 149 737 557 973 207 287 504 839 315 707 2 715 952 248 27 649 47 137 912 312 790 358 986 830 362 718 947 120 522 256 382 141 953 756 827 344 374 133 399 213 63 317 627 558 500 492 568 862 890 602 268 436 358 943 520 830 819 181 432 61 307 419 155 94 581 686 450 908 961 341 643 660 37 464 393 688 778 859 607 724 481 502 85 217 389 507 345 264 786 644 544 985 236 189 839 393 71 162 195 380 399 444 864 782 918 618 100 129 635 34 944 194 570 795 764 946 313 126 860 334 995 477 449 915 7 988 863 214 148 136 283 174 285 398 257 994 565 158 958 468 658 898 350 648 928 685 257 310 200 877 574 984 356 533 238 68 398 935 670 237 480 257 489 377 355 174 396 945 782 30 488 475 763 321 937 141 870 42 671 372 521 157 365 888 112 712 799 499 177 322 95 475 873 8 127 683 106 996 585 338 58 766 267 506 336 853 460 90 897 257 62 990 186 697 547 445 125 117 121 677 1000 939 102 742 932 868 877 764 385 414 966 406 216 169 497 673 765 566 460 135 870 629 822 749 973 702 793 176 407 556 622 688 943 878 181 365 241 864 647 673 529 458 840 292 557 198 817 482 138 45 547 384 878 628 63 210 452 859 116 899 707 900 161 425 153 321 182 511 875 926 949 939 586 825 436 194 954 40 730 813 910 570 416 158 851 569 862 212 731 768 853 288 811 501 318 98 752 580 431 263 7 272 444 883 317 563
484
291 741 42 731 569 390 722 973 847 603 192 850 631 748 161 226 537 29 519 357 763 593 36 457 769 847 298 16 432 936 102 451 722 349 548 272 330 924 327 7 788 302 239 739 148 482 103 173 682 816 965 908 447 434 571 324 905 400 54 908 150 865 44 886 386 486 622 36 163 783 224 311 801 226 811 44 236 482 18 934 837 20 257 64 50 570 177 362 192 861 112 13 361 216 828 392 372 279 64 117 545 837 119 86 625 213 439 527 870 180 480 449 569 416 53 766 532 668 638 468 963 18 431 123 667 993 493 564 315 682 854 754 537 188 401 355 80 324 278 798 918 512 65 981 879 822 313 583 378 640 650 786 973 966 226 514 223 931 484 378 427 891 469 827 977 60 961 374 805 546 658 383 823 945 769 692 857 727 100 975 244 415 329 819 2 675 417 268 449 826 552 446 237 699 282 527 788 54 201 711 638 547 91 70 579 804 783 420 957 685 285 465 551 941 211 291 299 47 525 342 304 819 533 199 952 601 791 543 615 919 723 831 704 386 138 786 845 76 502 759 543 759 745 507 15 477 532 976 36 378 757 392 66 534 592 790 207 797 574 505 513 414 744 589 267 83 506 376 8 749 335 761 361 985 427 436 715 685 75 328 735 226 310 217 261 77 364 127 961 96 838 991 994 125 974 686 437 83 97 175 22 923 679 265 563 329 680 534 967 434 808 781 361 116 448 568 596 745 550 271 44 335 324 513 903 169 370 456 830 526 315 624 75 753 47 47 620 684 892 583 463 546 72 200 765 334 10 117 695 516 575 960 603 897 951 231 197 758 252 867 115 123 569 848 965 799 561 364 874 658 866 421 495 706 873 137 248 880 161 236 336 546 923 996 319 145 509 353 493 494 596 768 442 168 501 730 140 540 219 17 531 934 595 157 71 783 201 761 427 30 116 390 191 693 206 70 615 530 423 430 121 342 393 790 335 279 662 12 885 175 767 698 319 222 216 895 857 604 251 358 462 257 683 31 541 529 935 813 714 768 63 55 926 543 201 477 644 617 702 241 276 84 554 238 748 949 221 861 174 569 203 200 784 659 501 440 665 189 441 916 930 532 190 657
316
898 993 517 710 401 39 712 37 273 230 350 751 818 956 39 599 306 644 498 917 984 309 453 917 532 858 135 881 433 171 48 88 472 78 269 219 28 684 337 752 230 659 446 487 924 196 444 682 647 259 229 758 914 915 54 338 647 720 755 537 661 476 344 45 112 687 568 535 699 159 248 569 802 899 378 541 417 645 950 122 151 74 294 246 11 559 857 334 972 121 671 799 396 935 234 663 233 616 523 485 6 204 572 798 90 900 784 761 788 27 331 419 84 139 277 795 349 757 433 296 6 14 432 109 792 171 295 105 658 798 850 263 868 119 588 213 693 930 15 326 77 655 119 30 399 208 76 641 738 348 574 690 29 58 107 271 135 291 120 306 982 569 589 92 160 763 770 695 484 707 229 297 965 981 62 103 602 642 57 646 423 603 393 29 489 205 211 374 468 806 617 227 315 197 110 181 420 998 256 996 766 491 807 399 118 857 167 129 600 652 653 829 955 198 659 605 42 249 966 987 777 44 575 223 864 336 620 165 461 987 781 682 237 893 707 304 108 606 271 246 604 777 71 862 670 625 189 545 922 501 52 580 992 254 567 68 542 314 807 174 403 383 358 218 512 348 720 643 158 609 116 106 535 721 401 153 306 38 117 245 711 59 452 338 354 802 413 355 771 799 919 985 580 753 383 622 866 915 883 553 886 936 689 69 109 984 719 279 454 486 296 385 456 268 870 319
904
848 903 688 71 45 60 592 227 636 683 668 750 193 76 495 527 357 138 231 444 538 143 497 106 377 196 441 976 797 747 523 798 818 864 252 325 456 377 457 501 77 365 573 182 555 255 646 372 855 920 428 499 813 158 8 268 145 743 225 801 722 634 80 439 626 756 148 984 26 515 830 977 28 526 284 433 126 664 426 777 313 887 582 445 491 228 555 696 67 119 613 25 801 46 547 962 705 759 238 105 167 846 456 249 547 961 300 19 285 693 602 923 687 574 831 316 635 105 733 855 591 377 859 479 254 607 542 487 153 104 191 922 235 386 739 273 82 507 26 111 365 502 841 436 29 756 940 991 507 584 966 422 679 240 170 730 931 442 562 131 20 601 661 31 174 207 361 694 174 59 438 661 460 404 807 527 717 726 820 251 977 693 368 288 292 659 505 425 880 473 75 288 506 8 166 24 398 341 660 315 597 392 19 403 24 276 522 1000 634 171 742 57 312 127 529 64 2 61 69 874 773 854 451 953 800 385 657 302 624 851 959 880 438 701 69 368 787 102 202 912 948 126 66 600 672 640 81 984 739 784 186 882 726 933 727 812 625 678 191 720 375 60 197 301 159 391 253 851 867 422 833 989 315 16 647 526 210 922 431 796 378 202 117 546 620 176 340 166 420 113 537 901 721 816 103 16 158 397 112 778 823 5 141 22 868 460 610 594 173 447 95 946 436 506 779 382 727 303 126 879 123 389 806 167 8 807 187 245 971 910 361 929 827 254 498 216 889 729 735 519 950 703 54 949 137 843 509 693 411 466 199 526 969 143 539 461 8 580 664 257 229 875 410 987 222 841 798 370 648 113 198 807 560 426 547 432 825 993 937 529 464 342 533 892 620 922 232 594 453 782 318 713 593 41 443 180 380 394 798 209 161 208 33 514 283 804 440 590 473 703 163 859 381 490 975 142 869 255 733 866 861 16 793 464 928 519 544 747 719 919 313 621 50 912 789 650 48 44 907 272 103 360 932 702 42 346 10 643 326 647 217 850 798 875 33 75 148 189 693 814 535 557 630 985 930 450 67 204 216 858 957 534 851 170 949 746 896 720 731 394 59 33 488 944 493 827 142 777 625 258 356 532 469 536 381 526 405 736 29 569 637 769 107 849 683 336 438 449 461 264 647 848 110 412 786 250 565 985 652 200 569 600 486 411 419 296 182 941 832 262 570 90 621 548 707 76 202 111 67 166 369 382 513 457 560 614 474 607 600 234 430 171 525 576 321 287 807 929 292 86 313 35 696 711 854 113 756 207 985 830 41 962 599 979 266 485 239 402 675 506 550 50 294 922 110 840 812 80 540 956 452 751 295 301 791 1000 489 122 192 199 761 955 883 560 8 234 223 194 133 405 706 19 842 79 738 325 698 254 566 797 804 486 744 642 561 926 286 901 868 458 840 502 790 109 272 112 932 570 548 464 636 594 936 157 664 177 849 613 107 276 187 685 291 579 908 42 728 252 399 500 499 860 43 463 696 890 261 113 447 653 625 283 482 613 14 164 754 273 292 684 49 803 84 602 40 245 438 314 614 697 420 915 430 777 429 550 671 589 943 94 545 355 321 245 434 378 627 166 818 910 540 925 619 856 406 832 676 24 857 386 696 844 140 14 836 47 888 464 15 477 117 288 677 115 782 470 300 787 142 837 711 929 884 188 764 255 549 761 376 2 752 431 168 639 429 877 830 469 782 118 361 162 980 7 67 321 717 692 991 543 129 913 680 538 734 277 522 58 585 374 926 597 654 392 555 665 175 188 159 385 881 759 308 985 952 500 13 932 750 550 975 393 227 111 720 533 879 237 3 311 263 185 900 109 869 29 51 889 325 111 124 370 212 554 713 944 597 225 867 176 127 710 353 130 631 464 367 73 47 10 116 209 702 496 752 355 517 874 925 750 991 635 905 798 681 823 861 273 194 257 365 83 293 210 777 783 839 548 872 666 880 667 25 962 882 269 718 334 223 253 903 466 390 722 886 806 932 260 591 858 188 500 526 243 6 558 614 733 57 309 81 823 907 141
925
773 813 120 877 557 375 613 695 482 183 973 30 411 167 767 503 306 749 783 535 368 88 748 323 151 854 821 67 5 467 542 58 259 198 936 469 686 767 244 88 744 519 565 746 687 80 389 424 862 787 265 545 99 655 868 387 613 842 952 745 932 377 620 519 237 975 72 149 256 25 403 997 951 123 295 475 922 735 760 205 711 759 244 643 54 334 320 795 663 483 92 6 109 537 151 154 794 703 452 382 886 863 989 614 482 499 366 138 581 595 597 92 827 369 652 332 457 642 4 441 431 736 634 739 699 754 290 970 601 849 451 866 627 441 186 89 445 952 209 37 284 458 810 78 424 907 63 10 8 433 77 419 908 818 372 116 25 426 631 193 329 661 124 504 967 513 430 693 342 557 68 719 888 585 497 59 566 538 693 903 501 176 404 71 471 59 451 976 629 300 915 657 954 171 244 301 542 651 174 340 219 404 796 410 629 572 152 189 34 76 377 341 133 636 189 457 940 632 295 369 787 549 48 425 501 340 693 195 540 566 532 685 463 250 209 564 992 944 525 213 420 952 913 373 202 469 516 687 958 721 950 625 568 399 461 514 115 22 298 84 805 259 615 127 187 399 631 628 355 549 323 252 733 929 733 247 578 762 641 511 535 944 821 619 641 175 512 739 144 894 765 177 103 27 175 849 421 235 98 526 75 201 498 854 124 156 328 687 667 219 816 12 734 527 965 586 436 355 362 883 505 607 941 64 27 953 588 174 475 228 634 858 896 302 899 279 568 953 854 187 369 287 412 340 221 177 571 742 103 354 683 704 926 318 205 369 374 882 836 387 821 197 362 168 889 597 89 488 330 970 204 356 141 31 765 573 455 179 655 376 399 913 137 607 525 101 904 71 809 401 409 464 381 537 283 831 518 501 443 748 807 778 424 255 37 922 606 116 597 132 823 723 188 678 963 603 602 70 405 666 918 730 447 567 828 134 756 551 115 679 10 804 421 299 637 972 134 902 445 671 241 18 682 360 12 443 330 546 74 295 872 973 435 855 560 194 893 950 40 450 325 703 419 685 664 258 565 554 844 538 926 135 788 526 154 378 790 172 876 633 430 718 434 88 282 867 316 10 946 298 340 871 169 33 206 285 888 377 598 47 529 770 813 272 304 542 160 654 56 605 858 860 109 716 910 770 904 148 866 951 362 279 263 622 474 599 974 723 399 978 503 992 954 481 552 521 530 224 680 343 604 539 653 843 140 11 306 420 65 666 834 546 765 559 317 422 666 650 36 689 676 690 875 493 161 783 289 644 415 545 714 919 146 339 352 479 785 863 1000 313 599 604 453 590 335 55 392 424 174 970 253 762 993 313 291 487 847 170 132 129 684 425 785 184 220 947 790 980 443 838 433 29 904 511 157 154 24 670 706 979 921 771 118 813 802 716 526 657 401 469 414 884 192 859 530 120 42 981 291 393 50 196 82 627 816 715 558 750 351 442 713 647 557 516 393 754 599 79 993 413 489 131 638 984 988 721 691 420 588 463 907 449 702 276 951 267 177 355 289 697 884 500 215 413 750 822 541 806 121 602 402 519 34 163 34 366 235 606 136 577 148 102 742 661 292 646 871 11 245 848 253 364 136 67 693 675 906 286 446 747 471 803 949 716 747 425 812 739 919 298 886 539 346 413 671 735 967 184 484 135 700 657 287 827 302 619 266 537 343 603 833 118 264 409 626 366 898 437 619 946 913 11 115 812 693 281 423 174 567 561 972 140 184 131 921 464 374 418 995 933 889 25 522 107 307 552 603 934 8 591 716 99 746 625 558 365 415 922 965 94 541 171 76 341 348 251 622 242 647 501 655 469 927 564 949 634 197 851 256 617 398 761 637 430 579 820 536 778 469 46 954 821 674 39 580 321 418 523 374 809 994 812 3 999 171 630 423 299 693 677 924 702 855 20 318 507 707 770 933 823 531 740 290 290 963 692 364 858 879 392 473 265 974 210 101 187 427 270 749 984 905 470 55 610 323 554 265 641 121 522 221 328 17 715 738 729 17 252 427 339 124 797 295 558 565 464 223 347 883 893 808 341 170 159 125 228 313 610 257 746 465 683 210 602 320
555
383 452 542 635 261 965 377 319 941 706 168 211 496 327 140 88 40 462 290 629 857 688 311 627 623 618 400 60 806 150 385 703 784 546 21 784 22 760 644 823 791 766 224 840 978 383 69 606 607 433 789 560 204 5 791 919 680 854 101 68 254 188 108 822 830 283 328 433 227 468 921 226 761 953 34 558 229 562 636 916 131 276 728 725 685 951 499 186 226 855 213 388 628 122 467 203 110 272 324 228 610 507 256 639 566 380 555 215 176 941 895 385 371 194 229 480 404 129 224 21 813 290 597 267 434 911 148 441 207 110 159 865 581 942 678 617 423 387 507 727 102 257 837 790 54 866 355 757 280 864 386 196 267 294 843 15 348 362 802 113 650 124 873 647 331 136 39 306 24 42 362 646 967 754 781 327 893 852 972 21 892 934 604 201 430 589 85 194 212 53 972 331 665 118 249 58 922 937 512 983 250 453 537 326 332 538 5 651 705 441 531 93 475 704 552 791 338 685 212 950 701 501 65 265 24 955 999 567 301 80 10 517 29 471 319 894 761 767 400 562 407 531 870 836 141 323 569 490 740 668 759 83 977 721 625 213 265 558 328 482 752 141 699 391 749 363 786 803 173 381 541 796 444 79 921 235 722 447 455 286 195 871 786 418 10 605 476 677 384 544 858 526 710 661 333 467 945 978 992 877 185 612 890 146 741 754 910 103 184 938 804 251 197 715 193 613 725 150 119 457 643 47 176 917 608 957 138 483 575 228 612 541 501 565 471 530 160 550 102 881 282 237 907 116 967 549 701 659 923 134 966 541 540 681 82 866 280 450 154 944 299 639 310 515 404 602 841 732 70 911 471 893 872 158 237 647 403 279 647 248 875 364 996 984 73 316 659 268 876 927 413 708 735 78 346 651 12 876 293 381 68 92 703 609 923 916 37 215 322 919 700 343 747 326 20 865 872 778 229 182 15 184 159 439 594 927 412 79 495 741 406 130 159 987 499 445 744 114 589 605 337 812 774 830 922 577 807 391 533 627 364 512 578 112 923 862 221 670 176 628 53 358 225 609 366 576 751 238 332 195 875 597 228 738 115 967 722 372 839 882 157 749 499 883 365 281 972 870 832 680 594 508 422 641 258 491 937 164 782 322 483 141 415 370 225 755 336 140 905 301 724 985 891 241 875 840 780 548 706 133 540 533 329 137 307 633 881 759 917 224 656 523 758 969 636 502 1000 738 208 593 164 499 896 659 763 674 639 660 605 455 711 998 855 848 817
470
534 688 750 541 81 510 924 84 529 105 356 674 872 172 401 840 373 996 85 566 110 152 472 700 708 920 133 226 606 818 650 599 827 984 235 652 294 247 1000 196 561 689 535 482 371 160 206 44 89 174 293 169 904 685 524 742 497 734 350 350 640 875 508 607 601 972 693 804 414 954 651 5 346 263 1000 320 327 241 807 160 958 462 457 379 101 648 808 996 103 219 536 913 602 17 735 464 45 701 671 381 562 801 465 229 997 580 356 945 261 366 868 948 825 140 340 77 460 808 121 731 928 428 851 283 538 116 129 10 329 395 273 311 62 934 790 323 250 674 807 435 451 636 95 365 325 717 730 270 345 232 79 241 44 109 479 917 665 522 317 796 754 663 123 907 267 279 778 220 819 588 583 666 633 852 831 40 958 314 980 155 1000 865 433 937 445 568 474 327 827 301 289 87 656 303 225 106 812 18 821 336 807 399 762 497 464 878 197 668 196 500 357 424 891 112 312 290 558 508 588 133 119 575 154 572 986 733 570 589 708 890 992 704 914 682 990 840 343 585 294 435 29 314 145 129 96 460 19 400 955 506 463 895 519 559 503 268 683 366 144 626 804 38 215 908 899 856 435 135 925 86 526 424 279 498 272 167 384 425 531 881 566 999 633 362 36 458 264 192 950 486 908 942 625 782 827 22 472 38 663 993 850 173 644 178 129 469 691 207 511 971 40 668 833 379 998 62 474 561 17 789 453 229 296 219 405 310 452 853 98 508 974 662 371 234 406 144 949 63 975 4 828 263 955 748 923 357 66 783 372 880 395 709 608 316 259 244 347 479 988 69 604 926 730 821 642 73 796 731 442 347 532 868 960 450 987 602 447 318 390 376 965 470 520 190 474 632 998 291 751 696 760 822 201 815 960 654 338 798 975 827 675 2 109 221 304 846 922 923 484 365 524 967 999 500 296 701 887 725 859 91 285 776 1000 432 872 188 412 316 450 292 407 674 355 975 192 982 947 573 572 812 909 904 433 332 744 907 425 970 954 527 481 880 826 407 29 25 949 783 957 210 293 709 168 86 34 792 13 204 442 367
683
972 153 230 450 433 713 281 161 68 972 756 994 957 457 96 325 369 253 59 112 167 291 511 19 721 788 914 259 725 401 248 234 511 789 785 813 963 308 664 471 630 447 568 528 186 754 85 624 835 762 236 837 859 863 726 807 622 518 811 863 765 701 32 805 540 366 193 170 522 47 642 680 169 231 766 974 412 742 397 159 666 272 513 648 443 274 710 429 754 895 304 509 803 58 470 910 388 680 423 634 233 986 879 105 655 200 689 348 166 643 803 8 539 661 975 636 42 526 743 51 673 798 311 264 980 4 360 397 353 283 653 743 9 79 597 422 308 355 820 999 794 859 517 785 989 458 48 845 661 750 423 464 166 940 687 64 781 345 286 534 868 296 742 921 934 373 521 682 148 857 205 989 492 170 15 624 37 55 789 162 991 103 893 588 905 714 312 525 480 778 655 29 443 713 417 603 642 750 889 188 527 896 479 153 663 564 678 27 111 150 16 576 784 1000 11 139 926 131 816 43 190 828 354 169 209 225 172 297 774 394 215 877 357 301 703 475 260 142 339 105 618 207 622 563 927 14 733 604 839 705 582 806 876 74 528 112 92 244 616 307 474 758 740 191 241 235 246 358 401 997 942 612 436 170 540 537 76 480 723 568 497 127 856 729 313 166 920 932 686 137 994 454 220 627 848 182 60 912 726 70 928 510 451 183 899 644 66 817 545 73 75 486 143 471 297 341 420 434 576 227 565 636 4 566 719 54 515 743 691 494 270 183 988 402 28 607 764 210 762 817 377 783 121 202 869 390 88 826 350 920 53 66 995 966 468 858 82 742 683 971 906 972 996 819 463 154 217 439 820 32 936 851 592 524 68 752 423 569 312 612 340 984 322 576 527 107 645 86 858 732 245 464 621 318 632 906 167 281 37 445 564 650 987 874 292 925 107 853 180 452 88 116 623 166 336 678 882 387 303 900 198 390 269 630 691 331 431 496 518 895 29 724 55 240 380 543 691 173 560 738 307 932 848 560 19 347 719 964 100 785 965 516 839 85 893 933 892 5 745 408 90 175 243 309 95 803 12 120 833 132 943 372 355 969 425 300 706 257 896 859 862 142 859 926 806 677 438 979 459 170 84 248 54 2 414 860 148 476 602 205 654 190 915 127 546 979 922 598 105 179 304 577 859 624 351 491 682 935 443 740 336 361 185 541 569 193 449 357 547 99 208 955 143 764 644 188 434 110 927 120 499 81 520 673 820 516 94 795 656 1 439 535 372 483 176 587 352 20 785 557 146 788 3 620 205 866 481 116 908 972 324 266 846 444 473 705 113 683 981 834 624 938 100 842 744 964 66 948 494 677 65 197 745 428 692 898 507 191 832 3 302 320 710 107 220 754 752 742 768 837 879 5 279 807 413 158 154 829 119 693 18 726 727 983 530 959 659 581 173 296 86 431 25 61 670 194 934 58 394 650 349 326 379 113 172 650 774 79 568 920 551 830 190 153 235 521 151 107 848 157 858 512 384 615 697 802 522 576 906 20 89 913 452 982 205 568 883 310 164 378 701 38 402
922
640 472 676 598 479 834 951 328 324 289 956 6 977 250 18 683 554 859 388 240 299 197 795 731 678 397 129 893 158 719 28 716 286 388 707 651 528 555 903 31 970 710 820 887 942 640 234 953 618 46 981 351 688 675 963 356 616 482 618 77 633 22 368 844 737 762 578 189 320 44 126 761 787 265 903 523 995 272 637 973 811 342 952 990 217 743 307 801 308 154 664 891 258 34 137 855 492 746 803 825 840 363 499 750 855 883 390 90 159 811 208 582 530 857 318 545 436 779 416 519 819 974 65 123 133 406 202 591 333 593 645 279 17 276 446 526 106 616 232 710 670 215 275 581 170 661 395 410 583 167 817 691 304 232 858 397 699 487 797 146 180 52 763 557 231 869 64 750 970 423 521 703 232 311 624 221 68 3 856 875 575 168 272 859 973 921 9 250 213 687 157 530 820 682 854 749 531 672 454 767 828 859 482 56 175 465 287 376 750 289 127 909 356 667 365 38 625 495 415 26 264 904 640 47 128 759 829 664 277 334 232 591 668 452 935 292 126 329 136 690 966 120 916 101 180 838 813 924 682 532 272 640 550 98 363 974 197 811 604 944 198 990 384 328 929 538 594 411 236 894 811 29 778 301 565 799 21 178 766 906 83 697 444 141 465 704 542 999 745 337 136 933 40 859 189 207 670 249 667 908 197 977 97 636 658 399 135 924 499 459 777 397 120 928 465 556 223 435 666 977 675 869 317 235 195 650 705 951 555 818 232 494 280 386 866 53 173 984 508 826 214 655 532 236 905 166 243 830 154 127 638 699 914 559 453 494 495 675 399 204 675 838 869 51 589 78 725 125 54 756 392 969 499 536 759 1000 521 270 421 156 268 12 313 937 312 939 541 843 551 332 25 451 726 137 375 996 665 421 546 658 752 26 780 166 772 646 394 407 725 456 244 120 663 818 80 679 157 462 631 94 279 359 420 288 659 790 376 374 885 151 313 996 704 596 332 913 565 985 951 314 889 27 399 81 696 957 418 38 69 156 407 651 115 821 755 591 448 980 961 461 649 788 196 385 219 134 244 917 330 245 912 430 470 365 32 295 400 343 454 823 285 765 432 979 652 18 471 842 890 398 239 939 397 736 414 641 712 886 685 63 470 93 536 675 490 730 488 282 993 708 579 730 530 917 866 510 490 900 127 70 317 851 389 284 345 316 713 746 705 743 836 625 207 280 385 686 104 152 584 231 887 109 508 365 600 697 513 130 28 970 74 613 574 255 524 196 216 800 946 510 450 414 126 763 722 845 744 790 647 488 378 294 823 555 627 253 85 369 186 728 494 257 967 837 935 526 5 739 949 692 172 341 823 735 768 62 427 94 172 751 71 114 430 476 418 14 97 6 362 13 798 296 333 863 1 776 189 599 609 366 777 250 963 111 65 526 92 164 829 211 907 996 483 569 95 215 199 467 840 499 507 496 724 745 948 685 504 384 629 539 33 82 643 310 93 187 395 118 418 571 453 552 73 872 357 814 435 398 640 53 424 613 62 362 202 906 970 413 241 45 71 29 412 265 222 763 511 584 77 706 936 985 943 627 714 412 608 278 585 752 781 221 904 609 896 445 377 850 730 276 306 611 914 656 80 97 270 350 790 49 3 130 959 579 794 704 218 807 428 501 801 441 221 380 700 21 744 528 353 566 610 430 638 740 882 589 42 638 210 681 3 714 214 422 478 570 105 77 670 655 630 585 69 672 320 807 589 15 737 393 144 216 344 817 917 469 899 142 956 557 291 543 24 596 698 723 936 411 238 912 436 121 562 907 432 262 878 175 881 435 916 861 366 768 6 400 306 838 367 887 630 884 472 657 669 509 519 777 680 384 563 799 490 842 148 926 165 295 422 138 7 472 55 414 494 282 2 860 391 762 767 803 321 657 835 723 670 421 657 276 548 916 493 682 180 863 367 965 918 962 547 872 498 385 707 419 93 720 650 378 932 940 598 96 54 548 213 225 854 652 685 897 260 625 203 121 788 641 21 781 947 190 384 713 642 791 128 598 865 801 468 2 5 389 425 56 534 422 478 903 556 47 237 783 34 159 961 234 474 38 540 377
255
981 441 978 5 790 443 234 182 462 477 219 349 524 750 946 855 6 321 684 698 769 667 184 209 315 818 391 994 470 693 979 363 903 17 837 862 1000 634 738 950 312 593 402 654 429 181 130 728 563 491 921 275 654 227 199 38 394 472 455 91 764 943 962 469 687 46 188 464 598 445 476 232 118 895 557 658 210 115 293 967 320 808 575 997 65 468 100 179 28 379 107 536 683 831 626 323 829 838 341 318 72 914 41 922 964 931 354 222 835 248 532 62 112 436 714 619 701 623 143 882 629 810 637 419 753 416 1 771 97 76 167 237 80 659 781 626 313 902 316 597 175 749 51 289 106 575 433 919 986 957 835 171 685 454 522 595 787 432 805 136 83 30 942 974 150 698 923 816 896 792 763 456 707 377 859 9 840 681 124 934 194 201 796 345 618 762 647 938 204 568 142 215 154 304 857 575 309 302 773 432 260 415 43 757 733 265 858 173 912 270 976 593 974 674 594 276 967 935 249 171 104 703 930 299 359 887 292 17 932 435 502 48 853 162 246 425 306 737 690 407 760 395 928 568 163 69 289 252 144 186 604 924 328 463 954
435
981 234 557 361 407 790 8 396 43 657 951 59 643 416 686 906 639 292 458 47 617 426 545 889 623 25 663 42 995 944 87 719 364 495 112 116 900 127 18 442 200 275 119 329 566 610 475 246 737 579 595 3 649 993 587 184 519 882 71 244 566 876 161 23 739 581 27 819 907 268 761 431 133 278 398 794 628 366 354 374 851 347 179 247 555 779 848 136 851 227 538 50 724 916 340 819 868 304 195 367 507 342 523 845 431 704 923 958 330 543 523 143 67 463 654 155 41 791 468 796 486 12 193 665 296 81 141 51 234 660 178 199 991 449 949 940 804 138 509 117 805 30 132 173 113 248 855 746 287 88 274 555 289 800 748 23 497 796 125 398 249 969 726 203 287 970 457 55 761 721 717 634 75 305 536 387 324 480 978 721 402 292 810 458 660 172 124 854 156 13 98 23 287 767 652 459 745 891 944 946 188 910 214 744 594 626 998 129 203 493 552 712 467 786 641 857 117 64 312 374 122 835 59 212 279 304 949 547 907 367 724 582 410 378 93 212 126 71 735 138 387 443 407 903 263 736 97 424 347 807 273 351 867 741 132 696 847 852 478 608 458 141 814 319 468 932 598 379 643 722 816 440 178 485 407 91 54 360 461 946 26 473 791 580 338 58 288 172 289 592 926 679 52 299 753 320 684 670 506 204 69 327 685 781 898 542 278 418 954 864 77 397 999 216 425 627 657 808 659 924 870 637 894 7 976 702 569 841 514 245 473 336 450 308 284 630 438 842 166 56 412 661 465 581 205 969 889 345 286 765 307 54 652 416 648 969 996 166 852 364 275 413 59 130 610 923 116 242 478 971 507 133 854 592 56 514 851 971 443 452 882 556 414 790 943 497 128 38 977 562 927 732 232 865 642 126 209 610 330 410 396 758 537 961 197 67 13 771 323 406 627 857 478 362 195 935 233 319 713 607 491 203 396 651 304 868 499 567 986 633 179 243 786 227 464
420
835 644 672 638 728 564 6 558 103 253 711 581 371 19 36 401 166 210 201 991 593 885 113 693 84 651 209 589 110 547 476 500 70 350 299 482 197 117 665 924 416 855 995 813 87 308 630 713 110 366 675 459 589 139 138 797 288 946 91 154 301 332 739 8 670 530 525 92 922 266 572 580 716 489 240 139 535 631 37 648 593 652 482 170 798 542 296 871 470 483 938 620 228 778 743 862 244 608 606 801 847 238 59 969 574 143 911 668 647 206 967 263 618 693 951 718 609 505 856 321 382 700 63 748 850 45 295 216 203 241 509 910 155 684 832 828 307 729 649 363 423 967 588 48 216 739 512 377 927 884 402 480 852 139 245 962 88 755 751 835 874 842 611 736 779 234 782 498 774 489 73 742 8 200 387 297 290 532 326 975 544 853 589 356 739 477 768 278 910 663 543 672 996 124 483 130 130 324 127 451 778 599 961 782 366 660 117 247 6 255 327 240 450 774 369 313 663 640 262 71 49 83 862 706 917 925 834 893 61 916 628 109 183 451 265 988 636 698 675 254 52 60 783 528 259 559 913 647 494 405 271 230 99 767 239 825 803 301 534 700 109 142 280 568 931 258 749 661 940 549 215 277 326 877 612 558 275 537 957 419 159 381 981 814 911 74 933 482 640 112 574 26 558 481 656 830 541 641 462 706 564 344 793 413 351 176 756 230 139 971 884 61 563 873 20 328 853 89 427 217 351 482 893 677 140 772 46 704 698 420 216 661 728 942 204 100 698 131 161 657 397 979 558 168 25 792 214 621 10 620 767 129 562 682 482 329 50 242 600 545 827 893 484 507 831 797 791 258 469 816 627 526 532 324 323 682 287 685 264 690 562 783 772 350 721 124 875 380 328 848 868 914 411 860 819 851 586 241 333 276 520 634 531 24 79 288 359 907 871 501 956 715 150 560 634 913 146 974 383 94
68
331 966 708 740 986 259 189 330 164 762 863 554 375 991 815 68 855 34 468 78 960 932 362 369 90 730 562 417 310 906 28 48 163 597 141 267 359 66 134 429 893 985 523 476 847 18 331 384 704 44 45 669 864 401 639 953 431 19 837 744 601 559 160 822 378 181 638 564
580
441 910 737 694 789 798 471 752 414 798 823 793 108 759 126 907 55 939 887 693 921 761 479 717 878 948 657 353 678 339 950 535 593 524 66 927 799 597 224 328 890 336 677 264 793 177 814 73 301 52 984 876 978 944 238 388 701 43 334 469 737 694 836 728 296 508 383 184 958 439 640 95 253 379 353 308 235 204 400 127 924 747 647 474 474 442 224 108 922 762 284 541 484 513 140 713 200 886 897 613 771 955 968 989 701 22 793 121 522 890 154 740 421 529 140 15 889 992 59 604 649 565 590 429 921 151 431 67 8 290 709 491 116 163 293 235 484 947 89 267 239 303 861 479 218 673 28 185 626 279 591 783 466 737 705 400 415 22 121 281 797 119 878 216 291 863 133 623 237 186 817 425 813 833 299 861 58 611 776 55 333 440 176 86 384 438 147 701 710 296 648 359 212 705 669 199 200 346 758 145 633 874 204 831 675 928 949 603 568 63 944 220 251 82 264 480 96 198 432 790 89 534 593 89 701 242 424 14 11 321 796 506 78 763 350 185 535 145 118 808 727 331 396 400 942 656 596 551 514 902 461 487 513 776 79 628 670 138 49 142 699 660 409 255 880 994 44 284 915 487 708 407 789 851 353 30 21 501 464 281 56 962 55 894 333 428 936 760 505 551 520 715 610 11 247 305 970 573 913 195 438 134 991 782 122 509 983 676 558 301 842 903 379 399 752 882 794 447 361 98 585 830 366 167 81 780 1 141 396 692 566 474 482 647 351 583 685 525 85 7 499 310 218 421 323 403 184 210 448 743 835 267 983 93 131 875 201 886 680 454 363 164 700 999 473 161 627 140 45 984 552 206 713 206 619 248 24 570 79 953 15 493 397 421 606 781 365 366 82 406 361 22 899 256 343 861 117 101 46 826 84 763 877 63 206 730 316 585 874 905 110 871 852 97 374 215 803 253 396 411 255 266 563 228 830 162 467 395 370 82 810 664 689 650 768 889 221 630 151 903 205 179 612 523 172 200 414 623 614 668 357 751 657 944 768 353 551 648 557 550 214 47 991 30 873 221 912 733 455 807 375 47 242 551 15 57 7 433 310 114 584 142 303 3 622 794 849 413 532 903 64 861 999 595 291 526 740 516 779 776 231 862 611 369 329 985 962 961 878 777 165 651 681 121 265 297 196 58 933 826 696 722 926 762 824 564 390 315 8 965 251 278 844 256 839 315 195 935 362 189 845 285 392 163 293 634 654 771 699 182 312 577 806 971 542 344 928 637 944 549 235 990 955 281 426 399 910 594 349 269 931 350 122 431 599 326 732 71 649 444
354
469 438 44 193 787 611 3 53 902 762 908 39 508 76 503 911 476 227 850 145 610 530 234 440 239 234 624 235 345 623 275 167 783 785 860 422 861 666 777 145 571 795 168 850 708 751 950 812 581 668 93 724 679 787 732 701 974 854 48 91 850 443 382 922 647 673 76 399 904 311 875 530 745 110 919 852 383 459 126 319 421 720 200 345 930 81 554 658 132 635 1 729 783 525 794 40 449 601 386 374 498 600 53 776 824 936 539 690 39 391 687 857 759 538 22 727 560 843 973 453 872 320 103 613 123 299 403 423 183 68 870 760 516 977 66 906 172 324 793 895 399 426 735 413 152 23 488 618 455 273 322 321 915 790 240 276 158 319 791 619 957 796 438 957 281 819 431 966 190 928 4 678 890 789 311 331 412 282 84 186 977 337 287 947 431 847 215 493 492 570 984 595 795 803 887 630 660 599 583 735 888 568 601 747 112 639 189 109 277 467 265 186 343 543 638 562 683 511 638 764 942 250 400 346 51 63 514 147 332 774 568 131 291 910 217 67 48 741 260 867 291 286 59 194 637 514 445 619 846 433 581 300 718 908 722 896 625 926 53 539 600 500 729 382 299 595 722 778 256 685 106 588 826 790 575 912 16 803 683 357 969 75 221 684 67 488 45 280 25 810 868 754 865 206 78 510 282 362 172 184 22 443 724 207 137 936 490 433 459 826 837 954 348 247 88 491 508 766 931 32 947 99 332 509 143 381 574 848 537 467 235 674 905 131 462 980 281 167 532 68 927 451 484 193 299 198 77 213 79 265 381 824 52 149
281
120 446 187 606 129 863 787 500 557 12 294 278 85 511 28 599 989 197 128 370 431 530 159 433 354 353 142 901 346 623 873 71 677 949 568 362 585 863 681 616 622 77 131 972 417 481 606 519 822 866 56 596 350 355 236 131 238 628 990 395 931 185 796 502 871 760 298 702 310 466 570 148 851 220 99 135 982 663 494 782 304 336 183 838 644 5 52 471 92 585 941 305 358 680 215 103 4 609 103 58 854 766 47 909 810 90 647 915 760 600 781 788 769 394 135 450 605 400 518 387 183 146 558 612 196 805 353 607 292 960 339 85 242 806 589 310 196 909 707 47 587 619 589 606 891 316 579 863 180 810 851 423 245 496 48 228 894 441 726 493 475 718 814 737 230 545 658 366 212 989 203 451 954 951 712 876 2 368 816 339 255 167 882 167 8 464 279 829 451 789 390 914 80 254 375 752 837 473 35 595 524 437 878 469 700 709 775 212 303 91 832 696 941 84 417 13 269 791 427 146 552 913 34 283 745 185 392 385 437 387 595 289 634 324 4 301 102 42 272 313 581 795 347 666 207 725 761 914 742 562 889 229 151 259 707 472 604 804 7 724 337 641 197 973 667 487 745 624 138 932 594 874 493 548 948 961 535 900 619 453 300
232
914 988 843 521 151 656 8 937 285 782 541 452 106 43 648 904 63 501 154 364 385 953 385 836 732 41 413 302 774 453 563 287 121 252 707 106 12 598 802 551 424 588 471 69 929 610 131 150 173 542 614 615 82 807 241 14 783 741 160 908 165 481 822 684 287 790 757 359 70 869 605 176 99 471 358 850 406 948 80 741 598 469 113 394 951 320 547 250 137 279 973 450 875 567 838 939 268 88 895 538 816 593 976 132 85 484 955 884 137 446 563 98 188 201 949 47 769 335 805 960 560 165 788 458 266 967 383 506 765 155 204 218 569 137 522 538 266 102 583 29 705 704 150 107 382 736 6 295 257 814 246 833 729 432 358 279 640 944 33 904 546 200 487 842 101 742 621 598 767 555 688 803 895 420 717 619 669 542 617 620 109 357 463 603 849 361 571 269 80 374 54 782 329 676 332 592 97 93 939 304 97 472 461 956 811 788 16 373 491 943 70 765 662 841 697 432 597 899 257 475 102 992 364 848 572 947 892 292 531 816 22 800
193
919 590 448 181 888 761 51 829 557 844 34 902 966 925 973 986 814 471 468 454 827 341 840 916 512 55 389 416 409 402 110 690 82 95 460 795 555 495 946 832 206 957 759 3 357 908 542 15 545 560 597 59 607 176 513 774 736 531 340 304 288 547 999 835 754 385 903 269 184 552 922 319 711 662 887 602 413 464 506 274 571 979 202 268 552 17 23 710 708 10 400 96 222 372 620 434 688 283 794 635 820 891 415 205 223 70 188 44 726 989 155 314 108 18 698 598 285 764 591 414 81 948 743 648 447 931 768 531 17 519 626 923 721 876 951 327 789 682 406 109 154 825 821 950 727 41 164 586 990 20 518 962 147 639 924 54 513 192 1000 886 275 262 44 494 185 574 255 945 377 796 602 352 594 107 740 20 989 915 594 616 222 940 749 265 830 969 466 982 605 84 941 768 87
594
272 548 130 865 260 765 555 389 650 991 751 850 287 359 576 502 558 805 138 151 429 388 873 371 157 377 443 544 453 150 453 125 530 729 312 996 376 481 903 531 863 384 462 770 304 192 491 373 884 498 821 203 870 741 454 774 248 775 283 274 751 281 918 900 139 477 86 685 321 910 705 2 961 266 151 42 961 20 489 896 294 804 395 57 238 857 702 462 293 993 607 655 788 655 59 308 179 555 190 871 943 175 546 874 913 485 140 165 772 302 220 424 538 844 64 447 186 347 697 886 188 546 466 556 496 692 405 675 805 363 164 128 620 301 545 475 159 324 660 137 135 412 820 583 747 117 773 246 400 440 851 482 970 613 747 392 339 525 959 753 828 670 104 22 206 450 177 255 50 40 671 614 575 844 145 1000 593 350 525 236 299 295 618 290 388 845 334 316 717 417 439 19 730 626 233 173 875 546 874 706 244 694 573 358 636 61 663 432 963 402 943 587 164 997 888 413 910 504 935 528 960 876 417 196 619 290 247 125 248 114 850 386 476 11 978 285 233 475 503 214 985 546 707 190 958 257 602 656 570 893 214 368 107 482 422 761 357 143 236 793 861 727 502 637 438 360 699 657 844 85 137 457 973 65 24 50 277 460 648 177 349 451 793 41 745 616 556 793 513 383 919 166 34 995 471 547 670 986 103 550 734 607 916 820 429 580 85 257 739 299 135 604 173 246 88 635 978 670 409 461 206 968 896 792 758 971 549 903 345 51 883 897 172 922 946 148 852 211 932 767 167 694 586 255 100 443 141 51 702 678 296 707 346 199 277 119 211 860 874 603 314 174 592 460 458 411 297 806 90 580 437 873 485 254 39 97 735 84 434 109 480 753 911 701 652 356 999 148 351 685 121 259 229 435 286 578 983 10 893 218 849 174 825 743 56 738 762 334 804 840 661 890 734 158 81 992 528 500 993 74 990 191 415 117 974 928 374 921 527 346 472 253 569 572 404 533 230 268 976 775 322 285 47 948 119 294 914 205 461 960 953 860 539 772 534 365 336 828 472 771 710 433 551 924 793 258 406 613 367 817 499 796 152 50 186 393 721 611 267 433 938 549 683 290 548 569 384 765 84 399 408 50 374 991 824 925 626 364 518 287 479 852 514 868 563 553 791 515 746 379 584 766 669 300 54 645 744 320 821 175 237 100 936 682 72 920 294 50 364 895 486 2 310 678 844 990 769 845 436 116 297 760 527 928 103 336 232 35 541 211 667 469 137 460 423 934 512 166 675 881 171 872 888 259 717 568 54 311 703 593 675 677 769 433 718 211 1000 473 114 252 993 175 517 778 465 481 5 882 524 909 265 164 535 11
479
863 731 969 264 335 400 215 732 277 713 70 959 461 541 657 636 979 874 641 949 791 525 77 155 332 882 659 257 957 689 396 581 127 255 171 857 428 292 481 807 528 936 359 790 375 732 180 184 546 591 244 800 59 667 178 198 904 591 263 453 253 972 938 767 64 600 71 601 498 563 835 537 187 391 841 901 608 806 506 35 439 631 458 821 325 966 823 318 28 8 914 643 279 996 91 865 555 739 4 263 986 801 903 238 225 96 543 719 561 164 633 846 813 694 117 62 412 783 868 879 588 824 836 786 533 975 753 903 175 381 508 449 569 502 859 751 508 969 819 364 682 202 817 45 998 665 535 147 498 799 516 767 48 188 30 635 261 504 181 211 630 918 656 791 1 580 141 579 448 795 780 830 764 577 561 185 505 614 391 307 19 464 604 605 314 3 39 523 75 360 849 962 482 719 660 5 380 783 849 269 326 278 8 479 953 560 243 916 417 812 164 740 873 728 558 866 226 212 868 603 643 327 65 178 816 518 115 41 825 599 214 915 972 132 795 367 153 652 295 53 377 557 488 162 56 746 900 569 717 59 404 149 863 562 283 973 618 124 833 491 763 216 677 498 689 818 166 37 843 602 342 606 587 869 559 397 735 274 374 791 591 628 701 590 187 248 117 370 338 378 8 337 726 650 564 812 902 781 792 386 856 790 133 77 620 990 443 991 756 867 279 739 10 16 570 871 860 353 666 981 888 461 354 131 752 529 845 647 89 751 980 383 153 3 853 506 541 308 45 147 362 615 400 389 100 534 231 996 663 925 658 433 323 143 683 169 81 959 559 909 651 373 606 302 27 948 644 595 263 739 66 182 511 639 408 603 254 580 888 860 488 379 511 324 296 196 472 150 631 535 257 336 420 126 867 843 401 280 461 91 570 72 461 315 402 725 958 902 369 627 132 383 711 869 123 178 366 768 131 396 273 454 5 419 811 360 866 344 360 881 759 710 870 986 184 991 15 1 594 595 451 986 97 383 581 992 58 917 814 20 819 518 50 488 521 370 464 553 636 936 252 326 441 954 280 84 281 641 174 729 841 281 342 58 385 685 582 525 556
249
775 283 23 630 153 710 633 837 859 1 569 380 244 19 239 21 659 608 82 772 36 347 584 347 929 287 346 638 606 907 37 376 859 514 545 559 138 956 590 166 224 550 503 543 699 75 930 554 843 801 325 102 765 14 556 845 150 204 123 246 898 330 906 669 676 184 101 177 960 773 548 431 535 917 258 931 696 116 831 39 947 105 820 585 488 192 838 290 345 335 6 445 263 162 950 215 237 227 452 260 23 910 613 709 66 773 910 99 616 914 357 943 439 804 129 618 551 543 522 96 290 239 929 308 653 879 915 801 12 424 867 436 672 781 906 336 552 999 787 876 788 992 43 743 977 458 332 634 684 285 522 591 433 815 384 240 158 866 211 875 330 773 837 908 797 101 384 743 566 821 436 470 692 854 763 497 42 99 759 584 419 195 274 819 46 637 213 783 692 252 563 609 262 390 71 341 983 259 494 614 260 450 196 558 155 163 838 411 28 724 28 398 297 384 162 105 479 976 444 801 579 486 857 351 959 452 536 540 261 976 33 779 943 232 546 206 858 505 900 555 813 313 414 615 674 168 838 151 367
434
569 610 160 697 619 481 593 47 286 810 715 683 910 510 985 233 652 641 549 107 943 495 124 834 415 630 758 274 554 872 465 3 467 490 142 774 684 908 423 905 744 799 744 502 120 714 468 822 153 724 841 534 662 228 515 966 906 175 251 369 843 805 272 11 458 773 848 16 220 853 790 556 428 390 324 8 350 874 570 376 712 216 243 932 489 523 205 14 476 248 265 93 19 967 197 392 768 449 219 615 666 919 6 184 152 511 743 895 589 515 719 590 528 447 496 913 331 42 429 667 805 465 896 286 124 893 877 98 156 84 865 235 472 807 835 108 515 649 170 372 311 460 197 38 872 709 986 211 940 181 660 771 696 481 658 637 11 816 1 258 470 802 605 671 681 943 181 433 2 270 797 846 154 181 745 796 199 462 349 30 999 38 576 312 880 293 684 146 997 846 320 214 473 249 295 69 672 124 507 11 666 702 469 802 226 24 158 525 84 766 992 441 243 518 667 487 167 283 176 811 522 571 773 939 230 520 400 180 186 96 380 622 295 860 849 265 747 192 124 880 796 189 632 539 941 444 733 644 941 933 20 405 184 905 278 344 62 293 940 606 106 433 134 216 249 61 465 385 215 104 650 87 185 729 933 397 332 948 510 170 55 57 8 499 589 416 537 679 425 380 133 612 878 877 813 559 706 585 439 588 427 755 253 72 937 316 363 77 402 835 387 888 335 409 686 216 590 127 363 766 515 749 343 264 1 877 417 815 952 183 906 694 824 287 179 16 146 840 172 668 1 180 575 670 392 351 93 913 228 289 466 329 62 843 733 635 351 193 407 238 834 11 83 650 8 100 541 62 308 764 775 369 212 469 9 815 26 953 306 887 636 397 300 208 279 971 45 262 859 662 400 550 677 577 498 40 241 773 902 424 722 956 463 99 49 323 450 664 645 753 124 495 678 674 330 780 739 792 991 276 271 507 789 446 389 93 796 862 8 993 169 202 760 427
207
38 929 701 796 968 789 284 259 555 962 376 316 780 931 800 597 903 329 175 196 335 605 503 319 731 206 828 172 790 743 769 431 166 11 662 556 854 331 113 868 306 952 750 739 290 563 520 526 724 818 48 879 271 969 468 357 153 221 635 781 592 289 679 34 658 312 266 378 778 943 30 946 781 87 737 883 939 912 493 679 800 466 192 336 101 165 175 401 380 600 411 961 665 54 603 696 770 670 283 24 112 410 96 299 259 710 353 267 142 875 164 735 253 487 389 839 240 828 939 442 521 472 542 865 464 978 54 622 810 792 491 231 490 485 1000 150 299 623 538 244 348 658 451 660 361 742 792 341 789 826 355 956 823 524 504 339 753 237 873 783 339 140 556 936 164 356 23 231 807 982 678 226 110 202 66 151 252 334 16 479 328 975 4 672 769 417 581 670 8 612 992 152 569 6 672 333 495 316 839 288 1000 881 392 958 938 282 743
13
412 994 808 140 355 329 4 482 865 431 590 56 503
234
960 636 797 611 570 311 486 768 928 497 463 444 921 118 312 503 113 459 802 603 675 576 404 81 756 825 555 575 899 727 107 597 511 354 984 382 647 600 182 791 624 638 438 595 327 347 382 386 162 692 512 262 932 163 792 63 236 462 219 766 904 761 941 877 412 91 863 811 315 936 796 232 188 7 546 30 96 202 624 107 499 224 28 743 485 734 199 372 685 590 302 55 91 594 577 260 138 858 175 358 285 423 982 932 675 311 138 609 787 210 291 650 49 851 563 460 237 628 681 906 555 623 905 814 797 470 318 136 159 432 967 693 351 345 299 90 45 886 844 241 800 994 878 973 939 48 25 885 324 455 940 509 378 688 272 921 440 770 781 971 804 287 869 703 698 527 546 945 415 58 694 840 281 611 650 687 401 516 260 985 491 403 128 477 531 128 725 121 455 856 772 56 997 252 12 119 180 98 361 880 275 285 107 271 511 752 245 120 993 219 720 226 550 262 544 768 560 582 979 337 397 50 780 282 678 428 508 310 318 716 184 531 681 565
302
232 640 60 706 926 940 1 689 694 733 422 540 47 550 788 854 431 28 327 745 883 931 305 351 94 955 841 915 611 319 197 63 841 960 128 480 225 871 408 718 322 937 794 272 494 612 80 711 671 789 986 279 327 299 32 668 213 401 355 368 799 308 558 294 761 488 396 277 410 54 54 259 813 269 247 234 834 410 897 977 647 816 976 483 730 534 158 4 667 845 296 290 159 395 682 697 727 927 275 837 410 290 327 989 273 904 291 51 801 192 219 671 272 350 365 809 62 257 914 923 334 698 31 797 118 98 455 948 697 372 739 374 933 230 905 385 945 667 825 253 774 243 774 73 910 135 553 881 348 271 590 627 17 426 846 372 952 396 778 274 744 504 818 858 772 726 608 263 597 442 268 263 255 409 914 751 530 902 288 773 497 977 338 642 917 126 83 523 796 651 229 686 841 841 464 875 890 777 945 130 999 539 280 158 471 100 291 606 920 339 566 939 738 758 251 78 208 912 179 674 897 298 904 367 263 62 637 34 423 948 317 462 299 992 972 291 235 998 715 693 265 946 552 456 37 848 127 929 78 937 552 453 84 79 304 464 834 68 870 409 173 817 436 873 569 359 215 482 803 435 86 386 135 431 236 67 685 131 636 299 34 572 250 364 363 61 445 820 701 121 5 593 456 30 840 173 179 825 765 460 825 480
215
767 843 974 354 584 540 277 472 573 267 504 49 936 334 650 540 979 667 322 938 944 458 582 232 779 134 508 299 345 411 792 542 401 183 986 793 9 134 363 757 67 312 93 16 262 403 218 78 119 639 301 535 134 562 337 665 575 475 491 197 46 171 865 773 816 769 137 71 460 959 956 258 417 648 914 688 818 830 331 1 150 657 351 42 750 18 733 326 199 575 1 246 290 791 563 12 491 672 334 60 102 195 711 415 789 628 206 919 941 863 514 490 495 164 480 554 111 887 324 251 543 523 764 28 701 334 374 83 190 304 674 59 607 72 249 79 719 999 730 71 508 350 879 598 446 500 21 508 356 470 831 312 659 34 275 932 107 267 636 240 719 940 811 959 208 112 671 254 787 129 597 176 759 640 817 460 870 351 938 890 209 465 82 413 735 882 77 45 79 722 505 280 294 318 95 149 926 178 759 593 762 310 322 927 654 717 533 127 415 30 905 170 284 701 182
480
947 514 241 349 418 953 453 882 215 796 328 6 476 733 269 174 702 427 792 909 523 965 624 198 169 608 743 907 596 908 141 754 867 94 180 825 635 554 889 524 721 640 873 466 370 279 742 468 759 235 799 717 305 981 687 650 867 145 800 132 442 634 656 505 626 279 307 79 719 638 210 925 800 493 487 556 83 275 900 104 550 536 967 592 639 214 997 736 854 631 553 466 168 563 813 712 222 463 127 743 436 575 807 478 226 838 234 562 63 715 782 631 597 637 28 264 487 376 210 238 358 465 775 44 524 668 672 106 985 926 667 395 936 945 897 834 943 298 207 647 102 612 333 177 794 283 337 285 441 415 869 830 832 998 50 440 573 545 592 567 466 129 479 390 824 501 641 154 886 747 973 381 680 179 467 731 314 679 143 273 148 548 349 140 362 144 955 577 551 778 657 283 271 431 259 932 232 77 975 256 492 636 413 716 248 831 21 605 241 804 190 245 422 663 949 23 553 96 67 275 491 610 323 31 167 201 694 818 623 959 937 717 511 601 360 576 113 673 669 841 508 609 982 927 182 855 507 38 370 947 850 909 770 994 735 901 764 267 640 454 444 528 931 628 197 103 618 497 414 690 78 952 28 165 118 280 425 704 174 653 988 88 928 375 808 404 325 33 120 575 672 286 81 265 474 35 561 705 389 998 134 426 719 983 136 685 411 560 779 617 459 529 318 641 12 99 409 540 678 410 866 786 122 419 544 691 871 736 521 776 159 946 29 773 579 280 285 895 367 539 839 126 569 686 341 144 537 804 808 681 785 282 504 760 478 761 670 28 320 502 438 764 203 102 152 313 361 61 522 136 4 733 974 66 229 331 224 950 233 247 655 922 928 429 683 558 594 514 437 865 388 350 562 911 929 579 732 539 216 436 91 56 827 471 574 468 901 693 481 138 496 307 47 104 110 216 233 378 878 376 272 263 296 267 748 242 819 409 538 868 886 780 776 735 918 424 54 212 279 296 949 941 51 534 972 787 294 809 299 511 862 604 252 804 63 609 216 789 195 230 813 147 263 366 525 430 735 70 636 787 103 453 739 360 724 360 582 522 684 14
698
593 887 389 886 865 19 600 431 717 241 687 924 227 937 912 891 399 543 747 454 357 744 233 353 585 574 833 311 174 898 554 477 358 549 281 217 487 834 644 180 192 106 907 72 850 151 709 77 52 301 635 389 751 893 730 929 689 646 792 598 536 218 243 194 416 125 819 507 552 636 938 12 863 179 409 721 246 970 23 953 214 214 496 207 547 275 856 294 376 148 305 844 391 973 426 818 417 935 587 520 173 962 249 772 660 886 227 572 640 698 99 717 658 869 33 103 583 165 426 971 982 90 819 486 457 375 820 544 58 778 369 748 808 988 998 230 953 417 211 479 425 976 332 102 22 49 14 179 818 771 556 86 265 852 451 820 198 443 664 174 127 879 65 698 459 375 251 156 967 104 27 448 77 333 192 565 493 887 552 562 762 577 426 788 470 525 989 392 675 297 587 638 892 61 351 992 467 639 35 999 794 526 642 545 653 426 370 182 711 166 91 51 678 110 194 217 342 490 22 774 13 780 728 232 102 358 929 994 56 430 576 293 221 134 346 953 995 202 993 179 751 720 298 7 431 290 878 743 355 720 771 462 501 720 897 662 758 824 168 304 772 4 671 719 408 679 931 841 997 913 957 832 960 15 656 380 341 905 833 426 420 780 153 411 847 882 904 564 38 33 621 460 26 292 293 590 283 514 101 465 102 864 330 331 100 622 487 310 337 691 620 49 271 56 72 336 975 507 358 814 663 688 627 246 932 38 538 463 88 996 221 50 208 809 76 756 123 895 587 412 387 708 202 517 647 892 314 31 851 658 462 499 535 525 422 183 420 339 790 154 723 952 353 792 149 706 588 724 610 573 931 33 960 606 842 84 220 586 462 59 878 9 335 723 829 154 576 368 441 893 356 320 487 809 635 408 362 962 486 83 869 289 792 42 631 122 895 39 380 540 464 39 100 714 173 274 844 835 509 102 86 497 197 502 438 79 696 713 451 484 106 441 893 741 749 565 774 215 429 537 792 657 31 780 487 301 387 394 975 902 81 454 131 533 910 556 392 985 148 811 290 342 958 221 656 122 338 259 439 589 875 170 306 497 754 543 204 182 435 60 289 446 856 442 763 759 932 476 589 980 407 412 44 389 885 607 15 443 995 82 560 431 424 22 248 473 137 329 890 611 403 486 749 339 451 501 637 403 763 456 909 728 181 267 997 200 166 39 842 690 746 506 483 246 253 404 289 931 978 629 405 666 952 623 972 708 405 258 514 922 623 649 577 270 726 835 618 161 675 411 668 673 1 805 100 546 303 647 4 610 491 93 603 701 425 371 282 563 317 264 208 783 58 177 410 422 276 924 568 909 880 833 804 327 638 528 326 477 869 483 605 95 600 642 379 539 218 923 467 665 635 950 557 677 561 862 798 454 829 209 329 627 507 487 461 727 486 895 810 868 834 58 852 219 365 983 445 964 70 738 699 203 540 272 859 217 424 631 357 884 22 606 690 509 674 641 437 465 224 321 307 565 57 858 925 851 269 861 564 646 173 523 169 838 395 776 196 902 368 108 152 885 873 56 567 673 231 78 960 482 738 932 444 962 715 849 841 655
159
204 92 137 565 116 225 123 860 20 824 355 501 88 2 702 603 178 218 798 273 236 677 197 102 367 166 71 319 88 296 848 448 662 309 696 420 829 517 908 844 794 314 513 286 387 277 347 551 762 663 297 985 819 560 559 275 656 357 698 967 762 364 172 521 57 388 802 252 586 521 875 761 769 888 52 231 770 545 245 812 783 482 77 253 376 300 588 383 685 781 341 100 951 673 779 190 413 747 509 910 67 297 39 483 951 715 264 342 466 80 13 295 502 984 311 536 701 68 962 391 387 268 923 457 193 558 900 180 185 945 531 460 642 607 545 819 273 334 100 921 642 517 854 833 979 355 604 902 171 667 734 330 873 89 919 776 115 843 857
332
693 914 54 333 302 413 251 521 847 290 627 792 98 420 9 739 713 89 767 867 401 403 728 748 717 557 553 645 57 139 768 443 789 69 195 922 957 117 842 647 947 221 870 651 548 147 825 323 529 376 360 27 440 142 197 113 889 508 560 966 292 431 545 271 474 213 781 716 451 335 352 338 75 400 461 650 157 726 838 367 421 995 10 443 636 834 718 68 327 793 474 478 809 969 926 817 560 899 632 106 155 566 814 888 122 430 461 809 576 966 701 927 215 785 551 777 570 671 403 721 886 64 104 708 375 825 492 295 839 544 64 901 693 181 219 198 720 203 359 478 467 71 994 774 32 469 676 379 157 830 882 788 735 338 877 928 943 659 33 46 984 132 806 890 614 867 372 183 400 508 437 378 552 151 672 890 971 837 751 989 992 989 548 907 13 763 658 56 703 39 898 582 209 670 551 775 491 14 620 707 573 334 71 718 482 33 1000 301 827 988 803 737 362 798 629 392 768 246 964 76 227 891 640 38 732 180 863 43 871 453 146 873 899 402 365 22 17 996 123 601 250 338 36 118 850 661 106 638 487 962 455 367 456 165 550 355 762 44 928 693 196 358 192 575 925 29 20 594 22 979 260 6 697 581 585 305 579 610 858 65 501 86 799 117 66 312 900 601 534 843 114 12 145 212 371 171 536 206 88 773 582 123 179 974 613 919 918 585 643 445 835 843 773 308 891 20 357 79 473 759 24 522 344 675 699 130 802 922 565 932 212 917
721
380 92 713 72 735 567 434 572 859 940 552 403 664 531 552 21 270 612 71 112 817 698 405 678 176 857 31 451 785 856 365 81 825 190 917 673 393 3 569 483 273 673 778 614 772 300 228 460 798 139 37 883 813 838 597 756 672 155 93 19 411 137 618 360 181 853 125 441 185 494 588 626 230 517 114 768 745 134 626 854 108 523 124 901 302 67 815 853 386 146 51 823 6 589 406 680 855 382 108 532 225 557 793 402 207 467 890 595 594 105 598 958 898 484 187 667 46 483 139 463 526 421 578 830 914 236 5 14 943 394 958 510 694 190 489 992 458 182 239 880 465 384 88 394 313 589 390 904 301 365 967 843 197 450 103 732 421 299 558 764 21 128 624 915 438 910 156 562 266 528 451 394 273 739 925 438 286 291 982 178 892 68 702 30 690 84 420 412 747 765 941 733 694 652 974 533 674 378 639 822 878 575 426 543 220 315 732 730 806 865 328 404 122 139 30 659 457 672 775 742 865 922 942 164 302 231 406 286 804 138 797 63 613 216 211 555 193 55 983 494 346 432 451 427 536 239 284 790 258 962 915 386 681 67 944 805 670 692 661 864 616 178 771 165 779 623 850 946 983 520 804 101 916 327 401 424 510 959 666 19 179 74 310 856 718 345 558 855 56 307 54 561 693 956 143 661 282 541 177 325 845 909 282 559 632 895 805 145 1000 396 558 613 921 270 323 761 906 105 830 286 424 50 378 879 460 229 822 542 835 549 411 333 29 990 297 18 968 669 351 604 498 283 356 412 420 469 213 592 281 708 173 253 16 502 845 907 632 934 224 93 148 1 704 966 13 174 407 803 227 584 902 217 809 66 984 247 945 860 33 752 81 987 975 871 546 924 804 501 232 131 400 444 472 463 374 715 868 296 485 8 386 59 313 901 301 86 665 646 483 266 727 214 44 125 426 819 665 724 373 415 800 31 520 90 902 848 58 499 856 322 176 826 916 11 472 547 657 786 133 389 24 984 104 302 5 379 595 712 711 397 22 624 349 220 424 942 897 475 73 135 251 591 975 845 672 673 251 447 731 324 519 784 967 401 386 354 812 504 23 862 426 815 579 590 169 142 549 532 477 574 381 554 207 135 554 66 298 42 491 457 919 211 787 162 771 98 109 716 854 382 190 980 160 347 880 85 788 318 668 405 654 636 938 19 645 833 711 489 210 275 261 502 853 275 649 465 284 440 696 481 364 584 708 313 961 686 59 994 967 505 441 623 686 706 942 69 201 439 323 345 797 442 974 21 54 431 525 439 746 212 48 166 180 417 959 48 683 276 981 596 130 4 37 518 29 55 115 113 593 276 473 954 740 644 997 671 753 155 135 445 133 599 286 596 538 925 883 493 865 868 684 815 489 662 183 828 565 412 832 135 447 662 285 940 383 603 154 773 423 538 631 938 697 806 769 14 531 172 261 88 57 524 862 335 107 96 566 701 16 332 31 321 919 207 718 142 739 523 856 515 971 517 577 530 902 757 584 596 191 850 908 700 915 325 749 725 164 668 981 724 416 701 241 335 290 252 444 825 402 299 906 412 167 416 598 560 72 363 388 201 543 114 676 269 499 316 715 134 433 595 407 216 380 266 762 909 828 137 330 3 840
429
197 584 69 384 608 5 44 870 980 298 710 963 260 54 340 610 775 625 711 367 197 220 223 856 467 557 253 651 724 55 665 258 592 187 681 543 187 79 671 164 777 965 662 646 61 316 792 75 523 893 680 963 57 388 370 76 589 46 326 105 689 72 777 280 946 676 290 65 307 722 800 576 826 807 709 838 557 538 160 47 365 378 936 604 225 912 802 286 834 199 583 435 642 953 749 34 81 450 648 481 791 58 173 782 195 254 892 198 952 929 821 363 367 323 512 424 990 161 156 983 746 738 910 360 481 925 214 742 17 572 179 616 13 358 139 712 842 942 130 815 316 179 861 517 793 15 837 794 705 575 452 132 2 459 672 406 379 264 618 580 993 644 695 965 873 454 582 746 381 517 5 419 197 539 784 210 475 20 877 213 234 902 573 209 792 760 323 928 354 676 740 252 835 905 310 567 25 426 635 197 973 950 706 664 163 441 357 821 525 216 587 48 808 983 313 916 997 391 350 390 845 920 784 459 815 508 524 599 759 483 708 351 777 920 990 345 787 724 486 807 206 843 671 828 24 390 502 859 373 439 972 609 475 72 817 635 792 750 560 619 96 999 416 727 935 874 328 791 758 841 455 563 298 118 66 658 275 205 749 500 781 527 150 448 213 920 452 458 269 238 199 660 889 807 229 316 22 242 873 57 898 382 737 210 344 362 637 530 487 685 685 330 120 638 297 289 824 71 983 538 344 579 166 638 85 73 183 943 671 696 21 205 204 299 50 418 803 240 620 474 332 261 632 732 146 168 962 99 467 8 141 330 289 272 156 568 147 896 698 570 139 498 349 421 24 156 311 448 303 52 215 613 700 583 137 907 412 108 771 47 922 573 444 685 367 658 889 660 599 355 63 15 659 106 981 135 796 458 338 511 104 13 340 172 634 577 8 215 55 887 31 81 762 28 745 111 372 629 260 427 362 412 786 673 803 997 267 138 831
419
232 967 917 753 153 472 141 337 976 497 771 617 50 610 456 172 599 765 515 695 501 485 227 8 825 397 786 81 628 716 995 631 735 168 795 521 6 72 903 319 731 65 507 734 137 670 341 235 608 905 33 540 64 665 46 773 554 170 221 296 586 788 422 292 375 900 502 271 541 253 253 826 581 911 441 379 543 655 859 860 814 403 765 967 397 36 783 5 401 818 283 604 4 452 373 2 423 392 635 726 969 365 778 995 321 266 954 960 439 634 620 620 755 312 847 146 771 379 760 363 788 827 148 661 360 279 378 220 784 150 351 429 476 513 836 658 53 770 667 564 414 454 269 783 405 512 902 491 549 982 872 967 718 161 866 615 830 511 866 425 244 810 748 105 271 277 299 990 127 807 250 839 799 817 83 592 575 719 189 348 694 493 125 891 418 24 581 91 425 499 293 78 695 308 84 632 730 422 636 919 499 435 661 50 983 852 764 811 525 881 568 158 767 815 955 115 114 79 954 348 237 278 613 638 216 181 54 560 16 822 988 333 88 193 143 812 812 236 835 908 128 1 63 320 721 609 656 586 95 440 266 493 691 183 530 356 412 895 264 253 68 864 662 726 469 621 255 210 130 704 507 392 352 73 842 854 185 688 332 734 980 816 155 699 834 815 744 814 934 218 21 299 61 899 579 127 744 2 369 380 739 727 441 320 940 550 913 235 602 75 149 805 419 769 643 922 588 887 552 825 862 894 282 333 974 490 94 514 495 36 273 565 735 908 980 231 897 39 554 732 587 898 130 775 66 936 360 273 9 406 728 991 431 291 346 182 95 183 934 872 615 367 755 632 38 819 841 645 840 764 534 368 75 458 515 287 669 650 534 44 516 275 289 273 754 649 499 530 674 203 314 477 878 383 616 519 740 43 512 692 198 204 201 452 217 186 260 648 373 983 302 755 745 496 227 115 384 568 385
615
832 961 226 88 749 291 50 377 843 111 390 134 121 99 56 669 703 976 244 98 751 314 97 132 623 354 894 891 147 338 193 441 17 316 319 666 120 993 63 691 406 305 89 927 152 30 835 340 414 148 468 56 972 114 103 795 659 778 803 701 936 629 333 845 316 453 18 262 947 77 892 306 65 262 336 715 618 526 755 886 300 641 956 577 202 131 63 504 823 922 273 522 678 713 323 999 80 216 315 79 798 786 946 835 715 772 223 430 709 91 728 42 82 102 562 753 645 160 819 508 761 683 554 284 40 171 429 756 947 632 667 992 464 189 941 788 597 245 835 70 879 687 307 545 623 430 977 685 451 787 608 608 445 352 58 623 21 263 461 730 729 470 871 150 720 836 242 695 879 533 307 862 155 329 674 428 895 573 94 990 826 371 181 195 721 628 573 103 530 290 355 232 476 353 628 741 539 153 721 380 720 476 511 880 152 321 782 832 650 36 30 466 582 260 711 598 551 657 533 610 688 939 833 545 901 238 758 487 110 394 231 303 742 261 735 332 848 810 142 373 672 842 762 780 623 857 6 355 978 744 184 538 856 238 24 638 947 565 979 725 264 53 492 868 756 452 681 893 982 721 382 563 701 962 145 145 185 461 864 912 508 571 339 915 757 990 938 304 755 337 127 556 717 399 335 927 93 859 850 735 579 235 198 848 597 863 629 530 735 494 537 458 203 120 131 694 960 284 862 824 517 167 129 388 107 275 619 789 912 749 964 258 881 181 46 548 298 30 579 753 44 119 869 617 361 831 445 903 893 442 175 542 937 455 183 765 200 325 417 237 560 194 982 434 350 851 261 850 554 149 15 649 627 868 453 765 636 471 397 984 432 105 113 830 614 509 285 723 66 501 947 13 478 782 412 897 228 507 731 222 248 437 195 68 189 105 68 585 251 894 396 593 664 772 130 148 316 685 978 685 238 20 380 551 940 247 976 511 640 845 741 927 298 964 534 564 712 143 264 1 316 456 879 65 613 632 75 666 588 586 152 531 435 442 47 163 885 314 274 468 83 14 235 806 85 192 487 639 722 36 541 681 151 604 157 217 365 572 977 26 335 77 972 808 938 282 866 927 544 754 836 4 59 272 285 977 254 560 786 473 406 70 613 59 319 61 628 348 355 129 46 661 837 923 64 377 371 214 873 84 723 842 590 896 402 733 951 713 749 851 202 88 981 248 721 576 110 403 588 768 364 481 175 296 90 932 194 339 614 116 576 683 244 91 365 785 846 548 488 437 664 916 964 498 139 434 957 235 213 699 697 290 48 159 33 894 407 962 412 697 482 872 178 482 158 442 699 470 460 479 685 530 817 215 686 149 287 844 910 419 241 720 394 215 70 915 437 566 430 26 63 177 848 774 38
778
647 23 425 918 971 722 927 970 793 475 924 445 179 697 959 164 100 409 459 293 738 4 150 356 515 890 281 368 478 375 258 47 512 743 487 343 696 719 596 994 97 677 479 355 44 365 68 447 28 289 752 203 138 342 446 312 344 925 669 816 760 757 951 390 877 304 69 557 690 127 223 679 662 187 799 439 243 847 150 397 28 721 616 361 48 684 359 337 747 169 507 941 771 834 933 608 145 853 735 828 462 571 435 915 432 639 357 945 972 207 721 469 57 539 148 297 67 528 114 691 799 196 647 329 148 161 768 751 625 779 411 128 403 898 8 225 364 787 241 144 216 759 616 729 805 222 708 448 242 163 957 178 482 708 639 614 528 62 942 990 391 757 21 638 355 176 49 418 891 51 891 66 594 724 638 142 22 795 768 279 838 323 850 680 933 19 156 404 954 879 453 199 724 744 950 963 322 351 88 354 330 491 147 820 309 285 443 180 253 101 675 701 786 373 464 468 890 136 703 331 289 154 514 215 468 326 471 574 92 856 375 158 441 896 355 777 583 885 326 836 751 595 650 1 602 157 364 630 695 691 568 664 464 459 624 400 142 657 209 530 531 27 580 598 827 568 480 954 913 267 72 497 631 931 772 111 96 252 531 636 297 974 88 191 445 818 867 456 872 626 21 462 402 555 906 430 476 815 527 383 896 41 258 836 745 116 646 317 482 780 403 848 309 948 557 19 862 628 314 992 134 379 542 51 26 673 568 706 714 446 901 959 300 556 300 358 104 804 87 324 565 661 982 762 286 773 987 744 727 720 930 586 622 536 22 651 986 544 184 366 434 91 882 464 536 695 867 775 625 183 968 477 866 1 889 603 518 37 139 788 90 519 941 372 101 76 375 194 254 292 922 932 394 297 369 530 34 865 3 40 632 532 968 591 295 506 815 258 987 936 797 931 271 791 101 83 635 918 784 616 851 788 133 149 73 263 417 797 746 860 211 81 212 139 607 635 997 192 113 212 563 890 961 141 270 605 683 518 900 853 110 984 284 765 597 269 28 969 193 701 238 942 907 993 485 779 486 274 787 223 106 92 681 209 119 86 198 492 489 897 130 8 467 7 954 341 583 655 923 653 187 579 635 97 807 535 425 187 262 564 764 626 345 213 627 51 789 651 122 300 458 168 239 909 589 367 698 701 159 903 443 968 929 908 587 886 231 35 574 209 358 62 449 675 690 110 236 763 131 512 451 595 478 458 559 423 543 454 194 638 907 777 994 340 494 137 342 558 234 768 988 27 149 809 709 299 563 77 797 352 494 155 66 292 299 616 851 375 404 472 94 782 292 224 101 548 318 867 105 71 48 7 757 281 258 732 16 274 669 457 794 547 1000 487 85 165 620 606 572 516 468 651 404 28 150 344 76 123 392 942 921 279 21 156 721 572 823 424 312 869 739 432 633 489 810 254 729 397 445 904 676 565 735 94 111 482 635 201 236 874 795 493 210 202 380 662 73 182 714 223 622 770 845 803 483 792 904 774 989 85 109 533 366 215 53 630 790 887 824 112 693 643 11 819 462 944 865 637 937 660 952 338 97 120 969 626 665 125 307 20 729 948 934 54 287 270 273 723 412 58 571 2 908 321 310 775 521 246 226 856 226 939 197 142 367 692 822 846 96 901 3 546 34 734 265 530 656 30 439 103 948 144 22 26 930 986 777 231 235 275 473 330 553 432 933 960 535 920 801 776 977 358 352 927 724 466 631 226 793 429 696 941 174 497 683 908 965 429
903
58 438 151 88 94 628 494 656 965 563 843 889 31 740 97 807 208 269 354 653 135 209 64 63 594 233 881 545 877 219 828 540 799 179 878 407 391 975 672 80 307 534 276 299 318 969 265 506 865 359 34 581 711 332 123 984 586 232 363 592 54 77 227 372 670 231 303 849 486 622 759 640 823 429 738 86 319 323 758 141 561 17 585 101 998 837 638 393 898 753 9 558 990 958 579 917 178 797 201 589 412 378 279 933 992 10 175 719 199 738 773 237 519 230 234 439 712 49 617 225 607 567 264 653 247 934 134 66 335 654 455 171 42 923 761 574 444 729 204 663 716 332 182 762 999 733 803 161 688 174 237 523 802 470 906 163 500 678 92 51 178 463 615 773 554 428 270 682 421 755 797 906 621 363 88 185 400 68 817 988 9 988 336 919 528 943 341 828 844 847 153 351 478 909 898 661 645 778 759 460 496 446 368 367 901 103 663 400 908 66 884 700 760 765 570 262 951 229 394 652 202 407 830 693 728 312 14 93 975 519 617 321 106 453 532 747 443 97 784 151 877 776 944 507 178 681 518 387 561 746 776 948 856 873 196 663 124 435 989 845 595 83 465 772 992 358 131 667 717 528 410 634 994 375 277 20 842 288 593 710 538 630 703 478 806 880 930 124 533 381 221 360 386 984 336 615 595 104 295 62 839 511 24 249 908 940 639 811 190 85 80 108 547 827 844 980 226 225 201 483 146 284 969 568 230 604 290 590 462 187 781 922 576 987 675 647 418 745 976 165 46 20 73 812 968 939 781 152 598 709 198 241 928 800 794 491 20 27 492 342 941 893 781 718 640 163 330 72 631 100 73 455 578 754 375 660 634 806 692 258 287 324 320 120 518 50 3 589 610 88 282 196 219 962 186 400 211 875 636 401 878 430 273 694 196 57 359 24 386 721 547 469 756 112 225 647 249 44 988 413 632 611 217 309 956 185 216 531 412 132 228 23 39 453 884 646 61 980 152 590 36 82 863 685 732 927 153 964 332 710 247 471 704 789 645 422 151 175 450 789 646 902 48 577 14 204 532 840 898 215 409 74 869 267 240 409 726 675 249 930 587 911 954 699 340 301 193 420 468 767 305 77 370 571 161 270 492 888 646 958 661 224 196 688 233 646 284 456 694 503 316 921 552 924 516 536 453 720 322 955 425 606 736 471 987 930 120 5 151 544 6 453 333 765 245 346 777 476 330 567 887 932 659 571 531 125 853 245 385 512 352 73 555 931 180 1000 562 348 471 198 269 239 108 936 329 322 798 656 784 313 80 164 876 58 535 855 434 472 187 225 512 667 864 115 984 913 225 471 481 522 922 391 898 578 497 726 644 94 5 553 407 867 432 499 944 300 456 597 693 221 743 763 45 638 18 792 999 781 599 363 127 42 733 448 190 220 323 205 680 218 394 813 328 930 442 895 694 174 244 24 309 138 871 581 993 646 770 358 893 419 411 264 312 874 15 811 342 136 254 259 904 554 201 782 877 715 455 323 238 321 196 44 279 874 982 989 468 370 760 170 665 730 980 204 849 446 176 722 934 416 762 560 306 889 875 465 47 770 319 663 161 581 75 888 645 42 398 82 926 626 761 273 848 459 621 794 352 21 979 661 805 398 323 214 841 678 832 496 219 766 41 337 801 721 50 173 936 96 936 323 810 766 512 150 202 855 254 708 791 399 215 533 376 293 412 364 539 974 695 227 916 19 632 234 319 138 821 318 486 478 691 989 829 899 230 66 340 912 33 795 91 773 820 232 159 283 763 629 885 945 648 84 135 59 533 13 173 651 170 734 605 188 384 985 925 875 804 281 32 611 215 187 684 426 581 732 977 406 899 864 748 487 606 819 596 383 300 672 859 339 44 711 71 800 708 834 312 653 744 167 29 817 912 586 846 758 690 899 915 447 579 964 652 105 925 544 117 920 134 804 770 294 878 306 319 189 544 698 457 834 237 340 111 47 1000 113 131 695 417 909 255 59 678 292 702 812 941 524 525 869 798 359 621 399 465 877 859 520 381 4 947 700 811
145
931 368 83 209 678 374 383 12 151 533 864 862 165 808 414 270 64 590 631 62 784 743 89 37 438 340 488 103 903 530 387 480 682 311 820 444 521 211 626 326 695 736 105 859 558 773 186 606 948 580 434 478 569 141 699 388 720 24 637 777 943 66 496 697 521 494 627 457 601 592 789 236 642 214 825 579 809 409 978 308 559 29 569 304 521 468 384 947 833 845 290 904 660 962 80 830 276 17 246 822 724 269 698 881 105 753 555 168 987 633 555 636 880 55 262 54 859 44 570 633 13 181 796 370 711 6 18 396 367 824 902 992 978 229 13 213 91 221 771 326 680 919 762 498 551
353
612 149 961 924 129 404 753 883 674 795 842 800 1 8 99 564 723 355 599 530 425 545 664 402 390 191 64 974 492 42 130 423 841 969 34 814 490 667 418 743 583 952 298 771 52 499 986 38 86 698 770 560 8 530 38 380 929 993 641 445 849 504 305 89 982 769 340 772 852 123 654 780 434 29 910 931 717 169 86 263 620 487 510 995 602 507 593 135 767 786 99 851 444 733 349 16 295 218 325 576 549 108 634 872 651 445 452 798 254 727 134 994 724 580 946 49 501 960 436 121 250 670 882 753 111 523 492 945 122 59 995 830 306 979 546 312 961 330 100 899 284 493 731 611 629 979 789 513 808 80 906 917 59 116 354 137 277 860 616 637 731 665 963 170 869 651 739 546 772 551 593 69 614 403 417 112 845 402 421 642 919 433 41 815 65 509 812 154 849 815 957 253 949 245 441 186 439 533 206 149 91 156 177 327 271 905 393 526 546 529 811 833 531 800 673 394 257 163 707 5 109 76 193 265 329 701 704 377 966 577 531 568 451 356 222 10 700 448 220 965 104 689 886 791 189 427 516 149 128 295 430 109 181 535 401 732 99 581 455 40 755 341 634 807 419 409 651 852 1 533 758 760 56 199 111 790 608 694 125 78 706 747 963 297 370 505 162 578 573 512 607 790 692 230 243 416 68 722 56 598 470 705 279 11 839 922 757 545 694 363 635 823 923 713 848 700 761 3 306 901 534 129 629 4 44 732 670 663 28 150 812 909 842 657 54 372 149 146 520 824 822 19 948 167 632 601 164 279 988 14 395 358 463
891
804 539 652 187 627 799 674 115 602 100 805 249 564 555 258 33 556 35 365 169 141 484 444 651 475 765 298 841 944 255 318 570 150 645 949 174 439 10 791 74 877 435 117 29 922 822 220 863 299 229 665 240 14 216 128 67 769 13 709 556 536 291 82 658 630 48 466 273 905 37 534 475 915 745 732 205 645 158 448 283 676 297 560 603 420 469 827 482 119 841 588 141 301 341 553 331 367 562 454 518 910 285 635 97 156 640 694 163 605 223 446 501 837 783 325 704 67 424 455 545 245 2 393 463 938 752 439 529 869 715 242 166 988 517 613 9 965 741 414 170 463 173 757 343 48 254 685 930 504 50 619 900 497 35 425 534 510 663 258 778 550 910 551 785 353 757 738 903 168 207 48 240 647 514 410 530 392 633 554 776 152 239 148 700 571 390 423 530 460 916 200 579 76 822 572 202 559 268 621 548 190 684 932 659 584 817 407 948 718 329 442 927 655 161 312 686 845 407 895 236 462 682 312 790 40 421 188 862 350 502 959 597 702 740 667 295 397 701 558 84 615 190 896 506 713 961 111 268 552 979 911 661 114 331 467 970 167 535 230 52 188 351 389 706 59 873 110 993 20 261 125 30 598 753 499 202 115 73 955 421 903 467 869 492 640 144 765 108 875 856 960 606 218 610 316 794 127 389 167 703 949 815 292 499 13 876 456 956 573 208 102 171 974 890 35 307 72 785 627 114 341 352 702 278 949 406 418 531 109 932 721 463 530 407 506 857 16 950 111 16 173 845 44 544 436 488 975 221 814 661 412 313 676 852 779 353 950 73 999 20 328 193 330 796 960 117 845 468 791 28 577 596 959 593 481 235 49 668 518 280 752 105 171 328 598 517 770 499 227 845 10 455 68 862 294 564 438 485 779 810 387 419 148 522 81 587 685 623 805 41 1000 564 64 114 304 29 847 875 128 319 411 407 483 771 818 486 844 460 8 442 437 656 994 228 724 326 525 166 179 603 672 101 588 292 938 573 847 347 164 965 422 119 699 359 139 304 923 204 213 408 83 744 972 589 805 199 43 637 691 799 962 539 611 173 143 140 783 764 954 26 558 409 872 815 478 743 464 889 983 873 944 852 151 687 632 720 57 616 839 731 821 952 66 678 157 578 832 547 141 201 405 311 318 687 143 371 582 775 418 530 285 537 870 132 595 968 882 883 163 231 348 22 128 298 782 515 315 661 705 39 301 765 427 453 194 918 801 755 898 638 961 642 320 47 842 399 457 85 40 590 934 446 608 813 556 764 28 302 929 741 761 468 301 228 881 46 173 623 446 130 304 44 851 451 686 719 760 693 919 84 277 695 652 811 564 924 627 648 302 165 837 826 839 958 104 596 974 95 624 52 620 649 261 297 992 142 658 368 108 765 471 925 234 87 326 621 320 730 769 996 733 585 560 75 331 95 584 794 588 943 631 670 279 200 975 863 764 574 159 237 316 510 804 772 873 375 958 489 929 10 393 995 207 546 266 175 606 156 374 937 915 387 764 588 436 451 963 150 169 857 736 874 915 173 388 538 245 57 816 589 902 24 918 501 304 641 518 314 969 165 116 111 411 597 968 372 985 951 819 722 118 928 388 103 584 881 336 106 462 863 253 339 266 565 524 506 176 797 253 12 340 221 588 358 502 338 841 350 548 546 905 805 741 15 883 911 762 595 409 975 531 502 117 789 571 739 67 856 848 964 383 681 740 269 188 817 28 127 785 680 385 908 132 233 334 562 184 9 147 109 169 77 781 862 434 41 689 455 334 971 564 771 640 774 649 729 5 580 225 333 761 135 683 998 103 698 60 622 515 710 683 855 335 162 239 285 816 232 323 260 156 140 917 582 285 720 567 993 401 167 207 185 698 566 317 234 493 719 701 593 675 419 877 332 141 129 835 295 273 103 941 992 738 518 890 786 403 384 560 522 150 791 838 771 976 214 330 85 223 531 119 777 418 57 375 26 245 832 215 260 786 63 763 207 782 820 890 533 517 871 906
50
831 944 184 739 76 402 413 251 632 51 223 4 683 990 657 796 414 670 978 413 127 255 543 610 425 861 966 858 444 909 267 934 160 881 869 893 135 212 946 404 914 856 556 535 849 818 931 537 483 13
661
248 533 555 367 762 810 499 766 69 170 543 617 689 809 748 554 92 942 750 577 630 970 73 869 93 483 323 248 591 776 12 11 340 625 191 56 864 705 161 378 331 637 764 787 27 264 463 253 678 741 359 796 130 849 149 757 108 26 544 197 656 874 338 564 100 37 669 428 612 652 470 964 13 845 557 775 198 453 876 866 634 936 872 619 431 107 401 449 961 447 890 51 271 919 774 994 468 188 501 827 781 35 67 490 479 791 505 282 372 632 532 646 57 935 343 780 763 993 314 782 995 569 841 703 53 892 96 188 257 564 14 124 754 755 202 373 196 711 202 216 548 705 790 23 321 103 712 390 635 426 343 387 64 385 533 863 67 796 965 199 723 285 776 427 824 94 73 858 193 152 31 459 412 457 660 180 101 827 713 413 785 734 402 390 14 44 859 663 840 247 885 193 598 388 344 252 358 342 190 431 9 379 714 924 354 252 725 577 787 141 104 593 568 16 403 930 242 157 182 769 267 802 926 188 677 910 512 645 309 362 875 193 58 135 63 286 202 709 739 296 231 292 527 880 365 479 77 535 591 641 180 713 746 895 313 953 706 981 362 636 403 318 303 450 372 763 963 627 620 703 843 430 299 275 238 811 990 662 802 713 558 310 108 197 869 687 613 794 336 179 872 359 864 457 533 608 125 872 16 406 891 171 849 198 523 253 721 572 867 877 294 539 341 822 23 570 376 501 629 205 369 566 787 896 867 858 269 809 924 988 365 829 134 677 732 463 582 666 569 196 43 988 773 491 582 962 758 692 338 966 364 501 761 141 750 231 687 687 851 475 416 793 851 162 981 235 282 600 112 27 903 367 540 609 375 379 803 531 7 483 606 152 858 93 461 975 883 893 369 871 194 715 25 312 877 31 707 519 551 598 2 364 722 272 368 503 357 663 340 985 344 96 769 363 897 978 747 745 227 357 104 309 982 365 749 37 383 610 313 641 184 521 412 751 216 266 609 207 577 384 82 128 206 170 987 659 363 538 817 9 934 82 968 264 459 127 623 807 348 517 246 882 596 785 157 373 620 879 558 43 630 215 465 716 842 117 207 542 109 562 975 511 322 930 520 236 789 166 855 109 71 644 818 709 62 917 646 575 170 218 513 276 563 807 792 893 831 105 685 473 754 946 31 999 644 478 623 446 531 537 483 991 860 302 181 111 337 323 225 281 255 993 269 328 907 194 852 843 102 637 569 608 548 307 135 224 484 573 170 829 377 529 220 582 144 565 605 20 77 352 435 329 787 194 959 279 604 774 61 984 29 653 884 561 465 23 173 988 514 924 115 781 830 860 380 716 381 162 80 449 786 990 853 795 101 207 680 982 496 403 573 881 521 182 198 283 807 385 19 580 220 22 522 342 461 438 856 126 996 688 406 533 483 745 935 851 441 787 462 691 52 870 209 33 198 758 571 348 575 870 426 560 156 861 276 605 959 637 447 226 82 372 418 714 264 449 269 589 936 946 594
306
832 349 48 322 172 950 245 1 766 983 984 214 436 5 515 406 961 759 318 638 190 45 794 265 70 10 294 338 930 220 235 483 120 824 743 459 454 792 656 721 870 712 191 989 177 715 684 715 536 725 753 113 801 934 272 172 127 116 235 373 937 600 739 124 884 33 123 865 97 253 118 207 924 250 197 158 694 834 14 516 397 572 874 650 48 234 827 315 860 693 728 307 145 34 437 172 540 594 360 120 768 753 528 663 242 572 658 181 567 318 957 589 272 308 894 614 87 375 148 842 758 857 714 544 817 776 961 293 312 125 757 521 536 117 956 222 965 273 994 658 338 58 697 982 905 791 225 419 13 557 175 410 202 309 900 395 737 688 862 343 637 872 187 888 643 166 747 82 517 664 652 522 917 445 714 542 189 272 68 975 97 645 726 844 73 39 786 417 251 336 35 315 950 566 39 525 782 149 291 414 604 310 23 526 362 148 125 308 335 725 473 753 829 85 547 347 944 672 473 77 952 7 587 611 289 835 186 135 737 632 75 857 915 11 772 870 799 166 573 148 884 536 110 592 16 837 258 567 27 211 621 45 816 184 375 910 33 674 953 764 528 214 663 186 823 351 736 212 493 573 30 87 298 471 626 397 205 220 90 6 723 729 61 790 934 940 905 122 700 471 33 249 445 199 906 393 470 183 396 159 710 145 257 961 843 630
12
397 495 184 246 999 409 804 835 845 563 296 473
137
264 891 536 650 475 237 147 782 39 850 33 170 605 624 276 992 868 696 888 703 704 653 346 705 438 424 705 148 99 923 984 917 591 278 436 756 392 85 151 344 421 262 516 782 951 255 654 668 411 873 811 95 722 51 45 53 561 994 732 217 337 372 308 489 95 586 553 787 545 453 992 804 418 163 464 273 947 797 832 514 977 607 423 251 455 193 231 147 143 173 675 786 612 555 190 727 392 258 837 337 745 478 186 217 497 295 582 220 646 150 1000 621 822 404 417 939 584 99 964 779 236 908 620 205 319 577 715 764 127 760 989 426 545 130 686 937 204
969
182 302 510 364 283 504 469 534 317 710 580 801 685 428 84 282 585 284 620 157 525 930 791 481 662 249 654 246 779 949 146 505 38 27 476 709 865 987 405 120 486 293 37 230 615 522 37 629 11 621 976 872 466 279 23 331 324 604 819 833 262 792 215 688 145 82 153 187 515 443 565 563 378 309 204 944 258 282 564 399 969 246 587 896 475 106 589 389 593 890 79 120 820 911 983 305 274 849 420 572 652 765 206 825 480 117 80 967 499 299 20 454 669 425 874 513 133 592 388 623 208 906 416 284 277 685 204 623 46 936 453 460 637 128 313 125 197 255 259 624 792 72 525 414 552 109 295 890 846 81 557 238 600 180 971 377 220 564 125 305 35 340 106 271 983 707 667 360 746 289 758 319 768 594 938 341 270 67 953 130 458 266 70 820 572 51 103 903 592 905 123 981 845 483 950 535 75 57 84 856 759 164 285 631 546 481 124 22 824 760 826 899 999 949 951 382 282 572 316 590 980 991 791 991 991 101 231 256 562 220 121 881 972 275 292 875 438 12 866 779 950 228 130 326 606 788 817 764 888 691 858 130 219 992 700 872 500 464 389 41 494 77 792 350 355 444 907 584 161 245 816 720 808 729 97 722 68 739 19 770 46 563 829 289 22 725 872 41 649 995 972 954 478 608 216 500 772 247 792 55 762 794 750 60 498 346 568 225 861 667 903 47 310 441 343 712 989 759 388 690 810 878 503 569 280 355 153 968 296 651 288 877 365 731 98 752 286 296 999 112 257 256 40 529 904 938 677 206 983 591 41 119 473 362 453 238 626 346 571 999 528 866 612 952 359 84 242 980 464 112 246 779 691 362 158 310 252 192 154 327 702 975 561 750 274 393 880 910 746 364 249 483 822 183 838 496 361 22 532 374 720 357 187 633 140 918 874 540 269 922 662 718 171 833 934 456 732 551 547 173 379 484 438 538 290 652 138 90 319 681 229 681 522 277 400 76 140 91 194 672 667 960 742 405 279 512 31 403 309 332 928 53 77 134 133 179 824 503 120 357 518 282 852 245 743 486 853 777 700 891 388 157 230 736 769 177 417 874 928 901 778 628 680 686 127 950 15 595 948 334 390 367 627 935 286 764 942 294 785 569 664 366 533 366 240 377 979 93 100 608 330 10 622 654 256 422 126 246 447 813 269 732 237 585 887 944 845 215 937 883 552 356 810 625 537 78 28 810 940 982 162 577 338 24 726 260 196 812 296 966 755 285 765 276 804 919 550 255 10 862 466 637 993 185 443 731 638 4 865 806 676 26 257 185 826 970 947 444 5 859 836 261 145 565 845 79 93 308 684 907 213 551 346 586 383 570 425 319 132 550 882 741 286 117 502 922 788 551 236 414 36 956 824 828 414 462 217 896 666 628 543 803 799 420 221 861 398 911 968 105 810 104 125 916 396 816 99 904 17 562 318 133 377 709 249 413 996 785 487 352 738 574 792 90 372 61 462 115 803 130 122 600 340 50 620 244 400 421 627 818 733 651 995 668 488 239 604 10 832 204 524 123 838 382 388 540 841 712 437 239 525 783 64 776 57 987 108 618 354 36 988 541 85 471 477 660 435 111 786 93 954 984 883 194 818 854 289 690 365 645 123 146 487 697 573 156 912 494 762 855 300 680 166 370 909 496 689 951 182 304 219 25 957 308 849 582 491 160 994 795 182 517 942 573 300 763 276 987 13 972 696 513 254 349 767 427 568 127 24 608 28 356 821 157 318 438 34 158 200 899 137 922 835 492 356 505 144 693 20 222 691 769 133 245 396 101 448 624 568 555 52 284 540 567 70 906 536 833 811 254 611 635 9 930 104 57 674 597 454 337 62 334 136 729 660 625 109 281 394 279 514 627 287 790 451 838 366 233 424 461 228 492 521 456 703 40 241 245 24 236 66 634 945 45 206 102 492 186 325 444 337 73 204 271 899 32 747 627 597 123 169 872 679 888 752 792 531 27 67 325 738 526 961 192 915 444 300 446 132 337 613 286 184 396 789 731 722 383 275 367 726 134 241 468 366 462 899 361 722 476 234 185 568 653 47 792 165 260 854 764 554 603 736 872 452 210 30 701 501 500 326 265 751 203 726 759 786 825 593 601 378 429 652 329 791 330 599 101 315 918 260 94 173 2 642 737 957 85 199 545 757 222 309 278 398 161 358 906 936
167
828 950 454 369 922 193 755 121 107 86 830 920 626 919 940 836 300 664 608 843 175 522 762 576 374 63 740 632 418 932 380 805 608 988 571 83 648 585 628 195 60 355 507 409 527 368 213 193 885 669 952 550 868 94 724 437 597 238 930 897 512 966 273 165 97 95 967 290 940 780 952 649 968 649 595 654 301 463 470 607 762 8 658 137 677 872 823 371 336 556 206 176 1000 837 297 172 68 194 775 335 157 131 122 675 392 709 106 482 828 573 725 267 566 501 782 595 677 301 923 902 976 431 478 341 705 176 36 257 933 525 984 858 147 265 356 380 909 273 269 213 94 857 626 596 353 444 934 55 43 656 232 554 815 565 400 43 655 353 626 365 31 431 699 519 474 594 879
627
262 343 292 295 326 773 233 90 345 16 811 121 557 137 862 318 486 551 549 324 257 740 536 137 678 58 785 437 282 370 971 347 59 339 950 251 409 142 897 404 156 354 94 880 782 785 633 87 620 612 32 615 10 798 491 20 473 601 480 305 320 914 348 179 717 939 628 840 384 984 221 23 416 247 734 268 817 502 662 134 49 743 874 707 499 859 750 890 820 494 213 405 163 881 846 723 702 488 209 867 595 297 928 130 461 826 530 825 85 7 666 934 343 183 685 889 367 698 307 4 457 913 440 378 211 723 467 524 860 940 830 717 900 873 963 363 350 629 640 751 526 348 753 607 640 331 859 750 827 669 987 75 712 462 591 257 911 2 912 949 32 283 433 399 79 219 219 226 893 383 675 638 168 323 554 10 908 267 996 323 924 268 35 182 432 370 448 672 820 330 699 37 89 820 376 385 151 532 968 929 945 103 444 712 241 302 6 996 834 273 450 303 994 566 331 822 371 491 71 818 630 780 152 798 335 261 205 529 916 695 816 655 345 239 596 797 669 795 331 414 66 438 614 313 599 35 168 141 144 495 581 621 403 72 188 645 629 862 531 381 227 108 507 546 598 352 357 250 1 335 301 921 686 769 491 474 58 926 842 272 647 179 210 71 207 308 849 42 484 764 964 999 324 486 441 275 360 604 182 827 514 354 42 267 781 791 412 835 266 368 509 352 704 926 346 33 221 564 810 821 468 347 679 530 819 490 207 663 953 71 636 142 947 200 832 151 866 694 440 170 334 311 154 502 557 750 621 22 408 629 110 372 475 902 563 887 468 198 202 212 309 193 291 18 530 641 50 514 46 977 92 193 253 135 147 508 556 4 358 407 914 727 708 554 311 363 259 437 537 367 483 349 214 768 574 46 85 581 985 190 241 365 177 363 317 319 551 854 397 77 80 153 948 512 828 137 521 66 687 261 648 859 432 879 171 67 803 946 926 525 102 248 933 417 740 411 860 743 757 678 434 76 723 99 805 882 209 815 117 876 372 233 467 922 599 946 600 440 299 813 748 795 536 375 481 402 73 558 233 812 62 967 706 717 841 770 947 609 917 309 309 844 177 919 653 156 315 213 469 751 15 496 892 481 93 577 794 182 253 875 580 922 82 727 704 861 724 341 862 162 840 701 118 987 204 650 486 665 942 542 922 763 949 638 473 418 196 555 771 468 534 1 306 102 515 255 28 530 529 357 589 425 459 244 578 225 56 67 237 837 582 703 925 435 621 99 500 69 580 978 577 774 555 927 193 251 834 887 554 893 113 817 855 644 662 308 484 153 211 329 452 207 499 149 501 796 526 161 894 324 673 518 901 160 134 848 876 362 416 355 9 394 569 330 211 698 90 375 222 304 121 938 163 972 311 217 911 786 807 862 694 73 843 662 694 600 766
5
439 242 168 695 628
903
143 732 759 404 176 720 818 338 198 900 664 625 771 989 493 502 883 132 598 486 320 151 490 580 475 569 879 244 115 830 441 802 140 576 495 948 719 1 923 672 552 642 38 616 892 649 535 925 216 411 290 350 672 949 637 977 445 552 937 471 952 587 461 816 981 916 351 551 364 272 675 150 218 3 221 167 998 904 313 566 670 577 929 598 179 424 255 724 618 726 645 235 55 398 678 726 399 688 204 641 481 907 535 598 792 369 481 760 426 842 364 219 153 981 953 910 468 912 464 178 907 511 878 960 267 577 680 271 355 98 78 598 431 998 869 487 663 65 323 693 487 256 994 943 907 912 959 379 314 424 86 759 267 955 1000 601 396 269 580 347 730 466 371 329 981 452 166 394 442 654 76 686 958 887 597 492 650 185 747 15 507 413 918 529 533 262 881 924 212 238 582 209 127 292 926 702 549 927 570 787 927 774 899 186 523 693 224 128 433 3 45 50 266 537 647 793 404 883 669 594 766 122 608 969 763 402 255 368 830 589 390 853 41 598 213 308 532 801 280 821 352 120 222 183 806 912 426 737 710 684 828 242 693 116 813 105 496 101 563 836 75 177 155 915 469 159 900 449 849 312 673 768 144 404 435 798 136 261 671 440 350 57 940 508 639 507 900 850 72 814 847 162 917 565 385 224 601 554 805 120 718 838 829 838 467 180 805 235 746 364 619 907 231 734 335 476 935 510 795 626 143 101 753 285 52 284 93 638 135 607 27 76 516 749 857 778 466 202 582 405 458 9 342 121 567 513 492 169 831 567 303 799 484 647 566 347 184 398 163 604 404 981 164 461 746 369 303 327 684 239 904 961 503 157 326 471 273 751 778 144 431 326 956 386 726 847 376 613 972 149 902 935 880 49 464 486 581 658 311 466 224 977 732 370 924 548 495 720 909 106 649 328 825 986 792 431 881 657 165 616 48 2 95 289 449 613 411 96 75 736 668 962 969 162 971 129 141 434 132 301 330 951 263 578 881 460 380 506 280 17 207 543 627 527 686 166 32 648 106 504 787 181 792 672 383 652 967 763 687 738 136 729 257 272 232 331 863 334 651 989 925 799 73 884 651 158 819 599 660 753 361 610 486 823 466 693 551 68 837 500 237 457 634 164 294 510 461 478 460 468 911 352 75 560 636 210 355 375 220 134 794 776 757 726 431 707 417 598 106 490 52 439 940 134 907 934 215 650 891 73 121 647 824 235 749 889 335 923 449 866 476 868 530 660 889 619 880 543 327 269 503 233 633 630 708 68 747 187 430 133 289 380 755 699 705 389 428 614 215 882 847 743 7 605 625 517 550 87 11 940 736 253 702 758 809 754 667 87 839 195 213 858 934 116 419 922 472 253 741 706 230 964 276 485 901 223 906 408 163 306 329 535 481 70 46 990 536 445 232 514 325 46 560 787 172 278 459 401 620 599 380 576 934 637 885 521 401 741 279 542 978 672 669 752 681 618 786 306 347 467 938 299 233 854 292 874 806 754 950 861 430 544 292 450 878 594 581 756 654 436 226 419 834 814 295 367 931 42 985 742 734 868 541 887 17 936 703 670 639 68 952 763 899 672 9 787 415 791 416 439 10 193 594 159 176 568 759 10 413 153 950 993 720 825 988 202 766 821 103 507 344 866 527 578 271 427 830 472 954 127 25 640 356 499 633 853 316 465 74 490 895 802 516 793 786 458 23 372 937 188 801 761 140 451 902 629 842 948 464 159 929 87 309 305 533 113 912 659 254 732 949 407 157 633 9 699 222 35 920 206 265 728 481 921 132 372 140 586 963 479 283 733 777 60 165 315 654 33 815 119 534 742 222 530 120 202 876 366 980 113 833 830 977 395 525 53 147 990 394 118 716 332 232 668 834 196 409 828 521 739 374 664 573 108 97 806 63 681 788 244 131 273 957 132 324 956 729 977 321 366 293 259 439 598 415 980 295 72 763 351 957 969 547 85 897 883 334 482 615 972 535 609 148 66 190 576 432 473 671 324 481 153 209 145 664 765 165 296 468 256 802 897 913
701
931 736 726 469 99 906 564 137 867 763 705 822 381 531 370 600 172 757 802 40 361 59 419 223 489 438 819 726 659 860 796 347 629 648 651 955 703 28 474 307 267 878 493 315 167 334 648 755 362 784 402 637 609 194 966 661 93 973 399 384 137 159 324 759 951 64 11 336 771 208 902 108 346 707 362 218 576 301 713 747 487 710 835 244 42 52 348 472 843 788 206 986 596 694 812 602 165 45 402 982 946 220 241 497 168 259 438 94 888 524 220 765 790 751 257 375 31 558 692 22 208 980 394 348 207 414 973 136 592 56 112 659 173 468 791 416 23 93 983 205 336 544 74 57 137 834 266 507 949 15 376 969 421 674 863 132 662 954 759 497 145 124 131 996 890 671 833 908 892 931 774 356 887 75 870 685 101 49 893 919 71 536 438 214 505 337 984 264 453 779 977 346 727 509 268 182 442 689 286 79 505 219 509 57 160 751 165 900 620 436 679 581 973 11 729 246 687 630 47 777 309 119 895 850 513 526 563 393 23 986 44 481 831 538 438 368 205 554 427 290 660 460 634 584 413 908 156 807 843 574 146 766 635 193 815 942 206 726 444 533 799 630 918 651 7 231 274 267 808 346 796 809 472 878 391 788 492 120 757 537 524 554 637 897 451 608 332 949 128 618 280 232 452 561 548 721 23 214 348 615 480 86 873 233 60 639 558 786 410 320 599 1 28 244 701 699 160 674 744 354 199 327 245 845 245 677 202 910 266 503 825 96 199 253 460 18 817 168 183 537 901 426 735 612 811 107 434 533 444 272 434 449 454 537 117 853 328 867 14 604 136 439 646 2 17 392 606 321 157 951 139 573 532 926 982 489 490 214 774 405 667 896 707 868 937 672 555 484 252 863 663 527 577 787 963 695 121 772 583 23 135 837 121 896 776 635 479 763 174 638 318 683 954 553 207 244 66 854 817 119 626 541 725 817 953 752 941 65 499 241 288 894 490 858 63 319 969 358 783 94 29 965 662 787 915 974 635 998 423 845 244 234 851 287 476 448 551 199 496 199 68 41 516 559 175 215 660 858 664 274 987 449 820 710 524 474 256 484 365 462 80 560 729 589 470 962 22 398 246 540 152 962 781 11 261 740 409 844 580 58 620 763 366 999 439 196 942 939 553 669 791 17 164 676 709 354 638 354 102 358 622 926 389 55 305 533 417 611 560 901 850 376 187 584 822 479 548 815 23 164 952 657 385 426 728 369 715 30 117 104 504 150 811 187 604 449 684 700 134 612 982 511 978 424 73 774 296 690 509 289 479 192 902 706 372 152 364 163 672 620 651 188 560 704 552 234 380 295 656 137 776 74 964 696 845 78 39 797 395 177 818 26 42 549 428 978 431 179 945 74 467 845 676 58 124 465 118 704 435 364 10 904 747 948 996 951 230 285 552 738 385 815 601 693 600 42 176 886 880 551 455 794 781 201 787 7 128 505 966 407 679 789 736 178 462 446 380 959 852 998 733 184 33 712 740 980 503 647 347 715 748 922 884 526 792 530 958 438 707 520 153 272 291 880 712 593 157 242 346 915 1000 71 147 183 11 574 297 776 959 932 416
853
474 249 613 679 898 464 528 527 111 123 163 759 351 863 642 496 723 427 510 316 562 492 401 185 106 376 132 934 247 205 885 627 172 488 497 38 215 5 774 107 629 694 60 98 983 999 536 319 423 856 452 22 657 314 90 866 884 123 208 230 601 2 852 860 755 228 963 751 12 360 462 409 671 590 1 497 11 748 154 78 349 312 756 454 925 837 453 268 104 717 561 179 949 544 708 936 902 504 879 135 665 779 869 880 661 515 212 791 784 267 143 139 444 442 958 665 423 698 493 408 710 525 688 701 850 261 306 326 97 292 451 131 213 867 496 414 694 127 6 438 335 394 476 583 745 726 123 856 447 353 149 504 594 88 808 572 429 752 235 16 434 538 988 575 121 125 663 432 793 565 8 419 412 539 390 865 723 845 852 520 251 906 882 115 118 799 55 858 581 318 501 660 824 348 371 47 410 873 25 933 309 151 93 117 694 537 697 96 44 510 929 437 734 935 410 691 208 199 822 984 114 578 9 192 965 384 992 394 705 628 596 934 823 335 437 696 536 160 393 672 730 83 142 420 405 705 568 422 198 556 191 806 700 641 948 833 242 757 778 842 533 706 438 302 427 990 776 222 779 94 58 834 542 843 560 66 407 878 233 951 653 54 602 602 61 383 10 479 860 994 792 725 405 270 709 124 83 658 717 222 86 30 41 463 834 976 376 472 351 616 76 7 178 545 885 467 243 597 873 106 502 13 400 764 532 62 763 822 517 477 96 483 869 633 553 808 418 385 180 303 519 504 268 544 155 666 658 297 954 890 235 554 922 553 880 285 394 607 65 211 748 914 562 985 539 99 534 361 491 736 343 581 783 206 917 53 353 650 590 879 614 526 951 780 111 918 993 361 627 641 397 491 1000 589 103 379 559 901 827 366 70 637 291 800 694 772 898 484 848 488 507 380 881 780 76 662 942 317 735 781 75 16 132 946 558 914 820 728 43 965 289 191 370 586 346 821 941 686 337 468 6 976 296 13 906 833 832 507 919 502 212 676 660 774 347 359 880 302 748 689 103 880 565 837 997 480 769 948 729 47 230 199 627 709 755 49 137 408 513 777 782 80 259 735 301 432 539 652 805 384 751 156 590 202 303 238 340 558 849 44 229 41 640 116 873 184 191 304 509 833 949 919 392 122 84 418 764 152 468 782 360 838 872 58 996 921 138 834 111 827 259 215 551 226 609 667 905 156 806 280 389 861 669 866 616 405 242 318 558 648 420 555 728 115 368 736 589 831 993 440 701 443 193 58 122 82 939 91 258 545 51 81 87 662 752 82 795 118 302 774 508 125 804 321 670 978 286 983 56 329 405 74 727 866 197 424 289 221 771 663 980 625 221 649 650 112 547 563 194 228 306 282 40 488 129 602 584 423 494 254 977 575 411 65 171 416 368 588 224 932 702 137 913 605 60 621 465 701 587 546 947 640 570 666 550 779 519 479 534 165 470 520 914 936 47 302 630 39 644 819 104 702 36 824 716 98 197 678 679 945 965 517 229 586 236 425 823 313 94 515 10 115 134 655 330 246 490 291 241 59 271 893 328 326 231 104 965 970 264 438 392 300 848 766 129 2 716 228 290 894 671 613 828 151 566 471 762 728 375 369 286 203 362 860 696 217 987 455 444 828 41 921 202 511 499 435 24 621 672 480 704 275 813 335 872 649 532 181 266 587 759 167 555 947 31 761 988 420 870 805 738 768 319 424 527 404 365 613 397 414 315 445 415 9 169 255 808 35 414 448 947 602 138 99 469 774 206 704 273 486 351 319 707 313 435 609 57 902 563 830 763 830 514 553 185 302 711 858 585 755 718 479 500 80 598 33 980 222 954 828 620 376 862 297 443 548 265 749 773 458 318 157 68 123 303 741 417 936 408 324 49 542 930 39 287 157 147 846 624 243 861 124 59
756
486 893 291 860 384 895 721 55 93 26 297 306 684 663 906 518 772 918 371 343 694 388 579 662 281 834 694 181 837 380 869 321 929 96 96 117 597 492 286 972 176 65 815 888 178 71 978 272 973 350 991 107 937 861 759 638 976 537 526 19 653 639 558 620 382 987 342 508 359 585 316 782 205 483 942 260 778 508 654 866 34 404 614 491 744 282 565 116 288 263 290 319 689 723 70 971 306 508 118 583 55 526 276 53 914 746 160 218 616 274 847 808 63 318 697 111 566 94 859 784 460 420 999 795 331 704 666 990 119 831 434 747 466 459 980 558 464 488 530 416 989 724 926 997 724 120 324 919 892 968 484 220 13 651 932 146 889 180 791 860 868 595 1 311 321 846 581 166 403 879 79 142 197 872 723 487 84 231 772 127 779 179 24 915 644 243 701 727 133 604 772 272 732 340 982 959 408 477 705 502 179 894 583 890 344 641 381 913 400 899 519 702 696 648 969 695 773 766 23 937 425 944 411 118 591 323 363 65 991 159 628 368 480 987 396 492 729 386 394 566 795 300 314 577 392 380 819 121 372 185 21 413 74 915 387 287 331 85 465 449 707 101 330 451 361 118 840 280 314 732 765 921 397 669 454 221 467 307 152 38 792 535 151 453 669 345 355 920 913 959 481 506 739 667 838 346 245 925 656 193 195 778 272 353 692 139 197 73 269 775 875 489 233 912 607 721 659 256 692 241 777 885 684 687 212 996 637 928 216 313 518 382 136 968 731 560 184 118 400 285 995 572 516 109 61 93 77 910 400 420 642 541 48 254 39 536 673 178 785 579 2 760 251 453 762 880 132 708 430 772 323 80 711 165 203 874 597 60 133 630 391 430 693 187 375 563 635 564 528 577 997 397 542 678 22 631 133 215 705 680 355 161 384 918 481 935 392 498 968 337 64 187 389 577 168 364 329 868 130 10 855 162 604 54 690 976 764 510 313 151 111 245 643 433 659 167 29 854 289 313 130 103 696 907 359 502 841 290 443 337 553 175 484 629 425 790 408 72 297 369 438 447 452 103 821 868 554 627 562 110 232 231 385 565 892 219 547 260 867 484 334 67 316 904 952 233 356 591 553 545 137 685 961 77 643 269 769 314 970 494 128 155 287 287 969 248 276 764 936 263 179 747 271 594 864 5 546 208 949 105 815 762 932 462 401 429 685 573 518 744 839 657 878 971 802 882 973 374 581 766 209 946 450 851 782 792 584 6 288 757 140 966 463 546 263 553 577 545 597 254 732 665 272 619 976 711 579 886 926 444 219 346 78 783 280 947 700 552 835 477 581 20 782 662 206 286 446 431 731 276 685 545 125 938 594 813 786 627 655 894 466 903 764 448 277 963 574 579 64 879 604 939 692 413 537 761 717 159 617 266 679 270 822 941 211 825 867 788 99 337 658 538 493 266 255 642 975 694 192 655 905 226 234 100 514 376 269 566 838 434 404 915 681 18 918 852 761 393 349 254 587 263 883 684 383 108 556 704 332 238 903 928 580 679 132 745 195 251 624 303 703 733 657 911 614 248 772 763 454 915 604 900 63 721 973 813 968 719 742 771 376 231 688 759 235 156 203 582 548 368 934 801 445 195 706 975 630 402 507 393 798 780 416 238 735 695 182 196 972 764 243 902 883 593 721 416 246 36 694 150 402 807 641 568 152 183 318 122 878 588 278 326 935 818 427 266
738
454 847 486 691 247 422 519 582 501 893 467 225 340 858 28 891 21 832 769 601 312 867 567 783 174 442 892 576 234 82 710 367 905 13 767 793 398 176 662 866 804 607 480 120 990 708 380 32 404 745 507 525 516 117 682 802 130 350 708 154 296 783 399 157 63 8 306 86 732 676 714 112 405 200 630 226 923 807 691 765 670 813 964 277 486 724 927 50 427 730 607 24 597 296 726 610 778 78 808 851 480 131 301 925 198 876 148 777 347 961 396 86 458 951 131 12 209 860 144 417 492 875 71 270 729 357 581 55 744 691 237 348 742 912 314 710 283 508 242 501 108 648 360 381 937 313 591 120 332 896 148 895 156 827 248 692 758 508 215 979 161 224 124 477 767 553 694 959 540 631 64 991 882 914 168 852 700 513 66 874 762 119 590 356 288 854 577 352 334 552 320 622 926 903 543 170 191 198 471 842 566 917 722 788 12 805 718 485 475 873 433 524 731 686 225 999 907 969 902 26 857 509 785 630 690 105 64 937 316 479 534 408 466 84 658 352 235 404 709 389 391 330 558 970 199 417 109 912 55 657 72 751 992 837 599 999 229 373 947 959 708 861 339 157 160 700 63 498 251 906 42 707 422 563 616 821 170 426 180 17 109 754 77 515 588 574 440 78 223 668 15 578 397 223 224 42 908 370 267 429 156 558 136 581 113 870 69 539 112 357 230 718 701 882 809 537 901 496 547 183 913 209 621 29 109 358 116 635 624 545 837 527 906 366 626 197 583 221 251 143 599 38 717 47 5 906 957 581 516 370 306 418 222 363 273 394 693 444 68 20 536 502 298 788 316 967 695 168 933 596 91 76 493 219 979 804 852 678 881 493 7 405 158 698 571 986 402 49 423 807 299 122 346 732 773 401 796 198 520 870 960 555 529 345 86 738 427 511 685 483 576 477 378 817 594 271 137 148 302 920 706 923 956 454 335 583 151 705 763 208 613 113 97 173 958 948 242 397 809 18 513 897 715 122 228 804 63 402 620 898 550 870 313 493 487 793 198 112 491 69 401 239 311 178 932 753 34 538 439 664 776 862 339 723 960 367 225 98 659 128 311 32 68 673 350 480 342 885 833 217 364 475 750 645 334 759 94 156 289 273 436 980 218 777 773 416 380 783 143 70 100 209 830 653 112 235 374 108 826 981 5 481 377 815 321 825 666 230 640 732 617 288 253 901 871 398 648 412 860 814 216 810 954 976 73 230 7 721 504 323 761 455 506 661 465 311 15 375 520 865 977 85 712 884 787 387 192 418 935 420 49 676 531 322 370 432 139 515 886 823 379 893 126 285 96 807 61 973 765 298 26 158 754 296 248 680 264 408 352 775 274 888 793 45 512 751 787 605 66 320 412 965 461 415 990 553 470 171 936 733 698 683 47 275 339 502 931 123 751 374 329 312 882 358 358 737 564 607 179 577 710 232 718 342 357 967 19 958 405 653 474 315 436 847 459 3 74 568 713 35 190 627 404 697 967 367 356 725 441 253 714 685 600 163 825 343 91 378 652 764 990 818 473 153 142 497 467 852 43 564 864 806 306 721 549 994 921 639 487 193 301 695 210 497 833 713 218 446 743 5 87 392 733 571 556 80 377 779 56 684 562 541 325 703 454 514 613 388 320 234 949 541 654 178 753 541 518 14
997
683 693 184 258 337 742 865 26 590 161 788 457 708 37 346 937 284 532 343 226 10 569 235 311 273 635 793 795 877 49 809 25 903 807 798 68 702 19 206 92 144 429 621 20 625 308 574 479 195 553 788 482 774 379 108 590 394 388 376 389 845 56 982 100 657 700 901 911 966 731 571 623 122 604 193 677 946 200 513 403 896 979 764 139 938 198 29 784 218 748 302 353 380 673 461 783 81 164 38 686 785 824 852 174 883 73 329 164 790 394 931 676 644 318 806 943 501 514 748 190 107 485 742 13 175 609 921 233 590 632 62 945 318 884 316 785 886 646 607 185 85 337 662 503 310 669 106 908 851 780 253 441 723 99 394 436 756 577 427 145 529 155 417 206 961 578 106 142 175 411 595 409 801 515 964 111 733 872 188 508 302 864 757 537 281 464 460 914 883 855 267 214 422 75 6 955 254 218 861 298 30 664 988 354 930 169 367 800 995 921 755 973 47 86 81 122 353 421 594 714 297 475 288 814 617 254 588 413 129 516 339 62 282 619 658 333 452 928 756 202 666 289 841 544 996 455 194 709 922 967 818 862 16 495 156 42 412 621 831 80 14 807 909 27 598 429 410 585 758 441 356 480 699 502 500 747 694 138 851 216 271 61 638 248 327 179 439 505 496 980 632 258 454 733 307 965 344 938 38 220 852 849 915 507 806 187 680 133 315 126 213 889 256 34 944 1000 55 834 798 552 809 71 233 931 206 270 531 865 461 737 184 608 77 636 104 523 450 833 440 112 629 742 944 78 180 718 579 309 587 571 725 137 787 401 255 32 932 454 245 46 971 719 383 621 478 147 134 146 318 765 19 980 420 636 926 949 77 496 913 999 699 815 781 813 126 564 194 303 559 742 389 721 405 283 524 717 942 471 488 714 941 330 628 579 623 995 858 976 262 435 859 990 575 175 863 952 327 713 735 809 241 938 787 279 710 871 494 625 255 963 834 779 996 661 242 351 86 561 391 799 354 952 65 357 129 409 304 823 486 497 573 170 57 974 83 661 260 887 276 115 456 24 467 882 283 148 925 77 351 941 633 100 43 297 491 674 741 594 827 314 901 440 163 545 67 264 806 134 729 360 910 275 532 485 741 886 731 568 101 179 767 357 466 773 896 911 4 646 339 789 295 453 871 648 677 513 153 639 305 82 264 729 284 66 142 509 883 297 533 961 937 577 992 396 634 707 70 343 322 984 422 963 516 770 502 707 553 318 107 982 903 539 641 321 10 884 379 758 184 697 964 590 37 122 252 233 576 817 740 264 99 919 549 251 718 302 272 969 494 644 369 189 499 33 483 408 599 682 259 251 411 903 950 560 6 907 691 602 122 662 530 624 158 340 494 700 684 367 272 525 272 903 589 502 14 885 893 148 74 963 456 112 578 685 126 787 462 817 452 625 582 522 79 767 634 782 643 851 195 887 63 986 235 797 285 791 340 746 767 831 57 575 393 945 966 965 526 251 397 144 921 546 606 526 40 901 861 842 746 16 513 435 639 255 726 862 892 71 968 256 341 146 975 599 171 119 446 829 958 160 858 916 450 272 806 895 214 862 436 820 81 754 377 220 393 947 131 658 708 291 308 924 826 445 491 211 257 316 27 866 707 173 892 130 523 161 533 89 243 135 601 769 945 888 525 329 933 267 206 733 783 522 293 898 714 316 752 948 906 939 332 419 118 134 219 879 887 488 260 245 425 823 407 926 808 803 250 623 342 254 909 166 669 431 937 667 284 396 403 679 986 777 438 143 911 928 766 110 807 492 212 65 699 319 300 838 329 445 879 940 223 201 405 880 893 328 762 879 680 947 210 291 523 192 143 227 96 717 561 269 164 70 372 836 636 711 534 957 726 930 156 451 742 199 221 154 996 889 515 842 541 800 856 636 293 681 521 493 729 328 437 564 478 588 583 280 749 857 532 453 369 153 77 501 166 486 568 879 129 814 865 361 263 352 19 324 239 538 48 301 784 844 274 525 416 581 34 257 870 956 361 308 724 322 470 228 986 464 514 801 639 477 776 700 144 1 545 343 853 949 806 171 553 924 203 492 172 627 447 614 710 87 712 970 466 627 444 696 908 811 949 942 672 924 103 949 119 836 632 557 522 242 480 741 891 23 294 168 104 372 154 293 196 471 735 165 502 398 60 870 264 576 726 430 654 146 145 302 502 180 360 110 561 362 432 385 200 165 945 696 851 715 636 372 204 231 893 806 967 640 985 832 579 544 968 510 210
418
196 608 157 788 459 56 112 60 512 691 139 258 464 467 538 286 370 99 538 877 258 617 276 526 149 269 808 117 37 694 35 848 916 20 668 430 815 801 204 899 404 877 19 160 811 955 364 809 625 970 818 143 857 503 892 741 849 645 937 100 598 474 513 902 675 737 173 440 425 884 455 586 710 278 402 99 500 987 813 689 852 449 485 807 962 899 454 780 755 137 367 93 82 648 849 470 611 964 105 233 695 91 896 329 162 198 259 782 570 988 27 983 184 911 613 491 833 652 259 361 278 530 495 392 710 426 504 74 549 847 519 796 169 510 611 460 508 971 523 54 212 401 791 345 466 858 246 255 634 310 951 397 189 673 608 156 40 141 281 519 215 359 190 431 420 554 108 262 567 526 373 96 194 781 72 11 400 28 910 943 505 955 402 739 241 722 917 104 351 48 416 626 93 262 887 229 936 262 149 182 507 183 958 484 441 525 748 652 455 456 432 333 165 131 649 272 480 278 649 264 860 131 263 592 171 620 654 298 396 161 469 657 591 715 785 417 35 680 982 912 679 788 29 772 139 310 484 883 664 993 484 786 107 121 798 307 628 146 385 895 56 655 793 26 158 392 413 562 292 915 296 639 19 363 996 165 864 740 138 343 427 775 708 411 109 780 200 688 324 350 468 554 505 830 22 395 329 934 120 796 909 203 911 908 82 920 211 221 364 138 608 368 595 398 894 633 970 776 375 773 666 451 937 774 534 44 187 697 747 633 29 993 178 986 543 818 139 971 972 932 914 268 210 498 923 112 833 244 233 954 85 752 377 411 511 26 327 27 822 905 971 19 111 622 678 557 801 727 365 618 6 632 483 992 969 595 304 266 173 909 926 275 979 610 422 458 388 906 750 528 448 285 186 404 328 435 737 369 989 440 112 526 600 993 475 238 377 621 199 132 490 772 459 473 310 739 541 511
252
925 875 29 394 737 530 558 91 61 534 97 819 713 750 869 708 176 1000 685 5 55 710 528 715 870 544 216 39 143 760 51 400 422 447 52 72 64 992 536 246 51 655 378 446 853 954 380 339 988 241 354 190 451 229 716 45 761 881 333 158 807 418 869 861 990 796 289 646 893 72 202 272 984 328 450 565 627 428 538 378 246 1 360 58 604 206 362 488 508 352 622 761 562 705 676 391 546 250 849 261 578 403 996 376 883 1 960 483 411 580 574 246 990 343 508 401 504 708 927 363 279 725 158 287 611 666 92 76 727 457 237 977 894 624 223 35 510 670 230 817 507 808 961 474 883 294 540 778 734 451 716 417 287 672 743 141 100 226 151 776 981 975 469 522 987 732 514 59 771 908 960 666 570 665 784 306 202 764 507 683 58 651 201 441 620 541 242 89 318 654 182 251 566 411 126 52 497 617 199 368 721 521 921 351 849 672 122 204 946 830 943 217 343 556 421 832 902 638 282 220 75 852 661 501 626 560 799 937 284 75 193 115 962 450 842 358 674 827 809 639 704 871 823 241 953 764 507 57 513 658 370 638
254
359 496 849 757 336 17 624 643 803 207 700 793 778 195 829 192 945 153 199 387 262 25 408 364 264 342 809 425 151 194 68 582 185 976 12 846 490 369 899 51 665 929 961 902 810 326 125 301 96 642 301 368 839 387 851 454 516 366 673 73 98 888 481 169 609 805 689 331 926 962 552 496 775 291 469 877 297 414 939 573 335 186 309 156 503 699 392 905 961 634 327 380 313 47 428 944 183 231 687 495 743 516 653 988 734 333 765 79 606 729 8 659 112 11 574 301 252 490 305 556 924 72 850 71 223 627 292 286 411 286 628 760 137 255 397 140 27 934 687 937 793 974 175 758 773 433 749 94 578 431 696 260 197 595 958 963 274 440 43 76 198 611 620 945 832 121 104 218 923 581 776 898 640 422 333 90 198 551 776 548 725 679 356 655 457 839 683 118 923 911 762 109 925 353 735 399 355 388 59 29 259 797 369 899 803 890 406 558 691 400 896 165 486 49 960 73 533 449 555 930 489 885 279 49 417 443 164 373 68 680 997 674 113 759 379 764 751 985 291 532 556 727 128 120 315 622 324 864 696 939 926 661 181 165
686
381 149 33 285 854 219 40 838 471 145 725 236 227 694 576 869 966 689 373 53 143 857 223 181 303 918 681 870 716 300 518 353 900 172 960 115 464 476 718 820 715 617 885 144 993 798 922 459 41 705 47 743 574 7 759 556 318 448 874 824 960 453 681 478 304 478 319 165 211 330 245 921 106 259 919 586 225 740 195 298 14 75 211 551 687 915 196 963 847 714 126 316 130 956 175 622 971 197 882 313 713 49 355 267 956 298 491 775 299 390 885 92 209 627 632 415 522 628 288 655 727 823 940 499 488 290 625 421 822 681 971 663 548 757 527 282 322 555 811 844 387 225 276 87 266 262 676 533 784 471 645 330 54 789 282 468 812 461 630 129 471 770 120 875 981 329 186 103 724 419 740 266 156 825 656 658 404 511 866 932 739 315 950 777 173 850 590 459 328 879 499 934 649 270 869 271 765 832 398 864 172 67 343 597 449 709 671 270 996 299 137 763 768 67 649 641 618 383 398 574 478 450 528 581 90 696 703 788 209 46 971 635 687 832 661 139 946 208 763 759 493 978 178 507 43 191 113 494 605 455 329 14 555 101 198 694 503 660 198 516 976 988 918 735 464 474 936 576 249 776 880 381 596 815 263 620 589 587 841 562 547 835 323 739 988 149 75 500 192 939 57 248 209 263 102 432 903 508 744 98 787 193 533 598 336 897 990 939 714 268 491 955 713 195 729 169 765 715 115 483 266 527 493 489 22 641 820 523 818 570 647 740 833 485 215 607 836 234 316 958 705 751 139 476 414 318 453 3 26 163 400 419 834 173 449 449 447 376 537 845 274 454 275 992 408 317 737 37 625 491 108 111 120 442 401 728 768 323 598 451 42 754 596 544 386 127 1 259 138 901 400 634 712 399 352 103 509 403 996 420 409 962 638 125 775 425 845 358 459 642 116 47 720 604 85 735 365 293 209 84 207 423 843 180 991 301 454 327 305 136 701 214 139 310 124 639 792 529 757 863 254 193 934 860 449 539 766 818 614 3 254 470 100 690 84 215 149 724 556 694 623 782 489 10 436 915 527 999 197 987 217 339 924 737 489 510 610 146 941 347 102 353 221 108 268 186 810 414 416 875 890 116 825 701 831 974 669 758 342 497 887 534 244 489 547 164 749 876 416 573 167 359 238 276 871 790 777 422 76 447 723 873 535 637 685 387 378 124 628 918 954 198 432 119 117 6 23 779 746 136 858 310 166 943 928 640 678 309 757 762 726 726 810 824 852 417 31 782 901 896 562 639 432 523 124 534 605 922 807 406 885 823 88 374 20 919 30 502 625 509 317 335 665 322 387 769 132 185 726 878 311 940 346 444 356 635 663 937 336 544 73 868 26 298 449 734 704 172 505 410 480 903 58 587 124 413 208 541 622 691 43 235 15 252 35 550 49 867 911 732 518 180 366 85 455 380 880 825 169 184 751 622 514 758 22 261 173 911 126 696 754 11 109 998 933 681 668 289 693 723 847 210 805 726 795 293 834 273 495 26 374 751 368 45 821 334 618 25 120 194 115 903 844 862 345 276
785
85 220 158 633 844 35 642 776 507 860 462 750 814 129 15 529 777 366 922 616 920 486 456 878 309 184 441 818 867 499 955 677 282 686 177 642 344 381 211 165 49 401 903 811 5 706 587 416 168 826 703 667 458 229 508 242 667 815 601 524 70 341 152 666 770 615 542 658 220 550 179 452 912 700 773 87 392 402 729 533 757 364 464 565 692 109 798 830 222 538 262 466 131 932 601 236 813 616 544 710 894 463 762 995 971 367 239 837 896 797 565 122 97 999 980 807 438 670 986 191 395 126 919 724 365 491 488 422 494 353 557 690 812 636 514 531 10 85 575 897 455 565 426 679 992 115 311 869 298 699 665 350 432 825 140 991 308 65 32 104 671 93 850 140 422 402 226 367 435 921 237 365 136 647 868 663 301 713 443 575 897 799 903 722 117 595 991 648 147 293 543 985 174 913 470 481 303 691 29 416 671 723 663 655 235 915 871 230 996 14 948 609 409 848 713 481 915 782 217 819 35 592 969 478 104 324 713 887 668 933 743 456 693 915 85 951 572 912 765 870 387 895 778 595 931 796 651 440 222 13 358 463 191 825 23 629 579 880 978 885 785 191 383 551 389 646 891 463 681 643 837 568 456 22 934 611 284 1000 763 183 280 501 496 661 81 321 890 344 758 84 1000 737 831 778 882 978 881 437 224 315 479 637 872 664 157 622 682 405 955 764 576 624 120 999 519 507 950 624 573 985 614 878 590 877 526 923 143 445 181 757 987 171 812 499 855 232 525 738 202 965 224 724 423 259 345 672 408 38 978 816 595 71 7 758 866 110 143 128 55 884 733 166 612 213 10 154 667 929 730 80 696 987 418 570 145 553 965 77 362 527 607 409 727 657 305 685 877 297 735 876 980 945 481 8 943 285 830 109 612 694 133 49 249 401 401 947 152 360 47 399 53 730 554 163 82 31 670 798 778 222 866 600 330 149 843 617 681 202 13 902 95 431 550 822 175 680 104 349 99 445 32 398 59 178 887 176 11 69 649 127 447 439 265 179 500 63 519 623 407 929 512 981 409 781 979 46 507 731 44 824 764 878 390 123 237 680 143 299 698 886 760 304 333 977 644 477 10 183 102 161 823 201 649 832 873 493 629 849 335 669 675 152 7 755 100 499 983 889 838 685 749 440 129 278 299 618 710 323 567 367 470 548 687 607 938 193 996 765 478 852 543 250 863 129 949 715 213 981 243 228 610 491 912 651 713 296 768 950 60 660 475 631 174 85 159 937 807 970 129 307 671 445 870 137 665 145 795 152 144 343 554 997 921 666 363 205 523 516 464 549 791 828 292 806 749 902 192 252 749 914 245 681 942 1 946 432 588 423 335 130 460 212 780 646 494 798 446 715 966 105 431 829 469 801 145 58 414 941 553 912 276 387 47 591 832 456 849 219 815 37 623 471 837 58 814 911 763 730 807 834 751 554 234 347 698 564 604 174 284 750 261 938 598 776 528 180 940 461 284 137 209 781 216 25 326 973 789 656 179 302 657 67 402 454 834 68 813 753 523 608 282 699 800 625 551 934 315 130 435 518 14 566 221 777 227 811 309 23 3 520 521 708 307 255 251 746 723 966 268 554 158 506 882 346 786 786 685 893 625 624 395 280 279 95 84 469 390 184 221 820 314 243 923 44 156 221 477 611 497 871 738 89 924 551 924 380 452 240 901 83 442 277 189 197 229 402 910 642 940 814 145 206 744 503 932 605 438 213 109 905 941 838 739 320 774 533 242 954 157 293 683 258 25 406 62
990
235 387 52 352 472 639 923 684 187 383 489 666 796 963 834 533 589 723 231 28 504 18 785 410 445 62 587 475 434 36 562 716 846 336 935 312 740 787 685 755 44 775 485 411 646 196 628 750 467 823 348 908 223 264 306 771 690 897 523 480 795 532 69 707 277 420 15 886 317 131 30 579 593 354 916 713 282 564 324 521 31 933 170 565 432 467 513 111 517 455 843 668 691 930 841 394 345 855 714 417 451 731 693 5 241 628 821 295 675 674 67 651 454 185 768 794 855 672 620 513 458 595 954 655 818 195 859 156 631 590 969 952 760 653 959 989 605 782 134 500 333 852 229 858 336 442 65 299 419 426 357 523 593 267 628 96 844 252 289 264 710 53 966 880 252 839 879 837 438 193 359 210 973 483 530 728 165 63 351 494 159 635 937 282 519 538 517 829 669 809 509 134 300 797 649 234 121 951 192 539 423 993 664 124 789 834 469 826 470 602 614 996 365 427 453 735 886 525 458 486 225 278 745 447 364 891 269 341 228 678 804 784 854 86 646 787 25 25 395 843 420 509 907 88 84 910 751 255 943 293 876 865 318 206 394 152 145 589 225 326 304 465 657 424 665 344 680 29 661 818 615 913 221 321 993 801 328 322 332 848 718 723 267 844 297 118 233 884 944 208 928 185 944 353 95 605 362 605 143 603 922 614 845 680 1000 250 986 781 101 457 973 327 811 522 476 151 642 917 177 503 396 233 262 918 225 849 374 142 800 954 667 507 961 358 914 383 285 154 448 744 376 390 805 385 156 73 616 809 69 527 417 879 257 876 683 56 613 96 279 295 669 949 42 201 734 528 302 689 630 462 535 35 677 242 922 314 413 567 617 163 784 416 109 518 39 400 711 315 931 671 596 979 530 127 977 573 844 425 112 986 310 4 4 114 571 761 621 968 439 330 716 577 198 872 370 770 895 846 422 486 988 996 167 859 33 201 629 142 127 938 823 200 768 107 569 581 318 737 470 260 191 588 26 643 431 470 504 166 829 927 928 8 787 544 717 475 86 610 624 442 750 735 23 189 17 716 978 315 124 511 501 557 68 965 678 59 941 910 952 477 542 427 19 181 685 724 136 121 589 507 643 592 747 791 766 816 442 43 320 808 689 609 104 91 958 481 245 396 575 6 669 278 759 223 403 663 973 655 830 787 379 694 72 134 89 251 338 704 63 469 799 84 371 577 520 233 726 560 162 368 570 304 819 23 675 215 56 219 385 462 966 494 481 664 564 103 508 198 61 496 693 677 436 887 813 911 295 696 36 725 194 357 564 559 723 33 566 398 907 684 195 651 83 581 110 994 437 727 587 619 438 57 420 501 296 753 472 766 224 873 559 856 426 101 834 88 262 385 803 523 327 368 426 644 223 402 697 88 768 48 644 190 618 871 207 767 680 893 127 553 740 344 840 112 641 800 341 846 996 561 2 47 630 896 488 610 255 510 424 550 836 483 633 940 224 749 925 335 216 511 561 548 595 338 718 578 902 578 151 611 836 117 465 582 758 469 654 152 642 582 835 60 878 237 567 677 896 720 966 260 821 394 109 690 270 709 636 956 291 495 833 244 175 293 80 426 590 32 662 922 138 963 275 482 337 882 713 172 247 892 374 558 743 122 339 117 80 349 109 649 973 809 626 919 106 14 620 865 163 38 415 289 52 813 285 200 918 961 190 127 754 520 465 955 765 436 587 173 495 946 915 258 674 264 705 804 144 98 604 319 977 399 6 960 661 62 274 194 177 359 648 804 983 410 916 352 671 114 564 294 184 53 586 10 727 938 928 700 22 27 146 962 250 444 631 740 961 721 758 989 963 239 568 259 782 981 897 448 61 833 40 637 370 861 169 900 584 858 553 598 815 610 800 591 322 267 859 936 106 399 405 419 201 940 49 683 306 414 572 265 899 584 980 861 635 104 250 935 79 577 27 295 496 43 787 32 797 754 647 935 567 236 725 177 610 526 68 988 266 187 985 254 364 496 885 838 329 315 226 918 386 1 995 1000 344 642 40 32 300 629 97 71 288 310 925 436 531 323 335 675 847 198 99 546 160 810 818 570 659 78 993 52 870 293 302 171 926 506 685 17 203 554 903 25 847 769 991 601 501 665 603 12 443 56 371 762 556 20 618 180 292 295 344 138 447 324 936 354 797 434 65 558 222 408 672 164 809 89 20 561 277 320 486 890 721 266 553 190 35 512 691 574 236 958 391 290 437 989 588 724
314
714 5 346 256 961 416 348 81 326 964 685 671 31 53 367 511 471 914 735 705 231 705 901 62 924 39 370 275 54 633 953 434 644 968 787 684 343 128 727 216 598 14 2 509 472 64 355 798 641 975 793 474 914 221 598 755 18 349 64 720 553 172 589 751 990 287 675 559 97 657 97 811 558 822 317 511 821 804 166 520 832 690 703 311 866 884 533 206 978 600 697 916 658 182 224 4 764 27 482 17 736 771 101 949 273 342 514 871 924 737 95 68 392 691 400 102 600 216 514 211 518 143 98 873 970 74 789 216 680 205 751 164 764 532 427 468 893 154 205 610 708 849 433 524 85 842 884 19 721 193 115 191 187 878 374 412 511 515 730 298 72 714 713 517 800 362 795 695 595 133 734 14 90 969 573 418 755 59 11 610 565 82 371 94 276 47 595 758 284 976 561 188 322 651 727 570 442 842 143 547 802 676 673 976 98 812 142 635 737 982 662 395 368 193 688 709 878 85 594 941 825 904 763 889 193 181 551 382 324 746 668 550 896 124 563 713 264 813 93 730 141 498 705 769 829 49 132 269 160 754 903 203 487 621 463 147 154 324 736 579 200 518 622 374 253 393 778 81 427 982 52 646 974 627 333 656 496 970 630 612 711 191 518 930 82 178 541 863 777 927 384 807 420 434 774 622 235 966 11 370 721 91 486 581 604 608 787 343 343 476 550 197 637 966
840
453 263 50 856 319 98 61 667 670 414 37 329 917 27 440 136 680 374 457 85 436 877 254 772 950 953 441 335 401 576 917 537 784 559 808 576 12 638 83 628 522 826 940 641 939 591 251 373 834 724 864 827 403 815 225 22 327 343 776 195 18 565 668 551 7 825 737 881 786 580 515 490 190 518 721 349 167 458 143 106 741 353 826 559 782 54 792 678 949 850 377 537 963 809 491 491 889 899 667 197 677 671 141 360 780 616 436 561 302 947 227 451 449 531 335 279 822 482 887 585 746 875 995 975 368 650 927 596 599 656 936 244 206 567 226 643 62 229 862 680 124 918 698 633 218 635 364 264 206 64 531 193 964 629 151 332 376 444 28 828 626 395 573 378 797 857 536 20 783 157 100 423 247 694 249 486 563 240 810 471 141 802 41 61 222 462 856 538 955 699 487 252 209 710 749 134 450 406 619 514 114 282 380 839 206 108 278 53 321 500 765 292 113 394 161 910 838 281 853 732 315 559 988 557 883 294 747 381 518 563 697 634 672 900 161 624 756 998 631 264 617 302 663 175 575 760 128 60 86 427 204 176 511 441 526 43 746 753 520 39 383 265 998 552 601 111 969 532 985 828 997 482 691 566 145 925 217 935 12 242 488 861 916 399 157 111 534 164 144 141 383 311 398 866 914 928 701 706 917 532 336 406 643 349 465 662 457 336 587 990 943 226 882 858 504 684 334 143 389 832 565 48 179 585 746 216 138 241 831 117 340 514 995 382 700 419 338 439 664 381 897 651 826 107 855 360 947 380 489 780 460 302 310 522 432 582 54 857 526 364 538 570 193 288 444 659 493 98 324 618 411 439 239 731 952 776 373 671 462 532 779 855 238 930 330 895 688 199 992 915 932 552 58 455 875 550 241 293 842 834 104 1 690 667 163 383 172 457 935 402 199 148 571 160 475 601 692 841 501 538 778 266 166 964 429 941 581 902 634 775 788 14 624 60 110 998 106 653 172 897 367 634 479 19 781 541 787 126 710 111 974 377 185 949 807 985 36 704 523 249 127 889 420 550 540 805 229 361 302 436 197 828 346 893 14 816 234 753 416 506 909 259 821 34 572 499 778 87 925 9 223 988 182 130 865 192 301 675 693 597 317 326 453 471 20 365 513 242 356 72 210 833 978 631 558 910 448 250 574 15 12 153 448 469 339 619 820 133 45 525 568 1000 997 27 230 334 975 350 907 140 669 138 882 154 757 650 484 986 288 498 135 896 696 146 476 505 455 872 681 657 977 616 52 508 259 218 571 323 778 587 345 69 967 195 658 717 610 31 12 943 231 672 985 254 824 990 710 594 609 228 978 80 94 484 577 863 435 896 384 830 28 658 997 887 608 385 813 111 195 971 533 848 498 638 958 85 259 613 706 25 721 989 591 254 756 333 403 335 251 50 57 438 274 144 867 730 361 41 268 21 87 462 951 157 333 827 190 226 822 726 47 495 215 902 444 231 949 228 144 554 670 115 376 208 1000 169 909 292 949 928 930 516 54 567 470 207 592 843 688 598 952 377 340 666 123 609 984 543 13 79 229 272 794 627 856 643 642 26 391 835 7 188 421 537 68 13 114 786 850 592 486 407 362 697 381 977 861 956 504 434 402 781 953 833 19 752 284 18 710 4 113 543 293 644 735 751 766 91 695 79 558 168 103 639 781 361 596 944 986 208 951 968 251 720 647 246 835 699 995 513 574 504 348 452 584 706 472 932 869 729 346 82 223 333 173 781 858 344 107 606 4 467 132 309 189 747 483 467 322 573 409 399 471 60 426 895 480 510 718 928 411 852 32 591 809 465 872 900 533 412 126 372 440 878 50 687 866 826 143 884 967 390 723 914 475 269 65 959 910 971 797 227 850 663 609 645 888 389 936 584
474
200 994 657 420 989 738 746 853 883 466 925 116 146 11 314 270 39 660 135 521 348 331 929 832 285 7 732 15 775 291 937 905 449 987 541 72 331 884 592 866 323 742 694 559 217 668 545 135 901 659 295 635 304 851 811 734 175 551 444 786 188 440 218 918 868 948 971 413 21 180 672 229 151 326 948 294 574 794 275 130 571 705 836 766 840 259 387 294 536 253 980 785 291 325 322 924 830 444 970 860 675 204 336 827 290 542 911 473 62 956 143 904 76 269 922 267 637 710 508 298 648 468 248 501 524 839 794 946 865 240 590 295 705 834 532 476 697 634 389 255 9 493 209 892 269 713 3 148 705 827 714 208 435 531 563 445 46 991 983 44 809 472 182 157 629 662 890 942 635 225 13 491 394 408 511 616 156 944 144 828 367 57 791 373 718 477 568 289 797 699 452 99 835 607 244 768 636 720 313 30 810 6 114 787 119 233 246 316 372 551 540 416 700 173 374 733 127 808 510 367 179 875 872 425 256 795 791 692 157 130 69 999 543 75 711 207 240 874 304 28 726 165 209 879 47 590 29 892 506 822 884 291 667 913 552 362 795 374 781 985 274 339 640 565 138 535 478 721 70 799 627 863 399 305 852 181 174 682 333 138 87 627 1000 561 71 710 221 189 475 447 648 284 347 33 929 38 15 373 705 838 514 259 893 248 846 105 532 756 151 503 80 605 285 268 458 614 870 917 118 27 949 311 582 177 814 406 798 873 682 789 780 136 402 290 779 221 735 721 846 413 883 135 556 128 620 663 99 187 572 277 375 471 861 379 46 46 185 116 975 657 51 529 947 181 412 691 340 203 336 901 215 404 595 660 866 380 10 290 653 982 526 391 682 300 838 84 707 206 846 363 103 930 499 873 416 590 823 973 509 181 245 376 341 542 746 353 989 888 398 808 70 46 661 569 911 809 184 742 422 508 807 913 239 561 546 246 603 926 690 654 301 529 554 917 30 706 642 688 585 771 630 461 507 852 306 573 398 566 166 938 205 747 762 894 962 456 731 37 836 433 84 880 232 339 770 326 148 136 877 948 506 405 403 934
357
734 42 883 836 903 496 427 113 912 180 1000 60 329 658 360 318 215 283 539 139 69 385 880 717 476 975 5 399 344 449 549 69 235 211 145 17 435 611 383 519 102 495 643 718 999 136 1 247 736 451 618 259 208 803 509 212 222 543 536 319 520 196 605 693 584 682 562 643 328 324 944 429 43 400 593 174 449 120 478 443 208 888 909 233 532 203 261 751 838 91 249 742 458 883 614 553 468 720 580 608 616 757 873 745 929 342 207 371 609 725 644 559 760 553 756 725 203 88 373 261 190 871 882 19 752 352 845 467 703 238 864 425 305 695 384 658 293 179 92 221 994 933 273 545 228 228 788 825 37 105 812 583 209 907 386 53 192 569 642 63 405 299 264 751 289 526 784 804 785 650 84 469 622 805 263 467 733 123 165 340 327 560 822 338 730 698 917 629 875 590 684 687 589 565 710 336 817 816 212 199 175 375 977 156 534 324 946 979 49 367 588 953 326 352 590 115 21 583 748 914 539 379 833 627 713 235 355 476 578 122 982 156 341 202 202 550 604 189 531 168 906 396 221 53 303 525 610 673 252 518 576 756 126 607 854 759 550 979 649 59 176 151 924 692 796 282 481 425 132 105 878 303 228 14 132 254 901 362 806 806 174 973 170 475 686 74 418 879 848 636 673 351 655 707 245 326 251 895 567 862 647 870 605 174 724 677 164 979 786 451 434 622 81 11 524 222 917 621 938 856 763 622 574 670 601 279 697 493 172 665 385 475 513 33 201 219 102 771 573 16 623 176 973 918 712 730 354 380 455 395 817 743 914 872 705 281 979
539
788 284 267 678 196 925 647 37 808 278 503 40 419 91 18 680 228 387 507 10 501 610 664 591 183 817 249 844 243 618 320 987 41 238 545 798 275 900 231 484 346 532 632 802 854 883 145 466 868 670 794 202 740 836 332 617 916 158 312 961 979 504 710 689 657 166 384 150 399 673 139 352 813 474 956 495 800 285 681 915 324 684 729 330 85 65 901 541 732 26 815 688 655 279 210 635 522 908 849 214 428 110 712 886 571 917 345 772 793 294 189 826 3 536 73 846 41 663 788 990 109 597 294 220 404 195 73 292 17 463 821 42 725 885 300 19 443 896 766 96 171 755 861 894 823 991 814 875 695 723 343 290 827 263 747 74 205 682 356 517 16 672 59 848 872 989 103 443 116 935 385 831 31 65 186 892 975 724 208 601 40 935 438 742 423 602 996 934 116 788 533 537 817 256 980 73 711 497 843 186 341 90 52 11 444 973 655 985 469 339 85 476 852 611 894 874 924 197 912 467 666 658 180 95 824 246 233 177 814 933 77 466 595 681 603 539 274 829 542 341 665 405 995 272 35 574 580 800 633 274 401 147 586 581 107 751 667 589 825 529 975 321 296 620 983 369 571 262 707 529 54 64 112 822 608 856 239 998 375 523 989 63 531 615 292 469 132 422 177 508 176 588 462 175 352 983 855 157 973 547 183 244 14 561 75 266 482 278 20 111 808 399 820 407 392 740 219 595 691 590 109 297 420 432 3 36 54 688 838 330 308 809 474 218 838 643 559 279 712 727 698 228 693 784 517 909 691 521 936 939 437 862 133 1 448 846 827 846 742 12 639 311 883 885 16 75 546 976 198 439 652 255 762 617 469 394 541 416 261 332 953 233 272 113 556 154 636 765 743 71 225 269 612 990 358 173 691 214 83 530 571 366 290 738 157 461 445 450 522 508 580 213 706 993 509 811 608 244 456 368 168 373 738 55 395 843 885 310 860 505 378 30 851 58 676 534 575 458 896 931 113 435 643 319 609 401 844 827 867 458 485 479 699 666 68 441 790 933 330 166 962 862 135 173 468 785 909 172 431 270 368 965 546 865 535 403 780 44 224 107 242 646 288 128 129 529 514 855 27 241 668 844 842 427 691 630 831 76 509 811 125 259 704 634 765 74 820 10 352 544 953 483 592 605 791 423 9 925 255 188 11 213 195 354 411 770 417 676 12 569 330 584 629 918 12 842 310 178 172
932
17 77 187 17 661 556 370 927 812 891 284 404 743 505 73 514 272 682 267 87 539 876 650 190 934 478 822 170 804 604 509 468 225 131 241 293 828 856 820 761 607 616 621 947 564 477 279 272 952 621 440 366 789 193 212 607 903 692 926 248 787 406 445 641 63 143 589 579 540 468 754 34 124 322 660 357 718 716 543 765 938 624 319 720 386 99 738 305 67 95 728 646 490 464 191 639 376 711 593 869 889 100 308 255 614 99 575 78 99 21 812 882 261 4 928 197 83 391 602 183 109 53 154 393 597 152 380 596 563 858 103 537 785 390 729 313 726 560 257 620 487 22 977 699 876 529 132 775 156 284 372 265 147 167 193 11 126 716 869 453 823 787 44 617 670 581 898 621 452 181 600 427 569 370 880 487 852 392 317 225 719 252 151 14 56 402 926 197 137 386 964 650 616 303 994 37 537 33 836 376 923 65 618 113 458 161 725 832 612 541 555 655 536 613 479 759 747 550 599 1000 521 597 542 516 507 541 26 925 689 500 357 462 467 249 817 340 590 785 472 595 366 448 33 113 629 812 938 173 116 735 162 128 597 799 622 868 461 246 978 506 702 897 340 422 701 555 397 313 529 291 936 799 115 658 156 878 323 840 511 276 619 622 786 78 712 650 963 996 671 774 462 721 865 828 937 806 940 108 728 795 546 142 894 857 363 305 235 252 124 416 662 360 860 890 603 267 620 739 121 831 719 90 600 632 774 278 496 246 785 707 102 65 34 900 56 318 894 44 375 752 811 724 673 968 272 617 95 109 849 980 700 638 707 37 236 915 986 373 80 65 990 149 892 978 93 658 447 185 878 318 231 865 437 56 918 294 96 322 414 265 814 587 252 565 89 268 260 633 8 289 88 841 105 414 76 939 934 635 796 508 746 132 772 226 688 734 865 752 324 637 440 261 93 761 147 914 44 408 920 345 974 629 472 173 277 940 921 582 404 191 126 615 569 837 773 260 821 249 738 737 719 729 876 121 349 313 61 118 464 596 216 464 729 604 804 313 26 935 90 535 646 183 684 665 349 867 53 235 408 620 68 430 317 670 212 775 955 131 674 511 103 94 689 425 708 145 355 733 614 216 382 932 479 391 845 606 253 934 208 945 537 675 821 763 313 130 70 692 640 872 239 705 142 807 967 666 481 94 30 323 954 650 670 877 434 436 969 734 543 76 899 632 816 572 872 88 98 278 694 34 945 487 627 516 666 684 897 28 281 562 370 500 456 772 998 209 654 713 278 478 795 277 283 602 782 666 77 350 241 373 101 462 291 794 246 530 259 892 6 248 556 688 678 588 658 3 843 831 638 926 675 310 799 435 444 910 365 665 666 37 877 266 201 58 230 552 941 926 334 947 320 67 27 442 711 359 106 703 250 58 635 729 722 441 816 649 511 904 801 806 389 954 673 718 138 582 857 547 444 894 768 161 798 23 380 631 911 657 494 799 527 900 699 3 551 616 967 141 215 863 905 399 613 101 42 85 739 164 489 958 681 769 965 746 153 258 575 369 388 997 768 886 971 475 692 470 324 175 112 471 928 257 316 213 79 203 628 292 596 414 124 501 139 573 17 711 322 427 356 322 755 244 570 916 936 158 544 490 127 449 258 51 778 16 430 828 754 408 661 198 55 92 693 338 788 380 773 881 798 74 168 136 180 688 579 77 873 775 794 978 508 368 965 73 328 136 150 235 254 339 31 64 462 899 490 638 442 341 715 378 614 834 514 838 531 804 848 162 247 159 533 50 362 410 894 174 504 254 17 732 69 357 64 263 84 830 651 414 940 565 724 608 511 707 815 298 581 848 994 599 435 484 189 557 395 913 781 808 837 165 225 296 294 134 344 110 872 675 526 800 863 434 902 513 408 657 37 609 854 889 800 235 214 115 178 90 524 710 447 881 695 1000 843 982 578 622 75 678 606 702 81 479 328 760 276 308 967 755 823 717 62 763 158 116 18 70 649 455 689 461 490 69 229 534 151 882 617 297 593 989 505 974 374 717 892 343 248 536 255 676 471 811 299 342 689 176 943 728 191 822 306 596 632 504 282 216 214 147 115 690 827 887 221 203 702 94 347 794 132 772 902 779
849
133 456 764 798 216 725 240 597 726 582 532 112 796 578 898 884 874 868 870 432 907 158 401 443 561 302 887 442 158 957 759 616 603 39 600 480 617 371 160 748 140 466 602 145 29 56 64 610 750 989 360 568 212 875 547 986 435 897 774 146 699 792 621 165 464 413 338 1000 315 434 481 108 530 376 594 819 45 891 794 459 496 585 574 997 941 817 41 707 978 139 241 84 52 229 149 905 873 32 189 25 193 417 93 64 469 505 761 545 668 949 336 630 623 539 175 596 895 687 399 718 154 648 454 931 605 20 444 789 581 412 259 184 745 332 891 886 278 970 300 948 515 535 271 731 79 969 689 122 97 204 904 644 354 733 888 407 400 72 21 657 632 643 348 596 753 674 735 870 93 26 915 859 877 624 999 78 792 581 950 874 374 231 349 252 252 668 736 954 300 357 986 105 460 335 249 131 754 230 928 663 982 740 174 967 508 608 177 439 876 880 486 691 557 306 165 310 842 958 828 330 752 620 127 886 610 875 408 249 580 158 75 235 440 247 244 509 892 626 738 653 749 282 832 736 867 956 821 727 218 823 178 883 686 539 337 50 667 559 893 622 178 827 870 665 158 931 8 9 222 790 584 163 527 237 320 82 226 626 742 987 272 187 796 136 294 551 847 887 302 793 619 604 511 189 760 448 700 345 42 484 30 358 77 138 858 632 426 599 53 920 163 408 349 240 777 994 688 510 379 15 998 840 666 945 160 691 239 29 498 907 634 158 783 883 582 133 503 9 776 153 148 419 813 406 413 346 708 917 22 551 446 165 232 848 969 133 255 476 885 238 119 830 886 6 274 441 866 64 215 489 461 558 125 119 368 780 396 9 212 516 715 257 554 790 678 445 4 104 107 976 699 975 782 386 492 121 722 142 336 203 231 740 334 829 663 945 195 160 573 305 372 388 452 962 674 381 39 469 420 333 277 64 978 198 770 775 138 177 988 613 588 353 936 650 841 427 873 700 841 512 478 349 160 254 914 294 959 793 645 288 798 922 13 512 19 272 98 192 112 917 406 761 470 191 683 750 888 871 755 315 970 199 780 289 335 10 915 444 756 313 873 268 4 783 597 426 295 879 544 819 642 135 443 805 282 703 851 285 264 589 385 333 769 219 148 207 434 360 677 414 597 402 959 25 744 923 514 986 392 663 787 29 292 701 236 273 459 531 858 368 135 703 738 871 466 769 811 34 161 365 397 236 152 613 673 530 454 384 464 559 214 551 497 716 650 385 850 793 825 526 463 860 673 132 72 475 404 215 578 921 618 768 512 840 148 491 315 323 609 979 706 186 998 373 960 791 503 876 579 326 644 204 642 754 800 618 16 637 399 375 243 826 125 627 806 986 632 423 307 328 517 884 172 131 815 301 855 15 443 78 865 199 501 186 257 638 157 622 380 816 704 276 349 197 997 109 847 157 738 622 373 785 275 933 45 177 290 189 253 275 399 944 82 708 421 507 126 692 815 360 422 810 298 842 625 235 404 325 787 661 550 982 302 922 432 185 826 509 329 381 699 376 416 68 927 846 297 221 459 192 516 962 207 850 557 512 67 426 862 1000 153 181 823 65 239 6 683 472 131 620 734 112 9 813 400 260 213 101 704 181 296 333 651 921 790 581 479 307 440 637 65 76 941 231 622 215 617 997 125 900 504 214 404 487 902 875 137 6 777 998 918 454 217 182 241 720 303 35 347 734 503 274 555 287 253 170 345 413 718 550 406 879 885 555 119 915 748 629 239 911 57 646 155 284 980 628 324 256 176 760 568 279 55 334 999 863 385 563 562 129 959 481 843 461 656 941 426 375 715 509 430 30 354 563 140 667 134 554 765 947 388 517 5 962 865 457 548 816 683 548 472 273 336 932 912 980 654 48 336 123 135 644 670 876 755 60 925 795 249
93
885 238 230 765 597 907 942 403 470 924 897 533 661 504 558 251 316 475 178 275 199 540 643 546 642 897 842 652 628 314 790 482 858 255 44 150 275 78 623 329 702 454 272 693 372 113 192 92 427 548 804 648 31 14 61 479 488 327 108 535 792 936 597 588 547 364 104 245 392 875 282 974 840 583 171 299 834 760 264 450 649 818 229 613 356 580 904 8 593 148 742 156 569
288
742 805 746 129 869 545 276 732 993 862 108 331 679 896 311 815 943 171 79 342 331 427 22 85 102 235 377 499 361 509 840 169 920 959 159 831 469 947 320 177 1000 198 157 694 522 360 23 949 295 103 198 423 133 537 752 615 718 161 801 4 254 196 888 773 958 791 593 983 433 86 256 516 822 289 333 984 978 491 666 540 138 532 296 605 351 545 745 727 825 247 396 232 224 455 875 566 656 184 179 69 266 737 785 420 104 550 640 302 247 746 350 824 480 584 945 841 391 8 84 4 399 667 708 284 537 694 221 85 158 479 807 34 148 26 509 222 911 466 515 704 157 44 429 168 402 992 474 366 174 319 377 577 699 366 993 867 224 972 448 51 566 918 923 102 48 368 944 301 867 557 42 426 764 592 557 958 696 220 923 890 18 607 501 890 412 509 335 169 844 972 705 538 119 697 850 724 275 947 107 555 759 576 239 126 993 347 656 231 70 920 599 53 885 101 239 477 87 686 97 668 55 44 682 762 206 493 770 976 918 463 534 156 886 51 746 186 944 148 456 349 344 125 228 606 371 367 616 612 538 436 880 376 839 593 357 695 739 129 407 511 578 144 965 69 777 975 741 409 454 342 357 981 431 562 788 262 346 775 169 351 953 149 641 775 143 990 691 253
892
22 104 643 357 749 188 154 776 756 901 282 383 660 824 217 701 877 594 296 167 455 420 589 315 363 898 842 764 675 372 547 218 356 601 657 128 835 38 895 223 339 923 241 582 60 719 591 503 116 878 912 21 524 887 510 323 590 813 302 172 841 257 429 700 467 119 717 348 556 579 713 666 745 714 71 565 224 273 618 430 965 873 987 396 156 605 494 280 724 689 373 977 591 689 177 732 382 573 680 232 377 840 481 624 826 383 525 272 558 445 674 127 486 105 254 82 647 117 391 555 149 157 319 644 803 633 651 17 37 869 510 666 772 762 183 386 418 288 815 249 613 609 469 537 20 810 656 826 221 223 875 221 820 789 984 4 316 619 365 340 336 397 923 378 779 291 991 668 729 845 451 923 182 13 182 924 485 474 159 88 684 786 549 241 72 201 778 13 396 431 821 78 223 271 990 363 116 814 646 844 180 669 72 232 823 879 911 334 84 885 260 74 895 258 175 725 150 317 105 394 27 887 773 526 934 775 131 902 238 885 864 16 415 5 348 81 86 664 723 805 428 650 303 801 28 885 107 755 694 496 582 83 546 489 658 384 975 762 354 436 51 6 364 176 14 191 207 595 555 482 417 796 134 2 906 320 462 761 728 424 20 864 566 711 304 498 862 142 998 546 165 978 741 634 819 674 90 244 599 137 203 123 823 503 502 732 809 347 391 332 479 628 868 97 314 291 965 636 693 83 537 47 452 131 3 523 942 942 720 480 843 120 33 901 394 268 409 674 785 716 254 459 95 441 844 448 867 893 91 852 776 497 801 102 949 770 513 691 294 818 52 100 255 848 225 663 479 331 466 643 545 727 899 191 414 658 598 288 672 98 905 189 122 414 265 571 764 795 311 360 885 184 168 188 635 460 701 629 794 974 391 503 933 767 535 378 571 882 788 122 255 936 367 275 495 15 65 367 813 342 206 656 106 64 298 211 222 523 741 886 681 20 818 636 687 637 173 909 409 818 596 337 581 719 770 874 836 630 856 971 846 666 912 676 977 364 35 797 353 694 452 589 859 216 350 190 897 1 780 219 646 600 421 226 699 69 479 232 289 682 757 728 964 389 900 844 190 326 424 975 535 399 568 36 14 6 770 83 864 9 768 58 954 305 951 745 852 930 894 736 513 462 25 750 395 943 366 721 898 53 509 113 154 616 623 846 541 621 542 462 574 792 372 856 763 57 828 251 3 304 402 978 486 350 57 242 575 593 403 396 67 519 575 833 958 842 832 590 680 356 337 532 35 445 971 334 284 884 603 654 274 588 381 788 998 40 844 311 9 433 20 430 524 900 63 692 319 45 458 42 62 969 875 739 149 869 947 134 606 671 139 918 820 523 994 120 373 3 217 951 330 246 905 965 891 340 766 757 157 386 464 115 985 948 466 931 868 648 96 19 128 864 208 656 177 981 537 76 119 863 467 80 776 8 570 80 873 678 139 611 446 545 783 270 210 104 661 177 691 910 255 316 909 944 412 361 984 975 303 481 654 573 291 54 380 566 45 829 498 878 875 635 742 520 823 71 149 616 468 580 38 198 599 729 762 186 362 121 456 602 427 846 917 652 802 480 680 572 529 482 80 386 407 403 506 898 797 838 96 735 733 239 591 703 771 95 495 438 365 223 438 525 235 245 141 186 283 451 63 595 224 694 92 300 478 650 285 692 950 492 165 430 618 28 586 703 665 12 576 277 869 693 571 27 861 334 994 664 498 881 999 559 701 613 626 580 670 51 784 558 629 385 298 49 499 48 927 938 754 454 523 707 856 736 559 427 209 449 33 45 168 447 132 971 438 528 755 215 461 308 443 269 162 160 576 320 357 52 366 248 157 678 140 753 889 421 319 942 608 703 799 979 470 616 240 565 685 704 957 201 366 15 826 806 748 848 900 403 332 513 691 508 435 730 967 224 513 68 466 704 365 138 766 378 721 908 198 692 101 2 534 325 314 382 874 844 51 847 310 944 716 973 212 565 882 802 974 387 844 374 872 612
582
880 335 691 521 293 58 722 355 5 834 592 692 673 247 924 558 27 58 80 159 118 939 463 372 402 722 589 677 897 840 271 119 400 710 942 237 763 253 877 712 818 390 665 15 150 190 279 411 620 804 429 510 511 768 760 945 15 517 529 125 46 824 922 24 164 728 450 638 34 739 612 18 201 745 600 131 627 290 732 413 323 155 736 648 153 542 728 91 51 163 306 535 123 352 966 569 508 692 483 315 99 616 358 100 539 944 867 930 120 854 644 486 529 509 316 182 842 515 713 84 130 334 511 377 660 849 824 143 94 770 506 941 940 726 674 712 594 647 215 184 853 532 640 150 774 746 96 195 786 831 241 199 476 480 969 507 461 183 20 87 870 995 186 39 775 133 327 627 425 720 375 555 182 272 708 710 140 804 889 398 724 885 18 526 102 530 864 113 797 576 695 429 683 877 226 304 176 857 713 870 391 890 141 194 387 960 196 484 171 98 262 205 563 309 964 728 251 58 644 521 567 273 820 297 454 81 805 885 842 197 390 578 742 578 309 914 30 318 210 943 537 444 205 625 566 500 465 733 139 255 921 944 377 794 64 540 542 107 105 450 878 912 652 118 995 817 782 442 233 483 845 755 917 976 649 441 755 826 365 404 470 490 262 263 267 793 45 184 532 735 418 113 616 615 533 665 294 468 977 579 690 510 44 164 218 89 500 820 373 621 297 262 68 28 416 818 59 969 119 235 258 97 991 637 242 561 251 972 946 998 216 936 199 827 868 531 384 214 478 660 702 623 538 907 643 881 208 847 389 451 195 837 175 303 354 826 562 741 844 611 310 76 905 661 431 736 951 139 515 810 817 705 116 454 76 488 182 490 126 618 496 720 609 908 770 190 357 325 768 500 166 699 341 360 259 502 253 940 67 174 447 147 38 749 247 667 521 99 281 866 193 364 162 14 40 763 99 50 209 112 685 671 61 248 229 640 407 369 358 257 462 275 895 355 391 833 53 66 246 175 372 721 356 288 368 3 286 649 254 602 736 335 262 28 887 236 362 274 595 835 563 690 448 407 745 618 475 780 502 545 728 420 15 533 327 588 552 200 10 254 903 955 80 358 140 169 450 81 393 923 765 32 589 804 105 267 178 710 715 384 185 11 217 887 154 548 69 922 635 344 342 252 4 264 511 50 204 45 88 42 805 829 303 372 69 858 833 902 225 755 804 484 157 172 6 377 419 513 478 719 511 326 507 931 517 462 100 841 177 367 659 116 775 407 308 875 440 368 128 542 980 969 727 150 566 309 747 118 975 49 485 756 970 11 184 728 567 187 874 360 311 354
507
596 588 651 26 105 242 183 357 166 643 350 248 300 369 890 406 663 195 613 986 568 257 690 483 14 239 686 399 818 307 584 561 659 308 982 53 97 255 14 443 140 511 632 714 176 427 420 114 256 566 34 288 800 987 769 63 560 563 106 949 497 916 619 22 593 758 477 249 633 700 20 248 548 334 127 62 202 8 480 187 853 749 501 712 718 167 47 576 59 403 98 769 533 290 33 901 252 954 593 643 184 529 561 984 671 408 735 71 728 515 749 799 933 517 629 54 813 23 673 443 867 819 802 19 523 974 955 153 222 920 797 465 540 414 789 602 518 969 449 443 497 855 425 595 736 5 124 686 714 282 229 123 209 53 377 183 431 499 172 359 282 824 431 36 917 259 782 964 604 579 322 412 736 224 345 3 994 857 487 608 700 903 457 649 568 508 211 604 665 613 446 730 900 837 656 714 779 231 36 194 176 261 816 566 476 875 810 218 907 101 308 929 444 764 853 438 914 347 173 214 665 679 382 772 355 768 135 677 884 918 107 857 536 544 848 996 347 687 687 581 259 834 393 733 771 163 708 822 324 114 251 620 635 509 434 811 303 843 350 81 372 948 666 250 518 598 652 973 160 646 432 406 108 912 137 218 805 974 751 249 931 989 332 914 649 356 719 17 516 14 95 976 110 919 924 135 911 613 455 723 227 585 36 353 682 20 226 736 27 975 301 208 598 490 771 217 956 290 180 145 310 638 919 499 965 117 255 77 268 302 724 894 674 793 993 612 802 58 286 298 696 563 590 483 874 961 447 710 460 391 612 311 986 850 987 153 827 583 861 963 521 313 982 249 311 425 581 93 157 370 711 873 164 536 872 683 836 434 982 513 61 152 244 355 493 176 590 187 631 936 629 139 830 870 302 937 808 446 940 350 208 58 814 226 650 825 837 68 885 173 441 204 642 79 744 597 318 869 774 713 26 953 693 300 719 730 259 715 201 72 387 886 869 973 860 382 576 916 472 770 394 390 305 950 168 119 203 432 223 228 524 978 757 63 177 365 367 69 306 931 495 97 830 13 271 850 339 586 77 313 577 396 711 441 53 485 599 518 793 387 931 495 683 679 888 655 931 736 501 817 682 433 620 398 974 236 233 384 322 382 890 712 351 847 325 720 795
1
356
434
67 701 161 386 921 17 106 105 876 370 734 261 821 28 800 156 991 978 626 433 628 253 540 790 850 943 197 530 438 86 252 975 285 574 873 731 304 964 528 764 355 603 726 198 398 109 561 672 925 564 763 587 229 64 79 659 966 919 577 347 352 88 64 643 424 74 691 31 48 811 471 478 370 603 426 570 727 765 875 811 384 168 681 728 708 861 267 720 724 458 576 876 166 551 382 392 747 166 556 213 897 127 153 691 758 153 867 816 284 376 227 513 281 9 697 634 668 49 691 756 752 557 565 10 131 100 278 388 454 263 114 622 775 625 648 581 219 744 150 877 842 357 318 827 218 47 240 123 245 734 253 999 826 524 6 712 841 430 107 223 360 168 246 313 779 206 780 350 973 640 803 211 72 913 164 435 494 898 624 712 214 626 774 618 569 517 881 438 967 700 449 454 330 235 253 151 449 199 633 832 167 757 866 696 573 840 577 818 529 928 209 236 873 785 819 765 514 504 187 451 174 577 941 592 150 139 525 901 857 6 1 698 795 418 635 591 355 718 188 215 49 374 376 134 275 134 772 868 86 815 754 701 174 521 85 398 490 156 817 325 758 953 838 347 306 484 567 729 310 264 133 730 23 592 596 156 962 492 160 851 269 116 984 169 738 677 1 404 586 219 815 134 344 616 640 736 433 642 1000 227 372 461 880 479 721 724 519 386 49 771 945 596 481 911 520 816 225 97 27 745 507 852 599 975 992 242 235 786 865 247 799 109 330 915 508 683 551 407 473 682 171 213 810 27 449 427 706 735 205 83 237 837 113 818 174 813 798 805 256 464 917 786 923 699 157 819 358 892 666 951 518 941 447 454 228 133 71 851 950 520 382 965 263 963 565 707 893 390 382 609 21 487 651 605 231 111 151 495 727 91 257 254 181 889 947 66 166 641 11 403 351 446 378 98 599 613 495 666 483 675 910 355 638 423 771 751 19 312 583 50 2 238 883 413
528
813 104 705 938 931 502 833 89 177 945 874 162 226 284 536 539 656 433 980 50 391 430 160 345 461 512 46 544 350 800 591 619 400 366 74 575 755 370 388 661 383 511 949 321 153 433 543 543 616 401 992 540 321 28 581 718 272 563 211 462 325 585 914 937 898 780 965 257 832 578 372 905 301 171 720 280 459 472 446 506 368 700 49 354 566 23 569 723 852 637 210 45 212 112 232 189 225 194 238 699 197 886 791 273 518 293 82 962 404 344 929 577 4 680 812 523 45 563 99 185 151 757 666 715 484 628 630 77 309 483 979 717 931 15 972 818 876 502 753 998 357 304 984 974 959 278 761 201 924 314 231 444 105 899 259 240 126 479 851 391 412 493 745 202 346 656 77 973 44 276 128 410 727 163 99 340 303 106 913 486 165 353 604 821 98 545 810 902 540 259 298 959 3 513 862 279 341 484 197 676 783 247 583 430 637 122 367 902 508 660 200 19 904 990 299 291 879 623 929 378 357 533 263 790 638 966 183 749 588 897 430 39 727 874 133 2 707 271 69 793 38 685 971 98 187 793 776 120 158 393 461 260 19 316 188 879 835 928 50 473 442 67 781 934 106 241 592 126 81 300 381 396 199 367 997 484 315 94 648 460 200 12 100 493 372 974 470 78 23 385 453 155 947 104 453 415 935 161 773 636 535 405 832 582 390 73 648 949 880 103 523 690 213 846 141 487 30 605 200 940 57 26 954 74 792 84 530 527 989 995 251 473 567 347 658 538 103 229 66 537 647 514 937 143 905 545 175 892 253 877 817 982 385 267 145 784 980 333 935 470 20 151 595 803 282 727 123 593 34 608 591 994 618 891 508 597 702 558 601 91 904 887 137 680 644 338 127 259 45 485 181 447 332 29 319 713 660 76 252 743 286 121 764 783 189 897 173 9 41 247 817 42 724 900 804 532 312 219 130 752 220 295 608 248 882 869 55 590 913 442 551 477 923 221 561 913 649 972 238 360 876 803 409 990 396 890 554 843 289 659 116 897 503 538 909 743 45 474 350 453 166 683 449 809 261 16 717 414 270 105 356 776 456 651 417 120 968 900 872 411 954 696 598 123 258 64 540 511 746 29 121 288 764 657 877 589 14 365 713 589 238 744 122 848 854 653 375 982 20 544 129 963 79 833 283 66 484 383 864 644 141 980 113 903 622 552 867 282
858
614 445 55 768 617 558 882 16 856 330 565 640 126 8 373 614 250 390 989 727 148 493 369 257 523 848 236 449 366 893 956 226 316 28 999 923 666 792 678 588 751 941 804 882 617 537 53 532 462 843 889 857 728 885 740 597 414 797 809 750 344 973 195 511 809 522 293 498 490 357 602 279 68 920 755 809 862 228 164 436 129 822 543 561 905 265 158 278 630 905 580 164 651 178 293 931 677 188 869 943 935 765 695 130 4 146 140 24 603 366 182 927 222 182 317 261 875 576 562 688 568 923 856 266 338 637 508 528 616 367 356 573 33 704 942 166 635 209 528 200 738 972 164 195 739 516 873 814 388 103 33 551 604 911 515 148 583 229 392 767 590 833 390 433 7 603 492 117 494 190 799 748 106 663 530 23 628 459 872 615 426 354 252 883 601 168 677 908 485 763 70 177 340 35 457 757 834 557 757 349 831 10 811 788 787 752 999 888 568 256 391 993 420 210 785 208 892 571 818 595 680 862 652 607 167 950 915 880 679 981 310 678 899 229 565 911 278 508 878 264 90 957 698 734 86 422 360 592 362 685 748 142 71 3 478 659 906 517 334 213 179 652 162 415 467 183 532 747 266 748 779 577 553 647 4 569 75 163 900 930 122 622 222 745 774 552 997 387 577 890 78 684 723 748 800 20 682 352 960 378 506 701 571 452 509 769 244 483 229 619 150 220 736 358 350 467 627 474 583 349 100 857 3 423 241 305 889 655 593 572 525 416 718 765 75 870 983 405 961 853 882 338 661 806 51 994 881 300 189 467 519 448 611 195 665 247 575 910 548 501 306 35 681 828 3 739 904 48 522 724 641 584 236 605 356 868 211 146 353 530 466 175 130 516 970 527 656 411 160 969 438 482 840 224 71 851 397 534 955 681 307 338 67 442 471 667 121 934 782 323 2 743 377 751 190 661 471 434 116 558 930 176 620 183 557 127 367 140 355 729 4 472 608 884 23 497 4 494 308 952 147 966 352 70 159 521 307 539 154 562 293 712 765 407 889 313 637 571 597 790 113 426 89 928 186 116 820 450 909 909 230 812 639 872 325 368 372 811 129 323 336 95 328 205 284 427 389 740 128 704 233 758 684 668 3 953 414 120 828 362 79 955 585 8 889 383 969 865 750 28 235 834 484 230 176 579 902 814 529 381 682 608 250 403 660 218 453 304 364 864 418 199 559 519 651 152 878 405 873 211 970 66 622 408 16 517 546 441 736 849 594 939 759 572 576 805 555 768 875 479 726 711 446 552 410 170 600 91 649 242 618 228 379 165 61 679 330 373 434 424 650 249 601 793 878 652 944 966 876 527 418 846 953 586 461 534 836 320 492 187 562 220 972 578 146 641 537 842 854 440 421 695 155 193 602 919 704 822 70 19 9 756 446 321 215 782 739 384 170 311 139 783 395 92 452 493 595 438 947 342 995 547 376 615 442 483 319 807 733 949 462 911 377 479 527 563 505 638 71 496 756 937 638 322 865 755 74 507 544 965 131 917 72 599 525 882 816 532 103 870 530 517 986 753 217 417 549 766 42 522 779 701 887 434 393 786 37 686 306 194 59 696 371 185 988 571 325 91 113 186 389 933 930 866 516 190 627 119 516 634 477 462 48 959 61 128 724 171 98 254 249 658 313 84 730 52 468 188 268 252 895 876 641 440 150 236 169 614 602 529 308 968 601 645 937 672 306 369 667 624 518 539 590 978 224 262 119 811 706 219 995 598 657 458 293 815 806 25 361 822 93 59 552 316 145 480 239 309 488 619 793 968 591 38 372 403 631 570 49 684 991 208 49 862 134 588 77 854 950 41 34 156 233 708 598 707 139 889 824 500 804 286 134 646 218 281 316 654 560 917 108 101 541 439 89 906 935 646 522 683 159 884 584 135 347 553 721 429 819 609 743 914 500 629 84 568 1000 235
499
404 100 422 936 986 933 974 806 937 523 879 569 810 884 206 88 639 851 459 595 847 801 523 834 469 735 399 139 169 357 556 105 878 326 17 437 491 169 553 367 735 38 842 320 40 229 915 965 885 551 540 126 151 335 129 428 725 429 154 289 42 852 866 339 294 647 288 990 938 824 194 495 461 57 622 392 328 645 610 855 811 517 90 801 592 60 248 774 639 298 360 576 228 810 29 751 94 810 450 27 149 192 371 258 162 477 717 686 800 707 146 911 989 63 96 295 230 394 148 587 67 31 69 974 566 651 325 398 675 627 556 7 971 332 450 230 369 802 465 393 741 301 191 629 803 911 72 738 174 960 791 308 536 449 741 443 956 686 589 145 166 366 224 424 352 358 838 377 922 485 124 233 657 345 585 479 969 124 491 88 141 529 634 299 292 39 441 123 252 881 287 967 913 636 619 8 184 72 845 63 690 64 758 85 868 973 463 932 43 464 980 946 121 202 940 129 496 961 550 372 713 386 363 117 223 167 703 975 439 437 338 91 163 591 500 564 545 341 372 215 881 451 261 514 553 154 509 505 589 241 664 920 153 636 817 467 144 355 969 511 693 517 893 750 865 433 961 334 703 4 692 910 107 366 941 715 188 883 588 683 134 261 575 648 643 373 880 741 749 955 649 823 878 572 195 901 643 216 251 14 581 217 488 980 881 528 731 97 152 158 249 327 795 820 102 842 188 495 927 377 479 506 242 699 971 676 760 793 933 671 119 703 784 175 341 88 462 489 458 121 84 483 13 494 839 156 48 179 777 83 605 662 640 687 384 884 734 639 778 125 635 251 238 661 458 98 595 963 485 335 643 626 814 969 230 986 394 563 866 316 484 390 724 88 105 290 819 514 518 4 296 743 44 649 342 650 804 790 210 567 959 196 422 96 905 1 286 390 256 100 980 610 561 439 985 608 574 244 256 1 763 481 449 185 820 67 102 695 531 199 407 636 811 437 945 558 476 564 8 343 886 871 638 69 933 958 343 854 421 952 524 398 461 527 288 975 66 517 18 955 799 5 971 255 19 188 241 327 178 65 864 914 254 4 653 791 795 146 595 630 494 136 552 936 740 810 28 587 172 536 841 864 350 770 753 570 238 206 712
537
656 957 528 985 537 641 396 43 611 381 701 857 87 303 982 305 389 909 645 540 322 557 222 79 226 397 199 459 121 383 753 450 96 400 923 893 614 646 301 739 447 205 663 614 515 655 335 422 45 608 387 531 360 886 885 149 939 466 887 544 323 265 387 900 128 179 465 627 758 497 397 372 664 13 130 177 63 698 812 111 53 11 24 478 227 317 964 153 378 587 640 31 183 84 971 311 197 304 959 126 53 531 970 336 990 659 471 298 945 799 504 969 747 85 231 953 902 751 50 618 70 940 30 831 231 248 130 847 409 945 431 871 632 348 454 211 380 80 487 821 248 816 950 584 532 926 49 848 901 728 428 307 146 222 509 102 871 751 731 993 498 672 101 659 203 193 99 734 761 846 227 687 659 603 307 372 571 634 495 617 432 902 695 343 658 963 930 876 407 758 16 602 163 281 357 222 914 122 985 747 488 846 174 134 691 469 651 21 411 722 494 831 313 852 660 128 606 793 393 89 675 785 266 316 936 824 924 329 885 179 756 683 901 442 65 131 285 883 290 166 751 996 720 225 642 166 319 9 809 362 679 694 384 568 96 122 622 74 402 636 275 440 342 277 889 143 36 506 422 101 368 114 609 287 703 197 620 166 801 58 26 944 51 404 340 797 819 158 561 447 218 56 925 506 153 582 135 366 722 853 283 637 434 235 587 715 150 535 516 646 250 121 421 172 929 580 59 620 684 193 577 521 773 518 932 914 830 805 991 31 299 706 759 933 976 159 546 618 964 7 367 416 267 290 437 464 512 998 951 416 705 890 464 818 854 956 265 757 241 199 75 574 278 805 318 618 969 909 172 542 45 362 75 37 343 957 350 310 874 731 110 518 488 519 304 984 259 297 356 829 447 331 202 299 633 960 425 436 590 145 103 7 136 904 215 452 562 469 484 785 543 516 541 715 881 927 812 554 570 16 974 73 246 804 169 711 429 475 867 444 914 866 918 354 842 808 499 40 627 227 510 490 129 343 827 60 830 796 524 441 716 339 416 864 486 507 231 991 40 395 251 992 246 396 692 67 925 335 758 491 667 746 980 956 122 475 860 423 634 182 536 140 853 608 124 519 667 942 681 854 304 444 349 295 885 764 370 760 965 57 182 13 26 885 479 711 854 298 871 770 513 578 220 150 877 679 927 860 71 226 58 564 706 135 845 455 174 647 572 664 486 126 161 310 297 959 163
734
747 307 260 96 196 629 893 738 261 906 154 645 683 770 939 709 643 155 302 472 777 338 74 246 327 339 806 734 889 406 637 308 524 88 420 184 835 492 422 206 425 989 999 205 547 469 894 375 963 934 267 598 123 124 185 372 324 748 354 434 552 748 248 402 752 624 557 389 886 311 48 730 356 328 480 473 851 941 991 901 209 752 437 567 379 906 494 786 723 35 300 955 781 887 120 21 292 564 488 135 590 674 353 8 697 802 524 229 676 154 517 356 900 411 432 559 25 51 936 600 992 228 197 43 397 933 408 725 614 168 243 134 648 317 385 87 81 524 765 53 392 320 531 609 35 726 157 183 246 472 35 254 860 566 450 152 565 989 495 124 704 188 268 976 902 31 698 983 673 84 436 937 822 356 448 734 374 779 675 834 639 332 204 584 333 605 698 913 277 625 442 418 277 167 76 138 712 482 394 805 352 37 351 932 782 146 201 861 650 119 846 158 131 882 204 279 909 810 726 279 281 71 396 761 266 650 615 459 332 333 548 310 27 881 864 19 693 491 215 557 162 821 92 282 406 989 123 198 545 417 965 111 984 221 81 47 139 537 355 253 702 410 419 759 615 282 88 169 22 321 827 394 912 491 720 819 796 201 348 940 912 845 223 758 150 229 964 470 49 166 882 590 853 998 169 711 628 761 280 996 17 388 436 269 561 815 287 728 183 461 360 882 70 951 818 943 944 684 328 303 443 188 423 57 925 46 991 55 904 191 415 920 92 704 826 42 732 29 63 386 67 151 86 706 908 775 174 124 716 655 285 317 499 924 52 412 67 449 208 501 166 383 898 250 45 135 132 831 952 244 125 687 947 946 664 579 632 754 194 156 15 516 663 4 841 514 713 111 395 799 597 544 502 203 238 158 115 567 152 285 217 841 772 987 716 591 636 448 223 200 514 612 373 164 809 484 503 501 779 132 383 270 484 504 830 314 853 148 689 683 569 282 930 39 853 801 539 331 629 276 657 537 172 925 508 158 78 333 886 34 708 764 504 721 704 321 510 946 494 900 546 697 307 782 326 733 397 434 858 994 681 818 701 970 342 73 397 414 351 178 598 713 544 596 364 812 858 493 459 386 897 626 448 661 655 683 149 231 532 146 756 660 602 100 320 188 165 965 235 749 456 500 642 824 297 971 32 93 474 153 139 211 444 566 30 708 411 243 8 693 149 564 608 249 208 918 228 683 12 946 224 584 686 399 310 617 756 905 329 64 652 713 286 701 561 375 508 898 505 866 973 326 397 370 474 670 76 891 515 716 521 61 143 942 357 485 260 566 365 107 914 881 948 265 496 100 381 104 762 424 914 732 253 142 743 170 524 918 590 623 159 983 207 401 677 599 567 233 989 343 490 816 2 451 603 249 493 354 601 285 945 433 855 465 964 599 100 913 339 518 491 600 738 111 231 178 577 766 613 294 860 308 811 659 814 656 233 846 779 829 573 893 397 994 934 221 467 448 483 64 475 985 572 105 912 156 12 848 465 481 570 398 53 86 349 487 144 78 116 243 497 850 283 566 544 162 721 584 495 350 66 405 350 97 561 418 450 562 700 650 821 415 139 755 340 299 770 285 502 89 138 72 458 765 845 223 197 705 355 812 652 610 718 776 533 66 434 944 627 433 939 628 895 393
388
61 155 766 698 63 596 589 702 630 824 543 433 795 212 52 493 741 859 590 339 769 108 801 443 569 406 383 217 368 168 157 946 558 716 44 900 486 435 962 847 761 730 9 676 871 156 460 44 439 88 13 562 529 903 687 982 707 484 992 376 203 285 340 440 304 937 470 178 951 925 574 736 934 803 586 611 49 430 681 802 426 17 451 120 498 913 798 559 962 365 741 321 951 555 723 653 621 164 303 834 162 212 999 79 796 280 892 307 953 46 5 855 882 778 298 408 268 186 9 18 9 490 496 457 469 958 117 945 74 728 924 238 224 198 368 50 852 579 348 158 743 805 689 15 795 982 822 316 94 615 371 867 682 882 983 147 718 686 60 542 453 126 251 226 122 760 970 92 522 46 6 346 922 269 199 579 921 515 571 357 729 870 876 119 507 728 484 378 909 617 184 970 699 975 985 960 420 930 374 696 614 620 559 402 204 588 977 852 328 734 824 79 775 109 387 430 391 125 847 957 968 697 288 656 208 314 196 79 712 450 980 758 598 892 56 481 460 257 327 339 207 358 211 935 937 424 552 750 673 866 272 192 612 104 852 618 922 734 65 277 511 904 687 160 350 315 957 271 153 446 246 414 867 683 539 612 626 298 697 963 21 468 309 979 544 502 445 470 518 82 941 573 801 388 713 871 90 843 390 723 292 290 56 775 206 811 420 24 504 276 850 139 82 201 59 149 884 92 104 19 767 151 228 34 2 437 294 186 803 285 560 906 847 506 175 767 907 524 323 666 591 978 998 253 384 628 371 5 483 204 358 528 733 156 368 930 863 314 778 369 152 80 798 615 595 977 231 354 270 977 203 884 560 14 790 666 675 826 663 289 663 212 825 689 232 624 85 568
630
662 488 505 923 700 723 939 768 494 86 958 325 405 724 307 569 477 743 554 929 819 367 631 369 446 883 704 506 541 700 762 821 454 665 269 107 626 915 720 425 428 861 558 499 391 415 685 137 541 145 392 227 544 155 142 309 155 414 778 240 758 997 753 325 945 106 466 23 753 506 721 410 931 108 789 765 825 135 460 67 875 184 546 658 489 58 276 395 82 104 841 824 761 655 742 786 468 869 953 929 294 665 891 712 978 742 643 72 168 19 180 94 779 950 242 983 106 131 586 946 260 290 826 549 599 112 81 456 56 912 392 805 792 55 522 437 631 262 170 644 384 464 343 681 412 556 772 461 193 808 291 216 963 655 230 740 571 639 186 5 922 824 589 375 614 126 483 807 816 552 41 472 525 433 454 156 59 602 824 736 706 248 764 281 895 549 515 775 276 237 472 151 296 242 221 557 350 7 425 350 527 560 377 563 776 367 694 19 145 598 437 571 922 581 843 618 342 932 135 711 525 554 960 442 704 41 426 233 398 804 465 469 320 727 461 394 215 568 996 544 163 783 854 776 735 636 991 114 297 926 151 606 708 71 196 712 150 393 317 795 405 199 518 829 684 292 93 175 870 628 751 797 624 133 408 354 939 946 599 888 769 60 447 109 730 959 191 170 173 636 991 11 795 740 371 514 433 685 425 909 8 40 418 392 127 173 92 726 188 264 698 131 101 540 699 681 301 769 136 384 867 366 288 933 4 315 830 656 300 635 182 72 641 148 570 957 763 676 261 114 20 456 17 956 32 188 530 402 583 305 772 544 541 619 309 197 15 468 301 71 538 464 191 610 553 653 901 92 942 314 586 383 299 524 726 988 897 70 705 141 710 753 565 241 223 199 614 378 147 806 630 471 143 560 761 885 19 613 843 946 303 777 138 444 276 933 705 626 544 115 630 204 582 411 662 504 176 786 82 166 92 613 685 787 286 917 761 105 748 579 162 19 993 409 165 390 978 347 135 54 605 337 586 147 356 813 474 946 855 383 775 679 33 269 665 737 132 530 438 256 646 617 906 418 4 282 524 357 178 864 929 630 800 555 838 46 834 482 54 920 628 27 179 104 917 457 275 863 603 493 102 961 4 328 51 659 447 185 310 399 488 780 581 907 905 752 632 969 319 864 502 424 966 597 363 21 653 7 437 766 492 86 954 334 161 793 821 950 13 152 891 899 6 482 685 741 630 940 460 170 207 134 996 430 685 638 881 606 688 126 379 491 784 584 66 823 563 435 526 163 934 595 744 333 499 171 778 367 460 290 475 883 391 920 971 665 960 17 81 804 446 507 591 317 745 137 426 479 436 405 347 962 335 427 848 936 325 146 543 155 966 996 251 671 326 249 937 30 499 536 569 202 505 904 753 625 255 468 240 437 757 564 339 356 763 527 31 505 696 820
310
672 288 815 119 130 73 821 381 412 212 857 515 175 166 468 741 466 440 302 947 892 357 668 547 757 32 766 470 190 529 708 285 349 2 755 6 219 894 942 497 187 449 101 744 697 602 525 868 148 911 997 613 277 729 111 215 316 617 748 702 539 431 835 709 639 59 513 529 443 233 692 393 15 809 171 788 784 793 217 786 750 820 925 282 355 373 757 309 437 151 854 854 19 640 836 350 897 539 607 700 138 585 843 633 107 511 424 868 673 278 592 388 69 24 784 145 442 190 770 874 5 43 650 767 193 84 682 617 679 51 310 195 452 521 905 321 527 781 166 925 2 634 486 484 598 838 148 78 680 51 800 532 825 118 430 556 520 989 300 752 631 155 581 194 488 472 498 709 931 188 599 310 44 724 86 888 877 417 493 951 207 256 743 900 238 319 555 625 177 901 686 107 329 456 166 612 826 975 658 535 54 146 919 960 115 529 897 120 900 704 877 322 806 495 98 826 510 692 224 77 668 668 577 286 225 238 267 495 381 365 137 614 890 528 856 322 909 813 978 703 239 530 199 605 892 777 661 584 328 92 672 28 591 926 848 388 466 892 211 532 99 203 253 535 984 721 377 985 77 921 60 43 283 274 309 549 946 948 666 749 2 298 165 419 946 464 747 288 921 870 474 793 144 275 912 986 944 874 492 656 327 410 868 292 184 190 675 280 494 322
322
538 281 768 417 643 389 959 338 2 945 792 180 54 795 749 526 862 723 422 252 749 805 783 596 666 401 136 648 795 836 480 15 863 741 561 114 397 454 259 970 445 669 232 52 491 301 815 828 270 903 512 769 790 166 132 603 326 392 292 711 331 454 98 756 499 809 840 167 844 60 399 978 3 775 968 197 431 540 933 503 839 854 314 345 893 242 629 83 173 9 92 723 553 255 313 825 792 15 591 907 418 858 302 686 74 316 354 136 899 945 16 771 66 848 951 699 737 592 964 719 716 466 524 901 512 460 698 530 799 274 403 115 571 489 63 691 224 419 937 211 315 507 80 706 699 464 601 181 412 485 174 893 340 993 892 150 840 303 41 399 304 85 577 930 149 681 453 201 453 61 514 999 424 962 390 864 578 449 9 723 324 178 705 579 644 851 979 618 13 951 360 323 995 499 597 544 596 624 851 907 639 156 613 153 146 854 648 192 530 353 44 85 812 803 622 684 622 389 552 704 663 363 639 554 959 155 87 795 250 634 919 228 816 224 11 58 852 857 800 220 657 657 95 56 164 838 656 967 534 374 798 484 910 692 625 700 699 883 444 232 328 61 76 729 249 579 592 218 569 920 974 16 735 969 206 859 48 724 969 500 352 287 723 229 534 602 701 911 911 288 284 337 714 871 299 733 812 819 106 508 440 540 706 577 134 204 261 99 792 814 641 826 833 13 802 927 204 817 421 814 523 732
381
137 490 511 354 986 84 893 423 946 200 463 278 917 977 316 880 399 203 808 303 2 661 67 956 43 934 81 590 185 491 210 212 491 140 417 28 563 749 666 848 426 908 618 49 667 727 796 801 167 485 594 122 530 166 86 347 335 426 664 718 80 483 198 968 256 364 859 480 206 846 867 747 863 575 517 781 836 284 442 618 431 840 145 197 172 564 767 390 908 903 752 578 929 541 933 918 793 638 204 264 199 646 806 351 123 271 209 585 734 313 553 323 49 446 388 861 473 502 553 544 26 378 800 208 482 886 766 338 402 753 901 307 563 799 30 812 757 150 909 187 599 936 830 115 756 511 169 380 477 392 52 190 153 199 598 177 773 940 908 90 929 657 166 286 669 822 964 693 398 450 711 199 608 967 588 146 660 535 50 979 456 269 433 816 979 22 21 516 166 655 852 151 108 607 200 517 507 705 10 565 498 860 16 111 550 535 386 361 200 792 81 118 928 782 663 196 991 539 169 971 863 995 494 586 898 743 517 324 136 740 677 172 354 43 271 229 498 227 880 912 620 914 641 392 303 883 116 653 780 997 500 964 420 359 814 776 565 471 125 437 416 380 152 999 393 565 336 354 811 769 887 767 48 491 941 538 83 236 184 351 634 642 996 548 538 500 383 27 105 791 134 624 612 470 91 602 515 959 704 711 490 641 788 770 878 101 805 14 662 746 804 49 36 682 481 603 848 106 149 395 986 167 547 439 191 320 318 455 113 924 541 45 517 909 648 295 171 649 10 745 687 637 594 915 209 59 547 245 387 260 225 455 733 609 129 65 349 349 362 47 711 585 2 541 158 548 212 455 714 687 793 871 210 594 603 565 860 48 561 89 408
601
642 465 573 865 427 91 293 766 37 747 469 995 433 994 43 542 54 80 986 506 712 460 958 407 16 187 957 365 301 417 522 266 593 758 882 329 59 837 72 567 690 972 745 615 907 294 210 85 867 380 968 778 551 222 574 963 746 788 408 710 436 838 109 927 785 323 39 640 509 979 927 581 27 277 3 94 584 158 836 843 140 675 940 343 28 941 399 188 694 765 813 151 174 807 530 933 728 360 718 649 127 567 873 377 538 455 946 912 860 927 152 135 727 349 721 106 786 533 771 85 676 979 935 976 183 777 903 892 516 318 902 315 351 661 824 890 138 297 908 141 667 612 243 464 341 219 157 137 263 209 607 850 939 188 565 463 415 514 859 256 903 970 202 977 817 44 681 513 12 333 945 997 108 242 495 978 164 461 2 618 630 491 182 463 419 540 239 58 389 873 165 675 734 608 98 709 191 325 861 710 629 946 910 954 878 975 215 188 379 158 650 571 739 156 564 827 1000 133 964 465 566 430 550 28 229 111 46 422 532 738 961 386 784 261 232 686 206 837 730 757 619 309 797 517 980 914 66 74 76 941 627 674 221 178 67 325 407 191 301 208 998 79 864 744 458 981 382 974 288 863 338 110 632 640 34 362 140 591 597 307 493 670 178 554 834 399 496 263 629 328 453 323 468 501 481 83 436 199 479 979 850 429 866 738 790 607 102 421 373 853 612 894 968 848 927 513 361 184 185 391 634 377 643 285 476 353 355 470 454 126 508 235 590 919 459 1 910 663 113 72 573 134 701 630 871 778 450 296 575 967 314 904 607 571 7 493 178 384 836 377 541 642 199 54 718 880 897 939 834 403 51 51 814 379 863 4 343 264 88 214 865 167 227 358 79 140 563 859 33 525 885 898 494 57 511 286 242 200 991 105 30 333 428 844 741 35 741 59 857 227 230 233 421 498 646 161 517 622 683 144 839 771 948 950 950 667 39 421 95 178 617 15 733 485 361 803 166 424 792 797 172 158 698 157 598 641 338 566 901 437 416 729 626 151 903 782 737 151 506 654 544 538 588 774 544 745 456 674 388 229 161 922 702 666 263 199 512 526 282 987 419 448 607 175 648 49 814 307 634 357 352 962 474 950 92 617 38 73 712 98 395 796 727 626 251 333 297 21 444 434 632 635 42 654 467 824 63 145 882 251 778 99 691 310 12 248 330 265 976 80 488 152 424 951 822 923 617 586 816 614 488 85 580 702 258 766 668 842 730 732 418 819 53 993 448 985 595 813 120 563 686 879 273 29 796 385 345 206 578 506 634 141 775 840 157 544 904 194 38 299 743 833 910 358 186 217 788 590 238 940 214 541 602 615 248 726 386 387 41 303 357
318
904 359 148 3 252 249 219 53 331 702 988 360 694 549 432 856 507 376 219 930 642 170 428 730 836 219 210 466 472 278 669 13 866 292 567 702 941 195 415 976 633 341 409 96 504 115 4 46 971 374 838 497 387 55 718 102 706 332 432 530 960 300 514 533 917 711 240 775 879 34 500 324 812 122 36 402 869 574 976 970 240 280 411 207 864 470 425 707 329 879 617 251 333 648 143 223 284 789 703 803 666 963 676 798 489 977 954 627 914 536 350 152 39 548 61 5 733 791 781 375 596 770 383 784 476 430 253 781 30 426 809 123 538 614 137 363 697 867 35 894 842 177 742 740 251 853 68 362 141 559 26 317 337 591 906 173 580 799 772 345 547 105 862 304 335 634 911 935 901 865 716 41 716 248 44 573 973 944 311 373 717 952 582 329 791 863 454 992 653 411 242 535 203 526 448 161 424 798 251 575 255 595 19 236 706 530 735 257 768 560 83 972 376 142 604 777 229 587 164 17 257 189 885 319 680 678 819 812 166 532 106 776 158 959 817 892 570 609 343 960 127 205 74 789 915 355 888 949 423 360 375 529 372 603 821 661 775 830 839 933 36 102 459 865 451 659 36 954 254 865 458 426 33 289 173 969 315 857 872 913 579 168 284 21 106 189 648 936 389 72 538 930 578 428 917 100 821 359 926 155 767 793 707 263 108 842 620 829 77 127 87 159 780 276 610 64 888 93
80
829 465 18 863 236 137 541 196 205 201 708 828 818 817 760 933 237 428 129 27 249 335 227 44 660 429 969 535 87 808 692 818 192 924 548 723 577 912 464 69 458 433 635 107 206 861 432 455 332 406 640 594 530 581 145 25 604 66 47 489 702 194 682 285 833 609 767 557 89 915 491 978 441 655 781 51 847 471 259 381
665
630 984 564 962 159 620 265 343 625 39 862 487 452 50 192 309 506 544 340 947 144 319 558 727 819 924 902 45 776 388 497 769 581 4 299 794 837 122 979 996 241 439 421 893 668 847 952 69 764 771 751 166 325 42 820 730 242 610 503 264 561 903 81 672 312 433 928 775 195 367 647 488 753 243 285 624 116 44 90 340 564 798 422 349 620 949 163 660 709 508 427 425 557 311 367 52 873 351 157 168 467 667 90 986 669 493 146 239 43 478 515 936 834 215 596 612 162 625 345 419 732 992 50 503 968 903 706 413 785 991 419 550 433 624 672 187 356 327 995 589 719 491 33 298 422 634 235 649 410 996 988 727 903 364 443 359 110 556 346 580 910 351 915 36 59 555 503 113 974 171 496 73 668 422 987 405 958 566 768 387 173 989 80 287 619 321 273 614 435 444 907 610 72 825 867 725 189 258 196 362 665 713 629 724 57 488 683 657 641 821 468 692 971 65 445 985 853 191 422 572 182 722 113 531 899 986 946 697 922 48 627 531 763 736 260 102 698 530 484 478 124 707 213 975 687 436 78 870 331 626 629 163 616 912 440 688 426 693 452 414 763 175 122 490 418 390 772 607 534 239 222 304 74 173 264 349 940 953 903 310 588 140 991 324 808 534 292 287 899 885 372 352 636 192 120 763 318 902 981 159 503 384 377 644 41 797 988 833 295 350 879 550 886 389 108 938 654 328 833 181 952 961 686 103 7 605 530 115 201 837 464 364 620 169 390 547 8 961 590 514 203 387 754 42 721 336 368 996 147 578 72 947 604 520 705 996 451 88 653 972 395 399 994 156 603 170 691 38 707 762 522 513 436 15 15 580 512 410 762 21 727 547 959 250 15 233 451 734 86 432 348 385 367 838 103 73 753 130 907 334 500 696 708 32 878 376 594 346 633 257 719 651 587 301 412 143 815 237 362 549 238 124 203 706 227 460 691 847 860 83 356 565 966 53 257 615 145 85 465 946 506 575 491 394 528 188 408 461 902 15 386 841 982 260 684 931 146 621 589 288 729 647 890 99 584 66 451 155 45 581 871 812 217 962 667 259 808 265 99 234 688 615 465 395 146 635 963 504 710 526 277 814 490 573 267 733 1000 741 481 570 301 596 19 977 994 541 905 269 464 988 765 603 64 801 797 344 69 721 975 879 193 59 11 106 554 415 656 223 435 98 826 267 359 53 649 106 48 671 747 725 904 191 227 940 431 381 82 706 49 877 389 157 463 744 962 943 715 601 73 949 410 759 370 373 902 492 5 49 829 803 525 428 909 621 622 473 448 556 575 260 799 529 217 849 656 165 84 272 496 953 796 676 969 715 1000 743 674 725 837 323 527 272 425 113 116 415 944 157 65 73 999 700 927 448 273 388 121 115 202 634 447 409 636 912 760 953 289 435 615 230 524 819 232 766 463 563 179 350 943 458 436 467 921 334 343 380 930 489 571 233 969 852 407 361 698 889 386 592 193 384 992 297 183 22 413
986
474 238 988 331 520 390 897 722 453 862 904 558 244 262 24 236 967 36 885 245 186 441 738 385 191 41 225 342 899 890 934 291 752 71 963 182 661 700 356 449 16 149 377 4 195 116 886 942 386 400 306 378 539 697 622 948 766 868 384 712 456 526 626 216 710 633 534 70 462 418 994 795 998 730 385 847 646 79 691 830 134 877 547 408 375 475 73 751 123 754 292 415 707 477 382 439 123 45 459 702 344 685 391 685 130 297 337 413 185 357 72 967 272 250 846 425 861 536 983 593 340 936 53 394 880 100 74 534 126 166 170 502 816 837 721 537 910 962 782 631 428 916 259 476 615 519 955 888 527 600 285 718 77 747 486 563 716 450 210 647 634 240 515 735 41 12 852 483 405 344 860 959 505 153 382 392 687 519 921 948 57 808 845 663 67 610 465 687 502 546 420 752 214 938 453 229 102 694 841 875 401 896 171 266 362 853 186 890 528 510 460 929 743 283 407 62 137 780 635 363 917 456 478 914 357 831 93 584 624 340 11 845 559 2 527 801 835 283 3 609 183 803 698 845 521 695 276 319 986 964 578 936 809 36 273 480 376 45 221 65 846 275 895 659 136 21 451 155 775 760 933 811 820 353 155 790 541 555 123 362 612 36 373 654 302 9 294 978 5 981 718 646 449 622 364 903 242 302 900 885 895 592 180 236 203 154 889 515 989 522 272 898 457 148 34 940 601 244 779 337 475 135 866 410 855 783 546 202 204 56 702 220 311 423 760 600 511 460 189 439 473 710 3 870 346 394 381 692 950 515 104 791 598 592 566 752 202 856 463 967 207 165 173 717 97 342 628 412 577 582 811 194 217 178 411 861 177 993 643 908 247 299 488 87 865 883 11 760 204 180 179 903 687 78 392 768 613 443 136 562 442 294 640 593 129 66 654 385 522 545 536 136 355 751 175 536 939 867 407 796 945 694 113 279 58 738 813 485 214 951 921 803 670 46 838 816 148 263 112 700 559 717 817 451 118 425 995 949 880 167 202 131 394 942 111 296 178 258 157 182 23 412 688 771 668 558 302 275 493 46 705 874 450 990 278 763 962 707 413 21 97 588 757 806 933 842 464 39 98 654 299 129 688 595 124 350 645 513 327 958 882 846 266 401 118 347 507 101 714 254 209 799 270 545 262 49 1000 864 667 652 224 93 183 666 450 848 190 252 614 561 294 171 54 992 630 371 267 165 235 191 226 542 538 844 474 37 456 202 256 309 244 923 517 64 664 556 118 99 404 246 340 581 651 319 136 604 432 263 291 379 420 41 92 238 86 972 88 499 319 196 384 554 904 821 428 942 849 608 799 814 337 487 375 591 790 974 810 699 298 818 637 341 201 686 449 892 154 716 955 817 863 936 964 452 976 760 195 254 128 788 438 144 595 466 94 531 466 441 5 196 219 461 444 181 420 583 889 497 281 444 610 593 399 252 838 948 989 727 790 351 949 477 931 776 966 44 899 957 784 815 621 878 41 540 1000 806 255 629 6 886 649 548 916 605 140 690 639 775 336 1 11 924 410 914 748 278 776 63 402 902 698 483 942 690 535 835 957 632 26 727 279 946 292 720 790 706 68 411 566 815 864 516 230 315 27 231 279 450 379 740 814 919 785 658 629 417 640 61 685 354 39 91 692 590 475 285 883 130 644 598 692 909 941 813 406 473 256 234 760 391 327 912 333 169 645 821 140 665 952 551 570 79 169 426 732 33 700 344 853 178 593 526 631 360 490 484 84 73 214 464 409 655 605 11 493 421 31 191 346 832 656 444 233 200 458 878 305 127 365 8 803 959 503 671 11 502 683 258 280 946 97 429 350 849 193 91 837 387 788 984 976 657 397 967 130 684 532 975 846 208 414 120 193 83 794 935 154 596 358 596 809 426 146 461 717 312 597 581 296 373 799 645 99 298 469 365 740 183 551 457 417 554 115 124 868 394 206 665 977 799 734 322 14 536 715 654 985 851 144 493 165 191 467 628 785 260 643 15 823 854 640 449 479 990 315 889 931 233 110 321 884 863 126 683 203 699 331 56 255 664 507 982 712 385 390 645 485 753 511 825 262 270 791 624 442 369 276 725 308 591 648 954 407 625 989 190 930 439 898 140 663 606 163 867 321 752 294 765 297 53 483 760 388 972 902 878 12 863 975 979 876 346 602 191 594 108 108 263 523 470 998 992 660 434 397 176 31 127 857 629 776 983 928 685 530 13
604
106 808 112 747 219 973 917 892 246 905 517 774 612 524 237 612 434 2 466 465 59 496 736 755 544 606 921 616 684 266 134 502 153 218 133 928 729 510 729 289 609 424 309 127 180 971 785 174 228 314 125 872 596 65 430 596 384 17 269 888 991 720 250 985 210 377 626 840 254 470 298 977 120 253 959 484 607 907 291 504 67 551 804 236 86 207 149 628 820 914 59 918 181 912 27 832 252 285 499 489 109 127 537 756 710 301 958 312 184 651 831 575 292 927 11 256 525 606 572 177 120 178 273 228 235 83 6 643 719 72 979 356 520 403 962 667 358 693 189 238 226 226 19 287 478 381 593 420 819 9 495 38 95 556 380 278 929 66 667 169 749 484 853 158 88 698 70 679 600 871 294 478 730 958 993 498 317 984 901 99 698 794 317 452 308 45 767 975 370 579 515 636 862 97 543 471 85 41 634 439 77 557 88 633 910 268 567 988 116 734 146 730 804 833 333 29 202 552 244 860 669 683 425 563 274 730 33 164 698 678 37 256 754 312 958 939 351 586 646 382 670 336 444 506 511 846 280 505 360 438 753 20 239 889 234 79 868 98 769 374 633 252 991 117 29 382 414 602 966 270 413 269 532 751 279 939 430 319 212 337 257 674 244 698 322 318 356 607 100 528 589 572 697 804 960 364 717 85 979 78 31 453 321 302 99 428 568 599 871 626 7 129 148 830 3 43 890 830 51 599 826 542 921 445 949 741 421 1000 691 413 469 56 278 684 613 432 918 819 851 749 162 464 150 654 730 850 88 614 346 879 858 382 744 97 135 355 73 193 989 275 236 500 450 54 419 422 251 32 533 348 317 845 961 517 909 568 894 614 195 281 360 793 761 572 373 831 933 259 808 244 405 499 915 86 634 861 782 838 352 406 931 604 847 805 623 25 474 830 741 870 125 154 652 145 702 581 721 701 719 699 898 359 41 979 618 355 847 834 257 348 413 722 274 473 241 554 594 246 559 400 323 80 165 635 36 966 665 657 130 956 215 415 35 172 881 179 348 145 238 304 919 411 432 555 869 563 136 438 557 19 514 562 643 933 577 317 741 424 310 305 658 463 404 607 760 107 593 936 235 630 241 790 275 614 997 219 708 116 245 863 792 625 212 35 26 391 243 129 340 965 796 654 367 678 365 248 765 10 620 157 435 961 335 503 156 418 833 596 156 853 69 400 15 668 460 74 151 897 768 160 925 66 451 311 306 728 387 780 100 907 104 32 83 22 820 533 554 359 343 691 272 142 58 351 5 958 952 24 364 874 791 68 524 405 791 114 622 928 695 437 464 478 822 720 678 403 346 316 545 657 963 892 749 584 63 84 434 130 313 879 214 699 932 514
40
58 182 114 680 267 177 324 631 351 887 983 869 799 931 817 880 585 756 482 643 710 542 705 149 845 466 580 462 481 611 634 716 697 229 756 317 209 943 718 7
565
171 713 776 173 70 841 745 483 878 601 795 881 690 857 550 105 551 701 917 273 493 341 811 497 107 765 934 407 975 29 324 869 44 720 794 785 320 794 842 378 93 461 190 69 276 593 86 764 990 59 556 931 678 546 97 275 780 915 330 905 406 527 602 621 390 945 829 106 531 886 87 200 267 1000 788 379 418 594 66 479 390 941 917 354 994 225 436 215 622 223 401 921 821 53 54 138 708 295 40 567 706 670 862 567 264 247 568 33 357 126 298 633 830 333 148 612 357 751 449 193 376 414 453 663 891 15 265 757 777 787 1 526 884 493 755 566 169 68 725 810 617 816 337 437 88 991 259 213 548 862 880 814 277 273 434 296 425 935 804 475 146 96 732 948 126 15 313 413 919 673 856 67 206 709 727 639 3 834 696 585 545 83 478 679 77 300 706 887 275 21 255 306 338 231 528 535 461 550 392 83 832 763 930 544 383 398 62 633 674 662 559 746 53 332 619 749 193 124 844 933 575 656 543 925 661 858 125 128 79 534 725 98 635 713 651 936 227 812 314 661 240 383 524 491 343 865 20 646 801 13 949 211 319 429 833 971 671 758 259 829 487 863 766 285 854 343 783 85 692 374 415 916 199 56 342 835 411 409 840 881 99 229 832 664 675 104 12 950 414 860 642 141 703 127 594 45 492 963 274 693 699 435 481 207 71 480 626 991 250 632 969 925 452 814 112 430 419 70 902 182 312 762 934 857 343 452 825 601 565 184 253 29 56 674 741 774 77 399 68 237 613 70 902 196 426 521 783 483 493 872 208 847 308 782 239 159 531 589 322 997 458 969 753 359 766 321 272 80 443 731 835 521 606 937 89 826 297 91 289 345 918 259 165 185 371 111 439 613 923 402 325 395 209 311 528 33 764 855 111 644 550 965 68 587 405 828 6 486 611 472 646 677 163 444 133 710 588 549 174 26 418 805 378 532 274 588 86 823 713 672 497 504 984 221 297 284 937 310 708 51 165 952 641 308 958 551 444 975 637 657 798 616 374 23 991 815 547 892 553 825 545 334 668 935 250 435 983 999 284 362 341 205 589 98 178 703 916 141 650 421 766 470 747 39 735 463 104 164 52 265 480 131 581 44 532 148 268 435 173 621 60 62 376 535 817 934 800 606 545 875 652 179 979 773 676 190 809 505 14 927 32 585 143 107 697 967 960 898 68 207 160 521 152 819 139 228 457 474 86 443 587 413 512 176 783 19 27 390 480 747 510 72 790 403 727 992 438 845 719 948 779 248 791 692 340
845
578 988 12 941 15 444 656 648 749 338 169 113 779 540 999 540 590 324 404 142 711 267 490 783 444 255 382 84 425 793 122 270 484 103 673 103 714 937 95 961 498 126 117 272 723 68 507 861 680 681 202 623 112 643 645 380 780 405 258 133 685 534 834 240 118 490 541 318 38 774 561 304 866 43 359 287 260 368 2 36 657 113 778 792 846 781 747 876 461 114 214 525 685 493 447 964 801 964 315 848 236 467 121 834 81 370 199 904 15 321 665 601 977 940 280 531 526 366 104 737 983 652 39 294 163 614 978 809 507 223 128 322 753 550 458 245 96 392 938 409 64 610 282 93 479 878 471 85 117 722 635 946 834 758 637 470 670 882 944 291 943 143 69 174 302 151 35 508 555 803 995 245 470 772 205 299 295 487 766 927 550 424 33 591 520 376 109 962 532 210 93 474 212 519 120 512 802 801 644 299 329 275 363 471 684 257 630 885 823 336 209 270 753 340 210 432 709 594 788 472 514 927 260 51 356 450 245 179 718 954 141 201 702 495 576 627 224 103 335 950 694 497 797 793 976 344 488 623 957 235 239 830 528 283 91 569 441 758 560 354 298 169 295 866 886 18 774 697 701 841 94 498 795 689 464 737 575 209 173 536 803 918 778 94 489 110 435 509 547 327 721 355 880 925 836 304 887 841 412 302 884 816 108 464 472 557 330 319 906 847 864 749 898 494 121 868 886 659 305 390 448 169 516 405 161 129 445 200 712 114 24 480 985 526 795 71 989 695 624 32 23 664 903 983 113 691 562 458 88 136 178 543 723 570 498 895 642 746 608 760 479 514 953 7 687 818 446 114 615 472 665 138 828 725 520 650 132 506 51 212 383 312 600 745 103 774 129 292 980 173 245 887 668 855 369 986 57 527 98 124 207 179 275 962 529 67 639 364 270 521 210 119 816 135 796 242 638 497 463 514 250 94 829 374 124 281 72 620 582 375 53 248 817 376 136 463 452 407 156 196 755 894 797 135 831 677 334 948 923 696 603 483 235 359 526 30 716 904 870 314 854 914 574 852 823 721 912 272 605 267 319 790 212 902 580 673 390 885 254 560 379 744 475 883 505 172 830 933 399 831 426 726 411 824 947 289 103 165 530 596 279 455 591 584 602 84 151 975 512 486 131 874 431 551 802 781 4 42 825 201 535 792 413 576 214 509 535 614 717 304 429 905 886 650 458 107 566 699 313 1 62 917 508 918 993 156 358 76 948 77 346 50 802 913 914 902 349 900 303 565 95 386 514 254 588 520 919 317 796 392 927 376 3 82 860 976 504 116 189 392 169 839 821 250 954 262 501 769 654 749 54 913 339 778 174 507 229 80 359 576 940 168 75 591 788 611 158 786 560 800 775 831 582 791 960 613 329 45 120 131 358 638 272 60 10 127 906 880 238 66 168 983 224 466 828 550 150 481 809 123 919 606 160 521 534 745 828 334 376 211 568 493 60 622 629 197 587 925 140 671 832 704 739 823 278 891 162 801 747 177 325 113 818 213 957 722 295 114 241 829 449 46 382 809 784 131 247 935 126 817 791 589 193 933 263 752 372 60 966 694 3 72 644 797 708 52 521 611 401 737 85 381 346 643 420 323 548 735 817 148 370 691 960 593 582 600 893 895 763 352 661 489 108 229 498 82 607 60 918 669 609 636 295 757 367 567 362 128 867 157 59 208 211 277 58 2 81 831 338 96 632 339 794 19 909 346 157 480 357 809 34 914 936 162 627 582 950 439 942 318 746 630 741 73 765 990 441 836 851 480 59 632 393 793 671 755 489 776 859 278 432 518 778 121 485 779 518 283 103 152 806 456 313 544 933 454 504 933 439 104 406 877 467 688 170 67 136 357 778 360 25 823 604 275 822 657 593 632 383 6 183 447 744 98 772
654
114 146 735 619 761 581 896 632 128 91 667 29 902 313 343 769 411 983 525 557 894 61 11 878 538 958 105 577 583 247 689 854 726 266 612 236 222 929 37 193 179 442 962 251 143 256 164 220 760 220 156 460 129 69 581 545 967 515 402 243 67 141 135 612 884 666 171 779 253 1 449 170 374 338 469 208 186 671 306 960 761 588 489 272 345 906 19 814 776 361 900 808 38 936 956 841 142 121 283 266 882 997 557 989 486 28 12 175 999 947 83 857 955 807 470 67 620 888 551 743 975 656 685 417 889 193 700 272 374 1 200 145 341 272 282 686 278 666 416 574 54 388 603 724 306 113 716 607 680 869 628 430 875 295 470 24 650 345 996 743 203 192 988 878 984 499 792 446 739 596 134 790 241 406 975 172 482 100 255 358 339 137 543 13 701 479 705 926 968 525 25 26 175 241 175 492 539 709 346 666 473 401 153 710 681 719 74 74 270 323 676 6 522 451 261 246 55 11 179 437 687 734 276 850 50 749 456 942 198 777 167 888 716 678 494 452 571 870 154 611 399 8 661 910 692 45 376 41 175 349 819 65 656 814 19 15 651 240 151 902 362 851 746 784 879 434 298 834 881 678 228 841 353 241 702 892 628 87 430 194 739 371 300 356 859 348 56 546 646 950 153 147 390 665 367 334 945 129 702 29 747 819 249 773 489 470 317 458 961 80 917 707 14 593 450 40 947 140 678 298 632 604 413 988 187 244 873 650 688 345 97 269 876 802 760 720 576 10 510 318 138 576 530 854 568 43 776 465 460 466 695 255 133 907 896 290 542 693 879 129 179 54 905 821 523 175 44 630 212 85 445 134 409 246 888 952 987 396 642 8 251 193 847 719 335 277 397 210 754 615 788 656 263 752 844 703 42 650 709 636 125 595 399 762 1 98 255 980 650 524 699 488 175 312 780 425 227 351 254 747 554 838 302 797 394 201 304 723 534 478 691 280 594 869 850 203 855 25 429 343 546 596 215 765 820 921 251 581 547 339 94 49 98 337 980 239 641 586 635 883 94 735 869 367 882 780 834 606 638 473 456 242 812 754 885 413 679 595 532 278 438 99 822 499 373 719 418 730 4 178 843 501 348 295 745 964 64 311 836 909 628 605 30 963 130 195 99 137 501 529 611 152 851 646 458 280 1 757 332 341 6 505 408 782 686 448 776 167 718 994 453 354 235 986 63 25 845 222 228 919 706 111 157 682 985 913 93 419 237 806 426 772 45 882 245 774 209 717 83 38 826 592 411 219 173 326 456 938 760 279 458 285 215 997 156 721 535 845 264 302 555 467 127 809 301 970 381 920 343 799 42 435 730 568 274 95 685 23 946 192 603 623 601 986 335 976 825 350 685 129 120 971 469 841 265 292 345 783 310 201 952 206 961 205 457 585 463 128 24 823 267 11 769 675 88 825 233 148 249 856 393 249 165 979 865 559 573 507 609 125 859 333 582 327
733
811 775 683 711 397 643 985 268 234 205 740 500 17 255 12 451 513 654 526 73 264 334 810 38 490 380 556 969 474 547 840 685 867 390 205 163 147 650 301 298 764 91 698 922 209 37 768 487 842 216 950 448 335 1 954 978 705 555 194 580 608 762 10 343 573 53 473 521 271 751 28 633 938 587 860 377 934 270 684 921 310 930 252 761 872 706 802 321 434 152 721 491 209 766 655 303 694 103 243 945 24 640 385 603 398 351 893 240 677 362 889 134 210 937 165 693 928 339 314 569 294 527 144 955 196 354 878 425 563 106 538 1 950 365 580 524 715 632 402 534 360 864 863 638 588 617 178 673 95 970 161 120 472 452 783 484 797 475 267 176 350 940 682 547 159 866 24 806 987 213 295 62 897 425 124 928 646 222 858 211 931 777 65 620 139 840 84 912 885 912 560 853 16 262 197 233 562 806 609 799 615 251 165 108 633 934 4 410 69 962 211 783 524 269 806 470 21 8 810 740 504 694 837 872 169 781 278 956 935 38 237 832 358 469 723 199 791 366 547 544 115 290 478 83 267 357 276 372 519 772 301 430 547 176 687 104 982 534 759 23 199 486 673 426 598 345 926 760 322 815 257 833 822 689 711 89 450 317 526 682 394 258 673 468 41 727 427 679 813 403 65 803 192 841 594 886 613 233 165 671 801 631 206 932 71 321 898 201 289 59 773 139 748 329 593 211 931 606 228 29 69 469 471 950 830 935 887 969 760 284 29 328 803 963 739 568 878 927 866 799 186 132 514 889 765 324 127 654 739 716 452 302 500 119 713 873 792 826 116 112 109 506 342 351 257 524 206 747 953 886 655 549 634 814 921 620 347 434 746 337 89 829 410 176 189 745 108 481 95 454 787 34 740 749 945 455 383 899 129 324 953 76 30 243 880 190 320 458 638 932 481 286 384 386 510 514 263 542 936 300 430 658 705 694 305 833 234 261 210 143 193 926 581 772 721 644 136 170 143 138 55 341 230 789 120 348 146 720 755 789 215 961 819 494 438 452 718 23 213 924 136 78 124 627 356 715 549 458 701 495 274 910 16 545 819 547 311 779 938 278 177 700 78 305 488 600 805 266 344 624 186 851 479 501 419 342 988 433 672 225 769 26 439 937 61 969 461 863 844 685 434 742 372 395 129 3 339 104 517 287 301 568 120 529 221 980 235 415 905 324 465 991 822 41 676 677 562 249 321 677 889 43 514 375 926 305 990 929 841 207 748 467 497 375 814 955 711 791 135 5 966 424 442 372 420 901 845 290 11 683 753 485 638 279 850 59 468 376 901 358 265 543 666 548 496 283 689 678 736 237 400 428 455 634 762 890 918 448 579 856 306 348 387 57 14 650 165 933 5 824 51 781 224 936 195 770 90 339 551 562 105 495 590 763 851 695 321 95 946 505 425 443 972 407 189 544 462 161 34 547 74 119 531 569 204 37 932 512 143 362 142 138 134 670 22 631 61 744 886 916 31 560 595 605 99 877 551 472 949 99 404 862 379 419 913 418 469 839 539 31 93 453 982 458 631 380 106 212 896 457 454 869 285 89 671 531 614 828 358 317 516 171 137 612 687 847 925 587 521 445 915 784 70 791 243 669 952 43 70 494 328 409 474 950 330 599 534 237 69 482 114 279 38
660
734 10 538 713 652 890 537 963 57 550 637 261 532 383 23 593 573 820 558 193 143 255 134 88 822 966 308 132 981 840 589 357 485 484 685 328 81 251 628 802 544 396 610 916 187 476 142 297 656 430 300 647 36 348 15 324 607 562 76 149 94 566 689 403 704 419 761 38 699 918 642 703 226 747 425 411 853 910 905 796 436 998 455 240 766 563 349 932 646 953 987 887 268 43 304 247 830 725 297 460 892 690 94 584 742 301 523 715 111 453 994 165 514 176 881 882 800 72 752 941 637 528 973 769 202 991 481 228 696 852 972 177 795 560 24 370 682 427 394 456 34 89 237 482 83 441 646 368 625 117 82 643 835 989 702 318 171 708 853 323 315 1 940 508 628 184 569 790 662 17 973 249 357 186 405 222 80 862 568 739 872 728 864 585 889 171 706 665 383 148 889 489 630 247 325 762 728 740 107 561 562 615 169 635 103 984 968 248 474 765 630 842 654 566 702 877 747 734 448 862 394 44 159 458 377 572 40 368 269 300 305 89 183 109 491 881 70 423 383 58 434 120 659 16 744 127 783 401 57 562 246 590 229 596 491 422 37 675 853 657 660 377 509 286 332 270 884 358 344 755 511 816 486 396 904 419 555 432 690 367 925 211 29 1 858 123 185 30 116 909 447 822 397 149 908 203 546 701 463 637 150 312 914 49 890 843 739 418 997 689 572 97 828 243 509 872 354 765 143 765 93 438 275 518 860 421 36 264 836 456 691 826 80 201 144 125 56 686 540 751 992 924 85 545 100 596 781 41 592 39 588 758 951 658 134 863 815 408 882 601 92 67 945 292 417 829 641 74 737 975 394 433 931 871 311 174 992 943 521 856 788 543 142 325 90 762 50 351 821 304 301 836 826 124 51 837 858 342 793 567 254 487 148 901 332 860 555 993 654 315 280 979 828 623 373 87 907 900 698 781 886 189 888 647 801 752 743 934 267 862 895 409 851 909 159 731 884 248 414 775 774 416 756 381 463 806 852 800 601 764 90 692 174 14 46 223 608 373 751 489 495 391 591 317 901 220 829 995 308 346 130 958 589 926 604 483 286 523 913 24 799 947 675 552 140 947 197 709 969 232 371 672 749 406 512 90 979 777 234 304 459 688 826 902 763 422 99 330 321 783 512 281 892 540 352 36 27 303 478 983 891 911 8 113 785 573 135 925 453 839 165 535 105 944 620 114 131 892 276 456 961 203 700 994 811 428 19 135 962 98 783 640 82 727 300 600 517 576 89 129 640 416 586 131 801 213 443 692 293 121 686 414 703 16 814 989 191 31 200 152 98 494 463 306 890 962 860 411 504 113 547 892 799 725 10 849 79 821 388 507 284 257 264 945 11 41 832 871 377 564 458 831 930 685 786 858 469 737 581 958 142 426 421 975 160 153 325 175 579 356 914 493 211 548 946 978 230 130 731 940 204 679 730 375 383 960 862 376 362 373 775 776 14 989 788 676 96 695 384 45
519
89 650 268 309 801 619 344 47 685 658 312 872 609 72 492 585 842 323 283 654 335 251 431 515 687 182 617 39 188 77 7 783 921 910 670 339 896 334 401 673 281 293 285 467 313 146 80 752 167 480 1 280 269 516 549 381 895 926 790 508 517 843 391 681 849 195 472 819 481 916 907 278 845 381 75 278 618 246 552 270 617 869 9 535 505 465 264 130 474 620 142 684 103 9 4 604 513 829 562 269 314 848 626 383 24 603 892 870 451 937 194 646 782 255 29 605 567 830 611 773 892 694 705 209 971 818 397 420 807 940 466 22 623 546 600 701 831 659 970 537 472 946 120 167 145 71 455 416 270 444 691 136 15 990 86 553 606 691 645 319 745 575 193 667 355 651 481 660 22 907 754 192 517 778 806 155 35 881 489 163 682 724 215 354 275 527 426 57 710 122 915 804 272 616 862 274 597 885 75 98 609 282 104 232 908 820 461 603 479 621 539 882 346 585 687 428 428 261 257 885 817 282 279 156 46 550 664 130 207 447 871 658 896 120 854 215 248 96 663 462 254 467 90 195 665 283 317 581 708 103 940 689 22 534 806 359 126 750 42 893 864 278 746 516 529 253 39 327 306 886 600 886 329 813 350 828 891 686 192 446 171 578 162 748 754 342 508 998 778 616 828 647 456 823 971 391 939 187 805 382 532 676 417 199 240 791 38 69 993 639 490 494 241 174 398 373 237 994 260 212 799 318 350 925 577 361 827 281 982 287 342 421 747 580 135 235 943 462 1000 214 5 745 189 105 892 712 127 57 664 19 62 999 57 242 733 949 235 963 258 414 203 68 203 15 155 172 228 732 421 827 93 612 323 466 183 287 355 49 627 2 741 676 220 737 264 262 85 363 5 982 31 387 178 461 383 876 405 453 273 105 208 218 45 804 868 707 513 876 784 123 715 236 782 870 887 725 255 977 672 561 600 75 198 283 563 474 819 772 587 693 14 277 774 981 19 87 81 701 760 318 899 27 743 760 840 764 923 854 144 110 402 896 100 852 445 523 506 670 494 979 335 561 943 392 687 646 904 139 921 933 133 162 556 416 948 764 216 582 914 41 894 970 890 332 706 168 340 379 141 731 98 888 666 476 35 797 542 862 860 295 357 989 262 360 307 909 680 859 209 476 151 295 45 685 970 891 759 982 856
736
762 52 990 791 265 95 494 536 200 518 576 698 686 54 245 789 266 138 794 35 250 4 137 185 164 178 423 797 331 447 64 327 746 995 599 428 580 640 499 677 564 434 563 330 207 336 616 71 232 88 186 874 136 739 338 57 545 850 42 161 889 103 59 608 99 136 674 398 678 490 636 566 885 847 180 132 171 176 861 45 70 151 923 392 646 997 462 794 814 366 527 157 528 247 998 333 565 820 106 952 828 407 740 499 41 462 604 349 330 278 149 999 508 549 333 88 741 553 566 976 978 365 610 887 480 944 516 92 133 112 264 793 727 457 794 142 689 321 355 981 149 928 518 170 410 63 967 796 739 925 154 980 370 734 679 311 226 961 445 556 677 201 655 555 622 236 702 634 584 313 827 842 869 916 747 536 531 992 400 49 922 364 119 786 442 678 900 324 809 896 278 181 830 234 742 771 379 450 811 492 458 175 865 818 273 156 416 196 574 979 754 353 474 661 514 611 370 521 611 737 336 458 206 410 179 518 623 197 152 109 885 865 239 447 811 2 377 671 715 633 881 349 890 249 936 918 298 31 710 449 249 829 163 382 427 979 950 334 958 113 317 294 160 737 512 456 353 861 415 683 701 663 375 986 47 640 784 139 82 784 818 940 86 245 641 317 701 581 957 27 68 861 790 95 816 499 572 12 446 261 778 804 480 407 783 746 882 600 286 639 243 844 548 262 54 82 392 138 854 317 717 206 709 933 747 153 171 2 562 257 148 66 289 691 859 808 36 510 680 249 367 569 678 483 771 17 151 114 739 397 123 847 248 584 49 105 615 210 521 834 272 361 915 334 765 615 872 928 541 222 234 335 177 398 726 183 588 87 128 672 97 923 807 852 818 412 174 511 782 183 858 828 90 586 786 527 779 428 421 65 739 189 497 789 432 715 925 486 405 660 62 540 762 287 637 121 735 492 522 793 774 958 668 283 322 198 280 109 615 215 943 211 385 238 909 915 412 656 726 884 698 264 916 430 795 856 692 714 140 663 656 468 621 533 771 637 944 264 951 864 993 851 171 360 48 976 53 632 147 276 231 599 913 676 818 260 967 763 650 784 132 250 289 734 498 789 330 183 818 56 180 960 591 806 712 824 67 409 207 204 190 756 187 355 723 735 192 559 849 35 259 923 773 616 766 939 993 22 933 13 788 908 312 533 806 303 864 580 440 558 683 803 883 987 258 671 306 543 942 422 797 487 110 931 492 16 164 940 431 603 272 303 971 414 381 468 689 748 29 328 386 558 321 835 743 782 270 405 13 247 123 451 212 85 883 33 278 133 246 226 782 961 799 734 738 734 232 683 297 556 239 892 173 366 965 980 656 774 348 599 436 257 509 140 698 300 283 415 463 411 976 45 162 723 982 102 668 65 226 903 928 305 536 433 857 768 725 408 262 325 449 252 237 578 481 840 243 757 426 590 700 938 339 901 487 86 814 188 721 752 675 700 967 533 20 865 830 684 551 755 863 895 174 669 65 856 706 371 217 316 271 704 46 605 110 165 534 416 209 4 487 485 925 723 873 11 627 395 899 43 736 521 407 370 255 85 230 888 701 601 115 932 730 40 6 656 655 569 232 180 208 819 148 358 538 566 618 238 175 736 204 597 85 137 87 80 916 990 514 27 330 204 822 26 194 192
773
659 284 978 964 586 856 170 123 96 236 963 673 365 630 747 455 413 957 524 453 859 215 257 719 130 79 159 333 891 413 76 790 750 902 313 241 878 494 519 285 517 589 40 774 769 343 481 375 513 45 181 785 486 237 947 373 300 881 237 87 154 657 190 679 599 355 688 802 889 670 335 870 772 448 855 479 949 484 380 643 801 366 498 991 136 110 269 667 509 678 286 119 640 734 420 167 785 64 811 822 321 158 139 747 496 56 822 87 930 128 108 455 345 1000 482 686 486 244 977 101 753 526 321 263 689 625 269 50 533 5 242 903 980 36 902 681 598 462 828 365 840 160 558 209 756 862 200 878 246 560 139 593 840 165 543 547 311 227 411 811 414 838 900 652 681 70 665 414 214 879 573 506 125 966 938 955 392 723 790 795 687 816 471 833 725 750 458 757 928 383 877 442 656 316 514 656 916 679 527 938 582 23 466 187 824 332 972 800 819 92 138 964 366 53 628 285 855 432 818 640 444 163 602 465 417 789 127 162 17 927 742 435 260 913 977 948 309 177 956 1000 72 839 249 199 453 260 710 519 106 588 693 867 512 560 362 113 105 450 895 520 340 809 89 786 695 413 315 90 294 569 618 609 894 353 802 802 719 209 472 23 928 72 810 733 222 569 231 128 981 248 128 300 585 582 169 563 908 207 975 881 977 46 405 969 734 393 698 710 805 908 768 393 407 652 759 443 846 510 998 641 216 468 462 397 363 864 333 108 200 113 159 838 460 511 60 225 64 340 334 263 207 91 133 399 551 489 566 734 788 515 906 660 945 273 282 219 303 489 264 473 838 182 777 697 559 1000 290 266 562 668 421 106 201 129 639 358 706 219 314 616 396 540 486 649 36 871 957 875 13 135 836 632 669 148 695 207 891 808 285 758 340 985 952 246 707 965 256 234 620 737 39 673 233 126 352 287 370 679 505 11 950 653 256 985 837 397 408 980 19 522 451 395 573 511 21 426 181 380 332 633 362 384 37 54 140 7 205 647 186 778 202 688 664 26 895 793 595 310 393 897 775 824 684 546 495 351 766 600 817 298 334 36 415 503 588 537 986 637 583 289 901 898 396 926 832 887 937 13 834 660 639 37 962 696 717 695 606 884 497 13 25 89 271 618 150 923 471 336 427 416 447 792 731 949 322 163 857 449 965 473 880 901 581 943 599 906 479 312 795 91 778 436 466 983 913 857 99 296 32 444 365 825 581 901 493 903 252 399 785 606 885 941 602 113 406 222 891 124 216 636 40 635 200 10 551 14 94 882 984 688 293 949 175 156 583 476 732 238 442 107 179 391 978 959 347 221 48 199 170 263 794 693 171 949 260 712 658 876 93 772 746 390 484 520 339 237 672 772 811 552 958 351 332 208 75 816 52 884 408 480 499 286 573 902 338 640 637 951 634 820 166 707 768 282 145 699 316 312 466 726 235 642 5 88 139 955 48 805 527 128 810 625 179 549 824 458 204 406 713 862 758 944 29 655 215 661 523 877 984 501 373 514 671 227 957 516 608 674 747 899 839 754 76 111 698 287 756 837 77 324 561 254 286 27 623 178 193 547 385 325 374 83 600 788 973 881 642 440 899 943 913 192 717 411 598 896 367 145 408 629 130 31 474 201 954 166 664 763 541 308 715 935 85 475 19 669 423 6 744 124 832 61 750 767 993 405 643 85 677 566 163 269 867 221 791 201 585 174 930 957 374 923 590 302 255 755 689 493 383 535 9 167 807
809
706 835 247 780 497 867 288 423 846 514 573 711 176 775 691 660 295 839 41 770 131 335 863 632 477 233 663 813 357 194 968 491 90 169 67 850 707 679 684 799 347 82 953 462 6 680 489 590 768 851 70 761 541 641 612 342 995 538 292 922 760 874 237 767 235 853 559 14 379 701 594 799 971 336 270 491 929 980 435 880 580 975 18 846 463 584 945 721 822 480 714 748 568 34 743 700 347 920 347 540 423 679 43 968 797 598 928 870 273 145 265 836 352 853 466 487 187 976 136 296 853 688 17 542 21 101 195 588 128 825 524 511 712 427 265 121 315 704 294 801 380 661 759 512 300 54 696 673 709 818 914 139 462 473 622 201 957 941 207 766 50 241 541 202 898 571 599 392 460 926 218 88 3 7 895 633 93 601 92 143 596 557 305 601 312 717 700 507 106 788 600 777 479 169 42 707 281 627 389 759 173 520 516 663 767 548 399 776 942 153 953 552 699 969 271 852 929 249 883 399 75 879 378 509 489 629 507 207 889 186 306 963 671 106 737 61 224 891 472 152 587 552 721 456 942 805 328 179 930 787 507 318 203 648 946 671 572 176 837 269 720 85 244 33 130 909 471 282 928 612 971 694 476 174 886 233 325 377 363 954 690 45 684 902 193 844 916 274 835 99 274 484 308 846 280 931 128 108 754 641 580 809 769 338 406 733 568 142 778 601 166 847 707 157 930 166 353 211 547 87 78 668 504 869 82 134 726 315 173 560 840 367 803 273 638 405 261 86 332 827 306 363 26 23 235 745 203 947 658 97 954 235 835 172 586 27 593 57 881 339 44 504 33 538 541 109 737 625 908 304 117 303 745 194 530 795 377 964 94 268 883 492 563 573 279 159 536 287 153 245 999 741 511 446 693 169 846 688 851 419 906 556 580 379 667 69 42 215 139 739 793 751 862 369 837 59 623 615 130 631 53 733 531 3 15 890 96 989 327 665 298 610 259 297 415 407 663 659 880 179 765 965 292 603 7 374 706 935 613 949 278 285 382 571 116 957 828 588 939 323 675 890 654 464 369 576 873 12 423 897 287 462 39 735 202 888 289 970 779 562 950 493 982 827 274 688 904 506 220 721 643 374 658 935 952 751 81 509 906 269 657 878 824 646 187 485 342 766 753 888 488 500 777 922 824 862 385 801 344 904 618 346 327 755 230 595 343 253 929 687 914 35 9 293 200 549 854 450 3 992 154 708 388 89 636 108 436 311 537 861 501 588 289 778 240 425 855 538 963 308 544 937 279 624 65 905 402 530 89 396 91 9 210 190 98 155 763 655 81 138 549 155 655 58 897 359 590 784 913 556 324 445 807 925 302 379 80 15 507 834 5 101 722 559 316 174 838 866 522 950 931 171 585 180 575 608 429 925 806 382 584 980 888 53 430 242 595 480 335 498 887 25 253 281 912 256 543 995 682 73 795 301 787 20 962 855 496 488 17 170 304 724 198 3 431 551 724 457 446 599 433 374 359 140 708 174 50 452 27 383 241 47 974 346 106 80 996 406 934 742 909 181 606 262 893 713 196 370 425 89 437 610 668 785 485 334 853 662 344 306 512 654 351 242 754 41 512 19 335 68 541 974 944 807 486 68 732 217 559 621 903 729 505 931 703 364 692 660 971 559 568 472 202 674 83 526 907 291 509 828 645 497 836 394 736 502 897 936 385 689 748 549 445 174 279 21 843 265 334 834 785 222 120 160 997 318 160 462 813 824 270 849 97 877 702 760 403 196 536 949 441 764 57 394 886 105 760 25 130 873 651 862 209 58 8 652 450 312 674 99 2 179 965 166 336 72 154 995 792
442
426 398 532 899 751 594 848 616 94 932 231 585 675 800 716 859 803 656 291 261 401 971 893 642 5 335 896 226 799 115 256 850 371 622 213 336 557 575 47 758 125 550 27 861 248 250 10 156 493 492 789 188 182 999 990 659 73 712 18 925 834 519 737 682 712 113 159 614 565 146 116 954 983 665 381 290 11 555 941 270 613 104 411 618 353 842 878 462 2 113 843 871 484 92 867 648 101 677 343 952 860 157 201 859 689 866 958 46 463 630 514 185 988 140 574 276 29 422 635 724 281 976 298 665 332 753 94 846 683 795 321 869 530 187 565 973 666 438 792 634 11 162 537 843 285 238 89 650 933 226 661 16 163 752 808 366 1000 926 4 791 552 213 854 647 535 118 392 866 193 674 818 705 55 928 769 235 438 810 320 160 988 774 836 843 870 709 534 491 506 827 820 912 86 487 496 574 811 631 386 914 822 144 698 69 926 407 475 319 33 760 534 713 160 869 587 796 173 414 701 61 217 507 704 674 958 430 59 296 312 98 906 110 516 830 678 138 343 419 129 947 81 660 253 643 829 295 30 838 487 591 429 695 953 94 587 221 69 851 408 592 741 328 695 650 290 141 294 132 181 182 694 306 925 138 532 58 378 203 228 698 381 212 276 879 889 961 658 454 242 756 618 982 206 36 990 124 513 192 537 163 166 346 983 637 526 394 95 39 101 278 374 547 424 352 99 486 850 352 223 310 880 195 175 774 754 357 574 512 261 960 735 665 122 469 391 668 461 777 91 502 290 72 326 420 392 718 450 485 554 515 869 62 683 374 80 877 580 746 963 326 577 51 482 27 243 518 544 335 163 761 72 544 665 473 155 52 701 609 971 680 880 81 796 411 688 323 891 679 718 347 582 554 442 199 789 277 679 759 161 51 350 401 229 838 877 583 692 45 292 198 944 724 523 873 587 527 777 888 84 299 529 923 456 886 606 838 532 964 202 775 963 534 400 67 52 617 690 458 185 693 792 396
198
671 126 64 232 21 730 103 624 451 206 251 933 286 69 639 922 827 341 717 302 380 62 518 890 955 214 35 930 670 275 521 521 666 29 743 669 492 2 189 84 628 716 408 995 186 52 847 10 390 758 234 4 747 503 735 243 414 442 91 280 969 162 272 934 223 215 517 875 91 701 564 290 974 694 24 680 865 360 898 761 786 958 596 813 884 769 110 156 495 90 467 434 845 31 728 343 54 46 780 251 208 346 660 610 643 79 579 713 724 552 966 394 868 764 929 322 542 221 370 903 519 81 98 353 157 823 464 313 513 551 777 288 91 802 187 937 350 484 50 197 643 873 720 945 627 121 243 785 767 23 43 228 493 311 24 932 568 306 211 982 641 80 935 457 49 630 591 106 211 275 993 155 264 956 357 421 939 728 457 138 739 597 363 304 760 973 157 989 543 909 500 983 71 437 382 756 395 779
648
47 964 296 119 590 509 998 5 527 173 563 182 613 68 721 726 154 247 550 533 438 843 843 674 985 729 222 367 808 487 135 794 238 217 992 548 665 53 471 959 327 364 491 25 347 942 2 992 169 314 371 913 687 664 654 328 401 161 79 575 303 358 539 554 491 199 180 83 319 500 917 210 29 578 90 471 192 822 822 68 26 49 145 33 336 553 528 18 46 898 463 429 399 666 30 689 802 620 246 58 953 306 523 411 529 752 207 167 698 180 233 131 120 368 803 309 352 925 949 551 385 218 548 396 617 897 628 899 119 649 47 9 964 677 169 260 107 803 40 25 921 139 82 91 560 283 563 222 78 34 362 183 917 743 906 458 901 346 14 67 764 532 607 26 51 895 430 932 267 733 888 706 175 98 177 115 296 522 576 479 337 118 387 94 831 450 194 878 25 968 306 109 739 736 179 33 993 527 612 339 569 96 268 242 634 738 899 537 858 421 249 789 997 908 96 317 921 842 119 580 85 419 383 925 880 157 692 945 23 857 847 363 425 949 346 112 284 993 676 800 743 439 20 229 788 504 482 97 600 29 467 655 141 876 942 591 820 218 347 152 670 914 400 281 825 608 628 601 699 985 249 393 800 378 572 524 455 901 169 195 230 890 580 197 910 317 863 898 839 736 172 120 85 605 366 579 961 589 975 255 375 315 45 91 793 371 454 150 263 620 92 988 645 358 517 583 551 809 613 168 759 723 985 964 794 507 845 589 405 902 322 933 65 68 390 933 797 720 952 966 962 569 162 956 829 316 105 134 261 194 692 88 581 745 183 545 723 962 696 849 172 974 129 408 133 3 333 67 376 947 235 654 417 649 330 211 819 991 857 609 369 53 870 528 136 845 4 651 532 905 439 602 852 341 145 50 228 680 142 441 588 962 1 275 771 554 848 908 605 215 539 189 474 726 780 261 308 556 348 532 892 692 412 39 331 349 893 26 217 959 518 187 160 597 33 801 223 317 63 431 727 170 574 681 490 546 355 412 868 989 83 997 115 94 746 625 886 686 652 411 300 800 403 100 394 403 494 649 348 950 800 121 226 753 152 314 562 404 957 448 926 679 789 422 601 126 66 215 681 294 745 449 987 672 28 278 970 225 806 913 488 112 355 736 486 391 262 200 168 613 431 735 176 864 294 922 107 142 298 218 331 960 850 673 85 479 880 434 38 889 115 195 734 48 345 672 817 218 348 966 216 902 939 281 56 283 66 144 570 809 932 167 472 53 493 150 232 159 577 322 273 178 310 343 432 107 96 742 166 335 660 603 330 526 670 14 204 364 998 269 780 614 127 603 288 892 349 516 229 894 637 260 256 49 745 363 41 873 135 568 426 748 777 771 394 718 414 921 614 84 910 190 4 364 120 40 212 731 906 509 38 518 429 996 730 110 834 553 345 121 664 712 953 604 573 533 63 864 127 433 999 119 368 643 644 40 643 573
282
773 644 882 816 446 161 910 624 99 989 955 965 869 105 447 34 817 286 774 864 19 535 134 126 80 711 271 467 288 923 32 134 387 41 659 947 959 392 597 713 723 981 146 834 856 44 562 619 120 640 881 467 807 115 764 972 856 157 57 375 637 380 522 384 524 345 555 803 161 272 742 202 314 148 957 579 254 951 81 875 927 365 544 154 571 683 374 294 902 369 283 257 769 943 468 903 898 919 513 388 2 234 588 569 305 532 238 622 436 678 24 569 738 296 604 189 744 518 719 486 272 342 432 592 196 273 918 306 541 356 557 718 357 594 549 607 958 34 235 310 256 317 528 750 984 394 645 846 912 62 799 128 72 608 196 744 460 851 598 457 982 110 532 975 247 445 849 990 889 893 324 99 871 711 234 108 454 666 656 467 531 950 670 754 16 786 751 667 946 884 850 311 190 44 971 313 219 424 985 949 799 640 959 292 529 346 446 988 383 219 807 562 801 2 127 8 34 976 885 655 366 55 402 940 431 462 293 637 402 734 260 607 517 44 63 361 128 11 733 936 456 845 217 842 161 883 6 188 252 114 748 244 853 865 862 784 362 436 766 988 869 425 285 335 258 662 56 907 253 692 323 22 116 204 298 474 982 402 423 397 551 742
507
87 450 8 511 131 427 37 321 302 418 442 189 548 558 558 224 145 778 521 591 961 290 653 600 5 745 115 835 464 759 624 508 929 736 152 922 51 75 822 464 826 217 636 623 285 498 860 121 506 274 805 22 39 626 858 407 30 416 824 184 202 206 772 199 6 916 134 358 248 813 669 943 841 114 609 743 731 999 671 264 958 274 323 829 634 143 286 297 402 753 111 34 102 351 163 984 321 881 767 327 765 28 952 18 452 93 92 770 983 624 100 280 64 660 455 649 163 899 1000 451 707 650 138 486 958 73 884 901 576 6 314 671 652 997 968 567 236 419 397 404 671 488 906 215 885 278 493 565 358 502 670 277 984 46 599 189 704 812 951 590 570 412 6 101 349 19 153 245 486 941 675 190 870 698 286 976 965 758 216 331 989 433 456 171 511 302 693 454 119 446 912 544 191 879 689 255 338 688 964 709 750 990 357 537 460 331 124 137 509 837 498 675 833 365 392 585 976 522 699 417 74 594 546 753 529 21 851 689 724 550 243 541 822 205 225 967 477 44 351 850 17 627 739 252 435 18 669 175 548 902 346 901 758 50 156 504 648 52 62 816 876 110 739 940 443 172 867 320 514 780 167 524 619 329 384 305 320 175 570 320 146 488 242 389 284 977 755 485 533 350 760 92 40 11 591 575 815 312 565 596 653 44 316 250 112 526 977 208 835 309 647 347 565 826 804 507 420 721 20 348 103 860 453 67 18 199 159 261 95 453 82 699 238 287 271 799 274 136 879 902 58 473 962 321 847 15 312 283 906 695 16 55 912 550 128 158 440 953 208 448 40 311 147 938 988 537 814 211 824 214 94 567 536 18 285 975 754 897 178 301 76 659 93 455 661 616 311 552 5 646 796 805 863 682 838 44 121 801 854 1000 745 455 400 416 582 338 492 151 388 498 210 880 398 893 727 888 710 587 785 13 77 394 625 129 640 292 57 657 429 856 810 450 164 125 344 349 413 653 603 253 111 780 103 9 45 176 676 419 229 967 715 718 946 7 540 501 434 635 889 999 126 387 878 116 349 979 277 567 747 210 118 690 866 967 312 542 161 403 191 680 278 77 327 496 160 721 539 296 406 300 401 859 813 369 865 95 885 844 216 891 712 371 63 673 437 967 273
154
573 164 382 641 136 690 101 614 337 756 687 633 551 663 103 191 94 551 170 914 395 184 803 829 905 422 225 7 721 285 145 431 521 890 357 862 138 887 887 22 782 462 41 202 377 439 678 149 334 810 121 301 751 166 136 909 356 361 797 140 865 596 356 713 676 678 471 709 476 13 661 35 65 805 473 635 766 514 467 896 222 279 591 740 526 740 507 227 524 997 117 571 362 149 411 632 146 444 282 979 186 628 410 849 745 351 105 473 372 855 219 867 416 711 216 603 684 867 945 39 957 421 620 907 797 620 836 746 32 358 936 148 67 459 815 271 129 942 583 350 457 594 598 520 683 926 145 548 331 156 660 494 316 778
345
925 407 300 339 770 982 355 76 586 460 770 987 723 307 462 427 48 905 683 528 593 612 471 398 505 757 265 878 338 916 677 872 721 210 116 47 165 394 798 129 972 68 283 939 246 452 582 602 476 609 749 601 950 180 676 676 72 5 581 907 136 209 302 747 602 486 774 873 455 93 227 212 296 632 653 252 1000 612 179 372 11 916 886 212 38 108 180 94 906 293 784 46 418 472 556 709 507 218 966 876 635 206 657 811 228 733 944 527 290 141 241 742 761 983 190 210 612 258 275 632 985 439 542 18 972 160 898 503 573 671 318 649 384 857 282 431 79 667 746 719 39 964 129 953 723 589 733 483 615 486 691 589 52 486 38 238 489 595 962 95 625 684 189 90 855 956 76 389 508 123 843 140 673 193 134 937 530 491 867 430 90 371 353 844 21 923 837 95 852 997 933 671 67 854 455 234 977 916 165 219 282 637 429 424 671 203 120 512 563 786 125 196 207 481 89 850 890 809 813 292 734 376 434 221 655 834 407 953 912 190 451 566 569 351 12 686 195 387 753 247 464 686 455 919 670 572 12 345 426 639 543 629 907 483 235 483 184 454 527 573 280 384 270 312 738 908 830 802 40 848 815 40 374 985 790 688 346 393 521 689 794 803 418 984 20 304 175 843 763 447 666 560 168 735 824 573 238 792 153 477 274 309 949 555 895 650 755 403 37 427 17 906 222 385 935 266 891 501 807 502 582 469 164 396 164 114 530 701 293 609 983 628 123 291 719 328 561 854 12 870 343 872 234 448 189
883
303 889 17 647 515 781 524 295 55 719 414 916 944 130 101 255 684 147 126 432 175 365 226 861 150 434 695 74 885 545 995 188 241 271 772 362 124 295 104 529 850 253 23 132 100 81 18 167 466 90 994 524 363 7 12 970 662 643 492 207 927 674 874 925 173 644 631 566 756 610 871 530 974 988 648 804 205 101 322 457 862 683 339 750 617 207 442 975 177 888 766 30 896 481 587 333 284 827 524 943 668 430 949 184 278 754 837 595 938 150 616 15 90 589 618 175 699 483 753 754 278 113 285 842 924 723 233 177 46 670 909 485 413 52 934 481 90 238 313 607 180 703 209 795 765 533 452 361 495 902 26 919 883 474 865 907 233 398 153 890 830 913 990 883 261 718 876 450 764 132 4 896 506 849 288 125 678 68 673 447 390 919 86 929 833 777 84 567 43 587 616 411 818 114 517 123 815 688 281 120 933 3 455 914 862 668 16 198 528 749 686 331 52 479 123 269 435 924 416 533 219 703 63 582 749 466 311 348 843 589 834 655 525 717 611 926 302 334 623 705 915 879 316 954 527 755 229 183 766 893 825 756 782 760 467 317 739 567 652 344 619 352 403 908 453 808 955 447 405 837 961 221 27 553 228 860 363 636 499 615 289 244 415 983 533 774 94 724 686 355 226 826 82 393 992 818 140 34 54 532 13 103 2 315 142 66 39 242 903 572 322 933 37 978 710 715 580 941 368 792 440 834 744 685 293 295 998 118 884 569 524 572 292 77 38 652 800 432 577 860 946 609 662 229 383 769 461 990 407 676 229 873 244 612 295 293 212 849 481 466 409 866 702 767 872 902 304 892 362 852 243 875 104 685 223 701 993 135 410 429 112 613 866 365 506 415 686 896 539 589 903 474 748 843 119 516 465 285 932 392 354 682 326 911 5 637 966 237 399 812 957 471 32 784 233 509 892 195 268 857 175 258 110 707 820 847 785 908 977 178 243 669 466 936 593 976 795 670 703 263 575 850 532 201 814 248 995 873 203 889 789 6 798 31 480 659 247 544 763 563 939 345 931 393 135 682 62 467 353 758 23 157 420 72 726 496 247 935 834 290 448 840 296 321 304 723 404 339 740 615 261 307 486 448 560 235 364 554 606 188 881 642 321 415 979 900 179 173 635 924 19 996 82 420 165 917 821 980 640 534 68 879 351 780 396 724 649 175 393 260 62 983 11 167 750 296 608 631 694 610 584 476 809 733 463 306 213 671 252 721 142 140 241 716 305 37 982 80 364 350 980 882 485 114 792 467 228 550 614 648 529 562 829 215 225 343 286 242 194 66 81 268 748 579 98 312 242 944 859 46 761 6 489 156 126 154 341 57 637 820 107 892 764 301 579 173 334 378 129 747 224 754 605 626 920 245 443 953 732 393 616 786 903 540 87 384 516 899 310 679 396 294 797 397 666 596 374 87 141 144 897 47 346 412 178 798 717 524 622 268 544 447 2 790 740 598 150 273 558 300 944 411 363 973 105 562 486 439 51 760 35 744 366 155 844 660 558 270 72 27 859 593 414 910 950 262 305 795 983 993 659 581 118 484 205 827 903 534 505 832 107 858 340 528 110 811 785 703 32 315 364 834 917 389 706 949 953 47 745 178 620 706 225 230 606 390 768 866 804 97 883 115 16 755 792 515 649 591 499 15 99 997 503 440 47 784 479 187 707 510 257 362 793 388 726 418 818 301 860 567 358 20 382 727 591 141 187 331 11 210 52 95 338 849 276 997 258 37 97 680 151 196 174 980 94 243 619 291 589 904 596 118 53 310 544 49 383 322 20 442 562 556 628 280 404 856 834 338 149 464 490 463 487 168 720 968 353 450 487 256 49 228 787 408 729 794 346 480 366 54 494 43 651 63 264 854 719 537 10 591 379 426 350 778 184 999 457 200 95 181 899 176 377 445 50 966 211 968 766 275 840 278 444 620 675 726 393 904 616 796 141 180 471 993 35 297 68 69 265 707 858 610 918
295
966 142 399 696 632 830 95 989 847 427 667 369 366 891 859 948 865 883 429 88 432 676 540 604 818 665 882 62 490 995 172 54 328 492 717 195 783 114 509 708 243 286 107 548 852 404 616 384 986 542 545 840 600 802 248 454 586 26 67 273 483 597 491 326 436 524 800 212 602 783 592 756 298 491 273 604 70 599 262 82 935 677 510 690 189 25 787 790 175 431 567 547 1000 314 211 507 201 939 253 446 792 174 982 121 113 467 20 167 602 43 580 323 52 698 515 761 691 272 171 45 673 843 762 631 697 703 260 981 556 315 527 123 982 913 197 675 909 939 940 470 218 70 152 459 704 138 304 790 907 619 440 851 18 574 504 662 9 443 848 570 582 432 82 922 24 528 598 634 732 168 893 586 824 5 592 381 272 275 747 232 662 361 889 608 355 783 730 449 89 753 415 36 468 682 824 634 912 209 992 406 487 851 420 905 437 933 380 128 307 802 376 449 220 894 589 479 505 111 314 13 609 956 313 379 840 756 876 813 674 805 719 261 772 645 524 595 876 680 839 365 633 714 990 534 306 390 831 525 144 756 953 829 193 748 489 651 149 120 196 619 118 651 543 974 640 467 103 664 312 575 44 830 568 716 737 681 704 602 974 936 990 804 781 224 936 63 601 286 129 514 854 71 853 585 887
571
766 645 953 244 529 871 389 757 210 191 41 346 697 123 969 909 921 527 454 26 125 177 386 912 4 488 227 758 701 572 374 85 304 853 864 990 506 322 123 666 582 629 731 655 192 729 725 247 414 817 725 916 389 444 657 899 720 515 717 400 252 830 347 194 895 596 534 929 976 710 262 252 559 25 92 586 85 180 866 653 719 149 865 696 15 974 155 796 442 862 639 933 83 239 863 370 942 206 768 184 231 194 490 679 915 180 952 216 393 171 681 310 807 477 451 27 437 629 290 435 385 585 283 28 677 805 954 616 662 15 618 864 119 954 332 789 84 859 685 470 348 122 852 381 184 895 776 87 267 831 649 834 907 174 789 632 216 465 423 327 504 628 297 781 580 487 42 925 216 519 949 791 897 40 492 781 97 877 668 961 774 829 211 267 545 628 380 33 842 595 709 515 876 656 495 398 556 50 689 85 744 886 696 236 437 265 426 445 662 278 15 731 1000 269 361 636 149 494 378 443 373 751 169 774 275 209 71 314 583 355 92 181 944 901 843 271 159 201 617 1 995 262 546 335 292 325 437 239 52 267 800 564 847 997 86 452 126 781 944 829 357 20 167 216 607 369 374 56 987 923 858 461 952 60 805 803 77 353 965 260 360 735 802 363 388 158 498 691 490 579 61 796 615 46 209 190 93 775 306 525 51 565 607 332 278 626 9 287 466 248 639 676 884 837 45 571 501 150 654 899 520 830 218 134 241 557 933 356 739 76 77 395 568 242 153 614 615 398 601 522 540 916 308 426 666 928 122 201 207 361 140 770 152 177 530 78 201 606 93 793 930 264 769 419 388 736 90 65 473 75 856 693 35 597 627 613 332 824 804 200 495 996 908 442 604 663 760 163 236 205 273 579 938 903 566 439 237 491 536 84 892 206 962 19 944 353 945 78 577 334 233 508 751 836 187 233 565 217 415 324 161 684 804 424 40 439 602 15 918 383 307 256 572 976 18 934 952 396 128 787 950 865 688 240 495 819 375 216 553 432 761 513 72 529 879 465 563 224 274 15 751 501 49 558 279 522 843 746 952 129 358 686 201 794 155 784 601 659 805 610 634 708 811 758 824 402 404 577 972 148 839 39 304 186 613 665 869 151 492 597 540 829 30 578 121 810 218 538 38 7 588 136 206 583 626 128 346 623 126 985 479 44 973 834 531 281 851 868 162 1 461 758 959 114 401 382 671 799 230 178 290 808 343 185 437 251 295 122 379 908 733 760 314 109 932 425 507 869 257 646 570 637 127 343 557 508 429 253 548 145 267
657
464 680 729 943 23 999 643 767 789 646 149 855 496 290 946 807 835 356 40 22 923 395 177 449 754 825 199 213 295 566 221 463 726 470 111 567 715 986 124 524 354 157 156 816 972 826 521 747 939 737 293 767 857 763 748 431 803 323 600 340 823 418 782 121 961 158 625 403 215 254 247 615 700 313 343 178 995 624 133 692 27 106 608 279 144 397 876 920 403 571 354 884 735 25 286 485 809 536 255 331 89 765 826 603 466 913 55 526 690 582 548 674 785 434 220 625 728 270 281 931 704 983 611 72 535 175 27 418 863 994 35 59 691 137 234 478 482 167 226 741 464 925 79 376 168 964 72 924 15 845 723 417 932 495 917 830 98 134 552 657 138 596 57 814 104 4 412 456 64 565 277 403 399 643 94 730 873 219 402 817 994 993 649 904 859 316 434 568 525 464 7 349 82 537 519 849 239 459 525 451 800 164 229 657 93 264 911 152 694 75 50 947 152 461 962 586 171 762 857 187 122 588 761 619 717 219 498 935 61 783 843 488 691 466 39 308 954 629 290 424 49 4 578 191 277 452 100 798 277 975 677 319 750 108 551 620 811 328 991 906 568 524 66 88 738 758 241 605 425 627 560 82 295 810 606 219 922 912 270 205 28 63 249 908 380 122 721 85 62 959 605 86 360 81 120 881 599 382 964 471 281 248 73 434 897 817 407 724 424 892 317 800 45 303 326 376 263 351 761 391 753 989 394 633 155 934 560 169 646 197 807 859 830 453 561 13 147 813 693 338 65 601 702 425 98 386 771 653 890 180 420 190 283 815 863 896 392 929 569 31 553 443 458 306 607 891 580 243 95 261 614 150 194 371 361 603 894 48 974 285 716 377 76 866 132 25 242 192 413 88 113 376 886 808 796 316 762 318 508 926 4 790 244 54 18 620 47 687 739 925 444 893 300 139 963 106 545 791 136 376 1 808 517 139 407 794 512 800 935 147 958 892 44 912 527 324 518 530 312 592 675 604 293 267 521 250 569 447 825 384 840 500 132 268 851 478 794 262 851 989 779 588 590 270 368 279 117 982 288 15 449 196 794 199 535 376 760 776 572 678 40 268 879 197 557 308 838 179 701 158 187 103 508 849 577 237 117 447 919 257 194 629 874 907 666 557 562 701 205 298 198 297 164 744 790 292 806 184 157 88 551 760 280 909 832 621 782 28 92 921 104 547 618 721 864 201 754 589 823 311 97 881 747 954 575 894 261 349 757 44 607 859 810 279 837 642 50 543 601 150 659 4 850 616 165 101 719 4 323 770 768 648 39 75 56 724 735 381 642 143 811 93 945 892 724 938 498 173 804 800 443 467 741 971 393 617 684 433 560 162 811 672 633 430 967 675 642 557 128 934 373 182 949 742 456 411 478 246 598 568 457 241 430 332 154 414 527 11 134 116 743 710 478 993 285 734 141 920 57 220 858 291 339 344 301 217 733 87 658 460 993 792 286 742 495 210 50
875
288 515 796 485 547 257 417 261 519 539 332 860 658 828 491 582 662 59 804 860 455 967 958 986 965 984 507 60 95 451 859 155 932 644 481 114 278 141 902 772 216 486 569 314 765 530 158 181 483 479 905 358 746 108 60 521 293 72 383 532 229 599 75 276 329 587 641 598 958 303 204 948 563 298 718 338 289 66 378 115 926 891 653 736 215 780 956 863 298 719 386 809 22 105 386 996 748 666 502 329 174 159 846 833 295 982 172 465 621 807 525 941 485 379 348 224 55 955 981 653 127 310 986 171 903 547 512 110 33 167 36 117 485 625 214 695 498 825 94 490 730 837 541 871 537 251 144 230 878 349 243 236 311 161 985 964 16 86 475 519 457 828 24 371 477 160 999 802 971 935 254 822 594 600 990 195 303 250 934 219 73 792 43 193 913 570 381 856 629 196 122 487 117 5 596 144 933 786 745 707 913 479 718 58 601 416 204 721 42 987 263 820 729 904 669 238 456 338 40 369 494 50 750 360 154 204 627 894 707 948 699 648 883 177 89 974 295 957 806 754 6 832 79 548 676 100 258 647 414 80 467 467 61 272 504 533 73 687 653 486 639 295 27 667 880 172 966 176 815 964 798 923 913 712 374 73 770 933 79 746 567 75 961 542 810 902 825 346 57 506 78 171 446 96 204 123 111 133 330 128 602 466 474 324 224 948 65 678 37 529 978 717 391 485 961 724 494 209 736 681 707 507 797 663 573 545 590 654 984 646 10 500 619 478 65 185 397 947 825 402 325 951 257 563 528 348 406 798 450 751 467 374 557 763 95 233 267 912 177 27 601 3 692 132 905 310 891 696 429 954 248 852 174 959 170 975 120 674 772 249 319 624 112 204 968 210 997 787 998 322 774 175 417 412 341 934 114 33 874 702 589 457 75 513 214 215 495 266 461 900 718 12 83 653 172 799 721 464 762 714 842 657 75 951 393 403 147 570 462 325 852 729 907 688 296 869 455 71 61 165 738 796 77 733 501 945 420 969 697 724 393 905 280 926 805 572 92 717 374 624 517 633 614 652 626 656 768 592 842 711 385 59 916 563 790 775 620 56 36 1000 90 590 350 496 360 685 813 911 123 302 741 424 718 845 502 759 25 414 74 995 725 14 31 260 965 235 904 733 511 343 891 47 759 776 541 569 111 234 97 108 318 260 512 56 337 90 675 791 642 372 760 544 598 262 763 939 266 442 121 408 903 447 779 631 272 933 482 155 968 963 685 200 161 958 870 123 830 598 262 551 439 943 354 605 922 465 209 625 388 187 548 522 901 390 417 456 56 629 109 124 83 100 248 183 671 644 951 58 251 610 827 876 131 463 954 40 707 926 893 907 223 283 236 1 956 762 96 507 228 275 946 64 377 716 116 176 840 398 677 928 899 420 136 239 307 926 318 223 225 687 665 219 483 759 621 64 994 705 832 33 446 366 353 862 395 549 702 436 5 454 981 786 350 516 228 756 376 921 16 921 22 773 76 423 23 560 254 792 58 373 722 261 898 949 178 819 520 147 770 577 295 453 540 143 183 218 131 580 461 482 119 495 743 416 258 993 83 873 806 24 451 521 581 938 199 885 196 874 313 213 229 507 280 288 89 947 68 147 754 752 213 992 596 130 777 688 598 691 754 732 841 704 82 168 351 503 185 460 599 826 44 45 837 29 599 134 683 716 805 294 53 557 175 756 520 90 918 123 696 516 213 619 476 680 4 844 714 989 452 672 676 924 753 490 425 208 94 209 258 613 314 799 447 742 500 506 840 248 550 87 617 510 191 199 127 368 279 358 667 892 468 711 473 463 789 585 483 583 999 531 568 751 845 882 910 572 294 366 293 779 139 809 983 997 457 348 562 67 389 545 869 690 536 360 176 656 969 824 506 119 902 576 340 936 295 766 967 871 114 279 95 502 542 759 18 835 746 857 90 910 998 711 745 293 297 923 640 524 470 59 20 576 493 611 118
947
772 583 860 654 771 110 56 442 504 581 963 622 774 580 712 419 568 128 2 198 8 375 192 351 426 25 711 489 649 986 14 849 860 589 49 658 859 276 868 447 136 699 134 948 766 108 754 358 275 340 891 267 120 902 73 473 58 107 211 379 713 903 926 904 141 277 488 221 234 825 100 164 961 876 416 757 686 1 833 656 222 936 811 539 118 411 215 796 396 172 568 624 729 974 594 683 708 450 658 601 122 264 536 622 854 932 340 989 711 33 813 633 522 986 442 655 719 251 255 797 892 923 805 91 802 825 516 416 568 910 914 535 964 621 816 717 269 900 702 594 937 521 19 86 18 552 75 891 309 517 761 265 159 633 855 778 898 784 153 206 57 919 850 5 543 874 57 585 71 259 316 961 91 138 91 271 300 50 391 781 728 37 758 36 938 170 594 36 661 789 400 828 88 806 150 37 512 6 610 51 407 474 327 524 48 947 34 656 202 120 848 740 134 525 17 53 403 664 36 391 45 156 694 245 285 667 884 143 765 179 137 953 991 330 66 318 967 28 204 5 124 537 360 706 411 340 696 803 917 314 834 256 549 883 900 279 277 55 387 302 110 34 331 942 145 644 607 698 710 454 358 326 981 209 717 462 536 122 454 193 120 559 641 684 216 453 458 14 34 404 28 7 194 946 295 892 943 991 196 205 675 918 472 160 744 651 476 384 18 588 563 23 536 988 634 371 152 708 741 961 404 109 1000 207 943 467 336 993 904 241 521 843 93 1 865 537 848 467 158 748 359 849 853 682 626 782 272 482 78 565 226 669 819 68 243 522 344 397 314 381 158 320 747 908 775 906 220 699 254 433 542 312 962 320 47 970 998 1000 990 844 586 337 856 790 409 567 959 894 910 642 118 163 621 791 191 573 788 360 114 139 258 481 20 365 642 435 478 105 475 578 231 73 999 581 478 108 321 393 212 510 319 792 900 398 955 400 927 679 729 683 464 313 223 331 297 838 367 248 288 875 48 602 176 156 613 1 816 265 469 513 825 148 947 588 896 969 712 69 394 751 126 669 599 868 844 51 917 700 682 744 367 577 895 217 105 925 862 201 322 394 926 582 311 599 263 239 175 841 99 916 874 777 861 912 130 753 337 780 987 352 195 51 995 60 226 633 268 837 60 456 666 111 88 766 988 694 821 907 171 412 908 1 857 398 456 884 298 556 676 936 137 754 545 142 404 142 467 242 292 521 888 176 479 976 831 191 805 900 70 509 688 125 278 100 420 744 796 293 985 374 336 961 169 260 147 48 630 351 837 7 916 48 572 452 509 904 504 793 79 496 678 960 596 805 211 484 960 842 447 82 116 99 332 219 713 402 45 567 7 372 165 261 887 159 660 466 517 115 860 461 163 532 860 546 865 974 532 265 279 385 177 284 569 551 232 247 84 628 16 522 215 295 758 863 828 213 619 254 382 205 857 180 358 266 342 228 738 541 736 777 429 671 424 526 300 970 94 782 21 516 222 162 404 796 723 614 199 854 980 73 585 71 147 52 406 333 334 481 205 683 836 95 330 132 271 799 711 270 830 585 568 194 304 797 310 494 882 620 510 619 550 572 170 799 266 209 808 883 355 533 389 752 999 725 749 463 894 781 610 953 986 489 733 43 440 731 50 504 704 725 82 186 55 399 844 152 872 362 64 218 971 707 184 973 50 369 747 708 335 792 464 15 131 106 289 686 63 670 527 25 59 455 424 293 909 244 26 386 63 244 691 610 540 517 941 809 596 521 164 968 227 102 369 468 73 24 770 680 65 843 37 196 532 998 25 826 376 548 134 50 561 422 52 674 862 704 1000 480 386 899 203 30 780 621 404 435 453 26 875 97 31 461 642 847 428 212 399 789 831 153 979 246 870 908 952 943 295 760 785 440 61 388 619 721 925 379 627 509 624 697 754 404 735 534 198 881 758 767 774 386 245 579 97 776 24 955 903 183 397 467 677 466 227 810 499 346 347 801 667 273 255 83 150 122 152 185 537 485 995 768 915 829 956 285 776 490 906 574 550 48 946 970 892 653 796 392 683 424 735 117 661 829 977 994 887 62 803 406 336 363 183 965 275 897 641 471 50 269 285 661 199 122 841 609 188 553 464 744 250 931 748 314 460 993 393 867 370
283
829 754 901 912 363 94 142 196 187 801 652 190 158 150 470 214 818 501 505 973 658 595 820 106 133 189 482 975 799 681 399 891 599 120 426 720 578 791 911 505 260 467 332 808 656 395 374 339 595 457 21 75 802 495 800 885 431 168 457 15 550 812 282 543 564 146 352 1 492 559 844 905 578 221 624 654 865 798 522 783 811 303 937 412 507 607 60 46 783 563 512 234 225 409 969 431 298 307 153 937 151 48 689 336 927 676 5 648 516 760 449 75 160 222 795 252 371 441 858 101 535 396 605 418 144 693 27 601 866 821 686 766 665 676 130 941 985 545 678 845 253 919 192 631 434 455 950 20 47 797 362 474 731 657 728 185 402 505 561 413 915 887 657 944 64 807 767 803 882 273 341 734 60 979 922 48 956 669 305 980 55 703 364 925 954 285 625 564 965 783 44 440 957 281 737 939 939 414 984 761 323 98 794 304 349 481 853 784 874 993 517 315 462 498 316 643 475 50 7 561 771 972 338 713 614 443 236 168 962 498 636 572 145 321 464 612 205 684 773 324 19 979 276 342 216 725 980 952 671 611 759 910 659 302 837 435 279 364 281 691 990 660 467 763 858 121 96 677 906 243 658 327 46 53 895 142 96 353 882 532 138 931 879
103
91 789 430 466 873 700 713 132 632 381 512 734 425 230 853 407 666 781 299 349 753 751 429 193 481 251 490 182 255 11 796 255 229 231 518 626 196 752 227 349 769 657 211 510 320 853 533 940 419 900 318 422 320 92 277 410 271 93 171 322 764 197 668 371 518 377 999 509 138 651 397 375 485 7 408 703 66 686 868 236 202 877 296 46 565 165 949 252 488 202 536 741 364 878 515 352 461 837 814 409 67 129 832
65
886 555 521 936 294 778 382 803 755 146 696 366 510 799 853 448 819 465 892 693 285 8 150 315 935 471 369 366 703 862 119 249 358 594 981 507 585 140 9 790 32 596 807 921 958 222 964 907 630 935 668 788 89 182 131 59 376 498 623 666 268 273 828 544 908
443
963 97 393 808 69 566 768 948 862 359 880 695 635 267 385 868 950 453 718 545 514 528 581 85 481 858 445 359 458 284 170 886 703 739 112 149 991 209 528 884 979 183 665 749 673 330 446 256 499 309 72 71 833 947 465 557 456 215 166 88 433 133 585 375 903 432 204 41 22 344 75 240 356 422 236 930 243 236 405 397 380 595 509 304 307 942 399 508 469 244 635 844 117 311 890 602 604 186 73 430 412 522 187 380 817 177 648 781 816 4 401 527 648 721 940 413 60 152 302 360 683 652 146 63 108 458 253 675 974 304 964 625 665 217 637 427 221 317 157 414 275 216 122 153 692 331 291 492 822 299 922 574 305 599 230 595 135 978 353 751 704 947 233 495 627 778 157 439 250 833 69 846 815 821 305 290 837 432 832 470 65 281 760 713 597 728 178 855 68 647 840 86 17 559 367 579 20 597 521 894 331 676 86 279 309 954 623 929 953 929 350 818 973 267 469 577 382 261 967 879 603 857 318 738 502 618 921 502 530 220 228 175 764 25 960 902 269 484 648 440 712 943 584 430 432 563 151 812 279 57 785 606 158 842 441 339 163 300 789 657 106 304 876 620 559 416 587 638 29 62 242 159 215 651 607 351 105 875 451 148 631 75 435 78 843 774 681 782 911 684 183 91 441 353 713 440 938 614 365 513 425 731 611 799 870 748 718 580 507 807 873 349 104 518 724 484 302 968 87 327 971 302 481 56 678 24 146 237 54 489 229 718 770 347 720 726 203 249 297 598 895 337 620 312 851 479 314 812 676 308 933 221 66 608 922 240 607 779 260 131 988 451 125 712 477 856 650 633 666 615 962 144 967 14 841 415 558 613 566 789 240 441 839 301 358 20 420 624 937 410 744 565 32 673 909 122 851 399 976 322 858 474 105 214 451 701 850 216 966 368 678 258 796 133 537 711 866 113 923 251 472 567 493 422 151 572 590 817 40 412 531 463 848 10 352 94 199 495 300 484 874 792 455
213
737 210 512 106 811 674 116 116 881 952 639 53 981 305 922 594 424 622 994 383 167 935 513 662 232 680 601 578 647 881 243 557 488 565 282 517 149 863 467 905 39 641 116 94 869 564 219 320 309 589 581 797 277 139 147 227 96 706 232 66 867 94 139 495 855 52 844 80 403 886 360 545 712 591 827 959 382 546 405 549 90 304 220 298 441 464 646 690 719 423 76 55 267 314 624 246 4 10 929 772 328 934 496 498 221 322 961 366 512 36 725 718 861 969 253 524 907 723 121 415 137 675 715 517 307 102 884 225 130 259 467 101 780 510 445 943 1000 47 713 590 836 864 399 674 842 590 121 72 987 744 916 771 461 177 545 698 888 176 694 659 592 50 95 265 568 353 204 409 497 818 423 244 107 93 920 460 966 255 955 159 220 965 79 358 66 242 82 491 457 242 209 8 939 490 330 952 711 392 669 314 51 214 894 596 261 670 861 403 962 691 685 257 772
493
235 372 534 367 497 212 884 118 236 807 235 290 650 920 319 556 136 119 775 491 200 387 843 59 160 7 642 282 572 791 402 984 195 524 647 250 469 820 814 839 897 458 712 472 208 293 169 203 179 879 262 386 596 15 434 435 878 970 442 535 233 853 230 257 566 64 801 340 592 768 912 564 349 998 345 41 717 456 713 79 443 437 642 318 848 716 80 467 940 396 659 414 440 981 711 351 577 357 877 213 602 824 852 938 606 726 783 760 946 790 901 118 928 282 703 510 874 434 684 81 154 945 18 688 825 451 607 111 462 548 475 155 792 714 452 23 23 349 343 491 715 584 486 902 661 538 383 320 444 295 587 741 647 115 698 385 202 354 485 793 195 575 193 939 510 447 257 141 325 760 296 504 62 679 387 67 877 217 622 421 12 667 98 279 620 830 704 61 657 481 291 936 771 619 72 933 882 679 282 252 182 876 267 264 342 253 746 877 166 376 77 667 905 94 731 411 333 124 851 604 609 205 118 459 91 659 709 888 269 885 971 170 990 164 988 465 108 257 525 793 951 846 926 552 454 326 414 441 303 143 799 507 422 253 154 334 111 212 686 613 416 462 676 688 580 52 763 947 27 108 235 538 520 123 231 256 255 255 147 654 788 137 360 529 990 971 2 830 513 525 692 113 635 821 766 203 328 925 860 609 137 175 155 912 658 275 300 547 764 685 629 268 625 865 420 526 935 265 446 118 63 502 68 301 27 705 262 551 990 950 358 591 18 620 180 430 203 299 627 715 371 797 286 463 996 815 971 635 831 355 964 848 766 79 136 75 349 527 611 329 340 873 93 492 863 375 88 512 650 84 963 692 236 483 666 298 840 336 970 66 54 831 452 861 855 54 930 851 866 986 742 735 402 857 588 21 114 721 578 439 683 545 95 177 447 792 76 187 758 841 532 918 246 919 448 30 366 928 81 968 576 500 247 842 819 467 698 549 86 805 123 859 848 612 255 724 31 790 361 280 574 843 597 782 505 275 555 467 145 186 427 993 22 555 416 606 972 598 871 619 394 856 946 771 382 81 327 316 82 553 454 147 712 196 150 659 754 370 980 879 225 620 864 284 8 328 69 684 27 738 401 357 673
998
556 927 86 929 875 720 630 208 565 614 66 199 374 998 833 832 342 779 238 693 677 832 603 478 436 768 978 805 257 647 758 738 569 309 523 733 952 878 207 328 641 425 329 730 425 395 186 922 609 127 247 6 937 875 464 117 5 563 628 929 11 422 873 880 111 480 909 998 514 334 582 993 980 204 539 259 631 768 301 959 192 282 257 912 185 871 522 914 645 562 691 911 511 833 765 351 648 81 446 533 691 535 321 852 533 72 61 730 536 381 863 705 880 694 641 635 759 90 605 893 193 48 74 530 57 434 298 135 687 962 463 203 250 528 766 779 246 948 744 676 937 552 569 724 946 738 450 995 618 589 183 495 338 721 738 430 913 827 70 784 184 494 537 883 968 749 151 149 667 11 656 180 49 636 131 799 46 323 909 961 467 638 914 682 441 802 250 128 795 885 949 479 23 585 890 394 340 375 301 910 527 43 639 932 651 302 697 2 950 859 378 530 434 644 451 953 254 267 169 649 944 898 289 999 944 938 982 397 619 789 30 320 45 779 635 305 462 279 415 780 480 905 473 962 316 514 778 254 307 645 141 349 497 287 659 413 356 251 157 907 327 50 644 78 588 210 840 588 86 145 47 203 209 139 4 386 753 446 488 294 788 370 306 997 190 18 379 727 491 165 557 79 676 67 519 931 183 728 277 402 245 14 676 573 821 887 407 156 146 672 350 537 668 788 3 593 105 603 220 81 362 88 677 59 279 37 382 750 669 748 904 598 708 405 282 625 698 501 880 494 506 601 385 443 962 55 87 988 197 718 644 524 127 966 524 741 859 129 674 863 843 46 706 887 167 72 739 104 46 380 802 839 855 839 642 230 270 381 905 805 831 523 63 273 686 91 753 632 78 245 72 225 356 859 945 2 574 648 799 254 616 122 879 788 867 115 610 349 373 858 485 952 825 491 637 456 471 422 952 259 167 588 125 4 333 359 517 762 422 422 27 486 816 635 812 851 843 446 779 911 942 152 913 4 882 335 345 85 559 251 47 992 95 446 745 183 344 220 539 573 184 788 436 178 511 836 961 474 804 412 425 709 208 821 633 367 461 980 742 389 699 670 811 335 387 565 5 972 158 283 384 245 161 9 876 845 867 415 296 359 214 287 342 351 327 978 326 133 747 205 869 490 629 377 539 160 326 815 943 386 574 372 934 632 329 477 695 808 495 233 365 515 562 515 900 250 893 927 109 817 324 528 282 784 142 645 886 355 945 568 942 440 131 149 621 973 51 956 204 538 137 765 995 50 404 86 206 545 138 786 144 579 951 970 61 750 439 11 389 379 763 630 10 878 899 295 663 689 562 627 420 982 771 261 252 595 158 102 463 28 27 453 419 436 667 615 826 38 546 425 686 796 895 689 45 744 281 137 565 732 765 464 288 810 481 806 297 661 208 543 567 332 143 333 657 199 932 433 111 487 997 306 759 303 203 446 89 335 579 770 795 402 485 203 363 623 228 859 775 329 778 606 818 984 266 880 830 185 791 68 822 990 390 480 298 414 735 283 68 154 322 294 603 696 653 102 467 978 982 398 12 854 799 350 117 200 633 866 899 496 388 856 153 254 939 965 843 941 561 149 979 368 457 77 588 333 7 891 628 938 919 660 204 541 955 401 896 811 358 310 770 562 795 636 449 143 473 532 314 482 963 860 411 160 718 400 627 303 1 110 564 423 286 606 225 12 923 667 917 618 973 978 240 218 543 854 449 621 589 219 130 111 838 988 966 829 333 188 420 280 134 922 593 181 98 803 159 4 574 423 226 918 780 232 940 524 840 695 854 869 519 781 704 959 692 522 333 612 632 794 365 574 509 436 362 981 968 134 107 770 40 538 506 253 710 912 28 796 823 70 610 931 533 513 486 42 456 485 188 722 875 747 837 700 878 142 858 404 706 164 152 700 565 545 776 597 85 191 531 807 324 675 616 22 98 82 753 115 225 845 397 821 692 428 984 335 183 772 112 967 614 75 743 137 287 390 918 608 36 245 143 429 235 918 38 433 525 782 212 898 767 86 497 33 646 706 278 394 135 392 417 201 716 722 275 751 690 226 618 779 913 689 363 395 86 162 883 370 918 121 1000 640 571 355 979 314 369 932 422 20 753 409 453 93 851 852 659 921 705 912 101 529 361 548 748 474 605 276 71 210 808 104 451 913 560 282 522 777 646 948 759 907 239 711 65 169 778 154 53 266 782 349 573 559 643 361 852 51 483 374 111 859 470 93 741 717 418 559
841
83 547 740 931 411 550 340 723 663 630 189 30 428 301 127 266 224 304 201 638 392 124 888 679 242 47 861 560 850 203 643 610 392 8 248 822 328 594 266 845 321 254 586 199 296 238 87 361 73 355 642 248 348 921 737 741 560 37 295 288 528 80 1 402 142 585 969 638 27 870 938 889 70 982 439 628 97 61 502 406 966 735 883 212 587 947 166 837 625 950 126 315 108 450 455 830 211 939 190 987 529 311 535 649 48 666 868 208 516 548 201 959 230 781 43 592 496 289 854 363 185 492 844 68 276 777 139 852 86 644 173 336 218 1000 989 405 439 267 489 335 941 693 128 215 43 156 374 939 644 525 187 255 770 137 848 464 446 64 881 100 985 628 745 500 314 189 137 547 792 320 746 238 859 639 518 811 536 451 551 821 830 840 223 15 292 400 75 677 353 502 933 259 133 87 590 238 240 860 810 882 851 581 771 125 439 978 764 207 650 301 372 506 478 863 554 43 173 849 892 336 581 196 385 474 131 528 881 207 8 8 652 162 484 798 455 674 570 254 331 550 892 712 678 707 154 773 219 317 205 932 238 212 395 649 854 774 473 292 567 228 401 864 838 894 999 507 379 341 581 392 711 957 812 836 943 550 462 9 664 37 605 205 243 453 501 705 743 336 632 239 902 699 58 109 335 445 597 398 480 259 852 499 656 153 973 561 349 850 648 355 365 903 357 164 538 775 132 351 351 351 923 405 511 923 336 634 661 356 878 338 31 982 229 229 604 870 239 373 861 60 773 590 113 559 323 542 113 673 602 245 704 403 588 589 385 460 52 246 228 236 826 636 878 188 413 291 363 731 668 189 191 871 361 465 366 67 206 971 278 632 789 685 319 139 130 139 964 773 414 765 364 477 457 250 684 879 293 80 179 951 694 505 129 471 116 291 232 356 889 633 740 544 379 726 171 169 855 979 465 577 850 868 63 114 604 792 260 873 279 466 265 49 129 983 188 662 138 99 380 347 39 937 714 634 615 455 141 103 677 493 62 866 232 919 582 234 180 397 703 777 827 448 182 101 922 603 219 532 780 517 954 76 812 555 13 418 975 51 69 67 332 566 334 588 977 771 546 371 1000 846 170 644 983 151 670 296 782 590 196 323 973 500 353 388 574 481 346 490 224 439 528 603 708 42 867 576 230 545 489 956 298 285 666 672 775 189 595 827 986 315 713 510 846 870 555 207 848 334 689 824 427 440 515 451 507 618 715 229 207 916 837 71 817 544 799 617 80 654 566 306 210 41 424 332 240 658 311 206 385 298 582 596 578 45 963 932 796 530 918 403 660 407 919 232 289 800 253 219 731 400 325 387 449 718 343 465 674 433 846 860 352 105 89 529 593 645 752 251 20 194 809 709 384 817 887 719 63 958 348 577 300 388 752 417 274 946 697 638 364 550 849 858 957 240 326 448 166 272 983 198 895 966 231 376 839 166 701 182 524 857 136 48 687 787 203 988 226 885 789 843 914 669 653 521 999 750 813 991 989 768 127 426 227 962 824 1 100 361 775 852 103 466 88 143 419 707 883 664 64 534 882 18 321 746 179 622 574 174 993 246 570 273 300 23 419 461 685 161 959 29 880 798 292 851 246 905 912 711 483 905 368 833 675 937 877 913 136 821 679 817 857 707 680 313 776 828 568 97 652 200 62 561 711 64 683 583 304 802 189 52 893 795 650 553 754 820 452 293 732 866 164 28 41 496 773 511 938 739 888 46 188 844 594 909 650 548 141 620 488 98 503 835 252 127 885 805 713 845 670 448 562 491 905 836 719 853 626 392 529 262 20 67 141 979 146 102 366 563 696 610 360 574 971 455 568 101 960 879 223 804 511 962 175 424 826 48 388 854 261 967 640 867 722 782 279 690 141 214 304 616 880
116
62 360 380 708 646 210 834 136 952 948 253 93 793 265 855 408 477 303 980 802 571 726 727 869 478 54 722 992 562 74 113 275 508 328 395 891 330 845 237 691 279 16 18 286 23 457 506 601 644 785 362 256 952 123 582 674 99 835 37 123 932 672 173 669 499 985 504 516 121 193 777 819 606 759 959 945 774 741 540 141 951 100 996 760 809 395 661 535 614 586 839 389 180 126 569 16 146 365 596 475 981 129 538 177 614 370 642 510 72 391 667 153 434 313 260 724
87
392 912 397 805 801 796 758 254 8 866 925 920 105 470 368 773 502 269 989 265 621 722 650 152 537 284 348 472 208 906 323 108 587 552 919 792 222 669 980 48 180 89 914 731 36 962 676 887 960 741 18 194 158 157 308 372 932 885 382 682 315 210 803 646 515 125 617 789 729 6 802 872 762 42 252 894 44 149 26 772 216 426 833 429 549 772 368
482
536 640 450 226 814 277 428 114 231 551 399 804 284 38 131 797 275 238 118 500 765 156 793 664 176 513 84 714 925 529 350 37 311 682 785 12 649 840 996 19 461 132 504 742 595 824 776 655 116 282 114 205 321 644 750 400 342 329 741 654 956 337 514 736 959 966 398 226 782 420 19 40 199 726 99 135 962 660 126 811 833 932 236 628 63 743 775 364 23 66 304 598 293 286 469 89 219 462 516 672 421 982 864 162 476 211 931 693 532 499 139 459 497 777 40 376 742 36 666 422 49 183 482 772 735 74 709 594 298 152 684 290 759 340 522 920 746 185 45 898 456 785 372 886 739 636 824 483 414 606 63 936 907 776 409 13 19 401 791 503 867 730 362 538 225 106 773 511 423 67 598 762 84 206 44 119 801 760 333 438 886 264 593 425 608 454 94 984 234 737 843 111 959 618 745 784 529 561 764 728 440 351 188 707 638 276 764 736 40 547 581 829 537 215 718 311 741 868 456 81 148 170 480 212 193 249 486 281 917 925 424 546 804 136 644 10 425 397 964 701 276 488 867 469 161 544 717 909 192 808 283 278 74 920 345 180 754 611 378 481 999 946 699 916 307 598 959 194 987 804 22 312 502 52 282 284 723 560 90 992 168 748 392 996 331 155 891 614 647 543 290 82 532 622 468 661 638 162 646 817 849 123 437 477 513 881 492 367 866 244 628 864 350 959 852 56 214 50 913 748 806 205 379 434 983 386 726 6 143 631 61 938 800 823 63 298 652 916 360 798 879 839 1000 767 949 469 968 537 98 671 893 439 664 15 162 504 270 88 245 927 190 487 252 133 387 545 484 740 303 379 441 437 500 365 898 295 201 364 216 784 928 630 588 428 99 830 431 348 803 384 331 475 659 884 9 859 603 342 631 143 374 660 383 247 183 142 245 806 412 976 629 776 474 627 240 972 256 347 16 738 102 200 392 92 74 748 339 381 37 277 233 345 177 910 943 400 920 434 519 396 555 391 203 815 769 124 367 464 778 141 666 139 348 714 573 59 614 67 696 797 74 846 244 857 981 657 310 52 12 277 25 258 600 865 829 81 637 493 974 21 942 40
924
237 385 765 87 296 783 731 71 341 981 335 492 781 22 227 804 96 491 532 135 5 277 484 450 524 424 580 701 530 145 536 76 767 56 796 579 89 400 306 424 755 100 602 557 742 218 672 774 682 452 11 194 431 334 135 794 180 705 230 919 593 483 729 124 670 749 606 619 111 114 471 24 54 182 68 37 804 769 221 626 142 835 2 234 278 172 194 276 870 764 313 184 255 796 276 99 69 888 649 342 26 948 45 661 803 51 939 179 440 21 820 796 126 611 93 614 12 379 573 956 525 186 856 213 23 489 345 478 778 589 240 538 189 355 872 117 559 825 507 341 41 191 258 235 789 12 618 138 641 849 721 75 769 969 644 955 131 246 929 272 691 729 305 180 602 909 852 904 98 667 372 932 475 727 179 497 636 982 461 738 320 687 564 716 343 479 930 962 179 678 318 10 2 150 1000 810 630 828 651 319 56 234 70 709 775 90 258 172 83 25 267 1 144 215 404 765 558 359 187 572 347 530 647 238 814 330 742 559 225 460 561 406 343 854 380 785 484 143 770 901 151 763 445 583 307 46 991 958 812 39 269 754 226 842 502 904 986 227 762 1 130 538 97 387 139 13 786 505 123 782 2 686 662 564 502 412 345 769 73 574 960 257 358 435 287 428 545 983 433 799 310 695 346 474 668 723 929 174 630 922 580 954 385 253 395 417 975 78 133 684 781 728 744 578 194 841 91 536 456 588 175 346 96 594 517 582 532 39 232 512 635 43 262 614 360 484 139 926 920 828 157 272 541 626 109 800 631 722 114 832 869 529 716 28 668 36 615 933 168 710 755 94 373 137 892 448 708 670 457 289 497 68 641 802 329 975 568 861 769 425 543 341 501 880 219 249 237 829 757 707 987 319 268 42 247 585 837 581 406 413 73 555 466 869 456 369 430 554 727 423 868 698 938 269 730 536 356 509 281 177 140 143 904 506 596 180 843 97 752 511 438 218 106 665 530 924 10 634 221 862 234 862 150 86 534 900 736 139 699 900 277 67 565 319 579 886 657 397 966 699 486 508 430 786 348 483 926 127 443 914 252 325 272 159 811 782 906 720 570 756 578 274 395 498 224 796 816 87 311 106 556 725 528 509 991 838 260 145 905 959 167 15 620 704 52 977 903 31 895 599 348 676 800 43 794 900 16 602 369 181 587 855 146 484 830 833 639 529 186 8 619 174 114 755 743 433 103 459 59 651 229 724 284 813 181 309 798 349 782 196 530 919 762 980 324 834 740 66 246 262 214 822 139 847 658 7 824 583 692 86 468 579 387 585 878 97 387 272 297 599 182 319 194 203 69 64 783 500 539 385 853 761 732 878 176 751 240 721 980 995 365 855 320 995 966 560 377 249 33 278 120 582 745 584 871 78 261 528 14 876 41 367 545 343 774 169 25 613 643 680 398 213 636 306 850 539 930 300 558 592 295 991 401 321 791 636 299 258 88 107 712 627 559 898 399 163 154 343 252 591 376 57 83 43 175 923 186 382 501 920 455 886 443 152 430 640 23 933 358 419 785 522 149 996 979 309 398 76 150 763 220 764 213 991 430 484 454 451 4 901 898 328 207 649 71 605 874 633 142 563 199 656 632 728 848 431 769 565 196 6 318 737 907 258 348 51 577 695 200 423 236 668 603 683 984 504 513 38 243 243 451 547 137 725 948 366 642 216 719 363 30 161 308 375 546 605 726 317 471 695 529 696 773 334 117 570 686 703 176 234 837 352 13 259 638 472 424 708 776 537 27 624 916 612 706 296 834 766 129 937 990 670 701 932 936 371 670 562 524 790 846 773 995 851 382 583 396 183 218 903 314 240 784 80 654 732 759 360 490 488 766 184 909 873 879 62 960 794 69 814 936 18 744 366 2 891 419 750 931 336 567 867 382 811 82 925 454 252 437 970 28 249 13 959 515 447 621 792 333 311 196 275 557 126 766 768 901 980 950 668 802 212 382 858 344 680 28 779 156 866 70 892 49 230 701 301 836 616 320 487 754 684 611 23 478 599 208 17 849 772 340 560 302 550 22 723 810 860 103 897 15 738 490 996 628 649 758 36 194 23 897 13 907 351
144
428 310 601 873 915 920 109 670 69 997 199 41 216 646 743 376 750 527 799 838 445 966 711 571 242 514 75 469 505 248 134 661 991 949 968 729 788 767 159 873 994 446 932 126 692 600 27 351 604 713 475 269 570 471 639 382 685 973 629 738 332 98 540 731 185 9 542 72 353 686 567 209 107 119 869 74 185 836 615 125 897 483 818 711 601 484 433 375 289 179 286 645 374 96 658 14 804 60 346 310 29 96 369 478 477 17 897 961 965 610 924 500 751 61 822 959 880 952 488 470 880 439 931 715 306 585 64 930 334 291 537 189 889 870 999 465 159 491 651 637 942 857 297 733
691
537 372 606 967 363 574 73 460 595 552 477 909 622 861 679 122 140 340 38 973 866 952 254 873 31 840 773 566 184 91 898 782 10 415 110 381 313 450 183 979 308 605 620 352 166 137 483 461 983 824 183 738 560 264 190 312 575 251 655 57 859 521 848 892 292 873 749 423 925 631 908 374 1 625 850 627 186 520 739 179 162 359 437 554 833 894 192 667 280 540 566 715 768 210 834 682 604 638 814 196 90 465 85 326 725 853 281 566 368 616 133 77 186 119 663 133 160 32 115 361 164 834 986 875 613 462 309 195 104 447 923 231 560 158 37 154 447 542 351 256 453 926 100 769 785 446 7 650 225 505 253 909 998 237 526 664 602 948 163 463 260 491 209 410 556 78 322 30 641 827 315 9 290 20 31 89 233 247 830 712 961 213 876 724 365 40 606 666 225 993 117 798 761 620 290 331 330 181 718 885 608 539 377 153 904 297 729 250 971 128 163 372 936 533 387 582 610 222 807 268 910 333 192 701 761 685 797 779 950 202 260 36 977 353 260 905 826 37 441 756 227 26 585 649 666 429 108 376 653 360 68 130 55 922 395 89 64 668 379 563 780 803 309 687 99 11 910 754 740 422 691 741 127 557 443 372 843 305 236 530 96 697 63 151 908 157 991 936 20 387 476 711 65 203 88 326 855 942 117 345 130 29 555 811 512 815 568 954 188 105 471 583 257 959 40 866 751 908 383 680 96 175 795 749 704 936 446 74 498 855 10 412 228 175 926 617 149 592 298 758 163 965 82 111 119 539 960 743 297 109 262 273 203 564 444 496 810 1000 651 296 474 923 144 37 559 508 226 195 415 756 114 646 665 66 255 343 825 158 907 733 120 476 466 285 110 947 684 340 817 397 145 709 361 671 225 732 950 298 369 697 569 287 173 254 75 560 901 777 421 998 800 827 744 140 854 296 712 762 424 416 629 608 849 367 932 747 71 654 118 509 488 598 942 126 713 411 683 181 93 224 297 257 350 193 943 764 852 262 464 275 438 911 319 980 373 781 33 254 385 810 74 244 913 180 448 965 422 905 381 3 501 129 249 211 799 134 74 186 748 925 770 390 25 692 417 897 69 667 859 667 146 496 734 681 36 713 459 900 875 758 73 789 239 379 765 173 349 196 371 738 833 711 502 636 852 910 53 321 130 718 194 704 813 374 345 685 428 634 307 586 509 778 974 648 6 827 527 880 285 607 267 324 762 312 347 834 510 579 738 419 761 588 609 8 264 955 202 198 203 766 324 128 538 231 439 932 413 964 319 257 962 268 284 3 505 175 293 217 441 262 571 683 529 249 520 839 901 383 4 66 364 178 695 277 87 61 282 577 887 568 635 123 318 723 943 536 726 324 284 603 635 640 673 838 493 871 533 8 145 884 459 579 603 423 990 585 369 579 386 519 105 315 470 712 679 194 377 383 231 469 878 111 734 492 3 346 16 375 697 389 805 840 349 544 201 329 603 855 866 224 1 761 632 370 167 451 175 304 11 342 178 722 6 123 545 638 488 990 952 431 945 976 949 416 822 558 389 665 318 918 664
847
496 730 540 107 697 406 944 462 239 697 321 600 74 699 640 5 644 117 118 413 741 67 564 122 349 1 796 83 885 961 493 931 825 602 898 648 955 903 938 416 104 269 885 149 657 595 993 917 180 471 836 245 931 578 749 126 978 722 584 472 597 600 653 420 505 35 964 739 762 301 516 89 127 241 174 108 103 579 329 616 865 54 195 62 340 118 606 272 627 625 318 251 239 302 366 203 321 596 210 956 705 127 526 262 875 110 34 923 238 624 70 581 975 561 665 939 435 480 425 527 271 374 749 657 908 242 765 800 492 664 202 958 125 761 580 299 374 739 653 186 668 826 533 982 799 827 879 74 120 477 62 244 183 706 635 157 857 447 433 719 666 943 315 170 242 594 913 991 980 552 151 550 680 58 412 627 475 773 253 331 453 777 661 272 981 895 708 981 677 392 324 761 373 877 553 835 725 671 689 521 756 63 142 852 457 832 745 70 56 71 491 619 170 326 340 479 443 132 324 539 70 190 320 360 108 252 227 671 64 930 975 134 800 587 195 635 270 472 91 446 792 778 764 141 75 418 444 340 703 174 807 14 63 135 79 727 828 121 544 370 609 956 429 257 975 496 89 288 18 415 311 571 266 819 320 770 292 665 203 702 27 175 903 127 990 279 787 89 507 278 150 413 959 634 137 868 436 585 489 870 283 356 682 512 95 413 994 684 897 46 957 707 916 265 543 577 785 189 814 181 698 821 822 867 215 16 463 100 454 75 652 136 991 153 850 311 980 942 959 8 84 595 704 1000 117 605 880 809 24 513 897 73 526 584 677 762 389 150 948 888 607 852 320 245 958 68 269 666 973 766 618 716 649 603 622 728 839 700 1000 527 520 822 98 259 947 659 612 760 972 616 217 453 513 409 28 946 145 82 199 948 881 726 89 193 858 934 341 962 779 627 92 938 1 263 356 186 145 349 956 853 627 467 397 258 882 344 260 57 144 539 57 757 489 720 899 598 227 407 124 833 716 212 887 233 507 502 416 606 252 959 188 239 909 391 41 702 682 800 658 486 917 466 15 275 183 422 360 453 769 518 319 848 926 574 103 154 474 61 619 941 816 870 986 182 214 881 602 50 111 415 954 623 118 639 191 760 823 869 549 351 414 491 327 413 104 207 824 994 473 89 327 217 155 221 605 286 302 75 830 467 844 884 942 499 387 629 184 643 169 977 28 22 849 111 29 326 425 552 909 16 985 117 728 889 180 738 400 739 75 247 63 506 294 491 369 381 242 597 609 407 797 704 231 202 888 643 53 524 72 550 148 131 698 434 837 853 610 308 213 793 358 555 966 594 453 432 234 536 577 598 75 610 462 77 254 523 336 758 587 384 699 534 671 592 572 180 286 956 645 862 766 484 223 172 123 218 428 217 205 769 915 595 830 79 430 119 449 765 764 632 444 782 400 595 426 81 326 25 682 314 563 531 371 551 429 164 220 976 103 341 315 254 72 436 369 734 86 246 544 379 583 236 493 249 412 219 540 488 694 707 992 290 866 644 466 118 138 879 59 276 572 982 283 564 964 930 632 607 944 569 730 283 427 267 165 590 995 148 155 203 401 965 892 466 295 870 197 45 62 958 205 36 135 490 926 27 663 614 325 37 912 270 90 170 163 409 536 157 711 103 762 565 923 755 582 567 814 952 164 235 454 39 347 576 672 801 839 925 715 216 854 1 864 443 899 913 385 421 543 668 981 273 868 620 42 665 987 572 649 611 322 634 726 869 933 879 31 122 744 276 193 855 706 71 835 127 828 424 898 209 466 42 847 967 380 513 864 477 752 723 835 730 74 54 628 524 527 684 481 752 243 889 452 701 293 303 833 443 1 983 685 651 556 626 963 172 748 616 429 19 555 483 45 615 732 81 132 371 514 447 547 305 613 158 762 966 340
11
202 97 627 262 117 28 821 941 486 296 762
524
388 229 100 29 746 725 878 330 464 138 530 187 260 313 169 273 645 168 76 469 28 703 591 984 825 427 418 710 889 488 902 158 85 905 22 219 535 196 35 984 392 545 631 921 133 960 86 279 989 294 309 583 488 742 413 723 983 611 624 320 299 92 466 58 461 240 625 191 855 471 153 421 789 438 36 557 494 788 566 309 208 221 618 961 491 991 809 83 535 821 560 928 946 756 474 920 186 251 421 606 207 801 162 171 897 490 428 919 268 714 264 347 358 123 778 493 809 695 289 261 20 404 662 813 407 415 168 150 914 243 445 732 150 237 426 367 344 964 138 134 230 364 917 809 88 113 714 961 969 521 592 475 195 206 94 438 453 484 641 10 577 733 6 632 457 478 801 774 110 323 243 612 921 188 326 78 760 117 902 292 366 319 694 113 47 445 965 203 599 299 697 32 528 128 12 869 697 308 940 393 368 547 894 94 376 614 920 696 230 974 339 253 633 164 478 572 948 422 464 260 546 678 438 865 169 949 572 481 967 604 843 574 569 141 243 762 97 539 817 26 999 747 746 440 296 390 264 603 789 570 842 44 310 681 309 280 744 108 800 345 332 283 607 332 146 877 430 487 60 54 599 822 286 439 930 347 526 809 186 780 916 633 767 131 950 888 730 151 186 653 679 616 488 856 358 692 645 708 539 685 612 10 86 696 943 941 409 676 538 684 253 98 692 549 624 786 377 37 54 378 790 262 455 148 183 359 328 158 891 90 117 678 281 940 922 986 338 760 872 32 774 455 186 588 914 820 268 367 499 486 543 709 864 869 931 266 555 733 53 953 748 926 613 154 279 697 424 606 764 452 160 783 577 462 711 13 419 838 431 721 620 264 464 717 293 45 15 826 333 918 736 517 779 498 685 552 954 485 358 202 371 508 927 983 3 117 599 455 649 490 445 478 988 771 226 183 324 498 852 338 595 744 115 819 630 360 77 68 841 211 116 973 286 740 968 576 143 684 874 884 291 663 349 604 462 453 623 572 998 834 667 131 847 324 870 244 907 332 472 604 304 680 141 197 724 613 350 569 728 837 41 820 589 238 519 750 504 476 685 324 256 812 630 129 47 305 277 140 535 382 5 668 244 190 767 265 784 556 280 84 583 359 335 865 70 955 201 209 391 579 447 794 689 623 897 961 271 660 400 346 918 190 69 758
660
555 598 46 808 256 850 637 96 164 620 362 533 981 161 805 357 602 106 585 326 366 789 176 886 251 937 504 474 217 925 649 108 239 475 98 113 295 920 813 772 387 19 842 278 295 43 905 694 22 757 825 758 252 852 266 929 126 811 298 963 379 358 37 414 792 377 827 472 500 118 751 336 141 253 118 982 304 572 838 39 743 870 122 267 509 192 65 960 647 110 167 750 637 864 214 473 693 970 8 44 43 195 914 256 220 549 495 815 424 535 575 691 564 698 470 83 777 480 123 11 303 758 60 537 790 392 296 242 590 703 283 679 174 456 155 123 621 150 532 798 785 528 476 416 200 828 488 852 954 755 826 550 975 275 471 459 329 806 964 970 849 534 693 814 262 940 297 108 188 527 644 414 671 335 586 366 575 426 397 306 914 327 545 680 371 648 412 799 135 606 931 53 989 611 616 983 401 962 451 562 32 501 711 713 898 754 556 341 283 689 751 247 994 345 854 723 610 399 501 686 496 807 207 836 936 374 34 998 746 898 522 301 309 839 239 706 149 724 931 156 756 670 139 666 665 606 62 176 413 262 77 607 906 51 464 486 261 91 318 864 312 578 906 848 250 208 896 530 982 31 202 756 946 328 136 265 586 950 949 730 163 923 113 645 71 784 636 371 769 945 426 954 752 662 98 214 458 634 801 399 781 498 723 555 401 70 378 448 831 143 968 455 849 724 925 164 687 769 715 961 278 590 60 571 500 171 508 836 103 358 720 188 809 292 962 952 488 864 14 899 54 97 416 325 403 987 672 210 465 575 237 328 353 696 503 250 2 868 632 128 216 728 91 729 874 121 806 752 632 38 670 204 133 724 357 882 566 903 894 369 521 440 662 74 920 304 330 319 415 755 146 820 619 121 173 1000 867 25 217 342 134 291 764 286 66 729 12 79 548 321 346 81 421 519 95 377 751 315 550 281 237 84 324 372 12 808 929 261 705 301 913 318 708 4 475 199 704 822 429 994 6 119 243 670 233 447 310 449 529 198 146 15 166 2 119 492 244 860 379 512 437 766 452 63 726 556 977 509 65 827 390 109 447 350 402 780 523 957 912 515 695 454 411 164 195 880 913 673 456 189 742 952 903 932 883 455 864 310 996 362 775 294 582 92 153 48 862 21 905 708 543 982 659 593 957 37 171 113 735 769 789 505 787 4 317 573 545 978 662 990 502 114 135 288 202 94 872 938 236 144 24 108 893 488 415 428 410 9 388 529 462 693 139 111 564 302 330 67 987 554 19 534 738 311 272 959 774 179 96 409 393 970 86 668 477 641 748 650 805 744 885 727 573 908 288 692 419 951 171 281 322 973 326 22 789 646 494 298 228 199 680 417 355 284 84 794 226 4 49 375 365 229 965 73 582 547 973 202 475 775 112 34 515 143 840 258 367 396 741 650 661 537 524 371 232 389 95 322 199 593 596 756 79 891 114 620 732 914 889 334 17 789 801 994 896 911 136 534 992 675
628
306 602 536 280 82 40 310 455 839 457 324 971 517 824 678 202 192 78 932 91 737 640 321 884 738 44 125 69 50 990 266 75 152 441 315 955 759 22 859 482 999 929 783 431 120 928 889 343 486 646 641 944 830 207 186 962 307 533 737 553 537 504 891 244 362 625 933 843 798 935 418 784 383 196 470 306 762 330 832 926 48 105 521 115 276 156 191 572 861 783 629 386 547 310 683 868 629 804 357 920 982 747 858 353 255 634 806 226 212 233 198 566 267 893 89 790 849 463 150 114 919 472 617 912 979 831 375 604 746 263 126 319 969 442 265 67 712 301 128 162 39 37 385 325 375 218 156 231 13 524 873 155 950 437 435 724 655 770 17 639 994 783 566 494 190 917 281 134 60 763 593 270 831 184 256 725 798 105 238 193 631 841 705 162 1 600 324 52 885 598 743 701 964 222 514 759 13 30 773 19 251 940 438 18 120 33 513 423 464 253 115 583 515 909 416 284 557 953 326 896 20 418 47 603 914 385 686 70 649 695 13 869 201 300 356 904 632 917 501 892 90 390 876 700 502 165 35 633 6 675 466 758 650 188 107 682 118 43 735 722 578 147 351 401 733 867 615 527 238 654 54 438 431 695 691 742 843 718 959 898 65 363 419 317 955 368 935 784 591 642 525 666 543 868 600 964 674 690 819 895 174 585 608 386 163 424 60 514 972 225 435 56 672 113 280 729 224 297 995 136 907 321 177 294 651 711 178 810 601 262 138 201 854 343 754 166 351 769 852 542 637 320 198 182 161 41 305 832 332 174 386 634 672 780 833 833 354 397 262 182 325 645 260 289 813 295 561 248 799 226 41 662 895 694 341 726 776 157 861 723 261 216 95 929 757 657 938 436 227 367 717 951 294 621 795 211 428 778 36 73 385 524 37 759 481 480 546 292 130 76 291 633 48 475 355 279 478 174 139 899 550 264 262 313 608 514 111 115 496 697 497 164 627 116 132 478 710 570 341 216 385 334 195 923 502 207 629 572 255 571 597 581 882 121 87 286 571 850 228 530 104 408 353 358 189 412 153 228 234 219 647 735 795 389 986 442 194 176 564 526 957 711 225 607 655 810 897 118 17 368 811 714 423 179 377 411 147 559 866 290 737 998 243 265 755 278 568 96 679 740 37 825 967 546 12 196 163 786 324 59 61 253 847 289 429 333 608 883 17 537 682 57 57 335 592 424 789 515 320 912 404 135 839 994 210 206 785 411 52 772 670 963 233 447 123 347 39 909 965 893 651 214 678 348 615 251 728 35 633 227 440 264 648 829 1 773 467 717 185 659 873 714 242 85 348 118 358 789 548 630 338 625 377 407 363 838 308 903 618 175 631 767 305 744 848 943 483 711 271 97 261 24 499 90 436 134 215 880 130 529 735 572 522 218 301 410 468 936
450
88 438 348 139 312 372 647 553 490 907 277 454 158 634 859 185 858 252 888 660 814 310 884 484 216 551 707 201 427 142 122 970 770 21 48 614 512 104 374 199 704 207 790 497 337 905 384 410 305 834 555 244 915 312 562 475 233 293 138 638 639 106 962 467 20 913 909 71 869 712 659 750 508 365 152 37 717 730 87 826 821 694 811 265 363 925 711 38 641 863 543 175 393 729 389 555 668 799 472 576 17 178 69 913 83 588 860 974 11 906 357 653 459 458 896 843 671 912 328 214 488 96 338 345 966 928 957 457 784 573 595 741 981 948 111 424 61 166 821 268 84 88 33 401 376 277 765 207 940 430 773 79 779 321 258 703 706 365 630 567 451 425 310 956 856 989 427 685 296 35 137 242 921 152 647 915 716 925 290 329 702 826 722 425 540 625 672 651 66 925 196 788 359 818 739 403 606 697 718 975 37 768 306 32 257 191 287 453 670 431 605 484 86 242 738 551 364 717 360 180 264 679 548 914 177 944 444 410 314 845 22 424 800 668 884 392 32 666 84 123 587 964 108 298 585 391 2 766 119 91 317 859 39 700 714 747 635 860 59 631 504 845 974 860 778 115 316 87 660 14 848 881 156 654 313 706 341 60 76 670 604 108 738 74 566 138 155 662 242 219 504 176 314 303 354 901 677 13 662 272 543 147 476 958 615 734 811 939 131 776 655 548 868 983 570 529 758 50 562 502 442 522 365 401 930 635 907 625 592 657 647 260 835 132 900 377 2 583 528 734 293 402 154 872 953 6 310 401 130 654 221 856 414 349 275 723 812 545 634 553 630 438 234 360 898 920 145 569 58 776 435 158 837 637 973 737 987 491 412 379 93 58 77 380 373 564 405 514 717 986 360 632 886 701 85 771 25 140 387 705 828 841 981 298 667 83 486 482 780 998 684 574 832 717 714 795 433 684 382 847 897 127 124 679 888 66 328 257 978 563 864 907 973 575 610 469 611 425 637 357 149 591 541 44 786 515 600 335 933 823
821
458 622 558 999 8 397 689 60 22 160 939 205 669 788 853 781 323 794 241 172 206 694 497 888 303 836 489 114 564 209 151 533 286 580 271 509 753 922 222 735 539 2 607 253 822 911 526 967 117 843 247 914 704 587 891 913 780 293 438 56 403 664 145 758 538 35 868 802 920 817 109 743 713 875 785 386 925 585 609 503 656 427 389 973 269 936 400 299 368 689 837 817 809 193 512 190 71 684 406 417 516 689 667 888 643 946 692 46 623 576 219 929 857 722 454 225 232 478 815 229 216 569 775 258 178 980 428 188 250 882 417 188 869 649 895 163 702 237 167 824 823 466 1000 717 169 365 13 543 487 487 424 251 49 802 348 659 254 780 787 72 959 394 589 285 57 614 892 309 258 978 914 989 147 981 829 661 387 6 816 88 832 822 700 258 237 492 284 418 733 464 806 733 911 663 202 53 213 420 620 929 522 245 160 119 334 228 968 885 775 135 561 821 447 969 67 825 730 647 938 108 359 884 441 327 418 310 985 407 839 356 896 515 938 683 446 87 206 657 371 12 752 517 310 148 446 239 527 880 401 529 289 573 874 670 157 806 153 661 403 694 523 713 648 965 821 265 246 109 145 558 258 812 455 631 152 178 56 693 477 196 919 611 247 673 426 318 783 641 172 881 828 137 409 9 646 916 36 950 995 650 712 675 669 448 441 992 635 413 12 285 890 459 258 214 777 533 152 749 735 175 249 994 404 699 17 539 872 50 910 744 662 654 289 778 13 968 238 844 856 24 156 773 955 574 480 369 845 722 431 691 350 550 104 415 207 275 206 222 263 885 785 595 105 777 803 866 863 324 730 428 215 515 426 94 77 771 445 17 559 95 983 550 616 590 935 334 265 952 124 710 419 869 666 346 985 805 843 620 964 988 222 820 313 883 534 16 53 98 577 827 844 732 349 284 122 927 112 221 803 56 722 228 303 35 507 216 794 725 638 356 438 247 373 100 71 121 106 64 754 100 523 440 181 359 180 940 456 481 881 95 292 666 887 795 602 420 778 290 471 438 372 969 513 311 109 745 14 497 262 182 497 477 903 328 909 628 910 656 540 200 842 373 890 74 338 988 786 68 931 636 469 895 721 90 260 723 171 565 46 477 594 295 279 527 466 881 592 605 767 85 863 188 594 918 306 94 343 922 487 116 482 821 938 717 458 668 233 552 721 198 99 181 562 748 185 147 842 363 210 410 16 794 879 971 678 444 599 42 964 473 674 37 833 782 31 846 952 282 958 933 753 215 738 18 767 786 301 754 177 507 889 133 360 312 148 575 532 274 145 586 543 870 373 506 647 168 313 558 701 110 989 23 862 706 644 207 229 993 88 969 358 60 253 187 186 166 874 227 50 119 929 928 198 374 567 890 492 968 664 587 927 853 103 30 586 501 749 530 974 289 193 543 632 479 661 59 937 325 490 62 159 87 369 439 504 680 206 57 780 311 903 454 269 211 233 314 291 825 277 453 208 851 980 92 981 710 465 27 370 482 676 132 198 752 886 46 851 333 285 905 621 764 561 916 919 268 69 183 786 43 631 385 698 719 622 868 498 724 912 942 365 378 803 574 453 833 388 426 387 299 413 30 686 209 532 920 67 77 936 96 400 903 253 166 217 146 797 620 999 347 85 568 765 418 860 319 559 942 719 495 902 336 428 44 46 867 640 27 93 865 625 68 581 284 673 64 568 22 177 442 95 171 467 599 163 131 58 915 777 695 232 449 139 497 29 4 448 607 138 744 153 984 986 467 753 917 472 643 350 511 537 254 936 690 712 979 340 81 870 281 39 890 248 499 641 19 783 902 89 473 379 239 737 429 161 865 144 368 70 165 161
899
246 553 160 930 164 977 104 890 136 359 559 340 693 233 734 884 516 548 410 15 201 957 164 363 639 671 792 511 708 602 465 974 350 155 420 982 677 1000 43 372 560 138 923 667 912 447 524 773 279 129 511 370 801 102 886 951 638 160 954 726 127 856 408 589 84 461 438 268 806 925 211 394 878 686 769 243 93 860 165 901 924 672 865 308 787 744 337 466 22 371 339 864 949 194 998 665 942 185 779 285 661 982 166 823 407 232 187 516 699 882 968 356 141 317 309 864 761 434 723 101 865 90 526 567 64 126 518 860 994 406 648 2 142 539 139 198 118 195 91 325 684 613 549 33 24 886 193 731 516 772 924 133 36 499 446 166 302 739 469 478 200 337 72 492 852 754 180 739 301 845 207 745 592 130 706 10 112 267 457 918 123 68 170 523 723 391 582 114 318 689 800 597 377 560 632 758 206 392 865 481 563 174 980 587 723 485 720 632 74 461 573 285 551 332 99 18 954 608 751 451 638 253 840 34 574 190 229 391 345 741 202 581 383 193 954 837 163 629 765 334 345 743 766 792 990 855 325 271 142 577 714 509 146 934 31 773 682 459 802 348 442 200 45 223 317 854 356 637 278 218 111 793 165 632 365 603 105 863 87 171 545 830 336 805 488 602 451 984 193 480 141 895 833 208 75 557 88 629 176 148 525 257 750 803 350 604 114 829 678 494 142 963 65 622 816 454 27 355 475 381 11 538 852 62 556 962 237 895 76 983 505 172 219 96 654 640 38 406 646 153 935 304 111 756 908 587 22 2 772 532 844 134 503 338 110 292 552 424 378 63 868 149 621 393 92 368 12 345 192 960 150 657 329 338 70 525 670 494 595 576 921 338 267 25 626 566 235 328 810 994 700 475 277 870 458 412 858 906 8 932 958 808 837 694 509 730 543 219 944 176 723 392 416 567 149 500 766 603 382 350 517 366 625 503 629 477 257 816 654 933 861 55 842 262 421 922 534 960 381 699 690 988 281 405 290 949 250 890 974 77 702 848 81 623 727 223 487 999 323 809 836 23 611 587 139 856 137 878 563 973 992 784 263 602 854 41 197 90 44 309 982 349 348 548 579 470 106 730 768 820 256 457 206 48 994 154 295 302 479 141 373 674 799 126 304 728 875 393 315 147 3 189 667 394 297 304 912 360 295 126 946 647 323 185 177 908 283 900 855 958 124 58 616 115 729 25 960 908 696 944 584 924 772 499 460 137 331 346 344 875 873 111 685 274 938 822 905 67 215 803 218 902 166 586 166 306 362 656 274 952 921 346 151 854 74 189 260 158 717 743 43 206 971 733 5 289 314 342 68 474 927 287 18 142 774 364 819 293 521 414 496 499 94 69 805 149 26 436 919 536 834 57 645 216 154 362 803 777 63 149 853 579 433 846 167 59 218 928 850 319 283 295 874 991 233 783 924 936 776 359 69 636 919 966 119 874 892 991 638 654 439 171 795 393 591 650 89 274 301 57 882 871 297 298 826 857 887 428 22 357 293 508 858 491 995 637 271 346 724 776 84 210 997 882 957 419 9 36 946 475 356 535 119 276 459 85 360 684 22 590 24 451 514 750 573 699 810 891 912 953 923 259 844 814 538 722 377 3 408 214 48 997 822 312 495 254 819 456 75 399 998 542 18 761 879 394 864 354 386 172 281 791 584 306 349 853 179 221 257 793 469 570 320 27 975 379 770 692 846 313 194 81 431 446 54 374 520 496 440 155 1000 856 846 972 513 524 232 132 401 813 324 739 431 334 688 589 148 455 3 910 224 478 510 654 775 740 624 990 9 315 721 931 979 814 973 732 642 986 204 271 34 220 680 335 862 213 164 53 350 834 975 398 487 858 62 852 763 566 603 479 739 121 870 506 105 380 246 259 687 852 928 246 515 902 45 184 187 357 746 334 546 549 237 26 357 99 647 528 166 339 491 187 982 686 250 45 188 497 629 825 660 94 711 219 673 339 382 357 308 627 651 772 195 296 97 368 904 726 224 779 816 680 101 669 355 858 669 350 717
40
617 325 333 783 29 476 586 361 322 342 364 633 458 107 78 451 110 95 299 552 258 562 497 573 499 356 455 31 99 440 67 359 799 606 16 485 880 303 683 589
599
733 529 241 912 720 430 141 796 909 640 74 335 88 683 309 134 492 254 356 192 166 54 34 664 481 252 934 772 400 398 70 286 773 902 980 58 426 404 360 154 514 993 418 418 103 970 577 471 231 346 857 621 281 858 3 766 701 211 675 787 341 756 226 745 291 439 111 162 795 641 59 304 497 631 510 745 489 951 923 953 307 972 265 577 22 396 534 441 85 381 131 590 918 601 376 686 138 606 888 83 143 69 293 752 169 32 183 907 346 879 319 160 208 141 204 863 349 743 481 807 381 559 399 6 969 700 71 87 910 696 363 927 175 574 873 35 749 757 234 314 643 138 447 46 158 78 681 273 676 861 175 431 741 33 946 497 998 878 601 689 571 854 411 983 909 127 151 214 776 166 919 614 206 503 824 782 307 198 347 289 124 482 870 240 3 817 449 596 994 646 694 466 843 130 830 901 917 797 993 29 121 61 101 20 828 225 280 286 841 857 275 797 646 90 240 934 358 663 14 982 482 469 368 978 510 891 697 144 78 66 92 801 869 455 479 907 813 303 802 723 615 435 496 579 430 311 52 196 857 137 439 645 50 416 901 978 68 726 154 398 955 244 457 990 232 353 399 594 907 433 392 166 81 499 795 49 981 719 340 418 368 424 127 524 678 741 358 809 419 423 45 815 487 299 172 292 193 64 446 736 640 245 336 378 213 284 176 859 743 356 752 481 884 672 467 167 777 498 291 951 716 294 805 743 842 725 39 472 50 490 784 442 360 123 656 775 775 662 118 292 684 490 328 575 88 83 828 278 768 587 388 952 714 422 311 526 604 746 371 566 427 239 830 936 269 747 269 378 294 225 622 17 790 844 221 218 877 141 877 279 667 17 485 672 620 653 869 126 559 590 733 878 381 493 963 214 289 816 153 367 345 2 85 381 668 452 285 579 436 594 432 656 571 311 422 173 453 592 482 169 385 824 182 329 18 42 959 316 955 838 699 164 385 184 576 242 289 654 753 564 345 510 90 513 772 475 641 338 992 438 922 854 912 412 920 490 745 242 95 974 562 694 933 579 72 334 293 39 541 68 45 309 925 192 776 66 300 999 906 37 996 839 253 582 466 970 967 767 186 57 287 390 116 400 289 386 726 447 628 904 214 444 51 286 519 262 412 708 2 901 175 136 641 446 98 886 351 416 557 616 315 854 889 760 91 833 388 660 83 93 685 66 587 322 304 246 277 480 506 31 638 792 621 616 186 560 841 682 98 710 604 683 582 336 968 218 830 446 733 616 127 62 670 926 320 825 910 665 274 78 845 931 903 635 148 25 694 613 214 599 958 794 666 563 252 881 348 656 603 538 383 84 165 415 147 675 637 796 474
675
224 851 127 102 854 630 883 52 746 514 801 506 945 50 389 145 653 514 670 978 329 347 383 521 772 241 211 724 519 115 88 638 942 159 208 703 284 295 432 124 826 718 99 846 233 571 401 795 693 347 643 517 148 757 842 760 735 583 139 54 14 881 129 419 14 817 185 8 694 938 200 800 482 220 805 831 100 465 50 4 471 154 129 456 195 182 459 41 953 692 617 237 723 198 269 277 488 119 644 646 616 399 314 700 819 987 411 125 616 552 18 516 112 525 281 455 2 362 972 60 835 321 479 388 115 831 451 764 341 393 857 939 825 58 286 185 297 614 865 295 10 380 645 858 160 505 133 509 145 738 444 823 109 446 689 434 169 14 47 62 622 137 316 647 869 422 652 232 272 836 167 34 65 919 439 632 348 57 377 586 93 749 685 511 455 352 635 470 400 735 453 76 984 838 629 832 722 42 652 986 841 122 522 444 400 472 275 775 466 427 409 890 687 443 1 680 322 564 985 176 10 916 450 47 744 671 490 338 404 122 981 112 945 548 392 760 319 907 312 299 350 372 887 811 739 625 278 771 368 623 358 26 554 901 225 24 838 927 164 954 847 937 189 440 28 205 856 631 340 314 364 226 907 490 267 917 714 9 438 492 637 818 452 571 339 977 917 652 785 374 256 608 786 795 133 288 373 211 161 808 495 228 525 970 876 441 322 450 893 57 535 933 454 57 554 760 234 68 731 37 5 16 964 917 781 832 676 986 735 686 561 998 997 289 736 714 836 495 139 712 922 868 264 998 461 396 800 357 958 935 509 160 432 985 277 37 675 168 832 860 577 799 327 435 286 48 476 512 117 308 260 34 435 951 160 458 774 558 618 231 469 353 846 550 615 814 375 493 883 462 301 817 254 411 644 410 326 780 170 822 504 145 201 87 860 715 288 813 794 398 549 841 473 744 589 321 744 665 92 494 473 21 459 229 828 311 397 77 205 861 196 488 630 976 373 915 330 428 44 949 116 225 154 116 686 854 183 234 496 367 413 192 602 748 892 205 19 69 506 286 22 894 61 463 349 267 307 833 136 38 984 857 913 50 861 414 683 842 645 36 109 726 91 825 593 437 757 733 284 226 253 298 974 455 607 181 548 269 261 584 861 264 219 933 915 502 340 208 33 210 614 699 847 616 878 755 327 972 955 148 49 341 615 190 661 138 719 543 522 678 685 904 825 719 183 10 961 104 301 426 370 629 869 827 399 864 725 623 902 857 99 840 829 341 449 57 219 44 496 26 286 109 843 291 307 729 569 49 273 419 139 668 936 730 632 58 985 820 971 743 642 283 140 52 709 887 795 40 279 762 950 205 398 565 895 146 739 452 426 143 791 225 614 743 714 280 911 573 134 258 103 757 987 83 981 870 725 524 677 510 49 868 121 852 379 847 249 166 590 804 651 188 399 546 601 257 671 765 774 30 200 148 658 18 618 148 219 402 197 33 713 238 424 757 673 97 460 602 233 782 743 135 665 403 637 141 152 526 361 224 223 46 44 447 266
471
687 545 811 659 273 65 453 827 138 369 61 499 547 992 379 291 639 747 350 907 911 732 693 483 1 519 694 153 599 666 338 445 218 472 871 169 593 451 148 887 743 371 12 253 626 701 433 752 377 587 27 110 834 175 875 332 720 763 682 351 130 940 188 494 128 510 936 963 82 617 885 982 878 873 863 946 445 861 31 151 318 229 156 606 132 137 35 909 512 483 373 6 36 920 429 393 445 479 844 376 58 785 290 861 901 685 422 493 727 952 101 335 26 411 480 348 891 954 851 989 785 535 1 191 799 145 78 908 916 390 831 289 287 533 79 284 131 186 338 18 831 839 445 811 201 487 225 277 857 603 494 148 780 259 287 43 350 290 218 489 283 405 749 748 465 423 394 308 163 473 216 145 905 414 886 74 233 105 610 253 423 958 595 645 170 8 475 778 425 618 51 322 200 781 824 581 230 937 879 934 619 237 190 546 687 641 967 902 859 330 373 51 42 467 831 782 580 449 106 973 580 172 58 244 846 4 675 97 606 40 686 873 873 964 688 867 644 852 23 85 624 599 972 556 625 416 853 585 585 694 966 681 381 399 243 346 86 836 18 481 701 399 357 306 918 869 605 18 176 291 140 610 466 761 453 485 434 690 500 136 18 644 455 343 183 365 17 102 498 813 129 396 489 91 393 921 72 113 856 314 404 525 771 628 222 664 844 843 857 536 487 15 688 379 63 365 460 912 51 815 72 435 650 117 124 263 949 533 349 372 708 118 457 772 125 446 519 125 441 173 844 182 835 355 359 160 928 408 953 652 42 834 232 742 690 442 361 310 733 231 905 528 18 850 452 149 445 457 190 648 241 201 812 534 52 69 880 456 379 729 398 260 308 512 324 647 224 251 459 111 577 488 552 612 968 623 698 820 115 811 205 509 771 543 427 167 343 708 633 756 955 240 553 228 575 950 341 445 358 950 319 8 850 309 373 234 327 441 424 125 403 62 754 38 683 821 832 129 558 947 236 59 377 150 228 958 393 821 858 241 750 441 18 892 174 258 205 486 275 263 935 739 819 841 532 647 953 59 499 972 87
636
25 350 582 552 237 613 557 329 621 627 768 852 646 124 183 794 660 756 142 251 652 919 641 872 663 862 650 992 979 366 343 328 600 658 738 149 830 946 929 925 799 503 809 735 389 715 885 565 573 282 666 149 742 60 268 745 242 646 948 186 443 3 394 819 265 178 525 91 990 402 326 161 957 962 717 294 35 992 985 495 624 245 498 384 505 846 989 363 882 869 901 932 96 266 171 154 66 686 417 773 229 549 29 261 827 884 187 228 382 201 612 505 352 306 250 370 954 926 438 116 503 437 272 692 167 551 616 407 10 501 514 908 161 415 789 471 710 529 684 247 182 902 505 742 188 425 923 815 326 527 433 184 962 784 813 201 594 74 166 295 618 135 128 437 629 687 196 966 97 805 226 344 4 920 815 706 613 751 453 373 313 694 851 654 49 363 59 812 467 83 903 314 943 719 380 146 574 317 745 211 325 255 809 654 358 755 509 475 617 653 248 535 657 534 237 935 694 759 319 514 945 726 380 71 100 862 150 286 457 892 856 586 435 212 896 704 278 354 221 154 658 644 805 824 962 522 183 199 476 441 432 672 325 203 991 892 186 678 254 868 424 599 679 985 380 899 972 770 163 457 43 745 2 227 715 747 332 627 374 11 538 357 726 898 4 933 950 176 893 886 908 277 217 291 27 926 113 717 928 861 780 547 525 460 507 258 478 250 749 589 880 560 286 849 358 354 898 378 526 786 866 608 280 355 961 137 674 344 922 316 694 704 101 196 366 532 244 340 986 279 821 1 246 212 555 575 996 440 230 583 392 641 402 860 889 892 998 947 388 749 842 672 862 45 493 14 317 637 916 737 715 657 347 185 804 953 720 744 832 38 962 947 233 929 358 175 238 99 291 578 998 491 322 452 564 886 213 371 205 145 560 203 295 564 850 522 173 803 965 394 232 523 991 660 738 127 380 188 745 414 213 525 420 861 841 65 146 59 678 291 304 662 761 233 633 942 929 370 319 81 240 356 3 373 287 747 483 675 779 917 455 471 614 115 678 404 839 448 202 72 649 433 399 372 382 348 434 83 733 71 909 693 743 261 891 797 610 371 717 461 868 463 765 655 719 872 179 179 997 757 54 104 628 886 818 649 932 388 448 624 510 154 559 466 449 827 432 203 661 518 744 786 456 69 364 908 896 875 326 380 419 673 591 420 155 799 590 435 389 752 206 630 1000 833 410 700 666 212 782 759 968 294 73 3 790 974 400 810 509 825 440 927 974 747 397 286 212 277 436 297 760 609 160 706 143 561 841 737 880 551 245 149 615 341 215 273 868 210 346 22 707 894 707 264 41 589 394 212 488 93 354 326 121 992 969 826 214 289 443 928 178 833 608 263 26 656 680 812 54 395 334 732 529 224 517 140 641 883 842 699 108 778 849 961 903 723 191 30 629 955 312 691 503 573 299 886
703
327 349 115 73 544 811 89 176 330 115 69 220 915 988 849 146 712 361 556 610 1000 272 947 715 527 858 340 274 286 169 636 17 397 798 289 873 141 460 13 495 382 189 341 644 445 555 877 967 995 545 207 56 489 431 248 83 752 275 172 30 976 669 3 955 16 948 178 880 636 129 604 244 246 155 354 827 663 88 747 713 461 1000 600 976 572 259 489 939 916 678 900 716 671 796 523 344 797 255 857 629 160 830 537 268 998 105 309 192 340 984 53 501 259 995 199 195 994 451 853 410 728 184 239 723 41 120 905 608 293 925 523 271 936 176 818 259 641 903 353 54 56 942 623 488 870 148 562 62 138 718 134 424 856 373 526 838 344 359 86 198 479 735 482 944 581 600 989 637 691 560 212 39 473 300 697 997 270 714 677 461 739 336 418 887 993 628 659 225 726 811 794 433 161 704 886 492 431 522 562 845 235 477 132 292 873 796 312 545 32 69 106 549 472 457 132 600 850 509 29 108 851 800 435 217 707 441 501 534 373 5 716 638 706 371 823 272 458 743 243 297 372 592 827 113 282 690 459 493 434 95 677 406 864 392 3 88 946 62 476 173 861 39 370 491 128 417 131 832 110 946 515 960 386 371 414 330 25 275 531 218 24 522 492 807 796 192 962 415 14 124 663 696 706 549 940 724 466 314 529 886 91 416 994 773 284 2 159 91 610 763 680 513 60 280 937 774 630 45 828 859 916 615 106 738 948 526 940 1 472 15 922 170 557 183 186 314 145 774 59 477 821 467 68 246 961 847 59 505 125 696 500 569 397 829 77 670 407 773 340 599 776 457 689 424 957 395 529 620 41 590 468 680 755 621 601 786 528 920 635 379 10 318 561 47 194 32 440 930 237 335 702 19 933 95 912 794 65 754 349 546 555 455 584 35 485 59 702 680 340 790 766 515 665 838 923 90 335 742 107 800 760 387 652 279 175 512 936 839 803 511 775 750 417 48 494 518 531 703 967 46 159 487 946 108 988 62 971 392 77 195 28 136 182 884 198 275 8 536 744 812 26 178 108 778 705 617 707 670 346 982 61 427 566 205 763 94 966 344 261 677 472 296 255 789 161 50 981 753 880 600 710 288 955 437 865 783 599 771 71 763 373 383 606 535 915 693 89 942 438 344 510 970 693 489 385 735 274 118 87 630 493 107 820 834 883 117 24 593 721 378 150 877 344 53 71 689 840 141 628 301 614 930 163 917 473 575 270 557 38 36 797 724 820 855 488 204 572 306 552 403 576 964 948 110 697 585 502 234 801 153 27 840 650 301 445 708 353 297 458 445 169 690 521 194 898 573 143 266 908 118 996 364 437 672 514 766 28 629 322 248 956 649 402 359 334 471 742 313 452 351 677 766 484 139 288 187 317 324 292 626 365 799 884 481 393 745 55 223 846 374 877 30 471 74 479 182 654 571 296 557 236 714 534 686 213 107 849 445 273 508 48 817 754 613 399 897 530 197 541 334 352 995 146 350 835 133 207 645 494 756 52 289 696 63 815 66 625 195 571 607 638 947 656 464 34 245 528 256 741 551 240 196 933 913 336 59 630 292 470 870 149 897 132
710
434 224 326 869 845 947 565 112 883 519 754 153 675 692 650 355 269 380 715 723 195 776 93 719 205 503 327 664 211 125 115 526 435 222 906 692 434 35 836 349 51 451 400 927 509 112 816 286 990 870 885 164 215 856 723 609 430 140 845 893 23 630 251 834 495 634 279 677 1000 938 226 339 838 387 31 758 990 886 839 657 820 195 421 405 404 920 862 700 676 42 669 744 952 360 936 209 315 253 6 340 447 180 879 87 679 2 935 732 688 472 499 704 942 907 19 711 787 920 295 844 473 779 668 445 701 856 342 385 781 879 330 946 645 213 30 381 631 141 529 384 985 916 862 889 331 457 69 650 198 887 481 271 877 963 323 51 424 444 354 201 872 808 982 8 62 869 947 8 787 705 302 999 694 752 853 678 873 431 744 86 561 883 214 767 642 610 411 345 301 551 311 431 925 675 941 475 822 634 52 800 735 509 701 117 764 302 645 12 21 739 309 861 550 825 68 814 389 737 800 650 816 34 538 213 994 630 675 971 634 584 380 513 12 989 297 187 954 887 949 281 314 942 15 859 621 139 419 948 135 571 991 363 233 683 181 929 902 435 950 451 901 125 80 513 680 177 955 85 865 947 563 98 330 916 798 309 662 36 97 206 989 821 856 854 150 713 182 424 977 480 42 828 548 269 367 584 661 358 612 675 856 855 284 739 338 465 635 802 57 969 775 744 214 595 820 581 181 797 913 641 15 753 238 904 475 27 608 619 744 831 686 937 696 192 80 569 533 379 668 774 456 726 892 573 526 452 397 602 464 225 812 652 644 803 553 943 356 905 976 399 767 424 169 963 457 779 329 848 316 302 464 381 334 851 109 527 259 991 954 345 399 27 684 243 802 191 845 892 283 356 995 965 10 799 963 744 558 339 87 301 64 787 719 104 499 711 403 673 69 104 688 103 308 60 403 149 798 794 77 812 576 983 204 472 116 621 760 432 395 143 73 215 50 397 253 54 997 109 6 323 272 9 200 100 821 867 248 956 940 641 640 179 270 258 88 872 424 79 615 369 114 586 532 974 373 574 616 907 334 320 540 39 500 405 19 40 680 28 918 793 518 867 778 973 740 154 719 664 992 404 718 636 531 406 325 864 497 128 505 632 678 723 574 605 859 988 527 722 312 209 925 859 1 102 85 922 309 658 472 294 548 921 719 765 728 750 494 642 528 728 926 170 337 694 332 323 786 70 103 140 973 604 189 841 929 679 995 660 20 373 871 350 339 257 507 709 316 759 469 515 951 237 873 137 319 70 199 833 760 140 966 507 362 618 487 991 226 983 530 743 660 268 555 10 880 152 183 669 787 173 467 88 100 423 384 776 291 193 591 739 411 159 558 724 554 646 580 55 736 150 842 105 670 2 664 265 49 485 141 138 942 386 634 849 101 181 932 879 334 482 880 568 870 7 504 80 422 346 375 418 524 352 787 949 653 648 338 110 599 972 534 321 169 359 327 602 509 29 202 408 800 718 677 221 410 111 441 749 409 601 244 581 41 815 843 310 452 123 1000 551 762 492 831 22 201 414 304 312 317 969 803 236 959 256 819 629 682 290 929 345 966 190 94 80 781 762 297 13 879 279
905
562 654 185 248 912 494 207 366 746 573 328 889 368 149 164 278 570 60 790 358 793 585 350 392 265 788 107 239 50 979 275 692 963 165 962 769 467 144 442 350 55 803 881 4 689 206 893 234 129 977 202 226 752 267 284 289 82 991 32 938 383 983 166 738 996 956 607 84 27 190 986 635 722 79 322 969 983 944 460 713 551 813 721 410 594 574 66 293 671 533 978 466 910 371 603 906 663 152 741 884 153 411 761 102 645 216 422 403 608 750 158 716 27 21 412 449 703 553 348 411 650 607 247 781 176 92 459 103 587 191 416 648 606 710 707 555 311 22 971 973 587 20 684 955 983 976 415 957 456 250 454 569 52 921 937 102 145 540 757 333 442 906 898 919 519 654 406 805 138 971 863 145 428 160 239 155 905 108 916 884 744 206 785 366 365 817 248 634 254 242 413 271 391 958 627 649 791 724 727 765 453 263 221 82 299 917 717 132 209 85 872 126 152 246 284 351 686 1000 555 864 881 225 351 678 948 928 452 121 414 138 527 123 989 75 876 943 934 617 164 579 486 926 742 919 407 713 751 895 453 744 896 413 861 324 289 938 521 266 257 577 752 264 632 838 662 528 618 306 344 846 147 411 161 80 623 398 886 769 748 354 22 659 721 851 309 699 244 477 182 296 863 23 40 454 738 260 285 586 549 327 977 960 894 90 207 262 699 888 230 525 719 151 71 639 280 103 273 720 403 14 237 999 936 224 247 806 241 97 160 629 903 16 333 675 937 527 963 436 161 108 624 541 486 379 261 25 402 128 264 552 819 799 586 936 258 843 417 519 71 690 112 132 749 549 498 604 337 56 98 120 866 638 495 278 588 230 896 458 413 292 375 759 202 782 541 79 725 123 223 84 31 546 558 118 100 513 448 74 123 160 120 873 299 792 189 874 355 724 952 73 635 542 979 811 601 601 578 518 347 170 336 97 302 434 258 533 898 501 209 143 568 843 547 452 533 722 903 145 843 579 753 46 3 409 332 50 684 922 564 767 114 699 811 95 177 6 86 527 792 105 686 236 597 25 900 372 139 358 854 124 522 2 172 708 809 437 827 34 777 755 663 778 533 644 806 148 436 396 619 780 552 127 258 609 276 707 266 908 998 660 335 445 968 204 315 41 893 238 638 481 448 268 83 871 494 306 919 826 556 167 897 769 337 925 77 90 918 677 495 392 703 477 686 744 339 358 326 256 610 342 825 454 649 417 731 263 251 722 634 695 144 825 500 250 868 829 622 169 267 494 584 965 287 279 224 438 745 281 995 723 472 50 49 733 290 928 932 866 954 2 786 407 726 433 97 949 737 587 465 351 808 888 115 841 928 870 948 824 918 756 991 172 207 861 168 285 423 578 540 379 434 867 431 687 311 496 263 434 726 522 232 792 101 801 399 446 296 585 637 553 510 370 100 19 352 735 257 852 171 228 737 993 716 643 408 800 374 929 882 653 516 571 176 286 671 923 181 249 866 198 452 450 161 499 163 195 362 520 594 850 878 303 797 857 44 415 900 955 536 525 865 58 162 370 590 742 533 776 261 676 878 935 823 179 459 710 272 135 309 931 876 639 985 598 895 35 198 859 235 319 757 250 431 710 670 463 843 960 532 527 686 231 546 357 543 169 22 468 92 432 949 19 83 268 183 505 410 906 113 848 11 438 954 721 57 594 398 106 21 596 788 494 246 205 928 174 705 156 960 367 641 123 921 199 858 940 989 823 296 716 65 886 746 665 292 953 135 399 122 882 718 779 883 595 825 61 705 842 365 750 129 431 475 525 891 974 779 999 755 52 980 221 386 447 608 270 455 179 146 82 682 681 156 606 982 518 496 781 881 33 94 776 907 767 745 214 444 862 880 148 115 194 292 646 461 463 841 227 852 252 439 281 477 220 213 61 560 333 987 710 592 532 201 761 228 303 398 544 865 705 673 296 499 580 255 204 677 76 381 254 741 728 617 568 865 536 646 173 755 279 427 673 588 662 427 625 481 400 712 700 405 998 608 361 678 757 794 708 561 742 779 753 550 737 210
138
632 986 450 435 580 163 698 996 342 204 482 817 245 796 480 428 377 193 369 315 29 7 583 569 750 398 131 904 556 486 527 875 832 918 885 780 192 154 960 560 583 177 431 150 245 817 476 111 319 568 513 585 383 64 577 768 528 710 133 427 13 86 947 960 714 663 681 829 958 276 829 699 80 267 361 100 110 924 469 805 707 943 513 204 238 670 866 293 697 580 269 189 824 390 790 354 313 374 134 836 709 59 234 840 754 54 77 241 886 332 267 69 41 200 527 813 42 841 605 329 663 913 18 465 470 968 469 551 470 197 742 3 995 263 482 693 982 742
309
792 798 916 55 797 304 664 247 122 122 406 798 318 537 709 835 60 987 418 320 203 723 806 958 781 123 437 742 53 271 483 145 870 779 400 834 337 905 726 447 335 249 875 630 870 453 192 305 109 63 561 848 593 549 917 753 761 170 856 486 293 328 642 236 790 940 928 390 685 431 178 171 503 162 387 490 430 488 549 910 234 876 872 579 197 948 138 876 977 773 995 771 435 466 376 774 413 488 234 494 612 679 518 800 710 653 829 120 122 142 734 255 154 669 578 334 758 793 895 122 44 574 883 403 423 769 855 850 541 587 492 536 250 53 87 251 800 342 315 930 887 663 926 556 330 377 60 568 25 93 841 97 831 729 125 950 2 385 452 473 99 408 26 48 737 466 562 832 652 338 694 42 501 458 226 339 231 329 71 279 434 508 694 701 855 637 757 942 629 794 92 936 467 457 222 765 54 388 213 698 888 100 363 181 319 248 510 760 874 473 293 110 149 61 820 266 376 912 452 865 926 329 539 648 191 696 237 537 321 672 815 131 600 179 59 544 911 553 804 417 233 423 47 983 341 734 562 771 195 911 209 734 583 970 490 779 820 741 848 125 270 356 519 585 880 565 941 336 982 888 234 975 823 877 418 546 829 805 429 620 638 644 414 343 63 469 648 83 415 247 334 925 866 674 264 985 464 499 491 151 507 592 164 267 386 768 148 904 166
989
855 61 669 924 268 751 848 455 706 449 190 513 536 125 783 534 115 586 20 697 165 642 76 164 297 674 986 135 546 53 308 851 634 809 608 929 707 157 548 537 324 273 19 294 463 304 942 160 690 682 368 28 106 200 325 235 965 715 319 686 233 702 444 966 86 247 519 202 853 256 571 236 720 518 38 877 437 758 635 900 499 254 440 946 425 511 818 230 833 909 394 710 407 835 183 90 610 551 231 264 614 933 118 666 516 631 476 430 650 64 411 601 981 866 782 955 590 264 312 753 825 613 153 567 102 828 660 590 652 110 476 59 111 796 179 304 923 618 480 636 441 846 497 486 814 788 447 960 430 775 514 622 937 887 667 940 51 747 640 624 304 271 554 135 272 656 953 393 545 415 390 490 581 9 669 810 381 203 210 393 273 661 66 191 980 563 372 394 724 527 182 698 975 240 773 554 137 559 663 318 601 725 962 154 190 273 25 787 53 106 591 148 670 370 782 316 120 182 502 439 13 228 771 954 353 870 759 103 689 794 404 392 723 232 161 582 323 253 140 468 890 946 601 600 328 226 746 675 163 442 598 876 204 46 954 650 697 701 535 435 866 513 448 949 922 327 179 36 726 726 385 8 124 879 484 333 281 831 717 37 663 587 956 630 465 467 377 274 688 465 734 507 274 111 95 747 493 471 492 514 386 958 940 693 165 585 101 567 510 440 175 92 953 468 523 265 907 855 28 425 977 713 382 564 843 545 36 909 533 314 815 881 12 482 91 790 388 427 547 213 219 719 400 901 35 675 203 979 991 48 347 5 718 433 184 386 401 355 24 805 278 712 616 167 105 224 817 423 298 517 859 562 487 741 404 378 799 968 246 12 432 203 844 455 948 153 773 567 463 777 213 417 268 191 187 135 454 882 410 340 312 967 630 708 1000 659 618 271 703 447 278 436 358 360 65 242 977 373 652 397 584 452 747 969 694 879 863 250 116 356 285 375 834 980 488 594 127 517 979 495 884 627 590 855 15 822 809 885 233 437 854 697 843 205 468 403 569 224 464 935 296 618 371 556 750 486 132 481 130 213 299 486 704 527 247 946 227 825 747 233 951 653 989 664 696 360 997 218 461 293 687 821 497 538 88 212 477 954 539 83 163 604 46 982 494 422 516 876 344 857 573 23 398 626 381 252 871 138 780 748 576 801 452 294 133 316 993 762 503 710 68 233 345 359 82 32 399 577 897 215 412 38 694 696 119 430 187 618 117 325 695 282 603 693 765 161 744 398 114 504 944 631 420 812 357 786 497 355 94 6 519 177 96 668 950 556 494 187 643 722 49 615 519 91 377 494 20 618 217 98 350 782 878 322 892 647 535 913 194 54 977 719 973 437 272 564 767 857 571 325 689 735 632 819 326 406 236 496 169 991 580 417 257 635 532 842 319 540 5 400 947 511 776 794 835 283 971 960 154 829 560 457 444 615 755 612 450 177 900 452 158 546 977 468 268 751 297 760 244 410 251 937 587 115 361 190 162 642 811 727 98 699 855 79 955 472 285 975 239 351 737 864 936 92 970 849 463 789 565 201 679 740 457 684 969 548 753 192 928 676 850 247 443 219 301 72 53 652 902 603 719 830 200 808 895 657 114 772 360 621 941 231 299 735 610 119 194 128 574 945 300 473 645 631 844 36 25 771 513 346 880 121 866 242 534 378 338 573 483 891 711 605 967 787 484 745 772 708 427 59 715 458 158 410 110 658 13 339 448 592 2 161 64 241 713 310 321 587 907 310 18 588 658 718 203 773 210 816 496 394 444 845 366 259 7 919 42 411 776 449 771 178 881 105 633 886 351 837 365 97 238 552 164 151 876 391 998 600 649 525 40 404 939 800 240 113 504 933 706 176 390 690 559 831 899 957 560 334 377 982 247 764 736 549 374 791 674 572 135 201 651 143 561 504 241 539 671 994 150 494 24 313 493 13 431 621 309 190 369 195 911 178 855 133 568 577 99 4 247 908 693 640 257 21 95 661 772 9 804 475 153 686 754 524 222 421 771 570 352 370 520 65 482 361 799 336 419 579 914 343 28 563 887 815 189 98 892 900 983 581 616 942 575 172 153 717 60 246 985 30 586 582 753 422 35 718 988 589 857 305 263 110 31 885 593 536 468 650 739 600 613 826 54 219 180 206 24 40 227 918 87 794 266 58 664 687 117 172 615 538 824 789 709 199 711 414 768 746 845 512 959 991 241 780 132 451 842 492 492
390
106 535 686 853 541 143 96 65 641 995 115 193 159 643 24 632 611 981 679 696 307 272 262 330 404 246 407 160 525 418 227 723 727 840 828 802 675 413 47 463 358 129 217 574 553 567 811 915 328 44 969 691 142 651 148 732 654 303 16 954 617 867 533 273 699 200 794 885 707 545 55 821 812 502 977 632 193 815 692 802 549 494 738 380 311 428 289 83 501 801 803 572 864 462 263 344 659 739 285 348 639 727 241 304 273 330 1 878 544 329 862 914 49 938 541 544 694 114 398 51 969 512 38 405 123 330 913 715 956 486 169 882 193 80 111 407 41 821 227 778 388 346 701 509 862 262 652 350 402 813 597 490 914 920 578 202 421 370 215 987 445 711 5 375 791 5 254 623 521 899 441 272 588 895 405 314 864 359 483 446 116 231 333 737 33 320 364 893 454 713 296 700 329 610 869 453 771 986 724 865 804 288 615 350 945 141 748 930 96 1000 687 23 993 491 598 114 851 316 52 251 725 686 987 814 604 520 439 133 688 330 137 439 560 546 750 466 671 85 732 233 749 195 357 540 73 932 377 851 114 43 437 969 896 51 297 639 310 110 732 711 430 865 782 54 223 259 189 421 94 445 863 81 487 446 420 753 89 839 424 111 339 866 376 388 582 50 710 771 134 601 528 718 191 740 565 874 228 206 106 487 490 773 587 580 854 875 59 490 316 818 575 903 815 768 632 97 301 743 853 467 98 403 834 367 305 412 592 106 678 430 761 929 596 323 886 626 310 508 359 831 608 124 232 745 947 103 233 312 385 799 627 268 420 347 399 357 16 388 631 622 827 242 896 36 739 864 810 14 242 725 956 366 751 277 794 476 608 996 784 518 888 263 959 128 306 84 712 375 878 273
827
185 219 993 797 230 939 212 553 88 345 299 961 902 562 528 485 59 832 390 881 387 575 592 594 370 173 742 544 663 390 924 148 864 34 418 531 963 908 615 333 618 140 983 713 671 226 33 925 31 682 817 701 653 684 389 509 77 759 156 672 366 740 99 784 29 757 21 931 454 690 315 839 831 820 661 746 375 105 505 642 629 186 873 923 381 476 679 560 988 80 681 631 850 620 790 164 478 942 974 309 572 387 917 277 165 921 62 146 42 131 909 170 108 142 416 516 368 822 479 111 887 401 437 513 394 794 791 749 691 712 492 909 81 816 628 963 27 804 165 499 989 778 1000 498 496 780 70 40 1000 404 94 61 46 631 553 962 741 746 620 250 781 746 510 906 378 909 331 457 988 477 502 111 47 435 173 838 162 793 238 676 885 38 37 715 110 19 107 370 223 470 131 273 804 275 966 178 190 966 130 958 367 967 675 706 92 927 192 660 339 342 431 41 845 330 277 678 964 664 572 304 527 367 522 825 286 424 636 444 572 516 629 891 371 1000 334 260 192 235 610 158 210 174 316 610 576 989 593 326 393 946 635 619 926 880 588 457 762 672 168 114 122 36 968 377 615 359 49 876 799 433 395 926 849 76 488 179 291 153 136 546 356 269 537 830 237 603 142 493 87 202 382 945 374 942 579 409 206 186 677 63 885 321 299 602 914 296 208 125 278 326 912 602 360 736 384 318 252 686 857 713 463 584 338 928 485 942 3 130 591 597 473 469 937 441 118 93 140 720 371 201 746 455 82 684 299 294 281 833 454 956 868 461 986 532 33 641 175 719 62 676 792 941 108 340 401 539 315 88 209 185 913 602 163 369 232 664 857 638 126 285 285 467 465 660 80 124 813 932 338 360 178 601 648 564 593 959 604 948 589 284 431 392 77 49 116 683 355 60 225 708 554 856 585 610 430 281 825 946 108 272 361 901 220 938 579 692 246 628 694 604 318 735 973 284 721 265 472 468 11 968 774 183 356 612 846 272 368 960 374 110 442 403 986 993 133 761 370 166 812 928 327 887 658 230 261 789 638 638 462 504 822 557 338 302 680 661 605 358 669 437 9 552 407 109 37 248 139 674 232 890 874 3 389 708 907 920 346 952 676 261 939 856 219 761 582 918 591 193 896 873 771 724 820 34 447 289 952 386 594 894 959 508 635 376 737 371 781 378 419 681 710 869 798 349 909 180 815 608 757 509 907 930 569 979 144 769 868 154 625 979 325 943 821 817 361 578 499 547 91 683 77 577 885 858 592 954 311 422 749 8 3 268 365 779 433 37 708 93 835 960 313 453 283 195 244 945 472 53 769 80 138 84 174 731 664 77 131 350 780 776 345 78 682 316 627 943 808 342 82 770 577 989 527 959 129 746 557 456 883 28 412 729 752 147 336 862 219 230 716 157 590 78 863 466 860 403 542 729 30 507 988 833 327 206 642 172 676 178 23 441 796 82 305 407 934 698 53 945 229 861 284 460 307 378 33 265 1000 125 864 822 990 264 148 893 629 274 500 640 408 697 29 764 860 638 246 776 311 965 879 357 806 654 184 409 991 453 497 525 6 612 779 415 148 269 546 840 834 644 701 688 380 856 985 750 847 417 735 512 188 622 781 524 723 917 628 39 623 348 670 208 24 600 644 129 673 64 8 804 604 822 545 647 117 550 205 192 964 998 783 583 527 598 119 25 855 469 604 13 115 109 837 812 906 359 922 295 171 568 202 713 150 684 197 982 722 308 956 255 55 868 45 697 243 895 131 842 913 365 87 840 392 488 495 135 860 575 688 608 710 666 974 31 837 52 822 779 533 559 816 152 207 730 620 132 422 964 744 925 166 761 986 998 281 491 701 447 536
135
288 440 57 949 311 465 322 58 305 708 94 889 100 961 49 16 496 316 573 32 138 915 282 343 189 722 267 893 108 876 291 209 77 454 660 980 473 992 298 773 545 605 170 300 850 857 687 833 900 375 359 112 703 355 840 985 788 417 913 278 832 405 825 78 146 57 736 372 734 412 322 510 799 660 619 777 806 40 788 212 73 512 949 590 981 975 776 506 106 15 970 453 117 651 903 95 411 550 913 229 937 810 103 804 447 445 31 169 303 68 82 599 695 498 169 872 79 419 33 141 676 749 183 553 787 10 860 912 55 907 817 33 161 91 770
273
136 101 318 419 707 421 613 121 597 456 59 272 371 130 291 798 633 219 947 196 410 210 101 913 638 708 495 873 632 329 730 780 211 234 363 224 750 295 695 191 656 266 913 967 465 475 749 595 761 475 690 470 266 203 841 660 439 189 650 415 804 650 960 118 141 641 862 989 505 721 906 587 463 82 94 726 936 122 118 977 464 972 995 913 337 709 813 406 367 25 64 431 839 593 443 808 48 451 802 102 240 609 735 232 941 936 810 451 971 33 49 377 164 651 908 134 257 284 467 509 13 90 501 880 629 679 570 562 984 69 323 422 274 618 854 579 389 291 892 355 853 624 42 573 566 566 713 780 525 94 316 78 259 709 319 991 37 91 872 123 642 990 824 177 232 200 804 272 334 205 587 493 71 325 528 685 578 64 847 373 649 536 501 312 168 944 997 705 261 275 164 16 610 343 409 5 135 919 490 688 401 357 773 370 594 474 98 676 204 303 503 91 962 496 217 732 340 445 301 145 834 477 256 504 805 448 759 133 754 370 56 503 593 201 731 897 755 560 854 993 498 386 992 308 963 610 673 529 523 537 58 872 33 16 665 181 920 318 21 234 895 647 316 866 509 64 873 68 387 276 848 482 55
927
5 352 578 895 640 680 903 415 187 567 58 140 250 325 722 936 502 590 812 477 8 839 232 983 920 302 90 589 264 689 556 237 24 78 757 180 670 162 544 311 46 563 896 548 542 659 81 382 529 527 709 392 111 759 95 760 985 811 966 261 402 864 452 149 711 761 54 383 369 801 738 345 645 906 500 465 411 307 85 76 356 70 851 198 655 417 311 331 544 547 403 917 50 442 396 17 197 173 36 342 103 836 314 924 109 131 41 160 629 533 462 479 167 298 288 527 107 606 210 535 546 109 717 13 29 959 114 106 107 951 281 171 204 345 989 937 456 926 587 174 16 663 763 859 775 542 149 195 70 721 148 332 347 416 127 24 719 658 780 725 952 706 21 898 401 618 366 400 373 559 296 833 522 863 888 377 868 368 988 723 88 982 516 592 739 695 270 37 87 75 465 723 599 386 443 330 165 123 120 469 233 13 680 554 440 878 49 768 298 850 174 125 163 665 439 397 225 548 370 775 393 738 539 952 619 880 982 157 258 349 432 632 710 123 966 658 793 184 99 611 343 425 285 601 241 804 238 604 20 984 645 82 961 446 261 889 114 696 410 272 314 75 779 331 838 356 222 654 369 9 506 295 2 277 470 131 278 508 117 502 771 625 337 186 480 799 645 724 338 401 97 234 315 560 86 102 687 890 5 222 864 515 530 309 696 360 365 696 15 545 677 990 99 367 870 521 517 992 834 566 628 699 793 730 688 903 385 678 331 469 753 715 546 253 701 630 594 925 392 748 37 599 144 515 756 830 797 48 929 70 392 121 86 316 235 237 376 332 948 183 604 253 457 724 189 406 297 101 691 200 236 226 526 488 477 213 88 774 501 690 346 846 589 129 309 759 238 89 792 959 749 999 45 207 422 535 601 390 802 716 498 205 665 182 939 109 950 683 309 665 323 434 402 306 653 276 783 899 459 971 417 867 849 573 406 940 330 63 684 897 237 917 242 466 608 430 981 776 620 84 380 364 859 926 760 822 37 340 473 663 368 203 174 703 408 608 157 512 811 798 281 667 232 2 349 630 994 701 802 972 911 478 981 590 522 475 718 379 636 587 174 433 885 156 436 73 986 878 39 369 667 24 938 712 859 33 522 255 32 450 886 927 828 81 87 651 947 269 119 11 835 539 66 510 403 585 22 642 811 647 837 107 988 66 922 693 394 403 639 238 515 803 150 134 822 493 261 161 860 378 214 232 124 853 986 359 635 808 135 257 756 879 201 997 662 195 986 702 587 94 169 131 99 103 469 900 608 8 45 146 250 360 325 236 857 377 640 58 783 73 235 301 106 261 351 64 420 723 590 812 733 226 731 606 47 306 674 728 970 648 852 423 400 121 6 470 292 197 339 841 578 906 64 595 674 327 199 111 183 368 59 756 112 854 526 40 673 575 80 1 730 892 11 83 439 826 468 353 752 537 956 123 152 560 603 835 345 521 624 898 644 703 375 296 827 458 139 875 141 258 249 427 124 295 214 867 775 279 374 570 506 181 82 938 293 968 426 167 842 866 581 116 139 432 126 466 572 190 680 797 727 87 646 601 692 73 997 836 926 257 884 161 676 689 356 943 333 963 986 123 374 979 135 132 663 409 14 998 552 57 158 402 627 765 879 711 10 436 73 309 817 199 421 317 920 917 768 767 905 461 660 377 832 411 142 27 709 870 834 259 809 417 335 406 661 792 913 17 931 43 19 960 101 324 870 895 226 791 297 717 830 160 203 635 39 160 996 582 108 880 648 298 919 242 766 318 875 135 296 766 972 667 693 874 1 837 986 759 730 556 80 756 884 67 532 950 198 384 385 249 936 912 970 362 614 733 329 950 996 601 867 532 229 933 329 941 725 213 377 77 700 817 936 594 133 469 932 785 266 119 566 283 272 783 861 398 228 456 466 284 122 777 494 62 28 531 32 160 949 645 95 633 551 997 19 944 278 357 357 743 952 393 976 584 665 188 201 223 59 686 96 47 130 566 36 170 856 95 7 281 424 524 419 150 129 708 198 157 377 62 599 296 902 255 628 582 482 332 918 967 907 573 726 903 290 314 712 404 590 283 917 91 600 133 908 273 624
569
444 459 875 745 997 882 439 463 369 132 318 100 188 654 21 480 572 267 567 911 508 305 442 76 738 981 658 255 45 223 145 934 659 478 261 530 244 658 681 491 988 268 297 980 413 645 853 889 526 743 231 388 392 557 462 944 937 493 192 174 18 932 952 607 935 918 332 294 303 937 377 864 757 481 148 185 500 513 329 860 515 403 635 508 180 89 196 9 903 934 907 404 920 917 444 663 139 192 379 521 947 425 927 305 474 621 560 713 677 954 101 96 28 183 905 826 757 366 533 969 848 865 134 718 366 279 18 426 880 549 946 28 222 203 201 471 552 940 661 507 126 17 93 549 519 792 266 422 650 578 139 167 69 416 259 67 241 460 236 518 134 719 657 384 496 573 544 987 65 383 934 123 355 67 541 177 26 501 28 229 775 922 602 889 363 902 908 950 298 136 392 223 523 599 568 108 171 739 839 807 996 737 292 868 230 372 61 872 938 679 246 722 170 188 96 948 30 573 343 442 168 225 620 520 865 93 902 161 146 821 589 216 51 439 281 752 452 943 714 2 654 896 794 27 998 430 852 146 954 448 348 737 477 99 531 555 307 640 488 140 331 33 373 803 292 682 946 591 420 880 404 888 216 350 113 433 874 603 339 940 26 602 588 641 660 462 530 6 314 954 681 701 603 712 571 592 264 636 712 248 831 102 291 72 759 112 655 873 316 963 792 987 160 681 862 794 34 791 463 726 970 833 320 358 632 741 902 171 862 104 111 820 668 57 725 98 712 949 192 798 970 264 557 792 743 452 866 858 21 33 317 156 874 514 962 806 642 911 811 51 192 260 819 446 792 70 740 121 598 784 598 894 392 133 197 916 921 102 893 837 15 866 933 630 260 741 835 630 498 550 854 524 476 284 737 500 460 235 510 227 557 908 545 846 189 415 70 437 986 279 281 588 612 454 525 780 760 975 182 445 198 847 593 151 932 933 188 602 923 839 836 359 352 975 524 456 618 89 790 2 761 447 166 661 525 446 415 295 303 487 692 241 867 193 351 339 501 895 899 55 681 37 602 646 85 25 68 992 177 790 904 55 379 290 800 948 800 301 22 270 375 420 456 438 685 506 714 394 923 331 349 393 78 491 387 918 206 346 184 20 170 64 822 70 690 739 501 243 494 495 787 687 724 729 456 594 334 930 565 755 86 893 699 133 22 111 467 921 239 67 7 748 363 761 881 716 293 523 376 344 383 960 95 772 577 686 668 239 453 715 444 92 320 558 963 36 373 408 474 398 21 290 206 708 872 757 17 280 290
406
726 861 584 609 804 907 258 467 646 94 63 117 847 233 637 694 635 853 243 312 647 995 290 308 505 382 725 558 429 707 150 699 185 185 131 851 370 424 132 903 671 925 657 421 298 972 760 307 428 83 771 762 456 234 239 669 866 350 314 986 568 759 306 796 226 967 536 13 147 497 959 477 433 587 255 436 64 825 163 953 333 474 358 110 62 108 872 870 266 572 513 422 520 115 418 748 353 29 311 688 64 866 19 49 39 288 880 281 797 657 458 284 372 829 676 378 692 56 984 439 847 284 326 709 358 462 510 648 653 309 7 307 311 53 639 817 325 307 983 363 10 648 965 946 467 269 462 658 368 546 309 343 714 610 686 7 776 616 220 672 816 520 142 663 386 277 263 962 119 484 931 950 153 358 222 679 907 268 517 961 803 281 674 250 951 855 898 437 370 577 62 378 45 199 426 136 418 763 477 647 330 158 377 719 894 301 903 960 445 293 494 921 650 727 491 188 112 52 345 588 576 987 324 760 703 91 361 372 468 372 404 399 635 49 503 180 773 543 941 6 238 78 503 859 16 293 886 929 806 884 744 331 635 362 861 630 216 628 907 260 185 325 771 402 501 620 60 153 374 468 816 140 427 179 598 352 618 991 652 557 560 730 826 740 151 347 424 931 424 585 883 318 704 386 923 266 97 533 285 567 918 252 223 252 405 196 315 352 424 915 342 639 354 846 823 957 660 119 59 176 237 962 148 893 480 990 733 31 933 7 194 625 181 434 982 7 11 498 944 357 270 744 739 686 245 248 531 107 620 368 174 425 358 667 483 326 651 156 516 205 421 173 40 494 653 499 968 753 276 110 452 769 517 475 928 33 510 335 274 459 416 29 715 449 657 204 163 596 371 867 941 745 832 136 454 425 760 305 887 206 114 932 297 75 588 479
611
260 73 491 644 260 885 276 757 973 8 238 655 622 369 538 710 306 924 896 422 209 54 823 837 607 549 557 622 297 139 85 242 221 171 891 619 515 450 785 568 473 406 820 46 263 766 373 175 944 596 983 403 319 470 124 688 286 619 652 239 41 614 509 519 492 452 545 994 878 443 277 811 388 624 491 227 541 380 982 279 430 874 312 705 63 25 837 725 752 889 853 926 547 820 195 989 184 721 421 628 294 757 698 53 380 796 160 823 722 743 998 701 758 67 518 110 368 221 738 784 296 901 846 676 279 788 367 628 961 825 817 47 509 672 361 119 937 887 614 287 671 56 773 72 446 963 182 853 600 108 446 765 979 512 15 175 432 650 939 339 192 438 655 338 172 136 157 318 753 413 186 707 782 680 590 317 748 561 45 761 949 602 741 932 839 927 741 520 508 827 942 330 385 861 267 613 362 206 394 598 230 2 912 816 821 717 458 563 336 2 179 325 363 978 982 309 586 763 236 769 886 233 307 297 758 350 834 316 184 845 723 692 91 837 587 495 791 438 766 769 849 951 46 956 43 859 563 269 895 493 617 443 13 923 256 714 889 80 623 26 601 570 675 348 933 823 284 647 535 839 628 261 846 752 61 926 284 821 578 523 540 530 820 445 407 81 566 539 464 357 390 769 734 33 512 482 97 483 52 479 188 445 315 474 333 809 716 939 987 870 505 455 420 794 555 577 863 708 810 911 57 660 82 510 879 286 332 798 479 199 464 319 116 148 349 899 878 50 463 754 882 102 917 531 296 547 290 167 512 757 419 848 257 981 342 357 406 688 908 345 209 233 672 618 149 312 769 910 629 820 934 43 873 165 729 133 46 545 355 301 134 310 497 920 729 948 617 265 675 557 744 531 508 996 501 339 693 721 307 87 947 405 222 316 703 994 901 128 699 660 322 989 650 68 309 690 501 883 654 96 256 852 962 14 810 71 481 819 706 687 132 323 137 345 386 734 259 917 239 1 904 939 920 974 361 108 71 637 974 992 196 941 683 525 670 713 682 677 169 253 255 685 193 50 524 633 169 695 112 99 414 267 613 849 736 831 928 404 970 330 474 731 467 717 124 305 348 297 464 672 106 577 408 854 290 164 665 297 36 901 956 18 341 908 597 940 308 683 215 536 734 721 851 914 514 413 93 285 676 855 217 532 181 570 179 736 408 203 152 164 827 625 187 159 297 353 58 730 80 46 170 902 136 204 541 539 714 468 456 59 656 412 789 171 969 532 581 933 785 541 905 30 501 318 161 455 452 363 496 704 785 998 988 988 602 459 690 119 373 184 995 477 170 657 161 650 749 804 635 510 983 352 980 473 254 951 25 680 665 303 213 78 544 498 490 414 922 139 543 103 905
112
371 998 437 313 102 903 370 151 848 656 855 661 488 532 59 497 219 102 886 496 748 154 713 430 394 840 506 947 221 593 348 394 417 973 901 438 7 926 416 592 145 159 253 982 251 1 995 552 58 524 110 303 239 233 406 969 259 310 340 377 7 64 102 502 81 875 260 273 697 392 551 374 5 285 510 232 888 100 150 953 569 852 351 657 779 904 817 956 533 679 676 876 533 149 216 50 755 449 739 722 851 760 319 573 466 603 494 855 294 773 391 496
493
697 401 314 199 202 829 319 202 687 408 564 676 472 97 573 314 29 916 634 298 491 333 815 801 954 746 729 518 460 704 455 930 43 227 644 487 890 726 530 96 349 521 129 977 19 74 173 103 23 419 745 636 110 825 98 819 153 269 611 393 472 626 775 666 13 990 688 670 483 264 284 961 714 233 662 447 964 51 670 470 507 459 152 370 773 222 434 532 119 827 771 881 341 592 308 574 810 923 55 453 558 532 413 115 937 234 192 166 846 572 64 205 849 630 140 983 318 282 118 412 977 398 544 950 239 244 136 953 820 978 284 501 276 593 802 527 414 143 269 617 455 191 675 570 589 178 348 553 745 615 491 569 421 207 181 638 452 67 596 61 499 69 174 517 172 114 137 989 448 71 905 31 232 760 426 370 832 7 877 896 435 822 386 509 37 833 800 20 704 138 268 917 47 712 360 434 299 92 613 565 865 255 238 385 850 919 450 274 920 584 202 895 287 565 194 872 177 838 380 237 39 8 996 578 155 728 45 282 513 741 123 79 119 799 217 269 938 832 471 173 640 738 606 943 289 753 540 871 956 301 328 929 929 583 134 120 844 715 346 446 147 920 128 485 540 333 706 453 60 211 358 537 688 81 366 674 67 122 297 515 982 471 395 778 6 196 978 19 337 123 410 741 212 922 723 871 349 377 362 911 481 498 465 308 293 186 822 820 646 231 423 636 862 341 654 925 850 277 709 924 781 771 15 378 366 359 164 337 996 902 907 497 742 467 271 935 287 407 61 282 120 872 451 645 567 453 434 260 676 736 497 535 307 457 37 395 743 738 258 334 275 283 829 338 889 531 184 110 549 502 477 68 374 768 746 275 369 851 283 408 662 223 424 675 300 489 990 455 754 255 264 619 500 311 776 501 556 510 316 708 866 318 941 322 811 888 157 879 31 113 771 773 926 906 875 511 501 275 8 233 706 474 32 15 726 674 730 386 581 241 469 163 598 204 765 549 362 381 708 263 246 77 533 103 922 18 440 701 850 509 878 693 593 976 105 764 125 628 2 639 993 921 81 182 837 88 303 271 809 832 301 215 278 726 687 410 953 924 110 775 151 858 231 470 478 879 843 102 685 273 146 952 195
379
931 922 486 148 793 491 930 289 679 266 403 258 2 546 539 605 484 828 745 916 835 395 134 857 974 553 197 800 105 195 924 397 113 458 252 666 253 494 756 487 375 304 739 127 969 27 10 523 128 308 539 661 483 12 687 88 590 173 278 11 590 909 448 999 647 575 198 268 167 749 908 226 783 700 801 559 273 310 927 495 612 826 991 969 366 19 656 958 738 775 35 96 480 686 246 719 880 716 588 582 615 888 8 498 975 26 566 783 161 869 45 846 244 8 384 509 448 260 336 376 915 692 77 906 306 18 81 965 93 786 336 480 95 261 415 247 40 868 988 31 353 155 568 952 100 518 469 343 856 33 71 151 926 256 681 997 584 331 673 287 465 999 482 68 969 608 822 344 986 113 649 296 209 823 910 662 364 36 387 754 768 195 210 574 633 521 346 817 643 270 974 276 540 704 962 461 61 576 809 682 729 581 304 894 107 541 125 534 806 630 256 376 823 5 455 18 404 229 647 322 931 219 254 189 173 511 668 344 760 762 172 928 991 252 419 911 883 413 404 813 268 850 529 335 414 116 436 863 469 476 506 909 367 972 179 386 270 737 677 505 98 847 142 569 60 806 717 609 555 276 631 950 626 192 57 159 25 480 716 237 605 44 224 716 957 286 690 695 919 637 527 719 606 498 759 528 24 331 939 316 690 365 683 952 348 852 187 290 150 271 823 623 705 235 541 591 714 162 201 995 38 787 361 581 292 756 121 358 381 597 818 734 937 459 117 521 287 489 386 89 637 715 360 178 912 626 71 883 477 273 544 177 174 334 223 528 34 933 140 916 26 481 287 247 730 718 871 907 353 100 641 815 913 188 572 857 326 883 588
360
269 650 872 604 306 966 910 83 52 696 190 485 898 97 55 563 761 718 660 108 738 558 209 590 883 100 937 917 587 339 167 122 345 893 627 496 919 742 25 380 958 40 909 585 103 514 692 374 547 481 178 549 296 614 294 993 634 99 594 43 957 784 691 270 487 631 242 212 156 461 766 351 528 821 568 175 453 403 937 609 225 749 875 362 144 595 575 842 726 419 610 85 464 330 119 553 43 968 151 978 117 332 33 492 912 882 403 664 92 865 209 673 906 456 28 48 449 652 680 358 608 10 919 232 812 436 732 114 33 686 43 75 592 856 419 312 132 999 244 476 81 289 708 294 22 677 107 118 343 722 139 965 303 348 587 302 956 413 541 285 171 431 961 661 609 488 707 2 488 657 953 634 941 56 287 178 323 166 902 389 640 446 441 227 27 580 966 373 691 371 17 162 187 574 350 318 255 652 251 625 890 665 556 387 141 58 764 62 717 617 911 586 45 902 444 170 21 360 859 602 13 149 933 656 805 434 538 444 944 810 957 533 4 471 459 76 703 946 963 20 331 552 406 31 916 573 446 763 587 41 385 227 850 970 233 565 983 622 655 160 36 281 796 530 946 369 178 896 66 656 646 592 329 596 907 57 381 804 286 852 29 383 425 366 488 506 707 275 228 706 897 845 5 208 288 861 930 223 185 436 87 964 12 515 712 17 367 247 293 687 623 789 122 959 322 462 672 205 210 15 465 11 692 781 638 839 195 731 235 986 415 815 463 1 970 635 400 964 749 577 149 826 161 173 169 65 237 301 45 380 108 869 288 893 309 703 969 726 851 930
752
99 726 68 339 27 162 110 781 49 1000 995 919 879 31 637 175 340 47 239 922 393 86 108 201 888 197 985 720 641 311 669 932 38 844 896 787 676 344 771 204 387 545 120 853 680 83 545 691 726 396 182 802 308 912 365 252 759 976 687 656 111 262 938 519 137 790 156 621 404 824 277 930 659 458 84 533 918 813 589 700 607 166 2 605 92 143 906 372 183 84 319 386 222 789 987 150 818 187 196 849 677 542 910 26 564 601 953 803 891 777 441 935 435 480 158 397 846 554 234 180 615 169 100 219 419 770 207 234 617 9 777 917 148 212 794 749 859 557 433 801 537 866 905 541 907 677 42 130 912 485 809 102 426 86 296 569 70 998 928 418 568 249 284 50 208 237 162 350 511 916 938 222 856 396 156 530 553 535 73 515 947 357 441 816 350 271 535 612 752 811 242 157 197 17 602 361 143 266 43 629 235 533 209 49 487 352 824 257 66 553 431 403 323 318 155 260 785 415 924 133 881 381 635 945 244 627 47 355 850 803 732 395 681 59 36 469 852 503 653 22 37 111 950 744 336 949 957 427 296 259 120 743 2 814 853 553 691 963 378 843 752 825 678 380 486 375 658 677 404 496 436 427 207 806 729 235 983 943 507 929 652 932 763 86 474 339 804 804 218 1000 311 652 608 153 648 629 736 71 131 497 551 669 22 947 410 130 152 393 799 365 440 91 439 382 690 647 449 65 268 237 974 999 80 881 508 752 266 666 178 79 3 550 431 574 505 463 442 894 90 577 547 172 48 717 137 687 881 679 639 831 994 191 2 365 942 910 314 884 684 789 124 66 893 672 316 697 276 638 766 80 755 512 231 820 424 181 676 799 671 645 697 148 871 986 686 488 983 253 986 352 531 881 279 43 93 511 506 803 783 216 418 691 201 12 75 474 356 324 807 144 468 126 207 191 273 824 985 45 195 909 584 860 716 67 764 763 520 989 700 398 899 724 315 646 998 791 430 919 502 938 378 939 464 324 47 483 42 887 604 795 171 36 430 596 492 996 488 563 560 32 275 318 118 496 695 530 381 976 144 681 681 15 79 665 549 821 401 1000 294 404 292 810 90 366 361 88 517 485 106 562 868 266 648 183 203 313 413 692 660 102 295 691 493 667 53 99 108 904 446 50 683 759 797 735 878 96 854 100 439 820 794 809 340 358 967 874 73 612 787 802 533 794 93 437 196 700 308 751 7 894 498 18 540 376 801 764 793 497 759 933 637 787 406 799 373 355 229 230 469 758 130 907 575 527 417 639 766 298 265 595 188 629 959 767 870 437 595 61 728 716 899 620 912 413 154 567 189 228 290 140 59 640 884 855 820 79 62 655 231 474 615 661 594 515 858 335 140 160 900 731 299 701 118 412 344 157 387 329 754 510 238 572 942 768 724 398 981 185 296 325 606 769 119 827 969 334 418 868 833 191 777 360 134 125 457 824 656 509 403 689 629 976 974 576 748 814 665 128 480 684 874 36 153 982 143 843 321 568 424 154 295 909 23 454 549 567 327 659 41 968 510 406 837 955 289 906 262 637 162 975 589 749 75 992 503 925 512 244 387 259 227 151 544 595 642 669 94 349 219 294 439 265 216 343 322 298 200 262 559 462 450 608 407 974 99 926 701 657 525 343 236 946 368 537 69 469 11 919 461 54 653 618 139 109 126 153 295 108 797 172 862 238
599
709 962 701 270 913 377 765 529 304 511 811 595 942 519 210 782 731 537 229 609 813 378 104 939 290 609 873 491 772 343 844 91 21 636 911 663 567 562 476 373 440 6 425 633 162 108 415 209 769 124 718 810 697 660 961 999 761 253 793 769 414 419 349 333 496 639 5 744 46 586 541 245 113 606 861 913 163 377 724 396 254 38 487 954 902 263 200 757 168 507 375 820 364 339 525 619 944 840 436 101 736 450 764 819 839 778 257 287 705 148 940 353 266 760 959 712 869 107 748 18 50 313 828 2 641 541 917 351 390 759 76 236 276 924 671 201 429 494 989 116 129 189 665 644 200 238 989 250 311 839 554 630 390 379 787 359 360 265 168 756 328 969 399 798 66 766 821 967 105 493 92 186 337 901 329 355 654 16 87 942 86 672 148 365 600 266 567 217 94 954 231 256 294 829 302 652 141 741 738 405 510 818 278 723 258 686 379 115 806 196 355 443 13 332 988 368 644 609 670 820 440 679 553 349 56 127 676 831 74 555 479 545 500 924 739 115 189 83 829 441 669 156 653 962 879 900 741 850 634 402 177 306 24 599 748 679 111 769 8 591 405 255 125 119 682 418 174 97 968 550 890 149 323 675 614 11 355 513 350 233 897 226 965 480 224 525 57 324 693 437 340 870 712 931 314 740 76 905 549 270 416 520 633 986 866 277 503 584 858 227 255 155 482 893 636 447 631 622 143 710 842 178 183 251 590 217 920 20 566 761 25 214 704 870 568 379 777 736 80 273 426 81 321 316 897 77 452 246 489 25 58 209 586 649 921 848 923 100 892 111 79 286 698 105 288 893 985 350 593 547 263 431 629 33 200 131 550 474 477 979 193 582 339 501 14 618 611 589 537 864 571 245 232 61 847 627 461 269 672 858 3 726 969 239 11 906 710 114 407 10 347 490 167 104 379 990 777 67 486 610 26 516 222 466 795 307 495 30 445 276 616 791 429 316 443 193 678 74 169 806 723 36 195 616 659 322 687 142 743 346 394 860 952 494 88 91 350 270 520 109 673 297 20 409 252 180 877 514 935 707 838 769 26 366 194 197 595 8 208 482 171 686 470 226 34 257 459 189 681 951 494 378 639 868 686 967 538 538 895 445 810 629 801 25 369 34 37 450 280 411 546 70 736 75 659 42 428 211 239 577 268 403 550 771 706 903 389 672 564 87 228 957 100 175 123 718 728 203 288 520 510 828 939 118 210 322 878 80 637 808 716 853 884 889 380 434 482 573 669 55 61 633 739 545 746 692 617 737 119 210 510 609 249 709 604 172 834 116 847 364 330 336 880 504 249 964 813 599 363 274 25 486 942 210 388 839 632 822 419
175
213 317 547 907 680 992 463 499 689 155 311 164 454 339 279 312 16 766 290 861 768 660 471 998 652 525 790 596 555 510 181 30 986 847 620 506 423 302 282 498 312 389 711 304 929 217 821 523 352 637 527 540 533 773 18 795 487 453 151 378 377 103 760 185 308 32 177 832 130 995 600 975 327 309 353 213 897 743 36 442 304 391 545 177 52 834 110 736 601 262 494 37 226 262 497 410 433 795 168 736 850 729 641 755 476 369 46 448 743 708 644 488 300 185 801 23 729 339 845 121 588 750 55 194 425 652 327 521 995 950 939 428 146 961 774 139 657 37 389 869 283 572 156 644 469 644 832 715 918 577 15 104 192 916 627 983 282 670 432 870 539 993 514 444 848 31 114 168 151 339 162 224 291 867 647
121
333 310 628 446 495 337 122 504 879 107 503 618 612 31 579 407 515 293 323 14 9 695 178 646 995 462 144 871 494 182 374 489 393 746 996 735 79 314 219 524 487 320 975 425 669 473 332 641 63 661 114 876 201 504 139 664 689 56 842 358 675 654 22 577 246 926 799 151 35 227 354 250 990 270 350 551 873 988 453 216 34 571 794 622 861 481 596 14 447 197 274 216 304 505 784 785 869 105 725 359 41 351 435 216 177 450 990 987 658 752 287 540 165 986 152 393 364 124 753 512 452
533
781 904 361 998 703 370 623 219 535 58 586 926 719 427 345 843 926 728 610 406 713 177 278 36 501 938 335 977 584 881 690 48 771 138 831 2 494 963 376 540 124 876 982 684 322 36 361 410 264 855 526 816 281 288 45 325 263 389 379 253 355 927 826 235 955 883 581 173 29 69 379 350 568 303 857 210 658 538 229 440 800 236 959 430 68 113 636 426 844 137 801 292 496 272 194 631 144 231 542 190 143 317 969 287 478 611 256 56 73 162 698 475 193 81 400 724 328 896 824 165 796 361 90 731 293 397 459 219 770 3 612 405 219 7 286 879 318 381 428 682 802 591 595 595 15 789 894 226 782 54 185 242 169 499 82 959 916 600 706 783 704 943 298 548 771 920 63 881 642 386 485 13 417 849 905 277 723 457 810 758 330 14 3 77 437 490 809 905 410 260 885 189 476 92 543 929 643 425 25 153 695 50 261 867 661 383 712 211 418 115 156 449 391 252 18 985 361 187 960 259 707 314 251 731 998 520 610 96 623 812 329 983 763 850 856 972 639 617 100 192 87 404 939 172 695 517 41 267 615 318 939 336 157 266 427 881 704 523 820 536 22 51 203 706 876 771 85 553 716 107 877 733 84 853 888 361 874 534 772 947 201 328 409 520 421 813 818 70 395 788 347 922 726 358 25 744 348 79 216 353 385 280 389 579 151 40 439 651 63 738 155 856 296 254 487 412 612 722 926 775 807 455 694 421 422 232 599 78 450 854 287 770 146 155 573 653 833 704 158 557 940 252 516 936 902 674 779 899 480 880 87 147 650 527 93 744 497 199 478 364 431 169 945 343 14 876 934 970 915 144 377 131 664 178 616 716 841 438 491 743 115 665 957 758 265 432 259 166 538 653 414 738 379 240 923 526 835 794 56 527 229 607 629 342 762 69 973 993 140 966 378 798 733 691 1000 181 610 316 111 501 728 506 150 106 841 995 293 491 86 671 231 398 243 124 251 450 487 404 127 96 52 976 252 861 525 351 246 359 107 128 414 904 399 737 480 497 528 21 7 996 143 922 65 849 710 540 479 813 139 145 620 627 326 725 846 842 837 314 467 560 422 794 327 316 951 697 8 690 65 373 1000 995 592 892 832 54 21 184 426 313 904 730 927 371 359 872 550 411 91 438 860 623 109 864 546 706 255 942 227 797 420 780 979 249 545 301 993 885 464 847 423 716 770
450
392 570 467 622 59 327 595 431 414 520 484 909 165 964 351 641 15 121 766 911 223 470 968 548 941 754 320 760 584 142 666 280 281 261 875 612 318 119 277 594 292 137 689 44 696 359 558 951 201 37 620 803 30 856 543 410 843 654 219 136 230 73 302 627 300 609 293 550 723 156 452 673 990 303 463 229 983 198 726 556 519 505 810 507 450 82 118 445 359 896 44 747 872 872 153 272 925 102 995 323 739 969 776 708 946 524 608 764 212 934 378 254 598 523 441 831 407 206 649 698 156 933 152 160 570 798 816 105 305 480 446 868 656 93 37 332 329 193 281 458 559 244 454 925 139 307 826 733 887 634 875 807 710 874 159 766 86 648 521 785 601 968 68 177 161 65 345 710 649 608 270 735 750 655 31 212 639 945 58 671 545 528 737 673 546 729 357 344 717 987 531 336 326 888 104 225 281 949 737 374 124 152 666 107 657 873 729 672 559 695 767 360 167 779 921 778 798 769 373 707 457 311 493 633 467 299 935 925 907 607 383 464 346 822 763 286 781 170 568 144 294 730 404 561 416 160 819 458 411 608 872 903 534 657 547 598 641 481 732 440 204 816 285 211 404 669 790 688 206 401 231 109 514 143 974 890 795 492 421 301 532 401 997 940 766 870 187 860 330 655 682 506 769 935 571 962 860 303 308 306 806 878 489 905 77 331 201 257 344 561 28 503 580 331 627 459 317 783 561 233 102 668 848 810 217 367 168 429 539 422 115 715 320 89 565 180 481 488 341 822 726 997 521 618 529 475 974 510 466 812 700 487 85 596 898 151 223 648 427 147 968 950 466 277 132 774 780 740 685 709 951 477 31 523 540 636 245 981 547 404 873 183 879 90 103 106 275 530 39 408 687 702 350 706 139 895 481 229 230 236 433 294 871 238 724 353 595 402 660 385 203 90 219 166 486 597 303 907 223 532 477 992 432 8 78 528 137 774 710 14 516 971 138 790 609 567 675 678 41 657 129 817 848 654 655 300 109 309 966 514
633
489 15 245 433 584 654 188 709 576 650 485 699 347 988 544 876 687 204 652 170 400 213 883 399 239 218 654 859 98 681 184 805 530 988 907 64 551 605 645 169 688 484 461 264 123 882 238 189 44 189 352 783 792 584 407 635 131 622 433 219 751 584 329 110 50 978 660 898 570 14 787 62 895 93 9 565 466 547 668 399 196 798 34 979 102 139 842 657 15 488 947 771 437 318 232 629 219 614 528 913 513 629 771 978 27 889 537 583 411 79 682 191 2 700 628 273 749 445 958 381 137 868 616 996 535 221 334 303 158 411 836 166 608 643 41 952 541 964 64 328 911 784 294 182 867 566 577 111 775 613 668 981 575 414 610 669 337 65 597 610 207 34 872 128 592 717 883 911 830 489 578 182 275 138 734 84 919 612 615 427 19 56 506 974 976 2 194 189 843 942 84 888 228 914 239 595 858 519 539 583 899 937 381 444 207 686 656 213 275 756 749 436 840 250 555 791 785 683 691 982 765 448 65 580 25 195 326 985 832 467 283 625 795 64 470 981 159 314 450 911 555 75 520 104 116 981 582 1000 242 95 789 242 334 387 305 929 307 788 33 803 454 504 387 379 458 800 322 777 300 106 266 450 28 180 903 624 516 779 963 351 389 204 807 314 307 565 221 6 745 647 576 321 948 775 720 977 353 841 725 659 190 568 185 928 412 311 756 619 739 992 95 979 525 293 231 342 73 653 888 973 248 83 624 60 96 441 968 516 424 839 615 938 742 655 229 749 805 527 588 11 762 545 840 188 4 724 381 156 750 909 444 549 511 136 512 30 25 871 919 183 713 535 328 995 514 146 909 763 814 828 37 870 94 630 125 966 58 670 258 664 442 782 746 836 931 845 145 992 102 126 599 704 518 112 848 976 339 494 848 569 938 920 891 927 261 294 227 403 298 104 604 590 764 35 823 354 507 330 117 158 915 422 185 458 31 233 911 749 506 911 793 241 550 25 224 980 938 756 220 256 928 158 181 10 843 396 707 324 865 8 886 547 980 183 387 861 363 110 751 101 508 373 201 851 596 338 11 576 905 635 353 406 35 531 750 963 129 413 706 497 978 262 195 27 185 705 697 373 332 417 675 335 355 845 278 134 710 959 237 845 434 316 60 356 850 751 415 643 608 449 932 464 96 114 151 837 458 489 567 644 416 995 542 419 602 898 900 931 847 227 964 292 458 123 458 520 395 735 470 867 47 584 642 272 443 742 435 564 712 189 395 566 253 973 589 624 929 284 846 259 79 360 254 804 385 980 481 194 573 550 927 899 533 86 413 224 883 681 777 436 112 226 151 589 105 329 927 509 135 585 708 727 237 675 928 526 597 108 993 464 985 482 88 777 35 266 392 267 125 616 342 258 677 581 68 598 274 679 404 579 664 540 771 391 212 836 767 995 874 321 784 21 491
15
785 883 422 372 201 309 467 326 309 491 368 178 221 490 436
823
439 737 445 787 494 727 47 96 683 131 673 290 220 470 462 11 494 832 540 391 549 518 274 329 321 249 323 194 629 123 90 222 862 950 958 675 663 505 362 183 655 116 897 339 418 169 131 658 794 37 472 423 857 378 726 741 358 413 323 427 588 315 424 38 499 676 849 65 570 665 2 66 53 489 361 807 254 848 300 845 548 693 376 114 171 995 555 593 693 636 100 596 896 210 771 37 411 344 654 26 388 760 739 791 739 43 249 601 408 761 804 745 853 913 869 635 847 861 189 426 811 555 366 924 536 271 688 96 981 98 527 509 808 677 360 177 814 121 294 799 370 616 301 680 137 143 619 546 260 849 804 438 890 222 161 713 979 648 122 586 862 659 344 689 532 62 227 696 958 276 742 568 581 397 821 586 465 387 409 438 333 837 962 439 349 259 113 512 445 422 821 883 850 309 913 398 964 472 869 119 742 888 366 743 911 966 348 927 735 321 554 547 444 132 824 644 951 187 930 563 810 478 831 150 75 297 497 825 772 542 963 623 339 804 713 360 133 224 426 899 532 357 355 284 539 530 122 602 921 525 562 646 357 758 829 66 504 96 356 804 553 45 301 235 686 377 33 211 537 359 965 866 271 357 208 491 457 327 71 335 402 164 557 655 710 728 350 140 29 830 228 370 538 560 507 178 205 581 317 971 456 666 705 662 290 937 621 782 294 388 784 423 667 899 25 59 574 482 576 103 42 645 308 140 7 31 53 480 858 662 947 401 203 437 90 924 857 94 743 927 736 89 900 956 515 110 155 491 787 513 355 540 281 572 415 476 197 221 746 74 954 913 965 293 198 755 565 500 994 807 917 384 282 436 933 799 433 152 967 388 210 177 293 27 636 843 480 439 68 606 41 335 463 541 896 797 748 214 843 268 928 389 447 384 373 453 186 592 185 447 43 570 63 245 379 169 684 346 341 254 994 723 233 481 168 291 694 700 779 208 503 241 925 100 412 102 581 267 19 607 811 560 225 234 112 530 811 494 189 346 834 90 470 952 802 443 923 8 368 933 360 171 454 42 687 286 966 540 239 700 110 61 399 949 495 66 299 530 348 94 499 277 719 726 742 792 760 721 511 174 196 624 820 777 499 571 352 188 92 456 181 903 378 259 912 591 88 645 444 111 683 480 261 4 423 864 636 753 249 396 772 290 362 922 571 345 103 379 942 27 515 698 866 167 404 966 229 364 410 494 714 92 355 80 715 645 940 734 24 779 309 939 453 832 383 742 876 400 670 910 158 113 820 32 793 576 36 582 338 21 358 988 991 131 816 202 753 621 413 233 731 563 376 960 628 424 151 411 373 341 684 63 722 804 600 918 309 461 977 14 342 515 846 593 533 332 644 253 474 842 125 910 350 885 328 952 937 199 576 837 619 488 382 650 525 605 139 247 14 462 120 874 222 773 299 47 352 825 646 228 211 294 590 815 654 889 307 212 187 685 640 60 137 214 439 139 393 77 466 318 242 630 599 667 695 355 921 908 465 355 185 599 847 455 848 782 123 485 297 202 905 463 260 815 2 382 71 333 927 651 897 612 628 866 690 460 202 859 506 433 81 875 372 738 376 219 891 924 315 873 431 414 232 70 466 937 853 291 868 54 958 491 546 128 974 111 456 844 761 876 316 586 546 28 23 41 933 910 931 761 351 874 358 145 960 170 892 143 196 429 995 384 379 518 749 336 301 513 993 570 893 638 477 109 831 974 537 603 57 443 591 298 264 396 351 520 315 620 390 257 861 778 882 428 739 846 487 400 592 827 700 421 32 270 761 706 107 451 887 352 422 995 823 727 844 344 69 812 579 332 406 443 667 675 993 593 372 34 374 558 611 914 140
246
632 24 143 15 406 58 498 888 980 935 696 952 360 747 666 869 468 193 455 139 202 287 925 347 135 825 975 177 281 322 972 104 468 124 275 618 531 493 791 95 624 433 576 918 142 776 242 167 698 220 175 826 61 442 701 419 838 110 231 591 162 648 430 326 843 561 19 37 536 136 175 744 374 717 412 991 202 48 592 936 933 602 241 747 144 44 906 631 943 146 165 999 989 479 108 67 342 717 175 366 787 905 687 146 559 442 899 110 400 574 916 342 683 53 685 578 263 269 505 472 666 145 416 797 115 285 732 759 559 13 950 712 230 300 553 579 129 849 488 942 232 899 763 648 515 116 985 950 411 82 668 852 597 32 732 305 543 916 909 617 294 415 984 27 870 629 750 989 802 476 558 920 449 58 787 277 421 239 325 145 757 840 301 387 687 883 87 481 782 671 101 826 28 20 55 961 935 317 579 928 94 291 199 674 104 125 17 926 969 257 78 415 124 906 969 796 600 86 167 348 958 146 57 896 935 774 754 83 961 365 851 306 200 746 645 927 890 885 895 511 140 209 281 741 441 710
190
331 169 812 560 685 22 615 999 957 977 420 3 509 160 644 213 233 731 899 622 145 58 278 664 322 64 860 225 801 917 518 67 316 55 697 39 182 191 291 968 455 658 368 60 730 583 24 672 109 684 390 940 491 234 462 110 554 364 103 228 163 557 897 281 82 320 100 851 830 351 338 90 563 470 966 850 242 123 80 696 210 807 715 53 912 557 641 903 564 556 797 154 203 958 53 811 12 991 725 214 917 140 345 275 885 632 949 58 449 580 701 167 1 793 367 50 998 611 770 140 570 509 847 185 513 609 358 228 427 873 576 484 895 511 592 491 961 408 961 71 257 412 785 913 603 955 612 563 151 487 371 542 142 579 317 83 823 213 204 880 512 697 64 338 490 84 608 722 922 40 983 731 465 700 634 680 977 427 673 863 87 565 843 875 8 708 436 24 531 882
979
307 502 314 827 123 599 53 626 801 614 645 784 853 992 91 682 688 119 401 675 379 212 773 690 469 30 300 588 602 50 465 40 539 345 70 771 886 249 820 299 304 291 964 924 821 998 379 114 217 528 138 89 599 735 1 880 72 154 773 101 367 599 6 779 186 550 651 493 6 221 877 660 603 402 837 807 883 757 98 957 762 902 273 602 860 266 963 26 733 447 55 514 494 283 544 868 486 609 3 51 26 969 82 349 287 739 554 64 343 631 448 883 811 430 539 894 871 579 562 111 124 567 622 621 395 972 919 469 247 161 414 301 816 852 825 682 741 653 168 993 543 51 46 10 339 876 246 753 857 32 980 76 905 619 755 366 187 8 951 43 445 54 810 275 795 956 793 183 207 676 448 283 487 534 292 29 774 801 791 945 390 928 79 698 746 383 994 953 633 545 265 380 901 80 296 306 111 764 75 829 941 794 968 999 220 798 370 315 996 610 692 921 945 181 978 599 519 934 1000 92 930 866 570 981 311 235 72 290 802 171 253 494 358 819 323 362 729 162 413 437 147 394 438 42 576 869 67 176 390 225 901 348 558 763 820 892 586 722 925 391 506 41 838 501 385 367 508 955 187 161 936 157 553 822 833 213 724 535 557 686 807 92 80 212 726 674 232 229 999 480 446 278 55 398 798 876 278 430 204 990 627 75 93 430 407 620 790 779 419 933 730 630 931 35 125 402 162 433 1 53 572 447 848 953 613 972 381 163 59 493 723 320 101 949 376 252 706 388 735 618 547 731 116 832 520 639 84 174 565 587 516 956 563 953 249 541 566 315 371 94 903 877 783 575 141 532 295 545 569 159 436 172 414 852 822 98 402 326 322 259 25 406 646 200 986 333 792 378 619 47 253 893 348 744 764 532 588 452 255 224 296 254 689 343 170 946 482 507 49 79 226 225 890 343 229 795 999 941 18 431 54 40 749 156 242 344 92 393 525 154 210 235 811 44 533 55 811 838 665 351 859 220 544 300 377 628 637 821 414 921 677 546 161 876 216 973 256 697 668 900 305 453 885 945 411 555 928 18 428 577 989 932 158 399 589 101 300 430 670 877 822 87 162 432 33 609 456 512 476 835 940 887 356 147 310 214 237 147 7 686 14 772 710 487 267 332 804 451 11 489 29 591 201 80 545 752 872 428 47 152 65 62 413 47 559 748 770 987 538 809 552 132 710 649 144 740 433 599 592 368 787 286 387 365 312 304 995 331 206 933 901 993 315 976 658 934 82 626 417 294 270 484 675 892 187 795 372 116 301 45 196 172 212 655 798 382 404 56 203 293 486 898 18 576 238 303 875 587 954 552 298 442 587 330 212 518 157 951 669 609 843 647 44 97 246 193 727 398 701 455 527 66 529 922 300 142 87 312 63 593 51 862 161 895 474 268 939 28 667 624 66 886 939 669 909 374 116 466 225 737 88 780 418 476 12 532 984 571 842 862 950 170 330 397 923 773 219 319 736 404 605 746 907 196 481 114 245 868 613 134 541 446 430 760 420 330 423 474 342 480 290 544 150 308 335 802 751 134 236 719 617 241 469 686 456 450 25 639 813 834 262 914 286 192 159 326 589 317 133 168 511 196 513 682 222 962 26 6 132 356 996 976 871 439 217 102 474 884 740 600 634 376 424 868 33 388 10 857 679 967 92 468 105 608 17 865 100 63 531 783 536 491 364 609 993 929 186 714 981 213 363 936 499 54 298 393 359 834 710 79 955 884 931 559 625 762 693 308 774 605 569 603 846 883 490 815 668 955 22 242 935 722 121 763 554 979 780 571 63 819 665 977 99 527 779 594 515 521 810 344 637 963 949 284 83 171 188 726 111 104 610 356 987 143 764 883 321 2 413 44 15 977 825 519 713 259 156 114 608 431 967 579 290 543 235 841 594 617 783 111 530 360 214 363 759 780 836 307 83 912 145 999 720 823 692 7 738 254 443 636 332 848 340 288 814 635 167 246 710 708 841 82 47 876 842 775 745 221 404 408 843 141 608 614 700 599 106 490 282 766 503 44 653 385 157 49 983 657 904 947 755 954 965 201 794 357 21 622 229 513 554 915 825 843 248 883 507 707 500 161 75 241 305 500 256 27 54 369 633 466 681 137 363 243 808 218 37 269 575 854 970 762 277 823 279 637 721 355 791 881 882 298 883 545 693 419 476 500 355 176 388 544 668 833 127 249 455 290 55
172
327 889 718 840 775 125 9 573 195 337 207 736 578 841 572 641 961 989 619 785 792 304 640 552 190 106 760 604 916 468 178 51 666 198 387 283 501 138 949 779 264 345 31 418 786 210 550 966 104 746 98 862 243 617 46 680 780 914 705 390 795 855 798 362 340 862 69 64 21 668 970 286 133 852 807 284 51 873 301 303 988 31 488 125 188 195 400 606 949 64 135 888 943 182 254 412 100 591 182 827 270 596 575 397 40 711 816 300 910 22 421 854 574 379 695 544 826 262 125 201 55 999 682 334 589 964 45 851 992 701 466 276 929 347 677 990 26 729 960 193 317 355 442 472 490 607 86 720 579 996 799 535 490 845 766 713 970 121 567 363 297 160 978 636 35 844 992 132 448 717 701 924
108
268 78 596 645 766 80 843 917 538 316 540 345 828 856 861 247 186 631 257 714 126 916 931 855 897 289 199 810 831 889 606 160 397 119 111 804 658 567 308 467 213 615 320 217 91 676 205 375 782 763 401 14 36 199 668 211 742 592 893 635 643 778 360 357 502 870 875 219 376 86 790 290 18 528 805 70 243 417 492 927 52 88 612 859 79 24 486 741 516 284 924 580 363 656 197 590 802 259 92 448 648 259 227 31 887 139 656 981
209
498 964 99 448 261 735 437 560 82 174 53 772 889 579 99 668 197 575 28 464 942 363 299 275 863 174 884 379 656 138 167 299 631 284 644 457 325 379 627 875 179 419 412 194 355 272 288 670 502 746 409 810 122 569 285 7 790 907 23 611 330 361 687 771 150 871 264 349 253 864 151 462 273 644 956 367 100 107 288 287 894 351 928 863 747 498 825 863 775 267 956 638 789 461 716 300 952 642 753 559 736 580 184 301 712 424 739 364 701 72 241 624 618 12 791 198 97 302 899 879 74 343 906 957 120 50 574 40 676 466 971 668 205 757 949 445 55 204 67 708 767 686 662 666 431 725 537 207 613 864 984 914 536 48 296 102 3 674 707 492 592 925 399 580 27 483 854 930 717 836 786 721 502 968 231 807 551 625 209 469 941 995 630 826 92 253 444 707 259 114 474 761 361 459 587 297 562 143 622 897 528 428 845 216 450 628 708 153 159
476
160 618 912 13 402 603 313 378 721 3 816 254 685 44 24 803 967 544 434 578 892 245 259 195 966 19 630 307 982 922 55 415 780 98 64 63 415 491 950 231 596 99 621 850 7 158 64 479 749 844 309 926 795 123 688 413 512 662 996 222 248 189 430 774 814 434 807 467 158 543 935 995 985 718 188 985 472 226 787 50 264 122 596 8 97 270 730 655 726 885 591 864 23 184 254 745 215 594 287 937 690 78 817 454 849 634 207 188 867 214 221 936 475 536 237 611 724 78 900 533 106 482 650 608 315 406 928 446 148 291 804 100 149 574 442 768 533 414 565 469 129 422 118 253 682 405 369 391 870 548 459 429 368 360 67 233 156 837 211 270 517 648 88 706 41 472 762 109 210 917 478 465 285 477 694 721 359 976 55 434 783 884 88 222 784 224 836 89 512 579 525 250 564 275 538 890 803 131 579 705 722 433 946 462 162 599 283 726 735 424 646 51 520 823 963 619 23 759 74 318 701 473 716 920 171 559 889 605 73 98 235 606 567 760 134 23 579 830 766 730 699 6 59 242 301 943 101 199 260 671 584 292 931 86 636 22 993 287 783 151 413 912 364 384 902 556 336 86 60 106 494 604 937 658 642 432 60 732 837 37 150 139 354 934 551 293 663 423 519 669 87 687 194 735 141 338 124 941 473 136 250 361 765 176 534 326 454 230 578 305 177 698 825 115 490 110 496 264 308 534 628 450 385 70 897 718 542 763 366 818 775 682 126 865 857 633 904 706 126 237 979 831 438 717 984 4 9 206 759 416 812 904 392 543 899 815 22 616 959 502 923 330 945 336 770 478 20 119 503 995 917 535 662 689 457 642 910 880 411 998 279 206 235 112 401 859 322 143 593 266 240 145 279 795 374 370 669 401 955 74 313 180 861 688 38 370 954 664 148 132 316 41 2 608 41 51 921 414 860 641 991 627 10 511 859 883 223 116 294 542 632 985 560 535 910 312 361 613 270 748 734 731 710 742 971 462 605 811 421 17 344 249 249 949 170 852 599 712 354 603 616 290 746 361 896 115 373 183 374 461 358 160 642 459 654 88
925
321 448 807 35 321 950 754 105 357 718 637 555 660 919 145 174 504 773 49 120 84 304 940 541 732 411 812 853 573 458 569 602 26 971 475 853 527 839 932 48 757 686 990 587 539 771 77 780 257 737 508 257 497 276 877 258 260 959 133 425 143 202 467 200 289 853 747 466 747 22 155 887 730 311 103 447 330 784 394 896 754 6 65 276 97 636 773 19 747 830 399 843 807 63 142 420 706 100 934 212 562 334 115 393 34 373 497 732 716 528 526 160 732 638 106 143 879 254 781 304 371 135 871 534 541 458 24 787 730 98 829 73 729 256 194 532 263 367 548 973 507 335 964 520 68 280 176 875 824 950 82 934 872 936 195 74 815 265 911 62 350 122 199 766 336 838 224 193 724 289 177 805 419 138 71 402 979 928 861 693 236 110 485 257 798 956 848 577 581 224 220 191 256 823 24 335 442 343 956 232 888 804 9 873 190 793 266 893 541 913 664 894 221 782 849 504 623 229 951 462 102 493 661 278 643 244 396 342 334 122 271 834 900 760 217 890 510 413 70 64 808 228 226 845 665 732 986 393 25 844 349 624 244 565 440 229 575 559 84 732 749 626 959 808 607 922 676 571 486 225 217 589 787 988 89 42 850 475 762 160 357 703 549 539 391 383 848 885 625 999 891 778 657 719 547 181 146 502 259 605 797 883 609 717 338 446 903 444 185 623 249 973 734 198 978 822 254 94 362 536 9 809 648 916 540 55 358 675 299 589 363 31 852 976 879 450 933 880 4 638 726 293 559 676 272 704 474 910 577 500 925 689 747 911 412 321 327 726 489 407 168 345 246 251 29 618 102 19 113 314 899 105 290 385 5 844 804 284 844 664 586 405 528 526 730 383 657 253 412 135 211 123 330 560 688 788 637 508 230 844 406 929 924 841 876 280 117 513 573 511 580 761 432 626 105 763 40 501 862 422 255 95 888 260 906 830 406 936 319 620 662 404 278 182 669 12 237 4 223 773 113 556 750 256 576 522 731 20 25 158 802 419 79 356 569 229 463 125 419 844 30 527 633 513 344 979 367 247 584 335 297 8 936 188 562 574 153 742 54 633 144 970 767 758 799 660 454 962 72 640 955 202 534 774 223 99 343 209 368 267 915 144 4 185 479 740 787 954 271 146 200 855 376 494 809 61 968 747 678 191 533 760 380 554 189 24 380 197 72 923 586 458 158 583 467 77 660 798 335 791 316 500 357 12 724 174 874 614 282 238 89 427 257 924 224 582 78 104 36 450 752 990 558 781 112 61 894 427 835 291 258 270 653 907 231 574 176 638 327 959 750 228 792 728 269 368 720 998 705 530 183 659 205 685 706 783 486 820 948 571 697 48 242 491 153 80 895 352 535 625 416 767 7 822 953 51 657 411 140 325 591 613 823 612 767 941 196 960 480 834 361 833 3 440 441 280 204 639 228 322 265 214 101 978 764 765 634 284 754 913 702 405 495 685 488 581 908 404 761 979 981 934 872 440 596 173 994 703 812 819 352 340 986 848 678 912 874 447 846 55 651 835 658 795 926 239 104 565 523 899 491 969 278 11 341 746 827 959 154 575 963 840 317 229 515 957 649 813 644 214 722 434 613 291 762 286 537 469 522 684 607 993 308 640 662 181 807 82 295 21 350 122 126 377 186 635 476 80 343 24 454 939 713 899 979 719 877 469 8 775 320 948 576 479 493 934 383 872 805 910 515 534 95 485 309 91 961 892 387 888 2 201 919 608 286 130 628 540 598 864 569 334 966 966 72 111 458 869 935 68 918 252 164 221 322 529 984 213 290 439 885 918 546 371 656 222 244 646 36 321 222 485 673 131 902 375 422 491 277 384 580 30 433 915 520 185 337 510 589 46 590 738 908 597 374 309 57 847 748 302 881 615 352 341 859 653 416 496 808 284 872 6 452 454 677 90 372 524 518 961 547 50 138 498 300 751 206 237 294 639 555 70 299 859 220 377 176 437 246 530 476 247 296 941 595 377 746 510 70 286 76 373 184 442 154 575 628 572 630 212 390 964 375 427 937 961 20 658 408 756 730 235 325 498 235 401 285 1 352 608 267 5 469 688 373
657
287 206 851 688 714 684 590 450 514 774 523 723 471 716 465 769 634 227 538 830 563 695 534 307 321 273 766 60 643 861 196 808 241 131 751 526 177 84 146 837 554 99 130 678 328 390 796 54 307 757 36 603 924 540 253 637 993 839 646 262 586 906 904 142 317 67 780 951 897 354 825 917 924 298 600 644 821 856 290 797 731 774 208 949 867 669 841 156 252 151 398 868 992 61 446 241 516 773 574 227 598 585 38 61 9 670 810 131 121 316 605 952 551 470 844 486 669 237 696 980 13 632 329 645 700 716 158 151 125 721 459 721 76 377 989 328 542 412 145 594 146 987 316 582 584 675 398 931 660 604 836 398 918 898 274 463 311 489 655 193 719 566 341 571 687 402 228 254 356 705 37 313 166 77 474 434 433 866 590 974 890 126 459 709 627 782 408 643 29 552 437 301 79 337 578 718 658 916 51 745 832 825 110 17 206 64 490 391 434 682 741 107 163 756 904 589 761 644 310 211 292 105 229 955 150 590 280 458 215 188 153 698 741 337 302 255 680 54 340 826 2 317 680 929 839 266 578 795 132 689 110 162 416 463 997 56 516 981 228 824 538 797 130 695 171 373 433 768 563 705 852 767 351 604 9 8 827 588 365 883 918 969 460 121 957 807 101 256 721 546 537 483 878 19 180 711 252 756 666 894 369 715 492 662 344 479 567 306 418 424 760 36 780 965 656 630 966 286 477 733 217 444 336 129 437 716 694 274 966 20 913 40 930 686 121 233 421 110 307 142 423 914 436 992 624 372 194 611 817 181 109 734 138 462 506 950 32 895 577 679 744 776 399 31 47 126 652 507 33 865 724 668 575 149 79 360 139 532 106 801 583 463 166 497 144 73 30 754 834 826 125 217 986 715 601 516 268 894 665 113 594 556 823 241 303 706 421 430 680 536 194 739 221 419 583 668 278 537 660 685 701 399 884 37 592 191 39 698 720 531 508 782 541 236 44 618 986 71 796 167 805 259 790 419 85 114 986 162 333 444 978 26 690 871 212 747 938 395 174 87 338 658 802 436 863 450 946 868 287 122 372 111 838 688 32 426 637 807 674 330 599 324 394 642 89 263 782 41 461 65 348 513 660 791 374 822 426 91 845 464 261 708 930 608 841 64 381 647 640 933 773 22 999 724 747 885 878 796 632 972 299 851 161 300 936 686 232 568 231 669 341 441 803 733 539 914 326 93 587 422 931 820 292 827 595 266 975 919 940 426 473 934 689 870 847 609 101 55 348 824 198 159 837 920 954 757 623 280 803 769 587 727 787 684 97 472 122 811 323 975 40 850 462 104 742 514 35 631 688 157 562 860 390 272 911 545 987 883 36 279 868 694 242 396 290 870 664 509 368 412 150 987 678 931 441 749 343 17 262 285 855 629 271 22 614 242 169 249 963 644 330 721 122 81 610 810 851 875 959 246 846 219 354 364 76 717 944 545 995 901 99 160 425 914 577 851 161
180
727 931 817 717 377 404 672 633 188 601 61 414 39 225 532 24 673 375 335 553 349 451 103 387 353 147 227 876 296 558 873 915 830 247 740 338 326 496 909 999 55 816 281 683 892 279 252 864 215 782 808 70 330 549 339 601 976 275 846 60 147 559 932 829 605 236 931 220 793 962 503 600 192 965 696 752 883 338 562 716 204 795 236 222 348 33 805 244 660 391 569 840 325 465 989 669 510 615 544 784 547 164 336 408 811 619 227 865 449 610 516 381 400 507 867 822 4 654 610 833 307 28 659 485 632 392 986 693 887 513 569 641 864 552 745 473 913 56 57 320 364 862 224 257 40 264 396 654 496 597 98 670 188 745 967 72 447 426 116 175 897 700 371 268 923 258 654 914 444 740 901 907 787 231 97 931 337 951 860 791
407
642 684 773 300 500 658 626 397 651 123 891 976 243 705 628 15 37 776 632 425 587 469 221 239 362 921 222 109 747 281 402 219 499 672 259 599 374 836 284 191 664 405 167 77 458 554 812 426 327 415 471 630 174 441 35 879 352 750 219 270 850 46 877 206 636 335 685 758 313 197 618 719 390 478 160 31 815 267 454 278 968 725 830 483 386 446 127 660 290 121 33 246 804 958 308 448 181 106 288 175 391 609 870 550 5 236 513 668 518 253 818 316 586 927 656 272 974 739 174 435 4 363 898 446 447 947 609 665 770 773 942 26 60 691 52 806 912 553 641 862 655 496 895 872 625 124 294 221 85 525 679 737 102 862 780 143 429 320 251 255 392 560 17 575 685 354 379 124 970 858 27 540 153 617 207 225 935 903 583 704 130 997 938 603 859 816 604 977 39 59 829 74 455 972 850 881 979 711 897 117 651 376 352 318 325 776 420 486 540 195 532 637 809 590 983 20 73 272 191 241 534 948 176 64 108 2 592 524 992 480 531 675 356 198 778 361 827 786 324 256 498 6 81 630 77 779 179 496 12 849 767 422 671 370 733 322 90 874 219 921 380 232 386 59 811 424 273 729 821 517 952 768 230 308 573 935 626 827 209 235 97 481 47 373 98 662 661 53 109 910 296 234 141 427 690 115 319 992 934 929 180 481 326 66 79 258 1000 253 304 783 379 188 923 429 482 961 54 413 555 692 948 259 707 460 639 401 607 247 402 417 13 397 167 111 19 676 656 368 519 276 134 732 436 721 498 712 147 946 458 753 438 533 221 892 63 806 852 171 203 325 631 365 918 51 16 414 245 446 907 614 692 214 716 189 11 204 856 847 921 662 535 845 150 828 741 429 148 814 822 437 869 332 503 335 419 106 458 947 106 509 833 814 756 907 267 187 409
363
499 713 440 776 502 57 324 518 8 828 220 328 857 206 888 703 213 210 751 80 4 452 354 140 808 698 509 232 187 290 38 526 296 890 530 328 519 958 166 998 22 143 396 942 399 6 864 559 808 14 708 385 227 382 347 989 901 101 431 962 80 138 744 329 367 294 423 46 199 876 717 189 926 113 767 104 819 913 210 686 818 163 747 127 514 631 980 402 171 214 785 123 200 37 58 384 765 996 573 500 132 149 968 191 604 656 678 384 703 193 203 424 693 140 612 241 514 491 15 565 78 695 446 471 212 68 43 209 804 875 264 751 810 3 172 342 486 50 452 85 552 13 617 351 987 161 812 530 870 692 505 730 744 580 141 700 581 553 539 388 496 839 157 522 339 438 942 307 910 495 213 752 55 565 692 73 569 577 310 378 941 846 546 157 433 686 369 122 605 424 869 213 225 959 561 235 424 317 159 266 891 345 759 208 592 54 132 261 359 808 290 720 770 8 470 758 762 929 718 781 949 460 205 432 914 466 420 937 944 253 702 456 204 906 402 272 62 22 609 165 355 116 588 696 345 858 934 227 156 336 164 802 192 479 707 559 835 597 130 289 585 496 497 877 339 239 368 60 119 916 383 805 29 926 678 372 676 679 265 892 699 90 79 556 248 767 145 650 68 162 862 683 946 284 135 634 613 782 945 92 442 480 365 812 706 615 676 444 313 616 771 103 604 444 401 23 877 558 630 188 503 382 589 608 432 851 497 891 518 227 508 909 89 713 389 680 94 966 986 367 996 564 706 507 989 186 112 177 942 502 715 443 738 675 713 842 795 929 606 434 340 109 617
105
607 692 122 556 730 606 523 323 693 549 555 587 238 4 415 759 891 733 500 172 734 183 206 91 183 672 45 123 757 791 567 898 576 387 343 864 619 997 921 986 458 461 553 998 498 724 637 267 303 454 963 205 121 49 199 743 943 544 690 532 236 579 107 450 20 69 30 651 633 77 792 472 920 168 99 187 699 930 105 332 584 178 218 688 519 274 957 335 914 400 834 980 358 986 248 254 204 958 402 255 565 804 102 924 577
333
118 96 645 708 893 400 375 943 974 134 143 558 980 326 386 403 368 186 68 576 633 311 265 237 542 440 86 786 882 892 49 587 285 322 961 700 346 994 281 813 385 864 942 1000 108 330 912 191 203 920 318 550 216 634 654 862 692 200 479 963 539 950 47 420 354 661 605 555 286 931 2 680 467 726 153 467 679 849 497 562 111 440 646 692 13 785 122 288 495 125 99 444 244 685 519 1000 469 797 960 255 841 276 481 69 427 884 641 600 865 546 797 548 51 272 732 967 733 316 477 73 682 684 248 147 599 958 675 425 823 664 697 765 992 279 422 86 869 347 154 459 368 506 380 623 280 724 544 238 676 575 257 221 463 49 478 176 484 374 882 675 621 506 605 825 483 239 519 397 490 492 693 14 337 680 922 429 449 725 869 837 449 746 440 248 160 548 605 582 728 786 871 278 880 996 77 236 690 361 399 569 855 910 417 387 366 376 168 130 419 551 692 833 192 547 171 133 669 208 437 918 694 464 747 915 209 301 253 831 896 975 406 418 273 726 929 671 70 166 212 423 266 909 642 957 219 749 862 370 483 656 739 594 739 393 705 197 44 239 731 250 596 288 732 494 765 621 196 721 112 63 98 314 73 325 745 181 694 949 929 553 669 650 393 854 691 375 646 307 71 512 17 895 836 549 224 548 205 188 227 53 614 634 796 495 398 890 377 635 350 557 566 373 898 644 102 546 517 655 533 28 179 664 945 350 201 452 959 253 905 521 245 307 614
485
174 989 943 520 922 906 917 166 921 171 866 989 904 655 922 997 430 799 863 51 436 496 888 938 679 747 653 143 121 528 561 310 228 193 577 83 642 720 792 992 126 975 720 700 876 466 153 513 480 297 793 828 398 819 224 513 414 166 818 542 732 1 697 367 326 976 497 848 301 100 212 518 154 60 930 89 959 83 807 434 703 685 69 575 479 13 906 749 295 488 688 465 931 96 477 870 87 980 547 247 913 515 274 829 337 895 585 549 159 939 17 641 497 698 326 618 78 187 110 659 941 670 841 612 761 337 935 882 105 185 39 782 1 871 485 400 407 856 80 857 255 295 449 757 28 117 115 24 823 304 406 465 632 766 39 63 34 742 150 754 220 242 884 655 733 689 338 481 614 785 67 391 449 985 605 790 973 277 760 363 626 78 125 91 684 771 608 455 886 534 201 372 352 35 764 822 494 751 993 149 723 887 313 74 799 657 952 13 102 838 675 611 41 55 901 817 411 792 50 339 827 383 77 60 284 921 128 170 802 809 173 644 3 337 853 191 916 222 357 435 488 102 229 723 318 452 87 652 648 740 422 531 478 651 69 796 879 255 461 535 39 772 183 527 906 794 866 85 796 199 23 525 771 865 98 107 584 270 639 728 542 988 241 423 935 923 89 379 493 729 829 197 252 819 828 732 846 906 779 239 516 246 31 966 95 52 944 456 123 462 78 413 70 978 552 328 939 748 199 535 268 391 800 905 766 21 438 173 311 150 980 703 876 12 241 581 986 374 65 148 2 660 955 185 39 171 934 303 432 684 183 934 195 534 203 378 800 858 578 770 127 375 480 631 197 546 884 472 234 703 1000 26 571 27 834 707 915 37 811 176 217 432 709 26 813 317 390 663 54 718 242 587 329 404 799 941 573 26 441 382 342 700 305 531 84 32 509 752 760 103 332 618 431 767 584 196 124 992 457 680 601 101 962 51 15 60 771 60 151 971 165 394 93 358 141 122 355 454 856 336 851 532 734 112 311 487 869 260 522 924 566 720 382 533 580 246 311 237 930 566 817 406 803 915 83 12 832 216 594 916 930 806 473 197 87 253 330 249 533 208 522 548 89 27 345
30
426 154 319 104 876 557 683 247 894 232 951 104 646 564 668 950 415 622 49 559 387 884 8 898 603 7 493 312 928 899
434
514 508 724 803 671 640 960 321 651 353 109 386 51 333 995 723 243 490 481 660 865 33 415 23 615 736 779 938 176 642 424 263 858 610 20 586 473 668 196 715 596 238 892 87 548 660 949 412 83 927 506 979 699 885 194 468 493 765 926 164 96 186 133 819 651 963 315 520 567 42 552 800 370 493 128 156 506 919 59 727 610 158 352 2 386 522 245 814 455 760 906 164 293 759 120 312 543 354 448 957 574 569 652 146 72 366 842 196 180 761 986 222 386 728 82 703 971 638 262 677 518 165 741 580 336 909 504 718 537 610 481 852 1000 608 894 257 834 427 118 556 586 781 919 352 457 419 149 222 585 703 751 340 141 660 222 531 233 833 35 265 446 615 23 60 942 695 160 742 425 279 667 271 326 505 656 889 595 949 257 685 137 105 511 743 375 121 734 531 215 220 367 755 540 582 591 889 983 656 890 892 664 821 995 833 184 822 531 670 115 348 683 396 755 778 8 691 873 103 20 858 969 515 863 677 893 177 420 756 49 90 509 547 135 18 206 810 20 845 439 185 458 379 411 388 419 872 687 626 837 327 523 672 445 533 335 827 830 279 859 554 932 741 14 32 326 840 200 707 873 188 517 381 241 424 376 971 709 851 886 661 979 211 481 943 40 717 851 662 845 861 74 298 513 914 25 471 313 82 999 545 724 394 827 705 956 31 226 630 660 589 133 733 998 85 524 448 443 96 995 626 131 779 293 12 961 626 199 343 274 928 586 926 834 673 173 599 983 744 42 631 534 438 701 181 22 100 74 9 158 352 634 548 265 889 784 632 981 272 672 209 881 44 217 546 63 583 666 754 976 136 291 711 181 776 189 240 1000 776 225 254 261 577 93 147 359 169 269 436 937 834 431 101 952 728 943 626 352 374 134 318 757 429 249 550 895 357 899 464 660 161 208 452 739 177 57 7 588 571 509 647 704 577 615 7 752 707 13 676 537 913 245 924 76 879
673
417 663 216 609 38 471 99 249 267 649 320 998 695 122 721 569 103 950 627 674 627 424 291 27 211 314 501 714 868 916 120 54 238 1000 742 679 845 182 614 308 140 147 89 673 111 942 310 706 68 750 442 873 778 541 306 819 892 365 815 301 231 654 304 420 502 254 853 1 922 463 541 891 200 476 432 61 464 466 203 102 134 240 149 175 272 469 785 122 783 887 175 616 211 225 312 521 456 165 771 558 84 39 815 492 55 106 703 52 535 14 273 446 823 151 625 191 597 229 458 38 553 712 779 300 79 584 154 34 408 113 159 524 826 858 832 240 151 431 683 865 437 973 211 96 187 570 623 658 243 890 347 279 889 216 234 741 67 40 678 243 657 256 465 68 859 600 388 999 938 707 417 688 615 694 287 726 280 49 64 487 125 241 751 892 477 633 545 149 145 344 724 295 903 458 82 274 369 482 656 292 562 736 317 950 617 766 964 400 583 424 461 233 86 228 923 624 386 467 956 355 230 947 56 647 292 321 995 596 477 14 266 663 364 188 366 201 741 980 714 907 981 318 95 209 766 596 59 683 854 283 45 444 580 772 241 298 462 282 292 835 554 849 964 265 5 616 764 943 769 529 986 328 31 302 246 875 830 505 693 888 621 196 570 692 649 262 156 708 574 521 677 967 704 116 703 48 603 381 7 122 521 96 267 543 771 917 82 53 942 544 782 224 111 155 644 54 79 344 89 750 825 177 843 236 507 535 77 769 901 245 714 861 862 337 975 893 590 785 117 724 71 639 279 790 497 78 175 733 628 710 180 855 105 365 757 518 465 574 414 808 412 200 641 765 995 702 315 938 935 758 784 711 657 549 273 724 698 630 785 95 161 52 380 393 574 695 517 212 342 532 550 582 157 500 171 398 363 64 189 96 68 447 603 866 792 610 443 448 231 412 136 961 400 872 539 786 415 654 148 383 814 299 571 242 900 145 392 743 903 746 415 560 829 859 701 145 120 504 793 919 331 629 438 934 790 801 21 790 311 509 810 439 788 485 349 367 733 434 58 375 261 969 738 185 669 374 391 137 632 819 739 165 953 861 167 460 257 725 989 227 689 975 671 647 252 318 414 271 996 113 136 114 98 34 789 526 432 723 322 431 640 250 217 348 605 976 27 251 800 526 271 708 458 648 1 230 262 67 367 733 773 641 497 907 630 91 213 988 193 721 224 298 927 706 444 597 2 277 99 633 828 546 818 610 46 647 699 131 139 111 572 507 610 640 425 322 112 834 619 157 388 886 879 302 99 592 239 468 485 31 40 757 660 938 872 554 387 891 520 957 423 671 959 312 389 719 893 88 818 434 216 527 554 609 357 874 83 331 199 338 10 68 757 539 402 926 88 6 951 440 501 163 359 476 563 270 344 30 399 176 936 556 472 935 25 944 142 726 263 43 739 499 858 727 608 774 85 328 634 386 320 797 49 585 458 823 320 181 340 120 678 152 334 482 401 599 21 586 234 721 560 250 535 736 553 666 939 55 613 619 751 308 96
489
985 850 775 84 732 257 538 510 311 201 364 430 204 729 319 160 752 131 57 780 970 724 310 119 299 983 851 661 75 113 546 139 887 74 440 799 448 983 915 208 518 483 76 749 853 734 698 372 348 168 653 900 507 422 395 377 317 381 382 297 574 50 85 22 375 384 75 656 165 847 856 137 447 674 875 768 108 416 45 104 739 632 415 134 564 423 595 630 606 974 961 229 971 461 703 757 245 932 875 613 518 770 9 286 394 78 666 414 822 10 182 132 680 889 695 688 920 902 224 907 169 672 720 548 427 386 635 192 52 633 225 255 999 574 764 363 737 134 714 219 4 302 774 700 512 715 75 889 410 718 148 935 932 133 329 771 300 393 207 458 401 696 723 4 749 612 813 349 101 479 80 173 634 359 429 780 430 599 682 304 287 980 266 814 385 291 561 782 562 972 377 829 232 840 514 796 975 817 392 200 244 848 533 43 854 787 798 467 906 444 724 915 68 641 723 394 493 700 400 640 949 962 796 778 429 694 901 314 112 367 908 296 335 767 40 595 884 272 527 725 158 490 619 755 832 238 77 501 359 552 86 801 898 566 954 488 691 413 781 56 808 160 87 142 443 242 615 676 536 27 101 623 816 178 14 227 150 366 677 846 89 501 604 879 67 714 144 513 780 847 596 970 506 937 160 853 140 159 248 769 726 742 793 372 10 908 671 914 860 662 91 467 337 136 746 852 819 326 337 952 157 702 565 163 47 456 58 374 358 106 79 236 806 490 970 104 312 360 62 86 45 651 974 595 714 288 109 685 674 771 845 540 260 806 806 948 810 309 663 466 445 194 283 398 926 763 691 802 80 790 954 169 198 18 360 366 129 159 526 728 946 985 692 988 5 423 148 873 247 469 232 118 279 102 904 688 769 193 878 892 55 95 44 371 986 5 6 563 866 617 826 769 268 416 878 70 884 263 78 92 376 981 622 350 791 642 783 300 673 692 598 320 62 420 468 729 195 279 121 820 715 910 495 107 764 857 497 261 44 21 16 999 308 826 757 623 169 193 837 843 395 790 51 675 558 547 711 790 347 229 967 651 581 866 219 281 962 467 697 519 86 295 317 101 155 771 185 464 934
732
560 585 986 68 826 312 254 922 221 15 950 890 541 590 626 384 660 189 224 672 322 635 492 450 492 67 8 683 824 147 975 122 707 96 317 196 488 416 68 274 142 913 998 426 716 963 238 347 732 455 717 15 720 504 806 237 830 610 635 197 733 501 786 61 700 391 824 186 350 621 277 624 792 956 890 533 190 488 264 161 76 261 751 210 490 444 243 980 804 538 167 73 852 505 464 426 670 76 682 648 264 815 815 945 772 513 878 746 450 257 236 226 222 581 574 815 109 714 375 507 673 53 291 353 503 34 46 476 227 660 763 408 92 194 47 321 248 876 132 81 588 46 68 461 563 694 474 290 447 459 520 620 625 344 249 465 188 247 419 514 987 973 755 868 662 983 506 35 665 806 994 123 368 480 728 935 416 147 88 452 559 854 717 959 444 433 998 596 117 687 628 108 890 892 894 736 359 802 748 938 121 729 154 541 796 797 249 566 96 625 6 894 541 590 901 28 314 993 252 577 754 529 836 780 842 644 554 88 965 255 659 380 231 419 237 304 874 649 625 942 130 627 230 93 39 696 371 941 54 718 19 296 147 881 203 893 739 695 990 934 443 519 568 962 169 150 943 485 743 83 72 946 786 182 964 578 355 615 734 468 151 878 947 407 4 597 924 97 475 121 466 42 528 912 529 568 342 613 265 719 688 866 931 126 878 926 952 434 471 326 392 191 254 126 498 692 196 774 777 374 676 400 745 918 340 119 324 253 33 764 851 874 273 534 723 586 851 649 421 824 789 594 681 296 975 592 969 924 933 697 815 181 889 183 936 609 52 676 377 105 606 957 744 310 129 58 708 391 972 433 266 294 426 205 806 990 189 59 953 872 279 38 994 655 542 805 711 802 271 304 898 325 182 93 670 495 274 189 28 810 11 864 148 291 686 845 188 484 330 312 407 356 845 355 239 774 891 296 334 892 790 854 344 698 404 935 459 497 617 395 487 327 608 518 207 745 440 564 591 618 902 67 404 74 1 37 34 267 925 655 30 73 362 604 656 45 340 23 52 908 209 393 399 151 951 684 418 679 785 503 507 335 593 789 539 721 340 798 415 319 669 195 882 332 596 620 392 838 163 690 488 681 850 809 815 630 106 22 961 455 482 414 933 239 764 488 884 712 613 821 773 734 267 534 492 47 89 748 222 410 357 28 396 84 422 631 332 323 149 360 304 31 820 893 571 584 294 299 307 882 551 766 93 555 329 969 777 163 622 828 248 180 274 278 702 936 204 505 622 959 626 921 622 44 933 786 990 236 50 57 84 466 742 955 320 4 484 745 573 711 817 237 658 254 264 715 466 410 599 482 590 157 381 350 960 28 27 292 275 190 864 81 96 817 954 765 223 142 208 517 670 262 755 292 971 164 609 557 410 555 172 503 174 810 203 900 982 634 700 383 652 551 92 86 644 446 71 467 844 647 976 572 797 220 46 221 299 377 751 308 40 442 682 885 887 569 234 82 587 138 573 566 539 111 545 797 63 498 128 713 269 151 12 542 76 502 848 359 120 930 713 135 847 458 521 511 114 31 155 596 151 453 378 235 641 137 936 698 328 986 533 981 318 51 551 349 205 67 473 118 628 600 243 1 595 957 793 714 899 353 554 237 732 601 946 632 674 176 852 516 293 245
687
968 996 758 972 899 324 957 678 530 175 77 522 364 87 879 379 952 769 699 477 501 436 830 61 654 183 887 668 379 505 690 987 82 334 462 144 833 90 472 34 598 890 115 809 240 253 931 128 625 509 564 30 862 358 102 189 648 71 370 863 568 137 3 897 492 174 241 714 409 979 79 456 483 723 966 564 524 666 722 873 557 459 663 764 981 612 339 770 326 741 805 134 946 943 106 492 483 152 824 100 739 950 761 384 953 599 114 345 824 946 403 883 272 477 14 116 920 450 190 633 227 534 9 2 795 239 573 87 793 947 723 131 594 416 850 845 759 272 258 839 397 514 824 898 830 688 687 755 813 907 25 821 988 526 851 180 798 812 503 873 562 913 169 238 402 685 272 110 853 272 325 256 107 136 484 262 831 220 757 1000 44 915 407 97 988 449 744 723 622 935 303 839 303 993 21 794 262 782 182 210 110 194 626 369 196 139 504 930 255 655 885 764 731 253 323 796 555 325 348 884 557 881 307 650 266 352 304 433 889 62 926 191 304 518 60 635 204 626 248 855 195 215 171 264 677 577 780 79 278 167 603 218 494 67 121 195 834 364 209 674 769 742 419 720 614 53 661 215 419 43 934 908 880 129 38 656 966 758 546 167 990 750 72 951 848 365 63 135 502 468 682 501 945 614 595 920 400 542 637 999 881 241 569 791 520 439 198 459 837 989 536 472 226 346 548 900 153 833 935 814 781 171 787 715 959 8 504 70 358 128 368 411 800 750 90 651 484 540 516 142 446 530 917 956 192 144 214 174 341 81 204 150 317 672 673 816 407 699 558 731 375 156 350 757 393 540 724 493 842 258 107 480 19 398 568 313 128 540 554 18 944 447 121 1 49 550 399 540 110 142 892 350 668 772 545 307 671 506 123 440 632 155 352 180 116 476 904 379 641 962 459 760 648 372 363 784 374 578 988 102 523 726 276 376 752 89 671 6 803 841 812 360 969 37 209 176 337 188 902 491 425 519 85 504 178 880 898 327 795 633 455 130 589 667 383 206 425 28 725 487 111 176 219 657 894 251 878 16 705 338 913 493 448 811 948 298 746 692 897 788 130 293 235 653 956 740 521 918 687 677 705 482 973 878 346 303 301 426 903 740 393 644 250 161 664 706 162 637 987 376 258 737 887 341 722 310 414 805 707 709 619 848 694 426 286 503 272 316 327 570 331 978 370 896 252 420 941 78 549 873 323 754 878 545 603 149 327 149 498 973 840 930 664 840 386 805 873 412 809 325 111 140 814 594 672 131 377 730 670 588 742 464 728 326 959 352 958 515 647 530 201 687 421 556 157 773 826 962 789 584 248 720 627 729 504 718 755 283 448 214 247 562 664 489 82 343 309 440 489 189 28 721 830 195 338 810 329 662 368 203 632 657 721 392 690 601 93 841 566 236 186 431 509 582 660 461 8 785 341 977 788 951 744 46 392 31 597 440 613 633 889 466 634 175 474 349 844 458 66 481 955 90 303 521 406 61 200 664 979 46 150 703 804 632 21 110 237 697 332 433 910 909 242 298 779 100 480
691
68 685 802 370 826 363 57 395 534 242 443 667 886 282 593 679 542 766 497 452 787 285 581 382 719 451 215 316 779 898 473 766 510 155 247 981 139 920 749 560 775 777 68 805 53 22 228 934 485 152 747 408 333 606 688 471 252 129 534 465 936 274 867 58 975 581 992 864 198 488 791 140 811 882 823 731 766 655 73 195 838 853 858 601 687 739 377 619 626 216 293 987 345 367 723 28 206 330 90 647 823 463 79 118 91 571 66 306 540 93 648 766 551 791 247 863 884 795 443 57 536 330 931 819 936 237 558 221 470 662 643 331 560 73 293 555 482 878 950 944 264 494 101 885 804 877 960 998 135 613 743 236 552 580 384 341 915 492 351 993 827 479 291 58 882 975 816 604 15 603 691 4 960 862 29 32 211 830 154 897 483 590 8 70 882 941 974 284 699 755 391 987 17 195 949 486 617 248 468 440 678 727 358 259 523 149 27 781 772 532 113 689 859 458 24 750 622 344 172 484 59 760 661 71 398 64 268 357 953 934 213 131 13 679 890 451 712 719 172 239 768 174 693 929 833 142 312 151 77 462 981 145 149 97 961 916 16 20 622 145 949 643 16 232 937 812 301 841 551 687 289 629 522 143 88 897 607 519 800 522 97 141 154 847 205 155 917 735 38 747 613 75 636 766 337 204 188 705 73 882 242 433 72 29 18 717 871 461 866 841 651 697 737 555 223 860 487 56 655 506 163 116 912 829 116 432 503 115 283 337 686 241 164 706 199 784 695 530 472 149 399 574 628 693 669 628 291 212 86 861 482 469 199 344 470 106 29 592 448 978 115 816 183 851 575 621 779 936 195 779 970 405 157 237 629 893 219 626 337 187 78 637 106 446 877 921 281 414 849 777 209 73 118 925 760 845 722 4 576 49 463 54 496 20 135 139 660 133 918 736 23 286 824 46 833 519 760 279 822 302 323 838 760 688 318 419 74 786 813 144 210 493 587 698 875 753 451 634 530 445 115 478 765 401 312 707 366 176 398 533 381 714 530 507 292 32 287 37 340 112 169 162 118 743 553 578 625 814 822 482 148 67 733 76 983 218 84 734 458 515 540 566 769 363 892 284 969 900 686 559 128 866 483 592 579 74 824 869 999 453 765 456 199 935 1 224 493 124 246 508 556 233 790 722 384 777 552 236 675 369 740 292 278 137 663 4 556 612 819 597 978 160 781 426 352 83 411 132 902 247 908 775 407 701 124 957 984 444 369 912 703 460 97 539 975 746 498 617 533 791 351 610 609 661 888 832 632 398 703 466 290 510 690 972 439 365 382 858 28 930 295 519 648 149 609 933 203 507 101 226 510 287 125 29 749 149 645 759 576 205 266 83 596 608 700 677 702 240 411 382 643 650 255 982 927 460 448 269 494 784 341 1000 843 38 914 827 917 899 259 370 366 457 748 134 227 393 203 654 690 40 508 605 222 743 388 882 203 168 965 928 822 280 888 672 698 302 416 274 198 549 830 233 687 926 945 651 244 148 412 403 876 597 12 421 402 886 849 27 958 880 865 435 437 437 755 975 670 476 380 142 974
512
950 21 49 655 136 228 243 19 416 816 359 60 592 746 719 713 523 539 202 542 466 852 59 251 427 789 131 861 642 255 522 700 767 676 991 671 174 812 52 744 991 307 453 663 871 180 746 590 988 291 480 538 890 670 77 403 87 463 460 845 903 912 648 817 857 964 952 713 479 984 774 160 105 13 139 767 968 599 487 437 646 33 132 765 430 386 677 1 400 157 684 654 23 189 445 14 423 612 604 865 833 747 934 700 369 979 843 316 176 638 196 361 617 993 183 636 341 706 60 421 125 516 128 130 691 468 354 651 181 216 905 490 686 674 250 90 877 128 188 938 606 331 575 201 673 921 231 739 161 656 614 364 405 321 990 820 437 718 118 798 203 423 333 313 593 25 468 294 751 608 745 358 63 516 893 369 167 106 259 224 107 830 454 703 691 978 575 979 677 503 16 894 355 392 979 72 458 466 742 384 206 576 733 66 420 768 257 904 594 827 90 907 399 405 682 396 301 62 595 79 860 431 719 196 735 384 849 880 615 217 261 649 812 939 568 207 185 487 820 697 726 373 608 726 897 512 570 371 805 621 133 68 938 348 201 217 520 986 558 891 450 620 697 93 432 260 903 214 54 129 247 182 523 224 104 260 12 53 766 29 685 773 457 175 992 805 935 733 205 539 720 296 632 662 321 736 698 666 215 415 627 711 832 534 923 724 240 744 337 599 345 219 468 653 558 424 287 765 407 217 160 951 924 314 122 559 400 660 922 409 850 672 146 20 402 313 831 819 833 742 467 629 213 214 630 724 639 72 259 752 672 378 551 365 389 626 809 692 809 719 61 340 961 439 860 296 252 454 997 470 621 139 929 520 979 978 188 640 560 141 387 913 593 5 584 528 728 307 537 127 42 204 276 885 353 98 47 532 473 376 936 644 10 556 255 860 825 981 404 601 44 953 131 931 609 844 813 656 962 867 567 534 579 844 89 71 323 60 793 653 375 118 462 196 193 610 253 256 738 720 636 12 708 127 863 578 84 864 71 684 12 160 863 225 848 622 420 907 104 113 505 788 871 800 624 666 907 790 908 132 129 539 473 130 75 562 342 378 736 989 205 771 14 413 726 453 411 804 345 33 543 778 164 54 788 41 572 428 257 801 756 847 663 572 308 158 685 839 262 833 814 767
886
414 615 285 335 986 90 402 842 825 494 351 91 144 263 33 655 26 372 321 550 874 303 341 321 235 732 391 257 884 878 348 908 595 531 150 433 166 794 929 535 801 742 253 334 816 858 474 489 994 146 570 90 288 666 938 644 256 289 331 420 899 180 63 811 555 93 271 589 888 617 826 983 533 698 858 353 770 560 602 446 505 268 861 687 978 776 47 433 763 31 903 989 447 329 306 922 483 787 387 70 805 184 779 23 966 694 890 911 13 90 622 849 978 588 906 278 347 802 348 738 810 916 433 674 567 90 877 691 750 250 971 277 507 590 781 247 539 566 443 575 514 774 428 534 338 720 116 153 16 908 36 955 192 354 987 411 459 670 837 614 497 454 280 981 84 690 83 307 177 831 333 809 814 524 456 733 554 68 238 581 610 388 416 943 908 402 218 297 234 555 677 600 307 459 706 260 187 938 24 509 263 791 264 862 721 119 54 7 829 91 350 383 667 709 512 736 21 633 639 259 824 105 14 778 602 328 47 150 687 486 950 146 452 158 668 389 136 972 58 723 635 605 943 468 283 314 938 834 780 992 742 757 331 702 149 752 618 588 445 189 539 666 86 718 367 464 67 638 675 739 819 317 200 498 317 177 142 170 838 950 785 329 397 200 314 909 316 809 448 108 722 532 873 462 211 530 628 278 523 344 408 746 694 401 512 386 671 571 427 436 434 195 346 741 429 942 117 205 251 280 292 768 650 800 757 748 48 402 730 447 959 668 592 205 802 880 98 527 448 59 885 91 86 444 841 541 327 796 942 822 274 818 431 764 665 650 180 795 916 801 770 612 714 353 71 526 870 533 999 610 977 312 670 511 88 676 40 939 30 446 290 56 390 39 754 989 580 826 885 823 398 894 295 492 203 864 721 346 718 733 504 542 123 475 969 717 288 16 216 70 199 187 935 421 622 549 869 386 944 255 987 724 192 489 297 867 525 783 681 705 317 927 672 698 608 965 844 245 88 657 147 155 15 101 295 335 303 625 650 985 497 847 394 487 331 36 146 10 109 56 756 576 376 310 909 705 511 900 779 387 837 823 939 221 985 979 937 975 975 512 785 828 315 971 685 656 126 914 310 941 873 269 241 446 48 522 997 612 772 1000 289 335 394 553 22 12 533 219 128 683 952 818 808 955 586 960 833 719 77 525 742 565 864 833 58 202 408 474 196 968 239 561 836 898 206 760 979 479 416 563 442 652 830 146 144 435 423 151 990 788 240 900 8 458 610 786 571 390 962 693 745 872 694 318 642 5 404 328 78 949 527 341 953 423 416 504 798 42 141 709 264 931 156 4 869 17 654 14 915 322 779 508 222 14 62 749 137 629 362 305 697 509 398 639 51 531 507 207 52 869 405 16 716 835 591 912 879 455 275 514 959 35 470 251 401 305 960 53 44 682 759 333 13 87 82 879 749 185 837 541 130 335 760 812 264 359 926 780 337 919 249 358 66 868 486 558 994 186 77 186 345 65 140 262 73 149 146 44 21 943 414 400 374 565 175 612 419 485 852 921 986 774 465 83 141 319 331 413 721 518 519 479 876 859 884 682 164 523 524 743 835 324 351 731 722 411 987 507 992 311 353 39 902 423 628 757 793 74 239 703 243 760 265 255 382 371 684 238 720 390 465 882 461 728 515 765 4 476 750 479 550 346 509 994 375 290 755 159 342 496 133 552 655 408 482 472 3 234 741 160 248 791 504 155 706 306 219 812 834 241 470 535 899 564 989 604 98 930 185 517 402 66 864 138 400 615 770 831 685 769 674 866 807 521 332 970 906 683 26 84 564 275 514 665 469 255 684 308 847 600 440 843 305 112 658 343 527 212 190 244 964 172 325 605 626 376 96 964 445 45 780 338 275 230 886 926 723 731 266 504 340 339 94 644 429 926 358 170 197 119 298 622 451 136 429 650 53 868 606 70 989 408 123 563 768 64 422 346 53 328 885 331 415 698 883 255 406 56 947 838 760 277 559 770 603 378
47
640 385 451 509 10 90 581 377 363 351 812 82 121 130 168 581 508 922 748 648 889 247 968 737 191 695 76 43 583 597 20 1 250 890 847 243 687 444 132 70 450 71 75 863 500 786 268
883
327 678 710 433 40 952 255 220 324 495 728 101 965 293 583 289 713 896 906 1000 305 736 755 822 213 417 635 309 988 389 935 55 813 786 809 167 650 709 451 606 443 916 810 321 74 504 791 911 292 26 828 341 759 900 911 57 468 437 155 506 258 645 136 660 270 531 21 126 878 936 312 334 295 480 635 764 815 58 619 322 745 907 776 269 930 135 63 992 950 724 717 479 346 693 915 931 463 877 316 90 683 593 305 871 362 123 568 671 189 894 24 542 131 924 724 302 157 638 81 57 333 106 195 326 182 335 596 184 993 188 700 31 264 676 904 845 859 459 876 382 151 15 255 518 843 932 654 475 601 727 745 982 334 972 340 436 374 952 788 58 594 263 583 435 601 627 245 613 82 602 98 378 343 384 377 211 890 576 587 322 49 999 521 508 180 233 818 367 927 346 51 758 41 705 366 632 382 950 776 867 888 695 688 132 501 852 902 811 247 875 848 352 303 377 428 806 177 632 987 176 814 445 652 43 420 129 385 695 903 809 182 355 741 345 177 948 57 393 228 869 120 538 781 115 985 129 976 747 500 675 114 800 926 58 257 209 696 741 71 183 496 831 312 557 485 857 432 800 885 659 335 421 811 399 842 975 801 671 586 411 135 876 144 267 858 324 50 625 127 723 495 944 577 305 589 201 433 457 956 514 811 2 706 790 616 269 877 357 601 686 589 50 549 90 602 74 68 732 916 584 951 499 595 516 883 837 459 543 72 687 78 606 632 271 53 43 572 180 367 616 214 190 426 253 991 83 517 939 614 387 768 850 639 840 406 247 574 404 300 90 633 253 304 704 329 211 236 853 655 643 934 256 902 826 37 125 706 369 264 604 136 171 807 915 41 868 845 82 250 929 387 769 705 941 214 460 167 16 798 801 748 74 150 430 239 235 949 544 647 444 431 393 93 670 530 723 663 47 103 443 899 458 774 244 968 229 227 49 697 540 653 865 865 638 981 934 412 909 801 29 718 725 269 599 286 239 531 333 871 10 629 599 562 278 279 92 237 880 465 46 174 796 636 843 861 48 758 591 600 812 609 805 768 927 317 979 858 541 194 739 626 45 597 801 30 83 631 822 780 713 771 195 992 476 880 890 72 251 278 208 974 739 762 457 629 42 426 42 818 165 425 919 107 381 92 773 583 688 964 299 529 3 906 15 689 313 692 470 230 985 852 563 528 85 667 819 618 755 299 147 933 254 438 953 225 179 767 231 847 685 293 559 936 280 182 290 313 487 442 432 446 186 592 374 316 505 868 607 281 94 877 60 356 526 683 891 400 707 63 713 357 866 653 917 629 646 39 527 835 652 269 168 906 409 848 27 686 70 648 590 275 344 573 385 251 469 432 398 361 484 444 25 204 351 328 889 969 176 145 573 307 274 21 161 958 539 539 16 805 82 231 504 402 544 431 17 308 539 157 108 803 663 615 195 236 982 167 140 999 492 215 911 843 755 867 845 870 425 161 484 274 861 33 887 418 475 657 994 254 8 5 879 82 962 903 106 220 411 251 783 231 991 929 951 550 159 324 6 319 632 271 802 629 691 60 652 331 741 587 764 644 533 126 579 796 659 973 476 58 557 541 421 663 885 315 376 526 995 946 822 732 435 99 29 744 599 348 593 600 474 969 38 608 404 24 111 261 144 974 349 913 307 568 761 295 579 28 776 893 152 802 297 18 926 914 419 679 443 835 11 428 822 249 250 58 294 235 101 592 709 666 426 124 275 489 674 324 912 811 529 798 143 85 470 352 682 936 570 324 457 229 999 689 376 513 98 549 28 877 224 520 186 417 121 377 617 984 585 909 818 726 383 872 488 928 768 538 845 470 25 352 391 769 762 669 295 592 242 821 490 948 247 819 847 443 304 412 490 882 794 152 398 591 73 31 837 507 695 899 158 996 367 244 526 881 155 994 990 37 392 322 864 321 793 814 934 721 612 588 553 331 661 504 428 165 246 731 93 467 975 664 447 801
155
731 386 427 652 973 930 299 169 656 45 588 267 46 843 638 870 218 747 825 509 70 59 541 715 727 462 155 205 738 6 57 4 724 940 409 720 25 55 498 315 185 460 268 719 865 818 796 173 55 588 807 834 576 987 304 101 687 696 403 664 210 327 731 460 446 37 654 920 870 576 536 886 67 252 80 308 423 563 315 350 59 784 222 719 129 1000 413 512 370 50 339 665 259 494 555 491 855 537 426 778 975 874 705 995 181 18 228 547 90 107 828 595 426 987 183 209 100 151 576 803 643 426 154 152 231 626 871 488 817 590 570 225 857 770 180 627 447 226 255 767 968 404 480 650 688 910 283 121 149 193 645 501 465 21 318
723
253 910 369 783 859 427 160 932 501 392 374 485 229 527 140 723 469 772 62 646 337 438 370 301 808 282 919 62 916 256 879 251 19 562 708 352 613 674 756 424 170 631 229 480 997 231 307 649 748 664 306 212 791 593 40 74 167 390 719 575 149 319 580 612 250 770 538 629 547 93 311 923 287 985 976 160 500 749 454 693 891 605 779 240 510 495 760 331 699 431 8 844 460 260 706 857 220 430 913 897 392 692 989 943 228 890 97 22 101 335 73 659 545 397 50 751 266 213 321 285 139 301 718 310 434 831 477 129 181 513 903 828 423 804 85 192 925 300 906 654 887 229 998 374 437 510 363 89 695 530 294 136 52 243 536 307 421 639 542 734 961 359 899 874 219 910 57 102 305 205 691 179 26 127 562 368 779 724 497 192 524 958 678 759 55 565 567 274 779 218 668 216 389 369 437 392 777 397 847 253 964 396 190 677 918 703 249 701 901 367 497 169 707 949 710 772 282 22 859 54 644 760 960 36 415 516 978 356 867 438 211 728 973 129 110 555 859 747 877 859 686 652 710 348 187 807 59 718 670 265 83 182 218 776 703 403 877 43 555 299 491 334 145 128 47 438 335 903 972 652 59 317 957 655 378 984 630 883 299 182 51 636 612 88 322 145 484 632 526 638 423 125 656 108 458 379 718 401 154 575 626 146 687 942 754 413 950 897 902 266 29 406 690 992 336 625 60 566 451 41 250 524 874 107 728 892 700 262 898 58 563 841 355 765 361 321 431 494 419 777 400 117 447 40 261 28 297 582 264 70 380 830 202 359 741 364 259 555 934 350 762 746 213 159 554 349 579 800 366 841 219 130 497 190 125 649 763 962 979 185 81 975 669 129 695 131 227 221 284 760 413 506 776 57 609 368 93 801 68 389 9 622 403 639 618 465 795 618 830 82 792 780 68 380 27 151 155 372 872 543 832 454 1 599 225 182 170 691 239 475 643 529 792 379 85 993 442 957 356 360 348 976 322 944 71 339 591 572 283 745 833 323 211 417 686 811 131 647 522 60 446 439 844 231 466 119 349 594 105 234 553 193 952 173 771 458 59 435 725 223 287 856 919 12 518 591 6 765 294 599 607 73 165 337 343 532 429 294 942 674 745 157 694 612 301 726 519 953 133 297 636 698 733 652 927 974 672 713 461 56 489 703 243 437 949 802 520 421 507 341 397 360 60 591 659 694 514 5 818 283 466 336 920 953 236 662 782 959 560 460 543 504 53 237 786 47 612 489 974 970 970 421 294 462 297 98 637 300 514 138 182 123 331 732 314 476 593 740 868 26 218 491 303 166 963 541 962 66 19 544 511 730 159 45 525 508 679 453 329 398 845 835 265 822 44 687 594 230 485 76 167 28 826 629 173 999 577 80 77 745 405 87 450 230 966 886 187 85 217 131 30 170 586 464 767 370 398 382 59 697 777 282 463 386 46 721 847 856 820 458 185 934 720 935 348 548 406 826 339 168 838 951 242 579 47 339 964 64 269 629 766 970 605 494 514 620 729 707 389 330 55 558 673 948 302 116 563 53 306 135 365 494 458 984 235 125 982 414 208 863 365 603 642 474 501 494 297 374 749 400 652 327 708 33 312 119 482 556 604 202 968 192 45
900
236 754 559 875 320 573 42 119 551 240 248 270 477 920 476 988 219 289 823 191 514 919 382 11 839 405 548 614 936 250 598 862 842 825 965 893 584 582 368 459 164 595 935 536 995 35 829 628 14 193 958 290 507 197 834 264 632 789 655 610 666 449 710 324 966 756 167 401 596 571 274 296 35 806 459 810 64 440 645 605 867 321 265 864 876 854 935 540 937 69 162 654 613 920 716 544 886 496 774 604 773 750 885 136 481 357 475 54 222 319 498 350 293 339 215 142 717 646 932 227 458 940 880 342 930 736 968 96 889 534 136 509 857 910 98 104 351 92 690 246 119 106 867 993 156 95 323 951 922 5 35 290 414 114 806 420 160 61 230 671 931 243 529 996 235 782 62 637 894 295 157 125 417 527 10 5 521 982 381 29 922 149 30 701 657 202 626 774 137 824 723 639 325 125 818 616 646 450 822 57 867 314 866 729 429 762 536 430 244 430 982 690 836 47 251 553 123 627 677 993 374 781 467 330 558 115 472 853 750 368 611 49 795 259 577 11 84 922 747 196 5 359 370 972 291 703 84 968 605 199 26 106 279 442 181 252 682 674 561 336 514 383 664 577 894 344 10 281 477 447 915 344 920 304 607 235 340 782 207 725 781 561 723 359 363 618 706 831 905 518 951 928 948 818 553 784 279 537 677 854 75 708 449 213 983 636 731 858 128 162 286 60 144 190 896 751 230 223 539 644 119 729 993 485 991 705 324 154 53 862 415 8 715 149 583 622 949 210 663 370 740 858 212 544 531 469 543 396 89 158 776 750 642 520 634 754 931 114 538 311 460 698 559 454 511 117 211 926 546 516 541 705 374 899 126 715 809 975 839 946 908 386 284 323 102 149 645 188 903 249 613 450 480 510 166 161 659 44 948 237 350 513 654 593 149 130 624 806 646 810 644 324 512 549 350 527 804 81 319 353 289 46 556 381 419 924 231 191 258 777 314 679 995 671 756 923 614 424 482 264 68 600 82 317 332 250 671 133 215 125 653 789 372 372 601 321 606 251 278 654 706 825 731 340 785 673 121 685 177 294 198 797 298 522 944 926 939 523 516 115 826 884 197 13 765 736 745 304 359 460 918 802 149 261 14 877 443 845 357 539 847 249 579 558 287 125 686 3 222 426 186 286 458 47 545 328 532 745 865 896 640 870 635 917 937 746 789 388 298 251 787 206 295 97 57 185 537 141 271 122 606 603 496 273 70 172 446 84 257 101 890 671 643 278 969 976 21 776 55 650 141 813 384 423 187 806 863 985 406 497 230 751 656 117 983 497 534 920 796 248 995 280 57 864 620 873 367 698 285 257 596 346 899 179 707 289 450 481 56 693 523 412 937 426 950 61 199 293 535 720 138 87 287 439 747 269 627 370 268 395 472 477 198 773 705 436 192 549 610 97 376 27 571 414 151 721 552 598 151 615 378 136 479 561 503 879 358 267 897 98 62 811 227 820 365 243 533 326 451 217 2 310 464 568 109 988 154 385 365 882 22 377 127 165 455 2 594 625 688 993 227 896 943 762 891 180 310 446 8 390 611 714 258 201 65 804 42 999 854 678 851 172 837 885 917 828 729 223 967 934 84 640 85 981 610 981 291 151 734 245 313 617 956 729 447 62 465 441 951 15 584 982 33 389 454 252 137 315 61 635 902 653 145 297 167 357 650 250 939 492 506 787 402 662 269 309 43 141 376 579 603 659 458 181 327 582 441 574 717 315 685 81 559 654 293 254 968 3 374 805 502 789 416 14 86 505 457 110 115 810 63 922 117 986 138 734 623 323 838 778 998 440 660 151 885 34 721 889 26 501 920 410 614 807 44 684 835 782 401 725 505 122 722 851 811 846 342 552 35 719 180 381 346 769 372 254 512 731 603 282 274 820 834 8 376 343 994 33 429 218 440 442 400 366 614 653 359 866 466 17 426 319 718 240 876 738 638 167 875 28 160 484 807 506 814 997 464 722 740 117 759 759 748 455 312 957 389 122 817 824 647 936 680 51 36 73 312 77 484 391
649
529 561 467 367 447 339 334 561 205 406 580 816 856 527 948 268 362 772 454 484 9 310 845 676 85 1 377 806 301 354 19 716 28 128 209 589 127 299 945 991 764 932 269 632 630 535 626 187 558 456 26 133 607 293 851 197 808 624 65 445 44 437 677 301 710 801 266 931 270 22 328 885 174 992 196 28 388 333 434 423 57 419 279 63 377 944 947 152 691 447 892 895 262 114 660 73 753 273 217 334 596 281 147 53 96 481 718 486 118 313 840 5 964 15 172 392 814 237 148 200 537 223 853 752 702 12 159 79 523 87 560 953 972 753 205 922 605 702 565 536 698 518 389 912 271 42 967 7 381 597 368 22 826 422 563 735 640 710 929 361 689 334 288 164 166 747 322 434 721 52 261 787 68 975 557 310 920 216 195 926 534 806 876 802 222 487 671 198 11 597 545 399 623 508 861 453 729 587 752 688 453 734 818 990 339 792 56 275 745 647 461 777 462 315 961 117 768 584 523 467 836 286 724 627 906 166 428 556 557 624 887 971 821 533 213 947 698 642 802 932 601 950 83 804 821 50 771 390 26 422 372 289 986 57 919 286 988 149 848 778 799 332 481 630 24 293 13 702 217 97 223 143 401 427 436 58 48 927 210 765 765 730 406 903 822 442 609 988 923 508 696 373 657 721 622 307 373 148 63 40 439 910 460 399 626 585 838 998 126 691 157 562 509 579 738 939 60 405 35 110 807 183 564 69 810 442 248 95 491 482 388 928 493 805 17 191 259 590 172 377 7 717 356 53 586 14 636 744 867 496 499 250 924 92 342 933 394 278 439 901 709 738 407 517 568 821 607 46 979 918 651 645 404 967 666 723 503 435 733 518 128 339 44 32 382 998 796 448 352 281 41 683 441 870 85 841 589 490 542 273 55 205 680 320 9 731 771 291 403 436 703 548 698 711 732 345 546 502 270 87 914 490 405 274 799 316 298 625 695 991 198 820 683 439 101 46 918 117 454 985 250 90 48 526 270 96 568 233 279 559 983 929 804 980 415 248 12 71 188 828 800 660 233 592 268 866 114 803 162 843 417 209 591 961 274 614 193 224 438 150 764 610 607 560 669 832 957 377 759 739 356 391 397 18 411 873 615 901 944 919 167 618 887 85 1000 68 314 17 603 580 900 533 916 455 799 144 818 91 571 590 669 979 667 906 251 987 558 22 83 184 80 375 190 506 356 54 867 523 691 563 578 236 574 798 831 852 394 939 743 91 6 75 142 497 929 390 544 199 753 904 320 286 572 778 326 816 626 830 64 408 645 802 715 725 291 977 233 238 809 395 200 79 854 211 237 872 876 559 856 599 550 488 926 949 947 107 248 353 714 398 309 81 886 825 953 406 753 302 660 448 874 121 612 959 264 222 514 421 167 671 723 274 533 662 443 706 221 883 331 552 783 61 538 94 972 850 204 993 810 517 48 854 288 760 456 447 917 171 690
577
316 386 834 92 426 929 638 922 533 126 76 461 225 470 743 532 271 585 238 773 506 870 511 404 693 118 945 173 689 226 124 211 805 903 568 501 478 281 267 895 739 328 772 157 628 549 261 255 138 703 159 604 341 756 554 571 456 798 227 695 101 597 948 861 507 286 164 979 900 322 744 790 72 226 332 638 919 579 686 526 350 899 543 254 582 124 732 243 94 682 543 578 336 323 321 205 665 780 188 966 898 705 545 672 268 85 421 802 756 633 605 397 133 944 774 692 127 459 176 345 559 827 231 337 90 759 780 293 104 912 848 557 423 140 334 899 272 595 174 775 142 556 599 819 349 939 940 25 737 186 441 222 305 163 913 831 689 674 553 658 939 362 671 929 320 730 559 26 745 792 912 421 213 531 959 916 394 212 921 575 182 50 794 469 453 505 583 484 403 516 51 940 606 969 312 147 353 977 235 5 720 568 831 147 661 364 619 110 620 374 255 217 207 635 417 381 516 388 536 394 636 482 304 916 195 118 196 564 435 423 464 488 729 960 929 355 710 493 71 256 307 376 667 378 206 689 811 825 327 640 865 756 408 132 428 623 372 813 135 79 570 364 523 508 425 250 567 861 810 306 570 129 732 847 71 446 534 313 227 115 947 477 388 62 983 311 359 595 29 821 811 946 157 393 209 541 641 192 407 662 395 261 289 969 750 493 808 910 800 366 123 312 570 94 708 818 464 636 924 665 882 412 320 951 998 151 671 598 999 228 490 533 672 509 534 114 242 531 67 480 568 962 265 349 247 756 708 625 920 618 961 555 139 146 645 272 675 826 164 549 75 129 121 1 659 911 569 775 383 299 930 836 322 768 963 753 810 531 143 592 674 90 69 118 123 958 315 448 74 539 681 50 848 588 952 295 113 564 848 608 883 199 909 915 367 113 5 504 136 352 826 286 861 376 850 778 877 779 188 685 96 309 509 3 905 59 867 210 578 65 512 267 687 713 993 239 903 50 657 162 832 116 798 850 67 867 14 117 571 726 653 405 547 396 167 504 225 16 210 285 683 643 869 772 750 708 622 661 182 204 148 415 412 873 659 165 734 99 991 362 274 780 811 4 737 496 502 155 388 961 178 513 890 642 794 268 143 962 846 636 50 986 300 296 922 683 934 751 877 233 200 654 159 61 855 454 317 904 582 826 197 597 372 879 248 930 961 738 694 582 237 620 61 991 894 408 374 823 630 355 580 569 782 788 887 690 805 787 154 894 711 285 142 216 888 878 922 160 212 843 845 564 774 501 573 261 60 28 237 405 840 535 188 80 462 419 664
510
492 824 170 673 98 996 290 387 30 457 272 922 719 114 879 223 554 909 423 93 777 514 518 861 103 856 675 967 452 525 836 880 271 652 305 719 756 63 166 467 707 664 474 533 52 499 391 878 272 826 807 970 888 860 397 97 356 9 937 918 218 894 817 877 231 774 708 162 941 961 363 765 60 333 853 728 23 464 808 290 559 226 744 422 86 697 757 474 846 725 329 838 165 353 385 714 780 345 955 688 486 784 964 730 554 824 902 816 729 465 790 36 533 206 541 489 684 579 399 172 825 657 74 673 789 997 251 936 586 675 149 292 756 979 944 347 85 70 593 902 520 651 421 692 784 332 537 49 454 624 344 418 514 803 126 327 978 44 101 207 476 341 939 667 436 229 98 899 571 872 248 353 967 69 363 130 241 466 719 92 972 269 340 785 343 910 878 954 34 34 428 370 520 591 839 706 46 212 578 208 219 702 609 760 566 557 370 991 363 528 474 911 700 806 565 41 879 170 665 910 291 524 900 184 426 89 757 642 490 570 836 585 855 830 269 513 244 396 725 787 296 580 13 343 222 141 810 413 652 77 326 713 796 869 256 626 795 191 918 71 438 837 383 443 670 543 879 731 642 789 149 126 346 647 756 432 452 692 147 819 657 540 255 286 272 651 449 758 310 619 950 749 277 68 361 872 967 383 645 525 19 993 58 840 392 804 777 488 3 242 612 682 246 206 421 431 127 315 540 809 918 376 584 316 772 996 20 884 132 305 259 435 137 596 932 426 245 268 669 63 494 891 477 945 81 121 852 229 473 657 421 342 453 219 138 733 754 591 915 938 888 673 435 270 483 477 295 252 348 299 839 358 885 744 305 202 41 117 137 920 600 143 356 456 453 439 818 914 732 602 239 782 164 310 797 382 257 36 707 170 748 492 474 313 770 125 754 341 17 375 629 244 517 112 340 213 909 134 876 751 500 108 53 244 622 19 686 9 686 295 594 722 448 958 833 660 719 633 196 723 308 918 217 64 51 654 822 992 314 133 810 505 675 74 330 111 859 434 249 552 612 839 777 124 711 568 888 605 196 743 720 233 385 815 735 661 574 904 779 670 381 879 878 344 69 426 511 46 41 793 137 248 250 936 130 418 299 854 732 237 445 568 399 739 97 222 514 938 715 973
760
399 734 184 353 912 975 588 116 111 571 139 577 731 265 957 453 498 713 676 46 11 757 10 124 110 296 452 790 33 707 550 845 715 487 76 125 774 175 586 418 553 529 919 578 311 222 986 869 502 895 750 761 26 372 383 500 8 53 618 606 428 731 172 627 593 387 27 295 92 88 448 895 188 570 216 269 980 592 507 909 396 99 479 83 10 709 366 775 92 942 588 667 124 438 97 904 214 698 394 93 819 426 511 560 47 443 996 25 227 806 611 394 388 493 474 890 487 636 419 1 375 601 108 600 773 964 235 376 974 918 719 387 627 948 508 75 957 969 598 522 561 674 82 788 898 602 486 346 455 109 450 177 842 233 30 934 739 389 377 238 552 842 210 432 358 25 782 767 442 471 658 865 618 124 182 334 427 564 769 87 906 884 766 243 171 270 954 214 202 912 380 803 921 279 614 275 206 765 277 872 346 793 873 348 683 463 751 717 284 698 804 508 520 389 782 485 822 348 410 663 497 100 949 927 446 508 580 488 998 624 250 756 919 665 504 232 443 301 345 163 926 392 535 809 594 178 374 457 702 948 398 131 37 994 191 486 616 564 280 537 967 16 205 854 344 277 739 58 516 169 910 802 191 136 472 592 349 486 781 345 97 121 394 702 805 742 366 508 873 344 345 340 832 681 438 424 152 564 990 763 430 180 155 81 992 226 948 921 528 713 842 241 199 288 932 271 945 857 714 346 56 980 820 747 798 300 762 136 228 118 349 650 945 85 599 305 229 127 373 283 226 526 248 908 874 108 514 621 842 583 123 158 986 202 805 300 765 676 828 141 190 612 64 23 578 289 364 724 938 72 386 873 196 299 392 350 493 916 575 364 892 782 892 597 573 355 652 373 525 394 47 659 721 372 795 221 314 600 848 889 197 874 884 633 270 57 787 201 271 38 984 482 826 275 443 853 430 344 876 71 275 196 856 958 191 7 879 909 63 745 30 320 403 844 882 959 626 410 685 213 670 850 200 784 498 820 636 624 459 589 249 549 341 792 133 628 976 210 98 17 541 54 755 422 480 495 155 113 328 851 450 661 728 808 582 819 18 948 81 406 5 796 57 143 82 650 209 13 46 951 626 955 70 131 379 8 176 41 504 348 701 213 953 802 539 314 471 808 659 463 673 726 928 372 500 687 841 678 608 218 115 905 676 545 928 641 571 59 947 137 457 268 655 355 529 595 139 853 300 618 367 101 955 325 405 196 228 87 93 900 573 8 376 499 687 715 221 576 550 632 222 489 392 43 708 973 324 344 989 210 169 194 986 588 894 694 415 651 873 148 478 152 622 559 177 407 946 636 922 906 676 242 602 240 292 422 288 568 880 391 558 498 823 261 98 984 996 915 908 373 968 611 385 97 626 309 878 638 878 468 897 287 479 151 492 997 55 292 102 677 413 812 719 181 364 953 74 268 522 131 6 482 142 484 407 887 39 404 73 487 123 846 893 127 143 862 211 829 812 165 918 581 169 989 104 280 171 721 330 572 955 119 654 321 955 123 827 611 480 901 715 178 82 870 460 132 778 433 650 710 658 279 914 801 903 125 479 426 728 566 418 574 635 973 417 429 684 835 691 16 517 706 97 500 11 278 433 471 340 357 677 856 778 504 415 122 35 498 449 133 259 5 152 928 600 319 60 646 610 869 470 852 941 779 813 475 205 351 218 601 559 434 976 689 521 711 526 432 657 919
65
967 569 31 65 744 836 85 956 893 88 790 530 375 999 351 261 982 814 181 51 330 723 970 931 954 910 598 512 138 457 938 115 519 453 516 754 784 331 457 480 942 608 109 387 177 290 276 406 484 499 687 836 799 732 311 983 847 978 488 408 614 913 341 693 31
878
578 669 96 127 119 594 644 90 154 580 621 583 806 515 581 135 930 804 395 691 753 960 83 521 617 851 663 460 166 533 964 325 153 757 64 423 471 883 748 805 880 525 554 113 483 899 841 883 652 670 87 989 17 362 660 488 308 411 996 472 591 234 289 14 907 393 946 280 142 716 217 162 771 53 566 69 556 944 821 319 746 334 854 829 747 937 164 468 826 997 638 244 287 981 467 769 688 175 729 386 853 661 260 602 49 549 341 689 592 508 593 990 14 66 185 532 75 2 38 939 657 933 739 413 388 975 889 296 785 686 33 356 936 250 114 746 957 387 135 410 264 710 734 994 620 696 953 476 759 891 217 979 190 270 814 542 165 38 448 370 950 18 621 721 572 252 697 358 46 844 359 210 190 454 886 369 612 324 456 996 557 178 32 228 256 575 958 62 531 230 198 986 470 835 520 964 241 906 909 358 343 153 899 586 794 583 121 588 499 845 41 416 732 499 438 652 712 415 215 453 262 405 393 714 896 915 801 97 691 173 294 917 950 282 172 296 833 192 585 258 9 302 569 173 241 956 569 951 796 233 648 48 320 772 511 629 816 771 267 357 178 99 683 529 249 566 932 610 973 879 970 468 461 257 504 563 929 447 625 893 499 178 316 791 498 943 525 782 659 278 462 766 470 761 977 79 882 212 937 602 69 395 355 751 60 50 192 898 446 80 74 609 223 89 165 744 197 221 650 651 806 519 535 473 934 684 118 997 126 818 391 492 970 191 832 550 64 302 978 893 47 804 526 561 854 549 370 88 680 825 951 496 646 580 868 383 375 806 808 875 230 136 319 453 238 380 904 676 780 13 664 665 11 533 720 336 168 77 714 519 138 804 612 918 98 406 624 620 204 667 620 938 982 784 490 114 436 935 517 989 912 944 752 12 263 654 244 633 764 257 746 229 171 954 233 776 769 556 12 118 553 633 587 369 587 452 146 48 67 828 395 896 578 254 342 448 349 493 653 717 539 371 785 630 711 981 779 89 278 23 714 760 638 358 844 389 227 542 694 242 519 21 39 622 204 433 188 817 517 160 884 371 567 630 100 374 84 698 811 200 847 622 31 576 446 162 103 231 691 770 490 744 94 355 986 687 707 423 447 803 42 159 890 708 264 303 153 289 915 95 196 356 394 616 188 94 768 624 224 372 819 515 917 489 2 890 366 648 208 548 824 27 945 375 738 830 607 786 425 312 284 827 115 779 112 965 778 660 949 822 681 253 20 909 85 738 218 8 865 957 125 193 121 40 549 291 904 332 709 151 118 529 65 108 266 788 608 23 764 728 170 944 40 600 763 20 911 370 83 485 111 361 857 831 323 730 493 488 321 214 919 113 499 258 522 97 502 600 746 766 4 71 762 181 62 706 748 481 232 227 531 277 814 578 963 714 792 69 126 979 943 717 82 903 879 896 468 522 794 615 178 312 114 407 83 858 259 195 249 850 587 350 729 346 789 123 240 15 676 255 98 998 831 498 601 349 426 62 64 88 54 61 604 241 826 889 74 385 98 488 944 904 218 272 496 414 864 226 593 651 771 66 640 164 929 836 495 301 591 73 452 622 483 910 853 363 537 843 829 361 167 63 782 259 488 555 617 333 637 582 390 14 535 7 47 773 125 141 662 93 411 557 590 714 790 309 68 733 382 731 428 603 90 377 737 130 292 866 529 602 930 189 668 245 525 250 506 666 896 867 486 920 2 539 477 691 823 860 200 827 666 918 634 2 892 738 490 493 719 768 19 787 632 849 459 368 320 560 614 501 668 531 117 602 488 751 252 45 261 859 295 16 320 211 856 425 15 121 320 866 803 23 691 840 613 129 773 184 833 799 370 173 309 753 119 297 421 377 453 881 747 15 15 535 292 594 335 151 630 705 577 29 239 663 18 331 946 497 922 273 376 91 939 488 263 709 180 238 265 165 488 851 343 695 518 134 249 993 887 646 346 636 304 357 10 451 892 710
940
85 522 92 850 410 473 165 78 454 101 518 720 979 938 96 625 637 252 759 741 963 617 9 373 983 836 982 682 472 156 441 367 447 578 68 583 723 871 711 846 995 486 939 655 138 585 166 67 999 320 608 115 11 614 43 848 469 755 404 663 975 506 495 683 537 70 852 190 368 611 277 26 64 71 84 410 492 228 520 614 643 755 506 820 620 228 412 944 471 621 611 507 307 510 175 226 598 933 354 782 865 349 16 646 124 12 107 425 612 164 183 880 77 920 139 61 721 466 453 643 223 560 365 89 13 207 231 907 503 560 702 684 371 490 133 562 782 821 970 426 654 417 110 787 709 862 834 971 497 446 562 104 251 530 619 409 164 552 419 445 945 225 616 773 182 271 37 155 298 72 925 596 885 804 607 993 723 843 426 53 30 704 288 957 69 261 731 633 392 587 31 921 317 562 790 873 472 360 672 4 591 148 7 834 285 503 597 614 607 52 900 275 516 579 311 278 538 134 877 878 328 364 65 226 2 736 521 480 593 440 744 188 549 346 578 188 406 98 377 118 957 90 504 182 32 118 46 768 221 435 358 713 450 53 781 749 500 767 762 917 767 157 826 444 843 453 299 946 229 959 128 27 548 465 500 100 766 535 555 364 935 185 20 741 621 466 730 632 57 234 816 74 602 902 508 327 302 23 846 159 690 864 538 651 548 573 281 801 827 156 896 274 871 899 565 593 205 446 63 401 796 133 307 143 267 886 702 593 42 893 20 519 25 237 671 798 673 896 145 374 646 293 964 329 620 314 453 842 542 868 537 945 295 23 298 193 283 468 545 996 753 953 184 261 794 453 336 143 558 878 109 457 616 399 894 14 379 264 721 969 535 767 813 672 634 476 911 351 265 620 517 32 99 534 979 218 465 443 438 326 642 700 557 809 100 977 243 933 265 255 574 294 487 694 478 866 26 661 981 949 660 605 574 934 847 875 119 33 901 744 83 193 396 305 411 407 985 512 49 336 430 668 685 215 203 600 14 710 934 207 223 595 572 484 228 950 483 640 745 145 162 280 828 862 425 326 135 375 824 362 803 261 1000 585 144 134 816 159 70 392 844 504 178 233 456 927 506 76 119 951 260 987 846 347 341 504 775 741 146 444 992 902 385 590 923 503 911 902 363 503 642 862 827 163 834 800 147 789 546 336 652 338 810 519 379 544 509 651 50 649 971 744 313 132 778 221 297 399 428 886 278 280 730 461 982 651 821 744 33 444 231 394 439 683 685 154 329 401 319 86 745 805 710 475 27 403 69 832 279 315 532 684 142 820 69 721 115 175 279 711 55 457 187 771 815 657 574 581 116 264 685 158 463 105 12 987 549 968 808 510 334 844 775 431 874 890 551 424 861 421 310 588 645 652 336 443 659 840 633 540 771 430 165 660 485 456 460 673 2 934 746 779 866 26 479 940 807 817 73 139 414 212 337 407 918 784 866 848 501 351 917 177 716 700 733 80 985 499 702 269 567 347 253 200 907 970 528 349 95 25 885 134 169 542 162 442 931 400 348 701 892 69 303 411 128 808 982 763 254 892 31 261 697 715 563 887 679 863 849 813 715 506 220 846 584 7 598 47 853 38 336 175 622 436 767 360 895 307 712 902 437 91 859 750 442 289 452 439 497 675 998 833 617 608 103 811 242 252 367 287 989 38 375 663 191 261 104 775 659 964 114 298 916 69 700 865 811 256 532 680 92 862 215 423 144 494 517 859 161 967 315 629 946 628 811 760 160 330 417 316 644 902 771 921 537 143 196 731 497 926 53 177 509 918 323 359 450 251 791 593 118 181 413 798 590 380 514 947 919 860 700 515 183 422 819 461 510 332 835 57 120 976 163 683 206 473 973 306 480 332 993 500 733 780 220 607 455 995 156 663 273 233 607 999 189 459 170 925 673 585 907 530 867 398 542 810 612 177 88 208 321 933 636 659 522 80 762 253 777 904 315 787 522 554 859 799 267 463 54 333 106 783 12 619 766 836 443 180 392 230 962 100 886 231 304 320 557 272 997 294 859 259 845 82 932 301 709 777 226 377 173 86 639 827 644 986 478 94 716 551 455 668 643 606 699 212 296 1 14 811 334 106 793 237 255 847 528 33 217 68
800
705 347 398 343 538 754 701 434 988 260 900 999 611 648 756 826 312 518 949 320 2 622 275 369 186 108 886 774 814 188 564 210 645 374 575 909 375 185 422 512 683 443 690 359 88 349 688 874 282 240 638 487 130 935 948 717 911 190 304 411 428 627 850 353 132 237 275 439 244 236 379 927 765 941 784 734 390 22 763 827 467 417 877 215 84 557 674 309 339 280 2 39 199 692 921 315 964 667 543 605 50 64 680 744 797 914 669 645 739 247 614 549 380 157 304 175 559 509 339 249 376 569 840 319 487 715 581 476 669 647 448 943 342 363 41 837 838 207 921 85 75 614 796 946 53 641 836 55 36 402 229 782 758 574 743 85 951 456 403 392 273 923 981 407 124 556 377 218 948 284 91 347 866 61 795 527 304 336 348 755 49 194 426 126 741 439 168 601 164 447 539 94 630 87 950 885 391 255 421 996 766 538 1 166 35 883 660 621 656 992 854 851 376 896 687 915 761 688 223 795 582 153 549 713 687 735 106 882 99 848 454 488 786 968 876 305 633 102 401 94 903 79 610 131 617 972 943 473 435 120 775 322 547 862 383 118 756 618 589 588 293 41 269 217 307 627 533 460 78 248 924 140 128 624 645 296 382 699 710 404 235 219 669 359 4 237 524 588 700 232 426 590 390 309 5 980 686 673 321 147 725 967 685 943 309 205 752 669 226 954 523 868 969 156 579 886 748 990 384 230 283 824 599 923 258 884 971 579 757 75 393 44 772 581 515 236 716 668 354 368 121 242 442 273 240 495 260 371 433 457 185 862 70 356 177 54 969 673 41 711 389 712 861 536 482 38 699 725 439 881 923 953 26 920 921 8 197 217 726 470 186 528 464 610 302 319 993 111 948 792 649 891 880 628 693 252 803 325 74 659 832 127 395 12 660 153 445 608 1 34 920 357 303 963 364 271 127 382 362 391 465 19 783 874 836 55 422 551 738 648 508 243 695 458 170 444 147 364 58 722 212 98 358 937 684 783 422 974 323 1000 254 495 711 941 500 848 951 787 284 797 23 848 561 934 632 516 164 529 159 729 231 752 143 997 80 215 67 879 494 924 823 795 352 994 649 684 581 743 192 547 630 754 930 814 145 341 355 948 340 167 786 634 743 62 147 758 14 238 777 649 947 310 430 616 244 970 467 880 522 982 494 836 913 823 1 783 762 826 509 837 496 894 65 505 758 181 48 761 721 775 233 751 605 348 323 912 994 476 754 257 245 356 5 885 358 337 188 771 216 268 778 876 483 313 154 20 36 158 591 102 275 457 91 399 510 738 791 64 405 101 187 758 456 815 945 994 847 539 589 384 838 310 64 899 801 699 899 341 258 124 217 535 400 266 191 927 231 884 240 397 685 22 832 555 257 95 677 859 306 778 503 246 494 895 916 863 57 42 704 131 867 592 497 672 842 95 248 187 394 749 555 863 437 604 337 222 446 160 496 359 529 256 538 766 736 848 348 392 243 919 528 625 106 517 927 988 436 927 411 598 422 640 911 404 581 614 344 822 376 857 571 495 493 650 693 402 751 198 591 395 270 487 895 148 400 168 812 49 385 418 146 639 252 253 157 715 732 272 538 212 764 56 839 509 404 670 782 499 140 769 765 343 869 473 784 168 178 522 850 933 473 219 899 629 109 385 71 291 225 21 809 371 783 177 532 738 714 975 192 94 176 153 266 833 245 700 75 457 97 237 206 1000 264 14 50 516 927 421 707 207 819 704 47 426 411 103 315 713 762 578 54 955 265 254 94 902 120 302 200 377 44 887 633 842 218 189 485 155 965 684
975
124 144 741 508 851 689 19 511 256 433 325 119 162 24 435 381 366 338 452 608 86 274 19 873 453 277 688 791 962 443 101 234 170 101 129 393 916 748 659 175 19 198 294 644 959 236 705 696 84 191 896 581 561 299 489 969 298 884 666 687 900 88 806 354 706 505 359 76 886 270 160 17 837 247 705 712 708 658 896 567 159 746 519 274 969 700 879 179 150 775 945 698 442 382 60 562 40 461 911 463 116 491 450 169 717 639 766 637 518 61 252 144 587 792 644 779 435 194 314 400 131 535 907 480 68 889 831 857 296 181 627 969 71 723 189 776 173 699 843 75 563 570 617 635 992 49 878 932 238 869 347 388 97 639 306 500 559 136 702 946 779 310 25 691 10 257 422 944 939 819 256 334 41 113 708 601 434 676 493 836 893 909 895 98 105 907 186 152 812 265 303 672 409 436 858 705 478 692 600 749 477 69 216 969 273 557 235 764 396 180 856 64 655 619 318 944 513 140 98 376 951 369 133 826 937 537 199 268 792 41 483 66 254 107 112 388 707 777 343 85 159 965 868 667 291 512 895 271 791 684 15 126 867 703 587 993 321 428 267 456 116 53 269 180 435 564 304 951 387 910 508 733 211 275 181 283 436 569 337 876 876 420 391 262 776 989 983 30 16 361 442 348 172 955 663 585 896 720 957 245 400 411 523 902 29 201 195 655 368 395 654 85 272 135 884 508 858 925 337 496 807 169 54 90 262 934 67 452 905 845 167 605 827 419 489 547 397 193 226 563 582 812 945 572 830 538 518 813 230 967 735 366 878 75 17 209 829 12 727 327 196 769 33 971 389 294 34 308 324 675 237 352 787 258 277 401 963 687 196 605 87 923 811 145 291 196 172 195 742 527 475 10 313 257 644 850 879 950 234 72 758 961 476 750 540 507 782 426 684 58 417 957 243 846 528 214 919 418 733 685 619 865 426 784 944 725 724 579 668 413 430 601 118 654 888 586 571 378 387 678 461 89 453 650 850 649 531 51 890 455 279 117 162 980 477 110 854 142 266 942 2 487 652 893 234 658 310 766 755 534 588 372 351 995 378 865 223 306 871 205 220 891 886 239 126 249 543 287 184 805 392 813 508 74 362 379 724 532 671 284 143 889 31 507 539 523 936 444 915 975 377 752 718 598 245 277 779 600 229 269 158 863 716 832 490 205 924 481 838 129 319 577 776 547 658 286 445 157 794 185 69 7 814 98 641 419 450 220 488 420 826 561 131 759 252 358 521 324 746 990 760 210 989 785 897 604 882 621 29 758 154 955 508 305 120 888 721 834 715 720 916 843 160 678 751 831 616 628 676 849 950 172 195 330 967 775 341 211 779 401 821 261 730 194 935 490 707 677 236 921 9 353 414 691 93 504 267 952 734 75 696 410 983 793 467 106 135 398 519 972 361 191 500 606 893 727 632 677 205 25 255 420 846 814 883 693 667 662 881 601 745 142 789 749 212 178 406 519 230 432 582 31 700 742 943 932 671 2 620 45 54 867 593 240 551 783 161 567 419 174 753 408 779 889 436 303 119 469 326 118 571 1 387 912 252 18 414 160 762 292 528 734 375 191 353 314 831 286 410 231 419 269 540 722 810 671 342 663 696 412 373 31 109 720 641 531 163 645 439 573 298 69 348 369 15 745 156 681 15 406 98 88 779 496 289 519 701 789 410 211 588 637 693 642 761 759 299 536 314 94 895 89 254 195 734 499 398 88 877 207 116 571 786 299 109 999 341 401 500 762 291 944 498 781 766 712 295 506 497 999 644 266 904 145 751 659 15 540 238 38 266 696 55 400 763 488 718 124 606 773 148 788 677 195 604 996 702 190 413 755 746 805 284 914 37 272 762 254 515 391 666 965 264 435 230 75 922 96 394 405 23 638 862 406 597 941 381 413 232 49 874 394 589 348 548 620 978 141 230 789 69 329 402 280 736 896 344 16 55 209 890 527 837 259 521 202 710 975 4 575 511 220 790 965 706 325 610 359 288 304 495 258 261 529 726 720 61 73 939 61 988 292 484 886 455 331 61 835 185 869 737 831 512 152 10 64 154 200 317 61 779 945 75 589 550 596 784 349 964 368 746 47 137 407 696 34 521 262 713 833 65 324 38 133 762 493 636 911 548 20 327 639 725 395 123 273 171 294 146 420 308 521 32 436 914 997 949 283 70 684 861 884 474 153 494
604
745 356 758 394 519 149 502 97 504 352 583 987 96 118 692 185 93 332 477 450 190 840 24 718 614 619 948 678 523 194 983 235 440 675 396 624 532 843 490 414 358 314 857 489 767 363 898 583 864 638 599 523 818 405 185 963 511 85 660 490 562 412 842 475 426 453 496 369 216 75 123 725 37 245 315 453 588 730 787 413 284 239 165 991 352 762 975 552 222 899 407 84 5 502 660 434 461 135 939 393 654 221 749 195 11 147 908 117 597 238 45 86 988 228 588 417 741 900 539 624 767 674 879 844 509 797 272 493 346 624 931 671 48 806 132 620 101 502 462 447 821 412 949 203 384 301 693 526 229 728 1000 662 498 111 324 410 160 701 878 588 205 121 568 581 283 268 936 72 946 276 461 747 750 501 78 105 666 17 465 441 565 270 803 800 264 605 723 376 732 191 888 629 890 949 434 574 132 257 778 618 537 29 541 721 137 297 911 518 482 822 577 24 18 400 846 124 922 653 758 863 115 540 628 782 623 538 709 576 588 288 849 556 198 447 785 820 149 869 984 681 63 771 314 566 589 452 173 77 791 178 417 174 780 506 720 945 325 419 237 54 275 97 593 65 340 132 878 479 649 989 671 966 910 643 254 118 707 587 482 404 352 860 319 259 55 504 455 251 884 602 324 756 744 448 189 877 437 929 773 499 200 891 732 967 293 15 218 682 286 346 114 662 403 297 529 333 166 468 759 721 286 641 303 165 318 361 408 145 882 241 593 170 257 65 856 366 372 787 280 242 774 654 761 807 604 591 788 732 300 559 852 514 494 141 981 353 672 745 471 104 315 138 903 77 551 643 419 552 168 456 416 479 553 921 587 561 721 311 715 918 568 397 268 565 690 527 559 736 215 622 552 718 38 806 657 391 274 346 108 490 421 948 30 885 604 577 417 817 83 228 915 836 142 135 438 460 874 638 253 103 199 950 982 222 890 650 533 755 962 725 861 643 454 235 94 312 610 656 963 578 400 396 998 906 372 364 991 504 574 171 924 886 246 955 656 942 839 879 514 789 167 69 800 953 231 22 287 435 483 291 880 761 195 993 100 431 282 842 340 761 207 356 930 188 109 28 546 762 361 507 956 284 478 652 459 403 19 965 443 207 427 141 789 959 456 382 305 175 317 130 799 139 744 656 778 252 371 157 976 151 713 888 992 266 375 993 903 850 346 902 197 972 907 106 980 783 160 112 379 850 872 746 703 987 832 299 875 650 804 956 892 650 345 312 439 604 380 888 127 647 344 55 924 382 940 399 96 178 915 753 568 71 434 761 430 398 973 41 811 100 542 741 740 82 809 370 402 618 823 769 792 221 979 303 666 507 681 927 994 435 91 148 234 501
315
920 263 968 80 687 975 159 941 797 996 194 91 101 187 120 181 211 348 240 919 573 798 844 658 56 565 493 698 327 62 606 460 263 371 225 579 721 199 84 345 915 845 416 200 78 332 673 997 177 664 47 808 742 92 30 447 775 894 692 507 19 209 176 180 956 18 170 297 150 73 974 827 129 639 525 826 707 500 275 382 588 681 982 637 689 335 786 431 201 808 804 130 820 255 711 900 96 155 444 739 49 713 780 882 687 770 987 185 883 813 290 223 760 988 329 913 963 874 224 625 505 735 631 9 270 663 598 58 64 724 990 864 953 109 405 839 208 257 872 555 294 33 65 308 736 536 866 330 23 942 227 529 28 411 471 715 859 615 74 850 79 315 751 833 503 919 494 441 279 765 44 772 936 874 434 44 792 217 358 937 419 710 128 33 255 369 488 676 227 28 226 159 641 573 155 351 666 909 453 637 462 511 499 440 985 227 240 882 234 867 471 831 351 911 212 571 662 94 534 414 819 990 294 838 26 906 8 710 457 965 29 21 182 159 120 808 337 291 17 354 406 82 834 542 844 632 428 534 271 414 509 937 650 942 789 754 430 362 846 310 436 580 126 128 68 481 84 136 564 676 692 614 131 733 39 439 636 149 132 785 527 744 141 416 143 142 264 53 934 550 449 224 968 493 975 852 385 783 938 662 588 27 7 327 824 468 12 368 440 803 897 176 881 652 12
702
664 180 769 484 213 701 898 792 941 101 277 860 426 192 884 140 264 64 766 618 519 613 580 624 12 778 139 942 312 28 451 328 659 748 678 288 356 633 804 778 728 369 475 618 965 726 598 919 503 602 352 702 780 798 71 923 989 21 810 65 279 827 37 906 750 516 380 541 296 632 947 460 918 60 77 44 713 332 494 426 78 242 401 187 78 529 184 683 416 386 41 640 207 855 207 442 281 64 226 991 854 428 775 253 77 214 977 612 30 211 540 209 417 348 707 753 744 177 158 627 228 510 514 608 68 694 963 821 30 801 757 393 793 485 391 698 339 12 70 331 796 483 240 391 309 449 96 672 899 15 408 163 558 146 967 50 527 268 862 388 875 878 987 342 224 287 851 755 132 925 193 813 197 263 704 172 201 474 784 271 490 835 89 734 123 903 743 22 634 852 393 680 291 309 546 980 348 146 517 122 445 672 664 183 393 124 410 804 550 181 111 631 726 558 126 14 785 560 698 918 655 893 398 134 344 127 939 929 180 155 70 982 407 450 741 401 753 262 326 103 853 560 830 223 669 840 629 260 866 128 728 485 745 430 131 798 887 405 844 577 367 640 758 464 935 701 870 365 467 889 509 277 646 133 410 265 137 548 163 838 190 988 708 980 652 253 85 484 497 394 941 623 775 511 101 143 245 656 90 284 652 91 232 787 980 999 747 983 286 266 907 537 581 295 418 853 494 206 618 146 732 812 722 364 931 2 474 102 944 747 930 704 203 939 860 942 403 74 655 438 168 754 702 647 805 862 95 579 493 685 656 16 963 253 847 438 276 185 648 420 8 287 749 905 866 819 701 390 691 239 10 911 865 355 771 391 321 324 209 58 7 782 469 629 813 527 567 111 533 401 655 737 330 680 451 897 563 764 973 105 509 679 149 775 548 674 665 877 475 909 167 107 647 868 911 5 53 284 465 433 217 292 761 929 70 655 362 177 508 960 994 224 931 388 37 955 604 256 707 339 221 547 779 933 262 245 562 890 385 99 988 220 944 251 731 695 111 621 905 742 583 489 43 216 489 482 393 844 718 511 611 74 158 158 281 476 271 112 194 246 832 496 896 224 777 134 579 448 217 969 49 324 23 874 435 430 855 343 821 711 159 654 126 506 697 3 939 535 889 303 232 441 419 122 433 666 344 623 402 879 853 591 689 654 353 569 461 732 486 283 15 625 416 741 749 548 145 815 915 163 977 376 543 261 217 619 765 86 138 834 710 236 385 66 739 772 989 638 628 69 652 449 531 906 292 593 429 130 443 63 855 82 820 516 950 143 716 997 866 928 359 280 524 839 485 426 20 702 226 716 237 284 728 452 608 923 188 7 503 134 705 214 544 724 302 854 884 709 795 651 825 884 643 406 632 818 582 960 971 902 771 63 316 323 790 645 385 532 922 363 220 250 456 380 64 305 160 487 50 654 586 583 36 54 695 39 695 659 595 359 407 538 722 892 977 174 625 565 701 277 377 640 317 366 565 959 623 282 142 631 269 219 843 86 369 904 462 116 789 806 984 201 144 159 466 135 470 602 21 492 161 723 629 901 248 761 235 853 681 971 16 337
233
240 955 848 801 603 476 965 326 936 632 642 833 155 481 470 211 261 264 398 890 405 163 141 239 727 749 333 831 785 69 792 869 84 688 782 842 701 728 828 154 167 622 28 719 973 893 574 131 406 962 36 477 745 597 503 846 753 976 172 420 338 178 353 812 655 637 119 480 871 949 100 169 338 262 860 4 994 179 961 810 405 457 92 12 66 142 845 568 384 366 944 730 650 677 509 422 193 897 648 389 939 910 890 562 251 485 629 247 663 322 551 175 650 238 170 402 819 597 107 448 189 214 565 355 984 523 702 103 442 36 388 922 514 765 290 79 710 801 612 250 634 777 165 763 214 549 870 899 908 779 535 943 310 45 497 221 905 472 545 920 927 441 325 330 86 545 658 418 670 76 726 510 273 255 281 965 875 525 106 694 451 348 461 835 661 46 102 247 45 373 292 395 363 713 162 972 969 539 10 296 367 103 102 864 422 27 280 390 789 690 486 265 853 834 746 946 662 335 561 173 550 21 960 102 547 108 972 88 729 950 892 561 5
789
14 452 194 406 664 315 262 543 351 269 893 978 915 782 191 755 872 331 960 52 233 719 204 570 808 27 398 974 864 974 212 121 497 863 45 199 476 893 964 767 601 108 271 439 613 516 233 811 102 209 781 103 540 562 736 582 905 963 807 27 744 28 842 812 209 480 261 533 660 143 981 496 416 791 305 295 962 751 967 862 763 347 996 890 150 759 990 57 841 534 234 721 685 253 270 998 450 829 317 97 744 793 670 924 292 761 562 474 692 703 45 80 378 813 686 606 450 551 409 434 810 973 314 469 402 746 246 717 170 482 621 791 407 83 373 292 65 818 319 692 653 937 757 775 829 592 822 477 748 183 830 694 652 450 737 467 559 917 835 85 731 220 465 89 240 550 599 463 410 591 527 816 362 144 833 676 738 497 564 558 831 10 893 306 2 8 95 797 660 847 802 575 428 477 561 457 374 148 30 464 361 433 68 275 230 885 880 81 521 663 582 634 550 93 25 92 96 935 11 69 959 842 150 903 919 872 502 359 275 880 69 848 840 114 172 467 573 407 980 142 315 412 415 723 272 676 790 414 170 781 356 724 102 554 856 312 694 172 329 355 571 946 901 170 436 956 145 153 676 250 485 989 179 32 843 78 868 202 595 137 62 521 93 267 958 161 3 347 85 66 205 375 145 400 874 215 562 654 556 993 810 376 726 870 132 305 170 794 283 946 319 47 465 295 743 513 778 292 824 148 689 306 881 815 947 185 947 228 418 405 331 204 393 994 472 948 23 972 244 615 392 236 77 903 565 507 394 879 536 933 959 693 132 475 521 410 871 399 440 564 320 338 809 790 901 267 883 513 375 53 994 982 95 494 71 802 799 636 342 462 474 800 207 719 176 414 800 458 926 614 536 274 92 182 172 903 360 830 503 560 319 289 950 140 950 798 303 963 544 754 341 990 952 906 434 281 733 249 200 366 298 305 480 556 271 3 564 522 384 738 111 783 552 474 283 549 399 927 561 373 601 195 928 649 25 330 603 665 22 978 558 746 945 466 400 221 287 11 958 85 544 273 318 309 472 671 965 460 10 320 671 931 733 683 343 722 321 111 546 91 151 520 965 777 820 497 849 653 809 814 367 260 365 495 135 746 151 179 435 989 554 782 46 405 261 745 770 549 805 139 576 85 758 910 143 837 516 170 691 806 526 422 682 891 299 474 789 442 787 428 742 472 544 380 615 341 425 428 947 688 584 251 340 765 955 942 288 875 404 919 126 52 178 873 867 686 397 367 482 725 293 138 532 260 782 604 540 702 500 499 478 829 448 695 277 984 19 775 611 33 876 923 410 942 704 651 735 186 881 624 782 355 841 893 79 333 175 392 741 818 718 612 417 191 102 654 237 381 509 912 663 108 71 638 74 346 787 558 452 891 234 421 912 103 796 339 176 812 211 518 458 680 457 267 842 855 556 339 88 423 465 361 593 145 536 239 786 741 630 298 274 37 974 952 878 823 511 705 810 515 326 776 314 554 376 277 811 282 673 981 503 180 25 667 626 596 168 740 791 405 238 223 521 751 613 646 9 982 877 749 545 743 416 243 24 618 922 925 320 290 426 482 399 546 170 507 947 553 920 553 30 545 948 251 850 245 356 975 390 166 947 228 612 347 537 702 784 133 302 732 704 161 938 172 823 234 704 347 256 961 596 974 970 181 18 617 684 382 603 810 548 48 170 305 309 647 128 349 890 516 116 918 590 314 551 40 278 58 311 204 728 418 354 444 948 328 80 916 485 530 126 665 92 716 508 658 831 211 58
876
88 193 95 196 74 579 413 943 793 276 255 573 443 135 992 270 297 301 866 710 832 574 263 574 850 149 654 370 390 500 182 621 113 198 180 106 835 635 477 53 918 955 56 305 395 547 614 961 743 466 811 627 376 290 58 820 807 990 654 706 147 602 364 266 87 760 180 55 542 192 698 753 37 258 76 316 874 990 99 19 862 75 453 605 623 746 186 798 53 546 234 228 191 768 906 134 418 163 15 425 415 722 58 170 456 702 545 865 980 783 122 415 685 192 776 131 153 169 683 911 690 288 176 366 193 597 376 987 947 79 145 403 302 364 342 478 999 26 473 949 150 475 624 816 940 462 148 924 719 598 852 333 725 855 228 832 518 949 507 126 848 861 304 283 10 35 628 554 157 646 502 307 905 115 142 499 658 300 458 911 438 536 412 881 810 948 616 607 126 555 381 32 363 123 931 78 145 307 934 7 888 12 39 640 529 282 70 848 960 26 69 146 694 561 16 406 316 352 916 254 225 895 304 637 858 12 142 31 307 809 523 840 396 784 359 990 143 799 19 357 868 451 642 539 137 400 28 102 366 855 213 835 929 56 327 233 419 862 458 807 490 422 633 681 888 901 734 927 74 185 720 758 448 221 9 213 200 392 681 402 654 908 954 347 440 215 26 500 526 985 792 280 805 816 742 731 482 610 17 376 230 112 185 654 987 127 668 195 650 282 586 815 155 969 808 45 898 744 710 330 357 440 770 29 189 884 935 422 354 571 133 469 973 662 552 503 580 742 394 67 467 947 315 293 280 603 947 642 811 161 35 891 889 976 480 109 714 3 607 713 50 905 565 333 597 166 399 234 273 40 846 379 760 849 831 738 758 4 716 461 836 801 1 445 244 125 614 549 909 272 78 541 573 515 163 947 681 638 77 651 203 111 168 715 884 955 868 975 536 127 344 360 283 375 989 541 399 737 383 440 402 108 568 497 243 972 414 889 242 651 855 470 965 196 847 458 539 802 464 817 523 144 344 951 301 319 5 545 761 512 386 51 616 102 874 78 243 783 181 879 973 819 351 559 988 17 814 289 62 940 726 853 846 331 897 257 179 235 438 16 901 434 540 392 307 130 257 252 67 646 723 949 657 68 792 212 846 34 490 252 964 385 367 678 632 12 31 346 704 992 873 756 742 706 565 774 199 600 274 995 827 444 760 537 312 456 427 119 903 635 337 661 973 77 261 437 768 529 787 304 859 592 423 638 559 950 59 643 420 717 128 709 508 582 751 555 837 42 759 835 149 111 601 28 208 19 519 796 156 617 642 317 40 592 240 230 522 160 250 286 112 766 986 899 518 828 192 405 202 19 992 887 224 319 819 900 406 66 153 179 590 313 157 863 979 138 119 777 456 497 329 412 674 581 692 878 275 24 118 686 422 697 136 793 883 516 63 304 548 634 376 701 138 162 569 943 730 214 342 754 945 74 866 716 324 86 812 258 305 969 193 289 268 971 353 372 128 769 130 983 312 311 824 131 62 510 390 43 980 461 874 395 916 631 801 667 463 653 122 699 891 106 795 562 127 208 341 538 964 52 379 856 228 658 805 34 767 797 853 87 305 7 84 729 32 883 89 273 99 445 907 149 979 310 378 480 989 29 474 909 863 44 358 732 115 158 77 403 615 648 336 190 950 469 203 786 407 867 370 614 169 845 105 99 824 441 877 522 5 488 195 496 554 421 91 72 126 600 408 69 655 678 485 987 801 351 912 227 546 940 740 91 718 164 539 626 968 358 927 953 90 854 585 693 551 529 339 93 535 498 571 998 770 957 954 306 161 890 522 709 124 615 212 619 206 958 542 991 940 853 327 750 654 395 756 240 779 231 980 764 481 259 506 997 102 537 999 980 349 123 762 413 925 829 908 642 708 213 759 547 663 249 953 814 270 491 771 937 550 716 552 26 162 428 446 161 141 642 8 834 111 361 999 518 682 1000 54 466 856 809 695 227 315 860 359 841
724
445 528 280 990 608 465 105 541 980 222 865 661 151 190 399 587 619 749 605 549 501 547 778 121 516 490 611 899 476 176 987 723 604 301 548 61 765 328 134 439 498 87 104 892 181 835 969 436 870 222 731 749 195 153 711 596 935 752 518 415 330 535 424 702 117 580 954 894 228 146 249 907 808 276 480 464 700 740 230 863 529 201 504 445 401 785 692 225 567 601 275 361 601 758 735 650 488 820 781 458 687 626 157 901 532 453 116 146 224 282 370 499 185 320 37 855 774 129 427 941 477 19 842 211 6 512 751 98 984 282 796 968 845 817 365 907 231 362 988 156 186 251 48 127 320 142 533 975 65 893 397 444 579 711 103 155 53 340 651 986 202 594 629 336 820 607 983 962 975 877 307 760 209 405 79 460 143 830 698 385 607 461 749 548 13 76 48 555 187 358 749 589 869 136 716 207 314 2 12 366 279 333 898 501 556 613 991 804 872 53 381 913 528 739 625 944 633 353 326 202 108 537 107 321 789 136 273 458 111 801 108 442 342 716 363 494 111 432 833 145 108 45 10 662 48 179 269 88 410 311 293 555 942 893 385 320 738 60 781 541 297 181 508 48 208 349 271 890 207 86 405 821 363 635 856 216 390 766 696 618 895 995 397 347 375 140 99 348 128 863 541 762 585 122 580 862 483 638 852 893 709 375 733 972 102 622 698 87 752 403 642 405 663 276 689 424 105 880 232 372 362 713 425 405 614 4 482 890 190 165 335 271 121 541 5 915 950 884 380 155 677 394 842 545 21 801 149 20 248 914 51 869 925 882 720 667 66 420 258 992 866 326 132 997 277 343 150 443 465 868 103 88 654 929 709 534 745 599 774 579 845 34 552 471 146 233 891 903 936 130 765 434 698 584 195 696 701 509 355 416 359 998 655 219 557 612 693 851 673 295 561 884 258 287 835 503 482 316 805 943 446 795 710 538 646 263 944 598 191 76 578 327 774 835 916 367 335 742 312 790 668 247 569 371 622 170 283 286 14 350 552 11 608 935 696 90 932 518 451 31 478 17 506 744 218 624 794 205 763 811 463 241 251 752 318 598 954 964 853 461 213 628 608 913 195 159 330 211 478 146 417 370 726 648 931 675 83 22 937 933 492 53 870 452 200 671 864 671 523 857 59 492 451 370 897 802 837 657 636 896 949 936 608 526 530 744 948 178 50 528 634 600 268 146 125 975 453 695 774 749 624 179 295 395 998 266 138 746 481 652 448 425 468 856 900 34 867 489 11 802 824 527 158 202 278 288 939 495 356 689 358 52 85 696 696 342 625 637 349 747 518 386 390 438 868 651 653 460 58 168 250 1000 575 450 248 689 433 327 382 341 343 785 813 842 738 408 889 861 121 632 14 663 551 413 579 152 929 929 1000 732 933 26 405 586 547 535 746 638 187 49 74 705 397 467 423 326 286 626 572 738 435 725 860 744 528 324 818 82 523 668 318 527 734 194 986 846 294 702 503 527 715 228 610 705 57 935 678 833 966 45 279 280 854 12 109 98 987 241 705 75 233 636 741 449 560 656 16 358 373 768 670 156 205 86 879 514 668 231 948 387 945 934 415 268 366 464 145 722 193 559 222 531 785 391 601 346 840 249 870 83 119 64 562 450
