276
923
273 677 992 776 124 493 919 891 740 73 662 796 888 759 332 475 877 683 392 946 829 551 980 249 784 415 404 511 247 132 538 690 978 755 73 723 176 52 766 869 610 37 162 375 423 398 377 727 697 511 741 456 129 628 952 161 582 593 209 326 23 599 275 701 986 291 295 785 559 179 699 265 347 331 280 362 55 85 264 909 904 984 602 762 562 451 589 845 587 237 767 929 491 713 716 632 823 849 627 529 742 682 912 326 202 694 242 345 460 156 920 405 416 400 276 225 558 233 616 940 314 4 433 461 307 796 650 667 288 540 574 273 254 773 325 738 957 105 352 675 145 461 54 696 841 454 258 876 872 589 272 33 705 783 807 978 453 685 67 584 160 269 804 655 91 758 55 979 147 667 840 88 337 999 121 741 299 155 363 70 328 777 57 657 364 969 556 674 225 952 644 752 117 455 621 723 348 255 658 866 249 158 694 471 56 25 497 450 769 87 899 494 483 81 485 807 572 120 407 417 264 988 75 82 579 483 4 343 381 958 451 76 509 496 31 421 910 101 935 511 399 282 972 16 656 318 314 507 260 481 261 815 955 528 99 206 331 810 105 479 249 700 449 854 292 807 947 822 11 920 62 209 891 310 653 55 810 84 920 621 177 224 707 55 890 379 844 12 863 395 77 454 613 868 323 671 794 287 886 440 164 967 733 689 317 493 689 833 264 16 619 919 207 881 291 661 531 959 246 336 79 634 122 323 281 399 861 210 6 691 655 521 551 925 697 262 751 189 350 591 54 788 188 878 841 469 977 813 685 936 716 923 496 214 704 608 301 203 975 991 655 782 915 929 878 818 835 837 402 790 16 510 702 122 172 709 241 599 69 785 823 529 459 846 85 301 876 984 98 439 651 891 769 246 894 308 988 907 504 142 204 78 936 393 532 953 271 244 977 420 880 274 304 223 349 967 729 218 738 741 381 100 909 9 559 872 395 304 240 52 483 18 977 336 596 587 595 792 785 746 2 250 797 285 558 415 356 885 32 866 781 162 869 538 740 676 941 182 554 134 915 926 733 776 498 722 530 254 141 896 219 627 565 712 312 723 459 810 31 619 147 133 955 770 442 495 807 662 932 537 59 297 40 900 166 579 960 216 138 657 851 655 591 932 732 798 917 229 865 323 157 603 410 651 916 17 107 301 865 96 347 839 612 335 916 595 774 86 450 264 439 616 786 363 546 721 861 400 417 635 371 998 162 543 439 565 625 222 702 778 480 176 98 246 918 913 936 140 887 101 877 100 18 765 416 612 370 420 858 398 727 869 323 983 240 626 697 746 612 285 186 383 406 562 462 759 274 718 975 181 924 824 766 893 530 372 617 222 193 627 944 499 939 45 502 710 102 240 7 547 665 267 828 538 528 295 835 536 332 991 873 350 441 180 125 94 610 269 442 683 805 715 974 790 443 809 36 11 161 299 282 407 68 528 808 126 348 404 361 775 988 821 939 681 276 714 477 812 374 703 424 106 859 459 60 779 911 678 812 312 152 855 51 59 35 689 177 200 428 43 60 318 128 331 4 751 49 258 19 160 354 526 322 4 756 782 972 193 763 65 203 33 75 610 523 917 1000 161 704 414 788 939 381 750 337 666 425 78 964 17 652 44 605 524 892 891 275 636 268 634 782 850 895 55 145 311 594 262 53 337 758 399 94 395 553 680 594 297 732 562 37 996 525 936 918 192 481 69 408 462 854 149 410 721 612 600 809 561 24 349 795 929 174 143 798 607 318 123 303 352 882 721 327 253 816 245 183 26 306 664 912 506 115 934 949 799 428 293 639 6 392 901 681 459 691 397 711 969 484 914 15 433 766 340 935 465 704 556 735 862 670 789 362 1 11 656 557 498 1000 232 300 961 674 916 708 205 759 599 37 595 787 469 937 623 67 44 211 909 564 640 495 716 306 385 795 676 464 911 147 957 811 529 786 648 3 882 830 265 208 936 678 852 398 765 763 222 448 557 273 275 57 881 542 726 146 540 838 96 138 892 326 453 40 1 808 172 120 999 121 160 729 646 941 851 317 463 784 766 233 599 791 193 737 398 765 131 811 672 260 859 149 592 255
284
285 793 753 303 96 231 719 859 696 492 146 40 481 924 547 477 244 528 564 391 182 67 784 42 350 875 564 791 29 845 842 197 430 303 201 810 965 676 701 433 109 331 510 898 618 240 36 245 843 991 564 872 159 351 158 199 355 582 641 291 417 49 801 950 183 255 811 478 94 872 263 211 13 470 25 661 396 391 421 170 222 918 120 713 19 710 754 834 149 136 131 251 819 652 387 640 912 127 534 256 857 924 510 672 420 884 735 198 988 586 220 401 717 369 469 23 497 617 749 358 959 280 847 27 842 757 647 485 327 30 466 927 813 855 469 271 620 545 832 574 8 981 857 580 547 109 132 503 523 750 727 459 285 50 861 706 29 452 164 732 985 996 25 953 189 588 262 707 458 292 412 127 491 809 759 815 947 826 996 508 882 665 650 400 167 617 502 627 107 432 30 762 591 309 104 580 37 498 126 700 781 76 549 992 145 636 873 357 321 461 665 671 395 767 270 97 340 350 878 925 656 691 813 329 398 981 577 336 480 592 161 558 857 434 244 847 893 897 251 478 678 780 225 128 43 176 813 330 855 169 126 238 173 188 567 863 427 174 184 551 549 445 402 273 521 637 592 676 398 728 631 390 312 931 638 97 973 438 203 376 87 428 833 396
579
381 152 929 644 77 264 359 198 465 412 553 584 599 831 600 150 155 35 674 607 372 163 179 994 558 740 666 806 342 164 630 207 539 593 969 448 428 979 419 523 556 323 846 891 284 579 300 196 421 425 940 315 125 487 103 339 884 912 843 189 731 848 88 849 561 295 38 606 82 634 696 602 866 678 865 472 541 168 299 548 623 309 318 110 712 869 665 371 124 480 512 914 440 487 295 103 406 940 528 104 586 34 473 640 724 122 581 830 458 412 558 184 1 115 633 634 621 756 979 90 72 628 792 787 465 473 639 339 870 60 865 497 826 412 449 456 961 989 133 804 89 792 895 204 257 374 922 353 224 932 414 92 315 449 138 649 752 830 806 708 92 905 193 464 393 470 39 209 68 346 159 561 955 441 853 326 890 232 2 318 97 284 79 793 821 77 708 577 630 591 437 774 837 891 379 465 392 937 96 974 577 269 346 905 175 325 273 82 694 320 389 553 465 820 903 895 83 537 734 430 975 261 410 962 649 481 287 894 686 462 502 359 176 367 182 441 21 619 3 790 527 2 246 316 305 161 809 117 569 900 986 760 330 103 473 827 900 21 223 374 400 819 254 60 664 453 58 49 543 424 572 121 863 466 113 711 56 748 441 356 983 40 502 799 190 120 218 330 900 79 898 687 360 676 6 878 223 89 413 318 269 244 612 726 467 910 903 245 473 195 450 442 451 394 484 394 152 853 201 563 109 764 1 493 375 825 818 67 889 409 566 944 944 805 635 882 520 842 636 201 913 673 699 79 132 750 550 97 956 867 792 960 504 66 441 687 713 22 70 438 68 89 607 703 122 430 994 183 493 957 711 738 82 373 484 311 460 819 963 532 820 684 126 767 809 173 658 693 255 448 704 950 271 681 848 226 443 36 541 320 71 170 635 7 422 942 916 630 461 300 520 80 457 337 391 192 544 444 455 44 325 671 586 311 139 788 679 452 12 406 665 213 85 182 348 786 397 89 838 904 588 659 988 638 982 887 501 31 458 211 910 747 563 215 431 228 207 229 311 943 82 390 215 420 57 686 122 395 316 60 661 26 848 699 367 210 195 276 748 374 518 184 829 463 263 418 636 310 409 724 185 538 153 525 293 689 233 197 759 862 894 91 341 78 373 755 375 296 716 575 742 378 589 269 724 110 605 298 58 151 104 695 539 648 322 409 511 804 143 814 773 226 663 336 305 281 812 735 511 465 718 87 826 650 252 914 725 908 263 360 748 258 708 368 514 571 462 292 531 286 978 662 529 966 191 58 884 978 790 646 580 407 760 776 548 303 159 472 570
483
428 125 968 999 533 944 861 265 998 636 699 391 394 69 969 292 714 852 103 285 381 751 738 476 731 364 287 367 331 896 401 159 457 147 675 30 352 814 956 842 249 321 938 551 309 992 490 264 323 726 875 430 271 774 395 317 117 343 179 69 295 112 248 89 909 91 208 151 449 965 784 159 549 274 820 568 99 217 608 519 153 11 465 290 819 57 383 276 329 998 592 207 524 541 342 131 225 651 758 725 66 607 863 673 771 277 5 309 752 620 807 590 19 346 917 658 791 186 356 475 96 97 495 984 782 732 330 646 320 87 5 837 554 719 944 680 532 207 358 414 974 7 326 503 39 567 110 618 831 641 680 590 877 485 65 722 986 363 558 861 799 451 515 242 667 767 786 321 359 834 663 107 178 924 354 911 732 602 770 47 968 104 482 530 146 368 867 606 887 127 600 80 927 611 107 524 693 350 313 482 432 990 559 202 294 425 888 575 959 351 901 469 873 59 487 706 990 553 188 740 989 65 730 853 518 481 249 522 717 976 897 760 908 453 512 826 152 16 514 551 1000 672 241 229 549 234 254 910 727 890 357 472 753 742 485 725 822 812 370 965 197 934 899 137 21 61 360 512 506 211 506 336 182 392 212 846 463 665 635 297 159 45 498 17 971 662 514 465 504 27 198 370 806 305 570 205 109 686 342 837 122 849 315 536 761 215 625 87 61 865 714 53 492 101 794 888 287 710 369 967 210 987 574 925 313 482 349 793 612 63 186 639 623 348 267 329 780 117 876 268 860 925 244 959 486 245 431 185 127 497 198 266 664 149 406 68 95 22 827 631 847 609 204 145 530 118 900 597 973 999 220 68 196 230 690 900 309 646 765 948 320 21 439 755 262 451 625 636 207 656 838 410 6 948 642 84 215 505 635 962 935 470 352 238 937 167 62 309 797 720 551 911 140 381 802 198 102 584 262 748 506 415 74 446 419 963 909 918 132 432 923 217 312 453 459 85 216 641 919 517 33 644 522 856 164 574 380 900 319 577 355 325 590 719 555 394 120 524 154 578 106 119 287 540 560 206 330 607 468 235 703 503 804 929 19 763 189 186 261 679 733 816 764
117
432 549 772 982 638 60 559 862 805 542 712 985 676 860 761 75 235 108 265 672 328 763 665 182 242 204 584 811 494 335 177 52 893 457 412 543 836 692 810 253 54 187 651 978 171 822 386 709 478 657 690 12 963 619 660 941 963 350 615 711 235 628 83 401 472 720 934 502 716 243 348 770 975 628 519 674 261 133 513 456 188 399 482 392 839 980 929 759 694 668 340 680 687 314 733 259 88 893 75 942 465 422 542 21 120 9 611 479 364 57 455 713 287 310 516 912 708
948
431 700 963 187 699 904 101 536 367 355 568 259 178 956 806 74 799 273 678 836 924 683 753 202 43 396 650 899 40 632 976 380 138 807 934 693 915 418 586 740 102 596 405 91 241 698 464 792 153 164 442 167 685 384 459 466 168 60 923 992 63 757 984 302 319 107 188 37 47 419 480 163 284 824 129 57 702 394 717 1 983 68 681 6 338 997 586 515 17 322 754 211 311 601 679 171 225 1000 828 909 508 92 666 548 547 214 116 865 341 609 954 892 979 416 540 691 892 817 11 111 78 783 233 283 718 902 242 143 902 200 875 460 346 328 501 851 935 823 581 739 82 32 862 826 386 818 397 872 618 278 283 213 468 130 366 385 462 760 525 497 899 491 157 609 898 770 823 718 109 267 379 935 27 378 672 340 497 193 674 733 268 678 565 20 406 636 632 106 887 677 648 248 76 18 714 29 715 513 878 128 971 709 267 647 728 501 382 468 700 874 9 804 472 952 830 559 590 921 509 466 846 725 276 926 147 515 505 964 527 442 492 202 704 129 702 737 453 581 327 126 360 808 578 33 968 993 812 986 59 837 807 916 886 998 568 84 447 558 488 751 772 50 655 135 664 926 764 545 494 921 745 854 931 375 355 204 106 659 447 253 775 846 191 829 454 960 674 80 85 266 43 901 108 992 341 342 723 824 398 711 921 343 969 248 395 791 305 349 150 915 552 568 77 969 457 63 203 156 495 444 541 719 476 542 888 232 43 901 870 173 318 501 669 267 39 144 920 98 936 78 328 496 900 773 728 101 843 950 350 49 726 682 167 687 372 945 352 22 87 681 226 51 245 385 345 466 305 770 885 517 714 380 840 252 394 245 834 269 37 827 222 271 97 744 911 335 730 378 591 224 30 708 3 366 706 437 108 843 26 240 379 778 640 814 248 815 245 486 114 249 547 946 288 242 325 47 623 189 244 857 687 476 274 127 562 113 599 223 519 930 622 180 787 266 317 580 525 262 719 147 884 239 128 9 290 67 699 396 330 844 137 422 308 41 264 463 892 849 788 667 857 13 594 312 766 370 549 864 436 428 771 179 99 695 951 914 684 355 537 385 983 937 335 397 510 761 242 140 329 557 948 478 506 237 914 532 18 51 518 840 866 798 366 620 570 599 293 467 69 710 163 690 235 281 602 195 348 875 460 560 668 871 217 534 175 714 437 447 807 695 898 411 811 556 716 272 616 43 547 617 142 550 899 520 974 57 673 815 476 637 571 228 538 767 12 415 379 984 513 696 354 351 992 283 721 640 998 628 918 430 208 778 883 429 123 294 820 656 669 719 390 149 799 721 599 46 43 714 194 718 885 769 503 714 158 702 583 1000 400 839 174 68 745 955 192 789 650 126 617 649 555 384 61 578 459 363 243 753 800 952 589 438 322 925 545 698 718 826 17 116 397 831 990 788 611 24 827 863 768 524 607 653 524 136 554 735 626 999 565 977 653 706 252 174 805 457 473 166 234 114 627 34 628 278 329 1 978 801 147 529 981 657 364 189 180 727 314 610 105 482 203 6 965 793 507 715 459 781 697 435 981 377 600 799 633 401 135 292 331 418 465 279 4 995 288 326 604 497 700 364 915 555 865 549 662 522 678 614 177 286 152 247 311 57 5 161 17 799 756 388 604 867 631 745 619 442 72 145 78 655 980 584 42 745 703 823 504 727 837 259 377 558 810 606 175 868 618 68 19 718 4 143 734 324 763 205 966 874 586 47 306 676 307 588 79 812 380 339 97 994 385 22 644 777 87 365 307 986 694 161 714 400 571 669 492 943 73 645 253 566 145 286 262 641 81 264 586 907 869 930 843 653 384 940 259 304 89 930 968 738 221 884 765 69 166 31 953 898 294 354 383 296 74 979 816 326 255 302 848 820 805 791 54 975 112 756 225 588 468 336 180 265 821 390 971 250 280 480 619 399 195 72 26 2 467 446 935 67 909 178 117 874 68 278 469 276 80 210 637 695 349 470 806 555 460 644 435 307 120 234 738 209 966 167 703 775 663 58 543 39 696 453 638 724 98 211 149 641 946 753 546 623 535 281 46 716 827 167 964 927 332 207 784 488 75 781 182 896 579 411 723 58 838 387 944 467 810 325 334 867 939 390 405 994 173 634 868 322
439
462 922 995 633 631 444 962 525 445 419 909 690 952 800 300 620 798 814 903 342 358 464 444 821 573 121 694 136 543 413 39 527 278 605 463 389 164 929 442 194 203 32 794 996 802 81 376 38 592 48 586 784 743 412 942 868 722 914 640 471 480 599 193 606 871 278 886 217 807 213 40 117 171 293 91 719 689 935 963 551 271 191 560 482 133 859 17 886 678 475 168 494 70 389 45 762 354 715 257 757 658 827 169 207 659 803 143 928 566 600 237 541 624 603 45 558 99 474 946 369 460 233 886 12 657 70 780 451 897 674 359 724 289 518 591 83 950 822 699 207 596 934 19 424 412 552 501 441 896 912 613 643 217 865 849 796 370 213 519 888 361 16 26 523 304 424 838 688 673 467 133 654 707 713 614 304 179 43 506 115 769 431 44 819 420 800 534 312 753 327 115 800 130 645 211 288 134 447 54 127 934 707 403 543 692 559 684 984 731 262 746 772 747 142 555 558 159 224 435 110 164 619 975 358 193 902 901 614 482 677 733 307 883 853 328 675 467 470 793 434 961 838 454 477 586 732 452 362 974 604 184 807 342 565 952 351 635 593 940 478 264 626 604 1 732 45 947 482 981 608 567 239 216 820 915 714 427 152 705 5 477 832 897 147 598 581 637 189 649 941 56 42 162 640 560 165 42 64 953 2 43 275 150 262 493 656 426 238 361 297 299 683 834 475 666 527 369 938 233 977 199 229 286 953 303 529 949 709 674 645 129 132 761 767 41 450 888 266 825 407 983 34 371 161 444 541 519 751 43 133 877 530 805 304 22 224 287 966 588 633 733 70 598 193 511 604 202 575 73 307 694 3 689 518 512 278 939 463 488 445 497 924 847 461 290 608 748 8 5 327 520 469 726 820 676 346 250 484 105 450 202 869 703 6 403 395 378 29 208 450 158 893 626 437 788 651 286 63 352 79 310 729 753 980 54 908 697 376 622 836 628 246 149 132 42 596 900 432 216
941
841 659 104 143 198 818 467 6 565 171 200 552 640 648 259 106 327 17 881 660 220 314 599 57 911 524 910 185 819 407 711 460 927 163 542 762 931 848 651 322 900 13 12 511 163 948 125 902 676 669 752 851 699 152 739 797 512 35 809 150 916 840 151 5 819 230 910 43 829 629 955 750 111 922 763 332 292 947 621 823 188 435 306 625 96 661 866 622 510 549 580 446 164 747 425 935 308 881 846 129 722 831 324 49 256 295 663 223 514 41 331 128 566 504 770 641 911 248 88 849 467 276 674 441 209 837 266 463 737 158 250 420 122 887 828 585 467 452 443 829 243 196 216 834 882 563 869 244 278 132 584 414 973 305 450 395 960 323 458 62 772 657 873 755 893 635 691 675 265 277 858 414 113 742 900 911 508 635 87 29 503 533 316 112 760 647 189 283 372 477 907 990 667 890 433 967 974 803 104 962 978 581 126 584 581 770 452 877 744 586 253 903 537 809 960 441 711 76 39 480 734 557 720 881 210 601 108 299 901 270 378 15 105 664 868 858 301 860 973 512 267 55 605 588 439 792 254 786 795 324 443 393 766 296 645 432 899 39 664 856 653 355 825 463 413 491 26 968 70 955 1 800 165 294 69 819 77 183 532 676 815 56 339 241 423 552 276 169 161 174 721 783 617 928 290 845 733 226 483 396 720 241 450 605 618 470 50 15 95 860 279 833 378 349 763 473 236 537 586 24 444 448 179 4 763 959 665 835 22 51 187 635 39 669 205 31 35 472 668 906 243 645 398 333 695 93 630 845 203 55 650 980 501 584 289 208 978 547 560 657 427 876 557 477 872 966 871 816 988 262 668 335 896 536 182 289 277 398 246 41 406 925 514 761 651 66 144 971 306 209 406 887 671 433 363 256 364 169 779 296 481 258 540 497 229 919 896 149 680 532 837 602 731 465 270 507 813 362 854 563 126 789 482 409 660 749 258 403 74 821 748 182 215 145 129 589 649 304 976 223 899 939 761 946 403 345 16 84 462 723 165 856 333 130 375 902 850 743 743 46 188 783 903 493 971 227 538 725 2 55 499 894 130 784 527 652 119 335 339 807 739 920 509 730 261 965 381 96 457 276 946 831 550 298 418 882 166 44 74 931 881 335 717 498 284 647 48 485 347 499 682 991 960 529 994 528 517 506 936 243 664 860 518 908 915 437 92 529 298 101 795 258 846 952 835 66 869 635 836 238 904 498 371 519 731 410 968 22 476 785 548 265 185 143 831 124 24 27 181 962 440 951 791 79 225 369 971 187 425 546 721 553 627 283 342 235 162 810 438 250 200 41 938 484 23 463 492 245 528 789 508 648 744 895 785 388 48 990 308 333 844 950 508 880 44 449 882 967 598 136 309 249 654 336 321 886 377 256 669 983 497 695 180 364 966 904 388 464 219 127 683 148 886 551 599 891 428 917 28 147 108 816 885 269 322 557 848 888 152 756 497 500 648 292 151 332 113 393 880 155 692 160 338 605 569 587 423 304 297 17 142 323 346 48 855 190 707 413 224 75 564 658 455 383 618 359 226 749 162 404 888 567 129 88 71 961 931 93 398 357 295 547 905 350 733 106 534 624 398 83 916 535 36 131 26 938 427 307 444 435 17 623 856 13 997 529 506 832 74 775 642 104 76 862 510 896 456 860 815 781 475 854 327 930 858 777 901 739 591 963 22 160 238 428 958 565 581 26 650 83 662 315 468 330 523 983 328 105 305 690 576 981 111 651 459 869 699 861 852 107 369 746 158 771 605 512 928 445 498 292 504 515 302 902 46 137 564 462 813 65 679 117 745 837 524 17 86 749 257 542 485 796 727 894 321 653 566 81 73 889 794 537 203 798 896 98 31 208 382 402 479 958 84 859 647 1 525 766 410 381 241 385 416 137 890 753 339 160 33 16 630 541 828 126 454 753 370 149 404 957 709 376 737 817 986 501 165 800 774 990 454 595 17 622 716 853 377 405 99 7 309 421 37 938 160 3 997 959 318 111 447 929 430 734 970 422 526 141 692 876 956 101 819 868 4 526 278 597 539 497 74 101 552 261 866 254 632 514 868 355 629 89 924 50 104 83 173 287 164 206 959 475 416 268 629 467 414 915 936 437 22
250
492 45 210 398 237 215 962 259 560 253 321 384 128 775 266 888 748 187 446 23 282 267 942 848 531 49 68 696 308 610 222 523 742 195 339 968 366 722 5 701 998 289 825 418 577 782 222 555 147 927 293 579 802 966 951 530 689 372 585 825 230 163 548 911 830 760 215 669 981 617 594 622 327 753 699 346 986 210 629 396 814 485 350 835 165 400 514 141 808 695 110 554 781 736 919 485 287 441 654 853 175 28 125 32 154 178 278 401 849 218 693 87 95 430 917 244 970 54 696 761 803 663 199 698 261 702 734 318 57 279 820 909 79 292 786 602 51 194 730 833 294 958 389 914 424 146 461 51 319 564 965 453 854 561 586 139 638 390 346 15 986 730 326 565 193 729 430 705 952 605 945 501 474 437 716 286 402 885 761 10 873 721 156 252 309 791 661 754 607 830 835 211 202 420 991 387 284 421 757 5 103 86 192 67 193 650 157 767 577 954 9 856 277 7 405 51 776 742 947 269 191 204 481 604 46 98 415 935 157 1000 367 153 185 181 496 69 818 705 558 47 744 542 273 969 287 507 567 52 229 869
238
722 379 315 543 734 432 246 85 157 130 752 908 896 389 134 377 15 302 829 663 40 170 619 202 123 821 324 618 38 524 623 57 991 512 510 633 916 678 908 782 932 171 316 809 441 586 665 519 678 609 74 222 345 460 224 450 407 5 36 760 801 895 638 987 500 126 801 961 497 638 508 903 400 131 661 409 177 866 884 385 517 172 724 977 605 178 845 649 761 263 491 571 978 335 254 221 905 728 758 419 633 115 228 723 916 695 500 950 593 935 112 877 144 886 307 797 445 582 475 647 481 69 501 329 609 493 210 720 449 871 67 121 173 887 340 393 323 664 189 283 384 132 325 907 667 367 877 877 463 12 544 641 990 124 69 888 794 185 846 515 522 766 705 221 925 939 12 98 673 754 394 697 590 129 445 230 470 946 753 576 394 290 390 480 62 587 705 40 867 787 691 73 451 721 881 224 798 327 778 704 13 325 897 389 442 10 296 893 530 848 686 217 276 772 483 665 17 325 119 412 782 427 334 523 509 264 551 484 886 193 63 92 29 510 744 652 295 441
932
604 487 442 987 441 766 436 36 919 410 37 500 973 55 61 334 526 44 830 93 687 129 899 294 345 108 135 883 857 681 524 174 346 58 26 584 639 20 188 522 16 566 913 826 224 441 549 631 888 224 473 864 292 842 562 542 312 157 587 574 5 943 360 975 843 6 371 53 950 755 404 592 712 444 161 254 636 719 122 12 136 930 342 750 347 678 135 203 544 634 658 254 213 553 40 859 582 50 275 863 416 41 401 44 643 382 599 16 447 853 408 497 305 563 639 582 84 326 810 775 218 214 510 661 334 773 378 203 877 578 405 163 502 381 866 728 354 78 593 996 515 553 531 419 301 566 635 684 287 731 804 292 268 70 593 559 171 627 578 679 500 31 31 658 825 904 415 554 498 173 460 790 252 79 770 320 359 418 979 748 751 275 122 338 509 145 987 552 778 333 339 638 243 186 589 303 160 906 878 319 854 552 255 66 550 506 768 861 749 788 136 395 661 575 980 578 343 291 84 384 895 370 522 282 850 859 687 271 767 756 319 196 338 371 270 239 838 742 136 721 663 730 825 312 553 207 621 335 990 650 478 599 416 448 217 784 424 674 555 679 136 980 975 670 421 511 591 355 258 189 524 271 337 674 852 40 779 252 575 572 38 401 398 741 838 507 802 189 999 950 56 499 122 80 524 349 711 881 285 888 563 50 50 359 927 969 737 75 518 686 320 569 872 968 181 102 516 172 173 897 978 780 134 218 407 491 868 573 568 639 211 118 35 912 601 898 119 152 103 926 449 479 694 527 385 322 487 233 729 282 773 67 35 409 787 306 36 83 573 346 360 987 151 761 2 639 214 832 932 63 95 428 67 260 175 65 133 510 660 697 6 933 872 6 433 950 435 307 172 855 136 396 484 388 361 663 253 18 449 383 273 707 2 781 552 129 93 87 300 306 824 490 447 932 382 620 717 695 881 109 645 301 482 144 251 664 918 84 921 786 215 749 263 255 174 851 352 93 418 727 719 667 606 477 900 834 288 372 961 580 820 547 13 162 948 249 90 385 212 871 663 417 241 503 35 457 802 628 546 289 11 491 863 88 907 816 26 17 491 842 406 378 489 670 874 547 508 682 833 920 348 864 467 333 605 206 455 24 352 937 485 306 346 840 783 989 596 483 68 120 499 387 485 523 673 433 510 410 88 112 436 895 155 164 466 826 852 78 449 502 425 939 905 52 997 637 448 153 6 139 251 228 154 797 685 18 415 583 411 606 694 270 765 228 214 370 454 636 726 830 331 438 410 63 446 990 181 890 656 736 365 836 569 894 841 728 764 625 235 767 457 179 852 176 828 177 763 20 631 653 173 39 778 112 100 202 638 872 309 844 341 580 704 986 617 556 588 990 650 106 365 251 521 556 316 392 821 431 918 975 176 374 613 570 667 66 704 449 70 396 820 621 457 957 31 159 106 843 447 521 836 578 159 941 385 73 278 416 263 863 909 759 543 526 749 938 685 327 901 693 431 106 843 157 692 580 760 103 325 912 167 265 39 495 937 460 85 571 264 597 856 916 812 791 244 397 240 353 586 651 852 209 986 226 380 371 414 421 287 903 686 545 701 718 806 271 637 63 734 61 168 136 207 775 18 110 51 304 219 795 205 342 117 581 562 427 701 694 911 569 779 240 714 868 595 845 22 425 672 870 127 734 681 452 673 89 635 16 346 580 330 535 30 487 609 875 230 173 972 905 935 571 846 900 281 503 277 230 710 460 479 454 57 597 811 805 425 767 818 643 644 584 655 80 72 572 687 770 1 319 97 624 948 630 279 823 501 896 890 179 46 957 748 315 381 829 796 191 667 119 845 592 333 325 527 671 369 956 881 566 29 981 861 319 395 698 819 738 818 985 656 51 301 223 726 779 97 939 115 764 210 37 899 294 9 32 337 566 683 460 274 551 53 681 855 520 490 522 150 608 99 778 582 170 767 770 404 506 171 405 842 925 698 671 270 192 696 723 350 729 626 58 80 627 551 161 500 37 29 280 909 68 795 420 846 989 941 241 980 502 79 890 289 498 89 624 591 740 490 491 451 553 652 104 39 42 267 44 602 640 585 124 708 552 38 416 476 540 622 150 61 970
881
610 476 473 887 433 373 32 564 879 169 717 177 180 232 260 899 887 805 399 618 554 271 776 326 313 103 199 27 960 802 200 380 682 148 825 816 73 85 542 73 584 194 748 493 152 273 584 263 631 971 786 491 221 894 471 171 250 396 299 332 144 938 903 767 67 81 385 70 835 591 419 218 356 468 490 230 757 888 919 483 558 276 762 733 63 913 285 652 940 238 305 493 500 411 274 395 32 509 440 420 193 874 500 529 964 8 489 396 5 636 177 561 306 959 169 331 206 235 949 54 132 467 667 588 64 440 359 253 79 93 506 625 514 131 967 715 562 874 890 254 521 364 388 511 447 195 928 910 409 709 591 125 643 626 29 465 492 677 189 496 895 936 959 754 443 444 129 750 812 971 595 312 241 49 730 597 684 841 396 32 366 630 966 134 676 373 684 324 201 363 250 268 350 355 676 60 566 246 235 274 254 640 803 508 292 857 25 56 438 825 499 489 837 447 959 826 251 798 185 690 704 332 356 394 50 225 528 676 462 375 855 129 738 803 385 931 776 754 643 222 761 999 373 602 371 199 951 426 637 831 29 370 964 402 625 823 32 797 403 991 549 462 940 323 880 719 109 599 891 362 167 305 39 736 396 206 631 378 213 30 613 448 671 681 747 296 214 979 241 689 624 252 626 114 145 253 376 64 998 618 199 57 761 639 211 63 738 326 540 994 637 346 33 131 741 669 414 279 458 942 315 852 815 853 413 337 32 554 835 755 175 962 649 50 708 285 129 403 483 555 807 813 755 888 154 923 86 566 389 944 355 825 389 135 845 363 629 730 126 618 479 365 993 152 577 236 535 382 991 971 85 576 343 392 504 217 343 682 480 179 654 983 306 356 559 832 264 662 667 906 195 393 969 965 629 302 353 484 198 839 815 14 844 922 621 841 287 5 855 31 887 243 624 590 629 218 863 78 110 611 255 514 58 44 358 692 209 998 592 131 493 304 34 18 961 595 910 855 33 38 602 649 616 166 28 795 503 489 813 390 80 591 890 488 147 999 475 602 920 793 192 50 291 322 587 78 463 125 42 669 603 957 926 882 652 285 846 315 904 928 591 49 752 609 905 54 163 709 14 201 911 650 673 310 311 234 227 913 887 771 671 882 655 429 274 6 832 264 148 938 524 296 468 848 90 211 569 26 285 137 364 476 463 794 928 521 496 797 695 696 634 472 431 996 512 806 293 226 104 102 611 112 22 804 321 314 431 347 355 242 431 778 814 791 949 667 90 192 940 684 851 387 293 77 9 394 980 103 465 403 1 837 154 328 540 107 995 443 824 459 94 118 182 868 317 208 377 111 982 718 503 508 648 509 862 345 160 265 679 21 317 37 160 148 808 825 202 806 926 429 534 996 830 932 318 638 30 691 976 926 844 879 126 772 503 809 490 999 423 901 829 353 690 456 763 935 572 284 603 569 819 557 466 715 791 141 729 743 322 736 529 100 48 114 813 177 667 423 117 465 26 856 371 188 864 801 809 82 574 899 139 612 683 966 202 307 507 753 374 334 880 570 492 589 667 693 849 352 962 610 941 314 176 595 709 530 891 864 832 980 804 78 403 449 563 206 202 54 392 33 844 909 75 81 733 341 699 979 480 695 235 861 48 929 838 599 106 586 405 768 267 806 805 834 870 767 421 564 845 90 748 994 633 170 108 55 14 206 222 150 221 830 927 531 151 153 740 132 237 806 212 137 477 990 849 646 748 11 684 140 139 956 790 884 738 752 1 799 406 845 98 399 569 31 33 276 232 361 302 539 925 945 865 839 966 342 193 423 664 618 408 254 604 219 773 239 266 208 788 810 743 680 177 576 542 760 620 113 512 965 812 230 418 988 225 417 8 55 229 912 315 516 536 459 642 574 707 949 201 388 229 435 201 82 288 958 691 734 902 104 593 638 954 966 657 111 844 211 373 649 350 312 722 930 693 923 446 139 482 769 299 754 143 189 800 261 965 725 461 858 390
64
196 181 466 363 978 96 624 802 714 96 734 371 204 644 289 674 172 42 843 356 540 908 832 884 306 316 898 566 899 18 561 619 279 901 281 862 744 136 940 788 233 789 564 388 714 480 456 151 365 407 293 824 180 796 246 90 919 517 660 920 489 466 407 399
20
157 670 789 387 525 666 759 800 439 337 3 866 383 130 547 568 683 913 319 147
986
154 231 898 805 917 55 568 327 582 461 468 931 96 81 264 260 515 691 278 28 516 376 26 541 476 2 828 537 619 450 395 643 609 810 671 263 445 973 637 319 100 65 594 999 915 923 473 728 452 919 401 256 685 263 235 921 73 256 648 481 91 729 692 356 784 757 766 976 482 103 589 709 463 615 769 985 541 522 377 23 452 605 945 935 881 497 938 535 360 887 348 613 840 139 520 600 658 152 814 449 173 424 77 774 460 394 724 566 850 361 752 505 763 187 108 303 497 886 572 261 148 841 282 420 73 163 570 810 456 863 898 308 117 51 698 87 396 963 944 713 463 784 449 750 618 604 934 896 895 648 459 563 658 138 973 637 275 782 354 717 149 246 70 197 811 53 508 891 354 355 651 603 698 949 121 974 3 90 77 491 924 525 978 713 283 163 375 815 630 620 332 705 906 429 683 96 96 685 994 156 200 64 575 703 51 333 336 484 321 494 720 381 839 784 409 87 909 604 240 589 154 196 220 971 69 631 808 402 583 204 651 544 381 596 500 447 750 11 860 530 80 699 421 429 214 665 488 173 430 163 328 326 242 370 249 521 223 288 560 5 307 921 608 41 484 8 203 309 838 877 599 223 106 921 11 409 687 160 601 195 663 287 390 219 941 918 257 46 30 324 999 226 778 193 215 683 256 730 568 854 723 12 195 323 212 306 911 933 542 367 857 472 653 667 762 613 613 945 246 675 645 215 275 722 404 314 926 439 772 600 47 776 100 929 152 633 566 298 74 584 567 303 254 100 978 335 896 866 946 275 917 813 962 187 982 616 899 723 439 893 148 288 983 587 879 756 550 231 943 385 560 265 117 166 378 314 904 269 308 565 783 949 735 720 226 741 829 205 842 676 487 288 52 312 50 740 912 651 596 971 591 976 303 987 588 899 693 524 129 125 713 557 940 776 877 929 370 304 967 366 835 966 609 878 335 694 237 98 636 542 811 131 718 186 854 685 736 133 345 501 233 542 695 826 683 339 68 872 819 163 403 756 116 387 408 87 405 280 571 472 761 97 316 809 686 132 724 703 957 511 501 373 22 559 326 767 312 894 465 824 730 777 792 104 546 113 789 636 829 826 55 551 840 750 370 939 289 772 555 466 148 14 161 311 172 36 562 799 188 184 734 99 880 431 285 920 334 145 868 683 152 934 670 494 361 720 212 31 870 982 519 135 647 429 749 51 993 672 882 122 231 534 194 584 789 773 755 102 894 725 870 493 487 553 90 563 428 728 475 693 836 406 72 908 404 595 656 572 873 393 178 3 142 826 623 653 246 702 291 733 189 867 806 237 537 395 381 106 591 920 84 283 101 792 425 12 215 115 154 240 348 88 756 445 950 482 53 846 143 960 867 789 456 359 243 482 644 292 417 641 190 973 236 210 938 415 475 9 762 245 32 517 2 473 229 852 693 773 79 742 22 392 671 964 562 187 65 959 238 616 964 871 720 7 280 128 272 88 959 84 741 841 153 78 671 715 433 302 603 583 592 342 844 977 912 389 949 794 363 574 263 363 414 32 215 772 990 565 269 600 162 422 360 136 261 80 816 663 53 550 39 125 199 384 78 219 422 197 977 721 50 597 305 706 271 811 313 389 420 991 503 562 863 555 827 917 76 67 144 157 834 145 407 647 588 547 179 876 956 705 297 469 82 964 577 502 644 178 267 256 691 687 875 361 730 572 413 635 252 336 694 398 270 718 929 21 991 901 353 210 413 373 15 853 292 20 358 53 476 7 350 339 33 438 106 362 151 284 511 923 381 104 276 435 830 301 860 658 999 132 262 84 118 7 282 889 717 959 871 137 100 361 228 624 939 226 25 477 196 69 733 674 543 812 377 819 839 771 412 896 139 452 879 959 233 715 182 848 475 486 529 364 525 235 480 160 920 547 499 61 9 56 685 593 736 121 339 722 899 28 390 925 884 91 184 564 557 878 586 652 464 254 345 321 482 436 142 391 729 750 583 789 611 951 124 794 748 180 231 704 33 246 436 64 985 156 219 971 982 412 291 675 527 15 51 449 813 586 448 100 665 810 577 101 321 467 282 468 827 825 208 665 68 400 772 535 448 990 70 318 826 577 972 888 944 919 570 474 861 77 306 518 523 415 352 772 125 899 387 323 656 358 810 536 599 385 541 655 364 415 184 292 727 398 888 221 403 218 951 276 947 428 715 660 393 392 915 579 440 857 689 237 130 431 765 321
185
754 21 198 542 159 243 728 103 335 988 625 213 244 779 823 947 928 984 476 7 803 698 65 136 712 110 78 636 29 745 573 268 454 566 872 662 397 235 136 460 768 351 728 750 939 971 11 368 799 975 617 536 505 28 580 812 142 453 728 748 594 22 514 850 946 662 185 905 415 43 383 228 934 688 663 417 450 364 724 819 242 25 754 576 369 501 217 797 480 63 151 388 138 91 358 699 980 585 500 471 190 842 41 193 539 656 382 6 257 179 671 990 360 188 562 315 817 710 58 354 307 80 145 337 381 160 788 613 188 941 937 143 917 847 222 467 731 913 609 424 420 19 916 503 926 284 7 808 768 337 919 632 790 553 639 44 55 541 609 854 370 39 80 998 343 857 288 770 89 595 839 188 299 354 909 564 292 73 201 920 732 909 219 243 227
273
165 165 960 591 881 383 453 270 40 489 228 564 476 851 36 670 49 682 102 460 782 62 919 272 144 801 444 453 321 136 860 255 17 233 682 21 556 598 586 999 479 81 104 174 975 145 187 97 168 272 838 73 281 26 35 129 551 302 676 712 167 649 429 521 562 234 568 437 408 126 245 56 9 521 8 776 673 331 886 763 286 330 102 263 976 119 437 625 416 793 482 218 67 216 725 161 292 246 338 278 369 371 643 909 814 205 374 435 853 980 525 703 565 614 838 439 316 499 419 873 726 714 605 314 845 50 962 715 111 817 557 200 695 291 793 292 101 56 373 596 498 670 72 48 982 567 3 42 631 419 706 477 795 304 51 251 845 538 167 470 452 988 578 562 148 965 385 773 442 93 588 224 629 895 162 373 519 461 406 336 824 14 84 624 992 249 524 827 709 428 743 90 571 921 473 256 157 716 893 454 960 245 358 742 271 455 560 368 632 947 411 609 669 554 727 479 689 477 419 964 877 842 787 155 863 497 155 956 48 631 199 681 980 848 22 289 952 116 298 150 159 825 822 209 87 451 906 884 320 828 715 970 768 546 670 284 325 904 318 342 238 91 974 24 520 808 620 809 328 343 681 993 137
920
763 335 316 460 384 518 139 243 407 248 653 60 840 11 703 937 104 578 911 205 244 115 880 716 615 772 91 829 459 997 203 932 954 213 645 90 402 256 404 901 369 780 905 916 622 839 86 853 321 49 520 207 238 522 513 334 646 309 69 124 800 916 259 136 804 424 660 391 324 159 248 447 12 308 45 246 404 143 18 674 536 335 127 162 297 719 699 633 256 579 648 186 823 770 867 8 332 917 455 115 180 150 867 633 330 128 209 675 913 945 424 662 694 26 36 705 704 224 713 1000 384 79 424 425 787 404 661 530 116 627 856 747 79 988 71 719 812 512 427 444 821 584 236 627 729 726 964 419 191 424 307 907 857 758 901 699 723 432 93 149 880 504 895 467 943 922 806 578 433 717 879 662 858 690 512 912 125 694 200 997 522 396 476 155 860 72 242 700 911 899 483 156 369 698 844 624 700 753 276 501 553 268 535 497 657 401 719 48 544 401 697 223 5 106 486 367 383 681 870 436 169 557 36 662 862 694 786 19 180 403 489 68 916 805 156 552 160 966 2 287 519 970 961 71 368 546 986 96 237 761 602 608 185 53 105 972 904 139 56 238 896 838 580 817 682 190 45 432 407 750 294 337 710 25 171 849 616 3 382 612 892 493 4 652 523 753 345 970 794 573 1000 289 879 964 524 686 289 302 806 821 861 521 210 713 793 685 94 292 216 5 595 89 868 475 354 574 155 662 742 642 703 743 204 772 20 698 93 686 62 312 443 564 34 556 156 910 703 554 804 679 673 56 482 527 893 950 115 126 434 388 865 719 265 179 154 170 715 989 767 358 967 268 82 720 71 904 846 748 488 52 607 535 60 486 356 501 316 638 237 224 659 912 165 194 748 889 705 208 903 808 70 415 580 133 46 933 68 501 465 118 686 496 123 285 531 340 14 323 625 351 771 533 268 684 397 784 892 303 249 233 712 673 813 858 937 200 259 533 826 555 717 840 508 940 878 14 928 105 170 26 38 778 917 667 305 421 341 693 966 971 861 398 134 275 460 440 963 300 564 779 829 171 584 699 902 507 563 612 531 343 369 894 726 137 678 882 353 444 429 676 886 95 935 74 508 892 228 506 845 900 498 624 769 886 756 312 667 45 594 140 536 905 873 593 934 706 549 319 417 374 804 424 589 336 949 825 797 778 12 63 22 188 940 940 866 546 401 210 676 804 896 573 616 779 532 149 167 416 830 498 165 863 356 524 774 549 757 45 105 623 793 517 591 387 950 349 931 501 344 837 593 360 398 721 373 948 130 684 521 137 125 452 219 950 309 735 728 286 756 150 166 507 509 786 252 91 165 803 540 223 880 922 748 601 822 26 205 95 564 717 301 730 762 431 120 852 100 113 96 111 961 935 946 993 738 826 418 508 596 228 939 395 8 842 946 986 114 141 939 857 141 552 345 916 63 812 153 967 812 76 745 33 33 188 351 524 679 935 720 144 705 322 520 546 725 229 366 906 915 985 39 183 384 71 815 952 984 891 774 279 433 113 797 211 776 166 578 963 249 410 760 540 443 482 262 435 218 139 607 51 768 962 55 929 372 533 459 466 5 139 597 940 497 830 608 699 15 488 449 877 775 10 697 14 236 135 370 801 109 143 497 699 416 270 654 385 997 845 810 852 294 788 281 681 68 161 339 763 769 489 940 581 907 440 1 65 261 207 933 514 612 234 959 135 657 880 73 789 40 110 779 499 633 2 672 790 888 61 409 791 129 318 146 90 57 153 951 581 285 353 434 32 914 281 803 832 921 381 520 209 651 864 515 192 592 732 481 551 407 303 188 204 513 876 641 649 833 416 754 66 545 376 594 908 991 862 703 425 927 502 508 28 333 566 887 531 572 935 83 520 569 75 946 415 167 838 405 155 997 5 63 179 319 764 978 589 599 558 838 52 218 542 443 862 16 186 613 272 528 697 548 999 320 174 763 525 16 958 611 424 149 617 460 817 282 956 308 174 42 657 455 112 380 724 698 378 87 161 741 157 813 19 398 586 870 130 975 60 589 128 804 895 771 343 863 536 693 395 368 861 856 194 843 458 641 22 455 509 747 566
136
337 533 240 190 687 786 364 21 491 842 154 486 155 80 747 889 176 249 502 543 596 784 92 622 32 704 878 418 513 121 343 625 246 516 283 292 65 743 402 32 957 504 428 412 340 935 520 29 533 294 278 358 667 144 871 664 705 11 677 59 916 530 21 264 553 482 177 769 502 329 851 417 539 840 620 653 817 990 815 815 710 543 814 801 964 481 669 100 547 113 790 992 467 269 287 26 414 817 654 77 544 36 869 142 308 277 733 20 15 831 32 869 360 370 93 436 614 514 883 795 591 666 605 916 363 80 994 440 669 905 849 32 171 456 270 498
312
394 858 545 818 777 980 812 441 92 944 686 148 165 798 510 142 634 776 706 950 657 409 344 927 392 829 109 798 551 193 332 877 442 726 877 890 845 55 611 506 467 770 464 377 255 456 906 985 512 569 890 227 379 300 572 9 859 946 240 928 69 942 677 684 623 860 549 827 366 233 472 329 846 511 812 741 827 805 868 853 6 660 401 517 79 87 101 400 918 888 409 279 651 446 654 82 980 917 30 771 326 198 582 457 674 762 772 401 412 608 584 938 871 564 23 11 425 291 243 739 913 833 750 350 387 817 11 463 52 160 64 699 206 283 411 991 310 950 836 256 301 39 333 494 809 720 818 190 117 968 821 848 90 285 610 566 204 551 718 906 361 886 501 858 474 507 897 387 859 528 536 517 579 663 619 255 766 81 567 330 576 818 192 988 30 457 134 934 697 782 347 29 469 160 388 580 432 191 843 760 177 505 768 484 491 876 533 499 412 327 27 721 80 963 7 976 362 62 611 960 255 66 681 266 917 95 41 864 812 30 39 665 223 582 302 190 874 164 764 775 797 44 792 367 833 655 896 601 983 603 632 427 389 414 567 736 468 147 316 255 499 961 392 509 471 8 392 137 141 743 597 322 819 890 668 276 186 725 529 209 440 778 810 829 1 545 637 418 72 755 996 734 597 445 125 384 8 995 90 940 673 173 84 634 379 219 936 706 942 839 907 29
39
834 77 444 869 655 341 862 654 70 228 613 554 4 18 13 42 354 197 988 74 762 644 823 476 376 612 546 728 496 988 890 490 650 692 679 702 164 54 30
869
187 259 200 41 240 308 423 418 104 723 784 582 541 851 54 597 86 125 901 413 483 77 416 416 515 74 636 791 612 950 621 482 99 891 488 686 270 135 711 579 740 307 23 839 725 424 620 159 545 477 779 381 232 200 971 727 750 473 675 67 430 60 748 171 504 567 685 600 452 661 343 759 88 214 429 662 934 792 911 361 76 938 448 351 333 815 60 79 430 740 952 453 716 324 68 812 442 414 276 990 370 859 271 737 839 206 829 541 326 402 817 522 323 990 730 353 940 18 500 135 998 480 829 345 372 278 523 669 790 717 500 971 460 887 455 727 27 417 697 428 30 859 719 392 275 443 548 947 50 552 157 213 664 265 9 668 562 817 218 816 451 653 142 645 276 79 585 349 429 401 170 496 315 910 438 864 186 20 209 207 715 290 851 204 636 516 733 709 515 821 236 984 365 715 480 59 747 759 622 79 390 161 408 598 864 966 498 636 98 543 690 726 435 30 287 471 204 813 881 82 845 905 223 241 626 247 464 693 938 40 779 722 763 670 478 996 87 207 877 455 675 775 894 813 137 490 774 516 32 596 657 797 764 421 752 210 963 656 640 347 776 95 673 941 351 772 409 685 925 216 229 245 291 187 441 779 864 253 498 977 729 921 615 960 669 226 97 301 508 602 853 237 784 588 486 178 945 470 157 373 359 315 523 444 190 188 53 667 360 206 681 284 865 234 832 9 4 340 661 956 428 984 218 84 361 648 484 190 841 938 716 407 280 413 236 250 856 707 90 174 353 340 756 154 589 730 278 153 644 127 957 759 724 200 205 991 807 211 999 209 591 515 459 40 878 38 802 562 443 823 965 738 30 469 870 356 456 282 539 224 483 346 125 273 943 4 507 394 890 970 114 377 198 294 231 348 321 155 623 9 116 58 369 368 389 435 502 718 865 726 470 560 250 977 303 285 127 163 168 571 504 620 740 605 921 921 222 679 641 922 798 615 714 419 340 958 175 252 407 397 998 221 637 480 721 183 197 534 702 113 562 309 703 114 605 507 247 274 466 523 48 989 33 888 193 290 853 360 128 553 70 447 853 449 608 452 821 103 88 149 473 863 491 187 167 125 985 619 193 52 634 536 61 186 628 903 631 725 154 40 299 624 227 278 397 497 96 692 902 895 450 109 944 939 837 369 405 633 843 88 162 712 316 115 263 330 775 557 861 935 578 11 702 80 544 537 159 823 146 263 777 861 60 151 508 292 694 346 321 646 154 968 521 194 464 422 116 958 786 62 649 846 221 846 177 700 5 658 821 893 925 635 858 223 361 720 242 238 712 174 77 538 301 283 413 595 673 622 803 227 452 746 438 447 199 742 331 247 287 781 269 651 256 249 900 248 78 412 513 315 248 852 193 393 264 257 728 856 913 265 937 541 886 967 402 210 824 589 16 83 744 366 771 858 744 550 792 812 940 752 240 167 931 149 403 687 715 211 737 884 88 385 372 739 290 920 6 28 163 715 635 26 532 142 628 663 890 534 698 835 595 535 812 228 24 510 310 446 312 546 931 133 674 747 682 953 996 664 43 99 929 61 95 133 298 815 114 113 620 620 662 949 178 595 531 279 316 279 694 666 189 506 99 640 851 418 298 155 408 354 279 200 344 829 90 104 493 873 976 741 214 667 728 102 197 362 110 35 503 903 761 928 371 71 466 792 816 162 515 980 125 86 360 788 163 324 624 60 540 116 959 900 371 8 360 799 869 751 178 425 736 63 575 783 14 752 683 732 846 738 790 273 829 204 991 85 753 294 828 917 914 37 207 316 611 576 967 374 516 750 254 408 716 848 967 417 320 300 855 212 182 246 669 451 828 82 391 315 813 357 937 314 24 94 538 460 370 161 934 466 865 154 192 102 212 948 200 235 974 339 890 84 519 444 562 300 828 644 336 979 603 654 711 158 538 121 317 490 380 754 473 872 191 606 43 716 783 131 910
109
476 291 798 712 152 935 240 79 514 708 482 211 32 85 198 90 987 272 813 517 191 483 535 914 504 293 438 909 46 381 451 997 656 52 833 996 988 118 989 241 955 105 298 940 641 222 865 343 26 779 862 677 459 461 222 347 815 294 158 737 154 88 68 169 84 276 422 38 116 886 915 890 250 222 848 117 882 808 588 477 19 818 179 745 222 381 924 709 453 527 670 410 817 230 168 787 348 792 698 919 840 115 319 244 586 557 706 954 937
311
602 453 791 882 470 83 844 464 184 431 161 324 627 713 423 221 557 884 189 433 646 878 382 49 424 917 740 565 386 283 636 246 566 905 430 822 286 75 487 231 362 355 767 911 451 881 225 542 144 313 482 785 946 50 939 134 821 158 852 936 892 191 499 310 549 329 715 560 792 120 315 908 692 896 315 771 641 313 512 747 985 917 341 74 51 937 302 555 296 713 802 953 663 938 173 659 402 370 577 353 482 336 24 455 316 496 964 927 918 96 884 487 108 8 187 30 763 530 633 825 987 797 292 424 752 58 741 743 497 969 195 109 777 376 646 221 453 338 484 870 599 654 879 966 315 210 900 968 972 62 469 251 81 961 520 120 294 609 902 778 442 787 607 433 90 36 676 350 946 763 197 842 859 15 899 626 995 686 99 235 810 315 400 991 917 533 735 579 234 699 296 815 741 339 500 135 832 563 250 524 20 661 989 773 647 331 288 356 860 809 804 37 379 422 605 371 398 192 235 599 719 749 288 831 985 712 839 489 772 567 909 678 155 949 293 613 363 893 130 881 121 127 764 573 456 207 207 782 753 722 610 993 687 887 665 127 277 91 864 899 85 879 326 225 415 519 959 179 875 546 261 813 573 745 53 889 265 815 482 900 640 363 218 658 102 189 879 636 365 869 584 108 443 869 193 554 408 454 66 455 664 786 374 663 819 425 186 239 589 642 479
473
264 67 677 167 555 506 450 371 381 449 528 433 66 701 343 190 801 348 218 447 212 112 890 865 420 816 301 840 440 265 447 798 554 205 680 841 581 817 311 155 556 275 719 256 532 449 359 855 71 148 379 403 91 425 591 134 660 15 68 745 469 588 662 205 219 532 41 184 6 441 54 828 295 79 356 766 718 468 514 661 425 99 957 890 157 384 553 369 451 827 948 584 417 214 740 156 139 154 706 9 41 264 371 159 616 570 923 37 461 601 794 454 591 937 453 728 480 574 22 160 612 19 209 33 505 744 391 94 132 574 722 629 167 602 138 975 675 680 195 325 175 719 104 5 411 891 62 424 536 625 1 767 384 998 131 613 733 877 63 692 208 921 254 45 841 588 201 827 928 647 813 81 687 845 889 559 77 116 440 886 360 635 788 367 393 861 672 723 185 408 729 943 546 719 2 838 533 434 261 798 526 63 772 363 655 972 240 347 44 709 541 527 766 928 454 57 620 712 969 711 733 419 229 530 782 139 18 751 628 664 478 812 674 863 941 58 774 425 231 600 766 814 75 882 387 594 951 43 922 972 155 63 559 573 231 907 186 770 929 40 639 605 495 897 399 645 925 182 324 707 477 406 850 938 876 286 944 326 601 927 757 542 341 910 712 689 934 718 813 159 332 904 665 525 921 923 530 939 15 748 383 552 282 810 137 227 633 971 686 297 427 237 289 519 952 611 403 291 357 144 558 591 563 188 389 326 948 551 868 582 906 2 983 887 252 453 845 94 645 899 217 265 301 108 704 801 454 259 804 324 456 229 470 663 506 64 859 778 797 597 512 582 86 845 671 501 41 77 589 579 492 358 53 351 634 60 253 657 886 644 925 612 999 613 45 393 296 606 234 44 962 52 726 855 491 256 429 159 371 835 547 146 56 945 571 973 758 361 558 82 528 718 687 349 757 669 39 380 62 413 552 754 620 399 328 423 82 976 475 341 959 241 702 544 725 478 651 149 26 154 25 782 441 920 395 245 678 346 177 300 255 39 344 680 109 367 377 6 627 881 884 609 466 888 68 103 742 883 94 49 903 254 724
519
39 358 281 82 766 484 128 572 169 407 388 376 714 748 832 134 39 962 210 953 127 322 42 929 739 64 605 266 549 902 286 651 804 552 306 165 417 107 885 565 523 80 372 914 504 723 243 396 738 577 504 8 933 87 321 491 3 769 483 536 321 471 494 185 191 295 267 979 938 132 78 281 640 466 291 354 404 288 616 160 544 480 430 550 379 459 290 951 362 746 54 121 204 356 388 295 754 386 672 963 698 207 627 161 739 213 602 711 227 567 350 189 397 640 243 23 615 38 165 410 824 719 814 46 387 16 861 288 855 993 764 30 917 350 62 135 771 136 945 519 742 804 911 504 250 515 610 945 225 391 271 72 570 42 633 918 168 958 372 426 924 281 679 625 37 190 467 798 486 651 304 900 204 698 387 178 761 985 969 163 699 24 905 110 639 498 571 853 401 797 101 838 296 705 398 918 113 391 568 125 493 90 186 60 961 693 438 775 326 101 693 856 994 229 334 78 969 801 8 591 782 901 855 89 990 643 679 911 566 104 444 519 318 290 206 141 402 917 743 772 95 903 930 491 731 983 880 155 833 869 370 920 381 840 468 957 895 895 89 626 470 53 194 28 535 963 571 220 883 80 839 988 717 168 771 704 943 237 3 360 866 792 794 87 70 144 562 721 204 95 476 232 760 403 518 512 861 623 680 46 728 896 340 838 806 696 5 922 434 8 492 226 152 786 432 8 972 860 689 899 217 65 309 372 629 348 897 799 90 602 238 313 875 464 321 928 264 949 948 527 492 616 588 561 258 814 395 594 792 540 850 792 475 326 988 369 367 210 921 302 715 816 613 308 146 413 367 532 333 928 777 498 825 780 714 957 863 932 174 232 522 1 909 420 478 339 461 725 935 715 497 360 740 932 530 637 663 287 421 919 502 93 692 927 837 905 344 180 949 743 26 669 609 486 659 637 638 207 451 757 283 62 314 502 882 437 591 473 937 586 106 353 604 562 238 240 73 641 445 161 15 256 356 887 38 235 753 129 297 993 360 343 947 631 700 523 731 84 602 881 442 566 990 905 545 438 153 217 569 358 819 948 655 271 416 840 266 666 908 48 592 944 916 406 399 529 245 815 291 605 777 165 418 773 505 736 1000 186 848 213 986 632 208 874 281 7 294 999 520 696 481 357 127 552 234 25 385 658 558
129
485 523 829 54 685 517 949 391 858 680 966 61 870 187 917 415 957 573 600 628 89 979 896 109 456 340 787 754 485 227 959 320 74 598 128 138 451 285 368 459 337 536 860 828 110 281 610 741 274 48 575 587 586 112 153 721 592 469 897 48 147 947 97 930 357 445 416 601 849 4 900 701 716 677 574 653 337 340 107 994 821 838 294 718 160 364 136 804 374 583 108 690 745 750 538 945 233 876 853 971 383 494 714 474 331 246 564 257 84 508 939 433 515 726 804 47 607 447 461 282 106 358 182 721 804 916 94 510 969
77
277 622 515 455 694 718 734 325 379 57 579 442 81 94 953 564 10 907 383 590 860 833 23 691 770 890 416 80 601 283 637 563 996 595 627 448 403 978 826 140 621 680 228 953 104 193 535 764 504 852 345 726 428 706 270 582 438 564 58 193 153 410 657 244 642 973 304 846 313 147 442 968 891 264 568 316 329
198
788 885 314 488 550 890 949 126 212 870 97 147 767 110 445 28 452 725 686 652 899 721 77 821 569 881 362 21 428 370 831 682 678 963 545 785 297 464 959 631 764 629 431 62 469 804 292 111 473 471 234 201 371 374 355 385 797 224 388 564 590 210 956 818 358 148 177 993 914 615 324 911 621 30 653 947 301 49 820 582 531 448 852 658 662 219 840 973 534 403 386 339 198 338 311 326 13 78 196 632 678 422 455 796 356 870 234 710 144 554 182 624 986 382 589 730 358 946 627 345 23 670 279 15 147 656 694 563 893 473 297 769 503 868 477 242 395 886 824 930 58 734 885 837 810 562 577 13 969 267 505 51 536 239 814 889 208 623 559 94 230 305 946 869 950 570 562 579 178 391 771 906 855 420 575 645 461 956 862 10 566 263 474 470 56 563 453 519 285 213 340 320 984 695 181 208 123 714
805
921 958 363 624 273 887 774 25 91 816 561 950 424 423 728 356 8 903 402 581 427 248 88 138 781 52 248 651 506 865 638 776 770 423 631 983 810 12 601 437 897 298 32 442 371 670 773 344 448 799 341 857 266 892 276 306 854 967 810 337 51 337 698 864 1000 385 24 800 95 288 655 665 757 891 730 705 671 409 501 199 571 604 115 400 205 367 168 94 65 468 640 657 811 552 620 306 631 962 770 273 309 520 755 624 902 541 33 208 910 28 520 11 324 872 358 119 157 474 969 810 785 506 410 228 244 291 871 232 135 982 685 682 557 16 345 141 619 816 434 533 945 865 195 967 790 600 840 595 36 673 649 756 552 489 337 324 252 815 162 503 753 22 904 417 462 274 981 617 731 69 453 334 117 85 171 495 630 58 426 997 379 456 128 983 53 971 718 733 306 845 327 936 450 275 709 207 667 537 286 596 8 824 545 589 948 691 938 338 238 97 306 287 120 685 101 215 895 94 498 598 37 932 506 840 777 363 314 697 861 81 442 262 743 218 150 188 530 601 507 259 772 842 300 431 952 585 459 5 979 643 232 413 294 481 236 874 848 394 314 57 799 771 734 740 98 144 522 838 338 74 34 800 941 623 496 797 372 519 169 753 89 981 860 618 412 943 768 850 503 555 953 266 889 241 150 992 933 84 781 733 644 28 727 192 786 397 79 192 522 636 211 764 277 323 185 265 497 300 26 952 901 859 996 297 224 504 49 658 19 742 357 514 214 596 792 451 298 36 710 780 110 155 144 792 874 414 107 695 375 982 598 389 736 377 389 984 567 669 159 502 384 201 555 239 593 675 477 331 785 889 412 937 290 212 838 776 286 84 898 742 181 341 211 773 295 958 574 286 638 821 353 382 409 876 832 289 805 800 110 796 464 737 535 644 107 761 712 8 635 306 896 544 832 578 813 97 771 512 35 855 439 114 816 343 132 549 701 870 285 512 115 346 872 310 872 10 925 929 940 395 467 322 517 38 596 351 425 882 230 147 353 756 41 830 292 844 530 127 593 275 136 365 336 93 73 603 700 143 950 183 300 74 121 758 614 444 901 518 647 189 947 861 585 992 75 561 741 893 952 836 619 582 801 69 325 71 289 376 995 829 336 431 286 152 733 791 304 930 515 14 175 299 509 163 170 213 139 529 878 190 739 619 854 823 39 412 199 658 765 635 906 751 790 755 825 274 893 28 809 925 896 617 615 628 654 985 245 829 880 131 929 572 246 468 214 157 67 446 425 391 572 920 657 583 316 19 147 735 899 976 987 542 25 801 686 889 640 562 519 652 80 395 147 803 139 481 189 90 298 790 69 366 372 942 566 101 392 245 391 245 750 626 64 76 671 192 241 94 977 956 552 141 207 746 148 930 93 502 468 960 16 164 343 324 876 272 461 338 727 724 620 113 724 159 614 524 259 634 521 849 727 666 127 623 704 472 593 211 326 885 657 863 134 43 783 368 16 313 770 189 667 492 552 676 990 230 934 889 376 214 541 866 406 518 220 48 275 710 646 312 739 832 44 245 479 850 523 885 142 235 993 607 226 33 816 483 116 280 664 137 390 780 470 930 743 292 657 154 789 688 931 40 606 12 886 121 345 604 778 231 839 299 636 654 196 315 657 148 627 293 474 614 759 107 547 114 290 131 841 177 630 915 750 388 153 963 709 122 892 234 435 130 228 57 413 160 16 732 579 307 492 361 565 234 561 911 97 150 253 294 219 353 809 821 269 787 700 9 417 405 993 325 728 117 5 640 147 291 594 155 698 608 543 95 468 561 812 538 163 490 451 906 161 731 52
497
218 609 308 821 712 286 44 705 215 341 393 405 90 581 758 162 822 615 916 573 720 548 258 395 110 884 657 801 183 140 23 834 437 912 801 612 550 95 226 326 214 176 556 555 442 794 466 709 320 664 763 200 419 141 794 599 804 438 974 744 931 665 775 76 745 9 290 909 673 251 467 312 136 838 228 284 158 970 387 550 940 850 547 552 696 477 977 144 699 280 714 571 637 159 817 822 769 952 486 235 823 757 46 125 239 221 38 962 507 628 730 750 708 390 842 347 955 9 525 440 618 705 874 195 833 525 929 641 626 726 620 342 760 348 275 128 295 346 962 258 660 85 358 643 896 478 423 667 251 1000 963 32 200 372 931 864 484 970 742 269 978 631 264 863 593 228 659 252 540 194 839 599 743 249 218 910 756 223 788 122 564 310 104 179 311 868 305 26 706 531 510 124 828 698 633 357 386 287 386 930 949 215 647 967 495 426 593 385 180 270 788 854 241 670 105 393 959 701 604 789 174 264 206 922 356 951 896 559 379 780 513 236 887 32 298 620 778 65 716 116 736 690 453 732 812 942 91 688 819 612 984 226 286 828 814 753 932 615 887 21 367 125 378 705 483 941 906 675 878 511 273 244 901 740 167 425 836 533 795 581 76 420 10 449 72 545 931 477 232 241 105 172 33 668 968 766 756 539 233 624 339 608 643 648 940 899 113 559 313 755 293 337 657 659 540 432 225 573 43 102 402 841 303 850 634 955 804 75 106 175 774 990 849 480 719 660 690 444 838 882 121 329 296 732 875 689 548 327 443 107 396 562 542 33 50 999 599 660 187 433 502 76 490 568 266 737 537 243 320 594 361 357 72 785 119 318 246 690 173 787 657 533 888 167 408 638 709 476 194 941 644 22 306 53 830 185 173 725 99 271 189 250 722 932 919 927 359 239 390 501 868 595 648 401 318 408 144 869 117 565 368 45 178 382 938 791 873 489 784 455 456 554 327 311 217 634 484 244 70 446 455 203 639 449 347 466 854 725 405 333 587 989 334 76 35 442 992 256 213 369 573 280 509 569 267 304 735 565 745 469 496 473 144 138 584 758 261 435 634 218 8 201 407 390 96 622 345 644 435 995 605 363 381 601 133 314 138
118
531 339 796 180 673 419 786 157 80 609 494 528 747 920 363 570 571 574 716 566 677 808 306 400 226 663 569 991 361 895 709 978 223 425 84 509 954 408 397 774 113 977 951 455 49 152 268 597 253 522 5 607 47 881 894 519 198 715 862 407 198 95 949 890 705 264 704 559 280 814 166 736 622 598 568 638 905 993 864 943 619 46 990 602 81 488 582 650 304 892 110 89 714 843 83 768 63 713 153 860 58 657 991 375 199 240 141 80 206 539 150 396 708 581 77 320 63 518
867
768 707 857 371 161 262 489 845 216 756 590 600 556 970 351 266 52 647 166 480 71 210 60 37 485 449 963 6 219 729 259 577 343 331 237 672 969 868 118 846 43 292 152 268 912 377 872 258 490 728 479 21 407 597 806 971 814 557 437 837 686 942 282 422 549 803 443 659 952 513 229 877 387 4 33 498 686 42 238 753 510 507 23 121 788 923 893 279 3 731 837 124 840 155 775 299 761 729 759 251 231 411 419 162 809 109 393 456 34 805 201 306 388 548 589 1 972 60 72 480 410 5 403 218 195 410 717 142 679 948 384 446 314 110 973 164 829 115 380 875 563 765 566 848 343 516 631 755 638 110 44 286 967 606 693 507 309 147 289 771 246 481 824 190 400 758 453 195 40 455 284 411 89 211 226 280 690 980 743 306 656 668 303 460 609 219 495 436 15 661 739 248 129 49 572 61 426 670 950 877 837 723 17 328 524 327 480 753 673 499 319 375 145 979 646 787 548 287 826 469 219 116 254 269 267 122 976 744 141 249 254 484 503 852 578 139 241 359 520 263 452 250 821 776 886 699 780 197 89 552 187 16 3 664 68 551 192 143 446 344 518 721 228 35 84 796 487 107 689 319 998 974 598 700 925 528 850 158 639 136 516 605 504 458 162 366 893 946 86 941 498 146 847 142 250 924 564 863 290 814 200 48 148 326 663 188 198 678 868 48 720 957 361 252 241 541 202 733 918 642 845 438 168 629 193 630 10 495 789 728 877 744 687 481 578 761 522 26 561 550 268 363 959 510 582 106 418 735 691 668 928 21 681 285 888 383 393 345 406 174 212 36 700 36 197 713 122 680 440 648 183 986 170 706 805 168 301 77 665 554 988 841 306 504 899 745 892 720 17 920 85 561 201 710 122 810 821 388 501 285 764 38 462 434 728 909 554 303 380 977 401 603 484 225 67 252 82 373 271 806 745 995 725 753 383 660 381 53 204 101 137 899 761 693 335 74 330 755 305 206 597 197 978 866 34 387 960 958 818 952 752 104 819 134 383 611 284 662 916 63 310 493 880 375 898 791 243 455 540 96 225 23 559 93 573 379 221 241 167 994 408 423 7 104 379 396 885 11 797 175 395 89 79 582 758 774 300 272 501 440 286 982 428 833 997 956 890 756 586 190 580 770 505 672 655 288 758 26 670 347 755 75 48 605 122 559 889 40 390 998 168 792 85 709 842 548 482 158 60 954 595 811 32 61 933 164 634 877 996 167 274 68 563 712 765 783 830 450 360 476 204 854 117 54 305 643 744 512 151 414 240 790 20 250 459 216 116 587 963 561 584 577 545 347 921 454 913 805 746 502 406 94 929 567 976 537 204 799 402 525 151 342 283 967 408 432 759 521 611 377 692 185 136 642 184 189 915 670 419 66 101 119 347 886 418 750 441 476 52 989 453 743 462 408 826 628 802 114 89 850 887 242 606 537 873 820 152 167 982 13 63 693 132 455 409 396 545 177 108 905 792 978 404 464 633 124 132 699 652 501 593 67 92 318 530 943 120 745 106 479 556 609 965 109 294 318 802 72 764 551 795 787 799 904 579 779 893 534 436 391 546 82 997 712 971 403 543 552 309 165 301 562 715 161 632 220 646 497 777 945 213 387 324 331 100 183 350 824 468 28 833 60 600 766 260 71 847 222 476 362 299 483 402 508 544 960 730 547 848 523 961 644 501 495 990 329 947 384 968 95 649 180 633 567 672 156 225 371 880 698 233 85 893 379 377 146 909 217 888 509 691 645 568 375 649 883 38 379 807 248 354 907 286 111 303 803 684 374 145 321 25 269 745 76 157 999 762 985 74 694 386 101 245 208 898 216 275 846 457 158 789 917 245 596 250 247 783 46 463 836 464 783 875 708 476 589 897 757 623 320 317 97 984 456 349 964 767 867 844 598 85 834 83 464 771 843 388 465 421 72 249 79 241 94 86 119 947
747
764 749 394 373 671 390 319 105 122 56 540 568 803 29 319 15 751 694 164 880 29 476 317 671 794 988 177 998 683 190 977 321 610 558 214 953 169 247 888 896 332 481 226 785 502 129 1 447 943 89 279 979 433 726 831 912 80 904 653 486 648 38 418 722 214 350 372 237 693 350 921 907 943 249 351 279 642 289 39 618 987 803 615 655 584 383 25 860 902 680 679 113 652 221 378 412 956 96 67 407 596 478 508 669 674 682 492 852 908 615 144 467 397 414 7 99 767 592 745 136 566 736 482 932 283 883 486 285 785 90 725 357 9 382 165 897 401 445 825 14 383 504 800 73 832 31 939 589 573 401 934 948 197 340 863 769 433 77 572 949 92 342 34 453 461 370 344 491 703 717 522 764 712 43 146 551 143 971 600 809 253 640 525 892 261 833 31 594 775 401 951 789 342 595 950 84 209 47 391 436 75 545 965 826 707 2 554 277 564 693 618 415 523 385 219 515 906 378 392 372 141 267 144 785 73 890 365 378 978 387 616 784 462 914 647 890 605 27 806 138 305 320 508 708 63 970 523 136 839 966 500 714 15 696 623 203 419 55 513 471 565 237 429 854 319 731 492 350 562 784 493 969 243 657 420 959 415 242 580 464 791 228 559 173 154 624 433 59 711 767 686 222 426 584 371 771 499 543 276 334 371 594 355 657 586 541 829 209 876 40 946 204 598 326 393 714 439 580 267 792 51 590 547 552 170 468 43 26 607 163 257 945 456 667 222 107 370 623 881 235 421 988 858 188 786 363 900 388 189 846 285 818 583 73 108 818 136 96 319 327 547 186 237 245 968 415 782 327 454 685 91 363 309 557 296 297 402 36 693 715 656 514 956 617 900 492 792 914 208 624 695 14 255 725 235 654 933 725 318 757 864 622 257 230 701 132 36 167 591 630 868 195 441 559 919 732 658 536 268 608 473 370 661 903 777 66 115 53 923 33 870 769 956 301 127 600 86 365 194 195 311 36 909 278 429 843 845 441 374 652 24 539 317 87 313 827 894 366 662 745 845 83 528 503 199 60 884 469 47 932 232 786 257 840 79 221 546 426 338 452 469 682 75 987 437 499 131 475 268 525 297 201 783 884 983 212 764 914 758 102 142 865 860 268 487 834 678 773 342 27 107 799 727 499 777 242 247 603 685 398 490 164 501 407 6 886 518 112 63 509 180 110 742 903 543 387 949 65 181 422 206 601 840 941 802 522 281 947 119 450 346 337 219 154 614 178 144 473 983 134 690 121 973 481 740 37 755 834 952 745 610 685 641 836 570 413 863 264 20 425 659 133 870 29 490 260 90 962 941 407 476 351 693 626 887 172 831 712 257 678 241 39 447 229 414 132 363 126 851 651 325 939 269 196 605 512 472 703 684 518 185 257 377 7 199 642 275 480 882 762 444 893 975 380 792 352 630 37 191 560 978 970 46 841 840 207 942 150 347 75 335 827 282 701 601 555 981 89 907 622 127 555 921 12 803 839 284 502 505 202 779 850 553 421 794 769 339 946 502 45 668 820 354 359 986 605 415 854 305 632 545 875 985 370 352 453 651 739 608 951 190 261 722 40 461 569 848 802 156 894 369 120 458 40 703 195 794 902 877 699 278 413 120 987 835 763 96 61 439 381 178 785 506 210 331 585 553 930 732 940 540 579 228 616 355 570 239
635
943 979 661 313 51 846 530 777 249 404 208 387 967 117 464 510 744 160 672 778 831 387 444 334 383 446 294 327 156 694 845 356 986 825 440 814 696 729 362 927 467 640 675 881 587 180 880 249 709 648 131 859 18 177 656 254 312 457 493 478 80 246 485 74 487 81 316 95 414 298 551 951 811 748 651 467 55 772 17 974 728 64 519 120 154 312 343 990 919 106 213 127 653 170 860 446 271 386 62 658 805 274 884 517 666 947 256 407 868 746 642 981 457 288 566 60 326 634 498 706 553 820 623 327 29 553 809 757 718 729 407 633 930 902 730 981 476 254 940 674 557 283 737 244 918 533 869 969 798 266 204 838 551 947 800 749 800 572 788 940 400 275 613 276 264 287 527 31 371 941 560 388 548 637 40 353 55 260 189 717 926 458 889 967 852 304 808 368 50 853 718 274 568 710 130 56 963 932 510 606 164 527 174 252 630 41 248 791 489 852 567 338 191 126 545 685 834 53 293 466 191 410 826 580 976 988 881 601 158 79 625 568 759 528 943 421 198 814 94 352 391 508 83 496 93 460 634 999 580 173 899 587 50 947 321 127 476 882 932 583 674 892 603 263 236 140 604 794 74 390 942 2 57 294 758 334 634 724 56 719 622 699 121 271 249 983 575 832 966 632 257 77 137 15 603 661 765 946 402 623 466 825 469 977 392 633 733 206 358 969 996 589 601 569 688 17 263 268 761 92 608 22 574 568 961 392 572 785 487 712 723 478 642 754 415 757 30 882 156 249 374 103 812 232 906 528 386 73 467 496 539 457 783 470 406 109 288 108 91 123 693 489 945 196 737 188 768 749 963 481 410 312 700 778 982 812 199 394 367 329 893 746 860 569 862 935 238 548 112 330 842 867 650 683 876 578 754 816 875 717 900 118 863 236 833 712 866 696 866 122 533 279 555 379 651 428 675 799 948 168 472 5 627 766 280 512 782 338 702 534 717 296 664 696 264 505 929 822 953 956 164 714 439 43 984 458 511 604 404 37 772 427 858 365 393 554 173 969 749 89 804 893 220 673 313 780 801 457 222 359 134 476 225 827 198 573 236 45 431 980 904 215 963 423 472 482 931 731 682 797 344 602 890 151 768 164 669 855 694 749 711 784 240 377 224 832 569 655 952 755 681 12 903 197 75 881 47 99 337 139 366 917 830 866 448 602 485 380 489 884 759 842 426 563 309 254 97 240 153 113 697 615 849 183 529 716 256 233 334 816 43 760 462 127 134 336 665 304 326 299 774 9 46 937 488 724 290 784 76 348 230 886 625 111 554 147 81 16 712 44 454 431 123 402 968 488 22 834 225 555 577 837 471 871 682 665 12 534 287 924 29 606 893 336 202 838 79 858 81 1000 935 577 356 596 52 828 661 799 172 114 657 655 584 919 259 933 616 997 882 987 262 455 684 356 620
632
222 980 528 319 6 518 928 998 556 739 445 351 97 343 580 177 403 605 386 766 93 947 701 446 358 164 284 45 720 623 312 184 820 47 593 173 797 348 936 695 693 732 875 504 456 103 861 638 496 703 98 978 91 525 154 908 453 621 307 339 157 14 616 421 723 166 79 90 116 67 291 672 263 162 741 381 228 211 2 839 940 797 723 758 129 517 363 445 751 655 477 32 831 90 815 251 480 764 196 785 216 761 632 255 326 51 865 881 510 85 231 925 68 676 868 459 795 550 963 328 776 656 48 253 289 542 618 220 397 28 572 513 273 275 440 745 74 854 526 445 62 929 813 421 462 857 464 564 607 970 352 657 298 51 453 705 989 441 601 121 707 42 974 351 714 184 819 741 23 243 505 641 184 256 463 523 971 356 189 500 545 839 774 766 512 901 607 718 587 861 686 465 58 717 971 195 758 855 671 584 870 149 403 138 552 165 587 660 494 539 997 60 617 744 508 175 55 451 79 350 143 495 7 226 886 514 651 784 695 851 636 261 98 917 704 337 256 75 803 91 382 152 59 683 365 550 848 343 193 15 50 736 944 212 100 632 814 305 400 595 697 775 259 53 442 753 583 527 430 743 59 752 812 590 664 904 239 79 771 484 386 751 788 91 320 359 584 628 713 114 531 718 592 141 552 882 724 261 191 758 134 95 242 680 295 909 906 269 633 887 369 45 701 319 922 181 291 175 194 681 203 553 631 328 216 105 805 350 123 899 839 221 529 623 634 228 937 167 29 322 383 722 251 912 287 74 868 597 283 74 861 469 977 49 573 800 83 855 68 800 56 85 405 621 63 196 474 646 967 762 493 158 745 111 832 977 659 170 772 757 106 541 346 875 285 391 736 553 644 127 826 624 492 428 381 565 651 921 282 667 335 190 672 231 446 483 52 438 752 206 855 580 202 34 837 995 80 203 381 340 309 909 88 31 9 377 854 549 580 649 995 839 904 124 126 159 545 664 284 334 584 837 13 61 619 391 430 644 676 523 317 800 338 182 669 36 695 889 14 795 555 561 295 536 347 798 520 283 183 174 364 99 438 43 569 261 544 833 230 764 616 951 316 300 15 704 63 961 42 217 457 853 831 962 586 181 127 597 924 279 40 410 225 92 489 617 335 586 772 644 430 527 248 408 45 491 67 197 32 627 885 740 261 428 696 20 218 321 329 572 197 133 58 432 208 775 568 609 376 891 781 421 317 799 817 988 262 251 655 975 803 943 129 614 527 489 481 906 938 670 939 667 304 16 832 870 461 606 512 492 831 658 256 595 636 934 424 449 537 607 875 852 293 523 364 593 237 162 535 582 381 874 257 898 62 904 395 752 323 167 826 99 119 170 961 221 227 874 871 742 729 739 942 727 661 336 326 748 53 598 443 862 878 977 140 800 245 915 383 556 632 466
486
598 706 42 816 458 145 200 908 816 738 744 312 812 956 435 863 180 426 682 431 592 527 880 632 123 277 310 194 813 667 78 456 693 137 238 506 664 243 856 963 990 500 344 636 868 950 566 717 848 417 131 622 577 314 329 918 747 739 17 826 302 331 901 486 579 185 328 694 901 50 460 177 565 484 995 155 427 533 516 640 969 254 856 441 941 913 836 134 576 15 708 288 359 773 809 762 943 868 711 676 440 458 247 329 443 544 318 884 524 511 179 734 28 76 480 149 183 515 803 250 987 687 339 561 669 702 745 869 536 753 235 961 360 273 171 303 288 899 286 688 738 325 405 827 652 613 593 950 992 798 450 791 135 663 67 13 736 384 26 579 698 176 228 240 660 280 706 821 57 804 481 331 130 745 871 699 898 625 148 103 989 141 560 536 108 94 452 985 948 762 997 118 606 940 9 402 570 853 57 863 610 623 501 577 116 160 364 373 237 50 107 610 119 685 147 871 822 529 508 848 152 913 726 116 760 883 908 499 22 20 736 991 309 686 914 196 949 109 424 885 641 331 639 211 278 529 52 805 941 275 890 383 12 965 512 930 51 39 644 411 32 783 987 379 964 748 240 733 763 650 337 461 892 327 150 800 358 127 365 919 877 813 805 16 634 510 470 168 20 338 929 907 963 896 35 505 418 341 526 775 522 919 999 858 768 994 848 356 261 771 525 189 563 292 145 402 682 13 809 2 114 835 272 978 452 32 540 490 645 94 283 626 770 706 898 802 629 105 242 386 134 428 572 823 736 385 858 420 623 861 113 652 918 898 533 693 88 980 231 950 288 860 648 370 612 369 962 836 83 342 445 900 870 396 993 529 630 26 132 954 521 859 724 758 91 980 105 415 299 730 983 81 181 954 247 483 111 288 931 547 226 969 241 645 912 149 741 725 245 933 417 895 704 62 553 234 111 512 272 696 233 824 258 151 680 436 873 585 411 212 621 84 119 682 352 186 262 408 561 966 858 358 264 46 605 596 704 458 270 97 547 150 783 476 104 432 589 518 683 587 718 504 332 349 594 474 782 540 236 130 68 27 828 619 736 299 420 380 587 154 41 59 860 896 262 874
963
893 409 572 103 299 32 544 604 67 33 491 284 253 280 973 395 385 612 912 666 642 378 837 84 967 739 339 213 382 358 814 905 969 563 939 527 366 367 755 669 703 983 94 757 135 391 303 980 922 651 565 96 33 845 934 38 659 991 359 854 805 546 434 730 922 535 715 255 629 89 293 217 743 940 343 365 832 873 454 733 282 403 512 224 512 763 136 992 512 324 839 453 968 785 665 584 18 605 170 474 526 441 363 701 165 951 145 318 838 530 543 581 766 933 645 586 984 532 212 354 707 498 273 803 78 347 798 904 162 775 776 657 641 305 96 918 156 568 53 443 593 843 223 943 87 483 119 532 882 810 733 895 60 286 139 655 33 423 502 830 724 148 820 352 711 632 133 972 241 676 248 786 114 213 892 549 419 715 348 31 307 271 59 848 985 210 293 286 426 27 284 965 689 746 972 64 818 42 998 265 214 31 164 155 944 100 464 258 446 33 406 778 815 876 619 699 560 328 896 59 388 88 431 425 976 791 226 751 139 567 627 853 279 182 810 141 293 688 949 450 269 849 812 860 366 146 608 871 252 171 32 879 773 523 859 642 751 357 4 659 804 888 485 437 812 385 465 96 67 754 12 859 19 123 225 789 552 466 26 553 727 629 965 544 338 632 682 542 717 17 783 819 339 249 883 659 978 863 581 129 864 544 131 618 73 771 382 454 76 189 865 726 951 947 187 451 445 128 915 811 964 273 628 870 389 780 13 934 295 515 467 485 510 694 612 930 71 138 860 43 966 94 545 260 159 977 898 694 511 715 678 744 292 55 825 325 187 769 550 735 65 589 713 204 313 920 356 899 310 138 78 664 268 991 417 883 209 810 39 401 488 165 203 380 210 94 308 557 945 848 566 892 49 699 644 37 500 537 436 714 301 565 983 432 277 872 482 563 851 873 994 59 979 312 3 768 393 622 287 619 324 649 624 416 273 207 102 439 720 661 633 1000 389 405 633 609 683 603 214 296 320 981 138 138 882 619 339 747 25 930 805 323 795 836 282 243 8 982 994 652 123 723 246 302 605 974 654 91 191 1000 973 598 75 390 901 96 917 322 692 785 233 743 175 592 851 978 75 596 22 97 350 299 605 760 253 191 353 624 143 859 177 628 38 370 850 420 682 523 557 542 67 626 526 767 203 202 636 854 111 220 464 933 972 217 90 604 328 241 471 82 938 171 242 111 887 960 90 744 721 136 107 845 764 86 871 937 615 360 494 713 771 798 584 222 786 857 727 771 586 230 216 341 686 787 586 668 591 611 260 120 835 749 150 544 235 34 38 819 313 282 929 703 177 512 691 849 54 138 397 979 551 544 981 775 331 737 424 565 975 322 322 773 226 770 491 103 955 786 964 771 285 994 496 331 710 853 914 366 929 820 629 482 312 276 632 149 456 485 735 465 7 347 772 22 282 584 69 617 248 988 503 627 552 224 945 117 598 910 362 210 841 521 857 494 489 213 297 580 936 470 252 903 362 249 895 458 865 878 400 25 849 810 570 114 278 268 562 838 793 824 409 564 162 882 347 576 79 167 552 202 550 619 73 502 914 399 927 499 379 247 103 711 713 563 177 908 991 692 797 119 317 772 262 507 511 287 262 134 556 512 530 812 734 189 46 963 873 312 817 933 545 187 181 851 393 675 723 569 57 570 674 48 158 915 388 689 861 478 31 883 813 651 191 766 542 722 703 30 477 607 785 709 832 842 267 967 529 799 664 268 885 137 481 791 300 452 926 977 388 153 493 381 939 609 77 482 669 824 253 624 609 168 263 253 564 894 596 894 423 520 990 200 387 344 785 285 974 734 468 632 830 941 674 306 959 380 207 669 776 734 296 246 53 115 538 484 202 675 500 921 383 235 325 340 464 391 390 962 864 483 752 971 922 662 70 529 980 682 62 514 833 817 61 524 496 478 558 241 780 551 696 785 269 622 688 19 773 371 693 948 168 248 172 359 891 14 634 724 673 662 762 572 883 212 906 63 324 338 684 743 7 556 113 574 29 537 747 144 456 995 343 111 587 835 120 934 696 698 268 340 842 506 107 261 113 478 538 125 657 492 238 711 992 581 809 723 350 750 619 697 703 5 613 83 800 806 4 377 934 417 876 787 422 363 751 267 285 607 848 713 24 756 999 177 165 314 680 354 422 859 751 818 186
93
26 386 779 870 95 137 191 915 115 438 741 895 129 132 575 351 891 759 142 687 651 825 92 878 282 55 497 391 757 990 605 60 412 725 60 582 509 896 869 571 82 280 720 759 906 931 25 235 484 176 295 223 163 495 177 131 37 932 201 531 378 713 994 270 742 171 774 911 504 337 590 579 457 216 749 782 870 985 4 725 545 728 542 639 326 897 883 636 75 950 433 68 530
534
219 20 855 896 34 953 397 729 154 291 130 825 136 994 397 476 877 764 554 618 855 647 374 234 890 732 79 579 803 316 951 289 718 570 975 945 763 464 91 892 688 970 233 291 672 912 21 705 233 394 711 223 889 56 229 612 421 142 995 904 550 35 434 190 711 666 893 242 218 484 287 823 500 509 353 709 916 50 756 675 839 613 154 387 783 321 954 891 668 610 451 410 642 881 132 55 339 264 977 913 311 702 4 7 616 657 598 577 962 949 995 748 514 628 13 763 744 912 122 917 861 309 581 112 4 876 831 895 411 1 794 931 593 400 723 851 542 459 940 47 633 144 753 595 909 663 767 980 669 759 611 803 505 605 109 803 272 43 5 330 392 694 892 82 55 345 988 8 232 223 171 585 849 937 727 366 296 347 262 791 449 38 152 973 16 872 833 904 208 373 333 745 381 770 127 897 54 162 172 13 580 782 513 619 468 144 990 278 944 406 357 839 810 225 660 560 198 515 126 369 552 709 448 948 333 148 297 292 23 325 214 182 945 153 592 915 790 675 498 581 893 787 58 404 204 101 548 312 735 29 414 695 279 288 993 250 338 820 996 968 731 415 717 809 29 223 39 935 423 771 341 84 553 848 179 282 60 71 321 119 459 850 65 624 155 893 561 487 70 42 278 892 552 513 449 317 994 728 595 395 782 822 247 278 627 271 389 993 793 352 812 946 818 600 795 207 851 89 595 382 909 227 386 215 420 280 176 591 704 140 176 512 538 739 760 322 208 609 979 613 961 389 349 552 282 108 114 769 963 139 471 324 644 449 566 980 256 931 6 828 392 785 892 928 831 769 371 227 495 659 730 370 473 422 867 656 135 858 403 359 861 471 959 392 204 134 215 654 867 78 251 384 366 349 288 831 862 913 705 725 101 807 167 499 555 751 309 404 373 491 448 131 646 165 798 882 962 584 340 191 378 401 16 108 465 548 593 242 469 287 58 861 170 392 604 295 695 686 859 473 612 432 469 225 492 879 946 435 819 961 954 142 120 246 339 452 184 483 632 189 759 358 447 520 897 643 514 562 773 227 732 818 414 295 957 878 635 977 363 352 732 127 849 740 230 535 364 330 850 334 240 217 94 855 702 735 604 914 920 921 682 945 71 662 973 897 980 733 185 801 771 166 979 589 251 131 141 77 672 429 524 810 500 214 975 887 883 847 889 618 619 120 252 894
845
270 2 317 722 562 14 945 801 830 46 952 829 157 495 858 232 117 310 36 891 889 940 196 267 140 41 387 412 198 1 256 919 426 81 455 391 612 130 363 509 308 177 481 981 705 684 80 987 674 551 3 843 840 77 894 940 263 226 918 825 989 187 722 660 925 472 737 754 363 373 579 24 607 655 300 360 536 155 355 356 565 696 732 628 449 567 164 886 355 14 388 925 872 736 153 124 502 961 645 530 950 150 139 300 375 497 737 991 445 299 984 673 481 195 332 558 41 444 827 519 939 493 882 848 793 817 285 759 337 487 165 15 126 93 349 777 466 324 479 96 869 976 922 750 192 859 357 200 240 160 810 900 358 836 800 46 397 70 956 861 761 326 768 311 165 37 435 547 626 173 405 200 83 18 71 111 564 901 846 15 561 439 977 716 209 160 297 745 806 86 448 37 718 294 914 626 320 463 601 507 4 545 547 220 830 115 749 283 410 96 429 590 576 482 636 611 614 878 804 912 579 788 440 675 723 502 41 829 242 589 668 91 818 546 577 952 191 919 405 846 927 416 467 209 972 100 897 805 174 723 650 648 766 889 793 59 778 615 713 440 410 418 99 256 855 993 827 754 954 409 885 594 669 107 80 200 168 257 332 177 121 464 722 939 308 366 546 302 494 753 605 292 351 937 315 72 15 112 640 103 496 495 801 920 136 265 402 338 363 189 442 362 248 464 311 823 494 900 153 279 315 468 751 251 865 802 800 335 924 70 590 727 383 876 181 603 522 816 220 644 884 884 440 461 633 488 195 763 560 713 710 952 690 927 352 395 611 391 275 357 286 363 525 549 166 667 59 761 71 511 489 990 348 893 847 908 744 472 238 132 621 590 551 496 793 483 222 416 670 363 910 917 215 412 732 338 107 959 124 810 750 811 74 233 515 86 607 340 429 197 436 130 515 715 206 778 648 634 443 563 577 384 435 58 632 212 686 683 795 481 134 575 379 387 117 235 683 398 448 765 87 8 73 902 146 1000 831 442 686 479 876 298 699 237 230 277 21 300 911 97 396 895 495 675 490 72 400 456 616 533 811 674 549 730 573 324 322 792 142 514 157 975 312 117 118 968 892 149 751 359 293 626 321 407 808 362 699 412 83 522 579 657 607 414 562 278 668 704 418 433 809 17 550 638 167 222 661 284 216 18 678 194 665 205 21 437 52 846 787 877 454 712 741 563 120 427 777 696 479 685 542 713 213 67 1 892 662 341 937 839 41 578 87 90 196 872 475 448 704 889 258 912 469 195 613 228 161 669 860 965 243 65 684 992 176 506 639 750 162 282 481 841 521 241 623 444 179 904 577 813 602 215 638 115 657 565 687 618 883 91 90 893 252 566 478 565 438 551 104 443 679 476 752 927 329 818 385 892 15 577 115 971 902 577 137 114 611 407 638 684 179 248 788 987 395 678 686 989 208 297 492 421 586 674 979 644 175 112 291 308 28 526 763 634 199 222 745 862 512 333 254 846 401 653 181 865 152 354 891 236 616 120 975 546 658 622 367 20 689 332 505 256 305 113 777 870 643 457 728 238 379 778 782 913 911 668 179 691 926 844 870 997 969 49 456 314 710 472 479 939 309 679 128 295 363 839 428 351 803 102 35 787 386 213 164 9 357 600 395 675 565 707 760 322 129 333 821 825 726 738 177 538 581 365 508 768 161 465 162 936 930 307 188 169 12 121 119 481 592 601 269 433 886 667 287 910 810 5 293 605 950 51 143 754 195 131 932 794 737 594 378 535 782 845 661 894 97 874 745 530 978 76 152 741 92 396 935 294 425 827 225 523 184 389 344 314 995 852 254 199 784 604 32 940 670 40 888 103 959 400 2 154 544 27 565 131 784 113 991 34 780 188 264 619 433 236 910 493 42 235 989 115 619 324 856
42
627 574 575 986 648 274 294 856 392 665 277 6 633 507 330 829 504 35 335 696 340 924 270 333 529 773 277 542 718 594 103 801 25 668 777 890 486 565 558 655 776 259
953
894 315 497 858 348 676 720 510 844 357 154 757 949 972 873 378 990 65 504 389 638 836 372 540 981 904 152 725 871 366 400 343 992 949 654 265 913 338 476 729 265 117 149 984 995 604 671 847 871 262 647 633 914 505 89 451 585 939 564 372 710 788 939 490 20 181 976 353 181 737 807 747 519 303 991 498 835 479 911 535 54 826 615 703 120 179 266 17 846 891 132 328 682 455 558 305 283 704 935 424 312 294 497 661 456 566 195 580 565 662 165 100 577 357 388 680 784 604 645 772 426 458 538 69 550 976 551 93 356 12 576 575 816 715 646 143 454 37 350 920 640 975 710 748 420 834 151 679 206 274 216 1 324 14 897 683 832 413 952 864 28 299 689 135 442 436 71 164 384 418 91 629 886 760 288 14 539 281 430 122 151 350 532 247 735 364 470 604 605 712 633 550 603 245 20 977 211 244 870 748 351 958 870 517 40 930 175 698 469 272 845 230 783 448 488 70 924 462 430 273 831 788 774 472 230 298 650 105 482 603 185 59 69 224 900 289 864 360 867 362 41 62 927 313 172 304 510 7 177 417 181 59 905 613 278 25 170 396 256 866 604 701 974 15 170 480 244 833 885 244 396 84 670 437 293 106 763 417 517 56 933 628 105 60 567 189 381 825 664 638 71 299 791 507 872 937 475 893 333 786 386 576 615 719 538 622 935 55 792 815 732 881 784 920 939 295 128 335 143 592 444 183 557 677 668 789 849 843 710 833 441 725 207 246 859 861 755 772 775 909 668 350 45 273 869 567 469 813 963 768 938 416 384 681 693 355 155 922 389 668 519 258 306 243 109 576 890 940 814 688 238 494 929 106 599 490 194 776 544 642 992 873 348 604 744 91 482 705 939 196 265 78 212 256 82 144 852 754 794 607 859 788 816 335 398 899 567 89 598 468 599 281 975 525 157 934 734 186 4 952 267 79 757 621 767 308 518 927 703 923 431 688 785 177 834 405 195 157 484 395 556 868 494 534 21 660 408 617 797 508 727 635 706 370 35 238 654 130 1 818 170 932 129 245 708 904 492 93 564 59 598 276 111 222 992 959 483 478 799 939 139 555 594 946 421 175 896 351 94 978 330 758 604 224 841 902 628 540 322 516 1 576 867 684 100 457 415 54 175 227 279 331 532 944 530 661 209 775 659 448 124 289 767 684 656 662 666 274 352 440 31 639 198 636 208 795 312 328 585 260 578 139 705 77 500 683 671 496 449 207 998 839 983 743 986 873 330 437 355 191 141 238 788 357 92 802 647 481 956 358 257 222 624 486 689 520 96 135 329 59 569 563 388 87 934 767 983 557 807 7 352 549 577 624 715 477 833 759 21 653 738 872 547 391 7 77 731 973 104 490 588 316 85 274 526 90 915 93 768 390 900 43 903 501 836 23 435 860 186 339 159 330 928 489 577 114 861 221 40 22 599 580 941 596 395 890 361 995 800 380 367 155 962 114 73 142 505 203 578 315 487 102 725 753 362 385 736 266 319 201 188 797 755 921 934 313 127 551 439 485 876 25 390 697 481 566 118 116 844 330 29 905 964 565 258 692 274 131 864 333 829 742 833 321 244 881 921 66 390 251 819 6 336 523 795 359 352 887 683 308 624 839 595 961 714 979 109 756 836 56 888 203 724 331 460 521 819 673 191 341 928 628 988 165 261 262 201 437 610 667 506 649 593 120 761 973 119 507 597 175 836 294 992 877 66 849 978 671 582 756 553 705 831 559 316 815 418 556 181 226 547 512 897 754 575 663 180 61 838 541 81 213 105 530 560 509 957 456 565 537 14 56 754 32 543 157 961 129 181 246 603 456 875 613 542 903 336 786 163 282 750 986 476 547 920 641 544 985 368 245 45 566 984 742 32 975 507 430 693 647 196 120 344 563 244 534 837 464 341 344 764 403 220 65 299 421 82 531 79 467 130 801 216 129 966 90 665 233 323 175 832 877 921 561 344 354 716 95 652 100 208 719 622 41 657 574 838 329 94 744 228 182 414 233 855 176 816 275 947 935 583 880 284 22 769 47 195 751 295 534 375 815 872 237 327 977 101 374 800 734 70 976 423 409 520 78 920 471 668 490 399 81 685 623 919 691 708 927 390 338 801 445 743 33 379 695 662 289 818 892 141 715 453
856
685 550 421 359 575 506 355 248 882 492 973 973 417 410 695 900 127 988 553 211 991 562 934 713 89 991 613 351 680 362 872 212 972 877 355 246 401 189 973 127 265 716 826 660 872 757 889 871 398 881 97 164 586 390 131 950 201 591 537 213 73 281 718 870 23 549 750 180 791 309 995 260 872 796 954 697 52 143 354 811 619 562 592 14 406 611 546 664 529 907 3 898 605 56 943 703 499 99 651 904 918 524 297 266 961 252 20 629 549 724 630 763 867 206 485 348 700 934 434 384 10 210 280 425 904 360 742 725 399 970 752 623 568 317 425 468 864 885 805 189 181 623 500 383 654 506 807 887 670 262 879 149 719 72 146 157 985 961 945 226 450 454 50 896 977 236 409 428 476 502 77 11 263 994 25 611 636 686 764 752 6 284 124 906 767 847 99 448 861 880 386 420 830 137 763 734 494 810 137 806 854 5 523 592 313 682 385 652 98 583 477 245 835 23 961 250 966 558 451 49 261 71 111 601 619 14 235 948 234 779 936 513 639 883 165 897 749 259 751 692 795 554 771 540 686 372 967 916 265 16 29 582 500 207 410 920 854 605 444 430 738 986 555 640 250 276 277 908 375 892 729 769 471 243 771 105 544 775 499 570 261 924 639 862 384 578 929 966 948 97 258 187 239 620 80 455 467 966 485 524 577 216 523 156 802 525 976 969 31 508 969 303 991 593 690 73 227 811 777 299 907 736 863 301 915 636 751 848 203 582 595 592 961 919 915 734 540 533 967 753 460 559 221 614 965 127 218 414 125 499 863 31 280 164 274 221 837 276 935 194 647 269 470 744 79 697 683 742 311 294 388 114 33 926 750 312 889 289 87 740 883 498 776 874 829 224 611 347 500 201 295 13 902 482 906 911 220 268 259 629 237 506 489 777 585 785 586 277 908 452 73 341 316 234 184 369 405 143 519 47 859 698 381 955 41 649 834 680 471 57 434 622 534 589 382 829 294 959 889 7 327 877 187 387 626 30 730 20 903 689 91 903 575 115 303 53 365 710 348 283 781 712 995 492 207 899 113 776 665 858 451 503 127 777 943 347 454 720 216 666 375 55 220 983 302 118 32 551 267 388 778 764 549 679 459 461 566 782 492 726 297 252 222 247 723 327 918 711 653 748 53 519 290 316 483 664 178 963 43 537 628 587 629 246 826 364 986 935 668 436 827 774 942 931 371 231 479 631 944 357 447 197 24 13 146 263 658 131 414 889 928 835 732 777 146 565 562 411 693 491 247 456 684 150 77 879 454 710 639 400 999 93 734 331 461 934 253 775 675 980 528 322 453 826 673 712 50 47 490 560 754 806 60 750 315 550 639 933 974 540 680 35 139 875 906 502 201 107 539 710 183 94 535 961 847 185 670 101 116 314 136 206 977 250 754 578 737 262 679 300 832 836 561 783 221 845 302 438 995 609 765 606 657 909 746 276 267 65 980 633 994 11 417 931 781 734 675 363 743 436 304 847 962 63 302 733 750 530 414 813 188 80 85 121 966 467 436 36 345 611 807 45 156 584 140 270 775 404 411 112 211 614 538 73 815 600 421 222 984 923 144 780 436 214 416 673 290 92 551 46 720 5 391 969 416 156 244 445 124 254 856 365 166 776 581 641 493 580 102 375 622 124 208 830 113 558 774 250 846 967 656 523 386 482 326 44 845 513 36 729 503 909 670 131 817 890 666 330 640 674 912 914 969 180 527 947 433 754 172 820 21 938 939 345 53 752 609 492 704 415 246 128 877 233 474 547 726 964 111 250 848 137 580 967 394 98 419 128 830 660 501 357 246 655 819 538 484 374 428 125 702 70 816 884 207 152 72 725 923 100 63 264 167 304 984 950 388 145 356 111 212 550 375 76 961 758 476 729 920 490 419 461 448 387 547 872 332 185 193 384 91 438 956 746 111 599
316
534 271 240 388 539 14 798 581 159 983 406 549 350 548 365 713 80 629 173 709 334 550 192 431 361 269 116 390 239 57 245 260 122 22 113 348 605 186 422 945 352 343 803 333 406 392 715 430 313 69 796 760 409 56 590 53 711 282 175 733 24 982 877 231 813 508 773 752 11 631 913 392 962 691 477 400 428 372 431 655 580 368 361 866 872 390 19 881 351 30 2 598 745 237 835 298 946 925 259 367 55 465 533 740 946 22 971 637 632 19 40 859 788 205 226 804 104 481 679 128 239 877 616 952 147 984 134 834 978 350 320 11 487 572 140 828 570 778 286 759 433 16 10 432 35 757 59 509 299 822 827 27 82 171 819 61 15 444 40 127 736 718 16 108 799 452 570 67 767 95 514 979 31 221 177 216 812 373 320 78 15 605 252 320 510 236 26 392 479 353 13 882 770 175 917 752 637 814 365 673 681 169 320 31 920 213 975 849 164 741 763 777 890 620 424 598 975 578 871 150 573 464 789 138 169 844 692 376 619 924 378 390 716 356 160 196 841 489 699 284 208 749 425 861 488 251 435 968 466 455 734 497 971 765 162 567 146 566 533 787 465 930 82 248 750 492 649 310 271 942 227 156 810 993 78 427 959 240 907 762 580 452 66 440 73 523 490 813 189 2 497 521 817 958 953 67 210 139 76 280 788 8 758 388 261 956 347 129 481 726 403 515 11 373 456 919
185
124 388 930 330 957 957 203 41 729 891 515 174 127 247 210 729 762 66 254 924 661 188 65 842 343 782 644 492 367 455 16 99 27 552 499 804 305 795 459 448 300 416 31 891 562 713 307 325 642 67 953 838 23 970 303 473 422 679 747 400 705 593 663 67 901 87 944 326 77 88 824 886 818 667 529 460 980 377 548 892 186 96 181 383 904 548 372 919 352 815 633 515 287 440 827 88 365 715 71 176 729 668 247 387 888 291 896 271 766 645 339 641 960 984 605 42 153 46 548 433 53 906 646 786 762 371 996 462 633 313 938 272 800 979 829 267 351 147 222 555 451 434 789 916 146 752 484 10 935 404 109 913 581 871 30 151 697 81 21 887 696 470 603 271 30 956 998 669 87 237 71 400 324 5 290 881 152 400 17 837 444 533 2 910 877
302
121 220 384 404 211 549 945 852 529 636 194 272 544 235 505 914 837 46 597 148 723 484 407 195 857 987 368 516 775 760 153 947 92 991 953 96 515 753 550 72 497 339 391 504 208 641 444 562 417 769 959 352 329 511 332 643 910 837 610 1 113 312 248 983 694 788 975 157 436 732 921 31 665 757 914 497 126 293 40 807 152 980 460 866 100 146 379 877 600 480 634 291 623 406 941 990 463 8 245 420 678 812 832 642 996 848 79 130 82 747 830 912 390 9 131 430 967 508 348 257 82 487 881 81 582 744 524 998 889 206 597 481 497 482 646 115 304 598 677 24 804 597 501 235 743 751 88 759 327 828 857 239 935 330 856 186 207 683 440 68 720 526 845 545 137 39 555 760 77 918 320 573 435 708 571 541 285 10 356 651 988 828 686 534 50 584 309 690 708 186 178 154 765 951 433 315 620 585 508 511 210 688 838 479 821 126 884 720 847 168 94 68 842 28 950 343 295 973 628 728 148 567 798 774 941 240 913 75 237 871 224 624 54 967 599 835 750 180 367 420 894 676 186 735 616 302 969 938 504 651 176 751 987 755 914 439 545 136 523 933 840 677 748 408 596 442 550 447 31 179 738 620 241 770 86 699 33 720 835 196 317 547 35 889 507 492 664 108 9 968 358 246 415 616 909 240 999 562 224 887 872 510
877
837 677 299 160 102 33 371 258 805 885 386 448 824 689 135 937 161 264 921 801 677 419 128 739 611 890 184 659 820 307 391 980 356 260 283 882 29 264 390 100 825 902 400 58 371 663 199 121 934 717 70 704 812 563 48 248 973 140 531 643 839 540 656 182 140 386 737 863 826 619 21 654 956 186 733 944 577 136 69 441 717 409 602 549 120 493 694 249 175 117 316 486 414 488 215 416 111 107 972 357 335 211 867 693 147 470 522 64 747 123 718 724 184 64 354 562 268 594 934 301 665 713 994 348 370 576 684 509 206 987 191 754 937 764 817 149 539 159 812 387 260 925 789 130 567 751 469 695 77 691 104 598 316 412 935 798 471 269 742 161 196 997 376 698 747 234 942 446 520 898 100 453 972 212 541 820 337 783 4 248 748 917 131 264 156 170 159 569 532 629 334 700 134 558 445 853 595 253 584 279 410 23 86 304 868 834 2 500 127 170 277 185 79 812 689 284 339 628 644 655 124 562 271 386 860 149 151 724 865 571 661 793 659 774 83 828 236 757 625 675 548 343 639 356 416 972 20 692 996 209 846 580 190 598 128 293 507 587 516 120 373 422 850 219 500 698 199 726 164 190 393 468 84 928 995 911 419 696 699 349 815 181 213 196 570 612 259 867 981 854 146 259 132 134 798 373 294 276 464 195 577 238 206 291 82 115 997 219 289 583 596 540 481 825 771 209 131 843 724 280 974 561 253 338 401 394 889 347 686 700 240 726 154 756 531 849 535 34 700 287 251 999 554 693 973 706 164 902 315 753 319 551 930 159 823 88 381 755 578 646 576 957 222 878 164 972 63 716 63 95 786 276 681 230 66 406 602 39 455 749 109 760 79 607 246 298 994 392 825 286 371 462 456 262 673 278 693 206 182 364 121 689 637 548 358 599 359 498 681 785 922 206 484 204 539 506 734 607 753 433 221 882 411 319 621 19 810 268 76 957 436 297 384 784 513 7 629 169 431 223 215 172 810 244 302 610 244 56 390 228 147 109 388 148 266 990 28 90 775 275 968 60 594 532 496 31 584 325 127 211 89 325 101 19 24 718 148 242 273 230 966 150 806 322 820 866 650 431 625 872 735 806 144 339 296 923 85 397 348 930 449 254 968 874 517 430 139 198 476 195 390 61 958 140 176 154 884 373 980 975 966 612 272 56 525 64 931 535 11 113 453 306 404 826 948 74 317 750 873 668 319 546 472 289 383 70 199 500 911 197 855 447 684 620 72 323 615 42 731 584 622 898 460 378 684 414 976 968 623 778 471 355 463 224 373 285 723 481 909 959 532 968 680 74 355 275 763 924 287 820 872 686 123 694 413 803 476 261 652 554 154 764 731 280 499 956 611 920 776 469 621 177 8 848 861 420 435 811 570 355 372 681 540 776 16 348 66 692 515 865 756 401 935 684 250 521 846 887 147 265 678 63 215 509 832 517 860 978 762 928 14 21 674 401 55 671 915 11 208 924 196 249 639 599 155 71 602 381 73 930 250 350 558 889 992 420 888 999 330 587 810 450 928 516 852 165 220 135 842 263 686 346 703 177 275 740 250 56 716 148 685 6 861 51 345 12 497 116 606 531 76 341 630 480 526 460 451 965 96 696 659 810 547 617 884 848 400 593 630 119 98 895 672 186 756 424 967 615 643 79 651 711 977 106 777 635 691 30 257 666 954 108 620 462 227 897 847 655 271 543 974 513 169 746 990 518 938 859 34 290 447 226 165 391 595 582 93 96 358 39 540 119 990 232 373 689 905 420 258 57 287 785 69 527 588 653 448 871 563 147 523 594 672 566 657 231 136 865 852 325 28 476 947 771 358 636 304 707 911 723 253 523 187 975 968 708 559 499 291 231 648 824 302 685 58 432 998 23 711 323 580 984 230 178 691 286 731 966 338 134 586 982 803 93 764 61 985 355 957 939 200 936 722 994 856 196 859 535 929 304 332 33 307 728 453 753 952
452
331 919 268 482 359 30 310 991 822 880 320 577 852 427 425 228 713 384 258 843 392 143 221 70 46 317 824 876 989 522 727 757 243 989 676 883 235 169 958 883 677 405 706 992 874 747 508 359 501 905 337 510 929 236 180 170 314 436 267 438 44 48 548 209 426 570 526 237 355 75 673 549 318 611 947 50 591 315 503 749 335 876 460 457 452 872 733 224 313 168 379 779 693 605 442 105 257 243 358 896 287 516 244 345 652 696 923 924 685 143 517 557 783 253 533 882 369 85 592 812 811 402 29 138 366 706 483 645 18 366 646 249 716 947 830 190 507 816 652 619 225 501 657 608 229 633 645 384 524 718 946 791 403 479 524 929 704 307 361 221 200 804 758 212 211 634 454 583 814 585 828 556 152 28 951 248 85 64 405 286 268 675 537 79 134 133 937 660 46 710 144 989 289 211 264 650 416 381 741 724 274 501 557 229 859 798 63 136 548 71 379 393 380 713 926 330 34 612 561 763 58 66 454 806 236 817 123 510 30 263 591 940 884 15 198 232 1000 187 170 48 823 367 160 227 360 325 671 63 288 444 39 879 15 412 210 293 391 547 700 871 139 361 20 669 452 728 122 589 532 320 879 686 179 986 759 553 382 354 337 851 901 406 164 153 468 376 622 953 248 166 97 303 92 437 114 455 850 634 767 922 333 380 713 408 743 718 610 435 715 697 261 924 950 38 331 337 779 929 120 934 927 482 680 103 729 136 813 565 667 402 202 56 948 999 702 318 856 932 246 362 145 842 241 904 993 933 323 990 81 921 815 186 882 134 320 728 398 236 638 105 952 563 860 217 515 359 362 532 366 930 835 500 192 75 397 133 99 54 821 867 526 393 656 859 453 553 822 455 623 114 291 585 789 7 690 326 77 157 62 929 238 759 313 584 62 705 841 861 253 306 212 421 854 801 511 532 179 544 781 742 673 634 628 930 25 62 420 775 568 501 197 713 161 298 882 259 370 247 448 362 411 218 393 906 57 362 62 84 31 457 697 348
461
179 773 723 171 190 152 866 41 479 426 314 807 876 430 545 143 393 418 393 533 353 840 557 384 574 111 9 494 704 332 61 293 22 466 808 211 357 380 493 124 378 748 770 137 926 602 898 610 962 836 271 387 700 469 119 874 468 667 267 781 634 640 516 512 985 762 958 88 698 499 149 854 582 627 958 3 191 988 182 187 367 409 757 467 256 267 679 771 375 497 645 95 364 500 958 837 397 934 939 515 496 467 714 282 258 415 122 513 926 820 798 446 135 691 62 541 624 77 46 174 935 755 277 230 992 582 344 321 216 295 198 50 785 829 929 231 815 842 291 907 491 172 890 479 799 91 613 189 602 552 189 904 705 943 224 436 750 313 359 748 281 209 36 533 825 136 794 380 351 147 778 529 132 36 946 792 290 602 92 272 650 625 117 969 875 806 235 786 407 89 334 442 876 159 2 196 766 706 770 832 245 94 107 10 450 354 98 360 877 718 712 458 682 247 164 889 367 637 218 904 371 804 306 520 988 412 188 107 490 825 630 445 440 335 719 844 583 572 507 794 971 906 828 663 236 651 794 697 937 471 523 698 127 645 108 446 246 77 625 314 438 683 512 539 543 307 348 113 495 263 658 656 552 351 65 910 106 155 194 48 421 684 235 510 703 281 135 401 818 527 633 498 766 579 260 639 818 943 692 52 417 585 938 793 371 255 782 710 279 41 304 231 440 962 863 391 274 300 430 570 612 873 995 410 249 465 714 632 439 415 706 699 284 244 280 430 236 389 903 467 142 115 603 688 339 433 789 137 915 492 452 871 449 931 499 102 824 953 237 528 218 30 831 963 907 488 544 925 67 524 238 630 419 701 692 70 863 343 75 216 579 797 816 917 868 852 804 981 313 107 583 825 745 439 487 594 581 167 340 90 659 396 627 101 262 433 692 847 594 993 901 347 676 581 14 797 798 713 577 329 871 575 332 93 819 476 124 935 577 904 724 17 195 740 849 645 404 433 27 179 855 376 341 254 562 895 998 312 986 973 606 112 634 154 843 878 739 359 658 884 278
330
695 86 636 886 306 487 173 235 534 793 779 426 844 735 600 995 622 577 725 613 762 559 746 260 490 28 923 345 980 601 709 931 778 927 427 599 114 666 564 1 663 972 93 697 710 909 310 137 122 551 531 604 365 992 40 228 127 664 987 216 334 332 278 86 713 797 170 848 806 140 981 550 491 990 337 521 339 896 844 475 349 793 331 395 262 173 245 643 926 143 250 780 635 956 287 244 628 785 953 431 95 510 398 610 389 636 819 722 946 681 113 105 333 39 85 990 317 59 944 355 979 365 947 340 17 363 641 845 52 591 284 164 70 994 566 970 823 85 938 526 29 822 179 417 502 49 259 740 266 556 33 774 399 210 83 934 127 834 789 352 514 461 106 448 867 19 263 864 572 183 556 303 306 646 162 197 187 940 955 436 150 572 380 154 585 649 933 380 562 800 740 718 122 981 82 491 98 793 900 666 755 621 707 845 917 355 636 480 415 993 372 725 754 205 214 512 815 549 46 416 687 309 562 474 342 837 895 493 157 853 469 938 800 876 777 907 513 319 340 947 910 130 238 835 857 96 287 308 152 215 886 181 186 577 740 681 588 589 579 581 424 994 92 21 483 86 819 886 899 914 327 585 714 887 920 78 132 922 893 476 178 688 656 335 303 639 61 274 237 238 25 612 805 593 415 59 429 793 17 997 870 962 422 445 363 679 367 43 755 962 253 192 737 839 891 266 458 760 841 548 796 489 396 350 639 879 61 342 474 864
706
215 175 187 765 419 150 955 316 434 907 58 495 974 732 117 803 17 856 115 220 672 728 314 301 48 960 73 177 462 274 319 174 477 237 221 814 565 327 465 384 905 307 101 741 308 870 747 832 615 631 955 971 945 887 170 634 446 283 35 38 130 814 723 501 878 682 930 313 100 24 812 102 456 573 697 577 429 557 555 95 149 110 648 751 622 140 437 36 974 1 5 123 242 319 397 137 904 677 847 838 53 326 797 257 120 642 505 770 142 92 773 730 848 469 256 288 952 714 193 166 390 615 650 495 934 589 261 448 232 741 199 102 975 329 179 456 729 903 742 84 809 513 273 531 667 928 670 767 293 643 171 485 427 569 93 310 427 417 413 255 251 770 690 724 787 639 562 791 306 520 79 384 420 617 650 929 459 65 194 56 772 781 445 382 394 561 804 294 53 57 947 383 986 566 314 349 280 531 268 679 434 370 29 838 129 401 382 24 285 833 587 479 700 510 282 208 607 79 705 942 358 901 663 25 207 222 779 118 612 321 248 11 295 796 147 539 88 798 437 270 703 327 881 602 863 889 415 959 936 662 284 401 6 279 365 105 575 31 209 504 990 845 797 275 971 288 679 743 575 921 519 524 194 187 245 156 554 884 126 327 675 258 617 704 73 419 96 622 453 590 947 726 300 467 881 515 525 143 483 915 638 224 308 151 45 624 125 289 644 10 200 84 10 965 532 331 168 778 493 809 866 620 132 56 673 68 834 492 338 27 899 324 642 111 814 961 501 542 323 23 891 758 814 818 382 691 605 550 928 809 893 60 864 153 286 608 943 733 718 294 872 480 102 236 317 395 559 895 259 329 651 237 617 990 668 791 56 548 799 490 564 896 577 585 439 247 391 536 920 931 768 800 797 284 398 888 553 106 969 135 50 14 264 570 515 955 789 396 904 858 417 239 924 207 637 733 131 822 295 304 72 364 978 816 788 360 162 535 4 133 357 176 329 27 754 399 86 356 725 443 189 314 267 854 868 483 948 658 937 814 617 939 150 635 256 482 447 321 93 874 361 104 771 141 208 881 946 177 924 135 856 886 850 300 869 144 467 454 144 688 448 152 246 66 231 597 98 141 749 338 286 135 135 867 121 860 824 164 611 752 396 954 942 495 134 199 908 626 337 61 39 756 511 512 445 752 706 514 664 521 866 239 93 875 984 528 983 654 777 646 107 496 956 806 454 935 10 822 133 925 388 194 321 492 115 584 148 443 829 495 962 795 966 237 413 309 466 447 8 390 475 536 887 531 289 121 916 238 725 467 336 82 483 784 271 379 628 835 70 771 611 774 882 116 14 780 117 109 336 160 322 20 159 832 707 480 955 940 637 498 512 711 821 491 304 893 484 684 660 756 545 633 197 210 919 963 795 455 396 485 369 898 220 946 699 29 17 300 833 214 750 735 9 429 29 551 536 218 329 944 631 104 888 369 414 82 643 431 384 252 299 985 854 455 677 400 213 943 224 845 400 281 594 992 154 574 444 979 768 696 154 229 490 931 654 469 507 237 146 665 662 787 220 893 878 704 930 64 787 304 99 915 246 635 677 84 867 685 939 6 660 532 631 81 945 350
676
147 895 493 221 864 576 474 172 142 713 635 230 195 796 758 990 470 226 828 643 299 372 91 660 833 842 363 71 165 549 694 789 58 275 504 724 17 305 874 383 132 177 301 927 433 780 607 941 416 279 875 806 644 335 167 814 593 203 632 191 464 780 279 360 277 165 851 851 255 305 943 24 568 877 419 864 842 586 48 557 172 743 305 63 469 408 628 943 785 944 218 383 922 688 865 501 858 306 12 330 772 317 207 182 872 914 332 950 773 167 998 68 746 504 618 775 776 876 564 155 715 537 207 517 991 555 533 383 392 672 311 706 1000 333 101 443 674 379 775 132 592 495 933 857 763 214 15 319 303 30 841 256 320 731 857 94 701 259 259 367 580 159 290 650 597 792 785 114 499 72 649 337 226 779 609 377 283 537 737 491 978 115 458 903 356 546 769 670 158 629 675 671 592 143 68 363 807 397 791 393 871 34 218 644 981 890 37 57 287 426 533 850 593 107 240 172 870 25 955 392 736 819 764 952 248 809 546 842 190 945 950 402 443 848 785 161 353 529 225 768 968 473 385 503 716 980 743 231 667 340 278 873 429 799 55 756 878 862 886 249 345 620 26 209 484 762 519 704 471 130 637 125 758 111 871 922 278 323 976 159 239 558 212 872 215 703 160 26 415 423 593 327 87 424 166 146 151 795 147 303 439 117 156 402 360 747 847 996 500 487 253 889 903 745 157 936 449 183 585 308 829 912 253 536 723 305 781 531 564 252 227 651 186 426 615 371 308 630 701 631 192 770 217 338 929 868 186 236 461 331 960 655 207 853 254 264 56 784 546 470 97 403 587 575 644 786 255 608 595 582 511 611 545 835 212 589 162 824 786 16 64 598 707 746 363 614 431 156 169 945 513 293 443 29 53 720 105 959 363 736 816 279 277 135 401 579 133 699 611 660 593 100 481 229 722 301 344 876 835 856 605 427 48 496 278 853 754 238 31 41 404 317 442 308 363 654 824 377 982 654 511 183 391 392 184 752 187 354 702 405 529 858 888 296 27 92 541 278 896 274 482 529 810 764 336 925 974 75 340 481 981 556 689 159 801 861 929 482 942 814 541 456 312 235 390 975 319 763 673 664 26 569 195 583 567 950 633 483 204 346 407 730 973 585 722 447 575 735 18 723 633 225 933 972 2 262 32 620 594 381 187 6 734 697 221 883 101 380 156 69 929 203 427 676 909 307 70 552 711 402 596 762 878 172 179 846 641 189 180 463 21 713 741 44 597 243 365 149 51 518 507 247 871 85 940 714 334 847 599 855 784 751 623 10 150 745 799 20 864 197 19 699 782 576 236 406 42 497 179 119 453 583 866 266 979 117 185 520 544 288 748 435 208 277 376 613 275 922 865 665 269 572 753 938 35 841 491 999 986 499 199 30 414 552 417 343 28 859 180 20 983 908 707 336 149 557 701 278 361 855 809 249 233 163 581 253 163 816 958 980 791 527 522 422 986 982 429 341 258 457 159 483 424 65 216 398 26 294 617 74 416 818 514 288 810 868
307
265 815 1 738 71 128 500 627 663 200 246 429 76 326 71 763 365 439 358 508 252 575 564 188 450 775 739 101 463 965 428 313 867 579 551 370 860 58 365 236 458 81 676 364 987 58 818 472 829 391 424 674 365 185 227 84 214 406 519 787 740 412 433 716 935 544 575 567 28 112 702 498 695 941 381 633 608 905 184 329 750 874 805 389 358 81 861 882 132 30 2 480 241 388 742 628 187 913 719 454 719 417 89 81 851 643 479 759 74 738 313 420 91 521 518 91 227 419 680 605 890 1 745 970 386 206 415 982 805 760 768 444 288 23 933 10 120 164 961 821 801 72 704 613 310 688 134 928 218 693 459 871 894 722 96 627 48 59 294 525 199 82 111 906 283 360 454 864 378 180 518 157 148 17 83 267 191 772 805 977 806 465 539 730 45 267 144 31 470 658 624 598 682 150 284 701 591 131 965 591 150 160 532 388 828 65 545 409 937 75 129 206 223 409 58 969 720 378 425 550 724 92 736 635 713 148 322 447 538 702 952 83 376 637 242 266 67 809 576 992 515 65 366 118 496 379 58 643 223 298 891 242 821 777 977 558 69 996 798 910 941 617 48 525 439 626 81 101 260 852 291 637 730 267 726 951 197 275 430 325 948 835 310 994 691 186 533 580 9 219 370 45 230 710 623 517 148 16 713 367 234 873 43 31 72 562 695
937
271 175 338 346 397 672 67 48 157 11 35 111 562 349 481 636 922 624 228 393 217 477 676 631 477 815 11 4 945 70 827 97 281 299 347 619 999 645 761 702 188 729 701 982 583 303 172 672 16 442 462 543 46 806 93 508 896 969 555 184 819 587 396 821 148 578 885 61 120 48 309 842 82 992 234 527 966 747 983 105 370 331 615 202 236 707 738 959 338 698 653 573 911 833 285 635 768 247 929 694 208 317 695 588 46 861 242 541 489 959 61 493 717 278 837 46 870 48 363 512 232 827 250 385 2 117 814 883 730 593 230 930 156 326 968 266 420 777 564 677 231 131 331 459 882 414 882 220 264 594 665 768 793 815 212 738 523 612 133 775 57 69 898 630 398 536 571 388 487 65 276 454 174 343 766 110 423 783 975 375 964 495 441 688 289 250 604 263 1 152 964 572 930 646 928 662 49 735 918 468 746 274 328 137 336 957 620 394 860 627 821 982 985 4 540 17 836 181 908 292 138 100 741 501 290 216 18 254 175 83 140 6 206 675 922 628 233 517 589 696 54 26 986 287 371 789 423 629 715 119 628 385 92 617 483 174 526 249 355 554 983 929 910 291 366 923 298 433 1 65 137 120 702 68 502 226 42 388 223 321 987 656 857 22 939 93 63 162 319 688 756 113 795 867 6 171 768 606 274 47 940 205 353 373 447 345 390 661 856 490 325 105 271 595 380 974 684 350 287 295 210 970 499 32 283 885 784 491 608 694 522 742 171 49 209 368 465 896 698 344 845 182 931 940 515 578 933 932 612 711 83 991 686 248 214 162 854 319 721 226 124 845 64 619 353 808 477 948 602 166 204 213 883 50 211 922 483 185 581 471 691 300 754 651 992 856 137 699 107 460 350 484 915 20 292 496 148 715 90 275 115 495 519 247 931 275 701 542 518 619 300 432 472 195 714 559 744 483 577 438 910 812 979 250 355 468 380 891 425 696 917 743 470 173 228 199 237 131 71 442 357 495 254 680 651 395 769 404 741 93 709 260 238 308 749 304 826 870 262 381 829 355 490 307 273 157 884 18 512 121 457 180 550 54 56 127 878 326 873 147 888 7 644 345 275 950 99 107 752 26 527 273 382 935 184 8 750 626 911 719 771 108 475 26 712 414 101 815 584 507 313 727 156 68 271 190 85 74 382 82 704 656 436 299 154 549 452 673 108 919 981 770 82 373 800 730 659 99 433 947 233 590 683 334 878 911 703 796 441 256 125 370 426 847 828 866 420 145 683 885 1 972 63 736 136 581 752 424 474 961 512 952 781 739 794 947 352 314 593 323 650 443 921 689 467 713 767 532 489 578 736 429 29 418 775 718 308 379 55 71 846 401 627 575 588 228 479 279 886 11 373 934 950 681 90 124 476 660 757 949 675 444 454 103 844 137 640 872 182 556 685 819 526 391 11 580 407 174 951 426 275 90 981 73 216 898 469 724 476 583 472 252 915 2 822 92 582 400 917 208 134 926 588 831 761 61 249 637 820 762 53 470 441 649 469 21 33 165 179 38 136 857 147 396 436 761 743 752 844 814 952 251 530 700 407 288 802 29 164 169 907 204 341 759 520 33 135 341 651 63 17 852 794 302 526 656 768 761 30 775 631 884 674 253 734 341 421 706 452 59 868 268 28 485 201 19 760 966 847 331 668 989 268 445 854 855 548 327 423 136 838 263 822 635 466 122 914 812 869 876 646 483 611 452 455 310 261 428 616 838 76 410 529 379 771 858 280 211 847 702 476 460 637 389 692 151 651 961 580 197 564 154 196 589 334 965 569 685 867 308 451 238 306 515 202 223 153 135 145 599 711 193 482 42 47 577 498 609 433 791 785 60 199 200 721 336 585 27 209 980 43 285 434 130 784 689 90 411 220 647 592 818 757 597 305 838 100 322 114 223 374 902 45 413 550 777 78 742 964 670 416 936 85 587 61 999 331 14 382 36 206 146 786 46 996 895 345 948 347 93 32 353 508 231 10 912 281 792 638 830 191 853 325 699 234 865 998 723 754 543 551 838 887 808 95 570 882 452 842 172 51 894 529 352 468 957 502 627 618 627 281 655 494 56 116 930 877 978 338 806 650 471 569 621 76 533 71
101
22 865 913 435 595 769 604 807 42 26 431 221 445 32 811 25 51 857 658 201 812 723 562 610 856 418 651 254 25 758 756 966 126 620 426 891 980 785 253 406 636 223 826 791 977 774 13 173 872 536 995 222 952 518 78 884 966 971 795 181 915 503 643 199 48 972 692 37 747 539 367 512 877 715 569 961 610 960 265 604 113 509 482 311 285 858 162 8 957 538 361 300 179 983 781 218 132 193 442 440 241
934
288 931 873 704 530 466 998 46 951 281 321 192 390 966 55 207 843 892 888 730 275 253 20 193 280 929 960 520 721 836 369 963 517 701 461 946 92 46 958 977 266 634 573 516 23 442 526 924 941 189 963 536 293 182 279 964 259 189 799 54 593 622 254 408 470 242 965 10 283 430 820 702 447 794 1000 306 774 576 965 500 459 306 970 843 334 619 442 319 173 194 70 697 599 572 790 240 532 93 664 652 547 419 132 947 487 306 81 369 972 459 822 632 275 22 561 685 972 848 564 405 191 823 86 441 405 320 728 394 492 909 416 342 835 836 469 412 564 225 340 268 194 941 294 806 911 752 673 515 836 541 868 397 708 515 371 498 469 83 16 622 253 697 506 741 172 567 484 278 873 993 517 324 672 273 744 142 918 760 611 707 897 535 919 966 707 317 361 574 9 831 394 831 174 315 538 507 762 649 10 763 775 728 900 321 352 272 40 447 798 803 384 256 431 883 545 47 571 112 558 339 202 819 493 155 828 718 917 380 230 173 456 436 14 346 217 564 452 854 818 239 683 664 943 19 227 527 705 121 157 379 412 308 228 731 169 940 812 485 122 24 319 537 134 218 28 307 724 18 279 104 883 80 391 652 962 311 245 103 756 928 558 204 821 646 872 252 195 934 180 224 72 400 739 504 367 416 900 115 932 684 745 934 35 971 834 976 842 630 357 604 976 993 670 936 470 404 302 453 63 315 99 915 748 780 524 321 51 750 477 328 56 590 705 405 835 724 812 648 735 163 742 983 537 614 874 293 412 590 241 177 478 907 48 870 523 750 425 314 168 911 364 960 972 185 578 504 487 228 152 787 93 52 956 541 760 164 682 65 841 573 213 223 45 479 786 100 718 959 263 668 241 777 741 311 519 988 544 230 945 118 539 717 125 708 977 441 363 953 117 635 666 933 974 540 716 189 512 141 280 597 9 705 962 303 169 953 809 680 473 496 948 533 507 20 711 318 922 784 178 395 875 930 748 942 980 512 402 527 695 239 267 905 674 915 293 230 850 395 866 908 948 679 806 896 209 38 212 78 299 399 27 577 849 283 126 322 209 791 277 37 629 818 602 187 387 214 312 265 97 447 370 421 621 612 267 414 604 757 518 323 300 587 439 229 148 102 154 550 262 451 449 571 504 923 954 53 964 858 719 306 393 481 584 699 837 238 430 111 14 351 205 33 983 835 926 958 667 205 956 369 880 917 265 956 217 258 131 976 821 537 214 625 767 948 154 756 149 55 663 275 983 725 99 107 276 627 404 531 935 15 842 427 740 885 437 942 792 89 86 456 38 723 701 757 715 927 999 353 39 250 927 784 239 728 881 858 97 282 769 420 991 696 163 151 482 995 787 438 595 25 359 276 901 598 442 777 866 354 441 947 856 576 649 815 692 685 542 534 72 82 625 305 122 42 378 63 66 900 481 928 567 723 203 949 920 34 852 247 89 80 58 946 461 657 231 997 50 924 223 340 251 171 181 745 150 186 998 133 489 178 300 896 940 911 464 111 286 742 941 445 632 441 770 62 43 962 662 115 397 810 434 589 782 565 475 575 928 578 540 988 411 208 197 438 511 222 87 101 930 756 512 309 12 923 215 881 744 191 774 937 751 410 34 369 322 511 499 414 901 405 809 330 534 2 166 635 394 291 769 110 585 976 177 995 573 661 320 727 910 846 115 246 32 632 419 700 388 490 607 956 869 357 922 320 834 397 651 234 848 811 405 389 669 385 676 667 286 965 991 331 280 7 633 748 606 941 950 221 353 112 999 141 100 950 296 16 616 363 174 70 977 946 757 688 130 849 225 205 459 137 919 27 955 386 55 551 772 897 972 326 265 614 556 45 111 915 240 926 63 249 658 652 155 27 243 1 457 694 36 614 326 529 413 173 565 865 548 45 767 333 41 142 462 967 715 966 356 623 820 426 88 965 243 682 115 736 508 944 495 359 838 297 87 32 974 176 299 930 348 320 388 935 355 5 166 801 774 596 340 428 611 192 847 7 850 735 775 80 41 911 984 857 264 586 190 763 708 361 804 811 144 910 622 756 104 762 347 654 67 550 744 135 276 260 794 838 687 720 873 676 650 733 696 453
183
518 306 46 812 567 57 181 880 675 78 351 705 172 438 352 194 275 994 48 581 774 512 14 966 397 835 351 244 504 583 882 801 700 393 257 841 765 573 13 571 803 339 191 49 63 734 882 777 620 21 263 190 787 208 214 922 105 801 443 592 293 214 800 224 138 647 223 655 973 562 503 553 166 894 582 737 680 577 906 732 599 275 968 202 592 249 344 995 454 667 846 894 348 822 18 482 445 13 368 872 773 732 807 795 69 93 987 558 451 623 190 934 683 787 709 210 508 792 372 589 281 120 373 449 55 928 745 275 801 378 815 766 76 783 682 212 893 463 779 84 80 422 253 255 148 848 634 558 227 449 612 581 387 865 446 718 243 510 315 968 799 74 112 443 472 686 874 905 801 213 613 332 402 548 543 756 953 847 10 268 508 554 390
425
332 351 218 226 998 211 312 944 432 661 385 753 915 296 644 32 115 438 566 495 60 901 886 959 931 111 558 606 437 705 228 194 60 848 708 564 956 214 107 393 597 770 556 811 160 848 393 40 851 268 64 737 779 488 372 429 187 390 162 756 166 362 719 362 285 672 261 138 10 796 62 611 488 746 147 681 284 574 622 170 328 112 475 388 243 64 150 260 49 251 844 373 108 348 597 39 185 842 746 762 774 65 867 188 770 987 392 447 132 519 918 294 799 641 482 325 153 939 719 74 748 764 972 615 896 620 785 332 248 894 497 719 357 37 449 453 817 148 279 99 904 45 963 470 355 603 478 992 40 757 43 592 150 939 615 869 366 853 425 750 359 499 796 120 816 265 618 296 219 856 283 228 732 157 150 293 662 58 51 859 806 322 462 358 328 698 654 296 301 13 28 890 615 857 884 701 755 334 79 517 689 438 477 913 24 90 610 10 278 732 246 756 434 556 967 342 828 976 965 526 873 966 299 571 914 175 386 36 258 313 653 98 316 897 946 481 995 674 38 540 864 769 188 697 626 607 58 445 254 200 753 560 892 214 537 1000 321 125 977 979 959 279 767 720 650 936 955 715 200 988 965 842 328 326 560 593 183 114 34 188 468 782 493 633 298 452 717 433 522 93 449 848 691 758 787 150 739 573 692 414 472 639 230 457 777 90 314 430 309 136 547 628 915 571 789 844 181 851 523 171 717 465 986 94 218 107 743 175 178 403 152 718 284 740 21 484 467 251 401 406 159 799 865 43 69 955 580 129 406 66 194 614 276 336 850 665 407 970 647 801 323 755 727 665 163 856 553 644 60 42 391 597 568 722 387 690 63 809 82 152 338 910 69 507 259 494 487 472 610 472 542 70 712 253 233 3 360 853 1000 275 210 911 555 450 951 510 872 128 794 269 494 728 925 699 782 495 862 146 165 180 753 742 126 763 754
173
911 15 374 658 38 54 130 306 730 493 378 344 811 607 785 453 86 557 411 145 979 205 868 514 474 852 649 828 792 605 674 558 988 420 402 946 116 562 484 248 806 733 28 896 703 67 472 812 737 416 422 297 102 885 682 645 320 426 252 777 639 514 665 924 848 69 559 859 474 689 160 761 427 652 925 96 862 4 886 476 663 228 962 366 384 344 41 650 78 341 560 688 930 699 282 686 564 810 39 681 808 181 576 313 226 261 277 484 224 533 379 845 338 360 409 926 327 878 111 369 106 259 943 446 263 23 945 806 713 808 603 166 35 669 816 669 884 318 694 828 851 415 77 697 113 19 365 317 891 598 476 759 395 46 669 5 787 325 915 550 799 763 277 426 723 639 675 192 906 497 853 786 109
403
933 714 188 290 929 805 776 237 995 602 488 918 377 954 950 733 342 756 63 675 935 217 660 683 259 872 487 597 919 410 114 365 331 689 389 932 339 223 240 962 116 449 485 14 390 219 892 730 510 6 150 129 604 641 501 563 370 883 726 482 925 702 884 169 464 219 568 916 657 119 378 183 564 323 992 4 387 884 925 638 279 934 341 552 81 761 927 219 102 947 654 699 403 491 643 89 293 612 148 401 741 559 337 556 728 186 755 690 458 985 73 796 907 306 300 830 559 825 613 678 498 698 498 482 657 950 888 230 2 848 470 119 573 921 327 789 541 557 444 407 248 147 628 395 241 198 722 954 112 617 812 421 820 312 432 629 205 393 311 835 836 325 291 141 713 252 1000 278 148 743 856 647 830 286 714 363 544 615 519 177 808 327 345 272 590 350 537 422 313 607 850 606 68 995 666 617 929 780 241 244 604 828 574 648 943 605 668 810 225 569 544 750 352 352 477 405 112 370 400 631 138 278 774 989 623 214 787 741 480 18 125 918 994 450 159 384 643 302 832 650 896 796 393 138 424 456 570 995 303 525 287 791 281 636 643 441 840 239 203 939 853 646 220 13 505 105 185 212 271 187 520 441 300 875 942 637 323 803 253 148 951 135 891 22 417 301 499 723 222 404 205 142 967 961 382 323 340 946 209 874 991 237 308 343 844 81 282 854 406 398 297 77 251 100 400 181 465 785 758 739 298 123 343 781 935 675 82 490 759 40 553 245 802 758 820 902 856 125 570 241 848 50 505 172 636 983 348 909 880 771 211 670 580 20 945 558 179 627 339 410 807 661 989 708 592 870 733 564 752 717 292 314 974 781 293 573 536 262 185 316 656 797 490 349 485 396 317 814 84 905 551 466 759 470 771 12 26 211 531 614 171 715 475
76
151 399 882 557 62 193 31 676 897 67 605 338 510 318 713 957 40 219 654 370 626 177 433 336 849 47 158 820 286 524 121 535 871 719 261 94 894 195 521 262 920 363 934 23 613 1 184 626 628 49 261 709 478 339 51 382 826 824 502 692 190 658 989 459 738 539 967 484 524 558 407 132 238 383 429 736
388
575 554 733 33 486 507 672 95 490 63 700 510 471 560 958 863 828 552 232 484 307 65 838 500 313 981 118 200 990 657 396 969 75 192 172 530 88 607 607 150 349 581 319 833 218 858 274 846 302 105 667 105 711 384 71 469 312 532 109 785 193 388 704 952 713 893 980 160 221 513 323 744 712 466 769 846 843 193 2 766 81 63 774 440 545 782 221 463 919 910 597 932 779 92 577 206 211 108 268 435 167 731 628 148 947 746 421 978 815 820 971 84 626 643 762 265 426 697 333 359 608 451 549 925 351 271 783 881 454 30 551 705 473 858 41 922 405 493 980 514 143 660 891 916 103 369 170 499 251 835 302 826 318 152 845 175 442 534 487 144 313 184 438 327 880 966 353 521 650 311 335 582 754 448 575 419 343 997 951 811 200 462 264 445 511 931 161 487 616 555 839 81 658 343 554 277 831 513 282 721 469 421 482 110 976 239 586 943 539 866 461 200 172 246 912 126 184 513 102 809 391 261 667 252 899 589 349 139 997 840 751 816 763 847 752 281 588 807 479 259 803 293 954 352 522 93 692 105 247 216 801 898 345 981 201 641 256 98 82 378 768 56 461 154 216 906 7 301 11 758 140 289 822 755 322 503 68 59 782 527 739 174 781 669 497 688 759 650 281 994 630 467 985 869 347 633 567 376 278 926 312 576 751 273 660 136 328 232 774 681 782 259 256 569 25 493 645 878 271 701 21 128 969 977 108 529 927 193 735 521 429 569 55 625 903 166 714 485 9 680 449 222 302 621 427 801 144 719 368 733 207 866 611 407 408 474 554 171 761 437 330 582 376 630 946 520 322 837 350 939 280 290 147 624 629 451 925 816 737 835 971 161 817 623 925 881 370 293
965
37 419 979 721 42 313 28 474 351 232 904 904 783 207 42 568 93 414 875 884 881 347 588 870 333 789 485 118 335 210 604 324 989 510 902 718 418 936 855 707 600 826 334 698 953 52 98 202 789 46 708 18 999 437 340 150 346 850 762 170 982 954 898 951 180 680 103 324 904 296 120 448 773 535 115 94 482 657 156 794 507 144 555 786 538 17 484 896 758 954 269 355 913 164 50 399 489 175 799 592 734 448 728 1000 624 862 616 889 546 794 458 659 569 695 443 752 299 873 805 763 236 135 482 80 24 913 581 559 809 228 117 873 819 12 357 971 438 766 732 1 594 757 141 616 904 522 44 631 507 760 889 107 17 340 701 3 477 215 59 800 353 904 147 444 829 219 847 151 706 128 53 877 932 797 802 468 855 14 635 678 480 470 573 862 268 181 940 262 681 400 488 598 788 188 574 204 665 807 629 913 573 785 369 361 603 148 986 733 468 689 854 163 682 934 370 186 276 888 546 912 769 510 935 584 492 44 650 524 670 527 418 617 860 557 417 124 448 278 618 591 806 945 353 296 847 339 279 866 888 930 596 810 81 879 126 457 1 25 737 996 723 224 423 743 631 476 212 721 297 221 285 429 516 539 959 98 702 706 838 346 792 389 527 833 507 498 943 371 714 354 889 510 226 180 521 243 762 824 826 962 73 203 893 512 969 617 656 551 929 111 536 919 201 121 707 920 205 106 893 627 295 279 332 513 645 38 788 698 194 593 361 938 948 114 462 940 58 770 677 234 464 24 469 616 435 840 666 630 319 882 17 185 288 1000 68 508 936 322 478 562 42 941 812 155 818 813 77 152 721 399 814 597 83 718 546 301 701 345 735 384 767 103 879 431 696 410 761 812 616 881 190 931 88 628 327 138 208 209 262 162 328 400 780 683 144 744 630 143 69 861 986 748 703 753 232 79 925 29 466 759 496 11 2 113 382 579 311 821 476 263 167 580 873 780 624 795 979 89 631 838 318 192 851 316 239 85 989 680 384 16 169 893 16 28 574 159 695 499 698 948 110 49 152 941 713 594 788 356 213 124 599 590 737 512 677 570 212 425 250 512 899 863 606 878 191 496 145 871 519 927 598 472 993 455 513 545 676 366 321 661 997 471 411 673 455 352 985 241 588 482 914 591 511 54 604 534 965 902 208 717 253 346 854 621 473 795 572 213 321 788 12 579 822 775 764 638 243 214 656 180 500 378 807 822 321 146 83 605 577 318 207 403 809 747 335 394 754 736 766 103 950 556 555 972 962 340 118 587 460 159 418 58 739 331 612 116 251 644 930 319 125 409 643 695 288 611 397 198 401 955 948 710 233 381 378 597 306 131 708 446 210 968 519 384 836 937 587 978 23 319 97 745 795 529 271 984 729 313 489 923 58 777 847 788 119 596 953 986 978 8 826 964 272 504 121 736 299 649 102 948 647 204 479 392 990 771 799 835 454 262 638 852 233 607 412 401 358 361 66 701 141 458 902 482 428 674 645 909 711 525 50 563 558 368 956 700 370 875 445 127 666 105 710 126 815 834 842 233 505 995 435 789 155 529 156 706 692 310 756 732 422 39 929 85 362 856 317 109 558 668 848 517 69 611 729 177 379 210 100 868 899 825 225 124 466 359 488 561 744 915 533 546 33 241 976 806 680 946 444 457 312 644 565 957 966 955 570 715 980 167 578 236 334 470 276 28 608 967 877 817 904 84 747 171 124 745 614 809 558 141 241 909 590 62 289 768 372 448 969 46 876 758 561 708 605 140 883 816 812 47 343 358 977 629 103 79 35 268 313 994 596 728 322 964 290 962 746 500 935 784 515 560 383 548 218 716 559 494 68 989 597 772 746 298 327 810 783 290 599 580 941 640 144 814 516 333 965 327 942 504 724 753 166 431 414 902 783 188 73 439 267 237 508 364 758 774 312 95 72 111 74 485 563 867 200 130 800 463 6 355 325 365 529 890 39 649 699 298 81 208 73 157 354 871 91 326 142 796 444 867 914 345 385 686 100 493 415 716 320 197 179 955 968 516 874 77 46 324 760 970 282 385 786 617 802 456 1000 398 735 364 53 446 186 768 231 61 183 265 420 730 841 618 579 78 91 822 782 343 934 845 31 653 360 509 763 287 67 536 988 622 326 969 470 438 450 701 667 779 862 790 974 741 534 45 429
541
930 367 903 892 857 367 980 801 32 661 183 610 712 522 897 845 103 793 372 321 894 429 768 88 109 380 637 465 874 113 307 357 721 913 152 602 297 496 129 102 801 635 836 192 308 501 55 532 221 496 581 637 999 983 937 181 300 493 582 442 630 623 819 860 107 138 557 830 151 57 470 662 86 831 635 595 467 367 832 1 776 19 60 301 747 884 397 26 910 403 610 192 126 166 109 983 281 851 56 676 783 573 807 148 95 428 865 968 928 431 788 534 348 827 376 121 557 84 303 525 122 978 274 851 63 942 497 619 640 89 141 902 223 316 473 961 620 479 611 927 896 271 252 335 563 911 539 449 307 157 120 467 904 621 168 199 606 981 42 566 123 233 415 288 993 9 255 317 255 288 12 151 980 50 982 182 991 279 808 13 951 402 583 385 781 197 393 78 700 947 865 924 346 237 193 195 1000 594 102 931 416 820 362 831 924 725 671 820 821 406 734 209 921 800 648 650 658 843 306 199 917 387 859 580 268 122 647 526 173 192 965 143 471 821 671 463 254 483 356 723 239 199 227 116 100 246 909 430 819 494 652 122 485 809 788 114 865 732 160 464 735 17 242 669 137 115 657 254 215 412 878 342 762 120 63 114 855 457 718 348 837 178 256 854 684 914 133 64 457 129 271 55 591 241 116 585 745 309 237 737 509 913 982 324 959 344 256 247 283 926 481 41 50 91 614 983 251 387 774 482 156 138 616 682 535 702 55 32 115 290 834 507 453 473 946 567 429 804 238 963 128 240 259 376 291 735 979 884 907 393 597 753 705 86 671 616 522 430 655 778 579 774 335 111 56 460 632 306 807 743 464 415 979 910 656 423 139 594 91 606 874 849 15 66 890 154 99 681 718 666 717 346 410 838 308 162 876 299 979 469 655 893 207 69 972 733 185 164 394 558 605 852 295 519 413 379 478 140 341 665 925 912 509 658 998 629 988 262 721 189 407 356 852 363 667 533 172 137 882 998 85 625 875 799 109 32 434 155 771 27 427 727 909 655 565 121 332 102 297 150 260 315 721 684 30 557 721 171 814 801 843 275 1000 735 178 37 982 160 604 643 211 225 412 286 968 119 543 880 926 965 370 613 757 406 409 398 325 221 743 160 832 391 75 309 315 968 757 298 176 462 32 216 722 360 533 594 390 440 922 443 424 838 450 965 222 283 834 684 522 815 825 754 398 296 158 234 162 417 56 430 122
539
605 275 483 608 649 437 558 95 741 872 286 989 799 96 271 364 980 448 85 515 486 376 952 558 742 418 231 370 125 939 5 326 717 632 541 860 443 655 350 666 533 337 975 45 55 794 779 13 408 105 700 951 651 720 336 761 666 998 583 285 515 989 129 125 765 387 596 770 467 809 272 758 982 10 641 920 573 844 262 257 382 791 173 872 751 846 17 618 98 92 871 698 612 221 514 904 903 650 70 830 531 973 579 261 708 544 155 661 486 682 548 518 406 187 993 140 368 933 897 898 285 316 928 652 747 71 715 928 824 253 262 19 985 770 940 198 53 509 552 618 68 25 134 461 519 764 632 929 107 419 846 258 60 8 28 998 371 266 924 815 730 481 553 377 62 884 348 593 694 61 374 217 857 234 313 644 844 862 287 613 107 110 472 448 621 327 683 656 212 600 392 642 155 498 367 509 97 361 123 192 931 451 110 436 254 922 977 721 474 761 733 593 266 198 387 500 897 687 206 246 620 710 866 581 524 756 149 869 811 337 295 577 288 49 465 963 318 242 607 569 939 233 51 13 186 649 605 974 772 487 317 877 734 256 657 659 57 731 219 797 504 274 889 935 785 554 400 694 734 862 564 838 875 600 31 3 635 654 57 737 996 91 315 39 606 79 986 864 402 170 830 895 308 327 376 800 899 576 583 267 567 527 293 749 298 146 173 88 374 286 445 126 524 928 520 969 38 19 527 851 627 753 564 240 95 160 737 485 178 281 580 881 626 306 326 931 403 607 112 604 959 832 743 776 742 719 287 996 297 472 970 470 359 67 699 112 673 414 612 952 458 722 829 852 751 902 727 470 359 99 704 88 823 520 552 371 331 897 972 112 407 425 250 301 140 945 681 385 996 309 446 371 276 897 622 624 323 720 10 323 61 737 385 803 785 547 916 625 226 743 858 476 897 907 461 289 875 624 752 297 858 238 698 192 954 995 607 832 517 543 178 167 514 947 190 325 768 874 217 632 715 235 74 358 164 652 595 94 897 839 197 11 669 949 821 380 369 449 260 486 730 910 655 866 278 603 969 547 52 361 146 512 544 843 28 5 884 187 181 715 378 917 515 338 639 534 740 307 913 735 995 560 287 231 502 179 813 72 271 807 797 167 925 972 370 605 877 487 492 400 537 358 916 854 764 993 105 85 191 156 221 963 706 345 78 321 519 898 795 841 654 614 772 409 27 616 500 987 199
672
239 933 328 48 672 207 425 489 602 333 248 73 14 680 162 756 879 555 806 40 363 969 585 681 584 354 816 293 914 899 672 657 139 385 577 321 485 223 303 683 292 524 627 55 607 382 994 816 98 60 364 862 547 526 801 53 864 4 601 323 846 572 236 595 911 295 13 841 770 139 793 281 264 71 463 661 235 624 132 238 65 627 90 52 665 107 523 59 953 813 445 276 726 255 880 765 754 58 963 29 806 269 607 468 848 4 990 585 786 402 20 527 796 820 153 577 541 17 173 748 292 777 60 259 668 500 376 497 863 288 947 350 857 386 421 567 132 822 272 214 682 135 369 567 576 877 623 705 833 160 403 972 235 178 692 705 906 249 488 968 64 860 210 805 244 452 440 733 669 713 686 863 860 760 321 374 139 134 872 637 107 967 59 442 491 595 799 690 571 428 306 768 152 81 496 307 276 246 263 89 770 80 383 44 437 939 745 92 833 332 597 568 296 748 497 41 808 317 1 986 106 199 748 136 960 799 107 28 321 662 661 699 496 485 138 517 652 513 506 897 58 855 363 587 392 661 176 399 442 647 691 284 296 197 130 245 862 341 471 103 206 246 962 630 399 238 788 942 267 331 247 515 774 265 439 986 516 266 641 82 526 338 25 686 966 944 424 425 16 703 381 849 453 625 274 855 412 476 256 748 880 954 368 694 171 41 450 760 927 323 292 32 876 358 649 42 385 238 305 214 745 155 592 761 212 785 691 75 889 39 589 676 491 841 258 959 534 14 243 400 271 486 987 507 117 818 292 347 842 702 700 843 385 942 750 807 398 681 456 159 658 133 598 689 550 488 181 971 170 160 94 255 74 939 492 656 37 686 844 902 341 94 201 606 208 248 12 572 275 248 893 799 256 151 726 368 130 4 699 466 985 763 431 595 848 622 185 907 120 59 115 901 740 145 224 920 26 299 594 675 298 1000 88 501 825 344 104 621 707 226 632 851 850 509 401 339 800 264 464 592 692 362 638 649 18 985 445 570 91 736 755 61 471 159 19 352 34 704 517 811 948 255 316 522 122 312 825 446 475 393 973 193 81 453 31 468 664 102 13 158 743 438 730 164 244 228 921 492 464 201 818 957 36 974 124 942 886 856 914 740 415 8 690 436 89 890 890 230 152 90 95 504 152 201 500 110 935 866 590 243 358 721 833 684 888 669 899 407 435 828 604 490 579 211 590 747 814 757 789 533 250 380 759 565 191 885 841 649 203 107 655 598 502 62 35 56 174 303 491 114 655 500 889 235 176 418 526 643 716 662 5 466 193 632 202 672 470 815 674 13 183 457 712 360 531 544 819 626 539 691 829 615 499 82 529 867 508 943 387 72 97 350 667 223 698 509 317 492 808 91 126 183 140 80 714 131 5 544 960 290 395 320 793 841 574 776 225 197 46 710 80 384 780 490 441 294 572 768 808 80 241 897 991 296 283 769 238 189 664 521 184 112 326 938 96 628 287 970 320 760 228 953 665 357 28 257 58 611 598 24 11 300
346
648 71 963 546 418 936 57 81 463 860 149 966 335 7 517 940 529 821 501 685 17 569 364 840 119 55 804 387 356 81 173 665 597 117 968 635 212 95 849 372 379 981 885 554 659 44 75 37 278 610 255 451 847 459 197 182 160 296 262 247 68 266 165 273 765 257 839 111 688 616 500 310 296 556 879 626 9 799 8 704 149 792 578 665 933 575 600 832 557 228 66 203 322 803 265 524 704 354 361 439 10 320 686 7 300 384 853 318 673 706 146 28 211 573 909 379 568 785 252 566 304 293 275 415 907 574 752 59 164 161 107 399 659 764 218 533 1 638 896 151 816 125 275 642 267 526 708 544 782 95 456 825 486 805 212 328 587 406 477 791 195 444 227 282 535 286 2 392 78 257 136 452 756 331 47 289 883 573 556 268 424 296 121 246 754 880 217 194 382 553 775 145 777 979 4 678 675 485 487 853 148 112 144 786 77 70 809 139 710 68 964 616 724 713 305 424 124 26 623 968 289 789 873 477 449 976 526 807 578 213 408 79 333 644 796 698 500 891 448 954 89 756 304 850 351 315 654 561 406 852 75 488 120 937 628 605 790 620 211 253 22 748 192 664 756 353 169 875 685 358 641 770 179 893 617 349 909 289 845 160 253 48 661 33 879 223 753 410 661 218 966 705 104 614 492 260 283 800 665 889 697 576 306 463 172 832 32 775 764 661 34 348 843 308 318 384 735 131 756 768 695 119 606 453 9 339 118 648 971 761 853 47 148 782 499 193 912 981 727 297 88 717 801 636 577 664
832
847 4 783 407 865 906 366 284 980 798 266 63 579 834 958 737 508 469 693 627 878 835 18 842 320 691 306 653 364 755 409 678 545 449 48 627 706 162 797 915 437 565 361 176 953 308 712 314 251 498 44 562 619 446 485 318 336 533 798 430 787 94 438 938 482 768 32 258 871 809 163 103 939 296 185 123 610 423 175 523 898 687 45 503 524 789 321 563 78 775 783 735 402 267 19 69 927 259 699 956 83 160 884 258 742 896 765 64 844 992 4 56 870 895 946 554 196 456 667 91 648 229 992 65 102 89 741 376 163 795 377 42 269 375 146 819 947 807 249 361 16 382 50 403 282 752 553 300 671 710 809 998 36 599 23 351 901 637 920 154 116 985 835 971 823 782 901 89 111 513 52 142 127 793 140 158 980 689 489 781 435 803 55 129 432 118 705 438 369 997 955 385 338 655 374 743 492 545 977 542 976 113 859 883 507 652 786 407 562 27 625 907 848 340 432 945 991 665 672 786 662 536 235 518 32 474 507 584 443 436 912 495 719 595 655 663 595 571 153 562 878 327 951 984 167 692 903 876 495 79 758 61 958 736 130 238 315 377 549 15 723 155 62 30 448 972 542 221 178 434 929 211 79 663 837 535 717 417 476 43 571 419 392 621 357 818 214 194 367 127 502 208 790 972 952 120 479 700 879 959 365 53 742 994 952 306 174 437 789 161 965 72 96 929 713 131 32 890 138 433 583 168 367 796 565 266 421 988 481 232 542 710 351 709 896 7 103 200 723 788 263 143 550 952 528 784 462 128 513 667 123 34 613 908 396 537 839 539 53 440 677 97 894 30 877 503 625 712 573 404 294 823 757 595 641 774 986 216 949 619 494 922 506 77 693 488 983 584 864 20 954 493 345 460 910 332 219 921 371 691 25 979 251 986 663 241 962 639 526 928 834 562 555 1 618 674 998 441 854 798 637 781 171 537 380 924 40 933 35 703 753 617 236 722 708 272 223 117 172 387 207 880 685 208 824 825 584 366 583 401 816 532 316 192 997 34 662 659 822 988 980 774 987 311 707 738 651 495 404 157 99 975 724 203 770 993 871 402 969 999 496 518 758 623 377 279 528 694 908 555 67 176 341 824 397 616 99 33 32 91 438 319 504 660 988 99 150 17 816 733 684 764 339 663 991 195 421 265 815 980 160 294 315 107 755 604 218 853 543 369 1000 532 708 290 69 871 121 458 656 677 234 577 273 363 956 248 152 89 959 657 758 168 958 759 764 15 475 507 294 519 984 448 773 834 651 964 204 327 120 207 467 975 943 495 177 473 992 603 682 38 689 237 293 689 523 843 588 753 530 634 858 509 606 372 933 303 541 259 916 538 504 943 345 524 858 242 351 151 730 866 504 935 329 349 295 806 389 435 656 738 452 406 259 108 246 75 66 908 782 267 154 972 704 112 408 199 714 504 979 340 853 355 862 932 32 51 789 235 32 812 261 783 175 77 970 439 471 217 570 514 8 930 76 455 856 318 421 517 142 133 407 202 189 438 110 643 257 344 400 3 539 710 300 899 936 261 16 884 561 876 364 329 105 48 98 904 728 459 51 139 337 662 656 466 547 469 792 372 539 768 77 948 572 695 880 503 986 554 365 477 249 867 731 68 999 434 754 842 110 456 308 456 281 79 222 119 8 133 341 742 513 337 562 142 784 907 440 986 195 680 371 625 666 445 351 412 203 15 936 303 7 969 894 225 900 414 378 732 552 954 638 85 489 271 543 612 415 265 43 178 188 725 928 766 231 818 408 56 451 350 59 685 706 223 885 943 109 517 359 205 979 686 8 902 287 104 347 25 208 271 250 39 536 107 433 405 255 729 741 120 34 65 428 736 100 955 372 804 867 564 174 786
311
176 418 392 145 711 887 257 95 191 950 234 803 620 333 89 343 968 520 803 161 918 86 86 864 397 768 777 964 843 237 996 420 109 823 437 301 84 152 507 912 272 276 95 98 868 952 301 44 734 798 349 135 98 222 361 842 458 439 417 564 408 969 304 794 210 641 955 769 89 105 481 164 153 676 877 6 388 72 956 178 837 489 818 842 390 472 275 58 749 628 851 316 676 685 446 102 561 461 114 295 221 439 610 933 110 665 54 540 521 407 45 278 61 640 501 700 231 399 319 739 590 247 105 911 218 373 14 830 628 646 219 223 442 939 868 649 76 856 641 485 348 836 311 2 300 345 195 471 415 791 622 580 185 796 991 176 236 60 197 835 186 493 394 659 222 98 492 577 590 814 712 447 296 923 758 505 820 979 411 88 110 298 877 882 954 760 42 184 920 484 609 627 266 860 565 66 986 234 239 459 320 657 345 653 138 671 848 847 950 481 196 944 252 888 110 893 415 108 579 585 564 368 476 153 817 635 221 914 354 971 843 506 460 237 78 266 82 996 665 506 666 714 420 874 976 523 83 828 478 294 679 263 33 353 370 699 949 245 593 778 833 141 408 800 732 141 403 225 884 646 123 220 180 931 779 509 227 204 566 834 92 475 986 436 267 283 766 736 665 80 263 36 273 950 15 149 946 242 710 260 681 552 74 935 223 286 881 301 120 869 52
771
381 694 500 924 990 16 737 306 43 378 281 551 201 342 591 853 391 227 138 284 238 367 855 195 206 663 232 675 591 357 376 556 261 386 524 389 770 974 680 876 847 859 941 275 794 381 271 453 562 911 613 201 128 320 638 246 628 362 501 868 177 374 43 258 630 873 675 988 945 154 846 873 944 802 204 848 589 354 303 712 612 345 936 542 751 703 664 315 673 514 21 818 787 453 962 783 777 521 336 1 928 214 255 586 183 33 63 276 233 891 639 727 271 302 749 962 753 900 471 888 54 435 451 93 151 23 997 711 416 768 678 683 129 141 717 192 158 145 95 849 852 622 804 452 457 319 132 818 448 915 805 25 423 414 584 896 80 329 583 757 180 591 914 18 679 457 781 55 72 740 355 191 118 470 272 105 457 911 229 529 212 584 828 865 29 798 389 710 793 512 436 916 650 914 411 247 77 257 54 508 968 167 436 943 835 923 865 355 296 654 433 838 217 785 57 115 631 441 581 86 945 955 734 472 405 814 841 359 770 358 483 26 154 616 900 321 936 923 423 195 643 27 421 291 736 357 399 447 919 831 267 928 785 656 20 546 254 381 67 93 74 901 295 349 868 121 577 501 261 784 719 385 807 216 678 661 550 957 417 992 46 847 317 246 16 717 692 163 656 162 458 727 499 688 339 591 323 330 954 819 238 328 173 589 222 883 200 918 166 309 3 606 660 740 252 581 767 446 654 397 802 346 3 22 856 555 73 58 476 662 417 766 183 15 563 138 948 174 530 271 409 417 347 439 542 523 306 212 425 823 76 647 964 887 636 357 876 178 804 283 910 250 724 734 580 992 198 222 27 847 777 166 565 875 772 549 694 815 431 121 584 536 194 415 484 678 212 723 893 984 874 768 499 578 577 353 76 107 60 652 247 894 464 756 286 647 460 468 509 883 717 340 948 780 526 347 294 268 285 165 187 249 247 631 242 879 521 773 202 387 139 988 201 774 431 874 74 718 957 85 946 785 393 222 893 564 839 741 321 939 1 958 338 608 991 563 826 644 958 117 374 639 336 190 991 787 562 128 761 639 529 75 137 769 196 411 448 373 855 37 749 751 189 693 343 715 58 480 405 92 841 958 236 262 82 83 733 474 824 527 434 299 105 472 636 340 325 511 381 768 785 238 931 40 408 84 20 484 734 311 323 849 459 565 400 366 342 930 786 941 257 855 502 89 835 26 516 666 635 87 217 171 29 604 109 347 577 170 763 389 802 246 151 642 482 608 299 234 600 539 375 109 501 156 306 319 307 305 595 395 515 132 212 470 912 135 929 854 721 752 243 433 542 544 442 391 785 347 892 15 270 931 953 593 952 464 673 367 756 864 211 201 455 360 312 970 930 854 496 42 303 931 777 185 777 464 421 141 806 600 884 138 764 460 558 475 205 998 753 201 358 53 920 829 263 446 363 653 87 380 19 744 324 233 136 760 761 665 586 792 658 458 776 924 94 128 678 404 896 975 352 200 211 551 595 608 315 783 413 350 319 435 75 534 883 176 784 188 296 578 447 977 462 18 56 666 850 543 652 563 211 885 618 63 178 905 659 186 629 415 878 468 706 466 339 733 15 283 677 86 877 652 180 743 206 320 682 113 373 235 411 241 501 906 472 555 626 7 462 395 400 44 253 118 403 51 750 253 78 228 713 964 647 23 208 173 515 720 715 177 12 147 547 661 942 724 689 225 177 188 214 49 971 819 676 644 445 346 82 981 871
55
60 648 846 840 713 183 746 596 869 971 626 64 980 712 700 291 852 660 538 475 332 822 94 676 494 910 191 327 113 717 484 31 436 680 863 129 851 261 748 86 40 21 492 631 555 771 161 881 325 940 351 146 399 156 256
308
248 261 669 969 946 457 687 641 49 798 494 9 125 630 79 404 548 687 428 778 323 505 202 602 754 932 756 28 629 535 377 402 24 423 143 569 787 650 530 751 965 328 859 239 181 65 602 963 169 2 509 511 302 55 895 850 786 359 729 966 151 661 40 188 658 898 173 55 593 532 727 499 880 513 519 509 29 23 344 153 888 644 834 271 580 34 301 801 334 449 987 770 985 25 791 452 598 523 901 144 405 299 494 573 560 728 997 137 919 695 306 15 205 485 86 445 271 778 561 636 671 278 394 372 77 425 608 400 552 673 789 108 78 732 591 923 895 579 997 818 527 739 486 56 135 893 403 523 73 148 770 304 634 553 768 436 339 276 848 379 150 980 54 565 698 407 780 548 480 909 257 1 292 301 801 111 930 204 320 473 183 96 71 615 270 993 518 928 214 947 303 563 119 704 39 348 502 298 232 905 228 598 248 469 146 776 980 962 348 16 192 465 703 65 644 369 704 350 181 845 219 964 506 660 333 758 835 421 974 37 214 945 87 145 121 288 605 45 326 646 189 300 857 495 510 163 286 314 15 754 75 816 978 385 738 40 72 581 980 904 807 526 32 14 101 872 831 411 129 777 414 81 196 844 560 208 561 764 197 912 850 928 256 239 37 214 930 3 913 884 715 486 483 57 121 656 400 912 398 4 228 149 611 334 375 905 398 408
621
981 56 76 589 540 578 60 383 975 616 568 542 235 337 557 690 290 787 97 327 961 959 180 280 435 982 387 914 894 962 689 491 932 298 947 427 907 901 881 283 831 348 148 638 398 128 174 132 652 80 131 552 698 827 974 651 679 618 735 175 15 832 295 67 869 244 572 217 962 345 43 104 79 916 930 217 858 231 216 923 672 365 939 942 331 762 840 135 738 681 281 525 302 615 692 143 703 642 182 132 243 174 752 943 226 521 882 979 519 971 750 949 650 285 435 253 23 484 428 633 770 434 785 384 906 587 405 515 814 979 734 35 747 740 913 452 589 398 288 576 199 983 186 678 176 452 780 885 778 300 818 941 233 482 850 7 3 119 629 109 634 407 258 453 934 333 501 637 241 634 923 648 265 276 574 840 94 557 555 89 976 198 697 858 1000 178 499 980 234 904 131 16 351 222 614 767 620 726 430 258 745 378 194 116 219 620 926 820 940 891 568 289 602 512 495 454 21 879 388 379 452 664 751 377 155 256 104 443 767 707 878 780 148 461 726 851 246 917 244 131 551 723 743 723 260 841 502 818 379 601 367 381 72 688 802 254 922 27 102 239 756 498 434 785 475 508 906 21 478 134 385 713 25 838 643 700 943 44 334 95 308 183 746 93 391 872 10 405 37 640 931 432 527 833 387 182 475 696 943 38 912 748 307 360 863 772 178 809 220 556 533 909 247 556 409 522 106 479 834 508 825 338 423 585 683 156 705 368 479 491 342 854 572 860 218 651 65 839 690 875 736 151 922 356 381 262 169 573 450 848 460 830 987 763 205 865 105 901 707 142 571 199 159 312 399 700 61 328 165 478 362 940 750 122 560 235 255 957 213 850 360 780 644 664 690 464 253 527 861 940 570 732 660 382 240 298 604 550 263 293 243 92 486 586 208 736 393 8 449 39 621 805 755 971 283 535 953 372 766 510 427 188 251 878 30 643 270 647 263 775 855 587 727 557 964 810 921 920 867 179 76 573 876 113 9 564 658 489 389 413 694 928 626 300 568 703 70 806 452 260 938 591 934 195 533 834 370 350 382 503 952 877 768 894 444 729 692 41 895 547 883 873 199 732 598 602 921 994 982 70 164 153 843 943 166 181 691 237 216 37 16 171 972 455 865 778 581 799 469 970 819 710 73 960 957 472 38 859 913 159 870 263 236 499 358 242 173 591 949 470 353 440 681 751 377 575 345 93 325 959 276 828 13 293 409 279 889 33 136 241 399 14 526 188 348 242 991 331 366 294 745 874 991 435 377 555 209 666 230 57 521 525 394 191 158 674 442 960 965 626 283 739 925 157 459 296 431 667 889 345 956 249 25 359 123 878 18 318 624 849 618 639 803 412 160 820 259 943 774 485 50 185 498 224 810 60 74 763 25 393 670
521
772 645 8 431 415 603 100 546 278 734 54 772 886 450 847 671 901 372 660 906 197 51 535 284 870 109 661 374 457 640 331 736 153 743 828 261 884 512 789 456 521 467 383 743 828 880 849 745 187 755 141 71 594 608 634 8 878 735 782 93 899 10 570 272 535 73 403 868 620 171 74 59 879 392 550 131 60 491 648 153 959 95 897 782 313 440 198 458 774 280 218 650 967 749 463 506 896 442 555 172 35 979 498 228 957 420 463 557 33 411 566 336 184 499 647 256 199 98 201 386 690 262 484 99 765 14 977 87 719 143 304 923 268 595 171 806 594 55 742 65 157 516 943 814 495 962 377 999 54 731 483 500 155 477 680 993 879 633 174 549 602 923 549 895 933 685 618 232 902 1 351 987 892 198 373 581 992 385 223 481 804 56 646 363 892 716 990 888 673 454 144 929 146 698 702 387 366 432 251 910 60 875 971 943 238 120 462 358 425 272 903 290 213 44 265 607 363 358 197 400 961 763 745 791 900 357 160 535 122 275 520 220 845 928 777 441 342 816 850 565 586 777 450 151 985 53 44 725 375 315 160 732 125 16 409 20 245 597 96 659 426 382 767 899 370 448 531 866 738 585 57 960 662 773 77 139 548 512 443 148 457 734 518 402 750 596 659 54 938 81 382 499 842 520 380 301 822 844 63 725 622 91 641 507 650 678 989 49 932 558 608 48 232 67 523 110 781 30 647 130 170 921 49 897 773 482 192 152 809 993 511 456 605 592 929 589 39 989 828 897 654 136 759 60 643 439 482 172 188 903 580 467 699 364 77 519 159 821 538 487 694 846 312 814 303 613 231 830 798 305 211 24 302 789 336 777 303 212 173 616 320 682 256 649 293 791 373 947 322 214 488 945 553 95 290 776 158 421 321 137 508 796 625 787 311 540 399 114 672 325 631 208 36 981 77 101 937 713 649 36 697 357 764 539 395 890 464 370 304 830 72 375 82 944 263 305 698 333 450 43 50 403 658 995 698 488 447 995 744 550 745 660 998 440 296 850 21 114 210 329 653 998 313 505 555 613 581 443 666 720 733 237 976 391 781 95 564 392 353 766 305 564 903 409 982 273 645 830 30 226 670 223 316 79 426 434 348 879 342 795 484 59 642 339 189 945 479 637 156 380 795 5 66 708 363 944 134 431 307 621 173
955
334 465 272 111 102 855 538 788 128 548 544 683 802 203 105 840 343 53 395 487 997 504 919 444 23 362 114 225 177 221 935 591 894 268 362 324 334 924 91 196 600 387 346 620 944 962 153 374 168 213 900 731 299 444 533 709 869 201 84 786 713 223 894 151 479 666 89 409 519 650 235 984 458 850 956 327 600 662 95 250 455 16 381 205 477 275 131 616 726 315 736 939 435 502 563 509 999 722 888 854 71 479 740 783 157 16 250 922 129 723 609 792 520 689 103 639 843 920 20 107 736 539 35 41 535 325 986 898 502 714 639 436 968 853 310 395 858 650 262 366 242 969 306 15 312 720 327 952 946 6 22 928 914 993 944 305 819 666 884 281 878 732 971 405 646 540 828 422 164 124 829 478 413 332 603 480 501 764 378 407 468 682 959 88 406 640 567 726 972 539 192 804 661 849 369 870 607 660 302 838 345 193 986 65 501 643 604 922 686 677 248 515 87 266 647 29 735 328 590 400 8 492 968 703 581 253 218 667 604 34 946 110 26 121 53 164 279 289 672 851 996 707 500 315 105 570 1 625 261 621 432 416 209 539 908 420 397 283 984 913 622 241 982 520 385 504 207 903 549 646 487 376 441 523 759 67 401 10 624 404 509 599 350 707 114 742 995 243 122 932 981 835 275 147 573 60 725 732 225 248 33 587 850 908 360 523 521 447 945 461 902 314 407 785 758 839 138 217 818 642 450 422 422 960 894 700 72 520 720 559 311 983 551 290 457 738 448 957 74 730 277 417 618 229 412 74 106 456 198 874 787 268 14 979 530 127 644 131 312 4 251 244 819 163 905 689 855 300 828 951 140 954 510 788 942 821 239 682 336 641 797 348 558 303 53 8 617 32 425 42 182 941 593 659 259 645 768 258 185 167 270 198 535 95 480 802 598 899 366 974 259 446 397 395 513 265 495 470 138 581 402 800 310 591 7 770 216 741 456 432 792 705 132 203 245 51 388 386 274 566 121 538 292 820 233 185 10 364 714 529 399 746 805 296 805 147 896 626 123 745 204 98 992 611 270 397 346 288 759 453 659 720 907 137 834 636 428 672 937 974 661 289 707 471 189 732 618 689 954 261 683 422 428 988 91 3 684 937 462 889 73 325 497 461 681 910 988 31 907 722 309 546 834 616 398 229 918 345 918 36 650 934 659 997 852 657 180 218 514 517 951 542 833 541 22 839 828 559 60 15 168 771 103 109 132 357 784 412 90 4 7 16 758 579 470 16 961 149 593 813 136 811 914 412 434 361 444 75 920 601 164 449 927 725 266 126 847 962 505 347 200 274 692 697 493 416 444 701 413 631 478 993 675 389 383 352 343 404 47 215 514 892 805 332 628 201 518 721 698 790 353 950 138 241 923 191 278 369 608 600 645 855 310 995 878 131 862 437 660 231 895 894 73 813 7 145 187 684 146 898 444 372 371 367 325 415 909 606 606 414 836 226 556 274 970 542 118 875 214 114 742 913 748 813 5 408 802 340 528 995 878 447 311 139 992 127 956 383 969 95 476 536 191 916 552 333 381 347 905 822 457 124 390 486 726 900 311 793 780 464 974 418 143 336 801 116 967 315 674 802 89 23 667 467 429 934 821 519 846 929 593 124 730 508 790 452 826 840 116 696 392 738 203 210 737 657 317 308 206 832 813 333 518 64 370 795 109 386 159 912 890 246 59 815 582 766 552 653 164 385 207 372 130 681 190 263 360 289 905 85 811 458 188 516 814 461 792 558 484 490 717 134 607 530 59 231 279 186 82 761 30 815 80 336 176 267 196 613 222 760 446 56 472 788 615 433 540 377 479 828 809 604 334 652 80 373 912 27 429 923 814 751 769 517 881 8 140 920 253 726 940 262 175 200 848 800 313 415 687 704 61 225 485 454 914 52 130 532 200 21 88 156 225 536 851 517 549 836 809 439 384 641 90 320 214 895 840 742 68 127 21 746 622 24 284 725 452 812 711 701 969 491 132 834 191 403 555 978 396 655 614 789 867 242 856 873 426 959 300 784 885 31 381 324 582 458 936 63 753 996 972 102 991 717 707 704 157 386 408 136 873 429 557 583 740 740 568 751 788 636 968 370 262 433 792 693 408 103 141 383 840 210 649 384 456 168 381 976 661 766 31 373 273 729 15
622
117 287 531 231 42 625 902 788 430 294 115 555 934 626 414 553 572 450 463 824 648 609 65 987 58 17 682 563 209 190 21 485 171 128 343 926 985 654 329 623 428 165 19 916 361 715 407 272 782 575 348 17 441 819 157 951 56 428 209 649 436 784 15 938 200 911 466 114 487 59 62 186 518 897 237 523 936 218 228 37 547 711 155 115 399 596 428 225 292 649 389 978 477 3 292 177 12 891 665 653 617 423 430 109 510 41 822 753 637 108 700 39 496 613 309 681 178 977 203 873 792 505 221 455 319 477 514 918 759 945 300 210 733 608 697 288 857 286 388 383 634 950 859 42 461 865 236 864 457 849 70 262 842 622 614 172 183 265 701 871 13 117 352 227 355 705 137 943 249 732 962 615 705 672 467 668 467 428 418 880 281 475 942 257 970 487 334 969 121 612 142 455 137 333 695 663 223 352 140 827 222 379 951 68 837 879 11 823 354 348 755 657 927 153 970 799 862 673 294 126 546 715 613 132 439 908 503 932 313 161 749 252 736 669 881 224 592 320 78 573 961 426 103 73 641 595 668 937 382 664 758 427 315 786 838 936 358 854 977 156 351 423 810 858 917 444 77 401 786 264 212 217 413 248 688 707 631 235 594 666 896 579 145 228 207 684 924 932 136 427 4 491 300 701 579 541 599 541 829 345 252 609 789 560 927 169 519 76 644 213 736 897 759 153 477 816 970 739 870 522 14 544 741 67 685 617 400 991 624 461 864 342 992 708 909 751 396 707 16 158 833 990 636 576 727 440 413 848 866 206 746 858 318 432 24 94 806 222 519 706 400 469 229 886 973 255 362 928 80 661 789 180 741 611 904 67 802 793 907 516 935 559 982 232 847 379 425 205 112 192 367 904 807 15 635 401 606 261 144 884 313 582 912 764 599 239 822 349 173 542 738 109 822 867 341 281 356 782 163 140 96 103 706 481 627 792 561 805 608 402 702 930 129 912 944 719 212 822 752 21 526 963 487 96 532 948 620 806 915 369 361 613 343 993 738 538 782 407 851 569 215 591 390 148 132 845 976 681 227 460 769 876 172 865 536 566 928 853 79 705 73 559 453 61 233 250 859 532 484 52 615 234 558 439 895 825 265 966 96 413 180 268 499 712 262 226 856 264 718 791 500 340 233 68 489 409 753 118 200 397 91 120 855 852 323 981 90 800 359 817 303 495 989 525 85 333 199 89 659 14 340 367 374 271 404 500 175 496 903 313 744 166 117 938 590 994 856 136 526 89 968 273 878 300 5 458 681 180 326 876 20 598 305 238 426 160 389 530 915 569 833 604 603 548 27 434 495 315 302 898 159 417 24 666 670 601 621 970 526 678 73 875 770 714 232 783 848 835 101 191 409 703 907 810 855 489 411 553 996 791 58 680
571
841 748 700 96 306 11 117 275 137 15 285 495 909 546 564 252 637 451 324 211 491 189 47 627 6 939 815 221 16 425 560 300 170 831 141 769 875 337 688 847 609 377 537 477 423 280 849 984 699 153 968 145 188 231 879 863 406 713 885 222 923 871 349 79 757 326 580 269 370 692 27 443 947 209 336 497 156 32 215 824 337 57 674 619 105 989 849 62 818 860 636 930 494 879 741 247 638 714 178 647 120 188 59 204 661 989 440 609 597 15 709 147 465 567 295 264 950 3 670 591 428 111 985 947 104 870 275 667 565 777 418 794 812 220 837 755 532 808 884 222 930 827 509 828 50 825 989 777 717 7 666 231 989 685 22 16 661 791 629 251 748 898 452 62 537 951 273 378 820 251 116 706 135 435 28 844 645 198 337 613 765 96 802 850 772 554 836 988 770 277 454 24 352 317 460 902 434 570 358 416 775 490 850 729 676 170 31 811 35 448 679 372 404 911 277 950 579 141 708 993 316 120 112 161 634 569 459 239 52 212 134 851 533 636 630 887 749 985 632 85 642 919 851 180 912 703 333 894 383 878 771 402 688 407 813 610 736 918 774 343 919 262 590 864 96 343 452 921 812 866 582 334 695 630 674 111 98 778 56 296 705 770 356 937 389 966 197 365 168 621 292 366 385 462 125 746 74 890 256 872 341 677 698 398 800 662 919 705 981 984 905 401 95 803 693 968 635 994 752 993 557 812 755 908 838 864 763 759 44 164 422 926 176 169 689 663 126 216 16 388 57 992 132 762 412 192 812 838 752 581 416 453 116 341 577 897 790 86 805 257 992 726 627 817 369 9 377 60 441 249 823 431 942 115 664 923 900 971 737 946 699 727 113 255 507 857 964 479 930 305 299 163 715 359 315 560 526 260 942 926 745 504 319 807 80 725 661 725 227 120 88 431 647 217 691 477 921 435 940 760 899 274 493 615 961 109 364 244 227 340 677 884 904 576 967 469 243 594 898 163 797 138 928 172 610 784 410 564 254 973 30 938 948 282 16 400 517 393 12 335 848 321 848 959 981 967 106 635 695 576 849 437 488 874 76 653 822 951 495 84 957 583 198 60 778 619 546 339 268 667 559 734 797 647 358 158 226 933 936 47 450 889 506 395 951 129 239 380 393 581 481 449 256 479 725 424 322 221 268 135 550 15 469 41 314 854 284 823 696 116 12 88 123 778 928 362 691 534 403 72 180 435 338 941 578 218 698 456 805 629 798 288 24 773 479 289 625 217 861 832 819 483 874 852 667 367 608 665 234 227 879
962
664 603 779 730 400 895 894 397 245 351 437 127 586 821 241 552 268 397 549 124 999 128 590 337 812 389 902 24 790 931 246 881 740 892 958 182 434 37 851 831 567 422 850 611 763 813 175 762 159 332 279 954 906 860 919 343 408 286 311 788 503 254 749 380 604 133 918 660 3 359 833 450 251 854 135 823 990 968 312 114 777 452 665 74 502 108 906 865 987 977 409 423 734 988 822 808 266 391 473 417 927 499 591 744 538 179 282 979 126 737 953 316 912 393 731 271 791 89 565 686 104 560 832 444 304 264 700 326 229 230 264 806 955 928 457 563 861 552 454 223 604 845 910 637 135 458 335 872 766 441 901 633 264 66 974 700 78 39 260 540 106 582 614 528 564 682 510 171 122 936 938 717 965 62 235 438 694 752 389 575 240 960 684 660 691 53 129 859 311 984 591 451 801 586 125 484 265 687 633 19 215 221 545 968 391 361 209 103 941 334 310 553 716 128 7 622 867 990 342 768 998 282 48 808 498 682 959 508 430 923 252 426 446 643 79 608 595 724 162 172 765 689 911 830 541 213 547 976 792 469 961 302 937 638 80 613 978 681 801 363 415 603 951 144 185 304 530 449 24 164 922 992 773 825 127 833 927 751 948 459 7 436 81 377 144 506 757 482 299 42 208 146 9 475 963 500 603 493 575 59 400 236 190 443 244 120 542 609 270 315 681 597 766 489 430 651 655 567 412 175 356 283 323 283 276 398 765 794 547 457 909 405 111 547 149 81 81 199 8 825 218 524 87 997 891 34 217 16 954 832 344 710 73 929 749 592 227 605 39 17 775 35 567 12 947 358 257 986 230 180 191 563 440 228 155 732 41 928 263 719 144 606 427 561 283 307 355 767 983 321 562 552 664 930 336 640 884 337 462 634 815 592 315 24 151 955 916 731 885 326 788 954 771 659 152 180 211 937 288 753 575 466 868 907 606 281 838 319 929 422 474 467 988 511 6 134 80 389 615 331 959 789 238 421 235 65 401 618 902 874 914 79 100 180 211 915 497 6 789 859 423 629 483 151 862 131 896 850 166 248 542 864 590 857 30 105 969 685 43 592 159 939 202 473 64 487 537 362 400 276 545 832 98 466 987 975 35 750 917 179 332 270 381 233 529 776 777 388 428 14 510 543 303 118 501 324 697 854 569 258 763 933 164 780 415 773 268 495 514 80 446 335 725 144 481 768 534 675 151 5 861 138 359 836 170 896 354 900 321 714 953 90 503 886 928 93 433 318 159 854 678 677 591 719 720 396 164 924 276 796 1000 152 847 20 60 37 849 626 536 119 761 228 172 338 659 648 651 980 246 621 536 536 77 949 54 75 136 650 845 65 466 455 88 555 890 791 160 223 457 515 994 497 898 56 313 458 12 214 214 912 654 883 428 791 279 428 766 464 989 252 626 717 111 544 729 830 669 262 467 382 895 532 971 966 724 861 390 54 321 219 944 21 290 360 521 911 903 653 157 148 908 179 188 934 906 733 205 898 185 975 868 914 418 436 984 720 877 288 190 446 191 648 509 255 741 661 569 171 782 353 510 757 2 109 733 515 668 74 619 651 566 480 45 692 278 752 268 59 795 553 795 738 749 944 152 524 940 397 481 830 197 21 646 929 420 872 616 811 596 368 941 185 919 227 257 823 526 868 958 793 620 132 195 866 585 118 768 408 809 365 27 120 171 189 528 898 85 918 849 933 570 575 449 993 379 462 348 212 486 172 512 854 177 251 479 58 940 64 30 552 391 654 7 19 119 138 502 437 928 766 830 739 1000 817 629 843 634 114 701 606 273 994 713 442 383 499 133 372 794 147 520 363 680 987 750 169 144 225 52 387 350 770 189 59 477 924 575 858 548 782 791 620 904 128 419 86 901 660 60 119 267 43 410 329 67 115 327 33 37 671 293 834 195 144 842 1000 512 574 714 835 889 903 431 99 197 765 480 913 758 56 707 96 732 998 876 605 888 259 87 543 219 311 124 858 838 895 9 195 121 460 986 317 109 616 181 468 201 720 576 532 496 592 488 537 128 310 554 498 412 613 739 315 22 685 472 360 970 448 490 529 856 799 537 799 643 879 647 98 983 609 95 56 99 499 939 972 640 290 491 627 952 183 323 55 597 995 336 205 414 800 718 954 597 317 877 280 906 476 426 312 472 695
453
415 876 485 13 490 262 716 296 735 963 295 828 412 846 594 373 410 200 116 585 471 704 84 894 982 330 278 979 699 379 474 992 983 79 343 174 374 216 305 255 175 722 610 616 944 609 665 753 635 834 840 716 895 606 267 181 479 757 380 567 552 121 864 902 594 679 315 954 704 686 498 402 336 53 362 331 895 231 416 49 304 814 992 283 98 349 833 755 204 339 127 516 682 206 723 743 799 262 441 489 79 421 91 765 591 882 223 461 795 917 164 586 748 871 341 569 182 292 710 87 952 111 99 877 129 885 956 362 866 41 42 889 162 993 216 910 541 782 371 392 666 915 168 623 801 262 610 52 230 958 8 26 770 125 200 277 318 593 627 901 474 64 844 308 619 113 716 388 744 68 164 450 19 923 799 236 531 306 999 774 914 182 328 344 234 676 323 553 959 924 589 618 792 326 857 77 622 390 210 508 174 869 793 800 970 829 530 412 341 983 617 305 261 344 771 529 769 408 596 286 216 878 221 467 691 399 57 405 773 677 19 60 801 684 170 93 934 202 743 608 697 208 930 319 467 397 201 615 113 578 234 320 685 180 559 615 644 51 626 618 387 218 934 811 844 505 818 125 379 622 72 2 135 862 727 896 884 744 209 390 762 784 988 291 240 390 127 681 775 522 14 851 131 954 980 204 719 443 415 952 205 409 788 604 101 773 771 227 321 914 650 829 471 670 960 553 226 275 219 647 805 868 955 34 648 670 497 689 381 455 310 457 542 931 112 375 103 876 302 321 891 107 857 525 675 874 929 160 394 786 505 831 446 673 492 624 376 783 745 498 598 462 621 19 217 419 789 520 535 600 321 865 153 254 320 808 954 126 382 79 298 876 219 118 685 166 681 460 849 634 332 26 171 468 255 607 230 68 866 721 444 526 351 964 128 141 413 947 505 767 735 698 966 102 283 603 995 939 719 848 936 60 928 316 106 791 710 995 543 425 219 551 900 897 846 993 343 594 531 661 322 283 149 895 673 188 59 100 596 73 812 157 477
164
860 200 245 602 391 769 398 464 174 60 555 647 662 646 365 7 603 188 876 799 340 431 689 306 967 535 493 802 393 616 654 159 127 238 375 882 749 503 105 124 903 866 222 416 277 119 942 420 13 843 403 738 493 105 669 789 182 678 15 511 468 16 659 581 781 814 598 653 32 861 246 871 734 962 659 551 514 651 949 52 164 32 297 531 853 987 923 29 402 524 931 915 578 550 820 585 901 468 965 80 509 63 669 415 105 405 580 429 306 990 634 26 50 473 839 843 893 248 121 39 512 293 779 486 277 964 874 802 472 671 660 682 589 264 957 210 517 625 342 523 520 811 398 709 353 584 608 495 670 802 840 86 251 764 208 737 337 954 47 892 991 758 98 575
144
162 670 198 590 721 194 460 7 687 194 676 388 155 907 734 14 882 139 87 326 45 146 292 584 124 659 153 989 98 122 124 850 328 855 169 98 917 630 190 889 199 469 718 192 274 196 465 133 179 930 200 127 802 757 620 221 730 256 821 785 690 418 650 642 772 75 65 400 361 137 710 627 904 937 55 702 755 193 564 131 918 506 747 316 190 567 165 765 756 319 229 981 646 299 658 897 979 123 236 443 229 826 653 71 49 863 275 835 809 916 595 104 359 487 814 829 312 733 208 243 812 394 691 967 449 616 372 937 121 317 45 405 297 424 548 383 572 252 36 445 630 788 466 552
788
867 41 984 421 251 754 944 404 581 419 98 14 669 217 38 409 12 184 222 2 626 517 601 30 976 857 694 512 421 881 72 160 889 271 700 383 36 872 853 500 443 960 876 42 227 259 338 105 726 680 307 733 530 311 16 591 721 998 296 320 888 887 712 603 798 839 280 672 548 370 425 78 633 81 611 786 217 232 424 168 948 976 645 250 410 70 607 46 620 182 891 227 629 102 272 928 76 221 147 27 981 329 480 307 910 399 911 552 636 11 89 651 367 828 486 781 687 204 291 167 906 846 763 9 817 780 981 395 194 260 940 330 748 266 504 197 676 857 924 513 899 691 788 284 452 4 769 478 537 879 417 400 575 79 843 632 831 100 420 382 550 111 141 688 145 670 884 402 295 762 155 238 834 44 74 160 886 438 266 812 904 635 65 123 348 875 871 563 574 520 550 105 189 601 708 798 465 979 948 156 159 206 521 643 909 419 468 621 59 967 920 834 312 829 119 510 926 86 787 207 987 638 416 211 806 564 402 992 702 229 626 872 6 791 671 510 560 514 123 692 943 935 154 866 207 975 853 984 95 28 869 915 464 266 981 569 618 160 777 575 642 68 544 707 108 448 852 47 456 842 223 497 164 337 655 690 612 379 172 546 426 430 497 646 625 55 764 533 687 713 733 437 680 306 481 363 945 112 140 384 677 796 32 233 19 428 112 499 107 674 488 182 261 780 497 860 445 539 230 972 782 289 276 162 883 251 158 884 108 426 986 458 493 911 690 355 891 1000 772 699 332 113 290 709 292 452 716 829 496 396 354 192 617 148 459 630 474 400 752 892 483 460 660 542 684 161 99 681 726 769 726 603 138 362 330 304 917 161 980 184 430 104 391 664 22 680 19 785 247 53 838 883 639 70 638 21 708 633 345 871 633 839 431 124 137 796 610 908 203 954 459 278 684 262 610 31 500 977 536 589 256 258 807 148 102 158 968 311 125 633 562 861 23 307 403 487 489 512 593 859 394 150 989 748 446 803 771 18 785 499 685 549 587 746 594 908 185 346 285 627 992 649 131 583 178 290 828 231 690 977 680 527 749 844 873 576 541 974 621 128 547 680 153 139 564 834 367 413 484 179 575 481 671 249 499 784 336 691 723 907 741 306 380 894 224 601 310 99 567 372 433 435 501 454 331 113 285 199 112 565 948 312 130 171 247 928 689 548 301 128 786 886 423 402 211 504 755 556 58 559 66 747 539 386 247 634 390 258 325 93 966 887 888 232 695 701 281 643 542 68 579 190 921 502 989 969 585 202 794 121 477 704 860 144 920 395 889 560 386 764 751 263 140 419 57 714 662 542 961 451 749 165 699 573 551 721 489 604 324 819 652 56 800 424 267 694 50 223 678 869 714 859 847 229 285 940 326 874 195 799 554 603 28 74 244 740 367 288 61 118 163 147 230 581 543 901 491 528 774 339 741 464 549 135 456 410 476 977 429 857 267 994 429 384 256 231 914 277 995 785 358 560 928 290 104 757 485 969 628 626 460 439 45 958 252 973 671 699 526 832 819 65 417 560 195 52 841 649 158 594 214 170 26 100 522 305 492 663 384 94 298 269 659 852 277 737 693 168 848 120 79 701 457 500 654 586 860 974 721 556 570 14 479 149 793 135 944 496 955 770 864 34 654 796 490 639 548 623 701 728 568 119 251 462 172 158 214 807 999 139 833 167 797 175 396 263 668 87 563 370 48 526 890 615 29 608 577 952 806 206 734 464 177 433 708 70 745 965 810 55 180 321 532 676 211 792 11 649
301
895 36 425 386 13 682 302 506 815 252 599 26 991 148 704 820 428 96 380 56 204 155 199 568 556 548 70 383 360 238 905 636 275 784 445 335 524 125 716 359 195 654 693 139 715 137 200 33 284 708 203 908 308 147 694 559 777 452 920 926 281 560 282 461 523 533 554 554 912 55 808 922 304 569 531 433 269 885 678 695 686 543 430 280 845 353 89 378 402 408 199 889 774 762 671 786 160 945 393 339 311 418 519 988 512 377 891 643 418 88 706 192 373 871 449 431 457 383 338 206 192 262 882 654 87 174 601 11 11 595 333 312 379 866 929 930 845 150 664 187 205 535 812 705 627 159 317 300 316 705 69 299 121 223 520 40 595 298 325 243 109 342 77 59 249 254 400 119 825 506 84 173 693 960 624 27 174 169 779 758 320 303 148 805 89 797 364 644 77 113 997 589 785 360 285 207 365 988 971 919 678 419 151 793 223 31 560 826 324 740 975 241 127 796 514 658 483 168 282 875 218 733 857 683 802 116 908 898 282 913 856 602 270 200 117 410 216 578 813 731 935 590 141 760 649 217 640 640 826 173 589 372 217 542 406 514 32 959 100 948 631 592 221 40 844 928 715 868 282 206 596 947 107 430 933 120 612 881 563 673 421 641 830 872 586 334 119 863 806 434 16 479 440 978 799 957 289 61 315 54 978
263
321 900 771 609 383 353 641 397 852 239 840 804 658 133 189 649 509 563 15 322 897 822 752 374 523 872 308 450 882 910 985 165 200 993 497 60 739 963 453 12 744 904 558 910 307 853 473 894 979 960 383 514 111 978 11 82 100 168 41 19 768 646 370 912 599 860 98 121 693 580 229 483 861 505 372 333 624 892 697 8 642 350 567 641 533 412 910 732 428 497 840 221 130 875 758 17 272 206 812 826 581 251 179 538 38 875 812 142 593 662 556 62 786 856 376 661 376 332 625 21 942 585 408 611 248 874 429 852 76 948 17 804 222 768 496 255 574 34 912 236 153 1 653 733 308 665 420 677 740 663 486 875 459 831 374 983 104 617 128 574 590 444 291 844 365 395 945 952 687 457 894 690 952 345 29 713 601 39 225 638 365 827 895 805 109 631 674 127 33 449 427 2 938 447 983 910 239 979 600 324 621 493 192 329 584 848 686 320 94 558 888 8 223 928 520 697 204 172 857 829 502 463 889 28 959 250 278 266 401 52 694 556 140 58 528 746 829 432 338 276 54 509 943 968 855 825 526 348 81 681 308 167 300 905 685 635 435 494 586 909 262 289 936
441
502 985 943 618 170 695 217 76 224 816 807 346 842 352 870 656 957 569 249 329 474 827 974 125 218 652 612 951 596 49 366 28 949 100 242 847 678 810 159 410 908 824 375 473 837 246 443 702 287 999 10 802 6 935 415 716 399 676 316 439 987 618 872 839 548 798 927 762 541 351 133 649 641 751 740 420 733 43 463 7 797 137 356 3 873 761 459 658 124 109 259 263 164 386 38 307 53 507 466 921 874 280 888 563 700 329 868 95 149 139 167 446 382 964 551 899 734 875 389 691 800 24 484 545 197 501 661 499 785 983 404 627 493 151 375 846 893 674 498 583 985 812 633 842 200 571 296 459 372 12 702 128 160 868 373 635 441 594 297 345 616 739 418 674 939 657 949 446 266 923 403 359 50 684 366 504 35 267 107 309 460 22 647 715 180 774 385 768 641 320 558 965 607 931 548 856 929 873 657 370 953 377 115 230 715 597 934 383 634 1 32 396 286 242 690 659 294 808 148 320 618 331 235 896 94 723 759 8 528 500 117 196 667 111 300 930 398 672 544 212 903 562 941 938 176 964 662 106 711 686 954 371 577 187 967 390 757 165 240 515 331 88 538 171 106 210 323 60 476 40 654 422 220 99 527 538 973 991 724 150 308 147 561 869 42 193 449 985 370 982 55 619 152 200 566 703 997 319 715 205 781 810 260 198 253 820 19 915 512 736 215 46 771 229 782 431 951 363 865 662 509 401 922 173 724 560 237 536 130 279 167 462 614 677 759 120 909 92 219 939 535 799 599 113 644 837 922 774 538 547 956 876 778 684 139 408 132 615 839 5 407 828 356 583 121 695 252 685 637 9 777 38 315 462 225 615 973 164 267 321 683 873 541 448 770 270 228 914 241 318 366 862 967 928 862 117 472 854 253 615 391 528 358 468 694 423 35 487 94 568 788 321 101 929 478 293 157 325 813 542 192 755 267 189 593 42 727 472 755 671 831 342 250 23 972 933 711 443 726 725 214
933
357 693 935 175 463 590 266 757 534 449 769 169 444 631 410 502 988 601 78 871 226 781 350 62 546 942 792 943 529 424 287 222 316 284 640 451 624 987 102 224 397 489 482 151 914 884 547 530 619 109 447 875 94 699 271 662 449 144 80 63 389 421 714 503 298 803 680 466 837 875 162 890 146 63 25 557 450 793 131 520 184 622 181 547 332 951 38 727 219 910 684 195 556 898 685 752 357 148 294 339 199 718 750 74 157 320 392 908 559 559 455 983 611 112 584 397 700 836 281 727 370 385 626 36 292 983 334 811 437 923 446 710 637 449 985 435 411 395 431 953 371 266 645 292 205 477 437 315 222 294 103 147 269 114 373 846 606 769 461 168 179 56 711 52 368 111 599 737 548 313 615 540 185 95 795 241 916 936 413 669 631 340 182 326 846 31 992 519 69 64 147 752 208 273 849 46 705 167 337 278 619 391 198 108 103 185 892 552 113 853 160 275 614 548 944 79 825 670 234 509 296 482 512 585 146 910 773 256 896 236 352 10 802 54 470 663 874 146 969 573 490 877 215 621 952 810 55 510 51 37 741 315 578 993 436 134 33 952 315 749 894 976 805 775 597 512 65 1000 536 347 342 305 889 187 362 468 896 567 355 517 738 824 936 950 723 436 251 858 511 116 883 64 915 582 750 411 680 108 431 492 966 227 854 545 240 489 620 77 725 723 111 808 132 424 413 324 945 157 717 867 202 423 781 520 766 736 179 58 905 695 395 817 826 530 67 981 905 876 969 446 372 408 142 325 540 408 94 326 546 782 50 133 579 778 775 169 936 905 736 529 835 746 208 877 287 617 480 346 114 868 751 714 835 2 737 463 307 927 827 676 938 482 963 693 447 639 942 127 900 900 30 268 108 168 7 979 443 577 698 409 956 74 293 837 13 99 816 417 20 461 839 234 582 891 117 928 288 530 145 548 751 291 787 272 523 804 37 254 371 876 257 858 105 229 531 399 830 760 422 525 292 945 423 955 710 75 903 405 126 209 531 190 137 370 452 343 308 892 369 331 602 82 27 905 805 290 134 92 867 232 329 715 129 462 743 508 626 509 700 764 387 210 347 579 189 224 628 656 313 299 706 65 616 681 71 699 987 760 946 350 347 161 398 87 47 54 570 557 392 624 140 905 955 105 87 580 981 618 602 631 163 495 11 871 115 800 516 65 720 277 485 722 587 319 601 914 586 413 918 971 346 318 502 539 132 988 419 721 438 190 974 752 97 888 864 689 814 495 311 192 663 22 562 93 279 57 584 148 667 959 468 437 290 572 944 912 348 650 869 308 891 893 164 510 671 479 46 212 696 584 636 753 114 976 16 657 637 399 705 296 652 706 776 282 117 158 917 30 250 391 77 900 281 482 312 382 876 99 677 440 845 63 7 345 226 63 534 704 417 189 130 912 375 218 783 299 172 329 789 213 944 604 553 986 119 987 299 141 307 306 244 65 538 711 568 266 294 298 631 50 372 693 928 479 34 839 218 436 34 167 927 946 811 253 535 911 283 616 354 498 583 487 207 618 217 905 381 374 539 556 950 114 276 182 280 660 586 816 947 610 506 207 881 531 38 514 159 165 635 227 362 920 878 687 316 679 342 447 500 823 987 796 328 13 318 503 712 972 876 327 209 981 152 411 113 537 917 109 815 611 166 141 243 419 459 493 907 439 14 392 111 656 738 770 410 340 310 380 115 336 434 293 470 917 781 659 34 346 833 212 552 712 147 390 701 993 24 23 602 2 815 583 445 827 906 17 268 351 995 496 971 909 4 349 114 388 74 460 933 905 987 97 970 920 167 959 266 404 605 214 756 845 184 899 756 597 753 958 518 939 403 292 228 292 184 702 830 718 999 38 710 409 428 309 607 824 258 369 245 908 708 266 421 502 553 303 851 589 460 902 861 82 620 447 197 828 625 488 819 145 339 911 56 956 271 204 479 860 96 132 482 631 278 534 618 431 596 479 63 575 496 749 577 309 202 224 67 330 101 285 958 718 996 867 103 842 527 254 54 399 998 150 875 905 419 627 136 726 760 296 495 32 393 295 752 426 661 446 578 190 605 726 912 726 684 376 841 113 19 45 862 204 291
797
568 8 493 440 725 87 298 46 765 827 490 183 149 760 877 340 796 639 612 297 350 233 308 550 113 628 166 414 687 697 368 559 555 64 143 187 176 823 657 464 293 855 565 361 578 28 46 474 667 501 134 844 462 584 417 685 871 436 37 853 184 845 884 325 161 428 853 224 74 254 198 607 749 312 313 797 296 891 960 478 453 612 681 621 405 183 197 638 111 196 250 127 165 224 644 458 199 106 79 844 967 905 312 171 441 765 822 171 346 851 255 530 38 10 266 372 354 27 278 232 141 700 543 516 267 357 52 976 423 761 977 821 811 141 887 594 191 343 555 848 629 715 951 429 228 504 860 749 325 508 198 56 254 493 328 348 214 123 909 203 261 243 775 33 302 73 193 850 818 137 670 771 965 898 780 14 312 375 111 268 455 199 661 112 289 712 825 405 144 642 376 257 710 39 636 932 516 785 338 772 693 274 482 559 375 940 724 179 82 416 188 574 486 855 806 331 969 173 969 196 396 716 660 780 123 502 8 946 163 60 435 128 635 312 309 726 933 491 483 366 892 78 540 89 943 350 701 634 163 278 674 969 744 116 876 257 432 816 353 325 399 543 253 567 1 484 274 543 370 120 725 185 946 526 109 301 316 350 571 774 700 476 9 400 807 617 161 145 358 486 34 631 760 138 844 751 672 848 254 288 536 485 239 248 737 812 166 468 391 737 497 863 89 638 873 879 351 514 517 850 992 307 718 396 368 153 885 174 149 848 936 58 900 91 699 59 774 86 653 190 103 644 692 714 930 83 557 516 639 683 344 905 422 202 982 326 161 77 594 694 992 567 573 272 965 800 528 335 3 202 244 74 197 488 57 54 768 101 131 955 13 39 470 507 556 915 989 813 933 602 67 91 65 406 510 106 518 369 912 589 775 256 542 336 218 195 309 74 839 907 911 47 255 216 584 200 816 941 218 954 956 489 187 542 951 630 61 304 426 806 582 117 14 288 137 214 377 259 62 168 709 887 800 344 562 59 205 41 426 884 54 819 660 862 722 592 827 202 837 923 641 920 355 242 617 893 163 542 485 384 41 833 26 186 871 890 386 249 878 825 922 428 517 317 185 399 905 711 19 521 878 302 938 978 45 287 502 741 778 650 883 858 840 676 904 471 702 54 236 393 528 430 308 631 709 905 897 195 677 100 470 122 547 775 5 401 490 510 475 557 853 940 337 578 488 621 276 670 659 529 818 662 444 687 408 808 58 563 590 279 786 863 563 812 625 643 142 510 193 262 685 75 594 892 681 182 458 543 1 699 482 995 89 462 608 412 835 12 45 346 441 209 71 548 208 950 734 553 246 290 848 433 595 621 873 31 680 169 732 20 735 542 753 578 339 880 971 902 522 908 585 9 185 818 502 165 604 351 53 690 719 965 804 668 206 301 86 636 894 609 979 624 20 534 246 421 375 179 661 584 284 722 814 514 851 644 987 845 877 935 161 176 177 201 43 960 319 290 641 794 767 170 892 789 741 888 42 788 954 234 445 296 177 245 645 587 516 991 19 398 55 700 828 199 212 835 257 52 128 811 23 300 513 244 234 748 874 766 500 564 851 377 667 276 623 839 841 279 893 419 696 724 872 388 455 964 998 471 611 500 279 700 606 882 572 607 145 793 951 515 974 703 465 446 754 507 378 690 21 57 958 310 534 688 867 322 917 476 180 819 694 526 993 711 638 69 291 55 105 667 775 269 1000 408 787 359 248 98 996 501 290 369 626 718 633 14 517 769 507 453 638 459 49 24 253 694 794 698 49 274 618 740 357 268 803 401 219
544
848 165 425 949 710 496 71 607 68 736 309 374 743 648 840 504 336 922 284 556 306 629 988 452 757 918 398 870 194 780 208 658 378 252 707 88 780 784 702 157 585 295 875 168 195 503 266 893 948 989 647 627 192 195 355 26 639 226 398 775 12 158 637 780 351 716 629 807 508 677 872 403 931 948 175 655 559 391 29 770 392 884 141 922 441 362 314 514 435 35 146 625 450 895 355 579 417 229 844 35 574 490 729 614 828 761 238 136 467 333 154 23 181 291 580 206 810 751 131 248 298 489 540 975 475 751 860 82 164 137 832 841 894 315 386 528 533 306 297 66 72 31 94 519 472 683 223 853 464 301 224 958 620 222 211 676 229 264 275 695 785 365 538 7 181 637 347 458 308 858 812 231 86 176 886 868 104 20 564 318 722 445 400 631 865 696 722 705 936 298 324 643 479 3 987 194 983 588 806 664 739 759 304 753 608 117 120 714 717 940 573 951 329 436 741 503 295 701 947 218 4 473 806 349 855 845 4 763 804 451 576 617 455 938 552 830 182 989 877 469 773 481 799 508 41 570 215 933 952 455 353 886 808 34 357 303 405 194 694 471 821 212 735 797 672 221 207 774 939 995 119 519 989 380 174 734 432 260 328 886 858 452 50 21 340 438 709 444 429 825 329 120 265 442 482 92 414 903 107 457 198 140 906 13 290 988 902 495 620 475 161 728 122 230 73 450 765 405 291 141 131 180 991 260 964 433 317 243 352 700 155 738 286 160 509 492 587 307 89 266 487 400 538 220 83 25 603 597 869 676 570 946 243 584 431 951 903 314 201 496 486 331 555 279 745 20 975 830 836 833 40 530 822 131 212 805 55 878 173 14 773 858 969 363 995 531 339 471 343 919 350 592 253 379 352 963 346 997 479 739 191 672 78 342 762 235 412 74 742 604 550 24 4 437 338 103 642 578 334 203 428 800 158 698 80 592 512 898 960 411 949 52 866 421 39 960 371 710 981 12 912 117 297 583 825 963 260 920 411 463 619 60 544 701 47 242 373 202 481 339 750 111 45 752 556 286 915 78 400 747 829 317 102 314 430 920 237 904 116 988 399 516 340 314 72 507 899 687 188 220 11 736 916 773 602 461 174 200 107 892 120 469 487 399 620 13 156 622 239 838 258 178 345 297 968 127 577 844 954 106 665 364 82 873 177 697 398 58 594 285 174 144 339 226 862 18 384 360 612 931 381 399 281 971
234
413 556 383 1 584 765 732 716 744 816 29 289 548 29 228 743 867 649 590 726 620 850 42 162 947 785 47 430 385 860 713 738 193 103 537 281 469 343 828 337 723 60 875 604 676 345 89 237 64 898 866 299 773 550 517 495 69 904 914 879 323 101 249 751 636 509 178 736 63 496 233 582 824 817 155 877 368 418 560 414 137 486 916 219 732 200 346 673 787 58 81 196 17 617 631 198 228 148 347 808 259 769 218 522 171 633 616 455 154 753 459 533 329 953 308 246 161 530 60 311 384 88 223 479 259 493 710 298 375 853 770 202 964 738 294 163 97 187 43 58 583 593 698 825 409 307 838 949 150 701 527 143 828 784 360 82 640 329 765 59 112 311 102 837 822 235 320 671 265 189 701 656 376 838 882 193 860 722 610 131 582 602 531 648 247 591 105 204 690 945 705 529 133 193 36 597 584 311 762 460 125 789 948 828 188 708 506 636 457 958 674 998 651 850 227 694 944 378 340 52 889 158 514 395 52 407 777 764 578 323 304 273 32 103
504
268 366 387 326 753 976 78 768 92 335 204 734 729 743 343 656 417 213 888 445 725 542 129 562 328 333 660 951 66 928 148 994 977 391 865 831 316 310 672 485 200 92 474 257 911 411 426 194 598 144 632 556 324 962 697 866 815 157 225 640 733 795 731 250 743 354 405 544 655 503 244 858 208 801 176 304 496 400 342 911 46 22 789 512 980 30 107 859 691 38 913 919 242 679 878 751 581 923 379 316 183 790 899 420 442 344 521 746 253 741 393 438 518 939 550 471 868 958 347 783 809 971 609 986 989 615 410 958 425 542 169 3 188 848 290 544 795 169 79 645 574 960 548 94 56 729 571 198 486 9 522 106 395 438 765 332 397 307 591 116 119 5 86 835 230 249 375 941 971 692 299 379 581 427 627 587 392 368 674 237 833 860 855 379 706 564 926 188 884 465 290 853 146 383 373 593 928 156 977 662 363 373 809 422 776 578 557 891 79 112 379 618 169 443 556 286 383 601 278 855 813 510 856 986 561 775 251 612 149 36 757 371 556 865 342 710 442 991 369 173 171 964 537 4 100 664 884 689 949 653 606 376 402 179 686 52 759 82 697 402 402 141 254 925 752 705 406 905 206 374 502 384 803 142 454 276 181 719 684 130 818 430 792 120 633 42 899 901 204 149 760 538 793 291 690 250 430 668 262 979 257 66 528 459 18 604 987 217 926 443 935 999 230 810 347 1 596 260 714 350 976 725 570 531 468 53 732 233 480 909 343 441 534 589 649 721 616 440 546 806 898 127 316 992 714 297 637 846 15 86 192 744 835 638 595 137 333 833 58 932 818 843 575 75 490 111 406 13 508 104 326 650 185 47 409 569 875 83 365 488 619 559 531 817 530 195 518 196 903 370 47 892 487 595 128 399 819 867 477 74 944 949 33 15 503 624 63 178 73 762 402 726 905 506 640 117 269 672 605 648 551 109 396 872 904 449 43 206 711 714 18 24 298 306 180 291 120 814 626 587 521 585 13 857 56 37 402 942 348 221 915 938 122 264 360 988 837 814 727 779 911 742 554 603 53 348 449 878 61 139 54 139 862 864 213 826 521 678 953 252 287 922 872 612 731 652 357 766 399 986 300 684 730 864 619 827 956 184 715 805 384 300 270 480
696
252 216 570 150 242 592 907 389 614 771 299 97 493 149 180 527 130 790 29 268 578 17 491 467 668 725 903 220 903 787 758 95 646 648 571 789 528 644 515 442 205 516 21 542 684 589 427 938 865 339 920 136 776 407 457 189 334 465 878 25 705 892 767 696 905 360 824 576 880 615 821 874 24 848 677 688 293 541 921 932 124 570 154 255 395 254 668 304 368 298 13 733 333 771 978 955 930 682 286 947 809 10 348 231 307 563 17 791 917 321 817 672 226 762 920 263 172 483 668 382 45 714 837 628 394 629 195 775 410 184 967 299 540 271 198 586 705 874 115 392 238 738 709 329 201 909 902 694 866 251 864 160 176 75 532 712 795 95 124 173 496 63 620 261 411 949 591 501 614 607 742 85 542 795 381 87 484 806 453 517 431 447 308 115 722 181 169 560 199 432 515 414 432 324 974 739 937 186 564 655 146 373 246 843 510 117 763 452 277 575 586 863 459 458 991 802 918 787 492 648 876 310 272 365 381 30 860 425 444 284 3 328 57 149 176 222 961 824 59 887 676 281 576 152 149 479 971 360 902 47 336 11 2 117 584 97 975 815 300 730 847 911 774 275 642 478 487 311 796 929 636 570 470 509 200 378 597 682 192 63 722 740 132 947 242 186 238 411 514 31 775 670 178 25 232 61 919 861 108 541 375 801 571 683 764 384 116 314 735 997 616 688 670 39 343 489 267 376 641 943 918 763 610 723 763 800 622 354 540 199 833 136 339 217 561 356 278 999 218 636 98 207 473 221 708 521 869 714 845 610 733 254 598 233 274 885 773 991 336 810 936 468 983 287 310 871 361 471 969 975 398 800 498 301 305 687 818 784 153 873 733 617 278 696 445 49 646 251 667 444 725 743 735 929 320 240 9 576 135 812 773 621 414 341 152 752 449 90 415 115 397 582 668 114 530 431 739 917 358 423 133 309 131 681 946 79 113 426 588 452 416 850 627 584 764 801 617 752 665 587 997 805 14 543 426 434 417 960 849 617 144 688 875 247 677 749 938 621 791 913 227 16 528 569 615 739 728 398 850 243 467 493 229 21 847 324 112 872 775 961 383 284 799 506 204 954 663 259 332 606 456 787 556 76 536 404 145 317 513 524 486 370 945 317 271 128 765 144 56 905 431 406 763 183 824 671 306 805 563 341 619 93 474 390 574 489 316 460 23 200 567 126 183 543 667 393 125 725 630 98 9 198 525 486 57 143 823 752 699 417 939 776 7 445 441 783 422 611 650 362 133 961 373 585 71 255 262 859 235 481 314 435 84 350 693 319 168 381 502 301 964 555 974 532 378 934 841 993 623 362 641 156 429 7 237 456 520 265 83 580 476 872 226 667 741 810 510 158 368 701 557 866 906 937 21 305 178 977 412 177 211 379 979 503 484 556 8 121 891 72 717 970 782 27 13 270 225 428 900 659 867 450 336 508 925 599 218 884 361 116 235 767 147 669 27 975 336 752 886 132 582 584 134 345 786 820 988 256 54 893 934 925 915 214 743 591 865 970 645 376 633 342 253 359 809 681 566 31 136 991 327 934 517 255 965 52
787
863 190 142 933 151 341 613 769 33 5 667 357 294 25 53 271 324 256 659 51 314 769 193 410 135 166 642 479 994 997 378 246 620 770 608 576 922 807 640 666 333 584 441 206 856 393 34 768 383 407 362 66 735 390 18 375 393 110 300 381 894 761 252 272 763 605 323 507 179 969 908 375 40 802 711 392 704 593 638 596 996 738 373 283 537 397 276 259 859 834 939 142 786 792 28 6 742 738 265 342 297 568 870 547 187 999 772 538 457 31 830 674 293 617 826 245 444 569 71 895 374 509 295 351 548 51 763 466 931 42 618 282 405 882 327 36 85 465 125 875 11 61 990 454 583 697 67 551 820 393 537 551 118 94 304 608 869 273 944 179 38 450 927 917 242 467 150 719 531 995 207 279 511 80 417 604 619 24 306 322 802 91 724 329 244 159 566 878 447 766 381 975 850 372 551 47 821 401 891 577 971 410 647 212 659 536 425 433 43 664 453 352 686 775 969 165 106 257 84 237 31 792 174 17 279 484 268 539 407 632 464 648 897 30 706 860 380 632 124 389 371 584 743 141 196 422 335 723 73 252 808 742 83 3 829 932 224 965 85 339 125 84 465 554 855 14 544 52 478 718 869 833 83 565 276 196 263 379 472 323 329 968 315 209 577 342 947 201 334 166 969 243 236 142 610 979 128 254 790 520 937 42 794 310 821 806 515 121 537 478 268 512 399 210 993 202 928 813 218 835 433 320 706 211 764 990 945 875 286 564 622 188 449 49 283 984 938 826 154 290 734 261 101 273 748 527 776 741 584 229 81 124 95 611 462 267 965 358 835 556 752 573 90 203 794 49 217 936 528 104 198 104 204 912 955 620 514 70 313 967 27 250 778 469 899 83 25 632 441 286 630 979 495 174 943 92 204 956 269 363 897 904 500 741 866 292 139 592 730 960 533 880 364 510 873 306 444 811 880 269 473 806 134 360 196 101 942 812 109 74 419 424 753 972 758 209 885 107 27 481 360 177 379 571 390 986 48 434 639 976 2 739 561 425 840 340 246 99 536 539 792 788 544 841 904 82 556 787 302 958 78 772 135 971 874 523 26 909 707 639 557 676 762 604 480 260 217 442 76 926 586 64 58 878 85 903 479 919 672 566 872 733 496 427 331 816 380 61 740 966 118 692 485 928 598 150 495 856 268 727 867 821 676 118 948 489 174 720 406 850 4 429 554 543 524 941 12 909 419 483 214 606 338 493 668 587 35 95 942 157 70 42 586 928 645 840 664 136 239 415 177 150 594 132 818 872 491 99 939 991 540 977 235 117 243 861 192 122 922 332 108 111 686 479 480 158 885 897 29 913 820 746 93 723 288 239 268 787 932 239 136 753 656 150 504 161 945 702 662 269 761 684 95 296 957 642 642 713 986 20 760 974 34 906 831 35 797 97 990 547 120 457 699 110 135 247 20 468 113 713 732 477 434 118 633 677 119 414 335 514 670 665 569 854 846 957 62 311 543 706 320 905 328 84 849 251 597 541 564 85 779 624 334 501 11 39 915 541 442 56 799 292 586 993 665 325 782 644 794 10 59 6 344 508 857 982 706 614 108 980 213 350 880 378 308 513 75 753 770 295 60 789 464 694 728 364 739 408 168 254 769 152 292 272 483 171 210 594 886 492 392 837 59 196 756 79 128 671 483 127 613 628 867 2 424 255 291 335 401 391 88 628 213 213 713 605 902 955 266 724 517 884 589 717 25 978 727 603 368 608 278 288 861 763 25 717 103 252 46 694 400 91 254 476 49 729 739
978
181 311 79 304 467 999 391 544 779 749 730 262 948 952 613 659 297 335 13 464 994 853 839 892 730 478 832 481 834 341 92 512 521 452 816 400 600 642 494 766 890 608 30 569 692 652 1000 735 687 920 18 136 346 839 121 405 882 740 634 262 555 341 662 791 658 722 304 8 998 690 626 545 688 488 784 569 207 724 420 897 607 16 189 908 647 704 464 329 59 936 826 108 995 552 953 417 11 620 6 89 133 385 705 400 995 974 596 230 383 59 818 469 961 182 711 694 380 325 949 238 918 733 538 662 44 267 76 592 167 814 292 582 720 915 603 746 308 618 479 415 787 389 930 121 533 953 252 722 787 791 799 328 981 631 158 657 506 468 858 891 383 830 442 69 575 653 538 452 732 946 658 454 935 445 165 756 555 54 331 468 812 623 240 385 530 93 766 587 956 217 627 75 610 622 657 113 843 651 146 508 925 112 747 919 91 647 113 981 920 103 60 366 73 777 344 257 891 611 719 196 430 677 114 4 63 653 962 188 724 760 824 857 959 591 46 581 980 721 900 495 152 365 566 602 978 509 766 715 656 409 349 757 507 68 693 375 543 954 682 199 289 995 842 379 6 25 39 59 119 432 704 391 661 690 739 195 845 153 357 240 572 285 249 573 303 445 528 824 97 650 808 196 335 247 948 824 966 691 513 893 891 426 969 418 516 851 718 840 994 314 216 606 757 694 46 570 759 507 187 298 783 248 951 394 506 952 294 656 244 964 720 689 314 476 967 892 67 307 992 953 908 205 46 612 572 234 263 541 36 974 971 714 605 473 96 549 551 769 923 687 766 718 271 111 780 902 579 354 202 643 297 624 691 243 907 392 93 187 306 840 11 199 409 571 920 934 562 799 193 210 839 431 130 247 38 43 120 475 789 276 651 468 732 731 205 364 240 143 204 966 215 33 281 824 274 316 537 688 646 28 471 889 949 380 499 378 652 125 558 662 832 382 548 924 354 807 541 572 598 581 18 915 352 211 392 882 352 933 30 758 436 516 667 562 64 924 775 330 932 742 35 343 458 1000 90 399 455 989 350 454 105 915 661 184 183 3 92 541 167 336 848 96 262 747 291 676 805 187 575 965 876 371 352 650 145 918 765 447 346 551 619 587 638 557 539 282 213 131 859 726 554 530 734 554 394 213 658 712 124 331 83 362 655 904 500 270 66 240 137 8 841 28 738 774 464 520 133 842 485 795 395 595 202 444 324 426 730 936 416 958 571 887 601 133 750 670 864 345 184 275 970 73 639 975 155 584 40 526 230 805 621 353 846 11 780 607 670 767 189 645 363 425 611 185 123 19 236 100 753 346 820 802 529 313 99 435 146 511 193 327 747 541 526 377 311 104 282 917 909 752 858 337 937 634 479 671 958 983 859 8 1000 624 250 716 122 658 373 810 440 119 34 516 612 99 917 457 470 99 961 710 817 995 81 156 7 806 320 740 629 657 192 993 838 961 2 943 446 569 444 295 263 778 713 322 427 900 891 108 868 562 484 90 250 235 286 158 202 379 589 670 67 769 677 904 401 903 656 668 498 206 491 893 907 711 127 13 800 915 264 277 262 149 557 982 982 393 546 835 19 467 510 936 842 424 629 112 264 204 922 797 527 353 607 961 252 692 670 483 662 799 293 186 25 354 69 350 569 785 768 711 543 279 137 693 429 554 891 556 999 209 324 994 26 186 376 714 636 362 436 973 888 170 721 358 217 640 339 914 123 818 726 268 677 566 675 605 921 877 547 680 270 684 177 312 156 322 179 638 343 157 407 85 945 816 763 574 140 298 318 993 179 71 118 892 427 158 745 820 912 101 147 509 613 692 412 763 895 362 501 759 11 307 37 590 850 964 266 295 32 324 974 13 983 328 204 291 560 364 15 322 16 321 942 991 396 256 594 603 59 743 931 342 378 784 838 27 766 595 174 861 302 316 990 73 536 424 713 639 544 146 429 196 576 27 443 160 308 525 346 822 186 323 775 107 359 936 212 397 751 367 466 131 989 134 648 716 979 638 170 125 458 621 642 15 303 72 385 829 605 875 985 772 194 182 991 270 308 879 770 103 723 837 844 397 935 649 173 936 904 555 325 642 326 332 2 259 65 4 934 137 69 550 101 953 391 753 274 268 177 323 461 831 527 698 104 983 11 529 871 949 496 741 324 319 852 132 830 949 90 526 372 616 603 15 692 182 27 871
732
260 996 790 977 236 775 677 683 974 196 988 82 744 690 807 428 392 283 222 362 855 738 814 597 111 872 765 193 485 837 621 551 899 374 208 3 489 451 692 249 128 835 760 470 475 786 712 794 30 221 988 819 455 506 198 452 869 570 720 923 799 832 428 429 73 60 773 926 420 358 705 127 305 323 648 127 174 602 644 899 538 913 42 170 390 512 33 845 334 413 126 976 469 483 413 276 83 149 723 741 292 813 782 654 665 47 282 540 829 486 704 821 990 549 861 311 617 64 666 499 573 64 363 189 81 682 276 645 483 135 647 794 151 498 346 487 761 644 851 710 219 365 561 68 425 486 126 159 488 919 566 324 147 808 819 924 744 820 46 933 540 258 756 502 467 373 505 762 758 251 816 119 31 599 334 911 575 34 19 344 968 3 957 906 686 209 292 807 631 256 641 105 280 899 237 129 948 312 225 306 147 981 850 893 965 494 685 760 509 309 829 863 43 526 938 501 197 147 744 226 119 85 859 360 843 154 287 958 158 936 530 174 742 468 230 850 44 286 624 249 64 318 403 665 37 13 159 511 663 693 433 212 519 958 807 245 3 237 795 470 791 300 59 840 893 679 135 369 642 912 609 199 880 636 256 702 698 22 875 24 728 961 117 854 340 488 73 711 913 790 39 109 188 228 516 699 80 731 799 376 925 268 291 621 874 667 620 41 219 930 839 368 144 199 600 752 856 698 260 739 712 43 591 465 821 421 669 974 334 919 638 968 503 949 698 114 366 988 447 993 24 238 990 133 729 422 571 556 566 458 880 852 234 279 384 273 854 464 573 644 536 231 885 715 475 375 836 544 418 831 310 124 195 663 804 307 30 266 578 528 405 228 969 178 168 253 689 734 442 928 376 599 735 502 580 866 347 16 905 311 718 750 156 365 598 190 430 480 102 796 484 84 909 551 356 899 466 827 575 167 751 90 20 924 633 699 327 431 292 541 699 479 996 826 890 887 521 621 401 793 462 824 12 135 741 827 873 832 109 207 426 206 764 185 125 334 626 491 509 825 226 904 315 911 347 205 485 298 428 584 62 285 465 961 198 375 445 788 362 683 294 521 3 517 607 965 762 581 191 962 89 913 971 444 888 142 828 866 823 797 271 80 389 31 12 484 395 712 489 514 507 372 656 386 424 2 897 371 687 751 251 248 526 357 177 312 905 612 690 193 700 260 980 300 872 161 720 894 367 610 2 317 502 213 460 693 711 170 378 537 253 96 588 636 74 961 730 483 718 861 667 339 372 312 182 708 18 255 683 46 949 350 360 894 145 369 639 324 472 941 556 908 357 845 663 996 883 352 245 933 814 636 257 359 604 422 1000 328 716 631 315 565 494 787 86 538 75 614 845 88 850 39 189 910 966 446 24 175 227 74 472 37 889 541 37 138 93 699 392 928 410 581 794 579 743 621 31 951 94 229 331 130 680 3 785 930 880 122 271 171 25 749 383 310 44 317 998 348 771 781 43 791 887 924 223 424 917 17 371 647 265 83 911 117 764 866 714 40 581 543 561 647 266 635 289 321 24 189 963 615 660 311 288 654 145 877 892 42 907 621 519 309 805 452 28 555 584 627 583 61 132 49 287 41 465 179 836 814 89 698 897 912 224 217 792 111 210 355 603 600 669 479
615
959 33 34 201 9 345 565 670 792 955 606 934 339 759 608 320 802 714 829 505 76 72 567 501 310 544 868 122 535 951 54 89 413 519 385 679 210 57 831 700 121 924 712 933 328 261 433 889 921 233 15 942 363 42 891 684 550 264 147 571 538 622 863 132 145 618 86 223 436 10 541 845 319 949 324 492 571 526 609 753 575 745 602 863 515 319 296 999 900 756 897 159 559 147 635 952 289 481 951 664 30 520 3 335 768 701 410 236 16 22 355 774 277 874 875 72 106 977 214 897 175 93 500 106 217 747 727 895 862 997 534 799 13 407 368 936 516 665 10 949 302 578 491 630 591 809 759 17 924 847 755 235 34 569 592 583 693 134 602 229 830 929 602 669 600 254 730 724 250 431 635 893 400 72 63 232 551 148 559 901 447 679 801 561 775 722 633 593 534 219 482 794 442 982 574 653 320 318 833 324 605 278 73 277 994 269 910 433 767 513 458 96 572 51 995 817 168 747 110 574 214 580 792 844 958 335 506 659 387 869 627 479 985 804 616 60 292 326 104 909 165 456 131 931 204 116 747 894 950 511 973 130 345 417 810 569 48 78 377 420 320 970 55 943 887 202 129 815 938 450 110 284 470 504 857 719 396 332 342 675 912 638 922 786 421 463 515 13 322 241 45 162 605 590 60 314 870 241 250 167 714 92 695 750 789 666 982 19 263 94 223 754 308 659 230 731 826 814 37 200 829 320 603 582 526 160 705 674 652 340 914 627 459 929 119 456 293 939 490 419 825 818 286 80 65 677 19 311 224 86 554 790 641 767 612 344 491 851 953 289 175 476 688 920 570 254 525 563 790 145 628 470 782 889 916 331 11 876 628 47 780 922 984 7 382 969 27 874 562 252 86 534 394 219 895 994 34 447 107 194 751 84 76 727 570 662 123 659 892 309 719 187 390 90 8 713 83 366 405 533 141 839 559 825 792 897 573 844 512 456 191 1 365 593 753 931 15 385 355 390 438 356 192 304 359 367 636 672 83 694 989 254 839 545 424 568 740 916 224 882 857 602 330 196 269 950 303 817 682 672 118 162 572 942 583 743 737 87 620 849 497 83 114 65 629 733 148 364 216 106 676 586 518 574 123 299 638 952 572 607 479 154 530 832 230 205 659 276 299 486 270 839 790 665 484 633 342 197 538 49 240 655 370 379 999 16 280 760 289 256 571 770 598 363 840 601 96 746 329 918 336 150 753 735 937 718 387 61 338 928 360 936 956 940 532 416 572 243 933 831 575 732 367 274 805 142 380 1 809 291 892 155 86 778 875 993 682 385 545 95 293 947 7 778 737 477 828 773 88 786 759 765 709 369 627 363 528 693 261 379 700 729 291 831 678 28 10 150 295 829 316 750 107 608 550
555
683 936 662 291 363 623 139 126 349 366 542 224 491 789 825 427 141 72 639 591 441 345 871 803 868 551 740 465 4 233 578 484 673 907 215 967 586 740 363 899 253 286 287 27 885 681 981 740 24 794 396 279 324 53 446 233 935 95 707 972 518 529 299 755 645 817 875 891 463 692 198 686 325 519 619 349 772 226 757 58 563 16 410 21 514 31 120 810 106 752 719 494 317 993 965 823 435 29 109 114 181 818 332 765 256 679 321 135 685 933 773 840 343 687 375 380 488 685 247 41 964 201 731 242 371 25 957 88 831 407 171 61 86 356 816 426 547 858 809 92 523 729 918 580 747 104 816 417 501 188 932 345 208 374 485 979 708 491 389 196 361 964 818 497 955 335 909 596 295 423 774 321 275 262 60 775 385 206 835 893 389 136 914 553 654 483 381 325 854 713 732 219 399 163 273 387 29 11 747 260 380 357 443 757 126 473 369 997 376 335 8 559 314 334 211 396 499 894 143 720 883 637 285 763 105 326 93 313 916 75 728 759 797 613 67 549 136 585 536 983 524 681 466 257 594 696 162 546 982 454 749 800 291 328 781 492 763 307 149 962 332 447 997 994 580 266 42 59 648 892 880 518 437 974 480 829 222 463 679 100 485 639 713 849 70 902 599 483 548 897 602 562 673 344 323 550 171 952 84 614 544 709 726 1 696 14 936 141 733 753 638 523 529 332 148 57 432 96 30 216 593 155 336 772 936 681 81 935 89 965 57 847 636 567 828 250 217 84 582 534 987 963 931 17 10 850 198 289 52 395 36 971 637 785 419 33 746 321 977 242 733 514 469 876 747 877 554 89 104 438 816 204 284 668 464 129 905 463 355 509 840 276 883 733 970 820 276 985 632 442 77 901 617 215 201 172 391 677 564 284 875 694 692 562 674 788 509 743 277 286 948 555 350 821 497 39 500 332 735 978 713 99 490 351 658 650 487 250 257 347 958 147 600 841 206 487 680 833 508 133 125 305 778 53 243 48 624 23 476 389 70 586 119 633 952 245 566 268 840 102 778 839 237 176 669 789 377 866 44 637 882 31 372 989 996 744 72 420 469 211 140 830 647 490 130 596 525 735 112 147 945 374 443 640 11 612 162 623 210 635 447 377 129 234 525 406 190 19 573 252 955 642 576 476 568 239 926 16 521 37 693 899 23 555 248 268 438 849 416 679 772 942 70 603 748 393 630 650 324 118 684 9 475 749 127 6 464 564 603 802 108 296 857 720 59
48
457 981 398 505 328 56 278 735 46 377 797 372 576 794 585 678 350 313 283 186 606 726 523 875 34 81 392 722 589 776 308 693 181 269 877 295 688 176 884 913 466 3 635 931 81 181 485 579
590
425 840 801 58 369 368 208 41 373 415 636 706 124 737 370 829 527 806 194 726 374 841 96 84 297 770 606 879 465 355 370 971 249 4 490 859 758 164 661 312 399 19 69 706 173 387 125 27 572 231 525 855 659 833 977 709 44 73 588 271 12 526 935 177 486 333 556 709 996 494 96 450 312 774 602 117 408 678 252 632 651 64 793 240 202 973 381 233 501 761 428 154 151 11 711 288 981 93 416 842 262 43 95 164 211 241 152 499 35 187 813 944 87 501 607 928 276 821 282 135 852 185 100 652 857 339 591 871 128 895 804 856 988 796 801 298 602 445 712 936 867 378 727 230 521 412 936 131 992 748 645 605 769 582 753 765 82 60 442 528 937 581 597 499 470 866 724 997 145 542 246 862 93 152 493 187 278 922 643 613 401 569 630 239 115 95 927 423 20 885 676 679 543 478 635 6 273 643 625 767 241 597 701 187 408 981 395 467 911 631 266 251 710 535 24 239 886 662 87 553 806 610 786 406 826 170 981 526 876 823 723 311 475 975 622 211 415 848 482 680 163 409 297 954 411 500 502 52 683 515 611 51 47 839 910 441 843 921 416 64 140 379 7 211 837 921 413 977 909 609 88 422 568 942 452 597 90 331 177 775 275 968 536 658 767 653 383 802 622 573 296 696 531 852 55 558 854 308 469 554 305 312 445 497 670 621 642 779 989 127 802 370 675 850 166 85 516 717 721 684 145 750 978 526 232 997 184 920 564 718 400 454 701 326 856 765 787 295 373 76 295 507 452 912 764 473 453 599 826 685 593 943 841 984 929 647 136 920 633 735 273 962 804 822 910 870 56 196 820 820 549 715 697 660 775 102 445 634 664 525 174 947 508 207 284 56 632 684 438 214 603 998 531 865 588 473 87 428 302 204 126 909 627 574 839 804 409 525 683 460 466 271 97 353 836 636 111 329 49 522 213 340 839 598 498 511 943 415 287 520 864 324 141 356 52 460 542 913 732 56 932 318 978 227 30 690 305 713 454 812 373 918 926 8 1000 868 502 73 895 923 259 183 100 229 670 460 256 319 103 539 601 684 425 755 825 23 286 734 589 730 521 923 401 654 287 54 945 14 474 351 97 962 334 802 486 311 303 107 544 542 698 410 391 953 111 513 344 780 247 867 886 6 72 36 218 1 529 258 533 991 794 561 512 324 605 328 552 751 478 533 435 168 683 489 682 34 417 696 241 126 202 793 480 821 804 480 190 410 620 449 98 877 386 169 223 411 663 548 5 185 825 394 313 890 85 299 463 935 725 218 34 739 299 848 418 212 326 664 180 235 372 657 227 465 183 741 267 93 572 861
980
919 32 32 361 988 867 627 263 424 608 521 138 518 258 465 124 523 36 486 174 22 457 229 441 503 692 295 137 491 246 735 454 562 9 754 484 606 383 869 613 169 251 485 977 354 585 743 503 546 605 994 712 503 478 903 571 29 191 138 251 818 464 350 799 591 834 808 202 710 495 984 504 823 267 662 41 73 453 700 57 125 893 531 662 864 27 67 955 855 496 823 598 309 842 27 601 971 650 277 214 201 521 159 924 73 894 874 52 221 493 630 436 637 70 382 928 303 404 242 498 626 178 513 37 750 702 530 267 657 216 773 185 265 355 996 686 518 244 597 192 205 714 352 352 116 302 975 847 471 55 526 369 94 787 827 772 78 160 821 524 932 475 473 206 905 960 173 837 593 812 456 519 535 678 965 245 120 884 876 499 275 34 535 157 903 371 948 490 567 514 543 825 751 450 298 260 538 339 238 542 531 222 29 936 901 681 524 885 59 812 24 990 834 778 662 29 960 323 553 313 610 261 457 154 605 268 465 147 528 671 722 958 660 215 61 851 644 475 647 525 616 711 451 411 959 424 404 159 936 526 705 41 900 647 579 405 384 676 743 593 473 730 660 912 128 381 233 135 682 859 10 451 767 547 266 726 138 262 598 759 218 796 461 986 75 307 932 488 926 659 638 934 43 360 559 72 773 901 905 682 109 374 190 779 599 374 448 107 536 213 853 523 415 544 532 177 840 897 874 536 805 786 451 508 560 616 83 106 599 537 421 117 882 613 683 952 628 869 182 525 840 307 137 354 164 519 323 52 192 935 497 187 1000 746 530 119 451 663 548 269 534 687 659 768 64 954 136 621 594 525 844 345 963 974 46 696 443 438 13 616 363 239 671 414 559 990 546 86 455 931 868 204 945 163 693 51 277 788 719 109 519 356 604 399 604 247 347 882 764 615 538 607 151 861 985 408 159 711 715 199 6 945 391 101 308 610 113 185 880 21 186 380 265 4 645 244 818 508 111 482 876 850 463 20 460 587 707 608 876 427 687 298 299 571 663 865 910 691 48 730 326 119 136 834 274 604 820 396 878 824 657 969 412 446 438 513 323 505 857 2 284 586 4 681 133 268 806 681 138 102 104 99 746 553 636 947 515 137 333 120 711 546 233 416 220 690 550 960 54 756 539 241 890 493 671 228 75 974 162 269 871 859 561 24 486 104 48 738 573 30 309 536 277 355 973 392 291 915 621 728 602 853 716 616 62 671 304 882 885 614 639 675 712 672 292 678 205 428 445 930 527 965 856 824 221 490 601 99 870 271 398 680 697 341 400 112 165 496 292 826 963 8 292 808 999 576 360 343 34 558 378 782 262 944 676 907 135 704 39 475 782 213 433 787 877 171 63 871 299 317 939 696 569 194 492 326 119 827 556 546 508 577 836 124 772 545 294 355 417 902 571 771 939 480 308 899 687 829 177 159 853 793 61 642 436 111 505 28 540 350 796 180 124 142 855 661 785 29 356 80 333 377 690 49 715 302 41 233 918 879 142 544 78 115 850 537 272 217 575 116 521 279 43 188 924 473 843 680 183 954 248 2 867 409 989 641 302 840 121 757 46 328 279 300 216 793 752 944 200 505 918 348 820 952 269 192 365 622 899 857 180 291 926 344 296 700 893 727 582 142 206 272 410 264 626 351 116 277 983 427 250 262 209 369 720 572 106 312 816 132 442 374 216 706 32 658 904 346 660 857 733 613 363 1 932 476 336 571 984 530 554 732 227 345 872 276 855 749 714 847 888 788 6 628 272 241 119 345 691 39 969 197 8 150 267 389 357 840 663 407 506 280 119 28 17 425 603 497 662 137 539 981 562 763 470 82 282 265 83 103 521 360 403 381 105 78 966 839 170 107 596 914 9 236 227 158 183 540 546 379 469 733 479 396 244 355 654 395 958 362 745 698 343 238 817 873 200 851 787 140 123 392 240 971 401 724 316 563 240 152 699 150 860 937 574 786 730 763 634 812 216 196 679 31 835 751 225 906 143 356 383 770 759 855 389 653 656 229 761 389 415 118 127 860 966 971 273 180 243 964 52 967 945 234 235 677 519 365 405 220 524 733 126 486 236 986 189 273 483 987 168 112 446 535 884 860 394 501 217 800 589 638 537 996 301 13 973 337 248 255 69 84 444 646 314 776 475 304 325 467 123 916 453 644 831 110 988 359 621 351 148 477 586 585 47 56 303 248 993 299
691
237 449 104 967 892 36 147 578 807 163 911 971 780 379 334 615 933 161 295 210 937 728 47 64 909 914 490 18 992 643 872 943 918 418 257 256 928 623 739 581 269 848 518 30 618 89 406 386 413 244 882 254 614 929 282 848 712 74 304 436 878 224 72 246 638 733 44 222 297 30 39 62 408 852 773 716 710 742 27 600 678 6 687 418 283 308 324 639 47 247 67 891 194 955 854 38 777 736 238 992 34 675 597 416 24 916 383 24 830 276 368 123 618 244 649 345 715 995 271 395 117 744 200 795 107 401 657 194 884 945 265 919 575 174 25 45 379 257 440 392 96 662 645 359 264 308 137 545 485 837 166 888 232 987 472 244 120 247 315 987 876 565 719 299 881 26 170 106 743 148 65 915 818 980 292 825 229 304 998 58 203 28 538 109 267 524 511 573 657 912 284 777 656 564 119 46 485 914 102 593 720 395 356 49 861 978 70 512 76 403 660 73 282 606 531 579 333 481 973 265 617 597 504 900 982 878 72 977 213 47 259 118 979 859 528 524 706 346 372 306 887 701 61 4 322 857 384 999 76 149 942 718 220 220 845 884 76 51 505 743 308 876 27 306 928 785 315 118 895 929 733 527 124 909 683 599 510 170 186 441 346 722 993 95 154 155 223 135 286 101 622 160 570 962 992 830 586 405 26 73 523 327 599 239 528 943 143 157 797 100 832 230 852 31 745 738 670 445 271 741 265 227 416 552 918 120 109 467 675 682 166 469 693 605 227 129 571 132 516 357 858 55 625 195 91 822 705 490 565 299 147 212 260 231 121 13 905 574 310 43 425 800 396 585 670 513 571 51 389 984 579 579 241 480 272 513 242 415 280 142 601 238 214 221 433 868 22 740 782 139 621 3 997 345 767 589 560 81 863 96 119 154 644 781 182 478 505 983 984 648 172 573 162 810 425 324 377 517 693 165 233 305 455 23 829 215 768 534 720 807 360 193 368 121 994 445 236 281 269 474 220 754 696 381 406 559 255 749 66 372 866 958 828 591 310 605 788 340 456 50 753 665 328 915 931 374 959 629 67 340 219 101 833 59 756 612 11 881 99 6 311 664 502 259 193 751 795 43 74 342 170 617 635 222 716 916 549 896 182 527 465 867 167 706 729 402 240 394 390 997 824 880 641 943 393 653 48 493 879 796 604 21 9 247 396 798 219 793 886 803 921 670 262 883 198 972 675 630 831 319 17 438 312 412 20 254 839 343 444 658 742 996 648 42 13 933 837 248 1000 41 895 586 645 859 169 6 479 58 169 183 299 236 749 408 181 636 222 587 143 59 893 946 868 622 954 608 276 443 306 32 65 452 848 203 441 752 215 731 908 626 879 952 266 692 674 566 296 152 610 219 128 969 6 26 799 661 5 491 387 140 727 369 621 560 297 507 717 129 106 258 461 475 731 266 721 262 150 724 487 601 522 527 134 460 293 512 542 845 230 70 658 125 599 643 648 246 648 150 165 505 653 595 649 297 240 906 878 704 270 208 179 150 330 889 116 883 416 938 938 811 955 369 751 822 874 91 158 151 383 293 442
570
632 978 911 930 552 591 684 948 919 800 495 201 63 531 424 59 811 740 455 917 886 989 277 173 606 436 597 942 644 539 356 291 942 188 263 585 262 228 972 107 966 399 133 345 91 175 559 448 206 339 146 963 674 273 681 514 421 255 821 800 326 52 667 207 732 845 578 112 381 399 685 137 598 415 450 197 955 710 138 365 619 734 112 422 810 283 948 987 584 841 408 187 830 381 476 175 224 81 123 163 247 963 771 39 898 857 608 87 517 495 844 809 394 124 469 360 35 994 112 753 810 564 119 351 465 65 312 606 464 610 364 226 849 256 776 288 97 63 890 679 941 492 705 760 29 334 907 226 841 318 522 337 943 763 971 822 988 910 459 466 782 189 405 201 214 513 354 234 478 57 924 660 466 18 768 870 997 187 96 825 565 86 595 794 180 136 378 48 147 880 172 466 227 649 506 733 510 59 616 823 767 23 532 866 336 16 181 570 723 183 302 784 374 342 657 840 640 665 149 629 58 580 675 657 219 459 257 132 575 735 150 852 368 29 629 554 330 787 354 863 262 54 184 53 139 559 882 87 233 918 855 855 286 812 81 631 184 648 275 185 425 29 637 882 642 601 9 525 752 599 504 540 729 104 642 306 531 189 245 690 487 591 332 338 412 629 419 655 160 747 711 865 257 109 858 910 727 585 684 910 747 624 342 656 474 703 337 329 372 912 198 464 798 454 693 684 685 832 758 419 329 22 181 279 79 121 684 8 882 486 861 872 384 562 908 3 59 281 136 426 283 756 626 318 411 825 596 200 915 757 947 169 327 463 37 783 823 244 305 718 971 824 687 523 983 456 192 887 417 8 705 661 898 521 313 852 159 73 44 719 199 813 904 726 21 830 397 229 859 354 668 805 699 777 980 125 393 481 500 828 829 907 521 178 34 646 350 897 321 322 493 866 839 323 63 378 833 244 98 779 661 505 358 284 730 778 926 741 386 215 599 9 356 403 939 622 555 412 318 383 782 68 140 726 332 278 399 771 546 754 418 975 97 168 197 801 163 399 738 375 98 115 87 276 798 69 866 975 851 916 292 239 812 612 363 354 8 742 765 979 82 176 693 490 473 496 693 840 548 484 735 548 7 701 767 952 789 916 424 145 15 775 315 427 952 320 207 989 965 790 330 871 535 134 785 667 719 988 474 623 465 501 18 229 437 192 576 879 923 629 92 934 277 263 642 545 973 26 732 871 122 293 194 771 792 796 830 534 946 859 635 96 792 5 211 345 343 629 174 760 948 191 314 680 175 92 477 356 392 58
972
925 185 540 17 666 482 74 833 114 63 178 352 886 785 179 703 584 10 714 996 588 882 170 157 558 160 747 627 416 502 774 555 301 693 494 807 585 900 579 436 793 301 182 824 139 851 898 723 335 385 412 721 413 463 930 915 734 854 872 642 252 294 911 898 262 392 556 741 283 981 421 815 862 920 414 53 445 260 791 46 904 627 912 528 691 774 52 931 414 889 870 6 950 544 727 147 386 444 257 666 135 899 931 54 527 335 997 600 513 65 614 923 817 595 698 674 66 650 924 922 790 177 897 209 737 431 795 950 967 763 778 552 656 555 203 226 336 293 230 427 484 235 223 120 822 737 707 154 443 61 883 717 421 85 716 69 420 202 806 503 305 319 768 545 253 882 117 284 503 680 356 471 244 380 68 626 425 277 999 928 973 252 251 453 359 866 138 765 616 837 360 284 584 711 325 607 481 141 447 398 422 198 785 695 982 659 785 366 326 979 335 339 58 79 713 596 377 546 588 805 73 536 965 269 842 194 793 392 191 867 606 597 338 681 335 371 892 469 249 505 224 607 55 842 971 755 191 383 427 233 212 709 746 137 888 474 585 451 925 541 68 807 524 580 68 597 726 451 802 562 392 392 298 913 890 488 19 83 984 716 999 780 305 522 312 629 586 682 527 940 975 101 237 453 893 929 510 697 62 276 187 785 427 963 197 9 672 952 574 828 582 994 199 860 503 978 993 560 448 583 783 616 362 564 572 874 702 4 506 916 707 841 243 28 780 263 331 587 890 837 686 778 922 934 15 958 99 519 723 667 620 895 247 831 613 707 29 244 235 749 813 747 316 17 788 269 401 53 570 873 309 14 940 448 533 956 113 51 625 495 998 509 797 829 717 746 836 471 633 870 205 721 354 684 435 252 158 144 749 695 99 608 465 610 770 567 219 372 810 264 216 254 58 164 295 696 949 571 491 205 496 619 581 627 783 402 530 32 757 499 221 471 274 420 935 980 553 937 221 782 141 141 583 827 934 829 160 419 859 852 728 605 518 365 617 592 447 313 717 750 629 155 277 938 633 956 137 9 12 361 604 727 702 594 132 672 49 20 357 500 975 681 964 755 161 770 965 311 588 142 304 34 921 157 863 290 207 350 257 208 135 81 214 527 394 114 502 140 906 760 90 386 558 109 141 336 518 596 454 2 464 696 620 349 770 444 62 712 907 813 580 986 27 955 486 708 612 464 709 311 712 408 448 208 287 402 225 881 575 979 412 999 293 61 69 865 369 7 129 254 496 602 503 681 426 836 600 564 216 371 839 719 35 179 528 89 678 801 922 585 130 26 91 988 708 358 807 830 883 722 14 792 88 887 807 532 33 539 543 83 903 131 614 886 465 657 208 209 900 549 736 599 311 15 570 777 384 884 122 844 163 588 105 388 651 508 997 988 57 165 705 729 683 206 14 990 557 272 210 920 288 882 62 921 5 867 934 750 23 544 167 210 619 139 31 833 165 481 613 54 382 496 247 335 116 723 697 206 537 851 555 840 645 193 687 815 4 746 69 255 489 951 114 855 498 579 892 925 788 120 813 147 597 361 134 718 184 216 271 414 559 152 290 335 422 788 200 163 487 52 820 499 428 409 136 39 513 752 396 752 88 692 451 72 647 566 836 683 59 337 800 854 668 132 60 336 548 75 614 276 201 393 171 707 403 210 912 678 795 187 868 912 405 483 783 341 372 241 546 540 636 717 348 251 910 284 613 407 14 382 31 939 455 933 531 700 418 239 606 80 936 414 13 766 405 40 91 335 77 470 607 877 695 954 925 603 495 264 757 856 33 255 784 500 928 521 119 132 210 631 12 765 163 189 883 106 91 886 300 142 945 379 17 540 765 168 27 737 682 257 351 473 123 556 771 875 66 818 641 168 516 807 493 614 795 561 10 120 631 603 25 48 308 21 459 436 344 798 833 912 269 305 605 743 522 599 156 819 220 607 667 684 99 608 345 330 909 655 924 641 163 953 6 536 157 911 148 318 203 86 329 49 846 820 425 238 985 656 841 964 243 825 694 587 385 287 877 836 117 186 87 2 221 113 749 554 856 796 639 974 463 447 359 390 316 120 417 268 172 875 608 829 81 199 907 409 233 442 541 579 220 866 332 747 437 733 545 480 595 835 323 405 581 553 582 407 287 479 783 8 664 600 581 864 881 456 613 572 291 924 959 548
427
956 942 717 88 981 921 412 838 950 380 38 772 438 335 583 261 804 219 664 811 793 136 21 622 223 185 85 401 14 78 397 469 60 490 994 534 717 285 409 752 462 110 85 500 713 567 507 554 746 528 306 962 503 1 911 738 624 391 851 7 884 253 399 256 398 775 45 965 410 1000 713 891 402 549 943 566 864 742 902 167 35 529 36 817 67 92 569 433 916 873 947 375 143 176 642 211 701 585 150 803 498 878 982 863 549 900 608 663 196 929 873 353 613 617 576 702 747 4 123 65 96 581 837 29 68 310 993 59 505 11 298 108 615 634 308 29 699 271 409 241 589 287 971 882 241 30 106 739 560 281 964 704 311 361 720 803 178 256 607 35 925 236 750 363 587 341 173 193 871 711 72 321 106 979 500 308 620 966 379 717 242 51 65 303 221 789 370 640 885 553 243 450 571 162 389 519 234 775 884 204 380 794 559 618 467 880 245 220 393 992 437 135 797 883 782 66 72 391 669 938 604 284 36 228 793 468 565 569 120 767 499 339 440 604 986 264 696 126 888 737 299 549 914 804 806 574 381 309 407 884 969 933 84 901 887 1 436 73 241 555 639 518 384 752 377 587 995 118 946 541 943 133 889 467 301 328 458 233 570 693 191 545 195 615 658 605 943 154 996 679 366 832 833 244 399 943 336 438 241 648 664 123 76 90 802 61 337 580 700 736 462 911 983 822 38 897 605 772 836 221 844 444 762 1000 631 466 879 116 174 926 743 584 465 829 142 647 843 965 623 106 876 446 234 267 585 988 403 857 213 812 286 967 639 317 131 343 632 407 975 52 908 928 750 971 553 920 134 8 230 231 872 877 47 686 855 640 549 476 356 840 712 624 856 265 442 72 103 357 141 310 931 895 619 512 559 399 451 489 491 614 746 977 249 58 340 399 104 109 471 881 220 111 877 696 806 728 756 4 556 903 558 769 280 404 562 724 139
136
31 550 248 857 689 469 431 76 353 424 538 62 791 455 492 444 648 221 391 447 332 363 89 492 889 577 179 501 487 582 66 703 77 386 987 935 753 859 377 622 396 246 883 632 200 976 843 404 312 873 166 517 932 487 983 34 434 150 925 799 163 658 328 611 679 410 580 76 53 719 517 175 295 444 675 659 306 22 9 914 778 815 167 542 564 15 205 401 657 865 225 770 107 764 105 374 238 60 956 567 907 527 498 955 267 992 29 16 218 523 310 512 181 870 45 75 282 622 884 110 932 561 622 398 454 820 462 494 303 557 418 161 769 46 346 96
690
859 895 1 162 664 963 731 767 442 993 2 385 493 682 75 517 379 434 619 96 54 557 392 733 524 854 178 471 22 164 227 790 554 400 873 355 561 807 499 49 737 497 635 714 26 226 604 661 545 145 817 52 376 294 402 45 70 261 490 16 648 794 322 606 954 956 128 706 308 75 715 328 15 704 730 15 650 397 119 525 220 811 736 779 268 317 545 948 315 381 791 140 937 506 690 897 684 423 143 644 877 875 289 185 816 598 363 683 15 576 763 811 84 884 548 588 258 890 525 594 261 72 576 915 700 25 995 129 122 297 131 90 385 762 165 233 309 411 744 717 296 466 473 150 926 615 76 973 765 435 659 166 50 537 540 483 250 434 195 240 681 509 329 20 296 365 397 275 500 853 704 741 542 112 290 982 653 851 91 802 784 482 275 209 409 275 508 169 361 21 722 485 609 210 495 881 321 667 208 766 353 244 241 380 148 539 697 534 774 763 395 654 746 376 316 793 565 743 998 638 589 259 949 499 307 507 662 361 733 133 261 935 939 110 547 159 972 419 973 269 870 21 438 868 522 480 748 114 748 178 920 208 856 630 874 726 908 291 523 74 858 583 848 281 579 247 151 206 730 957 307 492 84 583 417 296 290 102 190 76 129 411 186 167 626 948 147 468 91 125 48 841 228 740 3 441 626 70 771 234 800 103 7 434 871 794 166 522 848 790 339 879 874 643 994 233 300 785 561 458 927 377 938 69 863 460 331 777 840 858 572 342 180 238 489 724 100 31 839 652 865 455 121 898 363 422 232 183 137 665 631 560 952 950 193 791 580 558 686 79 192 316 19 513 955 546 252 622 857 199 860 923 724 288 388 14 672 436 886 79 77 716 710 866 13 258 916 419 174 921 738 59 182 537 788 786 246 893 800 386 656 453 250 670 202 354 338 512 552 614 26 469 869 966 130 270 96 283 484 904 326 370 408 449 164 193 410 997 877 837 324 506 139 392 521 235 951 660 762 725 732 383 430 508 822 333 513 221 653 645 110 896 53 397 874 705 898 792 824 718 315 987 547 499 583 864 385 995 832 81 462 906 819 491 748 40 902 378 587 46 107 645 162 914 521 590 642 684 443 420 4 421 61 353 917 280 435 460 31 952 486 553 444 403 456 353 126 985 208 282 143 301 238 46 378 278 503 562 226 236 789 214 408 664 153 935 522 877 585 996 995 295 168 721 638 45 638 892 373 502 98 255 354 562 622 533 732 499 910 941 181 843 261 286 381 944 95 795 767 606 800 878 40 680 249 168 211 60 578 809 196 672 434 102 512 247 189 931 642 795 564 770 740 199 807 920 901 639 498 73 169 972 147 963 941 726 61 209 389 322 420 535 687 736 528 258 107 991 6 802 876 210 930 434 510 572 600 886 883 321 747 707 721 523 618 776 655 250 480 531 49 136 423 526 888 91 516 710 492 105 44 611 522 92 430 545 21 301 254 382 174 200 551 788 126 468 472 170 19 128 133 67 447 854 944 78 503 669 65 771 521 859 501 769 901 99 366 185 261 465 568 91 898 901 813 224 808 462 556 295
325
826 978 332 922 375 889 849 74 353 990 512 835 916 779 303 117 272 666 998 565 889 583 148 976 772 543 705 976 377 630 33 590 367 183 582 646 925 661 821 35 798 672 334 211 949 688 416 728 797 505 206 891 67 773 199 510 743 569 263 948 94 538 813 461 52 407 370 674 649 169 395 439 922 194 102 614 29 974 618 979 145 273 710 924 684 647 159 118 254 532 55 385 48 520 816 292 940 413 298 158 780 251 392 789 107 942 127 64 796 573 570 471 214 618 595 36 948 563 908 411 402 12 25 20 596 377 117 70 859 238 670 311 162 710 412 724 579 249 530 650 979 145 357 567 838 297 273 739 645 161 319 983 558 791 331 823 709 182 64 357 139 955 820 46 27 338 270 589 652 364 625 896 672 273 286 789 420 26 168 211 220 256 210 994 761 131 814 102 750 207 991 862 472 978 127 658 630 646 984 938 157 486 92 437 750 240 635 25 267 258 166 836 95 667 26 877 893 613 264 444 56 330 23 373 428 691 196 909 680 170 169 238 389 138 400 40 145 962 598 223 700 39 290 260 844 707 679 447 668 772 243 717 395 191 759 466 939 878 936 448 559 885 91 256 296 343 526 928 34 871 777 512 125 879 485 413 753 664 482 26 114 418 430 214 707 773 119 414 305 831 965 475 978 229 607 402 584 249 914 572 808 768 638 676 352 415 499 859 836 985 737 134 586 56 777 159 235 944 189 131 354 256 63 113 511
817
952 82 587 147 207 947 342 309 652 326 465 249 30 414 420 725 253 558 133 285 978 415 354 330 710 507 709 499 127 936 770 428 794 491 883 998 78 164 904 761 248 681 433 513 465 236 561 220 15 127 492 552 166 5 232 1000 659 381 96 782 272 196 257 138 248 133 546 922 109 617 606 189 618 405 514 212 797 503 206 615 622 850 945 229 565 269 943 380 919 570 504 805 411 254 464 778 78 6 405 105 675 605 245 749 685 554 537 313 643 16 732 998 931 554 906 676 787 975 81 987 303 456 8 293 73 247 402 303 250 518 883 946 903 363 802 825 174 774 7 37 168 844 661 552 237 410 179 889 687 766 867 770 829 873 374 542 470 753 297 108 996 180 539 306 1000 725 125 665 198 245 393 903 306 926 196 438 618 820 414 393 998 757 545 95 127 313 936 989 354 998 467 91 44 552 455 384 588 178 347 496 207 431 955 480 70 535 211 685 415 744 416 636 956 310 170 348 476 739 337 402 690 392 390 346 252 519 784 807 991 703 9 781 801 914 142 627 41 963 896 865 782 462 933 759 64 827 411 75 548 659 419 608 693 171 6 852 205 59 753 402 230 595 45 670 809 219 454 34 800 785 184 498 840 103 734 417 344 850 417 615 179 511 67 822 121 294 671 495 970 786 428 979 676 632 626 874 395 954 566 210 918 677 71 468 961 45 763 39 761 897 535 826 165 132 766 8 650 178 925 844 9 143 619 597 50 111 495 990 257 556 886 566 314 75 283 882 708 492 735 50 568 522 353 593 86 621 688 23 671 948 736 812 672 104 285 362 79 874 378 254 778 86 437 811 353 804 913 493 300 134 941 868 405 92 941 240 95 30 664 739 996 126 203 455 270 702 315 826 360 24 498 925 18 113 211 881 394 879 727 869 577 591 520 837 945 175 190 114 282 945 661 851 448 321 812 150 534 280 639 565 756 391 163 909 930 476 274 284 277 465 908 999 802 398 124 657 991 456 569 235 422 214 408 958 64 359 812 650 460 734 835 997 400 154 861 416 946 633 588 830 92 715 383 887 461 86 107 928 987 841 449 293 862 694 997 900 37 335 190 564 264 667 918 571 130 657 340 890 230 83 354 753 25 236 666 208 655 890 216 727 171 996 422 475 283 713 490 84 734 783 883 109 514 310 265 704 64 697 530 835 168 386 43 70 112 974 121 595 472 513 173 16 934 493 26 97 303 120 187 594 406 902 913 957 636 386 581 582 433 321 433 499 269 169 638 453 82 82 60 392 976 386 598 503 52 493 18 462 191 422 274 762 830 167 314 124 219 615 520 578 246 449 697 424 539 689 955 830 723 59 80 127 274 985 61 818 930 495 98 451 982 732 275 842 553 417 378 403 939 753 9 841 418 260 556 870 974 729 416 579 580 586 191 268 108 132 420 165 422 974 458 860 218 675 15 836 927 54 635 579 44 103 399 693 311 255 860 10 283 3 160 37 326 168 635 509 144 772 929 711 476 914 733 766 19 336 436 573 562 244 900 926 280 986 885 136 375 933 133 963 827 978 18 760 223 823 399 166 98 664 380 642 770 425 325 835 714 771 535 981 633 883 338 495 138 193 905 399 841 623 458 16 56 625 701 811 34 672 331 101 928 973 375 384 650 480 515 580 539 354 796 718 309 327 205 459 370 435 509 891 97 769 722 263 581 310 313 606 769 402 145 864 529 234 154 368 384 524 152 747 595 557 513 937 614 220 350 466 904 335 311 575 477 134 599 610 424 334 662 603 99 514 517 447 530 252 915 207 554 240 964 366 783 304 213 830 224 626 551 310 831 383 904 604 345 559 358 490 944 973 106 175 273 306 643 368 706
81
111 419 900 570 704 762 491 752 192 923 958 151 327 353 949 743 239 422 480 95 564 412 674 424 3 352 885 660 33 628 168 308 229 967 375 537 494 470 379 254 388 281 122 236 646 414 370 453 439 131 441 957 742 927 484 425 827 23 273 744 256 652 488 297 418 520 570 989 265 412 489 810 766 636 287 497 78 572 978 196 808
206
109 599 494 58 585 340 321 107 13 197 770 225 209 407 667 907 568 582 807 487 918 827 280 141 270 732 271 745 772 256 399 564 708 587 237 613 352 823 932 823 817 241 955 789 706 568 321 669 636 929 807 497 883 58 843 756 835 128 518 628 64 723 865 416 384 695 289 282 679 360 374 647 65 104 503 433 382 514 550 657 741 788 145 324 414 459 425 997 222 227 281 989 912 291 995 562 388 414 389 45 85 474 684 816 456 812 401 952 494 733 514 17 200 149 344 771 156 523 719 813 747 85 154 155 843 10 157 418 502 487 309 445 372 17 613 566 140 925 515 445 741 469 675 616 473 295 87 979 874 733 788 25 171 704 123 51 227 367 728 215 212 621 481 358 429 624 493 48 683 420 988 252 624 226 72 587 677 284 304 461 720 50 478 819 286 912 971 988 556 54 931 292 811 602 51 696 323 206 178 452 493 718 176 137 822 428
110
951 247 28 448 707 96 721 874 268 929 640 311 662 450 395 934 341 99 816 953 249 755 769 36 523 247 854 805 320 364 799 160 782 563 185 898 747 566 254 63 167 433 483 138 13 101 121 353 551 652 363 458 926 708 158 102 830 755 782 610 4 861 697 903 217 692 102 236 816 300 408 187 137 136 112 595 352 935 308 394 976 134 407 793 307 251 960 927 435 208 734 208 503 514 315 273 929 431 617 6 295 484 684 190 221 641 86 684 150 377
247
747 826 208 200 741 712 792 970 178 61 953 1 860 773 677 160 802 708 972 270 446 227 243 136 779 700 898 922 352 951 230 526 115 390 653 98 455 847 499 917 404 871 277 664 707 107 143 538 621 178 75 211 57 870 514 662 729 471 714 281 673 910 377 579 853 272 870 450 681 580 230 643 486 119 852 695 823 34 59 148 532 387 710 119 367 299 817 371 928 109 988 874 540 19 337 766 397 123 40 63 465 579 93 159 711 103 236 179 477 360 739 28 377 896 300 219 49 620 897 582 571 503 656 899 37 761 940 189 780 742 72 203 441 771 549 109 166 126 83 147 274 554 468 756 795 74 566 84 173 822 980 866 861 860 967 177 64 406 816 970 339 764 511 89 388 841 105 695 27 599 800 778 657 43 402 103 346 387 652 668 758 766 683 232 134 694 498 860 102 808 896 247 248 112 944 91 749 817 56 641 117 952 357 237 232 685 138 678 747 91 141 46 694 341 564 757 977 516 176 534 738 154 346 843 214 798 489 536 802 23 178 995 391 239 823 217 162 479 346 202 572 106 154 577 961 582 37
380
871 966 115 42 916 347 954 186 912 268 407 852 716 972 339 931 30 724 205 749 674 839 289 116 316 226 778 998 668 379 263 748 552 739 553 840 406 411 6 436 121 240 714 836 87 519 358 933 382 335 728 875 855 114 253 546 819 885 983 553 395 34 135 400 218 638 876 689 307 28 214 2 595 124 558 261 617 451 604 511 62 42 663 162 551 293 969 646 356 858 593 133 728 777 621 894 29 848 199 817 860 931 55 174 39 821 699 674 444 81 801 891 122 427 858 967 658 382 741 910 335 909 838 521 403 172 724 919 835 421 449 318 944 596 952 225 876 375 899 226 736 662 360 684 280 111 177 768 233 262 512 986 353 167 819 289 326 441 158 311 236 524 80 855 966 321 602 1 643 979 965 821 5 334 896 437 44 516 213 208 964 324 751 785 274 350 345 497 771 626 627 382 518 49 453 928 449 242 556 271 702 448 785 191 580 496 480 207 833 5 213 20 464 156 178 797 556 336 278 146 873 378 476 162 15 687 225 53 478 926 382 284 558 990 289 237 178 44 558 404 491 554 212 957 889 117 580 404 760 400 744 480 712 250 481 471 888 702 612 430 194 887 593 1 128 267 812 819 381 614 379 297 137 256 44 821 72 198 34 693 277 773 816 518 310 987 244 427 20 885 210 572 16 601 642 781 966 768 476 396 5 246 117 662 861 633 698 181 800 429 519 325 516 515 761 378 592 27 430 765 302 312 910 622 344 141 610 390 698 17 497 794 675 155 937 206 166 250 500 14 784 618 303 830 207 234 78 456 826 416 169 422 908 735 530 755 456 227 653 701 742 969 299 153 440 237 515 405 296 147 259 733 642 796 138 506 129 521 55 820
1
132
716
80 21 802 87 244 63 917 987 658 900 721 585 671 68 3 360 988 884 679 407 660 522 982 736 215 495 429 102 228 447 243 872 647 577 714 631 947 593 296 526 254 83 482 491 164 441 236 704 890 663 769 804 323 304 572 807 639 177 775 967 198 229 915 753 154 909 148 35 934 915 26 202 59 555 56 486 822 158 103 360 770 863 813 283 382 843 390 477 580 612 704 21 694 848 393 532 761 442 95 568 658 608 694 947 885 12 570 871 178 351 779 150 253 334 949 203 476 203 446 114 334 850 960 528 912 201 109 814 231 520 850 730 566 592 529 485 6 646 247 175 433 163 456 975 613 527 935 843 711 902 647 243 203 59 352 515 50 938 446 820 384 436 525 73 469 321 531 673 607 44 522 871 929 556 716 631 905 198 565 622 58 41 236 810 454 186 22 265 291 25 929 491 825 284 592 586 906 149 966 576 875 45 990 516 335 705 539 34 730 471 160 732 955 305 240 471 977 26 563 686 806 371 466 582 903 722 544 366 393 960 959 944 133 777 279 596 56 213 325 446 125 256 266 486 614 692 392 594 524 633 486 228 146 375 830 46 44 758 105 268 936 866 615 220 753 508 844 48 977 360 682 529 438 397 686 81 521 930 469 433 69 539 557 634 797 98 58 208 842 881 272 202 634 549 83 903 596 452 897 688 251 102 232 564 183 133 124 131 648 405 341 146 88 385 933 775 126 399 843 638 552 35 458 248 720 913 768 735 811 939 728 921 458 646 841 318 289 712 387 153 965 922 903 965 130 275 917 898 906 576 439 779 708 588 804 582 294 639 368 618 385 657 539 805 653 798 840 190 535 475 747 958 466 992 530 510 673 379 189 690 227 516 101 745 559 844 620 876 606 7 578 366 840 692 801 832 903 1 734 376 257 804 624 503 200 436 343 741 90 342 541 989 823 726 789 665 862 490 557 344 728 715 896 486 76 119 540 87 300 405 179 137 218 716 309 384 717 94 119 311 513 38 963 789 939 462 980 189 28 553 212 55 3 674 950 373 575 518 583 251 706 518 991 805 227 163 710 636 276 949 67 629 441 728 99 47 656 353 982 816 327 811 205 696 387 497 78 433 552 886 786 557 744 143 921 144 27 679 794 364 266 966 960 117 755 84 600 763 355 158 38 488 112 570 463 339 82 758 106 913 938 570 126 574 55 89 216 496 23 142 133 974 545 449 234 407 65 608 96 52 35 180 304 956 832 933 389 146 307 25 676 196 721 128 338 748 238 971 134 788 998 706 413 199 901 411 214 788 319 910 731 269 657 572 716 318 158 978 5 325 185 908 823 289 677 253 14 943 491 532 889 627 543 840 492 932 837 111 978 391 706 22 252 309 571 428 543 342 847 638 435 338 362 951 87 575 625 826 249 983 397 126 612 298 266 186 977 565 427 258 525 40 288 800 53 848 69 457 451 490 485 252 309 476 35 290 792 560 267 424 813 653 841 406 179 76 3 205 527 361 153 91 99 511 642 922 423 266 83 143 989 742 597 849 709 671 781 391 941 391 629 756 754 36 481 387 715 562 696 40 928 610 241 34 768 837 26 113 631 591 444 336 13 210 913 685 484 925 853 170 885 243 689 831 41 548
754
841 755 95 550 653 761 650 994 103 966 676 789 204 457 631 156 308 614 680 969 622 905 239 679 972 557 480 976 577 560 341 647 463 512 660 376 35 974 592 236 154 342 260 742 363 281 194 209 802 270 719 262 928 285 918 105 998 421 692 26 216 334 636 621 865 109 465 406 933 722 747 76 530 40 19 514 763 952 734 167 808 836 757 545 789 38 220 864 704 461 624 451 600 343 882 721 583 750 583 566 924 87 1 265 891 541 585 119 401 855 768 79 757 926 131 663 335 208 772 591 699 460 757 596 332 955 521 752 695 716 753 399 682 412 350 951 113 259 455 59 817 707 680 528 275 535 173 279 133 8 360 578 360 548 147 988 524 655 963 872 977 958 28 274 873 394 167 597 575 798 109 595 560 782 509 617 220 41 324 76 659 146 703 566 692 156 353 130 317 64 785 545 407 832 414 864 42 992 787 663 977 710 680 885 968 833 935 730 903 790 802 164 987 653 386 442 580 689 855 40 895 857 949 721 209 537 498 531 523 713 965 571 578 448 345 766 172 116 653 106 277 300 782 704 758 626 592 988 239 735 903 648 234 538 54 265 491 642 187 596 27 564 810 242 988 25 215 397 364 911 219 576 786 195 155 876 800 482 365 451 55 72 662 312 761 118 399 893 136 215 739 470 478 93 884 995 972 574 677 803 670 541 905 99 910 9 710 960 909 393 735 677 644 423 330 795 609 749 10 466 512 400 596 647 88 6 511 102 485 566 432 258 531 215 987 858 575 801 836 89 356 948 854 110 112 452 571 156 59 805 535 501 159 344 537 713 196 969 838 641 365 27 425 624 208 670 553 752 530 789 805 550 125 8 83 62 589 225 241 97 298 144 826 693 8 98 931 288 883 61 782 847 364 581 121 278 709 586 839 678 930 335 658 187 755 62 101 621 702 59 735 443 922 673 450 784 533 577 939 76 143 836 320 580 427 337 382 598 130 399 887 260 59 198 208 459 700 943 66 393 130 57 198 208 418 394 516 757 890 944 958 444 880 288 400 563 107 476 128 785 364 876 11 689 901 882 530 717 251 58 520 108 49 502 658 313 403 503 50 609 88 850 215 837 607 891 408 377 819 530 641 801 899 146 350 88 23 832 242 820 877 533 889 663 59 625 589 650 592 959 692 99 713 159 672 381 667 540 651 635 175 66 278 152 432 806 57 648 302 339 485 424 284 935 129 938 875 564 609 483 538 990 668 714 908 864 80 980 498 622 31 64 135 73 697 639 573 197 486 326 67 12 702 558 44 229 510 178 3 850 801 220 953 986 101 107 765 630 992 14 703 589 673 351 369 626 944 140 31 242 195 24 18 403 771 258 583 132 754 1 521 767 707 562 328 194 314 131 442 944 277 755 540 316 810 334 906 551 591 245 606 686 845 993 313 935 93 254 881 697 65 70 461 266 470 442 82 127 423 665 257 598 174 865 764 796 175 387 225 488 362 253 525 958 610 196 256 106 756 399 216 961 651 808 842 427 334 479 868 431 891 672 597 648 889 125 760 965 534 51 492 984 637 773 254 730 126 522 428 329 318 900 324 982 112 583 358 591 75 573 314 759 408 368 282 838 931 391 70 641 126 266 351 343 462 682 453 37 54 415 910 452 401 171 584 637 934 81 854 327 248 867 632 666 527 582 827 770 797 663 246 477 987 609 65 822 990 834 451 706 319 365 266 71
223
477 964 687 343 5 960 861 327 981 173 488 62 478 815 489 924 369 167 904 597 978 620 985 851 169 362 945 176 366 234 530 265 180 670 587 516 218 123 698 605 24 426 272 443 134 311 495 879 808 2 831 846 17 725 942 339 276 520 265 324 265 66 599 361 746 248 395 578 392 883 849 25 372 579 184 47 409 314 944 458 580 933 219 789 518 242 969 369 146 572 964 433 271 990 735 819 356 452 288 692 61 626 743 18 641 876 31 309 651 995 49 76 242 57 949 88 606 688 95 795 654 557 88 381 671 727 909 100 23 821 703 558 508 349 48 907 191 586 173 422 632 607 520 163 290 371 268 669 53 5 845 106 732 675 10 279 423 731 257 901 134 46 731 932 517 975 297 574 418 111 383 384 701 103 728 907 593 322 763 341 812 379 219 532 554 270 942 3 393 347 441 186 344 6 873 987 329 872 939 234 512 7 92 129 903 999 959 575 420 128 153 687 803 177 442 333 436 869 314 944 283 343 817
950
577 693 23 54 503 368 387 416 196 482 340 350 1 407 959 317 141 116 5 10 968 658 669 458 331 551 626 895 324 398 388 744 488 426 927 86 93 129 692 100 203 856 224 653 394 121 781 772 167 363 243 738 339 627 176 237 350 645 710 644 502 204 345 782 591 954 947 574 36 458 222 161 873 435 208 513 770 331 952 161 764 601 595 677 71 504 463 694 925 894 778 296 181 563 819 999 125 198 159 757 635 211 929 833 265 139 199 483 339 759 158 399 460 457 81 846 527 952 643 839 505 802 92 469 999 948 98 56 93 507 480 104 784 170 984 740 335 519 710 832 654 564 524 258 414 923 251 829 869 393 276 635 440 360 113 842 226 536 260 492 894 876 288 380 218 88 287 936 508 154 612 467 475 568 868 914 787 609 176 167 451 960 136 432 385 562 396 622 211 293 759 2 283 680 711 807 767 224 962 875 430 764 594 435 20 625 594 617 435 431 11 576 796 82 325 21 727 389 656 546 643 689 595 192 482 547 347 895 336 875 319 272 263 256 392 791 737 773 89 237 487 85 692 144 176 4 588 310 342 181 238 645 770 816 121 382 708 499 892 448 744 648 906 827 226 325 333 953 878 650 798 985 231 868 799 815 912 478 276 445 309 614 865 512 643 312 939 542 308 839 81 986 599 773 724 710 942 287 45 92 972 944 547 286 514 128 6 265 749 73 947 511 22 192 891 68 817 59 440 399 981 246 230 733 699 730 158 419 509 795 852 354 908 985 541 543 986 749 679 105 374 795 736 833 706 124 334 172 569 520 953 267 685 137 466 283 604 190 377 972 206 506 442 851 884 567 157 337 724 447 304 146 805 832 932 617 794 148 700 925 333 166 593 783 919 993 157 783 79 340 822 954 618 751 974 120 395 979 749 928 41 906 778 149 668 960 377 273 68 839 853 920 953 895 203 634 672 490 538 492 362 534 145 448 234 993 327 266 26 908 59 480 957 892 238 121 971 451 207 66 380 199 963 882 602 694 881 985 488 451 788 368 825 137 451 61 636 502 262 230 448 978 502 461 484 419 380 557 167 655 112 971 86 149 528 802 842 369 1000 588 66 751 398 850 372 45 783 238 892 955 948 340 933 645 712 492 337 382 42 852 249 812 599 520 225 468 586 364 112 232 514 46 808 607 834 5 485 620 321 586 666 587 831 952 523 268 700 389 856 385 688 511 660 276 42 374 496 540 451 82 937 900 560 68 527 102 757 934 829 181 616 5 752 227 763 127 144 414 716 128 488 204 908 576 384 875 881 660 941 955 408 91 481 672 229 903 637 813 896 899 183 784 756 994 470 35 44 623 65 315 501 180 59 978 787 434 675 453 257 780 317 984 926 205 510 952 721 243 300 218 925 527 217 835 280 755 761 517 15 666 467 786 128 697 939 259 514 388 440 334 486 26 424 906 685 656 341 842 544 560 895 964 54 611 544 971 538 18 714 150 531 415 712 103 302 745 39 567 930 790 73 367 945 352 215 279 771 561 524 720 520 144 962 412 569 694 211 779 10 591 342 366 180 778 100 880 519 780 483 822 79 719 638 930 370 137 227 293 270 232 826 90 953 788 343 292 949 474 354 558 78 774 843 618 624 866 88 934 294 834 211 457 680 150 419 204 426 450 936 397 694 625 203 258 677 834 197 442 314 237 405 436 917 147 684 969 708 741 300 927 129 483 404 265 62 402 435 644 829 923 562 413 387 584 675 719 570 123 732 209 882 267 310 615 518 790 501 988 275 523 725 5 392 718 309 700 594 368 554 613 428 941 489 995 343 322 284 601 159 928 739 720 906 134 737 995 236 974 722 551 357 463 759 60 654 279 31 572 767 95 793 640 985 616 185 836 146 78 205 589 13 719 236 94 136 805 38 85 270 418 610 807 649 487 847 787 390 338 688 179 771 237 193 970 226 634 129 650 649 516 744 296 230 730 638 498 67 827 284 918 569 974 889 833 960 757 71 459 487 785 601 999 61 542 813 429 521 7 232 902 897 266 493 282 814 982 662 754 22 46 218 310 414 840 588 601 721 344 831 355 483 574 783 666 346 441 78 102 468 690 67 766 549 287 996 783 507 427 903 914 341 241 287 571 322 453 145 661 859 453 646 480 469 863 15 697 921 143 151 504
860
822 437 150 190 880 511 493 682 153 499 424 456 953 138 105 138 435 651 436 60 972 600 495 430 335 914 526 276 533 951 965 291 442 321 819 325 142 109 184 187 358 81 217 265 43 178 285 809 824 995 597 4 983 136 163 269 867 412 460 307 732 942 374 570 496 545 373 375 361 450 301 125 446 712 234 204 34 598 320 877 984 953 535 258 12 19 716 719 427 675 74 954 943 356 111 448 954 12 658 86 393 742 810 232 575 181 585 882 364 471 337 785 708 411 336 21 899 487 188 335 91 335 423 15 577 79 222 872 955 241 308 795 913 210 93 561 318 347 461 480 937 210 10 455 443 24 693 156 110 103 284 952 888 159 31 373 566 118 710 499 624 474 220 773 246 669 859 895 453 860 324 782 347 691 730 737 460 116 916 846 850 683 997 639 471 445 609 821 225 26 231 347 751 482 457 79 880 253 865 738 69 736 921 817 732 407 756 462 673 383 546 909 366 737 497 170 557 725 540 165 969 900 292 958 313 624 753 538 297 994 369 112 437 304 260 370 466 18 276 518 556 604 376 204 512 705 541 89 161 851 719 517 887 469 262 501 354 347 758 893 411 433 583 285 320 673 852 983 93 76 401 450 850 84 678 777 998 451 132 158 734 372 43 544 240 905 865 260 745 313 128 811 959 227 553 952 715 403 131 657 211 205 388 244 511 921 541 906 924 920 423 782 696 296 52 55 428 984 112 493 563 638 10 175 835 310 357 579 609 687 712 402 844 47 50 7 210 769 964 146 412 949 588 949 410 578 190 920 417 977 533 91 436 212 684 775 119 943 613 514 96 155 7 409 546 996 215 906 172 571 965 779 919 494 708 734 262 426 671 806 981 357 589 68 393 789 897 288 299 293 64 533 694 125 889 2 484 294 562 158 392 530 994 64 869 570 382 799 345 664 635 646 680 311 434 326 644 577 881 959 391 77 100 969 143 969 488 77 810 397 181 4 835 180 236 65 791 279 376 838 330 518 940 93 517 597 423 513 301 136 209 66 408 610 907 973 173 158 533 512 784 736 187 975 853 307 880 196 979 919 495 903 959 461 343 275 352 37 65 483 113 668 263 497 766 397 990 461 479 767 744 427 665 20 939 429 542 105 75 6 47 579 643 824 501 534 742 785 651 632 562 164 670 118 454 582 814 586 712 751 230 861 386 210 912 146 508 409 510 213 749 658 101 599 280 227 319 204 37 823 684 708 872 852 921 537 677 361 379 110 632 998 558 282 207 821 971 163 860 600 216 134 628 134 556 622 577 62 980 80 465 878 127 78 151 972 654 225 477 588 455 199 386 382 539 282 286 806 790 225 933 507 574 449 100 788 987 158 116 465 313 669 655 343 765 15 987 558 292 209 999 885 818 840 845 886 454 539 605 115 331 497 566 209 68 76 410 726 142 603 233 120 550 371 935 252 364 847 987 13 715 230 344 464 348 400 311 164 147 353 372 767 26 624 780 184 699 216 524 995 528 468 941 450 527 394 256 860 999 127 435 246 438 739 258 668 316 555 147 947 930 611 694 409 70 712 629 474 439 54 995 343 787 648 439 864 668 149 464 993 576 443 943 26 680 735 308 97 324 291 885 329 221 462 815 838 289 828 455 969 927 38 81 319 323 744 926 14 224 415 592 609 976 532 567 668 349 691 494 912 794 511 369 563 960 498 779 430 661 333 455 25 310 821 204 978 922 251 670 91 265 831 842 268 451 6 460 195 10 760 170 989 700 4 172 883 492 801 100 443 882 771 393 314 87 605 466 69 93 909 995 68 811 874 991 587 810 267 942 545 535 788 248 523 931 420 475 269 195 520 153 965 373 431 190 453 964 443 956 822 676 184 548 459 163 268 602 84 817 948 980 870 516 704 376 402 84 199 764 753 439 880 936 819 487 878 557 379 154 307 737 79 622 28 320 95 781 888 734 241
561
839 985 931 579 54 189 349 758 636 621 701 344 840 558 164 678 440 961 583 539 571 528 274 974 382 555 860 247 582 712 393 188 227 319 970 254 263 41 671 700 1000 656 734 942 95 641 150 244 995 248 482 379 619 358 551 8 627 927 45 394 276 351 509 196 725 763 1000 146 374 801 423 146 914 216 833 623 943 984 523 294 502 828 686 673 459 626 497 901 529 983 525 559 370 613 570 255 902 501 183 113 977 239 249 258 226 727 37 798 285 867 513 743 36 324 653 600 62 417 365 581 887 13 499 746 766 573 745 130 409 269 855 833 866 862 50 797 626 560 715 234 470 341 271 158 6 137 915 555 864 288 336 488 969 431 722 502 297 325 949 139 306 408 411 937 659 755 286 673 99 986 53 561 395 381 835 501 273 736 431 499 381 65 367 722 558 14 933 390 44 106 26 390 29 998 476 666 884 187 659 262 424 439 476 463 116 293 124 308 585 45 679 322 422 668 79 620 893 21 407 97 179 942 374 399 307 416 425 880 313 104 283 139 878 478 435 742 656 775 470 681 908 159 190 307 223 4 968 115 990 379 462 944 868 343 911 817 512 45 64 930 63 706 989 462 656 919 325 452 19 762 828 712 527 125 73 223 718 457 127 202 115 574 65 228 478 655 47 841 883 872 728 559 939 181 742 566 105 235 959 917 433 593 180 101 710 140 774 627 495 569 715 982 921 137 159 699 372 490 477 436 710 650 280 844 387 286 469 409 61 632 161 296 101 740 323 796 701 47 960 120 551 657 218 348 526 955 357 585 138 513 841 960 360 2 147 862 584 756 22 874 496 718 884 657 843 967 992 688 586 443 889 922 262 194 935 557 547 351 698 699 565 549 802 10 944 760 239 799 924 95 374 842 253 940 391 666 928 725 533 678 90 257 645 555 184 558 603 714 960 895 768 703 536 972 545 752 112 690 837 672 474 146 191 15 640 526 82 278 576 552 626 798 210 831 583 252 713 728 270 813 700 789 742 406 591 921 517 201 323 325 240 58 55 399 999 63 348 273 322 332 573 768 729 488 279 827 290 69 144 745 448 629 884 186 275 634 290 147 491 185 246 979 878 164 529 679 442 45 981 236 806 66 399 891 143 811 590 343 57 697 105 106 629 161 54 371 650 365 413 824 808 269 186 306 713 687 527 126 754 574 375 992 655 195 605 60 427 694 366 344 856 526 396 635 995 215 36 996 631 628 624 983 186 775 742 752 76 925 991 552 753 450 693 196 820 718 539 451 525 234 464
555
289 573 128 694 165 40 574 618 499 785 174 662 973 490 515 402 29 27 902 664 98 268 767 793 341 37 629 724 832 197 338 245 357 391 99 838 225 86 653 293 305 849 915 98 965 245 205 108 971 502 89 680 425 732 416 849 362 114 819 474 309 324 534 397 407 288 513 905 402 814 184 667 909 777 641 123 511 252 448 382 190 748 710 809 697 625 350 925 791 531 893 825 361 649 932 249 769 386 124 140 963 405 563 762 928 263 697 954 995 241 156 105 538 566 166 992 949 317 357 65 954 372 164 603 680 472 71 184 726 74 506 504 259 49 561 211 933 304 95 785 870 103 242 267 416 663 163 945 206 943 116 545 917 418 221 671 256 161 311 261 699 445 717 857 107 165 610 98 57 648 70 108 250 869 698 45 509 944 384 845 223 601 811 848 336 574 747 58 399 393 243 993 847 267 401 39 610 440 537 583 384 69 620 339 543 980 737 988 374 655 383 396 146 669 544 729 375 213 591 497 71 656 536 17 27 370 817 202 661 216 479 100 231 908 408 82 24 82 43 614 425 95 545 355 215 185 233 436 973 236 713 560 557 698 360 722 269 546 404 782 628 518 73 998 865 644 193 146 766 517 312 826 40 482 757 444 220 625 209 465 83 608 650 258 656 251 452 892 336 17 938 165 766 449 859 960 575 504 740 2 37 243 763 72 233 227 457 836 912 954 886 703 953 352 379 718 294 60 61 832 686 458 31 158 533 441 172 100 599 400 444 143 441 379 376 188 14 29 652 581 900 992 196 136 492 152 74 174 417 56 370 407 52 255 973 315 786 522 969 721 339 389 898 130 915 127 804 614 850 229 642 967 628 518 632 817 415 11 403 839 172 839 279 406 797 813 648 986 81 331 452 778 115 89 991 969 703 116 729 428 320 581 819 924 190 687 364 879 740 447 9 421 480 404 582 956 191 582 536 159 628 209 157 755 628 370 631 3 3 233 247 246 430 873 926 389 924 839 323 949 33 598 222 198 499 888 714 788 271 862 773 621 727 798 647 862 163 71 473 293 244 372 583 431 5 723 782 474 476 104 19 31 743 181 195 912 978 120 150 199 648 564 151 781 52 438 587 823 518 148 452 125 138 955 622 223 562 737 707 403 868 621 200 942 625 533 135 426 367 406 723 977 750 329 336 803 479 498 246 602 415 371 558 516 694 749 102 328 175 494 663 895 702 119 378 620 905 329 818 154 610 702 904 278 597 492 914 263 237 389 159 704 929 432 44
500
578 798 326 954 48 164 429 292 392 230 894 906 234 782 567 978 513 990 692 813 204 531 206 762 221 125 10 610 995 627 544 629 50 88 372 489 735 668 355 748 411 895 365 883 804 267 368 250 341 578 248 447 771 42 829 671 557 592 891 762 817 318 889 23 503 433 658 189 889 162 463 794 629 123 285 107 425 373 139 242 632 127 175 457 760 336 1000 272 857 475 141 634 328 988 198 311 231 797 790 298 636 566 725 625 931 343 772 147 68 959 760 852 788 218 990 387 405 843 986 753 694 293 374 665 157 385 609 802 712 90 982 448 773 700 240 77 165 364 613 570 243 53 593 947 693 470 788 635 886 392 300 615 811 668 375 441 222 357 142 494 138 706 964 649 606 880 226 1000 575 914 344 356 853 983 712 679 416 661 684 171 699 991 393 892 211 797 385 226 969 995 512 211 724 437 461 27 241 969 179 596 298 399 82 119 448 228 417 433 508 167 889 561 192 320 941 310 105 516 255 148 765 133 109 720 304 413 228 601 204 111 90 457 235 487 767 977 938 618 259 45 98 56 977 349 245 854 104 803 549 234 275 53 708 554 331 204 575 815 837 712 444 131 736 985 189 375 560 395 747 144 90 578 224 597 257 354 258 611 10 502 380 47 998 54 939 700 803 130 67 312 728 332 830 395 938 795 70 938 763 868 917 798 143 795 706 82 136 769 756 755 702 35 234 245 832 262 988 219 539 519 278 307 965 403 371 214 846 990 851 540 677 288 181 28 55 92 198 222 963 14 592 20 589 867 418 244 699 395 154 25 383 816 192 896 611 558 718 481 54 224 368 169 115 500 838 931 14 26 278 856 421 135 842 793 358 71 207 692 547 847 308 379 362 125 59 828 399 477 320 587 807 83 823 1000 657 181 322 131 483 494 24 614 692 184 887 372 525 666 255 173 499 701 77 624 878 799 580 769 27 828 644 278 285 927 357 649 11 535 623 881 982 963 943 997 71 96 299 428 960 261 127 941 169 297 241 988 968 576 155 964 415 103 910 469 373 997 774 657 967 55 126 157 614 739 921 830 88 35 828 676 876 899 421 752 791 428 104 143 761 907 965 177 791 695 36 503 895 798 30 777 275 285 881 318 2 825 157 512 67 901
312
935 114 861 191 841 655 599 791 222 206 447 17 776 121 641 789 793 328 321 136 207 76 36 680 928 43 643 685 884 409 229 190 430 937 710 480 675 954 826 574 403 833 623 647 448 419 291 577 308 956 883 952 922 784 547 292 237 822 188 178 880 656 700 833 705 517 422 801 104 7 376 739 443 837 138 359 397 944 649 164 799 464 261 333 305 164 854 514 420 716 989 238 122 628 984 935 552 656 173 405 219 504 688 925 294 155 773 512 768 532 224 626 975 663 939 693 533 745 963 295 883 241 970 25 20 825 615 117 13 201 854 745 455 25 710 657 754 235 434 912 495 976 706 767 672 997 170 686 925 328 339 41 454 816 821 212 485 643 810 735 274 652 468 653 31 192 653 775 813 11 610 610 105 140 853 641 522 86 64 3 677 223 403 987 164 2 944 497 68 608 786 662 439 125 873 888 13 874 871 419 962 401 929 355 265 55 757 473 822 912 862 995 374 528 161 563 472 840 539 803 269 343 410 268 73 674 410 886 385 399 977 511 538 20 351 150 941 21 380 199 851 359 809 164 68 225 894 606 795 154 682 870 291 455 524 976 752 600 160 736 991 348 38 168 219 905 23 108 934 846 750 693 176 600 353 121 326 661 159 939 738 137 96 385 240 361 934 965 678 947 197 579 193 248 876 6 237 111 195 618 206 342 596 26 941 107 724 578 409 977 988 986
230
144 476 872 496 245 314 867 873 655 579 44 838 36 1 821 457 582 175 374 536 554 974 977 36 765 363 731 578 931 995 525 320 400 402 683 804 394 42 711 792 406 184 768 240 208 218 708 760 445 391 685 274 502 724 429 698 140 356 770 361 370 659 746 872 82 274 542 371 668 120 333 376 109 577 493 70 265 618 446 96 60 651 251 544 122 303 454 290 303 461 155 737 370 213 73 131 746 784 729 888 313 191 44 896 616 126 893 585 700 963 188 406 541 435 888 485 747 576 684 699 958 818 58 301 615 379 539 235 50 187 657 202 31 683 614 760 754 586 683 278 728 250 465 409 864 944 942 877 54 576 732 543 927 823 439 860 580 573 403 502 644 947 93 157 646 906 390 206 517 739 199 785 224 542 316 758 528 713 905 301 131 678 481 103 417 738 338 338 777 87 30 593 527 889 932 230 449 456 327 541 675 880 417 168 57 495 8 105 271 116 454 750 895 61 630 168 572 349 730 852 209 872 255 654 574 175 232 40 244 296
312
205 830 232 829 495 712 459 222 505 519 397 647 310 419 682 62 916 581 222 981 732 732 872 646 384 713 283 47 609 390 925 77 13 101 826 190 686 714 750 103 556 204 182 583 986 500 880 388 101 625 782 357 850 705 4 623 63 462 306 206 654 29 734 690 212 32 985 703 250 546 563 116 199 913 295 312 733 702 909 486 695 555 28 367 803 827 236 261 142 704 879 457 154 955 44 497 639 390 216 330 185 841 565 989 971 335 828 569 200 845 205 534 208 873 541 322 423 965 135 292 668 89 431 55 114 986 344 215 429 932 842 404 699 138 928 997 814 903 854 538 124 983 140 334 878 126 672 537 521 622 801 168 189 238 682 796 27 868 210 233 869 416 295 611 804 56 520 397 137 860 369 450 784 787 832 292 730 664 900 879 961 735 341 402 823 102 937 563 378 169 400 670 888 934 372 482 267 738 946 495 827 92 103 688 786 667 720 612 199 275 73 429 564 28 234 872 840 809 812 648 684 315 804 216 409 650 819 795 240 189 643 563 862 650 550 348 61 20 678 418 18 281 568 231 282 931 971 717 256 844 898 117 391 822 147 13 38 333 862 260 839 976 157 308 628 852 320 929 424 693 178 433 431 652 455 953 608 253 508 26 281 33 78 628 510 387 814 852 81 49 842 101 957 764 566 674 304 569 676 188 627 270 559 958 856 911 336 172 620 146 856 730
916
411 358 245 912 190 346 414 345 17 142 489 37 463 845 174 388 149 374 717 853 76 145 30 612 901 775 553 979 33 47 629 733 109 157 967 738 754 364 873 412 456 239 403 453 363 331 127 353 645 251 495 553 774 132 275 563 263 368 545 64 582 434 29 629 965 858 971 519 554 956 105 473 103 337 875 855 501 395 514 450 869 613 153 520 634 665 973 977 407 85 154 988 119 74 449 4 279 856 138 396 498 456 953 530 124 552 940 750 752 990 657 569 487 907 67 475 1000 361 285 350 39 483 7 70 38 112 477 552 371 287 932 867 436 507 885 797 351 787 290 209 797 982 830 960 41 995 531 635 292 496 621 573 503 689 82 198 22 800 102 725 293 789 721 866 841 872 300 352 498 169 368 940 236 806 975 106 929 308 830 992 369 850 947 164 73 361 821 955 680 213 802 180 892 242 339 263 955 358 877 413 960 789 674 353 966 983 362 153 322 733 378 438 542 115 598 340 832 752 937 447 786 849 578 206 962 743 193 806 457 743 803 562 226 653 921 794 65 988 632 556 63 137 103 580 717 727 589 628 581 952 868 672 710 249 729 225 498 711 679 31 623 177 553 792 145 463 674 762 604 936 146 971 702 566 799 342 838 562 213 366 663 359 801 979 285 834 580 33 611 415 155 717 85 887 933 528 294 382 189 527 895 926 21 108 953 984 126 724 276 459 246 324 859 406 946 963 121 707 413 922 543 202 341 520 348 345 47 423 77 140 800 275 814 786 320 109 996 344 84 45 282 131 431 314 150 510 586 744 133 191 401 54 333 474 286 295 58 971 125 494 482 821 230 563 908 946 999 977 405 865 798 208 109 1000 163 78 259 397 137 116 270 317 476 670 91 681 709 967 330 551 907 64 840 203 593 103 218 370 582 851 666 876 168 330 229 374 647 280 542 116 52 94 747 853 739 290 771 28 534 36 660 351 111 596 384 163 226 620 133 357 906 684 810 469 209 725 451 948 914 925 233 901 902 224 862 499 950 522 120 778 664 140 37 935 25 113 128 803 148 485 843 804 545 961 332 293 682 244 339 933 331 897 782 128 896 10 124 202 695 93 364 61 460 120 770 426 172 531 608 840 391 518 812 753 223 401 339 361 112 811 503 924 765 663 175 311 204 379 993 891 872 977 170 187 807 399 88 461 741 403 14 313 105 939 848 266 199 608 303 448 564 904 236 237 756 144 717 787 722 518 775 259 318 70 880 677 46 893 737 465 720 764 209 952 823 658 495 85 698 157 818 59 378 9 76 123 736 64 729 877 866 834 77 919 574 552 757 796 636 433 238 878 526 628 74 814 152 242 33 361 778 864 660 221 173 291 333 547 839 910 599 217 978 546 587 640 217 182 999 902 901 86 539 650 972 47 879 690 48 833 852 910 100 198 687 197 444 653 76 340 412 829 315 941 784 863 352 549 197 862 806 445 821 408 236 57 634 344 909 746 411 497 55 952 863 725 448 229 301 209 134 459 201 249 951 663 181 363 870 362 205 917 235 856 471 739 773 512 429 313 809 44 31 190 252 651 960 545 852 293 73 723 454 69 708 175 491 673 757 25 267 833 636 938 971 302 481 493 254 201 880 740 245 267 66 747 153 136 986 122 75 929 881 568 371 223 484 250 628 762 842 685 912 909 702 29 864 125 559 336 632 182 8 116 61 306 995 747 913 768 494 961 16 993 291 256 806 812 961 630 340 591 778 935 673 937 69 410 702 137 220 151 936 100 40 765 47 603 485 797 674 729 517 795 597 767 362 417 264 445 253 217 647 813 462 291 843 151 946 425 480 152 527 719 870 755 585 488 386 390 219 964 558 538 803 613 690 275 615 476 178 340 938 798 547 863 716 985 496 9 140 169 851 683 401 263 817 616 867 889 186 453 254 736 850 701 406 487 744 140 617 560 631 7 737 16 163 976 895 35 571 128 716 3 41 227 602 17 483 252 748 320 64 102 882 253 499 399 566 761 804 198 644 184 873 685 338 301 175 915 727 276 607 361 131 37 41 869 67 339 658 52 352 29 275 819 440 199 115 410 642 623 105 182 250 477
168
380 865 833 460 905 771 119 332 652 262 232 70 666 801 589 335 74 950 988 244 299 291 583 658 734 318 771 424 955 470 95 514 523 586 879 709 868 400 212 576 245 885 402 998 843 353 750 690 431 109 464 604 915 42 765 881 768 512 761 89 676 960 691 654 841 698 770 625 516 1000 745 122 754 132 424 954 869 186 60 312 852 814 37 270 919 705 702 292 118 170 776 489 276 648 306 244 667 963 47 760 999 680 593 470 974 907 651 651 435 29 946 947 980 552 829 310 122 700 498 270 165 531 462 43 942 763 622 110 226 71 801 431 536 433 795 243 125 752 322 470 148 273 351 90 372 135 251 615 794 645 790 104 571 612 892 94 885 210 735 835 925 138 728 270 273 869 149 549
137
380 72 198 416 938 687 854 487 57 942 648 333 543 163 526 715 537 15 852 462 964 101 934 526 68 404 864 931 530 174 38 404 890 93 610 331 105 975 114 922 2 430 948 654 954 405 130 726 541 731 552 255 11 931 873 951 582 559 549 849 769 518 32 134 108 913 630 926 675 74 293 272 752 194 639 547 487 138 443 435 634 788 981 882 152 466 56 254 332 839 967 347 712 65 190 799 676 922 648 80 662 83 863 233 624 750 671 264 162 117 854 272 448 48 866 11 423 956 548 289 8 458 855 589 778 538 899 373 270 393 898 294 408 256 991 215 685
316
480 48 743 974 877 992 270 90 219 242 149 617 53 968 355 642 382 845 708 193 670 39 268 571 225 172 606 416 452 694 581 504 404 793 197 896 75 199 29 691 24 670 634 693 330 845 923 749 655 708 102 62 111 366 61 255 109 764 962 264 463 365 672 409 578 444 49 769 197 673 479 341 324 270 504 729 88 919 46 677 933 771 220 784 700 531 329 398 972 157 737 112 376 599 276 430 640 847 107 129 699 399 459 743 414 169 768 665 524 745 789 137 657 890 121 605 876 17 742 387 156 533 406 461 167 974 916 283 208 289 44 502 931 477 79 449 743 186 56 582 132 441 279 963 381 562 209 661 4 821 299 494 695 782 888 78 565 59 953 829 781 505 640 436 524 69 363 24 311 275 228 755 694 34 752 612 207 221 879 362 418 886 89 527 27 147 480 594 151 396 716 835 16 962 600 771 922 516 132 501 680 643 274 521 859 407 173 547 673 8 435 226 102 844 23 822 629 659 456 925 875 692 2 603 642 542 28 11 327 605 720 393 872 494 790 53 622 72 787 71 271 55 681 229 185 59 414 943 474 236 133 821 596 396 228 692 985 907 201 849 90 798 169 177 75 630 463 576 645 685 880 219 495 87 563 482 318 767 762 822 429 576 828 301 779 476 655 9 459 127 39 970 599 632 276 735 331 423 614 620 279 16 120 173 878 77 968 153 257 430 938 64 592 451 59 977
507
442 720 427 394 876 715 946 620 334 177 541 726 952 656 204 530 528 560 676 722 61 145 209 334 612 840 404 501 878 874 291 61 392 37 526 254 438 208 851 631 551 738 708 779 712 324 237 570 730 855 624 55 609 966 402 11 798 36 800 931 972 633 184 227 177 943 669 821 346 410 284 376 42 645 872 578 930 869 880 955 421 815 696 411 161 486 373 925 131 905 986 205 130 92 958 615 288 748 713 98 641 941 217 559 111 873 996 228 619 276 220 550 689 105 248 554 739 495 529 806 369 159 989 452 342 502 270 464 462 131 93 165 928 539 958 682 663 834 615 302 626 71 859 940 59 763 343 825 1000 667 682 291 654 238 443 373 535 61 52 816 934 835 385 773 168 702 97 587 510 680 689 63 396 484 849 615 238 75 909 788 364 260 780 137 87 480 81 668 301 81 417 629 294 689 176 837 4 253 305 219 317 486 984 253 552 51 348 45 532 775 371 381 45 388 70 165 114 422 615 942 700 864 954 9 194 235 31 880 280 523 971 284 455 837 209 445 3 845 507 546 310 741 119 876 860 221 36 791 399 297 151 128 254 251 509 260 166 847 467 961 246 911 71 385 67 199 669 326 408 193 435 519 240 966 982 41 679 153 932 902 313 403 124 987 255 611 97 133 115 89 379 323 596 494 265 197 629 43 857 637 737 832 721 111 680 292 576 396 62 866 952 758 869 744 983 943 914 448 242 163 197 26 186 739 436 416 175 174 348 697 152 889 258 91 567 880 475 205 787 393 639 367 963 632 616 430 102 948 110 530 993 936 420 453 552 10 103 365 188 112 735 350 815 538 126 352 284 174 640 179 350 630 719 814 744 918 555 737 766 97 695 261 369 877 234 691 952 174 658 741 811 75 641 532 655 192 166 834 32 197 214 555 803 583 233 345 161 944 447 784 872 57 784 731 354 464 132 923 927 93 266 406 426 368 677 87 204 461 972 818 542 471 425 231 930 36 234 475 249 422 221 864 608 625 922 570 326 442 165 910 497 101 570 483 325 444 99 436 64 567 644 964 459 717 580 122 416 647 53 250 446 263 639 29 350 920 439 528 777 704 402 637 922 36 405 403 743 369 354 55 373 21 906 60 950 915 861 367 339 761 418 8 732 732 325 710 612
733
809 98 586 626 562 376 82 355 107 539 389 714 185 772 649 61 226 663 25 618 905 581 673 823 470 606 505 385 93 23 809 324 331 249 96 825 256 263 146 531 157 762 726 738 712 872 554 185 202 808 372 128 766 541 379 977 221 919 802 568 679 278 402 997 916 153 230 314 62 303 983 785 950 853 690 490 758 680 617 893 855 601 12 11 651 68 890 138 24 341 421 687 945 665 45 917 84 951 62 185 538 392 522 716 779 110 940 665 631 7 1 744 78 916 611 922 206 63 361 87 516 626 474 78 49 376 521 724 566 81 931 410 170 628 686 353 406 114 775 432 304 269 865 361 960 179 797 147 398 9 911 192 353 668 354 330 687 797 171 665 243 649 516 428 757 169 98 23 356 588 468 788 102 222 123 724 308 606 754 176 430 745 408 730 231 179 202 778 471 36 684 62 675 787 217 77 481 959 403 882 281 642 870 163 78 319 127 485 701 373 482 106 447 353 235 28 994 825 308 793 863 778 513 751 126 449 330 889 111 981 86 768 954 97 336 102 358 631 891 174 398 885 11 345 69 205 188 423 178 452 250 177 559 579 228 192 274 363 869 813 473 302 529 907 996 290 878 201 195 817 50 732 203 439 703 680 887 775 751 500 102 440 380 853 118 984 586 681 842 84 912 373 952 44 370 586 456 819 337 436 204 409 525 986 659 940 967 398 877 618 463 11 58 334 816 586 791 41 670 46 451 648 229 299 64 204 274 101 674 354 732 956 790 252 787 329 637 884 79 788 1 476 625 678 307 672 616 242 204 707 274 766 98 207 379 99 883 198 904 344 978 659 695 163 190 371 48 476 929 851 631 933 811 980 90 424 420 287 323 386 391 967 34 4 242 589 739 289 187 26 808 260 281 526 717 356 713 691 531 456 158 336 483 216 804 662 429 143 11 322 480 40 355 879 184 847 665 53 906 659 277 957 957 412 571 196 722 472 716 215 119 582 893 803 369 295 890 255 55 115 884 52 426 634 830 544 807 85 316 721 932 16 184 488 672 300 935 235 4 89 401 949 285 881 315 266 491 782 619 117 827 177 791 252 364 105 296 141 522 373 815 120 822 893 835 800 924 371 381 932 404 124 779 268 338 211 265 465 826 772 641 742 169 781 97 653 918 557 269 681 654 793 599 710 87 643 641 683 864 988 323 782 478 393 973 447 732 2 577 826 485 907 312 844 115 58 678 754 479 879 524 171 264 803 485 532 818 769 854 149 116 465 122 274 132 913 313 607 612 67 886 293 649 695 352 178 11 360 976 452 573 910 168 288 452 111 823 878 271 486 973 163 785 330 764 821 79 399 275 134 281 613 447 532 51 934 817 579 517 813 691 123 80 260 234 775 766 531 740 619 996 643 443 800 886 785 815 958 594 493 889 340 430 129 179 792 19 801 151 282 665 812 831 255 158 219 388 166 625 549 317 26 439 249 751 730 625 414 824 866 728 218 40 983 250 633 648 154 153 754 595 15 742 976 724 554 410 984 419 994 635 586 621 644 993 531 60 428 61 602 515 622 770 905 954 44 911 368 914 608 457 866 74 131 619 554 548 689 672 959 304 702 445 747 430 564 427 528 702 399 90 499 223 17 443 809 747 825 60 969 831 537 833 68 575 900 509 618 164 535 983 434 325
483
302 45 573 413 910 230 669 462 861 980 295 596 397 285 688 323 476 575 27 776 733 447 885 609 35 798 983 883 249 55 169 358 112 404 582 141 465 287 155 131 943 455 509 67 966 526 700 175 234 685 218 913 504 392 381 364 723 460 53 819 42 330 460 804 871 629 76 937 14 242 250 139 469 770 703 460 27 528 893 965 929 440 134 904 17 657 780 16 999 341 161 700 1000 320 584 259 22 477 270 765 1 611 866 678 215 404 938 90 684 435 47 842 392 781 305 795 556 973 17 404 260 150 290 259 270 527 449 568 850 770 327 210 915 380 388 299 783 554 986 443 388 690 140 967 460 443 240 118 920 732 686 969 452 945 33 358 762 752 755 757 725 892 553 317 539 501 662 791 332 703 447 223 543 743 728 952 150 357 690 837 69 91 718 219 197 496 792 186 20 1000 93 900 483 379 553 634 28 93 252 570 467 615 144 382 115 947 163 827 73 976 629 179 546 223 130 181 37 652 149 625 705 896 755 536 582 794 184 188 469 678 997 280 144 106 930 341 42 943 540 839 408 522 470 429 445 152 669 713 18 76 460 948 352 633 465 675 96 84 479 367 385 449 673 466 518 895 37 168 923 217 922 998 411 314 632 582 844 773 110 994 358 957 970 108 936 296 841 401 794 854 602 115 911 109 673 666 487 603 594 173 687 761 108 561 574 62 270 123 433 199 65 699 819 177 365 836 584 568 134 547 418 185 884 883 876 659 914 353 245 568 647 884 477 817 270 215 379 569 816 171 15 667 141 788 550 643 377 473 495 664 554 775 182 175 61 773 94 439 4 823 203 514 865 471 74 557 589 860 975 102 105 852 285 272 370 776 770 828 397 128 786 681 121 504 306 220 63 136 440 661 759 384 774 761 100 668 544 920 34 887 484 811 959 794 480 154 976 825 898 926 981 40 436 97 742 515 474 243 797 208 586 191 754 515 742 679 444 230 753 196 627 628 609 855 931 75 67 168 762 815 198 230 431 996 558 371 193 54 985 74 714 110 472 321 544 302 719 162 730 642 198 968 938 520 859 641 509 641 731 225 72 583 167 968 510 990 919 269 402 356 727 345 656
555
483 391 785 647 668 876 783 541 407 123 496 694 581 189 16 113 469 689 523 172 366 810 460 350 24 934 268 809 384 336 998 163 568 843 444 150 763 283 819 889 857 569 414 740 554 856 698 766 103 939 26 633 401 774 137 646 272 341 973 892 586 100 56 197 777 659 552 871 802 720 669 739 737 378 748 188 959 817 565 932 396 797 265 983 967 667 784 672 959 532 550 953 453 15 435 937 209 654 980 471 867 273 744 224 286 446 152 694 346 547 815 283 175 993 344 855 306 388 239 912 761 949 640 567 396 43 456 545 529 878 411 743 796 716 162 965 143 550 564 232 687 943 120 739 703 213 917 106 63 757 540 555 724 237 451 939 384 778 936 242 83 228 918 561 313 314 9 259 588 124 588 904 392 989 743 633 578 596 90 91 297 219 561 74 886 195 793 436 468 509 941 720 229 739 285 98 149 98 570 864 168 231 470 478 979 690 373 317 346 77 245 432 463 438 324 827 615 792 92 804 717 234 390 131 279 776 422 668 821 224 865 418 840 339 322 630 248 825 104 92 464 218 489 56 323 701 123 704 866 428 450 194 65 85 216 327 911 125 92 575 243 383 492 491 915 256 917 785 374 268 344 845 47 270 360 261 955 629 99 875 291 321 340 331 403 595 335 261 802 683 916 76 314 678 697 317 232 821 653 893 661 721 618 613 82 434 529 680 135 839 939 255 200 459 69 423 377 972 129 621 608 340 301 883 811 173 326 91 715 783 273 576 96 573 490 98 120 958 115 975 954 756 855 85 389 671 45 850 249 543 568 603 903 709 746 46 406 749 315 412 661 967 770 743 607 380 778 842 461 764 121 446 910 553 624 941 222 93 981 50 227 123 616 65 718 298 753 855 47 354 102 766 854 422 133 471 22 547 671 535 379 2 280 758 573 892 784 31 516 837 420 286 771 56 958 74 145 882 741 133 135 186 513 355 932 557 94 595 515 26 569 464 605 479 728 138 647 699 609 741 811 347 28 197 774 829 834 414 864 783 148 190 923 22 51 244 55 510 769 799 855 821 708 149 423 600 576 844 37 420 511 705 453 694 864 825 847 563 4 848 949 358 610 386 222 301 275 50 884 53 464 206 346 394 601 646 532 932 68 69 888 688 268 889 508 576 420 117 619 849 551 634 764 764 138 498 323 540 847 620 129 358 300 309 889 294 762 231 558 473 87 286 77 58 976 154 335 460 897 10 541 674 751 493 60 708 680 450 375 858 870 975 179 412 224
103
377 156 496 394 772 513 429 38 66 324 902 137 24 601 823 474 193 392 839 615 461 568 335 231 320 595 886 780 330 2 974 977 963 34 967 703 880 927 385 908 876 966 946 410 234 78 571 495 764 656 770 223 424 132 35 885 995 805 566 145 93 207 162 213 113 854 337 757 298 815 627 660 487 632 805 233 360 740 929 681 957 403 404 237 809 278 753 808 206 943 273 911 576 166 123 755 553 887 500 958 176 47 611
932
491 719 812 891 777 851 86 234 520 98 694 517 679 371 374 718 160 449 623 88 733 166 905 263 749 722 513 924 77 453 597 127 282 391 103 450 470 160 897 447 626 319 938 181 527 838 402 743 858 415 11 489 342 896 719 521 651 732 267 494 268 800 381 362 989 52 16 575 321 3 296 766 704 814 375 647 120 576 106 129 805 203 770 987 88 237 581 118 15 744 86 200 910 171 455 425 554 72 66 900 982 834 931 216 187 471 592 510 651 277 183 97 459 137 265 536 235 684 543 232 50 532 12 692 706 57 303 846 56 823 760 412 64 422 765 308 526 254 181 692 728 787 969 991 803 140 787 790 825 84 955 292 904 643 811 507 638 955 684 663 567 973 557 274 356 912 326 881 969 454 384 649 810 949 238 183 568 36 578 404 969 51 691 214 119 129 78 875 312 684 380 965 959 467 884 576 683 259 369 448 296 707 694 780 795 940 449 349 63 10 876 85 970 464 186 516 378 750 91 206 563 542 339 897 620 215 779 415 383 396 876 359 851 625 800 99 956 933 929 825 424 496 767 559 151 630 654 738 419 949 294 84 861 188 540 874 220 964 228 130 690 749 874 472 775 730 814 251 228 283 29 871 364 727 246 156 79 309 934 265 568 566 330 510 355 604 772 581 338 861 823 811 128 556 895 865 16 904 574 852 735 355 746 691 682 424 891 617 349 526 433 989 587 245 929 426 542 84 268 605 552 222 287 859 655 126 346 60 412 615 525 563 768 155 253 449 124 252 432 694 327 622 602 779 598 61 770 865 423 449 430 689 832 990 371 808 759 543 985 797 350 761 938 989 442 442 381 386 594 854 827 749 560 342 249 866 790 21 896 637 980 550 450 971 629 377 22 527 254 589 654 361 802 754 302 289 108 99 729 55 820 343 98 299 176 857 933 657 211 724 502 240 366 687 325 868 129 658 923 431 854 342 975 803 772 762 899 794 149 309 439 735 922 784 641 805 764 817 90 658 260 476 632 295 86 925 497 32 481 419 43 174 710 15 648 214 808 420 286 227 277 495 119 640 45 204 795 294 243 133 133 232 483 454 85 808 568 523 949 733 461 612 945 296 126 658 825 434 334 89 483 19 822 11 466 746 607 157 384 467 749 772 271 946 289 182 850 378 313 462 297 767 992 711 309 266 746 693 60 196 94 357 986 986 350 20 37 243 583 423 919 529 904 844 415 361 888 332 892 487 539 608 378 288 604 330 902 650 591 137 971 100 87 563 139 44 63 52 41 51 517 728 479 659 359 663 614 69 374 487 560 580 433 183 186 994 232 943 1000 584 541 360 664 1 887 592 8 765 407 2 277 509 507 746 974 893 815 543 211 514 489 602 10 237 227 817 85 610 868 571 306 42 646 604 495 888 508 446 225 576 216 460 783 462 138 757 41 132 425 153 504 658 515 495 441 721 375 213 675 660 760 100 571 396 770 902 796 736 546 451 638 86 140 771 950 563 312 287 383 623 805 792 491 945 488 3 274 380 296 251 351 361 836 87 492 936 510 450 612 724 418 391 580 643 919 267 869 693 60 327 791 279 378 626 133 2 387 808 304 811 308 52 191 526 587 813 217 18 956 412 628 51 372 970 869 682 245 439 849 464 978 46 923 155 453 913 361 476 561 817 607 531 216 329 288 447 149 606 733 956 948 559 171 27 263 404 675 199 879 95 332 92 10 128 363 545 122 830 48 117 317 10 727 309 115 891 710 990 533 824 99 311 517 530 522 439 440 957 122 167 24 727 9 394 694 326 369 526 533 397 377 500 88 270 409 230 417 30 73 270 855 103 805 452 796 497 704 110 657 211 909 144 363 164 963 98 107 889 462 187 726 965 799 16 459 161 103 225 316 275 720 113 670 709 852 108 531 637 581 542 314 181 744 501 653 65 608 526 317 144 574 936 286 953 296 433 250 808 289 262 92 363 475 414 709 484 625 820 28 40 624 540 143 248 528 781 695 695 384 216 49 399 932 701 625 489 878 547 700 257 470 698 775 251 78 476 901 356 588 719 500 676 469 838 812 997 282 700 456 799 686 615 75 172 975 519 290 631 616 780 113 715 522 449 128 690 150 679 746 589 527 38
719
445 485 161 496 539 341 236 129 746 83 540 393 452 73 158 829 689 695 136 787 273 986 684 372 195 37 593 627 231 867 306 544 242 723 364 917 581 456 168 265 909 732 710 806 742 51 963 216 150 910 783 902 991 891 543 835 168 841 460 989 845 553 197 442 694 250 271 701 605 936 632 351 336 713 509 688 647 647 808 72 511 643 333 659 437 878 404 992 51 170 187 978 182 860 25 402 372 535 613 166 73 204 996 379 704 48 742 13 231 7 940 836 679 499 913 886 93 290 162 958 371 937 929 737 678 12 812 962 960 841 866 944 422 908 531 323 146 631 986 183 924 862 855 713 115 747 273 375 449 914 440 458 73 164 623 558 117 919 86 951 100 781 580 158 576 805 238 290 898 455 457 476 470 805 169 751 198 620 516 816 744 635 874 676 96 283 893 38 571 793 522 928 836 371 651 758 641 393 734 585 886 516 203 280 129 131 968 259 711 912 201 859 142 138 721 589 144 516 604 853 642 868 571 656 924 667 965 526 223 285 169 362 969 728 802 81 354 221 332 599 512 527 54 354 749 440 56 900 22 20 194 335 726 199 603 110 135 604 296 707 930 814 806 256 343 232 846 623 675 146 806 991 271 342 812 43 54 647 490 884 831 149 846 946 303 917 633 44 869 83 646 104 987 785 652 814 154 464 494 30 357 979 119 684 748 879 445 260 984 877 868 74 371 705 113 565 484 34 608 120 799 432 395 505 926 99 910 450 189 737 948 446 541 503 203 562 699 975 746 535 484 810 509 572 917 673 73 461 487 750 234 768 143 851 645 839 558 286 844 83 610 209 516 357 828 888 99 434 406 86 692 56 664 784 713 240 620 277 302 799 901 949 914 381 17 990 988 906 982 111 949 354 856 584 993 480 224 143 101 364 809 691 492 435 237 689 967 328 791 562 832 686 75 667 284 678 841 551 888 4 866 431 115 425 318 87 564 479 139 109 875 319 278 834 149 238 701 776 942 745 501 149 318 951 916 425 84 996 266 800 403 624 862 826 752 311 900 530 57 261 123 289 94 13 288 22 864 670 513 701 272 657 364 825 281 989 742 73 581 233 377 236 992 124 774 546 823 712 339 583 356 694 799 609 173 931 847 326 707 503 400 178 493 891 141 454 705 608 693 22 684 547 146 209 629 75 157 525 570 877 145 229 274 120 687 985 438 107 212 639 548 242 316 672 988 476 973 496 649 261 492 441 11 459 668 335 377 169 290 815 229 872 759 983 395 763 232 580 955 301 840 9 295 691 942 601 590 790 11 682 598 604 513 42 385 18 936 40 253 688 57 57 437 763 757 549 87 232 923 627 763 601 59 82 71 170 994 124 142 691 413 626 821 37 286 104 496 333 304 37 107 822 300 558 652 336 487 343 374 941 976 798 179 883 743 602 994 663 964 818 403 135 442 37 415 221 848 786 847 296 786 421 687 134 829 192 878 817 257 397 620 812 442 967 151 175 125 507 906 770 246 493 180 24 829 728 86 71 667 485 346 494 378 374 262 980 304 466 899 758 172 787 974 716 466 697 952 635 827 903 122 999 695 388 589 190 675 871 91 700 529 203 229 979 74 851 615 623 172 833 340 521 798 821 160 288 36 602 561
912
40 756 318 32 541 428 640 763 702 158 689 460 873 480 673 745 71 191 192 931 633 384 137 118 630 504 563 352 160 123 688 256 617 11 948 441 256 66 757 767 21 407 155 281 716 89 527 396 434 585 749 974 696 292 133 570 505 35 23 708 435 11 172 850 530 471 257 335 321 340 400 633 250 92 303 622 322 485 708 681 793 200 389 946 383 773 372 799 133 566 669 124 475 872 181 366 974 460 659 779 986 23 338 548 1000 448 494 615 205 245 498 565 344 157 17 15 618 915 948 499 878 62 223 189 229 133 985 575 492 30 223 430 380 838 174 745 664 829 608 992 152 654 246 509 537 448 261 935 201 225 721 659 366 489 806 915 53 495 549 288 188 808 865 353 720 957 81 463 337 17 216 306 820 900 899 797 447 235 872 748 647 451 194 11 302 764 232 190 57 864 596 150 342 310 586 282 57 423 297 563 41 794 86 764 735 861 309 601 575 533 127 414 550 807 756 568 17 852 848 222 551 249 305 282 720 980 905 121 669 538 175 622 919 396 618 438 480 405 495 157 595 784 54 921 443 142 634 652 120 989 579 339 103 571 961 158 239 469 74 684 30 301 94 795 261 835 469 146 242 541 131 601 577 862 501 962 49 514 877 391 400 73 761 561 589 330 37 772 885 740 384 27 742 338 833 180 153 890 718 639 530 918 16 727 205 691 124 416 723 994 789 894 22 895 814 389 915 764 546 947 518 683 790 128 485 602 833 863 478 950 522 565 597 630 394 528 792 794 179 268 499 734 754 420 337 213 102 935 25 450 656 639 903 707 953 835 196 72 879 763 318 280 65 805 46 2 554 387 152 81 133 909 534 132 893 231 254 339 776 500 889 952 516 395 577 202 337 108 918 270 211 678 532 520 531 629 70 743 918 766 788 438 761 381 393 151 436 21 541 682 71 989 58 762 95 57 85 18 954 665 414 815 752 697 597 13 420 171 674 956 105 272 275 125 821 891 263 222 202 66 649 760 821 659 726 905 560 489 402 125 510 833 325 268 710 646 646 621 545 58 207 298 799 709 224 288 442 15 756 717 120 333 335 503 71 199 266 950 82 544 166 34 386 944 955 104 685 7 271 270 144 468 604 62 40 332 963 150 588 624 320 990 381 473 519 257 247 733 614 201 243 859 334 957 100 611 27 839 286 240 449 620 841 257 515 213 702 119 682 457 645 996 737 39 845 196 542 215 725 505 264 813 19 550 155 758 136 937 423 372 649 594 780 495 421 624 500 953 680 965 307 124 617 995 292 858 320 7 299 467 962 894 503 181 13 671 145 525 771 594 752 107 547 609 285 946 595 862 692 623 242 348 494 548 730 414 89 860 671 228 604 767 962 216 572 962 908 340 184 438 290 6 654 22 89 869 462 533 193 307 160 199 271 810 497 211 975 785 111 628 647 305 120 565 629 370 404 656 9 187 320 170 29 369 385 93 814 621 161 69 106 247 523 359 138 301 346 501 731 209 394 477 562 427 237 176 580 245 938 587 281 870 15 417 382 391 29 913 601 843 146 340 882 406 404 738 134 854 727 150 666 446 933 493 298 213 894 855 920 919 351 206 970 704 149 540 881 3 678 157 996 663 559 579 934 309 738 585 726 40 88 946 603 262 849 355 903 632 749 527 518 153 64 833 632 408 696 403 388 966 454 80 824 560 498 338 669 974 374 636 607 779 149 498 765 292 445 637 477 146 243 725 331 789 467 339 19 158 862 546 331 862 142 470 351 464 984 724 438 212 474 115 35 303 958 973 759 755 335 573 268 237 283 995 488 556 113 569 408 874 519 60 688 692 147 557 349 565 809 632 262 201 6 883 765 811 979 713 119 836 686 550 527 558 856 90 214 357 421 829 298 98 797 750 524 72 550 76 467 397 611 237 37 433 741 812 901 819 873 489 384 695 823 67 163 32 180 799 624 735 144 699 419 449 564 421 948 272 734 45 418 973 541 436 861 524 903 10 359 866 657 62 15 49 753 600 336 637 410 262 504 581 278 471 671 469 171 736 915 191 367 552 989 784 166 789 301 346 657 366 267 275
266
510 904 713 205 944 301 111 841 713 478 875 29 238 623 150 521 763 410 464 554 985 83 628 24 330 327 55 172 240 744 414 276 928 574 490 401 825 234 603 480 621 348 49 102 937 536 40 56 756 887 846 475 228 873 118 347 537 31 582 388 106 330 866 43 248 526 49 644 803 369 487 596 954 330 647 701 863 13 897 253 372 949 668 972 477 72 100 38 208 69 46 245 99 734 411 316 235 141 988 124 198 641 357 183 42 347 209 237 578 518 189 522 58 170 904 307 723 397 38 91 715 947 542 223 645 743 248 543 867 199 152 729 835 605 718 823 387 658 260 362 315 930 427 240 914 867 771 845 960 913 31 582 598 215 97 15 281 461 867 321 58 89 52 413 953 432 732 156 836 362 812 596 956 497 783 97 234 324 330 499 522 347 265 173 723 872 930 381 741 10 29 25 182 746 418 956 543 788 945 340 707 91 468 336 878 422 879 61 663 38 410 560 303 571 264 581 962 43 636 213 969 788 253 792 82 310 700 588 37 479 883 251 60 78 702 636 987 411 116 683 526 843 108 260 672 612 229 725 985 330 121 553 412 825 315 835 671 465 289 453 673 280 325 935 952 907
44
375 54 392 775 767 822 456 32 615 971 669 350 330 71 365 833 936 617 603 146 974 939 612 435 615 592 21 927 647 343 713 97 504 668 712 272 920 58 382 594 603 322 699 601
829
950 296 67 820 595 273 205 835 52 153 540 571 843 238 888 374 811 56 292 501 449 93 29 113 399 720 840 77 860 58 725 772 719 872 323 128 266 203 311 860 953 81 816 130 660 273 673 888 311 448 508 264 828 662 883 623 713 85 439 719 575 669 145 195 728 927 876 138 284 676 914 385 657 668 730 659 802 788 996 577 170 376 16 1000 486 220 436 63 766 566 921 231 267 980 424 465 370 904 960 708 164 324 355 672 459 200 203 392 437 559 637 262 680 249 528 393 274 136 833 129 169 448 296 378 93 13 563 264 149 989 93 381 823 792 865 131 528 573 184 367 560 729 684 594 404 786 412 238 891 752 961 23 557 819 194 238 708 209 274 973 479 408 140 440 720 538 550 874 303 847 754 20 161 627 639 456 194 283 531 206 589 740 151 554 606 106 307 420 548 333 1000 482 364 77 545 882 665 816 682 911 33 506 272 298 345 461 851 708 617 776 232 153 319 298 313 129 352 64 187 933 826 273 680 955 583 207 216 155 477 583 210 469 525 700 900 446 885 315 369 897 863 61 969 62 542 171 118 744 49 401 718 966 42 693 735 891 279 776 388 402 53 519 212 577 693 406 85 505 251 998 671 581 848 929 649 373 513 472 190 18 997 52 819 175 59 519 988 881 981 231 246 908 209 57 260 860 635 162 44 470 192 206 436 262 718 624 30 772 500 537 135 410 677 371 439 929 635 228 98 802 519 114 864 721 850 311 433 488 830 12 382 51 284 341 902 529 54 953 538 380 770 411 338 479 932 239 56 248 418 114 335 147 789 31 555 888 186 193 888 719 220 418 565 559 934 434 644 866 469 212 917 881 773 849 460 135 283 382 405 419 23 385 131 715 531 205 383 180 283 482 844 512 484 535 150 162 359 771 687 242 677 678 41 55 324 316 754 258 856 560 354 447 414 937 714 809 514 817 547 967 330 173 470 396 423 820 242 901 95 219 622 188 37 645 284 653 616 745 265 960 274 685 274 997 649 873 218 894 262 934 486 689 874 734 578 288 373 128 97 284 655 194 962 968 730 597 189 398 636 269 351 589 600 225 45 132 650 193 443 926 260 284 923 259 65 229 613 243 978 844 857 945 472 969 394 84 866 926 445 393 597 353 243 126 912 618 902 948 976 737 669 975 692 138 558 778 896 72 825 234 191 914 340 752 838 590 272 624 37 513 363 133 644 582 880 875 123 813 842 922 818 514 36 826 683 686 815 736 987 358 939 582 360 114 209 717 675 41 204 916 358 127 124 20 929 332 219 57 736 172 776 706 701 795 897 62 321 643 454 178 196 903 785 681 746 227 944 714 533 837 414 984 744 779 489 570 378 934 390 747 42 84 424 839 228 76 739 594 322 389 726 932 939 779 736 957 371 637 428 289 846 786 195 101 620 754 102 495 489 386 859 779 243 334 607 218 640 420 431 366 40 63 753 783 538 188 73 416 72 378 472 230 552 789 1000 276 914 641 575 834 63 131 59 81 633 610 20 482 865 428 692 75 835 810 506 758 245 933 983 873 982 308 950 427 226 158 862 751 756 496 17 914 191 631 76 176 375 330 304 144 959 902 890 669 546 54 113 545 353 827 336 924 451 107 992 379 237 923 134 24 532 196 86 629 29 820 906 69 712 799 530 91 669 707 331 132 576 285 55 455 288 949 230 528 686 877 603 633 491 315 916 257 862 262 179 172 792 735 348 145 474 380 177 259 700 528 543 399 502 907 539 167 662 714 837 199 61 977 710 328 980 348 912 567 489 414 257 125 49 835 125 559 964 747 429 245 738 776 850 987 423 310 400 876 977 43 646 290 189 216 116 40 929 79 78 331 919 980 898 267 25 398 38 217 272 730 671 129 679
841
705 293 883 942 619 324 411 577 500 300 9 468 207 652 407 906 561 779 652 965 871 101 639 250 202 105 860 379 309 261 478 559 7 228 192 495 568 918 809 727 540 797 101 655 933 877 246 97 315 587 329 645 584 442 355 160 276 142 84 796 46 774 565 954 605 668 198 705 955 676 200 651 946 927 399 138 718 984 375 804 742 355 867 512 254 14 316 947 745 434 346 545 58 536 237 517 499 226 30 810 238 131 476 430 141 457 453 42 727 857 437 870 66 76 142 780 390 676 262 839 70 36 497 354 699 493 498 625 866 644 774 78 75 86 5 225 683 39 960 331 113 12 392 712 634 360 38 367 382 137 681 592 685 629 738 99 938 699 238 5 126 109 727 709 354 436 473 750 878 401 351 857 510 169 794 908 763 258 167 573 576 300 211 759 909 121 979 221 606 630 937 871 859 30 943 709 688 58 247 539 706 321 698 247 129 579 143 933 155 352 817 187 979 120 268 630 71 523 324 636 703 337 611 434 155 153 883 226 353 879 800 961 352 640 908 176 253 463 822 566 947 164 83 721 37 323 860 534 1 999 298 737 204 118 606 277 299 893 174 374 997 763 783 905 738 790 611 794 731 748 216 738 675 534 139 938 667 703 557 787 624 533 818 805 14 338 620 843 665 843 63 29 374 509 42 294 448 753 685 115 286 1000 772 877 446 350 742 901 896 834 411 743 924 418 819 98 298 215 111 53 826 87 766 478 913 218 157 630 566 794 646 870 694 690 611 859 166 468 658 432 962 122 713 822 929 984 666 318 703 325 410 874 577 782 980 600 540 24 189 114 543 692 827 17 788 477 449 331 938 147 172 812 817 692 573 842 16 84 37 221 455 273 520 920 273 147 795 403 941 973 586 347 751 413 286 914 556 215 844 40 722 90 811 857 306 370 259 62 74 174 750 942 412 248 686 933 839 417 893 284 789 896 491 21 560 668 591 821 445 861 83 177 612 719 835 644 79 310 917 908 439 388 169 874 896 315 747 794 38 839 761 395 584 707 849 933 746 594 987 981 999 11 895 963 972 318 469 441 933 452 291 626 626 87 962 596 826 488 803 864 754 168 823 632 696 355 586 587 17 69 902 292 512 808 366 147 709 344 808 151 660 606 867 485 376 792 813 133 84 781 905 780 779 633 804 109 892 409 83 746 677 341 367 434 814 719 518 380 986 745 112 79 427 101 295 958 198 954 233 346 462 42 658 515 29 729 420 638 483 158 886 521 127 192 737 825 463 937 339 724 702 289 86 328 677 414 954 78 201 631 866 407 555 361 793 211 324 682 980 773 710 82 430 276 67 646 595 876 384 387 655 906 958 574 51 741 782 6 682 944 246 924 7 777 481 358 451 262 278 414 803 987 213 248 57 591 499 743 348 502 660 131 953 124 641 217 260 682 56 864 294 491 233 327 628 229 244 922 635 322 754 522 432 780 154 616 727 123 304 890 295 808 925 941 836 745 886 840 16 979 467 660 532 392 571 652 524 800 991 406 706 606 822 148 356 936 56 945 185 987 157 714 883 378 80 211 954 637 451 903 732 999 359 141 570 792 233 39 12 969 756 324 762 28 103 69 353 647 453 762 48 186 50 397 200 652 431 797 892 948 28 161 992 640 231 252 673 233 214 419 229 656 635 144 458 851 805 737 480 493 44 70 562 720 403 457 333 41 690 911 2 283 522 477 604 907 147 967 538 258 175 401 231 450 193 207 714 924 42 685 786 673 672 99 622 856 34 765 279 368 483 212 448 768 867 834 581 890 906 754 228 97 384 92 114 813 475 209 724 922 272 373 845 179 715 709 69 588 398 929 720 951 821 999 947 668 278 408 951 48 420 705 645 91 120 34 475 177 733 3 418 777 16 282 857 841 463 662 539 364 77
781
954 663 850 554 544 155 73 583 275 69 157 308 586 447 772 625 22 938 992 772 816 840 501 817 944 410 883 967 828 876 934 39 833 912 122 437 937 297 999 109 708 383 700 684 576 461 152 513 144 902 179 770 17 901 473 145 57 121 236 451 342 271 805 987 580 434 462 967 603 320 407 350 310 309 485 775 842 462 358 406 688 680 363 192 805 571 313 570 340 561 913 22 179 822 491 942 195 658 262 821 811 224 361 60 229 412 233 77 167 473 969 705 944 39 703 529 389 674 377 478 591 82 687 679 374 205 267 868 521 322 50 93 218 850 589 124 875 396 647 465 17 79 43 287 205 942 211 451 384 448 188 293 569 493 592 322 921 218 902 261 557 899 515 551 708 760 853 240 848 607 577 241 556 313 258 889 459 526 605 313 404 918 868 569 509 962 976 456 140 959 867 922 314 214 949 850 204 917 613 464 252 728 214 859 543 2 507 46 390 867 310 897 355 695 391 336 926 931 853 202 100 5 656 722 942 741 546 16 50 525 144 776 494 708 965 783 391 669 665 393 209 337 373 897 338 334 214 159 659 865 559 313 27 261 270 592 321 569 103 773 45 751 628 556 419 125 24 222 284 638 778 609 711 556 278 635 205 919 26 33 948 637 568 998 524 697 73 463 161 642 734 623 915 21 22 909 447 515 493 23 816 496 876 223 602 617 728 835 917 133 968 154 670 603 987 434 173 416 606 566 190 261 334 907 109 468 99 805 52 685 429 956 462 637 645 467 426 333 719 503 452 358 180 227 228 480 325 846 64 256 289 533 849 48 338 317 348 276 586 641 363 676 133 619 213 114 207 127 949 291 294 484 113 247 775 270 39 811 102 3 429 996 179 209 56 631 977 780 414 965 633 85 205 173 109 333 655 675 39 884 915 561 336 197 449 287 360 866 891 849 724 251 893 238 881 813 480 343 77 59 936 345 911 254 223 517 18 698 15 690 119 551 339 649 303 354 950 657 643 419 580 738 635 397 690 557 60 745 807 912 149 482 742 519 44 86 703 13 780 673 148 70 640 241 62 802 731 756 89 987 195 300 307 152 616 675 691 187 585 452 902 119 82 710 427 855 942 533 551 57 238 400 80 38 373 513 601 71 793 469 959 245 995 793 276 595 122 788 893 655 629 751 522 583 145 782 866 996 46 191 359 43 310 608 923 976 188 896 664 912 463 324 145 396 15 427 561 506 38 375 759 992 536 760 650 229 352 474 886 247 658 838 950 772 273 238 79 923 878 800 826 327 665 627 891 602 705 611 802 398 580 627 320 968 218 931 664 492 162 406 279 907 209 991 839 684 980 967 773 145 875 788 458 649 450 902 815 427 170 757 552 286 703 651 567 614 453 622 393 715 111 710 885 298 656 317 721 837 513 771 989 190 835 58 408 47 90 243 842 855 849 479 750 466 325 216 471 830 982 550 91 129 387 161 74 781 736 623 566 457 290 125 874 384 841 271 768 974 473 802 265 897 568 594 361 157 722 996 217 117 689 743 680 639 191 462 766 712 795 173 344 449 695 566 407 743 682 609 855 938 278 647 331 52 570 725 331 932 505 158 608 32 780 534 995 798 195 910 873 142 402 725 603 382 131 909 152 908 406 686 616 746 32 276 717 280 506 674 891 227 967 612 560 370 42 702 764 678 141 532 805 733 608 732 568 932 127 917 670 555 903 615 452 315 133 551 335 423 823 720 62 252 685 123 208 959 747 415 119 619 669 990 207 546 14 992 348 723 564 182 135
295
754 227 907 272 594 352 359 758 67 126 28 790 810 41 551 139 892 118 331 902 843 645 746 461 838 310 312 260 758 395 403 338 567 828 210 134 64 558 523 436 120 462 525 39 329 862 730 817 942 410 651 242 475 865 877 611 796 749 843 206 729 241 550 371 887 749 557 908 530 984 305 134 323 69 490 717 413 611 725 567 123 415 165 502 290 365 123 460 743 369 552 100 932 567 883 764 926 138 916 528 117 841 335 658 375 189 845 426 571 847 20 236 371 509 548 287 569 208 960 104 17 938 521 261 146 469 124 576 30 801 727 886 897 275 302 132 249 940 603 823 786 116 446 836 954 718 375 764 36 876 891 956 407 535 791 291 742 489 467 148 544 166 556 934 145 846 315 521 505 811 521 229 399 983 181 846 201 823 474 600 156 291 388 380 397 448 50 905 817 354 593 192 283 758 313 141 553 258 728 999 297 769 814 866 806 536 510 887 37 506 218 394 505 782 562 358 537 611 755 41 952 127 491 897 834 257 694 369 845 852 735 112 744 29 440 341 261 84 346 929 159 878 845 801 381 613 604 944 474 185 438 174 48 916 46 743 217 597 336 114 746 105 300 95 695 353 99 394 929 29 506 1 12 790 417 836 119 838 180 815 151 445 542 895 534 660 70 656 811 193 471 288 964 804 245
621
699 963 185 675 99 712 135 77 459 481 326 880 815 761 545 940 65 901 197 278 77 782 174 447 130 518 73 479 866 667 804 654 923 623 689 200 900 265 33 301 951 909 58 226 413 393 603 822 170 807 82 667 202 180 600 324 951 166 483 697 480 787 196 294 209 286 356 920 360 21 255 373 695 150 705 134 496 452 842 331 809 840 148 443 148 396 655 741 418 865 311 173 243 85 670 729 787 394 792 80 707 733 445 584 542 64 694 290 27 799 587 169 277 456 785 28 260 747 744 948 989 723 974 982 60 262 584 359 901 795 273 250 981 344 373 519 557 20 852 629 426 345 25 273 751 584 680 562 893 568 703 806 961 831 921 639 502 106 445 903 401 372 971 763 877 247 863 432 80 815 823 117 274 874 161 231 439 60 368 819 970 28 408 322 542 610 534 566 425 155 949 476 747 860 952 80 298 968 544 237 83 852 298 30 420 265 582 831 28 744 32 704 143 772 230 349 128 640 95 684 482 347 636 619 503 587 293 93 970 803 778 513 694 377 40 467 832 15 896 108 270 820 27 747 594 950 447 316 698 663 446 82 632 466 87 262 726 811 560 927 632 142 409 574 319 913 893 227 415 286 441 918 531 341 953 943 97 844 669 436 798 465 726 360 377 370 370 94 373 221 885 463 341 196 14 597 893 966 491 627 110 558 159 841 183 789 708 376 880 267 593 761 890 999 818 142 324 75 860 842 641 226 813 60 767 105 635 738 646 775 17 883 413 851 98 204 452 494 16 634 962 37 126 328 72 8 748 669 121 639 996 376 362 913 450 179 232 959 146 489 326 382 642 192 784 649 989 490 946 43 76 106 659 460 618 979 199 396 471 189 247 265 441 262 334 246 268 417 345 617 47 758 872 701 44 27 705 674 416 619 944 786 455 511 993 758 744 303 348 159 728 77 828 630 408 852 64 930 326 981 87 289 832 162 232 248 745 914 41 351 607 640 189 351 683 290 336 722 133 794 288 244 405 658 526 535 939 738 860 947 415 495 148 904 352 662 291 20 923 515 315 879 666 109 597 261 391 155 971 417 473 844 861 532 887 902 385 48 182 338 69 873 941 18 993 971 836 868 92 598 372 550 467 606 390 24 719 619 235 520 733 682 37 678 558 622 248 598 186 146 685 196 101 176 215 187 713 794 457 242 10 802 474 194 377 243 838 389 149 642 89 896 806 729 574 261 843 434 10 532 263 70 969 209 999 427 698 80 280 434 329 542 740 311 544 669 667 597 320 484 893 998 311 680 783 11 391 311 986 319 629 403 684 581 697 1 703 455 662 900 556 763 716 220 611 51 592 170 172 917 866 478 347 165 859 176 748 814 235 608 920 716 272 305 315 362 964 101 488 663 160 977 487 234 773 322 230 472 91 202 343
960
941 98 185 126 786 905 850 216 521 882 952 889 671 668 142 595 141 554 206 378 64 736 559 993 494 303 455 886 539 57 930 684 66 556 994 341 163 36 201 936 901 996 19 901 720 157 197 669 163 319 313 379 932 835 539 998 269 428 363 462 983 874 95 113 279 350 386 799 291 713 692 128 835 141 610 357 464 426 81 415 863 219 461 649 240 63 227 728 718 960 257 846 33 497 205 848 313 936 603 283 375 895 253 819 585 11 55 772 54 751 637 796 959 396 181 628 401 434 909 442 117 720 968 649 134 790 903 96 769 226 416 225 911 473 759 124 42 899 603 458 868 115 343 407 859 864 977 456 971 440 67 760 345 150 360 320 283 706 412 372 206 337 725 816 411 170 529 900 424 815 813 246 416 401 93 964 393 482 115 77 497 533 330 989 229 380 554 240 792 121 208 921 246 675 694 724 269 804 515 246 7 266 400 788 174 962 965 580 243 26 487 896 455 175 142 643 311 940 894 204 830 839 872 765 276 657 652 144 852 290 149 912 195 501 835 994 223 301 225 755 648 96 936 701 579 147 10 836 77 508 378 888 906 477 714 972 830 507 205 940 801 813 69 887 911 501 234 287 333 670 846 381 620 561 91 326 982 140 765 213 999 45 702 36 200 900 589 852 293 232 448 25 398 302 496 828 905 673 856 633 929 817 296 49 685 185 764 726 111 921 617 460 286 217 421 683 974 961 652 903 497 355 556 569 867 810 357 354 697 479 272 444 228 21 649 677 708 83 829 312 70 815 48 802 853 446 527 473 27 414 541 699 270 862 326 883 345 227 734 35 875 300 233 198 166 231 895 715 967 323 568 653 232 933 904 437 225 816 486 324 319 361 997 750 419 439 258 649 840 992 648 564 652 834 666 169 692 154 609 769 214 508 985 937 826 2 531 732 782 264 882 275 929 688 275 858 252 619 138 883 938 615 227 409 41 255 1000 71 615 743 811 159 556 984 348 946 604 858 544 676 821 226 341 634 400 222 893 953 712 269 772 401 60 490 589 443 695 430 73 536 735 307 773 887 924 972 983 919 628 675 552 168 244 680 427 586 745 913 849 110 713 235 676 421 251 376 700 3 104 114 249 895 86 904 741 125 164 654 635 200 639 691 523 869 874 732 909 524 94 401 214 647 803 214 791 730 120 922 733 542 202 941 181 824 822 917 272 178 853 770 564 550 248 759 404 949 495 300 751 298 889 130 738 546 718 393 259 906 674 193 658 202 811 942 332 154 71 608 670 38 826 40 51 197 687 487 959 379 667 384 832 617 672 592 249 659 571 863 981 588 381 659 662 819 533 354 788 884 644 375 246 534 953 543 278 650 626 465 385 48 679 216 100 351 931 362 660 132 402 596 860 993 161 874 124 121 920 568 122 255 192 940 722 42 546 464 870 115 740 199 37 832 6 365 694 848 334 304 666 666 542 314 223 546 380 118 686 375 13 309 52 432 981 491 59 508 918 316 449 15 196 708 779 479 670 577 760 878 548 972 11 489 818 661 934 275 432 885 921 766 817 697 794 421 12 124 144 851 811 610 719 503 714 435 798 400 142 845 448 80 763 115 958 656 922 681 77 778 545 143 478 934 842 954 195 343 672 89 468 210 238 191 68 749 502 996 688 381 509 615 781 700 437 805 651 725 77 525 421 57 44 920 416 486 309 565 464 245 405 57 870 848 724 98 595 307 707 273 96 55 996 298 396 929 501 610 976 829 402 468 826 212 497 830 56 9 940 93 74 271 91 392 424 475 401 886 148 117 73 960 653 252 187 587 121 737 297 504 926 180 58 547 7 131 391 492 920 763 386 387 57 56 118 881 122 193 861 552 453 280 439 555 961 827 586 131 336 431 213 217 400 414 2 533 616 311 618 872 412 518 860 142 869 410 275 812 936 1000 841 427 263 595 850 903 591 467 114 498 228 487 89 621 332 163 405 570 302 927 913 250 159 851 185 394 528 638 703 588 241 956 365 90 718 486 726 548 944 955 870 271 342 315 297 81 383 301 724 500 822 278 753 594 409 633 272 647 776 11 743 246 168 633 84 70 155 809 19 298 704 402 513 349 429 348 631 968 10 343 895 744 607 570 367 686 762 87 488 156 758 933 886 581 630 666 219 494 836 96 502 363 347 197 242 855 824 824 43 865 616 614
214
794 769 933 502 888 122 170 563 424 751 5 990 181 125 930 515 377 760 3 49 127 822 541 855 344 350 738 708 730 37 369 60 931 724 510 79 37 339 196 25 744 122 521 525 682 21 799 292 174 724 703 221 988 55 703 365 592 444 767 86 130 373 302 295 912 769 152 94 223 245 107 575 365 790 13 6 396 757 78 204 540 826 171 893 530 620 664 305 927 303 242 866 81 960 138 275 901 739 741 491 421 745 664 736 891 339 435 607 438 937 201 581 215 903 843 37 51 668 376 915 128 848 731 281 180 69 522 875 286 318 172 863 59 904 898 689 763 674 924 946 199 70 303 239 556 995 773 521 590 398 496 609 804 669 22 219 437 954 641 738 653 895 113 206 901 727 478 128 357 918 625 786 294 681 533 683 742 366 822 991 385 641 965 376 468 848 643 118 934 417 550 13 65 156 181 915 851 482 152 620 183 656 977 624 901 642 436 272 451 30 932 958 258 276
248
713 186 366 188 595 56 107 424 312 751 360 215 812 515 881 897 35 46 486 200 340 572 250 279 351 810 377 51 199 201 177 58 244 742 517 620 707 638 365 777 562 887 783 167 847 74 97 650 149 154 257 49 856 527 18 123 717 445 499 929 194 423 654 997 220 535 978 452 744 589 407 608 877 242 698 206 582 150 466 21 865 797 20 922 804 895 804 404 373 742 567 643 235 275 183 597 420 244 925 77 593 163 70 597 488 319 288 758 709 940 600 144 51 4 478 824 287 39 134 357 921 689 580 907 499 878 76 256 797 607 762 108 148 470 711 256 545 841 460 486 817 950 426 307 710 179 769 137 303 209 774 438 495 731 152 253 519 339 841 622 148 926 846 740 740 737 915 745 461 869 67 724 820 728 895 930 906 512 866 424 996 863 953 815 914 67 773 394 59 690 231 837 85 653 945 493 773 675 925 519 899 246 881 409 331 733 480 12 443 599 951 321 301 788 506 377 59 571 746 502 278 197 772 119 654 856 936 482 932 466 847 81 564 255 991 141 599 939 88 301 41 417 256 647 569 171 599 470
217
431 835 632 822 665 126 631 179 129 836 522 316 392 479 439 305 436 726 383 169 141 800 925 137 584 278 826 220 323 450 753 987 844 352 315 181 20 400 196 883 889 827 218 16 834 79 698 954 457 411 860 217 179 11 746 100 895 452 185 347 829 102 336 963 671 106 310 313 591 304 962 410 924 76 602 173 901 929 697 700 339 458 90 65 377 896 881 891 232 874 97 687 338 553 792 445 618 762 571 498 456 18 356 207 371 148 644 811 256 428 8 647 765 188 977 259 684 159 34 447 918 134 968 970 406 596 736 399 489 548 837 394 945 320 586 129 391 343 215 753 175 989 365 86 175 541 1000 16 302 634 274 804 497 617 252 399 490 494 991 276 306 505 176 89 927 852 728 393 465 204 648 204 680 342 886 162 254 345 218 483 311 826 633 849 173 632 386 105 74 81 132 324 397 938 825 421 979 90 728 395 133 629 92 573 928 428 180 750 220 748 85 508 751 941 223 249 212
195
427 860 92 224 283 322 689 958 59 108 473 104 861 640 132 30 840 732 12 799 534 869 763 674 691 354 674 726 478 31 951 257 823 305 672 483 942 371 454 923 949 821 704 562 372 18 143 376 351 314 183 341 441 645 73 342 641 229 739 318 12 387 484 939 146 271 420 787 424 623 910 999 369 12 788 3 322 185 671 510 763 881 876 713 436 507 704 245 180 372 965 259 379 400 112 72 407 907 904 83 537 766 125 22 817 181 604 980 343 573 964 365 404 177 788 200 684 983 388 11 60 3 707 82 824 163 805 416 835 982 681 386 324 858 260 41 43 279 705 847 555 795 735 270 997 223 269 226 856 48 976 108 893 424 535 760 175 470 164 99 491 142 326 106 391 715 361 293 283 571 120 29 638 383 188 683 192 742 695 864 141 575 943 372 724 879 477 724 171 757 710 408 787 348 764
841
484 756 534 962 728 251 330 453 470 838 301 807 559 639 518 873 478 711 285 134 422 116 433 199 656 66 954 986 866 638 530 917 745 326 736 945 85 334 887 657 268 976 227 133 236 408 973 503 870 120 924 889 367 838 105 219 753 424 508 105 526 667 799 711 856 233 710 320 918 694 959 604 729 341 973 483 220 869 668 51 141 732 979 251 854 634 640 959 584 622 744 497 813 405 847 798 449 881 187 303 900 969 935 481 946 104 998 399 233 937 507 732 736 1000 439 180 726 113 264 384 478 88 522 135 381 743 758 170 55 556 347 776 867 316 943 459 6 216 23 552 836 626 319 780 655 682 783 254 493 824 76 988 500 150 618 440 751 373 801 88 866 824 104 497 595 984 916 888 202 899 772 766 182 28 170 289 258 941 397 727 899 696 497 331 726 392 250 101 77 146 987 454 323 542 539 154 998 224 629 747 9 926 504 656 842 530 841 898 611 696 851 41 552 982 502 673 288 280 159 455 116 584 884 273 60 394 100 889 716 514 187 7 813 839 565 861 506 906 587 214 447 953 175 698 473 124 567 16 818 105 816 620 145 894 421 575 538 215 958 86 203 139 75 749 391 107 189 700 440 138 77 232 811 293 367 146 320 684 734 176 48 433 424 20 402 791 947 210 780 984 220 901 983 621 686 636 53 5 788 369 938 159 760 429 779 463 326 205 832 779 546 105 162 687 106 483 610 709 896 366 555 352 104 68 388 876 585 364 479 44 36 783 864 156 984 34 806 930 666 732 914 223 28 890 396 871 60 978 802 468 388 425 772 744 694 670 663 991 904 277 487 275 61 625 850 58 185 605 436 99 236 454 249 194 606 137 921 557 37 986 674 44 128 729 155 612 255 863 580 33 106 870 345 628 55 427 901 127 352 114 327 504 419 276 910 637 118 368 696 256 591 420 849 362 960 882 616 696 335 446 295 850 305 367 812 558 774 470 344 93 52 536 654 527 140 427 588 828 205 479 471 590 423 493 744 68 369 136 641 159 714 575 299 773 414 802 106 181 687 665 826 958 624 209 178 654 324 837 29 471 255 712 92 791 780 565 713 361 135 849 70 516 665 908 596 981 272 424 608 906 221 212 909 713 877 512 853 774 302 670 68 833 788 508 85 227 890 363 154 955 544 29 572 666 879 990 819 428 217 321 924 706 944 14 713 89 498 431 291 712 997 246 262 642 199 978 86 139 978 13 353 167 959 125 661 132 346 806 850 671 301 174 488 317 34 693 286 133 981 109 563 238 65 301 81 627 822 967 20 264 831 480 94 23 683 720 939 437 252 984 76 322 83 945 569 61 49 745 358 91 912 451 563 165 163 248 943 414 29 189 251 791 34 330 87 785 950 739 343 500 958 661 651 271 227 29 26 345 248 427 949 851 9 994 867 548 324 954 686 109 91 802 686 442 372 543 76 905 498 533 754 469 891 623 514 846 73 139 902 524 872 744 301 945 745 405 321 262 696 69 561 940 359 36 319 505 626 90 314 347 713 872 390 588 518 825 529 243 317 626 888 443 381 832 741 666 416 68 703 858 605 757 499 251 659 363 354 36 252 367 713 239 400 520 212 271 519 346 95 129 881 123 997 471 627 996 193 995 48 83 32 642 405 621 727 251 215 558 304 326 516 132 214 359 198 633 507 325 936 479 446 833 156 440 481 669 158 120 878 516 269 192 122 105 792 164 867 104 268 196 500 116 643 56 330 331 149 403 188 854 344 883 231 318 166 445 641 38 687 516 367 642 412 666 953 168 472 914 288 231 26 755 925 712 220 982 511 954 225 997 705 199 823 858 869 251 778 208 446 464 987 951 479 732 504 926 554 10 632 81 841 229 276 895 304 281 832 50 739 603 74 118 908 950 518 95 579 369 184 531 121
784
717 515 699 102 998 197 586 320 12 563 586 335 273 931 881 671 128 176 992 280 962 974 850 435 178 222 560 383 21 996 760 906 208 262 595 367 314 678 126 152 289 331 806 936 602 991 504 373 541 171 92 924 844 655 896 625 339 131 196 356 888 166 3 141 667 4 636 480 995 924 621 1000 38 27 252 283 952 460 126 36 992 665 896 979 943 825 638 266 865 43 29 628 825 70 979 541 670 751 795 847 571 57 985 270 710 256 551 312 345 335 278 268 347 138 674 920 949 533 417 82 501 556 865 710 667 811 105 102 237 657 370 431 34 880 437 25 101 877 671 272 596 661 494 220 842 382 176 795 933 104 80 174 4 584 9 499 297 339 557 528 190 19 226 976 43 643 569 477 23 536 1000 341 38 336 361 230 626 670 611 542 383 330 804 379 641 796 827 793 558 249 110 839 841 592 1000 135 398 741 716 216 179 212 46 661 833 677 523 664 229 801 255 984 762 963 722 653 758 326 268 657 628 264 268 116 763 553 566 739 184 594 423 371 991 964 500 704 651 154 562 321 100 567 237 768 265 335 467 526 16 693 518 803 582 111 396 354 204 750 187 348 788 906 746 395 583 809 776 203 36 509 999 379 685 275 557 552 921 619 560 873 818 995 795 670 216 483 336 710 4 542 430 953 48 694 973 203 211 30 491 151 757 524 375 134 618 499 420 274 11 807 481 450 485 870 684 133 763 241 219 927 187 664 687 477 651 377 958 848 699 793 190 532 886 131 252 602 908 103 378 938 589 473 999 806 361 683 396 752 702 525 433 399 792 247 724 650 332 963 12 721 706 259 161 408 669 833 185 188 633 306 419 958 707 925 153 41 909 184 367 155 714 750 1000 99 950 729 594 614 552 22 104 293 502 432 76 195 546 597 436 755 177 214 741 534 489 823 852 382 336 646 922 13 744 544 596 691 83 361 507 723 512 597 981 296 46 591 572 160 683 160 568 242 365 869 918 619 230 548 617 890 468 496 819 152 796 52 630 687 121 976 82 575 644 319 292 123 410 491 778 973 650 979 55 111 200 17 90 851 968 302 264 179 923 532 672 505 122 554 183 372 772 110 549 742 666 546 994 671 591 795 544 980 500 157 723 106 231 865 599 79 716 346 669 556 980 126 930 456 704 970 5 466 949 550 567 532 881 449 99 768 580 283 118 168 281 497 618 83 808 141 806 693 312 277 284 702 151 48 304 449 298 332 484 744 588 458 895 384 91 369 465 872 998 977 176 19 210 367 845 985 931 913 544 836 674 434 301 913 692 641 140 559 371 747 391 361 686 823 210 533 784 216 236 947 786 636 474 346 550 704 896 311 482 906 565 869 576 979 569 892 771 829 653 770 509 847 550 944 826 707 67 78 635 298 957 768 699 227 275 618 549 312 188 517 290 197 972 904 71 961 924 469 89 117 306 745 183 767 858 205 521 661 566 467 932 804 535 298 257 591 528 368 163 723 542 769 755 505 271 601 618 316 708 66 318 409 343 622 491 650 196 50 955 365 10 558 984 210 287 915 507 884 508 143 257 303 517 166 502 942 416 451 435 954 576 806 521 577 822 584 474 834 404 250 659 538 932 252 123 601 562 548 889 743 664 905 259 662 908 971 906 718 271 214 820 856 234 613 674 25 158 910 968 187 700 276 601 386 993 242 87 907 518 164 348 989 820 421 391 162 65 318 701 504 8 987 901 67 254 128 916 712 272 476 412 439 200 72 491 769 725 881 770 325 304 739 429 25 19 145 804 366 442 830
967
347 797 467 925 654 250 116 745 338 618 315 607 321 611 529 992 485 172 174 880 636 502 187 925 219 688 882 695 406 416 846 910 849 780 780 427 739 692 567 285 400 850 885 932 430 238 224 737 601 43 50 328 486 507 398 940 263 957 491 810 861 7 963 137 277 86 677 842 262 368 892 656 824 616 527 888 956 339 509 318 532 155 46 182 569 694 817 822 253 253 190 413 241 786 889 383 206 251 879 44 952 922 155 379 508 7 404 965 40 802 336 300 19 276 76 483 316 132 414 730 248 176 660 635 736 726 947 53 496 730 696 225 693 505 752 610 427 872 63 943 808 166 851 138 696 281 6 784 476 696 660 48 80 445 731 659 870 314 149 77 937 710 543 599 809 835 208 173 447 40 181 220 863 376 617 825 768 612 20 835 759 728 67 840 232 23 664 963 969 330 151 109 16 193 715 790 36 35 987 907 901 763 648 442 771 390 159 158 142 722 626 172 272 958 443 675 437 555 713 579 425 268 346 527 923 61 659 230 314 196 502 798 767 953 826 469 226 217 159 459 492 111 966 482 781 869 844 536 217 58 10 566 912 617 404 286 572 323 37 637 873 886 371 678 720 953 355 433 986 825 440 294 701 600 601 985 4 436 981 838 155 585 551 3 756 320 662 593 286 178 23 364 825 761 801 266 606 728 552 78 963 307 468 798 682 491 376 483 786 260 830 101 554 605 365 858 298 171 237 962 365 588 420 763 823 429 400 151 452 809 428 966 192 117 619 267 71 367 286 563 943 689 988 689 612 975 700 948 722 948 170 431 272 383 669 587 69 569 630 335 819 971 762 4 21 440 448 118 902 669 950 887 385 488 853 400 138 840 763 563 652 825 124 505 449 582 577 554 415 69 782 327 250 911 833 52 364 509 959 394 555 852 666 175 5 110 157 659 817 172 805 945 578 791 104 905 361 622 440 763 680 771 76 586 579 95 173 772 383 876 838 101 393 939 336 628 293 574 557 133 632 794 819 39 99 28 569 909 805 355 368 102 873 614 52 110 615 985 777 852 465 783 923 624 483 631 771 705 606 88 234 420 560 400 71 165 642 437 274 239 781 945 509 591 803 463 285 583 288 468 121 222 582 602 854 98 103 269 737 263 443 338 968 934 198 578 248 96 807 713 286 175 880 941 280 553 7 723 647 544 589 273 721 839 237 196 866 464 171 825 198 902 804 31 771 420 804 581 169 951 456 375 920 941 695 868 206 209 927 790 953 651 61 539 273 557 764 681 400 657 445 163 176 312 6 35 923 585 399 523 180 304 95 270 544 868 370 723 9 738 557 585 144 239 526 154 829 338 985 814 876 556 655 277 280 87 976 430 181 919 333 61 622 156 966 332 79 469 738 15 187 847 992 368 371 292 879 371 202 576 916 126 801 921 912 391 585 435 899 585 414 115 583 713 53 551 525 115 183 642 903 106 388 800 182 812 731 407 853 624 276 546 87 34 536 963 749 624 654 829 893 906 540 921 730 968 272 637 494 601 744 69 405 915 504 344 500 975 555 834 918 292 969 382 612 131 206 851 312 629 820 472 708 278 332 210 459 220 991 305 634 72 705 612 391 57 72 925 260 598 126 492 711 640 661 40 66 257 16 4 672 85 665 128 740 656 419 481 456 718 490 875 818 681 491 715 307 460 904 76 404 365 201 848 696 989 162 415 3 372 13 85 277 484 752 892 195 493 963 166 863 674 663 22 868 85 297 297 759 525 978 82 481 937 739 793 958 714 414 132 204 701 731 370 916 239 553 730 914 40 494 479 540 605 236 892 440 40 869 204 356 593 331 881 121 770 549 278 380 153 619 348 594 266 947 391 806 701 957 553 371 137 809 789 365 5 85 94 787 837 453 469 829 884 30 972 419 825 238 576 591 900 645 872 332 636 625 782 749 872 686 831 286 67 737 983 577 473 333 144 492 485 314 357 471 751 433 608 181 88 822 109 264 508 12 922 810 520 459 851 923 292 537 253 388 571 308 989 663 903 529 609 169 379 529 199 816 40 176 978 818 157 569 354 122 679 479 748 600 31 31 660 5 861 256 958 141 182 117 560 702 1 421 582 297 544 518 919 758 17 288 712 954 252 974 424 755 535 293 847 249 268 768 647 345 906 281 630 715 725 995 246 206 473 478 244 292 586 278 207 483 764 389 302 414 916 574
71
32 105 328 429 562 175 606 557 748 292 651 444 971 195 891 313 995 721 759 226 273 138 151 824 113 941 539 195 381 642 193 795 65 630 922 847 922 395 688 305 537 60 314 498 369 690 972 62 487 961 917 954 863 706 11 90 316 257 490 518 859 238 985 432 509 327 352 684 520 148 842
471
153 932 836 896 655 695 191 997 59 454 577 712 512 582 438 520 437 665 256 508 434 644 65 730 803 66 896 885 388 749 662 37 80 979 219 605 205 503 858 223 607 503 264 910 460 231 344 644 655 545 918 1000 813 272 502 770 227 816 967 842 189 935 344 556 764 486 199 647 371 942 769 592 104 44 592 112 988 417 708 247 24 582 746 847 522 303 6 217 511 467 303 975 332 555 95 919 982 238 443 927 889 442 774 40 928 292 567 772 962 984 12 739 886 52 685 624 371 446 106 369 558 469 408 413 753 71 381 603 528 170 203 381 311 469 601 549 792 484 347 632 506 349 450 591 1000 429 54 672 479 954 265 577 312 815 70 262 798 482 938 865 311 777 929 9 18 884 94 566 222 889 833 64 183 943 840 30 110 18 970 72 165 571 407 570 355 45 702 171 442 711 181 325 175 994 854 193 505 574 867 341 890 690 789 157 288 936 226 602 231 530 455 725 441 219 248 87 866 645 10 369 521 913 233 575 506 730 144 707 944 301 594 189 580 139 912 92 991 27 79 246 423 277 232 867 723 120 277 717 896 803 687 826 495 548 131 663 163 526 67 124 983 700 947 562 2 683 722 218 820 260 625 871 821 528 190 268 894 552 717 421 175 961 960 675 862 506 256 472 457 840 905 740 43 316 178 481 342 941 101 578 997 92 587 827 909 428 200 563 425 550 26 268 70 891 610 642 885 460 319 982 977 708 193 841 296 57 353 875 892 991 817 289 752 625 151 494 898 35 840 830 199 359 757 615 419 469 463 370 6 224 153 775 543 473 1000 859 641 354 843 985 134 439 293 454 886 90 20 134 669 65 9 48 411 558 12 422 783 56 980 84 238 52 224 503 32 440 541 837 417 206 7 111 948 211 680 12 762 975 84 31 685 979 174 775 21 100 505 404 74 229 656 467 726 857 675 181 963 690 280 37 503 151 563 131 72 139 937 978 241 448 83 428 403 721 829 920 650 417 513 154 271 210 413 986 160 826 434 520 132 866 515 670 961 790 145 58 20 530 863 417 649 482 549 657 699 521 124 841 272 158 446
413
949 354 169 102 702 804 106 854 104 729 856 349 386 779 245 25 839 633 406 944 503 205 573 4 500 401 374 885 366 894 212 777 872 46 199 894 659 989 209 239 311 698 658 59 769 16 711 236 761 296 781 109 421 888 74 998 236 572 903 58 325 703 13 795 600 699 302 476 967 576 157 105 299 966 675 568 183 54 957 159 22 334 35 419 271 196 875 287 81 953 216 629 452 797 432 813 52 526 754 937 762 386 583 321 40 595 500 368 188 598 238 869 21 474 609 230 669 817 194 50 885 676 263 241 183 495 526 414 557 674 333 949 975 333 325 296 312 4 101 969 545 986 104 374 839 325 695 694 192 883 261 13 238 776 219 316 613 925 561 218 19 505 90 12 418 745 356 170 516 420 935 515 464 340 852 621 655 993 138 946 691 307 973 805 122 763 294 994 965 374 767 601 151 581 140 816 844 884 45 423 170 260 745 639 72 630 543 778 841 214 323 812 795 28 215 6 933 94 873 259 990 872 19 299 241 129 159 309 920 240 221 998 248 289 590 903 884 61 268 961 788 479 25 270 473 981 789 307 408 654 516 653 129 966 289 821 617 908 163 455 785 659 571 220 797 716 972 850 133 743 52 713 189 949 15 616 611 27 806 313 346 135 553 861 14 603 949 776 760 512 944 293 239 311 190 8 742 938 451 5 229 759 146 200 116 58 169 93 972 420 578 668 478 943 408 72 585 451 603 458 947 407 694 684 928 33 274 283 897 749 405 27 119 92 145 144 417 240 438 7 799 533 865 834 758 972 66 245 354 251 418 730 475 799 495 944 36 85 299 890 507 31 65 947 710 352 599 550 497 521 737 474 109 967 213 2 124 348 37 465 225 534 862 359 654 736 845 546 346 498 969 66 97 324 788 213 741 559 644 92 178 10 895 229 245 563 949 693 93 264 699 452 890
981
619 907 745 170 957 420 516 548 235 278 133 165 712 206 724 73 423 573 160 350 951 515 926 935 574 157 231 618 87 437 313 778 143 266 675 359 30 558 572 611 810 192 2 393 60 171 825 504 206 574 36 930 682 158 383 345 602 676 367 833 555 861 950 386 711 553 889 736 86 441 111 306 830 638 600 297 640 512 847 195 15 789 24 366 693 197 945 78 574 868 349 739 135 943 556 311 75 652 258 881 985 146 560 399 89 529 876 221 177 760 59 9 755 788 896 443 966 684 350 666 213 903 268 121 989 957 130 287 190 895 973 645 501 242 315 331 928 863 533 809 124 481 38 352 40 697 54 924 124 230 826 425 906 701 691 736 646 200 918 493 271 285 397 693 4 454 703 385 419 426 396 511 546 724 742 695 308 873 939 389 293 317 922 678 557 977 489 917 557 577 875 720 994 142 680 219 565 883 897 735 83 814 519 289 331 891 461 743 790 516 555 531 563 968 235 155 538 467 444 656 166 441 122 979 457 225 292 258 228 427 560 603 854 162 362 114 688 761 944 878 53 626 579 70 276 228 274 692 546 973 322 907 520 666 81 562 990 312 583 567 431 340 912 648 853 137 477 243 633 268 451 441 420 876 140 486 798 390 534 516 817 322 668 567 574 168 119 759 81 364 689 816 544 255 470 472 240 475 107 560 153 87 73 786 12 938 391 242 185 305 632 880 33 746 136 750 112 261 821 141 80 411 664 226 906 681 693 867 423 98 580 28 716 421 868 732 375 952 875 658 577 985 558 673 377 27 566 188 261 203 735 949 467 637 833 194 331 23 752 671 869 83 627 877 806 267 44 342 620 222 414 282 612 363 700 388 130 378 822 946 701 312 244 738 140 857 733 108 196 63 393 825 259 586 633 556 647 999 18 578 591 830 659 599 535 68 962 340 372 838 863 929 268 241 838 302 168 302 619 988 273 804 856 726 299 551 879 790 560 764 852 49 904 56 682 311 516 996 323 283 360 609 174 476 334 979 165 848 631 465 898 279 889 946 459 452 55 394 150 29 401 141 814 611 189 380 267 929 978 263 603 743 208 397 159 222 9 499 123 995 228 690 946 399 746 554 651 725 362 449 765 926 832 718 646 970 914 316 112 181 569 397 832 298 325 17 36 954 37 472 493 653 4 100 510 390 207 780 649 247 347 605 434 193 316 892 860 706 143 537 211 7 674 716 405 432 343 401 486 947 864 733 884 997 554 791 430 955 913 240 272 983 34 288 194 40 283 151 544 69 739 84 325 538 303 420 502 148 917 966 772 967 569 164 176 941 698 178 295 16 352 858 531 3 420 787 670 366 736 76 359 983 706 92 382 289 886 570 981 654 666 940 856 715 187 962 657 671 243 728 318 807 958 698 897 681 510 628 888 397 829 694 800 707 75 774 797 690 290 380 637 674 242 306 559 399 844 301 522 924 752 682 470 847 847 155 45 843 190 448 657 779 78 238 614 128 771 335 315 259 787 168 760 806 376 650 173 197 766 154 64 996 681 753 706 97 452 538 135 45 155 383 727 766 387 274 929 991 846 907 212 589 792 770 261 467 186 83 494 972 262 872 139 690 142 456 245 730 901 414 829 568 387 354 124 667 33 138 636 809 243 520 907 364 923 766 818 890 431 941 244 267 500 964 165 592 997 667 556 518 7 38 488 145 788 283 36 25 794 125 109 646 315 125 938 822 154 998 510 28 258 672 867 727 148 493 962 275 979 972 353 292 98 291 793 566 462 446 974 110 166 259 592 556 589 673 73 923 729 919 743 454 511 677 140 791 444 878 341 595 22 887 661 553 478 998 559 192 928 740 89 963 936 519 347 810 167 457 265 664 438 278 974 816 551 359 271 996 992 702 436 805 256 281 241 157 606 627 659 549 127 364 248 612 480 868 826 973 369 527 964 818 351 798 951 908 36 73 893 493 199 567 828 562 566 756 79 209 832 317 37 168 798 811 295 543 891 689 106 852 496 321 672 504 735 716 711 919 131 379 139 1 963 701 335 881 186 342 78 868 117 454 759 593 497 358 608 345 146 23 836 974 869 294 168 158 39 205 373 30 318 722 524 162 671 935 713 857 263 435 454 167 271 153 229 642 784 693 215 194 456 674 179 998 599 606 505 15 968 459 190 431 500 224 194 121 196 275 412 236 589 55 528 434 912 59 300 547 597 243 481 424 992 619 694 901 676 283 790 66 396
545
722 913 600 983 833 584 139 640 802 365 908 242 741 175 760 622 410 627 114 175 51 337 673 479 314 326 949 828 567 678 34 823 709 159 934 625 334 538 759 309 469 76 260 629 47 309 429 757 638 998 477 177 24 753 527 445 96 725 93 354 886 88 392 322 338 968 248 838 859 340 465 208 970 604 590 735 233 58 354 813 307 456 756 879 39 29 244 686 377 815 729 46 316 764 287 43 43 455 250 12 726 621 430 514 869 36 473 833 410 366 546 924 630 957 982 617 959 818 229 204 69 158 977 996 804 510 682 785 97 59 615 176 953 900 314 848 244 692 245 844 452 121 345 512 814 277 951 503 308 341 225 874 278 536 427 633 366 15 722 332 169 253 3 86 627 871 179 512 670 529 522 917 975 781 360 546 49 57 887 537 66 820 441 182 451 130 198 209 480 45 414 844 286 613 750 620 952 636 273 802 624 848 758 343 790 944 215 21 158 319 167 43 951 17 303 594 170 411 104 169 498 774 86 424 366 555 291 794 508 513 14 18 112 419 303 618 543 43 259 338 731 291 701 554 463 877 12 58 231 796 124 450 44 449 594 584 335 627 136 575 689 785 86 721 777 137 847 857 453 129 359 941 938 253 375 338 438 149 890 733 180 461 584 77 289 523 620 986 872 140 322 305 85 35 196 877 46 959 622 505 85 588 304 143 367 767 711 581 981 172 672 771 440 754 558 107 195 918 686 406 697 200 967 430 710 239 235 696 378 791 135 930 92 310 652 668 770 643 647 418 274 449 52 922 249 307 870 909 592 331 909 338 851 783 913 650 75 40 858 920 370 645 637 511 204 391 909 822 557 761 362 440 96 205 405 490 2 878 758 31 25 658 242 266 906 673 92 748 375 985 850 855 83 163 369 607 37 294 351 236 764 618 404 644 18 229 97 139 212 600 910 372 78 310 92 573 810 952 587 985 535 148 256 394 826 152 669 672 203 179 941 125 669 850 720 430 313 206 696 131 839 611 345 296 319 416 688 18 193 19 741 119 109 703 683 984 141 941 617 251 818 62 795 357 168 323 383 500 34 21 884 446 72 286 667 422 578 553 974 863 797 567 988 197 223 455 298 933 577 431 749 11 300 342 590 784 356 150 295 126 444 793 774 333 986 686 618 204 268 186 985 855 158 879 872 21 161 633 893 40 53 639 42 180 375 445 674 39 725 911 335 776 932 314 112 841 213 577 464 164 614 805 223 674 626
622
831 319 701 197 830 511 209 348 445 329 950 614 839 491 193 524 454 746 631 637 9 939 796 701 627 36 792 32 775 456 457 226 496 277 663 3 859 691 962 305 791 886 545 942 23 387 295 573 786 581 711 412 607 952 316 406 508 947 305 148 77 933 951 488 607 709 709 775 958 23 340 528 28 464 498 888 974 785 834 497 286 742 622 838 537 523 716 748 43 459 561 153 195 226 668 597 366 905 20 986 184 223 240 813 431 592 566 35 173 109 131 484 937 7 983 934 983 104 274 418 159 968 135 563 294 996 927 929 261 711 741 219 794 833 878 316 600 970 774 957 631 852 160 656 776 650 356 907 65 610 772 732 726 55 67 274 773 791 943 97 733 610 836 369 456 468 867 640 758 115 312 79 399 361 462 979 618 398 134 952 247 132 973 460 23 590 107 27 250 826 542 794 925 531 53 169 481 402 332 759 876 991 28 520 615 910 424 156 132 427 578 922 694 837 449 737 527 95 185 999 381 471 203 992 1 45 347 603 522 591 782 985 180 449 146 290 374 795 360 931 938 417 558 612 302 416 146 808 838 475 338 106 703 338 821 490 993 616 129 363 865 481 386 456 845 855 642 117 60 290 767 865 672 522 819 629 735 242 580 131 877 388 487 905 601 679 81 864 576 836 301 267 595 11 713 106 717 27 906 158 680 757 12 429 938 254 852 102 704 197 356 792 892 952 912 427 312 924 213 132 458 258 328 592 875 129 199 358 363 963 512 984 285 887 699 69 859 58 975 542 369 225 745 719 286 261 371 488 195 400 762 509 842 422 666 82 453 497 179 409 727 537 382 524 42 113 191 551 91 867 33 764 397 699 545 317 610 34 591 850 203 123 829 989 336 459 811 296 736 860 564 985 525 824 722 402 382 974 333 509 590 47 899 467 474 15 76 871 613 381 492 51 334 65 369 222 468 106 260 579 795 83 914 130 848 134 695 732 927 384 440 902 877 857 296 98 37 869 81 510 741 479 1000 498 471 947 165 952 359 950 326 32 801 200 859 587 975 907 436 148 853 404 508 368 232 769 70 854 502 821 255 735 65 262 933 313 63 600 386 474 183 215 55 188 322 738 862 199 602 889 265 414 164 313 385 603 200 888 999 189 596 330 878 41 221 821 348 693 587 597 574 239 375 822 21 976 291 421 987 723 169 255 783 906 681 184 327 850 888 814 663 323 12 182 37 752 922 357 444 447 999 88 308 640 969 882 74 84 664 842 638 36 883 949 128 197 601 535 5 586 851 305 200 528 141 446 24 229 920 153 467 105 476 969 557 934 295 409 309 826 830 607 734 711 42 268 167 827 754 816 97 58 953 767 856 322 811 180 214 225 803 762 995 340 651 872 497 201 94 530 413 809 335 948 882 296 815 610 733 898 160 831
673
82 598 22 118 51 992 976 710 273 923 68 564 936 58 417 106 168 75 442 471 852 676 517 413 698 706 689 231 900 398 270 450 278 158 372 47 1000 835 91 905 206 668 370 891 294 799 177 476 410 480 948 787 434 798 27 276 593 696 898 98 700 128 193 143 90 555 134 676 186 437 90 200 737 102 143 1 629 909 93 211 764 117 754 300 241 675 100 672 860 268 292 958 545 29 385 536 428 906 536 841 655 604 599 558 605 36 467 23 948 770 365 32 146 712 720 299 813 204 675 631 708 740 42 920 763 714 580 501 444 710 466 165 410 200 698 18 62 751 31 343 167 125 960 867 436 162 114 578 255 536 378 870 195 898 88 468 55 544 5 781 700 138 200 811 710 445 170 95 980 574 993 237 572 138 306 47 164 893 739 962 652 329 725 356 174 453 951 225 433 184 515 713 654 992 318 383 947 473 619 160 672 21 95 345 5 636 465 245 838 711 290 902 548 322 12 639 461 438 752 437 274 530 64 101 971 460 789 655 817 670 942 284 183 732 70 737 453 501 872 646 243 133 632 693 665 374 792 853 562 489 33 909 243 392 191 22 318 684 980 803 415 394 295 824 940 702 652 251 317 725 49 253 741 366 158 386 162 368 60 254 572 652 134 379 783 739 237 600 84 552 841 826 440 624 17 653 768 445 282 971 352 494 242 670 559 932 673 956 819 603 235 578 230 406 98 2 747 985 932 471 607 397 192 31 700 203 521 163 397 896 642 973 693 178 268 169 140 926 547 279 396 653 872 790 446 694 651 439 564 957 74 739 748 783 242 951 314 987 741 511 919 547 466 803 392 900 372 716 929 928 985 740 647 45 844 102 581 637 777 842 412 587 466 292 638 820 869 205 146 174 89 97 692 457 893 818 677 47 211 506 751 49 661 533 478 217 452 431 46 857 934 655 645 10 395 543 395 224 614 144 948 415 802 483 754 550 297 100 648 916 119 404 509 674 727 983 845 853 858 99 938 943 370 528 410 651 634 773 329 633 67 260 829 51 100 482 294 195 138 614 940 74 277 230 389 297 431 214 657 591 725 563 497 681 437 549 666 253 983 752 968 428 796 80 997 850 322 496 453 834 898 794 836 99 949 363 215 276 277 565 361 905 635 710 894 848 263 92 440 349 927 281 723 569 44 206 112 107 977 789 21 847 100 1 716 451 339 917 548 687 846 452 25 823 117 651 256 563 674 696 744 838 136 779 382 994 814 268 88 256 52 333 88 161 212 624 29 197 713 846 159 171 60 814 891 207 562 907 417 459 634 577 821 130 157 921 987 719 992 676 435 548 276 121 632 839 944 394 402 372 21 703 715 416 405 143 455 379 827 53 331 531 335 975 46 201 654 759 296 141 558 577 635 18 86 493 3 732 8 431 247 440 353 742 571 824 539 609 197 694 853 733 413 248 73 179 396 450 291 959 522 999 409 92 184 775 809 815 239 101 159 443 400 104 695 376 639 697 130 889 746 538 680 230 54 919 974 270 995 285 968 906 366
382
253 762 602 498 131 64 680 88 467 107 313 921 942 799 741 828 40 427 909 689 837 336 756 503 720 369 131 301 825 969 173 98 574 822 745 784 990 488 740 803 518 752 984 173 441 77 730 82 630 622 108 87 542 634 587 580 688 774 637 494 219 902 292 184 122 441 698 412 720 542 59 802 522 621 299 780 589 422 958 647 670 693 303 195 406 432 529 90 606 702 388 465 567 195 984 950 816 993 753 814 103 390 515 526 553 279 634 207 970 66 532 349 637 92 944 414 125 908 359 527 183 427 698 948 556 482 504 834 231 117 917 575 630 898 529 890 704 483 996 572 794 128 417 145 645 669 53 76 397 773 409 632 124 32 628 254 908 899 282 777 481 737 20 961 278 548 142 905 571 907 506 500 566 212 872 581 487 132 465 364 163 316 592 688 3 49 280 321 649 349 100 811 329 161 572 84 596 869 297 255 952 611 309 723 736 61 912 803 959 515 304 964 118 376 136 31 233 535 863 715 98 93 91 705 65 205 474 37 805 105 831 358 160 619 40 642 783 372 976 892 126 39 303 777 29 637 992 309 817 213 670 199 1000 442 420 210 936 715 521 153 102 42 73 142 401 481 337 802 398 747 427 1 279 912 241 4 461 786 901 538 738 930 174 713 760 604 81 12 745 351 682 28 873 26 561 86 417 204 61 499 826 736 7 647 105 741 576 149 761 134 919 560 489 244 196 667 170 167 774 864 493 802 358 664 886 764 883 400 302 220 657 869 77 895 642 21 538 61 780 269 14 750 327 420 815 131 159 638 458 763 485 376 931 530 692 370 703 574 98 26 246 89 720 832 567 417 610 113 699 220 468 751 105 144 60 748 588 130 955 507 617 396
580
945 847 45 466 655 612 851 805 717 113 586 383 719 706 570 949 427 941 53 732 793 942 181 331 939 267 501 990 348 452 626 269 688 760 52 579 470 517 986 77 914 586 198 759 291 33 661 881 103 437 19 146 980 262 156 725 220 224 649 80 458 536 692 234 515 62 455 962 19 265 75 927 708 310 140 571 934 356 457 108 286 768 742 578 296 145 317 430 305 111 481 683 535 965 654 60 434 1 885 792 345 400 522 62 111 969 976 702 489 100 72 67 949 871 322 284 819 440 26 18 799 727 168 798 241 767 573 279 233 61 615 571 847 164 906 4 494 799 528 128 804 660 398 877 18 773 967 304 453 518 566 557 735 562 275 752 69 211 884 72 339 944 562 646 902 508 287 245 950 195 876 959 394 361 275 25 883 41 403 197 259 455 642 653 181 155 700 619 622 434 890 65 286 532 593 781 378 138 656 794 790 287 292 4 727 181 133 314 635 436 682 204 787 73 756 993 547 476 156 88 82 283 570 30 745 913 100 226 648 709 487 331 644 679 164 179 151 714 667 956 330 789 663 734 836 277 911 684 252 136 876 428 176 523 838 59 399 549 524 464 810 643 326 72 175 687 928 412 700 647 131 418 867 402 798 343 501 452 55 109 313 342 946 828 349 668 611 338 451 351 569 755 793 657 452 221 479 339 787 577 267 417 423 266 15 231 773 17 152 173 444 136 311 635 353 370 491 484 168 522 194 868 628 600 339 672 849 100 811 401 725 626 596 435 737 136 803 293 357 37 92 578 14 883 194 81 886 772 100 609 325 926 591 834 172 382 206 726 621 420 534 485 751 175 724 96 644 435 506 971 548 991 737 532 865 487 928 875 933 943 626 927 505 467 204 604 471 973 931 208 7 184 182 720 433 40 834 554 678 318 316 378 53 526 699 738 713 116 877 812 436 244 352 35 556 201 939 687 567 71 902 146 849 425 440 910 367 244 647 746 956 410 110 330 25 987 321 867 762 522 797 957 133 892 351 846 151 846 13 834 373 313 722 995 935 534 69 965 342 653 658 148 277 897 289 235 833 787 523 237 393 261 582 955 826 347 702 760 735 949 915 814 303 680 906 705 435 134 161 684 34 271 366 980 351 377 263 434 475 882 545 460 218 497 633 925 381 504 811 651 909 282 254 695 32 612 189 391 521 362 399 454 483 331 781 722 336 112 60 613 572 226 7 482 295 33 831 991 400 560 77 253 265 341 859 29 827 529 783 277 51 360 974 11 85 507 425 386 756 244 219 169 857 130 39 907 145 181 639 86 155 410 814 951 304 916 8 436 990 886
565
743 293 706 176 431 96 871 657 287 245 605 982 410 234 623 694 359 625 374 311 839 355 512 487 912 847 963 738 772 918 901 17 298 83 887 125 24 450 300 921 65 144 489 127 950 712 661 55 855 173 457 908 504 316 859 230 375 182 925 52 826 330 217 118 694 184 533 273 975 281 121 193 163 6 431 329 598 363 247 772 138 591 96 705 405 608 136 264 481 441 790 376 496 836 837 338 617 707 205 588 912 866 821 803 165 349 181 36 66 511 393 221 357 900 245 582 278 966 893 676 84 889 659 53 622 433 83 798 899 249 659 742 467 156 774 752 32 600 305 727 995 283 698 281 817 447 314 455 666 826 395 742 956 375 707 192 773 569 368 440 856 120 180 967 197 638 133 492 32 287 101 473 79 418 298 456 862 894 951 1 943 408 311 657 393 293 158 302 426 976 523 259 224 727 801 264 749 964 16 40 508 591 968 532 234 589 857 242 970 893 929 203 216 477 163 306 179 686 955 617 30 851 830 420 272 252 28 130 844 200 8 327 201 590 665 402 23 81 573 281 992 862 784 832 451 989 161 433 806 991 554 217 60 664 780 510 468 112 800 209 296 211 565 829 974 422 526 9 586 199 27 239 44 941 534 740 222 776 501 905 547 275 886 112 403 414 736 586 299 43 66 488 509 242 452 961 931 445 895 723 907 251 145 612 944 710 234 608 802 161 925 242 824 834 886 323 779 936 106 795 842 20 76 183 122 754 708 637 433 234 333 316 473 720 617 65 763 360 308 614 804 297 635 380 980 390 432 506 3 373 150 301 420 778 253 348 553 672 423 375 597 435 980 231 866 955 228 812 714 115 476 265 649 240 936 638 879 862 338 765 78 146 913 456 691 782 172 375 174 530 308 625 137 359 203 269 245 632 922 166 505 671 198 560 428 349 625 459 475 14 636 162 282 279 725 84 197 636 179 648 408 795 616 270 86 112 174 456 529 501 10 97 917 351 871 273 719 68 351 287 357 460 242 33 604 477 491 617 551 393 112 905 302 824 115 436 289 635 530 651 609 507 414 6 935 198 5 930 741 907 534 429 334 797 159 899 138 677 499 39 197 343 400 332 345 687 636 714 168 543 793 256 397 664 349 939 188 793 170 89 593 73 649 312 984 726 667 511 666 229 825 475 92 181 923 575 309 781 85 443 317 308 780 400 56 894 102 279 369 637 159 578 205 293 730 627 570 640 941 291 361 532 880 174 555 347 707 290 64 482 53 282 189 834 759 707 143 612 785 839 663 489 122 239 259
904
346 262 724 460 609 888 11 855 256 873 766 633 769 962 494 185 4 90 658 708 804 748 411 41 203 585 793 224 496 981 502 584 605 532 986 536 406 633 525 143 806 544 386 694 66 797 155 783 352 279 164 913 612 662 219 202 64 416 3 656 61 304 710 425 368 238 767 949 690 396 975 7 511 754 67 338 501 637 290 797 767 61 514 455 225 568 777 939 973 259 414 619 222 903 159 843 659 750 55 561 265 848 574 445 361 519 568 371 950 752 1 412 315 687 138 392 372 591 234 277 28 270 703 647 843 94 710 317 299 452 694 933 624 716 188 712 322 102 40 625 219 225 963 72 463 967 283 596 864 417 426 453 794 412 955 392 343 157 498 97 675 416 407 256 771 882 889 375 547 813 866 829 622 234 151 106 485 196 496 719 711 191 844 527 958 556 522 757 19 948 511 934 633 471 652 718 964 427 669 124 646 529 454 589 702 259 874 518 286 312 529 160 534 574 888 745 752 741 506 27 167 927 472 356 34 853 406 483 953 474 837 90 730 403 625 364 432 662 520 627 290 30 450 772 677 659 278 603 15 944 362 106 592 588 92 496 133 190 992 803 317 609 822 85 37 344 516 434 709 72 820 206 492 400 880 157 227 5 933 945 927 635 830 627 987 927 856 655 905 912 499 250 510 657 66 148 646 226 888 735 795 181 703 986 486 771 382 928 492 451 689 85 991 782 697 515 189 345 195 400 672 238 263 615 387 867 79 141 38 193 944 713 141 978 899 497 25 11 422 124 230 784 28 49 986 671 439 213 938 867 539 77 713 299 542 704 245 413 727 963 489 454 402 299 716 486 760 67 797 162 855 129 604 580 232 740 909 971 842 723 882 950 954 800 472 847 325 805 791 375 245 45 632 155 972 574 297 707 554 820 192 66 527 239 687 797 309 283 496 192 865 834 26 579 115 372 796 586 849 917 931 154 43 9 685 345 96 402 531 44 416 258 815 762 254 364 685 695 325 545 352 868 22 680 226 684 673 477 423 64 569 401 372 481 591 613 748 416 568 927 687 389 885 960 920 554 756 22 957 610 318 149 924 913 697 549 552 406 754 324 604 382 449 633 163 401 935 818 159 948 716 543 258 290 493 218 869 193 384 780 278 604 684 619 660 387 454 555 937 460 739 422 206 267 601 157 305 174 948 902 448 392 597 735 120 361 824 32 869 944 924 3 684 179 245 459 101 917 452 3 220 30 245 197 912 218 928 593 423 521 247 316 516 304 917 740 702 651 619 835 368 814 231 148 825 459 193 11 357 668 147 754 532 374 425 340 4 15 214 652 588 578 748 354 979 212 88 309 29 754 172 963 192 658 892 943 863 616 888 836 435 928 75 871 337 258 486 196 933 774 141 229 498 85 230 608 885 451 914 186 758 203 757 319 888 940 15 765 371 408 946 41 332 725 836 974 122 178 782 25 21 952 637 435 674 341 447 616 436 862 874 718 599 708 15 910 199 987 165 770 153 122 904 816 556 659 139 303 916 127 425 71 248 295 499 756 51 191 723 751 299 66 735 40 427 99 343 788 991 920 728 801 343 238 185 10 736 761 459 536 565 600 450 414 74 260 49 892 273 984 857 993 82 2 900 654 656 621 41 190 420 884 680 105 123 248 168 101 339 226 137 138 248 972 461 218 316 131 297 312 557 27 968 432 399 177 603 165 376 386 770 494 340 613 92 730 489 70 11 985 855 554 679 26 3 916 125 757 767 610 786 667 726 280 493 882 1 768 989 341 586 660 176 165 665 261 859 158 707 477 380 299 342 180 471 377 580 977 983 17 204 281 419 738 175 634 906 718 873 977 443 632 267 200 590 392 929 437 685 889 223 77 22 66 238 790 918 847 666 681 786 570 956 110 758 177 682 695 276 844 165 695 147 630 778 416 79 140 873 73 568 232 920 7 841 351 428 950 482 9 503 447 960 536 571 395 538 821 885 977 548 762 377 22 621 468 222 946 511 123 595 382 548 972 687 816 856 484 262 594 133 363 684 116 242 420 402 524 321 141 6 290 603 452
248
824 234 433 247 710 64 933 423 957 175 310 192 691 805 198 974 258 820 159 731 700 874 224 169 76 402 176 141 421 431 939 64 860 882 944 826 43 285 972 806 754 513 52 95 249 75 995 489 341 129 889 977 762 797 561 401 965 383 910 731 949 895 308 479 421 835 25 45 646 401 295 618 486 518 608 361 381 894 465 811 897 559 310 175 903 190 208 129 107 730 554 75 106 627 331 375 933 91 87 165 968 878 552 309 968 615 265 825 999 178 614 861 816 879 744 363 7 210 802 49 237 236 973 78 236 519 243 482 942 903 675 94 191 113 516 437 322 880 763 460 901 186 766 827 123 292 355 451 178 839 975 5 538 366 566 386 977 441 892 469 429 634 206 614 5 438 778 179 179 877 58 376 445 52 878 17 558 982 726 176 618 451 313 526 656 981 114 508 975 294 703 455 183 429 152 672 200 199 802 574 732 668 152 262 545 588 685 6 61 479 66 126 745 826 350 111 98 4 593 554 575 259 4 914 141 676 663 153 440 787 316 121 484 677 277 710 9 550 19 525 631 52 352 963 468 475 100 473
607
613 490 597 79 881 627 164 232 392 304 219 21 378 495 531 447 23 471 943 284 663 586 357 477 44 268 587 916 321 9 219 81 122 801 834 148 893 376 350 408 740 951 964 694 35 737 615 199 246 861 159 255 270 569 592 148 717 104 884 71 933 954 605 896 873 214 594 177 989 369 926 327 23 236 436 418 447 643 909 366 121 796 100 5 136 770 829 8 503 415 888 665 268 270 888 96 149 825 585 322 82 153 495 748 521 524 782 718 31 79 250 504 932 457 144 673 173 339 191 889 888 312 908 224 555 625 139 822 147 606 412 600 427 680 423 953 239 388 963 641 57 317 590 876 591 371 141 604 183 236 882 807 205 63 21 265 516 517 537 421 911 125 758 843 325 45 368 618 502 948 974 818 953 445 595 282 136 693 245 254 682 815 441 185 439 896 894 773 62 665 176 777 674 173 608 327 333 37 426 380 440 438 290 855 475 546 584 876 685 644 246 298 213 365 183 21 467 767 606 884 414 454 334 220 261 882 147 596 351 97 552 576 214 888 920 939 307 836 630 183 875 36 811 688 932 731 748 857 391 102 237 185 239 39 313 766 129 185 382 74 830 390 165 218 994 460 79 865 104 385 746 31 993 299 6 639 429 367 121 49 979 820 161 355 428 307 241 564 298 637 178 617 781 231 102 929 259 2 153 895 610 340 384 977 16 629 886 412 944 974 538 866 420 634 910 904 65 25 837 173 781 133 515 39 535 240 942 150 625 228 632 297 572 642 8 72 931 966 822 815 648 224 956 454 522 841 147 802 652 403 391 953 745 946 524 753 329 13 268 185 886 571 359 177 172 949 984 485 660 831 882 88 68 971 162 307 490 342 159 495 148 361 816 933 479 733 152 14 175 691 69 345 457 91 374 110 847 578 26 18 341 241 343 707 358 467 617 132 335 933 204 130 230 489 634 356 124 116 290 607 82 488 842 476 883 271 917 406 382 530 982 932 464 921 715 974 916 735 234 107 687 369 315 567 694 924 682 325 539 293 304 235 778 308 572 287 179 405 616 922 778 381 331 740 928 223 606 397 773 628 433 507 762 936 249 589 579 324 900 886 857 178 850 970 752 349 792 528 908 755 539 215 157 874 171 332 137 164 413 864 916 163 798 227 458 125 432 411 476 724 68 317 97 431 650 993 605 82 807 818 934 334 157 499 695 332 822 962 171 746 469 621 822 785 144 927 972 135 931 349 198 763 258 721 955 558 75 69 845 662 444 555 674 914 373 906 264 864 26 504 306 787 955 666 849 773 935 338 82 367 386 356 394 597 19 20 249 66 394 159 262 875 449 522 839 190 747 430 234 101 734 396 365 702 277 310 650 120 353 335 698 304 283 856 747 14 1
427
613 361 438 66 72 565 823 844 333 168 238 496 226 85 839 143 112 39 52 174 54 517 155 969 453 485 720 217 625 968 688 21 837 566 502 194 532 668 953 401 111 770 823 86 792 274 318 926 282 278 900 906 470 222 376 152 648 603 669 818 199 553 768 600 591 928 775 799 505 614 485 746 29 745 863 79 691 428 883 966 271 788 851 347 722 106 416 553 950 676 775 123 648 914 711 274 592 587 727 661 798 682 773 806 278 771 307 469 340 376 717 316 896 86 985 439 852 166 39 518 414 70 892 902 787 801 813 420 939 504 410 733 479 863 746 276 977 386 839 15 66 99 91 917 472 324 610 195 831 468 760 867 904 918 864 559 221 833 626 376 588 412 557 535 475 770 187 52 969 54 19 650 93 968 807 485 954 504 23 899 254 954 935 374 72 69 843 747 442 875 726 810 756 33 820 719 582 12 131 262 509 542 490 2 720 955 752 461 268 532 970 738 905 144 295 102 64 715 668 984 769 630 852 364 101 564 819 388 560 283 464 912 362 490 412 267 96 137 943 403 98 892 432 671 977 614 219 718 412 414 755 561 249 907 160 916 107 857 391 335 641 555 687 699 102 712 638 789 995 888 355 88 401 922 476 347 882 542 590 266 604 780 181 566 243 736 786 939 437 421 157 600 641 377 585 40 948 101 143 166 485 651 637 100 888 81 424 146 615 779 969 879 185 800 121 43 290 711 178 546 88 442 670 916 251 79 471 276 513 68 56 70 400 845 774 11 483 412 387 64 219 543 959 323 397 828 686 475 863 142 420 909 389 975 461 328 177 265 115 477 27 991 911 111 18 766 260 346 29 720 609 300 660 561 821 957 902 520 785 675 420 757 33 186 768 866 76 440 419 628 723 580 851 956 123 511 69 920 635 499 627 380 271 814 16 721 473 195 24 156 567 830 308 716 422 273 577 248 506 461 82 861 134 286 904 108 854
795
139 124 305 272 404 133 126 55 719 673 694 460 258 145 399 431 864 958 503 546 344 176 57 132 870 780 980 686 190 235 977 640 298 206 831 141 945 863 962 221 134 254 453 407 755 473 789 674 573 733 871 155 399 396 417 308 893 521 962 272 905 45 387 947 5 114 510 424 238 242 633 951 138 928 865 558 707 570 935 710 20 95 542 584 854 802 504 319 77 36 533 600 439 586 357 983 156 181 434 554 713 75 751 23 24 215 384 104 553 34 825 229 745 225 938 860 277 584 476 955 188 147 405 936 659 720 83 588 717 394 411 841 449 398 193 282 608 532 726 429 215 597 404 492 49 620 947 602 713 920 355 179 609 750 211 72 189 979 950 405 178 646 293 931 568 348 245 393 347 737 378 875 958 442 810 602 979 835 110 940 237 656 427 106 245 388 545 808 868 195 213 209 829 659 520 967 264 162 458 294 903 666 33 988 80 260 722 299 897 2 57 484 298 586 491 289 787 237 524 158 503 864 808 921 395 960 73 304 805 594 207 123 654 339 566 17 681 427 167 248 799 485 750 998 498 312 590 649 976 892 888 430 610 887 46 169 932 133 674 798 957 784 423 260 451 923 298 910 601 409 101 551 244 901 981 326 663 612 708 573 574 94 182 390 292 189 93 358 893 547 665 879 275 478 499 758 305 413 134 257 883 686 791 828 317 731 637 838 897 607 366 677 36 928 889 835 721 449 784 122 592 143 961 244 125 753 904 444 695 762 292 137 117 240 974 183 89 176 140 824 263 829 966 613 514 336 107 30 87 976 375 820 226 461 309 989 605 372 568 142 209 759 604 355 450 444 826 614 780 983 86 31 893 344 309 950 929 992 10 497 580 431 760 732 115 10 427 916 796 513 843 869 133 704 759 704 974 410 281 745 142 280 408 325 928 421 578 313 53 467 671 253 553 157 100 522 742 451 607 471 211 963 935 414 572 172 985 486 114 766 26 383 415 737 15 399 61 11 120 615 274 96 324 233 27 436 359 336 770 901 56 814 830 136 820 522 691 882 562 304 217 781 913 634 766 827 132 937 263 206 412 841 422 212 930 64 169 482 581 122 964 654 494 705 649 803 408 210 797 867 900 606 235 815 769 856 218 745 888 261 92 622 386 624 591 302 946 17 10 672 614 325 113 689 594 262 666 354 227 813 1 564 93 43 111 391 301 884 940 802 84 810 706 65 850 240 471 353 914 13 589 320 496 57 181 731 61 490 863 389 668 749 525 83 135 567 325 955 723 574 227 140 630 495 722 437 168 241 113 812 190 370 425 876 842 608 657 554 61 73 518 660 366 700 735 128 702 916 808 478 325 345 415 17 376 16 741 578 394 122 772 917 440 152 679 13 484 756 892 972 822 936 676 345 247 706 325 372 525 262 461 658 180 866 972 898 458 835 27 528 588 792 375 659 834 789 27 129 653 917 712 678 264 646 112 570 662 544 42 652 186 577 531 93 400 249 333 356 485 277 208 11 623 297 683 414 245 539 464 494 564 9 595 723 892 288 669 304 641 718 391 34 885 842 317 109 438 600 189 850 495 878 836 537 368 301 403 176 417 108 769 341 824 104 637 831 302 637 291 517 794 383 211 42 156 305 446 158 477 827 680 354 337 446 164 932 597 506 373 400 208 19 282 613 232 725 117 314 370 201 463 279 93 352 153 241 679 561 918 163 126 522 307 20 233 509 601 170 993 651 171 318 39 247 521 116 945 858 100 29 16 344 113 803 817 868 948 891 327 255 817 734 865 257 843 96 320 918 698 928 8 196 210 781 65
889
859 898 696 995 239 683 823 101 16 653 815 163 361 782 819 504 825 127 358 554 764 752 538 478 716 108 529 544 720 255 66 578 509 335 364 865 197 123 212 981 745 981 626 699 529 259 224 21 668 923 123 651 248 814 247 30 78 519 240 216 343 997 375 327 435 396 10 680 278 351 404 355 310 426 231 62 187 672 893 453 391 983 901 650 81 676 308 654 866 625 349 827 648 130 953 6 46 867 885 884 116 978 31 350 187 291 912 125 898 39 677 314 959 191 799 104 857 259 596 217 676 89 168 810 601 894 655 497 994 525 955 798 654 548 997 44 237 2 515 220 699 599 307 199 97 317 521 286 763 616 253 333 9 749 395 70 53 566 515 269 272 954 625 262 328 810 447 487 435 321 720 54 8 489 18 811 199 220 247 730 451 995 121 219 930 406 627 543 535 210 409 977 138 794 912 581 228 686 671 366 862 934 23 190 820 417 48 823 230 793 13 469 723 711 692 518 567 457 132 732 498 124 587 6 123 864 956 233 152 609 870 834 620 434 355 818 703 959 832 315 884 681 569 531 906 170 387 930 923 519 876 501 241 961 8 462 167 910 611 101 696 510 678 962 350 493 266 995 149 165 671 700 343 956 240 102 125 502 870 325 512 420 702 491 502 80 263 234 75 524 417 286 251 19 674 895 839 336 314 777 559 739 591 110 497 989 302 11 811 684 470 139 94 16 991 945 827 387 881 846 892 158 641 855 540 360 485 708 79 951 200 618 322 998 965 237 216 244 209 978 559 926 274 226 407 69 339 59 411 189 622 99 769 240 579 683 461 743 101 174 614 604 501 873 267 820 444 617 987 49 848 718 321 440 352 593 806 467 800 447 758 10 140 887 970 6 995 317 187 366 734 181 250 193 949 778 763 851 855 953 250 939 669 65 135 749 837 606 211 372 743 389 534 849 600 176 756 478 242 640 497 758 190 58 103 231 215 622 458 51 978 127 906 726 725 542 204 722 871 566 763 824 415 854 927 15 390 149 475 994 901 484 791 910 320 45 813 296 303 251 104 964 855 469 662 227 425 272 867 442 563 655 100 817 298 847 811 474 517 941 323 319 429 128 243 159 762 86 319 908 292 303 830 744 262 234 650 455 645 570 253 89 391 201 606 560 316 147 123 447 475 205 733 180 713 807 412 901 2 623 733 102 965 359 301 402 774 926 817 305 463 278 951 80 713 809 349 199 76 629 108 724 572 333 821 148 488 854 55 252 836 394 47 876 250 168 957 615 989 180 212 211 657 713 593 847 241 679 398 570 546 291 888 616 142 865 677 910 397 948 256 952 700 19 694 709 276 133 394 993 107 280 902 598 39 861 445 142 8 212 644 406 604 748 674 752 891 514 692 547 120 183 688 700 810 764 979 718 385 617 326 293 667 721 122 235 748 801 457 108 554 555 726 424 940 637 417 675 94 280 787 423 371 877 149 5 877 342 744 117 728 434 779 176 872 871 651 786 328 604 438 406 567 445 333 792 70 469 24 913 582 512 449 644 145 895 74 309 391 728 137 662 402 582 65 645 870 547 698 857 855 540 609 682 34 279 974 747 77 302 519 661 747 770 801 866 870 232 545 220 980 754 561 542 737 799 203 956 703 44 489 987 371 654 28 784 534 743 728 247 475 713 870 891 10 481 355 241 74 333 593 927 751 823 19 68 688 271 612 565 407 532 428 87 34 129 691 408 879 145 796 879 810 242 341 190 247 888 905 496 255 505 557 800 38 522 372 776 977 291 306 862 805 142 749 686 977 192 753 729 43 933 511 822 759 464 689 423 67 699 818 256 406 18 517 769 14 402 315 659 662 908 523 5 158 752 727 398 735 951 992 92 904 374 345 34 152 404 619 512 970 69 602 653 364 758 433 625 860 721 664 377 293 718 554 336 529 43 647 144 244 375 85 570 977 815 855 565 747 414 343 403 29 887 712 635 192 744 907 648 216 745 333 485 206 26 275 724 355 596 44 635 736 423 560 399 953 416 829
538
372 779 84 734 187 235 675 564 961 804 770 950 415 203 917 767 792 361 350 850 557 972 1000 372 99 703 609 204 437 207 238 930 725 96 753 301 550 14 998 90 892 26 966 797 712 517 80 141 697 832 326 942 189 617 587 927 26 802 709 725 926 128 650 840 804 687 738 600 106 145 200 166 268 364 157 324 541 726 393 549 670 223 493 604 211 821 868 295 554 870 718 672 299 169 679 521 238 932 206 732 205 23 393 345 521 259 249 250 239 416 915 435 429 236 826 40 93 17 551 984 611 941 249 9 679 250 610 709 155 31 177 293 818 902 942 153 133 474 281 366 471 898 294 713 881 788 633 212 755 629 280 518 784 871 525 218 40 22 109 432 181 440 991 131 588 70 450 245 308 700 452 569 415 91 176 446 965 704 512 257 602 34 992 633 636 174 939 282 599 554 844 717 436 282 10 206 1 906 421 306 769 329 191 158 891 366 855 333 150 558 535 150 754 635 399 138 195 61 230 162 193 521 680 903 54 262 182 684 713 449 811 645 839 995 226 69 388 151 771 208 15 878 767 45 394 874 28 824 82 391 847 18 47 333 575 723 848 337 660 604 130 441 457 373 680 382 758 628 359 915 271 777 400 417 869 991 967 432 160 915 482 277 982 304 645 572 338 330 452 764 688 224 958 3 537 482 252 217 235 484 383 874 295 669 708 134 847 903 514 264 397 527 407 352 585 425 580 196 647 677 5 740 153 814 976 962 434 258 162 409 467 584 213 42 860 723 399 514 504 795 313 677 375 548 396 993 323 568 659 590 55 164 621 574 544 548 457 865 364 493 84 79 354 889 441 908 600 573 12 970 48 983 277 336 263 380 308 741 604 314 186 346 557 734 46 847 725 376 806 858 776 219 598 299 896 591 828 770 899 1 577 504 674 970 509 178 569 189 939 159 979 780 908 78 628 250 157 759 717 780 272 70 416 803 909 737 240 499 851 740 252 56 677 604 525 895 973 784 694 822 485 73 32 881 444 966 579 81 849 420 302 802 547 584 205 288 118 268 565 44 623 573 201 696 596 127 442 26 333 700 327 259 371 413 742 158 964 357 563 36 523 454 390 792 492 372 526 702 617 559 22 694 770 240 861 771 85 783 657 743 62 230 921 445 831 782 148 852 936 345 369 106 19 434 314 650 97 37 686 423 330 251 602 590 480 470 678 193 717 933 353 196 321 723 111 517 325 409
917
667 744 659 217 326 414 325 89 536 486 344 422 641 747 524 906 356 303 618 695 753 751 590 417 298 250 162 170 253 590 829 535 197 980 759 597 44 473 175 921 4 20 379 458 277 954 873 953 937 113 952 230 77 30 280 427 770 138 491 887 756 8 19 498 671 916 766 116 785 163 76 271 190 180 147 672 502 448 138 128 420 894 490 373 418 733 625 995 117 547 538 542 365 156 370 906 51 459 993 34 426 181 330 64 909 220 397 265 16 206 606 703 674 803 371 907 169 538 949 38 39 993 842 102 471 782 853 247 144 482 469 568 700 49 596 693 402 205 570 100 195 854 552 916 913 736 19 580 31 192 231 223 913 729 124 95 690 475 264 974 994 748 690 510 569 603 274 918 125 581 723 12 725 620 606 866 457 39 299 5 328 528 909 876 948 868 516 974 308 526 187 793 694 323 736 949 210 748 859 35 994 890 85 727 904 636 454 393 31 775 871 665 773 200 536 813 347 785 869 352 870 715 951 649 43 429 401 904 45 607 99 617 559 731 352 428 380 656 760 156 796 531 955 130 71 217 152 239 263 648 186 674 297 900 781 815 667 505 835 662 816 692 957 548 860 354 56 421 749 416 721 740 890 639 268 684 900 917 739 97 520 516 509 247 794 789 840 728 664 264 481 350 105 953 944 639 76 505 643 205 186 599 99 101 795 85 17 651 549 112 116 536 406 128 589 757 746 179 539 668 833 146 819 261 313 394 910 544 194 471 532 879 258 16 735 450 70 334 777 306 385 203 120 411 708 724 421 389 978 591 469 846 60 457 836 173 488 911 850 307 959 865 634 304 786 616 242 677 717 174 406 119 698 435 230 497 673 654 885 788 165 457 285 416 694 856 90 969 840 805 567 148 841 769 232 750 612 974 704 431 284 57 849 48 673 149 325 151 304 856 728 352 549 594 593 136 946 934 438 21 148 589 10 556 40 94 668 299 615 10 912 295 756 802 456 630 327 90 948 341 255 756 284 554 86 529 418 374 738 409 602 533 483 582 863 1 375 192 892 308 70 702 357 35 883 16 928 78 515 553 11 511 511 806 950 142 636 574 798 19 113 460 905 856 749 738 763 114 726 248 658 882 755 365 673 467 450 565 123 902 313 949 484 835 857 605 207 742 104 567 980 548 951 584 846 83 810 659 910 675 962 421 601 264 128 824 327 721 184 121 413 391 833 809 87 78 435 526 65 267 363 171 141 131 49 844 294 892 881 10 515 569 590 928 696 230 629 475 70 264 307 870 154 845 553 591 443 822 521 387 700 418 850 175 544 41 1000 769 916 491 80 815 751 974 917 637 268 676 197 312 168 74 218 714 97 393 869 31 958 411 834 70 959 605 850 287 536 781 235 895 797 723 587 636 933 647 479 547 124 64 5 722 197 124 481 193 758 845 511 773 964 889 52 936 932 120 405 651 151 364 682 532 463 97 249 925 628 800 688 214 896 995 720 244 302 15 790 457 42 685 6 80 804 274 952 978 52 907 910 283 150 932 107 306 675 419 158 568 509 836 64 104 519 575 69 934 8 852 261 119 560 534 392 134 656 213 415 188 213 114 279 614 490 662 551 945 108 464 156 381 806 92 344 598 416 127 45 742 736 447 575 839 498 794 447 283 91 837 75 783 229 64 73 733 294 237 710 279 683 224 739 838 458 56 567 410 186 332 619 781 505 564 7 545 973 497 905 581 27 35 715 283 312 763 231 343 779 368 622 634 385 169 466 481 223 908 384 637 926 468 149 845 914 90 224 10 385 405 428 183 669 93 17 610 301 863 212 560 469 510 339 253 218 543 372 741 240 905 558 792 566 670 880 7 972 534 849 969 386 759 194 731 967 121 881 920 191 591 35 429 326 56 128 358 548 296 973 33 1 444 911 346 58 424 278 187 49 210 415 789 758 973 132 760 988 853 25 787 963 885 223 351 329 649 594 802 742 382 326 456 910 598 763 686 156 138 950 790 703 727 760 225 217 758 465 579 969 689 108 999 11 288 793 904 282 406 181 45 274 421 552 959 667 264 901 248 994 342 229 633 52 801 204 820 657 20 939
806
141 248 126 171 771 841 568 962 931 226 702 145 102 100 326 479 304 411 245 298 173 542 610 834 343 17 28 799 200 661 978 212 452 33 397 968 204 141 551 95 89 83 141 672 265 434 439 462 313 802 933 500 748 381 460 516 594 104 815 40 355 624 466 166 345 491 164 4 505 22 35 163 959 905 613 342 223 615 682 286 174 628 805 787 118 71 150 604 100 818 26 659 132 918 601 394 110 49 121 714 934 310 696 750 654 155 9 554 957 743 634 821 810 115 609 791 434 783 318 495 485 698 790 342 641 391 550 31 78 268 727 457 941 396 253 666 903 111 931 980 693 155 288 61 937 206 303 324 517 521 876 427 563 449 842 960 640 423 35 776 399 647 681 228 433 461 351 307 794 51 411 304 839 482 624 826 158 45 443 583 944 374 123 370 123 545 368 225 893 769 558 488 317 278 856 781 459 870 125 174 364 899 780 848 873 598 411 535 73 635 412 623 226 356 96 126 265 127 586 789 130 984 613 738 860 49 165 987 328 925 200 162 813 427 770 983 54 379 634 129 496 433 830 467 151 964 340 517 420 668 990 150 566 60 112 476 948 991 626 222 458 842 775 65 234 795 331 412 460 242 950 182 977 948 285 156 41 875 453 172 211 778 638 267 990 42 919 204 327 954 576 856 659 648 155 210 423 714 1000 9 538 310 126 872 482 972 479 958 188 626 859 711 805 215 804 94 332 677 797 502 912 312 446 851 698 734 730 665 765 300 965 304 756 474 846 402 149 579 838 400 142 952 383 910 176 883 60 123 293 440 153 552 983 630 596 594 938 255 566 324 548 640 884 827 797 496 842 822 716 773 955 72 355 673 839 74 324 134 958 766 519 35 73 120 906 383 270 171 137 800 50 357 231 337 168 94 263 734 583 264 84 361 539 604 295 176 607 233 458 708 714 539 706 920 751 103 91 780 618 317 102 586 912 446 228 896 184 746 908 155 218 119 618 705 696 102 242 221 778 197 981 657 154 276 371 443 806 307 232 103 7 11 42 180 242 615 311 273 558 354 7 784 732 429 60 836 489 411 484 477 552 219 851 318 684 1000 124 865 416 752 934 101 270 906 625 736 614 678 198 593 981 450 335 623 68 932 69 204 163 347 395 312 562 596 235 512 185 911 954 218 940 192 857 166 6 233 817 714 177 5 464 367 628 265 319 642 379 807 352 313 690 294 886 843 642 564 711 739 531 306 905 182 444 898 345 512 856 753 433 223 939 339 239 74 436 759 20 324 94 376 408 766 395 922 402 693 110 345 440 411 768 757 425 786 426 290 428 292 811 63 805 83 326 891 624 292 837 131 562 271 316 20 624 510 519 577 972 478 817 570 993 75 538 463 311 387 931 617 999 7 783 349 279 687 473 256 322 454 349 651 184 388 931 233 68 184 176 536 114 538 542 332 701 751 153 299 989 799 640 570 8 348 532 893 909 489 582 756 996 99 692 1 414 831 23 949 502 877 302 901 639 201 956 783 927 972 491 626 554 708 817 338 152 299 252 947 42 853 675 590 772 527 20 879 573 65 56 75 113 390 789 199 805 433 487 667 73 277 267 28 967 707 994 604 30 49 886 217 333 418 411 489 674 446 665 1000 560 592 654 535 643 604 438 648 61 714 181 217 280 234 649 613 752 184 218 887 701 982 929 851 923 498 159 684 492 893 315 222 677 929 254 992 480 596 755 371 886 505 29 245 48 286 287 849 443 422 785 869 532 210 232 996 871 636 489 985 65 832 469 141 579 354 27 930 614 267 994 952 430 596 817 991 256 580 138 327 203 475 864 534 155 214 656 219 706 294
153
197 820 524 236 500 640 866 223 577 712 105 663 976 196 563 992 840 781 742 491 215 656 255 262 961 614 429 125 248 553 635 881 310 134 416 909 617 385 962 343 352 908 961 319 993 718 768 448 673 380 512 666 330 378 429 377 594 958 504 702 486 855 707 212 673 336 857 857 546 165 13 587 832 920 267 84 88 513 914 64 8 123 882 171 130 762 502 53 536 271 234 347 21 726 397 141 910 51 981 74 176 760 699 620 155 119 463 954 178 724 399 527 40 17 946 93 38 736 103 3 897 257 219 477 29 267 609 252 250 228 381 84 638 501 232 406 460 222 686 846 88 856 735 232 265 861 350 909 528 21 907 245 16
663
863 794 470 909 402 440 155 607 84 791 183 702 491 906 991 857 80 302 759 122 536 514 747 639 257 250 433 121 230 866 841 131 500 443 356 644 890 246 924 733 829 94 523 233 187 623 188 734 526 999 66 152 395 77 975 519 984 175 246 941 744 865 713 437 388 6 941 644 133 569 350 175 644 111 905 306 511 687 469 348 962 545 512 560 838 277 777 697 451 97 68 408 326 960 989 741 306 620 870 197 667 872 39 947 289 379 86 628 236 57 446 105 79 715 88 606 21 517 811 382 727 162 935 805 967 263 407 773 327 255 596 851 663 401 143 192 746 234 753 298 316 917 383 512 48 304 984 223 307 259 713 142 925 119 557 483 875 874 491 934 293 839 879 317 260 645 482 116 158 278 171 288 189 433 358 930 685 136 559 988 823 917 135 101 842 509 292 625 554 127 56 275 332 317 590 629 676 929 617 440 435 300 873 284 508 143 678 345 477 882 135 448 466 137 147 572 438 922 999 258 217 202 649 992 226 773 713 609 470 831 280 962 506 956 890 37 11 874 927 323 88 892 2 28 775 345 625 644 367 60 423 522 673 729 466 922 218 735 282 807 929 140 277 947 680 226 23 175 930 675 840 938 959 580 379 986 764 310 453 766 611 438 359 359 437 871 942 124 102 545 544 961 194 182 667 528 126 555 535 770 50 45 550 417 133 418 832 114 586 299 921 463 661 365 691 188 693 491 466 18 768 745 777 911 326 411 394 243 882 756 450 452 793 928 756 666 558 898 278 685 835 28 526 91 307 568 352 455 280 32 91 584 898 633 700 925 290 749 398 374 816 387 709 815 891 597 61 32 673 606 443 708 745 572 502 204 174 911 425 286 86 952 98 98 497 206 675 99 529 752 897 358 754 798 931 196 689 271 622 599 528 86 102 532 83 103 441 119 922 45 883 700 475 381 694 360 228 85 457 307 58 618 781 971 936 123 133 98 442 587 197 621 977 610 379 822 421 845 847 341 813 573 803 761 788 549 511 154 648 107 7 387 31 233 76 394 112 472 245 711 976 636 221 531 132 30 379 605 315 34 340 35 47 559 110 811 250 275 663 986 37 165 240 722 142 608 240 908 184 209 758 513 402 194 623 333 728 855 587 727 298 647 344 726 752 815 367 640 68 221 905 854 696 160 673 511 492 756 922 481 69 208 140 820 331 516 978 516 746 925 594 377 904 965 372 721 791 799 954 690 779 797 88 374 944 66 208 426 254 810 702 980 323 690 186 707 987 609 948 412 37 289 857 421 247 456 394 746 431 53 664 575 765 552 352 909 182 582 816 305 236 636 384 719 129 78 508 795 779 407 146 570 257 574 701 31 549 651 925 883 233 147 601 531 614 886 43 560 481 613 433 446 439 83 90 206 430 745 214 775 867 897 845 644 21 956 545 497 120 601 842 221 486 270 660 674 239 577 3 132 8 619 669 449 417 68 785 788 6 872 362 444 453 583 825 717 359 252 342 559 475 940 131
301
657 809 57 15 840 851 411 719 99 693 347 497 63 254 218 361 286 403 784 626 453 473 679 691 534 377 532 84 192 530 775 85 992 435 234 703 820 997 905 144 547 208 977 604 832 279 974 22 781 489 831 864 794 732 926 953 246 116 390 409 735 312 450 424 569 443 198 893 512 350 215 179 709 778 249 527 905 3 800 502 109 206 837 349 307 441 351 619 36 221 898 711 768 897 134 88 111 921 824 715 735 630 750 48 970 206 515 976 137 492 512 297 367 168 586 795 147 172 143 498 518 458 669 465 984 638 415 644 594 905 291 403 574 687 226 726 14 17 763 229 743 439 279 841 565 47 455 797 577 809 327 464 249 771 192 795 872 685 205 685 344 469 167 691 734 798 644 208 286 453 789 621 732 141 927 936 877 51 800 884 283 148 740 800 391 128 669 377 190 575 358 116 221 617 464 95 454 156 261 199 229 310 705 13 9 831 26 780 308 454 114 207 459 733 341 326 279 331 577 950 548 907 895 740 600 555 332 139 659 722 240 52 702 233 143 194 1000 556 622 483 62 148 205 155 620 109 796 562 361 288 716 5 543 726 654 981 94 536 577 388 489 125 253 353 759 547 638 872 644 253 615 919 871 590 800 216 939 928 189 705 494 745 921 368 792 344 321 412 435 255 212 305 206 869 322 154 383 201 804 475 785
692
430 581 309 744 567 999 747 801 929 895 888 905 716 891 368 965 698 896 421 70 955 184 362 996 44 750 926 836 909 299 776 876 917 211 452 395 353 881 847 177 484 967 444 637 843 708 351 961 82 753 775 125 164 161 76 243 273 961 515 409 607 395 489 139 880 979 91 83 411 772 402 883 692 508 16 647 627 921 429 900 702 772 214 4 782 87 270 236 800 950 426 399 696 119 634 693 130 653 184 690 753 640 490 408 774 700 524 720 626 440 915 118 387 151 601 998 299 199 428 853 411 503 6 697 615 136 359 834 737 128 224 232 86 566 215 216 86 413 801 612 306 99 308 315 819 772 633 730 12 826 740 516 192 618 939 338 679 54 385 427 249 488 794 48 643 467 175 134 791 502 319 752 493 941 745 385 996 259 849 314 97 580 337 69 177 641 997 664 161 730 510 793 412 31 965 854 485 592 610 374 217 349 596 241 2 969 116 820 829 667 101 840 542 67 982 243 515 3 442 532 799 794 366 416 584 578 927 625 266 721 239 486 401 289 391 986 354 777 328 612 78 898 663 743 214 774 464 382 406 110 585 534 916 832 105 551 578 38 102 813 615 779 877 756 564 715 84 430 674 309 901 621 688 907 516 862 231 53 189 41 686 41 31 217 703 255 731 716 883 358 808 428 682 185 342 989 780 238 326 802 331 524 516 735 996 136 487 999 510 156 859 315 30 62 513 399 314 630 642 448 293 833 425 529 691 959 297 811 337 478 747 491 981 117 589 416 616 625 397 62 291 795 137 481 771 75 598 268 991 138 560 131 543 233 939 109 692 389 553 486 331 155 509 56 513 276 620 427 525 845 228 562 865 278 50 171 799 562 459 666 415 826 149 579 433 376 302 91 105 282 221 287 114 64 273 389 650 527 224 245 575 982 162 483 358 659 378 13 45 319 398 805 611 171 98 436 13 833 234 692 669 370 840 965 267 586 872 124 876 912 391 287 657 150 778 953 532 973 809 488 858 941 812 602 955 267 138 469 381 350 704 435 812 455 13 468 126 121 66 348 66 584 805 149 238 542 91 762 610 451 542 340 908 881 454 289 489 403 575 457 862 275 954 857 251 53 178 492 573 83 787 195 53 802 310 287 716 229 523 971 626 443 989 514 308 375 958 211 690 276 817 147 553 891 602 327 855 711 536 196 660 253 115 816 473 953 942 201 914 336 982 251 481 817 48 486 609 1 991 516 242 751 497 833 789 805 66 959 342 598 929 884 779 267 546 155 634 318 290 920 380 279 146 591 614 592 880 10 686 37 229 736 147 546 883 187 820 675 770 474 610 46 5 283 971 600 612 386 589 26 224 503 337 405 62 732 19 45 331 375 283 650 36 993 384 928 516 4 517 626 458 580 390 252 655 681 638 476 275 193 453 73 775 257 170 106 375 550 146 212 977 415 226 22 954 226 28 686 542 148 336 477 276 75 657 462 965 604 254 493 658 233 559 87 875 316 154 714 301 217 735 220 928 578 578 525 769 582 406 622 186 712 146 106 627 485 528 717 487 320 662 198 129 903 490 256 104 190 920 672 578 989
238
886 974 257 353 415 549 777 277 927 693 696 500 90 543 749 18 767 540 469 102 3 620 285 253 968 551 590 779 337 475 357 81 425 683 250 361 910 258 782 938 249 373 487 719 513 218 499 900 728 212 11 266 486 222 358 30 538 94 349 70 360 235 5 142 5 84 399 557 932 772 575 19 458 94 490 134 647 629 586 743 784 659 137 144 279 7 65 666 736 978 79 637 563 802 576 593 84 678 868 308 200 646 646 153 464 255 319 6 336 259 926 83 835 333 249 975 59 858 664 447 416 635 66 314 561 835 975 817 619 721 1 87 438 55 239 763 460 332 601 618 229 25 179 714 685 234 911 270 612 60 747 215 427 539 965 793 484 328 375 69 600 1000 476 441 492 351 561 283 303 836 45 639 818 243 868 477 366 405 555 336 401 419 401 32 91 736 907 544 366 271 208 576 527 525 322 804 440 16 365 45 523 659 192 94 757 169 81 234 154 148 295 553 437 443 577 563 382 109 177 187 13 833 955 689 395 942 765 382 967 931 273 469 193 104 413 736 614 819
361
577 148 780 94 123 559 633 291 43 303 238 501 537 975 805 150 473 207 337 284 909 108 523 671 546 700 661 213 504 864 12 799 949 156 335 49 815 672 499 560 559 282 174 247 212 103 268 203 99 717 619 571 494 937 995 115 60 306 804 162 41 239 684 285 752 454 393 35 364 273 866 230 348 934 618 35 82 151 261 659 581 782 717 788 96 539 826 96 746 99 284 287 350 556 875 671 355 642 947 61 223 610 138 670 658 227 421 767 96 651 285 611 157 246 555 385 376 279 228 95 526 280 200 361 226 467 64 686 834 430 968 967 613 2 246 632 388 170 523 451 120 490 874 724 659 847 250 37 873 207 748 270 323 9 438 493 442 137 324 919 299 774 569 73 462 417 80 235 835 134 759 216 313 569 844 219 501 650 503 947 596 86 576 626 88 480 911 90 125 563 714 766 860 38 210 177 831 174 260 740 851 647 816 625 96 411 56 171 478 947 91 249 172 877 322 73 852 909 11 716 532 760 787 916 378 802 642 106 250 280 248 211 284 942 258 852 26 437 748 253 492 990 183 582 175 542 846 531 621 865 187 644 908 89 689 146 149 499 996 69 131 160 818 145 64 231 575 480 503 711 397 417 408 48 919 106 634 507 17 112 547 225 13 579 597 688 993 66 726 496 588 247 65 505 735 837 831 412 841 938 132 733 246 496 911 425 881 604 804 93 224 818 702 526 953 160 365 638 233 335 93 709 596 960 563 621 318 149 387 605 627 450 200 396 849 976 881 873 656 111 275 708 226 809 422 531 367 749 326 356 326 505 225 128 755 853 303 136 357 269 619
576
791 101 268 403 401 574 973 703 120 461 28 526 277 229 140 606 901 725 25 316 106 875 14 958 487 803 869 68 102 140 794 453 3 51 553 442 265 652 453 786 223 114 768 294 923 356 355 564 450 803 775 664 751 58 288 472 98 15 959 717 382 779 784 178 858 717 852 134 68 362 183 723 134 65 360 804 471 884 374 764 702 373 574 698 831 171 663 140 45 953 841 347 744 182 668 265 146 128 791 757 415 549 826 576 601 495 366 755 924 803 134 537 134 721 906 293 824 82 86 303 945 759 82 741 36 302 201 195 509 66 674 127 590 454 128 667 74 167 522 243 343 658 235 734 228 258 850 112 446 912 143 753 90 933 891 141 791 893 904 326 654 481 13 416 446 435 813 202 786 230 963 704 407 81 520 993 749 856 807 579 467 416 652 395 118 191 502 536 570 729 290 10 391 639 305 374 633 833 414 725 278 411 121 638 421 649 454 823 973 358 489 734 650 59 208 379 689 919 44 52 870 579 518 717 56 274 387 30 793 917 844 819 851 639 894 116 177 354 474 871 87 244 849 858 540 906 429 212 670 632 280 139 521 930 377 7 340 926 575 356 423 254 340 669 899 89 863 893 347 876 3 8 10 908 588 553 928 790 295 243 508 823 951 764 579 558 605 721 363 946 482 298 434 970 638 41 962 840 225 886 540 903 909 324 846 47 46 976 764 725 335 366 385 48 753 962 711 833 597 112 945 555 190 305 47 631 954 418 270 768 775 234 845 823 63 71 644 751 958 428 239 833 926 632 854 46 350 284 553 311 286 800 241 997 163 144 721 705 467 991 814 727 977 372 873 804 818 483 384 533 787 673 219 892 993 598 801 816 477 670 369 358 504 6 693 120 53 147 627 810 107 555 336 59 979 177 445 732 125 571 980 713 473 839 568 270 292 327 837 897 698 757 873 266 669 389 718 5 410 214 434 689 831 889 389 691 649 386 222 897 805 274 796 93 235 726 812 355 139 298 406 255 274 79 325 883 883 854 589 98 775 833 362 369 313 878 538 351 488 178 978 748 227 879 769 863 275 533 510 193 111 985 994 360 833 828 959 605 461 687 655 653 300 360 614 262 74 101 600 973 951 195 744 517 988 160 139 604 12 824 751 907 3 560 257 318 246 67 890 355 418 98 588 919 306 136 469 1000 103 727 600 787 756 165 902 446 676 170 884 520 250 512 462 575 401 157 719 589 88 530 146 783 341 171 596 385 352 389 251 204 811 682 65 417 88 65 604 65 925 757 267 469 371 971 675 527 809 143 215 283 684 178 291 900 644 981
441
289 471 187 755 538 168 395 371 113 494 877 247 288 889 23 384 200 430 714 270 720 486 173 497 690 635 725 129 277 379 634 550 995 238 464 962 937 318 175 137 125 887 976 282 111 618 379 322 730 836 783 308 178 377 753 300 124 841 40 955 919 992 22 524 155 94 940 619 462 782 710 62 638 838 689 729 623 3 355 638 390 914 372 984 466 133 83 458 647 549 955 285 201 601 346 31 783 122 238 372 487 342 313 766 12 987 608 207 696 734 113 329 207 46 759 32 857 506 471 31 458 286 118 934 359 268 707 460 763 98 727 538 520 418 386 547 438 118 292 729 524 850 566 36 228 443 501 553 610 752 489 330 43 239 282 1000 42 347 802 95 95 285 618 892 44 543 232 795 272 428 680 950 106 515 442 827 481 296 659 564 536 576 224 807 604 39 969 648 600 614 84 333 392 232 837 377 876 534 534 90 685 11 758 943 808 505 401 702 393 692 39 577 631 956 807 245 222 43 794 93 894 183 74 802 760 269 449 906 120 404 151 438 711 467 674 176 795 338 680 714 519 274 852 849 360 392 432 705 8 665 967 80 173 613 272 956 197 311 749 697 113 397 487 578 335 90 878 931 567 162 760 662 586 746 276 776 464 85 156 113 463 44 137 968 366 553 994 805 612 205 242 945 263 858 126 929 640 130 141 24 782 710 896 186 302 131 521 604 410 504 857 495 476 777 214 763 659 602 204 181 174 394 392 568 388 594 450 36 909 468 278 153 721 717 662 517 331 122 729 679 850 491 74 867 539 331 390 372 897 244 824 708 579 683 1000 437 912 392 588 401 492 663 156 189 108 149 592 666 360 830 589 195 741 439 370 943 521 807 624 437 966 655 817 302 944 690 740 909 759 600 591 982 854 57 167 768 184 254 224 909 554 6 646 688 538 926 425 129 72 745 522 933 948 440 315 511 899 472 853 292 725 152 440 261 776 383 504 531 859 778 84 753 539 726 989 951 439 106 9 209 944
625
218 310 957 991 729 218 279 799 667 498 77 754 327 445 360 26 860 949 391 149 812 172 459 703 923 688 566 836 198 786 875 351 415 612 108 606 138 473 444 631 535 232 787 921 222 338 102 308 285 945 719 614 760 222 50 306 98 491 371 646 318 233 37 11 767 932 291 972 97 314 455 891 764 417 757 597 272 99 359 734 671 47 387 149 567 711 330 878 384 378 816 394 276 22 730 417 312 770 234 939 303 693 357 887 790 789 709 765 740 110 735 167 329 162 424 96 858 293 288 478 672 768 783 111 348 186 418 776 891 739 630 178 290 490 223 8 148 89 748 561 607 426 38 175 687 301 222 853 435 212 142 43 451 466 107 672 434 699 438 636 366 436 864 730 819 620 662 75 765 828 612 414 610 279 391 175 143 610 831 449 539 850 859 199 919 822 642 969 971 13 749 384 342 638 187 797 6 875 404 685 454 74 838 421 282 893 82 436 41 107 703 398 273 245 90 472 781 784 872 783 614 220 617 680 189 362 732 271 284 305 406 467 555 424 708 691 104 460 396 65 495 499 65 90 658 343 400 399 304 490 323 529 701 395 453 825 221 686 672 386 45 338 865 950 29 82 616 290 690 615 854 939 395 672 30 252 832 72 143 847 7 622 21 208 453 585 494 976 155 943 225 316 469 179 23 525 893 665 250 95 802 512 256 4 618 159 274 199 107 596 684 157 704 931 273 981 780 441 217 621 386 336 918 143 776 620 701 313 707 913 783 311 471 637 818 496 845 409 465 701 849 199 824 255 29 542 78 927 598 131 396 422 210 871 818 744 62 121 302 987 720 138 832 951 654 676 340 459 99 852 438 39 675 958 613 281 260 933 428 274 68 257 374 311 520 253 757 810 665 689 573 493 667 677 369 414 302 813 974 494 714 87 683 79 161 169 520 641 471 350 663 220 798 952 279 330 879 644 983 895 642 378 824 404 545 925 583 313 27 396 556 492 998 867 16 552 273 190 991 278 903 849 853 595 846 821 725 320 772 525 7 436 954 317 162 181 21 569 762 20 560 130 559 931 297 996 6 542 995 379 454 197 536 949 332 697 478 161 50 72 910 764 710 704 365 503 114 928 17 631 995 214 306 364 415 462 267 357 240 120 295 17 435 996 458 938 910 726 49 956 440 119 185 127 924 9 64 669 347 833 796 906 212 286 73 946 863 39 952 618 736 961 115 437 436 565 107 703 573 44 446 576 127 684 762 320 536 192 206 409 505 57 188 122 977 306 504 994 701 298 710 161 125 509 59 789 427 922 131 47 800 354 610 32 845 797 549 7 165 221 872 638 296 362 430 270 309 831 101 576 987 730 654 995 98 438 605 701 84 784 161 622 206 173 480 94 662 139 778 846 734 105 676 547 587 219 685 185 659 901 733 332 320 724 775
686
177 464 669 621 607 404 850 745 542 521 879 344 518 595 536 89 927 404 898 238 1000 679 207 250 560 839 27 472 339 423 943 136 924 867 551 878 932 963 739 997 47 408 114 946 281 670 563 212 988 168 955 374 85 658 327 652 846 620 216 146 996 786 430 307 980 97 202 545 580 964 963 896 862 399 619 526 40 225 340 116 845 229 500 613 52 630 787 739 816 831 528 677 761 294 763 585 195 300 148 852 679 684 934 197 407 777 53 468 635 273 700 138 546 81 184 957 122 586 657 77 326 197 481 79 145 703 785 136 211 361 695 750 49 419 198 588 919 357 675 566 456 79 401 83 241 948 63 53 307 169 633 592 483 565 49 624 786 524 904 567 244 380 44 271 20 143 354 757 717 362 205 128 695 230 898 439 216 863 778 495 763 981 836 16 671 552 401 522 368 947 594 201 117 500 994 810 670 608 621 786 543 496 860 200 695 420 563 285 617 103 733 344 735 567 348 161 386 736 381 56 660 334 758 575 95 307 383 213 631 256 384 564 769 289 20 883 274 490 630 652 38 523 299 722 259 837 561 13 488 661 814 943 953 447 739 417 620 840 37 991 830 170 314 252 154 46 58 873 775 181 74 391 663 232 86 845 865 423 970 629 485 27 775 408 488 892 450 831 508 651 342 78 9 712 837 485 38 395 917 893 217 316 74 294 652 145 101 140 709 240 794 808 592 736 719 444 684 630 651 172 510 358 533 51 997 177 539 845 5 519 182 25 930 259 972 772 347 799 10 387 555 704 636 713 803 149 693 593 625 566 343 924 473 484 323 415 470 671 715 502 325 711 279 960 7 453 174 99 558 190 629 732 777 933 930 949 355 568 924 348 573 866 395 89 611 544 411 526 296 171 660 58 499 256 691 919 151 812 641 900 817 55 282 873 877 853 997 265 574 900 219 530 441 607 207 493 1 782 162 306 819 21 344 176 891 491 905 765 175 53 631 904 562 246 301 378 518 234 935 77 427 582 921 462 851 990 204 180 733 281 309 267 676 931 740 868 414 86 638 530 676 479 570 659 498 829 647 818 520 77 969 368 623 80 1000 529 260 710 95 530 72 697 915 975 245 939 750 965 189 817 36 961 515 272 270 368 838 872 926 548 141 559 222 439 167 945 57 639 994 528 686 159 458 704 513 841 228 266 864 515 540 242 949 47 353 570 270 215 325 230 562 194 367 738 685 250 102 609 529 418 181 47 618 454 774 625 38 467 610 179 983 614 821 550 73 361 113 965 133 628 635 28 254 74 188 576 706 375 857 897 584 475 220 646 146 287 775 266 826 915 80 183 208 719 704 718 723 759 372 980 534 694 414 908 879 355 70 986 562 144 59 439 491 672 794 322 930 760 798 697 338 949 260 417 585 239 736 53 318 947 5 47 315 67 276 942 902 693 301 656 161 683 933 898 14 823 393 353 725 237 751 582 966 263 263 669 768 437 163 321 308 914 331 201 141 931 989 213 893 217 179 932 151 296 256 920 332 416 27 131 156 415 134 20 233 303 405 400 523 731 489 209 998 856 380 654
41
885 819 826 410 334 893 152 593 210 376 239 694 683 582 37 795 868 695 914 228 567 317 519 376 817 645 576 13 862 414 155 337 4 285 351 425 783 279 610 785 247
210
709 708 531 433 490 309 389 823 479 316 490 538 621 510 855 18 465 60 244 948 814 666 205 818 139 173 731 514 647 814 14 25 956 502 13 748 501 39 127 909 514 349 856 794 269 77 343 300 887 83 496 729 862 135 368 846 791 979 430 251 60 495 911 271 310 588 172 486 270 910 704 228 97 936 261 272 790 170 750 988 898 497 301 293 213 619 158 385 482 980 518 192 953 300 26 626 169 10 671 748 788 745 356 756 896 305 607 319 553 706 545 427 865 774 179 170 973 208 513 525 407 717 390 214 447 825 43 282 263 503 498 753 216 19 803 482 17 562 965 145 918 481 50 100 324 985 215 731 742 556 1000 596 266 743 946 273 804 771 323 545 742 135 447 539 4 439 356 324 494 799 111 402 190 139 525 74 582 666 89 268 557 878 183 104 917 275 783 928 380 472 130 485 85 547 287 801 150 911 293 222 712 920 112 98 793 766 15 512 671 93
164
957 200 331 763 730 784 110 62 779 596 972 663 692 802 759 222 103 741 475 803 596 193 673 766 328 897 371 904 792 262 177 268 619 870 907 305 744 978 303 343 70 384 919 584 957 100 222 366 792 993 471 941 756 278 581 406 236 34 93 394 554 481 271 241 830 55 614 1 858 782 661 187 479 497 63 344 481 485 176 881 120 768 680 924 329 376 748 124 230 116 887 491 381 878 257 122 550 68 609 803 876 374 69 119 526 923 853 632 211 122 229 101 13 842 162 835 977 724 411 996 591 24 895 512 39 817 18 623 327 285 663 679 41 128 322 88 880 630 489 362 622 304 397 833 148 746 330 410 795 887 210 952 411 144 959 290 824 758 15 4 291 718 840 198
401
877 978 99 676 187 333 49 562 687 938 74 497 381 802 406 793 848 183 13 857 191 89 173 546 354 41 700 709 642 400 550 517 505 708 638 639 720 418 715 197 882 867 100 365 799 431 531 542 791 673 613 720 787 683 732 937 603 593 352 423 854 534 856 964 464 595 485 312 489 726 715 739 347 767 46 400 945 577 93 69 503 234 363 565 192 644 896 205 784 925 261 468 774 482 207 905 518 868 478 895 968 457 910 649 628 152 678 822 416 6 790 316 482 934 899 33 721 502 542 116 788 382 159 936 570 803 198 302 565 562 368 355 341 623 990 350 14 117 187 975 671 678 626 685 369 294 408 639 196 314 284 668 651 292 671 805 45 565 831 24 918 836 360 117 694 232 26 265 343 475 408 861 323 502 778 668 355 1 789 560 692 379 164 112 523 418 601 249 524 542 457 174 413 975 357 562 831 629 666 370 974 687 673 700 569 783 14 451 63 471 676 131 625 195 448 568 125 780 73 688 233 960 24 226 326 605 49 327 886 53 134 976 327 676 651 697 730 864 330 410 218 539 373 467 359 455 113 99 700 6 443 16 360 138 695 940 587 51 336 794 657 684 170 406 550 136 206 804 454 909 970 994 442 60 153 973 759 486 780 170 319 63 845 314 723 755 533 176 609 911 510 780 319 127 271 787 675 809 626 139 355 94 251 96 192 604 58 151 620 408 923 621 776 141 845 97 808 865 112 831 719 489 469 204 904 926 691 302 601 301 836 973 245 486 117 301 949 845 251 3 894 11 207 914 849 224 943 874 693 948 528 866 71 721 935 919 580 100 910 727 428 972 864 994 356 454 215 736 327 640 936 442 183 759 106 880 916 34 946 770 989 933 469 105 739 736 213 871 2 858 880 922 911 185 48 371 508 93 556 147 688
165
491 251 679 79 820 229 896 637 543 818 219 127 122 154 881 988 595 712 322 352 10 123 486 745 935 788 573 115 293 446 479 409 845 617 45 737 782 53 297 210 192 939 386 728 828 328 338 565 713 774 748 72 973 263 633 987 633 634 889 745 16 121 876 555 982 433 764 548 156 974 586 951 402 918 314 158 267 765 425 187 725 713 460 112 940 501 274 330 831 624 521 588 716 885 997 613 334 237 964 24 83 851 353 421 350 971 391 915 727 376 715 797 833 204 845 200 222 699 281 97 472 592 869 617 397 733 489 467 41 55 420 359 959 95 761 945 1 807 618 435 191 742 923 764 964 877 118 994 133 450 929 373 261 763 511 157 261 576 968 367 689 664 70 682 143
419
85 919 661 800 271 701 943 415 579 218 555 492 140 13 118 472 375 972 58 325 64 847 770 909 785 127 551 55 984 666 131 35 325 911 714 85 459 526 872 776 819 599 309 763 663 324 488 96 670 978 598 11 521 647 779 877 257 856 912 761 727 616 300 624 570 40 230 539 960 942 505 901 241 757 835 622 791 581 860 898 221 484 826 697 26 544 309 806 298 649 380 789 846 239 837 800 159 360 877 717 498 809 761 581 676 430 223 382 73 596 870 287 208 260 83 486 251 571 230 102 139 727 920 855 180 875 458 9 566 278 734 236 447 684 662 62 851 18 721 532 171 395 747 135 772 465 557 566 434 819 587 204 36 32 720 989 145 651 496 232 571 101 606 609 420 77 944 562 62 932 559 113 902 246 352 502 96 815 92 320 586 331 112 465 391 113 125 599 830 50 329 301 718 65 417 38 93 296 218 780 225 490 734 808 739 885 183 192 920 40 24 725 804 974 901 628 673 249 724 860 28 147 105 95 431 765 656 340 865 99 136 523 860 438 573 746 298 31 426 176 393 23 658 571 723 737 574 441 711 3 197 692 582 719 588 877 396 898 528 247 206 289 545 291 554 709 775 894 739 330 66 857 904 522 650 244 38 765 678 814 473 564 587 253 589 920 33 851 648 65 170 629 864 397 192 109 947 921 239 507 551 695 847 349 923 879 129 623 345 901 882 144 960 476 734 462 786 799 598 925 361 352 365 156 179 890 392 619 35 929 345 698 820 111 185 651 82 829 48 433 546 198 958 101 470 385 434 263 330 793 499 21 48 460 595 623 751 201 398 275 695 362 637 414 558 459 375 753 682 915 60 585 454 245 787 533 835 714 182 417 419 151 90 207 151 811 549 773 761 40 241 924 324 170 217 22 767 689 758 947 637 321 288 808 165 962 500 914 684 548 293 391 806 362 794 151 77 236 247
211
941 67 854 158 923 40 143 521 844 748 346 693 886 164 868 764 148 45 346 349 967 800 989 991 33 375 280 692 203 485 405 640 237 656 535 201 191 730 541 910 857 147 790 233 122 268 667 325 339 667 974 138 10 960 647 617 426 54 752 225 344 562 116 432 176 130 317 916 604 5 664 561 413 481 838 148 449 704 27 378 68 703 390 262 472 611 961 588 871 226 369 762 967 144 463 426 883 477 603 726 340 83 356 296 618 936 290 642 207 40 982 432 111 153 608 167 372 624 540 370 254 862 619 595 328 410 118 498 799 86 337 708 770 122 905 367 473 745 814 474 647 495 419 893 30 794 527 173 314 66 701 915 126 739 343 491 479 880 639 878 101 839 576 35 455 369 153 523 202 552 718 33 941 139 783 930 891 484 109 534 164 133 698 826 658 263 766 787 17 362 209 1000 323 892 654 239 414 647 698 21 273 231 980 870 944 282 684 224 335 419 529
195
821 20 897 314 418 678 92 638 990 747 110 560 877 34 384 121 769 176 193 481 670 325 327 992 938 942 765 930 794 122 475 285 590 829 12 706 73 976 992 579 329 875 631 116 539 551 265 239 63 867 198 771 148 942 988 588 203 411 683 214 345 483 537 575 40 141 770 964 999 375 768 563 33 348 645 327 219 535 66 314 604 49 710 804 452 389 49 258 296 176 452 198 327 267 625 464 407 707 781 195 332 129 23 203 574 558 161 17 515 644 271 86 176 753 739 56 964 322 290 745 747 488 634 325 809 75 504 210 716 721 711 963 563 82 821 712 389 811 12 920 877 817 818 366 587 777 364 473 155 347 392 161 459 404 609 71 257 44 549 79 642 528 340 163 216 895 169 667 24 31 833 799 294 879 182 357 819 782 829 962 881 374 386 527 531 671 480 573 101 578 65 958 472 37 380
390
527 611 324 732 544 752 481 633 149 287 833 279 382 851 361 906 629 771 721 914 659 691 556 460 259 936 918 722 580 134 280 69 84 506 655 672 523 691 948 603 148 962 850 68 251 811 236 761 282 342 227 318 604 956 72 321 945 62 924 355 93 54 806 902 533 279 866 287 217 793 166 35 370 934 972 439 131 605 750 101 857 596 945 112 290 149 547 240 973 602 851 87 341 966 21 532 525 825 999 126 707 742 837 520 387 473 452 638 827 863 587 70 964 795 704 658 301 356 356 738 972 69 415 850 742 368 849 236 877 355 762 820 384 171 155 105 749 34 909 351 494 380 222 34 533 643 485 796 350 330 34 585 633 798 334 964 547 857 615 419 825 431 209 828 507 82 287 27 501 935 864 602 405 127 615 945 769 300 524 602 664 17 602 176 972 712 967 961 429 792 178 151 261 785 212 657 488 14 988 319 354 410 38 258 191 58 425 765 408 157 726 309 973 218 857 766 297 878 279 31 584 913 161 103 555 276 119 448 896 73 429 41 218 53 410 474 485 895 680 304 29 1000 627 157 229 36 452 989 170 236 940 527 736 228 961 436 97 883 632 220 336 472 350 760 137 175 753 385 537 850 469 792 705 292 294 270 882 891 524 870 343 387 554 910 857 199 670 981 920 752 954 417 580 457 933 472 47 474 243 103 74 575 219 356 792 279 654 434 826 175 6 814 789 715 864 783 628 216 63 214 209 370 408 883 312 271 65 752 236 825 81 618 176 428 283 86 569 842 242 879 640 51 364 307 452 116 677 486 267 285 404 765 976 647 658 973 284 42 28 574 1 618 251 425 230 454 959 871 574 653 644 510 52 177 422 930 577 907 93 394 347 802 124 865 582 424 188 332 667 778
883
983 690 617 129 91 125 139 426 801 822 403 502 179 200 753 235 486 900 973 21 477 210 158 864 394 724 467 575 622 214 504 878 736 643 690 444 580 420 773 19 599 958 404 625 275 469 13 159 127 267 255 30 669 903 509 203 726 4 756 233 786 141 316 94 796 332 923 150 40 235 425 556 935 863 674 81 775 170 481 802 373 894 234 684 719 670 515 6 626 21 788 174 813 853 313 244 898 404 393 682 489 951 455 820 121 7 865 286 94 141 234 214 985 70 267 803 977 82 293 818 867 670 168 50 894 614 46 295 709 923 957 568 478 453 504 132 472 728 719 265 231 207 423 168 201 920 736 721 799 721 345 12 633 468 71 902 468 829 752 119 697 434 455 786 921 509 111 659 817 286 71 579 833 918 487 698 420 554 899 911 545 345 233 205 212 309 644 320 512 501 379 30 432 396 255 279 328 827 338 620 67 967 523 65 2 833 116 422 30 30 90 669 438 507 940 624 638 284 746 40 8 936 526 433 295 669 155 746 599 591 573 153 189 305 59 700 833 998 16 920 3 217 511 862 877 499 691 707 402 987 100 42 759 524 248 987 361 215 77 301 324 869 232 875 635 429 436 379 785 571 15 579 863 970 983 701 678 262 821 435 624 27 838 373 899 867 916 468 288 959 317 16 799 586 371 113 495 942 476 596 409 679 463 67 698 22 102 429 365 902 850 532 771 574 430 978 839 407 929 962 369 276 145 562 318 406 456 82 489 880 791 87 52 286 933 227 899 837 439 162 790 455 438 565 687 303 101 517 540 949 620 991 218 580 617 555 885 69 245 26 170 949 688 761 355 497 276 162 851 340 379 596 165 728 90 410 440 691 746 325 922 260 382 471 264 434 95 848 877 444 943 155 741 880 785 558 936 385 307 177 681 797 484 861 2 306 302 759 162 964 776 172 160 346 31 472 43 890 809 332 896 722 370 45 725 16 476 495 13 771 433 677 703 809 78 301 527 184 668 774 728 123 682 422 697 334 26 239 922 834 825 353 58 670 282 692 107 138 354 688 834 918 30 57 345 161 160 254 712 211 625 57 491 475 723 968 346 474 746 214 9 508 778 448 940 579 781 944 158 443 176 222 217 728 936 752 559 511 374 798 533 302 65 116 289 348 505 286 182 403 403 740 669 170 613 302 490 468 649 668 495 32 932 270 724 845 466 300 24 31 28 664 436 237 516 63 397 860 219 343 503 937 138 235 744 780 374 429 408 534 382 258 573 727 198 442 493 652 37 575 684 421 198 790 494 778 851 960 335 378 176 893 571 170 933 544 653 543 829 887 543 858 243 264 367 563 609 736 925 481 897 55 398 97 830 802 34 558 708 253 176 952 689 450 28 811 452 917 30 624 765 223 380 650 58 835 578 780 518 591 99 926 920 388 126 370 502 796 765 734 449 785 970 232 285 781 72 8 675 105 638 31 853 796 504 327 935 463 518 774 775 802 929 179 153 621 755 574 234 621 499 549 798 347 304 166 945 895 403 703 264 98 12 229 572 27 72 596 216 601 877 488 732 511 612 88 891 221 906 248 513 728 590 519 679 141 506 903 791 501 17 771 128 437 20 537 349 477 775 308 76 44 85 908 243 546 776 833 486 808 46 579 18 194 212 798 740 194 177 905 550 723 207 241 587 125 542 473 347 57 489 763 236 350 998 858 735 501 418 722 547 100 95 55 229 112 965 432 203 615 270 340 313 389 4 895 120 208 786 921 673 354 196 88 137 403 482 401 663 782 384 635 709 669 311 35 379 209 835 449 777 721 802 516 995 987 985 928 310 719 262 848 335 207 584 326 27 463 531 429 282 229 320 954 533 202 29 819 228 864 863 113 465 968 940 466 397 464 160 233 596 625 319 439 270 421 123 871 55 61 591 631 342 592 920 108 305 558 64 303 789 505 161 123 761 113 418 229 506 706 661 816 538 233 325 164 333 918 211 339 976 191 252 689 510 127 411 60 486 571 160 362 430
320
628 974 653 266 759 950 6 198 967 641 352 516 15 672 554 171 937 379 142 548 558 662 495 695 472 803 562 807 309 641 443 269 971 495 362 332 595 851 902 468 779 891 701 697 922 906 937 660 767 726 990 791 841 116 534 850 52 650 225 79 312 686 280 661 629 923 83 317 635 247 870 705 696 771 240 525 488 984 435 289 461 808 1000 204 427 638 543 586 520 391 306 650 686 307 347 136 25 668 440 975 953 253 993 397 206 814 640 9 14 832 527 356 735 136 328 889 133 731 287 457 862 595 568 671 166 647 31 158 316 418 951 974 999 449 305 832 874 555 465 175 507 402 179 734 243 993 94 595 381 768 290 57 444 973 619 988 240 296 421 175 56 146 108 251 71 367 883 508 972 742 661 178 79 658 479 139 142 923 150 267 490 544 776 291 439 249 112 185 396 320 54 789 339 285 680 502 861 366 35 51 876 185 813 34 800 724 155 498 565 540 336 834 307 479 885 818 704 674 820 994 746 72 377 197 905 250 28 757 714 309 538 953 593 513 880 799 187 255 994 257 627 52 940 936 998 627 727 778 833 914 732 891 280 778 96 760 179 892 765 322 763 330 340 145 682 66 109 273 656 819 45 411 670 941 686 887 211 718 48 364 788 131 35 93 132 290 539 15 118 747 182 88 830 902 49 960 355 484 376 52 648 937 834 270 385 995 153 274 937 274 502 262 908 905 861 431 197 38 685 530
295
37 824 515 318 275 79 102 414 767 756 420 80 941 512 271 244 518 902 927 426 609 841 991 798 54 719 906 47 139 841 211 457 979 614 805 903 178 130 306 727 621 263 232 125 513 606 972 563 625 525 365 785 71 903 590 122 837 740 536 38 575 229 45 646 412 612 649 15 324 641 651 463 31 585 32 49 25 826 404 764 335 225 282 568 335 325 131 656 913 25 221 845 383 985 792 422 362 150 637 882 447 852 415 177 297 700 564 166 938 481 212 939 399 491 760 667 446 395 612 789 570 931 905 409 485 769 947 510 985 134 102 841 794 716 176 191 340 882 848 802 87 400 334 569 572 864 893 206 245 972 321 291 99 783 482 768 346 837 25 54 112 153 925 809 39 905 104 980 20 594 637 647 259 219 846 638 690 580 330 927 155 313 618 1 11 285 753 964 281 967 361 499 495 671 837 993 118 923 426 334 688 790 587 784 229 623 201 304 490 901 618 215 367 417 828 791 342 937 253 970 628 145 20 96 437 375 458 917 402 438 807 792 830 963 391 497 526 300 892 679 221 99 649 51 880 914 857 443 695 992 112 458 225 608 316 876 405 642 993 717 495 921 553 701 630 480 525 434 992 730 799 692 867 855 610 245 890 391 762 433 555 590 849 143 284 761 123 965 395 601 886 257 868 765 255
934
269 607 663 963 589 347 790 861 897 151 384 560 422 566 511 510 678 681 549 332 119 322 550 688 889 722 187 431 187 996 71 752 298 810 308 322 152 704 952 62 507 868 61 571 63 357 120 34 143 329 244 149 991 949 609 328 778 919 136 610 270 462 42 456 399 637 951 336 451 585 630 643 155 587 613 686 169 847 697 498 661 779 16 870 925 986 914 370 744 350 505 203 743 653 72 134 885 125 656 706 36 729 436 368 15 340 615 125 150 523 952 237 416 925 503 596 284 562 459 110 237 318 179 697 725 336 611 177 699 506 98 92 228 538 606 232 241 116 470 477 361 711 382 532 270 674 150 528 348 191 485 944 481 305 201 375 767 173 448 294 809 77 378 811 507 403 855 138 280 639 342 806 456 191 562 527 770 236 691 575 928 206 353 698 200 641 99 557 316 781 72 68 955 736 511 980 202 556 71 516 782 53 254 87 897 787 191 497 816 342 238 716 631 157 869 709 262 675 34 786 544 3 350 941 785 264 287 35 95 919 400 157 160 245 114 613 518 170 492 947 16 976 173 953 234 200 516 732 964 376 849 660 523 609 466 823 714 929 371 603 767 2 704 204 752 90 558 691 932 302 872 969 508 442 392 824 764 967 877 874 997 729 457 778 562 430 587 366 473 44 774 708 23 254 409 149 661 154 926 196 471 417 131 372 827 483 512 900 64 842 447 204 595 913 49 674 367 506 618 804 587 627 363 995 858 334 455 836 265 541 361 524 328 76 244 610 484 43 829 631 843 27 523 923 895 175 613 136 79 840 990 673 817 160 83 768 337 106 155 597 316 714 82 794 288 733 618 477 174 356 310 936 252 919 587 235 889 741 413 1 699 802 528 535 159 809 529 356 510 591 249 874 367 229 790 630 307 684 719 272 248 460 585 642 630 621 515 664 184 548 304 950 37 238 981 1 238 663 924 280 354 538 823 927 369 238 697 251 35 678 618 274 35 829 180 938 298 273 411 920 174 137 252 638 707 760 491 542 606 811 749 798 269 910 313 916 422 425 623 274 122 632 79 280 898 742 573 978 570 801 212 125 107 71 174 146 429 322 448 825 556 410 749 637 410 179 439 481 206 173 127 992 166 674 197 565 751 873 763 89 34 687 719 661 34 301 970 699 476 153 500 163 823 504 827 263 592 869 290 426 367 508 252 914 652 941 747 740 757 928 878 545 211 174 73 847 743 169 609 284 507 321 328 822 737 96 426 453 407 965 689 893 470 707 919 488 983 403 926 554 915 705 431 298 149 532 22 160 926 239 718 956 380 147 806 93 276 390 432 157 598 934 947 946 974 435 941 53 865 462 864 761 814 692 34 734 631 908 635 196 428 160 358 760 95 708 423 859 761 953 318 260 424 892 691 283 247 898 267 366 209 467 738 333 103 541 383 664 572 179 102 177 331 933 717 65 246 993 440 942 295 284 975 893 668 878 241 615 941 187 894 793 410 400 986 618 545 780 566 539 268 590 281 696 261 104 464 2 550 157 27 323 804 191 984 751 481 312 524 416 428 943 534 406 168 817 809 617 590 742 955 749 821 36 38 681 111 156 112 258 365 151 64 615 140 661 790 91 246 901 758 735 376 171 968 865 573 219 359 414 160 176 257 743 141 138 172 568 620 416 800 537 569 310 552 665 113 97 61 575 114 734 213 110 160 774 216 250 687 923 182 110 336 200 473 485 104 766 391 929 259 280 622 299 792 541 523 744 628 514 933 931 889 317 383 374 120 738 851 22 881 887 92 827 519 431 978 814 747 708 800 299 305 229 28 541 98 630 904 512 459 469 249 717 297 236 100 740 416 563 142 764 780 271 414 731 632 120 955 624 31 845 585 470 606 317 656 210 823 964 864 805 382 537 940 875 275 518 962 744 820 930 867 80 509 681 925 452 384 478 814 422 561 293 940 781 223 912 958 469 910 786 693 954 997 57 84 296 561 229 913 30 983 359 707 350 923 312 513 608 6 793 50 433 455 177 5 501 181 1 865 525 265 847 751 200 303 718 183 843 768 966 502 965 594 831 914 474 162 153 382 641 920 393 401 554 443 937 695 867 683 235 351 739 109 201 319 690 476 324 584 152 484 162
923
872 474 898 262 589 781 517 319 475 839 699 801 578 406 698 565 986 767 382 1 583 791 719 299 482 837 160 851 404 164 502 851 37 799 806 636 920 893 729 571 199 170 211 160 230 488 171 230 388 166 670 659 383 473 723 131 678 202 599 438 453 689 925 109 102 749 736 317 259 639 922 454 151 168 834 241 119 298 907 15 339 434 632 474 180 824 705 270 949 958 124 777 6 322 926 55 966 486 902 78 116 448 647 715 542 142 605 277 442 995 629 708 390 950 172 595 871 10 362 348 441 900 294 217 835 254 146 815 858 457 611 77 553 431 85 489 768 430 184 909 895 984 439 365 585 603 718 936 125 491 478 404 600 254 595 552 453 605 600 372 149 502 582 979 446 736 837 231 211 692 470 798 126 919 130 967 744 392 642 720 222 384 228 732 172 991 278 428 51 772 769 54 637 748 677 803 82 298 368 964 293 165 634 362 640 580 845 299 114 546 964 113 164 828 705 968 755 441 40 550 303 679 386 229 630 325 461 847 869 223 602 883 643 656 41 657 215 253 749 279 441 10 605 673 737 460 627 829 810 577 10 738 305 434 112 315 979 560 535 468 765 595 688 432 945 246 369 943 428 891 607 415 980 678 672 115 491 108 993 516 436 300 443 241 330 333 267 881 999 820 652 179 839 199 351 921 461 524 430 436 438 892 938 241 56 998 67 423 717 875 232 214 829 623 55 347 20 580 656 657 476 822 821 415 292 938 271 682 271 507 765 476 707 971 649 810 456 329 261 794 523 304 594 745 208 296 803 177 191 44 299 124 739 373 88 851 373 732 889 163 647 900 166 79 593 750 700 951 332 620 122 935 137 810 281 151 321 811 905 11 426 560 873 367 172 475 721 687 788 436 199 99 283 483 912 168 720 18 950 216 186 614 323 838 925 820 395 264 153 744 87 603 773 498 388 308 232 762 114 55 51 869 701 409 74 667 238 517 341 575 126 456 152 744 139 604 350 408 151 107 271 163 43 475 697 848 26 699 34 644 112 110 70 718 117 357 748 179 380 575 171 761 583 338 819 211 513 286 322 182 682 58 844 531 802 781 71 550 681 988 246 853 363 156 725 724 780 107 446 938 874 697 573 377 486 629 586 190 507 72 521 609 802 896 981 409 226 933 193 406 291 936 965 817 202 641 630 855 309 733 90 868 972 538 736 440 201 750 308 513 190 111 920 808 162 584 993 704 353 299 627 458 863 225 622 412 16 835 870 428 82 34 319 958 851 751 273 385 123 12 465 332 549 644 1 657 185 335 914 778 250 648 593 119 203 906 515 469 607 814 585 680 565 846 808 597 544 395 351 480 119 545 651 629 415 598 667 152 303 423 988 72 820 961 94 404 740 899 936 26 352 528 975 14 642 213 903 796 832 576 143 890 942 705 147 643 703 948 766 811 724 585 9 932 741 716 116 368 57 927 602 799 564 976 869 192 705 749 911 187 959 537 54 463 375 258 313 328 406 773 787 813 763 292 644 753 913 315 388 274 919 585 265 85 48 585 820 776 993 275 217 581 279 631 255 118 135 638 313 333 350 491 999 377 738 694 765 236 316 667 34 693 784 454 614 363 155 284 378 182 861 174 609 562 424 230 534 36 4 200 722 893 102 789 589 175 764 948 243 647 850 36 141 19 184 191 432 645 342 668 347 952 883 223 963 152 681 897 518 460 429 871 50 619 507 869 412 95 909 116 622 725 540 156 16 994 629 821 399 524 736 38 298 869 594 980 164 587 276 329 945 531 90 644 47 490 28 617 763 846 493 231 451 5 516 175 695 155 349 176 876 497 548 718 935 611 796 221 384 20 429 759 796 504 452 802 549 577 675 36 632 991 292 347 497 916 636 861 903 897 420 767 528 902 231 415 61 223 574 618 538 843 685 957 85 690 255 220 897 59 413 179 138 714 379 372 509 193 510 606 102 533 815 114 345 107 305 959 871 833 519 941 171 431 447 233 136 364 895 460 683 468 424 188 321 261 298 219 672 943 304 36 118 33 981 920 892 174 664 746 552 941 162 1000 124 470 355 999 381 602 394 705 268 77 657 725 743 665 44 365 501 83 148
778
751 656 160 762 352 897 872 499 493 796 931 608 31 500 3 55 946 398 906 199 508 147 188 38 675 572 334 532 189 853 533 938 121 580 184 847 662 827 865 596 294 127 84 277 210 195 617 817 736 85 583 582 274 382 147 831 619 824 172 608 297 335 917 154 900 619 941 53 180 613 988 714 637 293 891 585 405 606 653 9 461 578 457 526 792 448 475 782 43 487 257 720 754 498 241 493 548 583 791 562 879 649 924 188 577 145 871 118 848 48 549 825 741 450 762 581 27 291 983 205 48 564 227 690 489 923 268 967 46 413 281 472 672 537 978 462 911 642 47 814 806 613 656 358 787 658 635 321 858 364 592 438 73 383 954 829 582 61 269 714 179 936 464 252 626 699 992 977 718 584 410 990 23 942 521 759 746 101 211 286 423 250 124 720 978 510 719 885 939 356 253 594 377 492 756 127 1 670 82 92 298 525 175 69 325 655 278 321 921 592 553 586 148 116 613 194 475 698 191 940 150 226 656 880 838 929 47 63 734 594 742 402 508 429 128 830 924 472 300 858 156 419 866 739 847 352 628 124 616 348 343 907 600 519 552 462 514 633 338 256 804 180 846 855 656 49 288 563 79 688 863 617 991 591 470 60 789 179 86 681 955 145 919 625 691 902 986 685 772 565 781 939 996 959 847 139 997 406 967 61 912 536 592 76 730 830 368 216 357 664 802 901 687 568 795 279 889 387 635 644 648 814 312 346 106 699 639 417 877 942 854 566 744 293 357 434 956 650 910 93 205 780 210 928 919 331 471 808 11 460 248 908 51 165 312 934 826 625 716 252 528 196 29 805 549 183 29 78 987 956 97 295 482 399 187 188 721 642 19 123 854 939 695 296 660 573 137 499 459 74 720 57 938 723 824 277 384 224 952 864 550 970 854 589 381 183 119 867 768 364 839 548 306 323 375 338 713 462 681 280 401 287 646 880 38 729 58 295 593 277 92 502 484 832 240 712 884 15 869 779 683 570 953 508 84 530 635 378 185 252 489 302 922 635 323 650 367 990 443 95 196 53 329 520 712 190 168 434 740 606 37 3 693 430 546 80 179 829 871 967 373 382 986 763 159 916 872 26 675 764 899 184 311 889 402 113 674 277 618 968 363 474 964 756 616 593 956 936 681 405 250 954 991 675 582 816 304 396 162 382 620 919 568 425 929 355 280 786 267 47 278 352 775 5 838 404 54 852 831 8 585 160 992 973 543 965 254 664 542 797 850 414 353 253 964 232 141 680 23 432 33 769 831 572 765 609 382 358 833 461 104 304 938 552 783 592 487 158 575 624 704 180 652 826 107 23 530 165 913 376 116 271 100 631 141 594 136 750 874 867 664 563 578 563 467 378 610 437 129 585 68 239 465 313 576 381 811 862 372 752 17 970 536 362 588 92 694 868 176 217 369 903 725 515 363 381 433 374 699 453 213 478 920 696 487 719 575 417 302 237 654 224 317 861 302 351 985 977 817 438 203 372 634 242 638 737 805 237 862 933 584 497 240 786 977 327 748 681 753 397 637 171 110 40 69 538 231 677 344 489 304 622 937 898 648 787 927 882 824 776 418 103 588 629 523 705 204 337 87 449 778 770 119 734 58 758 687 274 34 821 820 757 268 33 233 763 11 539 403 773 787 278 35 590 453 947 507 44 194 841 159 883 601 487 196 302 747 295 215 688 990 1000 8 756 817 613 416 546 332 282 426 514 119 423 696 909 886 505 993 906 723 654 856 452 987 495 403 163
792
106 504 549 742 70 477 701 398 776 627 682 5 699 71 305 283 879 509 108 609 918 945 355 874 478 47 725 599 694 874 130 837 17 349 706 474 781 141 498 983 795 299 854 51 651 312 649 471 576 37 164 621 234 541 233 146 856 224 417 222 687 694 520 30 185 614 272 652 68 427 92 214 8 288 342 901 959 382 466 270 171 209 324 46 635 223 309 638 831 102 133 66 880 215 341 598 572 907 309 654 473 43 999 506 960 708 910 640 504 508 307 348 748 54 31 43 560 439 170 204 128 782 955 784 898 640 328 144 190 508 507 983 261 890 768 1 87 101 655 729 434 44 380 737 376 398 755 659 33 30 522 867 861 968 97 570 939 596 159 938 982 712 144 443 892 433 111 63 40 92 314 11 293 214 315 302 243 601 170 991 88 180 116 976 115 985 707 182 145 124 367 463 239 971 497 913 232 710 171 433 243 362 906 406 163 5 894 655 386 191 17 652 887 98 622 812 572 394 210 681 274 741 939 288 614 354 38 985 258 357 147 346 384 125 451 294 345 662 896 655 430 680 342 372 645 658 362 295 470 68 389 726 568 583 529 144 386 838 51 651 645 461 442 383 982 792 540 96 590 866 548 118 815 715 298 350 33 105 872 439 559 976 257 126 338 893 26 904 714 540 904 462 64 904 805 959 153 5 20 39 855 687 419 544 471 355 312 682 690 108 970 922 391 673 841 111 6 272 34 171 321 208 147 728 642 673 373 445 431 364 249 73 277 832 374 959 7 474 164 5 98 695 295 946 231 322 753 765 934 432 106 60 779 783 418 270 181 853 641 971 4 839 366 586 161 466 46 596 467 972 451 446 789 944 985 805 836 171 919 260 481 224 616 58 950 887 32 114 73 185 281 128 697 291 471 392 181 447 856 190 104 855 338 257 653 457 69 999 309 550 366 22 538 937 786 471 119 892 637 29 116 658 969 190 815 880 111 395 907 73 631 60 782 471 713 32 418 692 159 587 208 955 932 194 827 393 736 235 404 664 128 491 97 102 366 324 767 548 557 468 418 639 100 190 98 612 22 413 287 180 344 882 6 285 362 970 379 70 537 255 546 80 146 72 544 579 159 305 156 9 749 760 527 466 854 608 46 598 399 925 295 236 301 646 217 485 742 682 739 615 43 79 717 686 314 413 479 59 842 938 765 399 914 573 289 829 809 548 748 785 130 962 343 25 490 531 498 705 331 306 543 817 771 784 435 279 199 405 176 624 938 277 526 402 779 771 720 247 879 196 516 87 937 910 601 754 993 805 876 640 215 653 203 347 984 158 487 271 6 579 288 583 37 488 830 153 21 217 525 342 450 384 840 137 881 16 555 490 348 821 234 490 753 119 471 247 843 300 23 829 979 563 476 23 447 606 402 486 784 153 791 419 474 588 501 743 568 284 112 964 328 792 324 352 809 95 292 134 516 320 449 788 382 839 179 411 126 152 994 405 782 178 134 220 267 299 164 321 454 655 35 24 379 676 110 227 339 618 996 183 253 52 506 832 561 970 375 629 491 548 852 576 333 842 397 6 826 521 624 69 775 955 779 784 283 602 814 619 143 576 557 953 331 177 517 937 21 118 394 838 480 904 62 377 787 616 761 3 897 91 194 952 947 768 643 634 541 199 509 912 703 595 605 49 528 246 180 988 397 195 157 914 751 307 925 451 224 719 194 534 508 843 805 247 74 311 827 727 778 995 235 547 88 318 599 757 296 261 511 257 273 631 250 875 141 670 565 977 912 921 282 440 897 768 375 733 846 556 180 225 410 363
522
971 771 64 851 245 806 349 898 192 494 121 174 290 364 709 435 880 403 801 342 523 777 418 31 280 728 693 927 551 770 112 713 989 417 903 84 369 692 79 228 978 273 187 949 472 857 664 125 2 14 533 833 881 274 925 85 408 595 662 679 552 186 667 963 60 491 391 385 658 441 29 272 927 203 930 360 300 988 500 635 939 463 861 40 625 861 761 492 106 958 397 63 165 433 151 420 503 812 635 48 691 223 478 808 236 5 912 228 960 613 363 948 42 229 529 443 891 29 551 342 38 780 844 479 994 233 193 293 418 969 284 709 95 173 710 625 488 109 142 51 551 602 851 497 481 127 784 607 950 784 411 635 782 39 590 808 724 339 761 141 130 680 896 952 449 671 602 282 44 433 841 274 652 545 264 473 363 19 624 877 188 569 212 738 758 383 624 160 252 142 721 152 224 135 115 752 894 268 116 837 955 375 18 577 805 804 263 793 120 725 233 706 286 781 523 564 863 497 296 179 942 532 412 73 225 595 812 122 463 308 650 498 502 744 649 965 910 913 200 612 57 604 538 724 539 420 318 670 857 523 106 666 367 465 927 162 813 821 72 16 259 565 809 572 72 170 726 643 900 214 394 321 837 784 470 89 235 206 723 854 439 930 345 608 456 958 593 434 345 846 507 287 143 336 596 834 42 610 264 952 14 365 322 250 998 205 283 158 634 649 68 155 723 5 87 985 462 573 339 381 618 293 948 419 656 822 662 528 639 902 672 416 353 193 883 799 906 711 353 537 897 309 858 691 455 236 175 515 924 963 729 269 43 103 810 897 289 330 380 819 387 768 977 506 467 303 327 121 186 591 586 149 437 579 501 846 494 584 910 145 655 235 809 82 4 355 797 8 699 306 1 831 34 988 605 32 417 727 757 869 399 820 971 705 273 786 210 940 586 558 536 177 674 204 83 760 379 266 517 802 684 524 959 790 157 882 731 564 340 789 591 285 750 598 824 18 217 603 7 70 116 855 877 323 979 367 582 777 414 20 110 954 498 20 486 65 840 573 34 412 566 101 772 252 898 227 637 667 614 381 344 79 968 243 113 662 168 338 16 584 546 24 182 105 922 159 128 175 797 792 669 557 943 808 195 553 543 317 243 725 662 371 624 650 511 317 40 475 48 743 418 464 71 345 251 841 390 805 660 657 752 902
701
547 599 496 819 970 384 268 167 3 710 739 473 460 232 155 300 974 790 307 489 229 177 871 919 481 109 424 84 218 128 32 713 30 890 410 158 780 66 744 296 724 851 333 375 774 835 183 904 749 284 133 848 553 307 594 283 238 179 607 480 904 329 747 217 216 349 456 170 221 901 897 205 843 524 523 294 220 181 185 695 214 280 18 389 136 212 921 187 684 182 196 181 762 37 917 139 841 957 889 623 131 394 962 537 365 422 532 526 123 750 102 234 223 9 983 408 640 223 232 218 561 424 781 622 711 407 7 90 203 58 430 905 64 751 240 709 538 420 949 804 332 757 885 988 713 394 811 779 674 381 858 883 662 858 551 385 455 425 13 785 651 195 946 100 744 839 674 764 833 586 878 586 833 756 136 658 672 99 442 192 694 523 933 277 82 938 169 61 773 628 743 862 62 273 12 983 428 401 609 642 603 608 650 607 606 550 17 352 33 918 639 861 37 508 906 525 264 4 281 725 807 192 817 681 818 808 225 882 623 782 440 667 990 975 547 467 695 48 356 738 630 712 471 740 914 438 727 445 288 310 931 436 552 611 794 516 388 637 622 748 212 442 529 934 797 875 448 18 731 574 9 784 709 856 743 527 114 423 835 986 147 231 521 276 477 295 57 961 506 531 49 589 848 385 359 847 306 979 923 44 828 364 658 93 592 752 834 36 175 207 975 576 360 790 212 539 608 624 106 73 430 26 914 858 686 956 443 580 892 970 665 170 613 697 839 658 718 315 197 801 894 223 48 733 998 696 744 156 39 798 114 298 87 905 114 375 549 148 302 797 640 691 993 916 6 795 153 321 555 177 640 139 472 263 337 866 873 385 518 696 468 469 320 930 322 292 929 766 288 463 83 768 392 198 448 653 391 395 755 450 172 321 728 832 801 131 831 530 788 964 341 258 917 543 783 88 9 458 990 786 699 688 896 33 82 330 101 867 642 854 653 165 577 414 183 181 564 729 84 511 740 131 561 175 137 400 540 197 489 748 432 594 116 379 856 580 39 18 562 916 226 909 742 268 767 950 56 186 416 32 509 61 399 130 239 698 162 534 113 990 863 238 551 219 236 339 310 478 442 403 111 704 743 22 431 422 575 190 14 42 604 799 824 169 647 190 446 161 863 968 379 873 732 463 678 63 43 51 758 943 916 490 12 154 348 868 847 935 860 553 390 63 860 929 591 807 425 820 875 115 414 791 701 404 937 307 91 341 350 245 482 734 519 281 777 61 888 274 973 257 831 160 533 239 376 485 382 155 179 980 393 842 431 16 1 608 719 313 64 421 464 845 881 117 935 688 260 932 104 6 42 540 258 300 381 57 851 120 518 661 20 944 635 535 602 824 228 117 169 521 806 179 604 540 827 515 530 723 926 688 23 26 223 240 112 919 265 394 863 755 503 663 522 163 739 864 870 570 612 930 688 834 914 692 334 147 166 420 486 135 473 595 545 813 163 147 965 737 465 708 772 328 220 89 762 93 137 883 83 651 88 621 994 94 966 62 840 376 37 504 299 519 315 517 879 393 914 930 64 513 428 716 334 819 453 109 418 340 402 766 179
658
771 416 710 120 771 137 264 320 405 261 5 601 826 508 564 998 531 449 936 524 910 313 245 924 514 236 453 356 157 298 415 83 731 382 505 643 931 800 498 193 313 685 736 750 556 857 353 216 362 334 598 964 256 248 8 577 95 130 156 809 809 464 32 625 631 849 518 379 636 183 899 228 692 114 885 862 464 38 636 586 92 145 246 996 853 481 353 456 882 905 590 421 366 724 843 202 808 487 836 786 514 858 546 736 668 5 567 650 30 433 315 231 920 972 298 6 853 501 738 753 233 796 501 728 221 821 394 40 258 778 636 624 434 359 242 384 287 84 675 516 258 637 459 407 583 742 188 328 768 219 202 438 388 657 150 346 673 963 34 8 453 415 119 94 823 504 332 56 20 552 432 216 785 555 355 835 991 730 790 532 734 364 615 78 394 689 558 97 681 570 12 463 335 104 786 983 160 71 978 8 914 752 369 967 360 349 14 820 952 472 270 729 32 19 552 734 875 813 690 15 849 746 331 259 650 513 499 34 20 973 592 723 223 91 233 183 379 508 970 997 890 815 545 544 591 382 271 452 629 461 747 325 724 865 12 909 686 969 437 368 807 169 644 658 127 644 429 430 918 79 940 197 301 339 288 934 617 845 822 75 649 559 277 845 766 696 379 581 367 419 242 432 599 616 564 114 337 783 348 349 796 493 321 984 924 675 447 930 605 640 419 956 480 402 147 168 485 918 96 48 147 737 245 907 3 210 213 74 646 675 867 221 698 101 847 99 996 247 575 590 478 628 254 618 32 667 270 452 722 595 530 17 635 971 789 938 602 494 44 875 307 40 302 817 535 817 914 890 92 785 312 358 715 613 780 736 821 956 749 114 279 216 284 655 909 822 77 883 892 459 635 953 963 730 746 187 381 723 788 604 737 598 371 169 535 692 221 141 528 270 281 969 202 180 280 116 71 10 594 460 447 301 897 405 184 944 726 342 552 842 213 625 930 502 571 829 320 799 600 388 641 511 549 561 460 696 816 292 391 241 511 639 260 261 184 247 156 903 678 33 411 405 252 36 54 860 132 581 264 784 380 268 952 277 927 450 48 919 374 628 291 669 168 80 748 745 778 601 802 576 462 384 183 494 92 403 761 789 806 112 267 629 884 974 609 771 149 555 921 430 29 939 59 161 890 921 237 744 605 332 954 828 337 267 913 897 238 145 924 860 129 272 324 700 619 794 456 783 522 542 829 604 99 847 616 4 767 369 894 821 815 115 690 544 484 916 793 206 10 608 313 814 209 671 800 556 946 937 539 813 265 818 761 500 507 840 387 265 96 2 340 458 903 687 118 290 64 178 172 140 42 310 858 711 365 580 464 434 658 863 668 638 825 905 846 583 912 784 110 577 756 699 699 387 808 999 358 822 544 192 46 226 798 528 985 941 595 492 506 337 792 308 958 622 731 568 318 363 789 485 555 291 757 992 965 188 179 197 485 440 137 615 493 136 591 98 659 550
666
410 607 452 903 664 166 6 453 250 130 993 813 873 620 705 497 766 490 601 625 805 219 294 302 312 811 113 264 875 705 872 231 242 807 5 592 58 314 354 733 413 79 611 575 101 414 31 954 98 779 108 894 181 19 480 197 362 424 511 970 621 45 537 342 996 812 521 20 529 912 5 703 414 730 777 43 258 864 561 809 847 263 574 343 902 218 565 758 469 286 647 46 810 455 815 369 95 551 762 966 224 271 291 618 556 177 939 105 956 468 115 604 249 738 768 798 788 562 974 207 6 677 515 606 649 716 950 927 242 815 383 883 194 12 993 532 465 902 122 564 442 297 429 831 326 382 796 740 670 360 805 720 622 572 192 656 145 531 761 12 613 575 179 820 588 802 307 211 137 348 257 773 524 667 114 526 158 477 376 989 191 735 377 843 764 376 899 569 756 97 112 740 747 833 423 23 729 596 943 103 649 653 187 625 400 678 367 448 218 115 441 307 307 122 224 193 141 262 359 626 916 604 259 678 910 443 955 791 363 256 687 3 914 385 763 14 504 171 101 764 972 547 515 58 752 362 37 558 352 470 201 996 985 818 409 973 37 453 12 83 533 371 751 533 885 350 591 630 950 668 779 789 590 562 226 807 194 580 349 849 517 110 119 122 594 678 396 342 688 639 676 616 570 748 814 918 598 397 711 755 190 867 145 793 441 609 648 882 936 30 160 263 515 684 887 970 85 799 6 79 6 196 18 412 572 111 629 912 471 507 227 392 6 826 179 768 746 848 567 353 146 754 876 81 136 449 503 82 596 786 286 787 840 142 36 174 731 619 492 379 945 53 971 579 69 899 486 90 59 29 40 386 434 459 648 823 983 377 696 629 332 264 4 298 396 239 919 298 306 493 544 172 485 490 730 644 113 785 35 678 432 460 86 132 235 486 252 687 79 666 551 558 721 25 833 735 631 893 491 953 261 187 222 771 863 132 974 19 823 494 152 797 745 583 715 250 615 465 634 351 824 270 644 983 192 155 397 517 425 261 206 907 500 216 16 489 92 841 103 779 722 159 313 249 545 309 759 626 661 869 573 716 655 888 467 317 263 66 171 641 84 421 786 795 278 975 319 477 371 751 103 889 529 949 852 578 609 564 760 583 291 728 628 832 689 477 707 312 220 915 707 243 236 518 388 694 656 596 621 752 420 427 430 678 605 997 600 860 836 476 898 378 591 186 820 752 884 137 544 70 984 351 337 52 699 280 883 409 433 630 685 417 438 172 94 512 258 700 782 403 571 318 161 550 34 322 980 276 755 411 326 700 10 70 834 690 546 892 786 345 680 627 185 182 774 902 370 428 270 218 671 341 949 845 634 742 616 97 835 438 797 372 314 434 111 740 943 14 987 34 682 256 734 855 920 406 873 569 824 237 576 304 925 963 440 579 407 856 321 761 566 217 443 776 819 541 161 268 861 109 881 951 399 531 262 957 41 303 184 830 96 1 237 22 550 218 75 3 825 227 665 944 857 301 231 945
416
340 909 394 706 883 653 677 755 449 988 206 940 224 350 226 959 789 67 896 70 100 558 227 402 990 196 568 190 979 685 974 594 714 427 191 893 669 101 809 500 392 56 736 435 420 258 352 793 902 858 207 779 329 784 723 185 849 378 557 833 523 810 512 410 532 137 445 53 294 13 61 722 319 900 27 205 661 264 241 702 947 127 150 604 124 581 301 555 19 118 209 860 912 269 732 611 465 631 873 731 416 996 841 105 285 63 224 367 229 519 150 103 39 654 127 303 83 125 101 633 789 513 338 566 752 901 565 991 869 11 362 935 974 15 308 138 888 180 838 519 224 778 222 298 561 311 696 618 981 719 141 173 444 672 984 484 118 100 116 960 768 383 228 607 167 555 881 546 858 460 734 71 792 844 625 201 72 979 933 767 905 29 364 672 95 525 644 39 446 825 376 472 820 336 871 146 22 797 743 313 954 655 125 457 868 967 178 638 955 311 725 802 271 838 897 751 363 544 85 743 659 175 494 877 975 421 213 177 943 449 996 534 989 457 207 249 181 754 513 524 35 642 670 341 174 205 190 478 649 750 356 636 454 937 60 116 514 937 43 526 470 1000 970 79 117 838 231 849 212 115 328 430 11 640 237 535 495 533 10 906 567 207 981 763 718 804 512 832 157 212 425 4 307 362 418 123 142 939 136 286 398 66 668 632 88 509 81 944 882 333 494 627 884 186 978 865 336 380 997 280 629 353 263 638 695 910 585 676 857 516 357 656 777 44 736 116 883 674 413 957 616 967 551 596 308 610 781 560 308 260 204 956 532 690 812 109 713 917 885 141 87 279 955 479 147 451 380 408 881 426 752 421 447 531 373 266 39 141 298 780 768 123 989 32 934 754 321 704 467 346 432 534 302 850 147 740 241 576 73 421 899 909 169 518 845 841 126 506 662 473 517 899 798 574 284 861
199
24 497 759 386 426 573 117 536 646 888 659 998 640 803 168 353 647 535 28 889 48 23 812 622 628 800 313 462 259 823 49 573 311 411 964 116 373 40 604 55 48 54 398 88 535 292 982 636 101 539 471 893 470 840 805 786 494 825 218 524 622 807 574 862 785 135 278 925 535 500 701 248 290 76 571 840 90 855 304 290 894 269 589 827 322 450 708 361 387 768 698 965 413 393 339 649 312 720 541 815 140 936 709 176 67 117 246 261 903 730 783 225 540 234 476 726 254 525 579 589 652 152 809 573 589 556 260 750 6 345 237 378 387 592 96 897 132 796 364 127 462 651 762 403 574 304 122 847 669 123 634 42 229 954 50 846 17 676 298 992 255 993 884 404 928 429 305 318 511 472 215 208 452 367 306 423 399 920 992 931 75 680 546 874 226 126 343 60 33 163 164 153 375 445 272 266 733 824 806
748
832 343 351 622 239 668 649 458 850 936 597 838 459 958 100 508 797 982 628 130 574 57 611 618 641 938 817 71 594 128 763 850 989 880 365 551 406 276 939 855 200 562 657 762 756 263 324 163 63 156 653 6 335 864 117 325 706 357 300 626 192 430 930 606 128 885 909 432 965 811 835 918 900 198 536 790 924 218 628 291 692 49 358 591 567 362 683 124 450 207 18 958 434 633 765 542 169 358 38 531 752 601 869 826 225 352 770 287 922 703 978 239 558 649 695 574 110 184 339 671 722 320 545 714 53 375 968 469 540 354 707 163 667 887 561 63 710 949 787 528 717 321 685 74 897 311 318 895 950 50 491 314 626 227 897 546 598 209 182 585 706 575 157 158 589 629 571 438 877 312 784 80 446 673 929 343 871 349 246 774 30 613 308 653 109 549 780 385 118 417 65 977 798 286 212 723 581 401 242 865 263 598 48 830 436 449 353 810 275 659 8 281 137 163 589 677 543 37 907 323 686 645 183 484 154 462 17 464 679 241 224 645 232 377 582 723 40 534 425 179 842 214 888 969 8 272 155 30 394 914 256 543 575 830 872 998 940 179 371 59 829 495 187 244 659 322 197 905 733 614 341 305 127 725 847 546 223 898 169 340 790 891 390 705 746 864 189 658 749 883 933 857 599 540 549 161 32 923 856 986 749 992 4 123 389 438 368 324 479 430 745 562 874 636 129 592 820 488 82 990 793 292 192 572 921 189 375 801 277 707 119 318 872 827 78 282 668 543 228 469 761 535 101 394 20 9 699 525 504 113 532 247 273 957 762 531 876 756 307 382 799 393 912 623 702 238 131 402 241 747 353 160 776 179 465 830 602 112 685 6 827 881 333 62 460 95 395 455 275 327 541 402 580 245 756 785 196 588 243 987 855 61 41 795 220 807 457 606 661 3 453 148 386 83 366 719 244 84 456 344 907 512 331 520 358 211 384 950 424 255 722 397 52 221 882 151 493 361 311 561 901 465 209 11 857 638 886 858 383 691 887 761 107 532 176 271 105 4 474 27 128 751 649 426 188 117 303 375 629 495 637 289 746 832 571 736 736 294 434 393 473 825 556 575 86 701 639 330 158 858 938 478 27 692 330 271 157 974 846 132 9 738 815 918 48 865 480 441 533 128 14 696 585 182 916 768 835 378 25 799 465 499 723 357 533 798 193 234 229 54 966 671 605 18 331 818 593 115 783 584 753 325 314 15 467 524 845 93 787 102 908 906 394 248 731 85 56 262 24 365 383 144 547 563 953 858 692 555 434 322 54 304 762 153 465 711 187 919 592 165 396 83 492 710 752 655 741 769 170 667 559 214 868 946 216 292 154 69 89 596 448 906 941 9 299 753 786 542 734 207 94 882 27 230 347 867 376 255 900 331 260 403 650 347 935 933 428 553 810 315 5 442 218 27 704 690 251 460 210 992 852 694 724 133 430 41 996 743 886 644 211 18 298 320 622 452 832 947 80 435 361 716 705 17 925 258 393 143 890 718 440 408 877 95 166 573 930 731 82 922 468 111 714 991 378 689 240 875 717 913 611 160 241 140 502 348 895 531 509 191 56 996 304 764 746 32 665 856 839 325 541 896 934 613 864 794 763 777 835 230 902 224 773 828 506 844 181 872 559 828 411 631 992 465 605 488 73 129 248 755 280 940 542 180 932 276 3 194
908
858 278 254 728 685 329 913 490 542 584 13 670 18 14 457 180 664 864 721 814 638 637 921 263 483 88 349 522 798 459 697 13 440 350 911 578 768 398 957 70 731 897 40 822 864 439 332 358 539 186 532 715 117 431 806 112 162 62 704 516 633 848 649 151 804 821 551 480 672 252 87 631 562 994 515 579 861 593 62 772 492 897 40 717 509 129 88 834 123 282 821 606 828 816 848 316 320 213 42 613 276 290 279 723 339 702 411 616 471 602 507 393 43 303 464 296 752 929 173 329 315 186 945 798 897 887 807 637 837 534 375 632 33 398 927 409 125 450 523 918 35 288 92 387 284 792 834 577 606 407 439 61 909 653 182 360 128 276 439 142 6 166 266 316 87 685 594 675 783 927 918 910 804 647 456 456 442 860 814 314 936 314 928 559 97 886 784 441 345 935 120 545 627 115 81 813 957 939 364 675 889 395 74 815 882 739 486 453 82 178 829 580 426 719 471 62 440 463 309 36 543 575 234 846 344 524 492 518 894 219 226 765 808 21 167 627 688 798 488 819 599 988 722 714 103 123 295 249 275 54 411 322 221 807 259 629 109 390 957 953 376 722 18 548 645 489 136 748 840 951 669 782 461 828 939 989 239 997 617 65 666 372 32 408 921 893 295 292 74 286 40 145 582 403 825 590 603 973 21 379 406 679 862 451 360 300 688 6 586 868 470 438 385 226 227 739 60 607 734 198 269 338 848 558 484 503 616 172 688 207 703 280 758 175 549 734 345 177 339 20 688 355 810 996 936 710 504 756 824 481 799 311 16 789 921 775 580 378 758 527 801 933 311 826 105 782 643 193 962 683 867 905 823 873 511 259 330 838 162 2 373 650 283 437 425 681 87 168 312 852 603 234 657 870 357 610 399 82 940 525 496 576 960 649 253 488 762 431 529 341 278 923 478 204 435 123 375 805 247 68 316 765 943 187 240 984 61 943 217 30 664 586 986 842 933 508 394 956 161 471 451 11 489 753 442 828 232 790 168 948 17 628 16 70 537 289 733 390 154 65 348 147 177 709 287 247 840 482 999 571 531 914 801 465 13 365 208 379 616 31 514 570 163 281 8 843 529 508 188 938 393 216 179 743 708 429 377 246 423 303 415 20 50 178 179 661 54 732 486 640 766 464 390 444 52 93 685 794 288 633 368 69 347 57 952 755 879 268 700 281 40 206 302 591 566 262 586 332 166 135 64 39 766 972 551 208 581 192 668 469 938 866 451 85 406 93 664 696 725 382 96 709 41 577 348 123 2 646 479 100 144 526 1 221 417 466 527 440 49 450 339 701 17 33 131 785 244 800 882 539 806 364 923 398 894 730 140 948 694 998 631 492 181 944 842 313 343 262 222 926 498 211 301 44 786 882 987 28 890 744 435 554 356 687 685 705 275 340 823 109 769 663 975 832 152 133 200 401 943 572 647 655 423 793 439 556 486 320 588 995 909 197 447 326 518 389 644 956 640 522 354 970 329 853 517 866 789 480 697 396 904 570 984 66 532 329 68 573 298 398 897 658 617 216 571 836 621 448 913 665 441 725 445 32 202 587 595 449 756 140 614 812 197 500 237 350 8 353 2 829 660 71 743 761 214 169 620 814 732 902 643 329 757 865 625 507 762 871 202 43 506 266 726 341 585 203 504 289 577 455 718 369 128 938 314 588 434 231 996 241 368 110 418 807 953 985 998 225 663 488 785 410 249 919 825 997 185 520 126 702 108 6 749 788 856 26 511 954 936 143 820 892 292 234 764 510 96 616 351 802 626 111 736 115 662 467 418 493 285 985 447 501 244 374 457 218 387 265 106 402 425 785 37 106 138 179 671 667 336 31 516 292 999 619 301 692 835 831 251 939 809 679 303 143 113 477 45 162 275 265 960 993 821 535 466 79 833 974 964 956 372 821 168 671 682 214 965 623 566 300 202 272 761 731 189 228 462 9 427 423 513 10 596 732 291 407 764 783 795 528 478 534 134 280 573 133 355 88 573 120 793 859 14 158 516 243 286 435 809 251 588 397 269 180 553 966 770 312
34
662 812 771 804 100 589 586 210 572 233 799 42 451 986 756 878 954 241 577 975 139 457 840 57 33 137 570 389 105 367 109 935 357 399
738
423 939 698 930 74 937 709 566 877 606 957 910 580 372 702 274 64 730 104 424 53 950 275 867 459 449 731 977 981 408 324 141 72 403 220 773 154 770 597 251 623 648 778 987 797 526 223 309 752 780 944 94 563 640 408 449 888 175 993 128 189 866 867 8 16 307 344 499 758 625 813 782 988 389 902 204 744 219 109 286 536 206 478 272 837 531 370 54 654 511 478 617 48 121 153 136 535 650 137 167 424 580 337 726 224 40 697 380 641 288 22 348 90 636 699 855 899 324 241 409 393 667 191 333 715 857 895 262 841 335 140 460 545 906 94 828 32 839 448 375 442 685 526 403 174 742 198 728 480 166 654 69 412 132 815 144 473 232 253 312 439 579 309 377 972 680 442 356 214 420 966 891 980 350 885 669 254 727 67 22 277 965 344 407 8 475 643 334 701 214 422 550 744 387 781 26 349 164 974 641 657 409 255 772 907 351 956 641 321 904 271 604 395 498 139 990 820 6 636 172 727 915 19 896 371 950 13 490 794 703 836 780 60 216 591 432 997 479 753 939 604 503 597 712 554 977 904 565 361 648 902 886 314 980 241 852 598 543 582 183 525 773 861 850 273 408 147 748 877 42 235 299 720 255 279 439 745 86 867 598 613 883 56 483 416 178 643 768 984 240 492 65 321 803 930 628 542 650 258 691 765 327 587 447 891 396 437 417 84 745 333 730 120 964 402 112 432 922 709 469 518 952 642 260 849 613 12 677 32 165 255 217 975 207 599 947 369 273 126 368 558 655 518 624 846 713 794 107 293 503 220 867 424 459 297 912 195 818 486 106 140 56 388 121 395 811 906 90 35 449 313 247 43 79 575 254 935 607 636 293 542 393 707 958 762 20 323 524 357 415 986 86 89 911 465 293 176 975 344 819 376 555 532 106 207 103 644 298 461 61 693 250 49 172 570 932 210 774 946 208 721 489 884 877 215 400 344 989 92 851 491 438 879 488 132 588 78 659 898 610 198 114 899 132 43 888 689 51 238 250 116 428 43 212 54 260 555 709 372 786 971 561 158 419 845 708 78 632 303 625 361 5 933 763 653 940 364 530 58 294 774 311 321 95 222 503 464 995 122 58 420 437 371 359 560 258 53 432 504 729 973 655 965 138 4 689 276 111 144 141 576 230 53 158 901 170 283 182 308 394 783 26 845 151 516 466 290 843 778 644 335 434 196 497 667 545 521 766 906 292 871 328 386 690 560 46 789 374 654 61 896 316 900 195 185 819 980 115 111 419 816 712 408 83 976 195 487 497 352 318 909 264 40 333 297 421 624 445 252 599 577 287 863 527 949 240 789 203 514 487 505 875 882 713 132 730 594 36 150 203 718 922 89 69 61 179 294 474 96 9 577 955 977 997 159 76 172 353 499 182 498 364 223 958 208 83 591 630 641 226 692 240 333 811 678 604 772 954 597 685 160 989 50 953 759 163 99 683 915 490 484 548 998 147 410 508 753 130 437 455 934 298 687 457 793 670 645 501 99 188 671 748 658 508 642 500 996 331 414 263 64 789 950 499 595 723 464 322 350 483 732 243 104 957 613 453 501 715 226 241 743 188 798 291 598 190 415 751 923 677 822 822 448 702 525 671 161 372 166 270 772 438 830 858 644 434 753 607 89 453 395 976 88 230 305 984 308 57
93
187 249 966 413 756 132 134 807 649 429 929 111 784 80 938 773 154 856 189 320 929 657 161 34 816 278 550 276 100 133 816 744 925 254 587 996 554 701 794 282 781 734 547 554 133 676 789 218 324 742 887 748 907 828 197 901 496 749 419 70 848 788 480 104 520 533 369 103 92 372 561 227 43 320 572 188 634 145 9 720 144 328 502 102 538 972 700 408 920 679 700 334 327
179
222 499 45 714 546 928 381 453 281 41 302 13 725 740 497 49 971 482 671 339 436 172 636 325 645 668 469 815 868 368 928 789 282 740 833 938 1000 804 618 876 261 568 194 936 573 525 511 232 892 807 591 651 382 543 131 136 526 689 213 478 366 861 568 558 786 5 285 177 730 544 124 312 780 31 795 616 89 701 35 24 141 736 205 757 849 247 598 675 82 676 365 238 149 340 882 55 948 709 881 784 402 449 976 236 976 842 83 383 320 820 659 233 423 950 24 12 328 584 496 160 923 400 609 41 360 611 577 249 98 459 463 635 344 590 180 22 916 597 656 510 15 65 954 881 952 324 947 158 503 67 789 730 206 419 299 402 359 708 995 520 611 763 873 36 127 747 719 997 293 174 456 793 220 764 150 498 607 684 529
533
684 556 679 808 744 210 714 82 912 623 772 410 518 406 44 677 108 55 161 779 859 697 990 92 593 104 805 400 885 390 293 89 655 331 396 7 496 374 516 22 704 499 724 469 344 258 21 627 307 171 536 599 657 807 546 719 726 507 277 377 275 958 134 231 316 292 234 132 37 677 278 1000 318 461 759 539 386 614 940 981 845 185 374 182 54 751 41 199 84 636 833 449 5 612 465 845 446 867 25 658 261 330 421 969 805 480 778 258 986 926 850 713 397 484 231 160 824 621 108 833 589 977 510 821 51 282 398 327 98 245 296 656 740 889 99 150 769 801 912 125 58 54 428 34 130 242 123 105 955 601 405 201 418 490 13 611 549 559 472 487 334 780 86 335 20 217 479 137 380 28 127 942 303 490 376 214 801 683 423 387 238 683 965 785 955 941 972 977 338 782 119 261 917 282 217 441 906 909 279 652 679 730 13 864 638 462 169 354 289 495 278 49 645 656 887 965 741 948 31 374 85 773 626 673 697 209 552 265 782 460 353 448 916 620 762 560 918 810 920 867 578 776 423 183 156 833 147 322 662 50 378 471 181 391 668 258 796 916 469 845 318 213 97 105 760 250 162 536 830 442 429 357 89 195 224 164 570 731 552 472 835 285 920 989 583 119 856 747 722 175 624 216 134 887 392 724 902 546 88 303 37 509 494 124 856 967 996 989 358 558 468 166 274 280 416 769 630 428 194 811 542 623 441 847 481 364 760 859 515 532 633 283 546 370 438 770 69 253 597 776 335 589 980 299 377 73 428 59 866 656 823 517 291 399 705 64 4 932 326 158 126 727 107 356 301 62 658 987 416 891 258 175 147 974 549 418 168 714 929 323 254 303 614 505 813 172 101 199 87 404 982 597 302 945 244 700 470 122 320 846 234 264 331 406 58 493 327 713 996 452 947 178 749 615 93 172 958 26 259 172 933 898 829 600 673 557 862 168 117 704 189 403 111 830 533 566 732 29 209 282 585 43 954 877 93 755 171 397 306 613 145 890 8 744 425 303 90 987 634 161 524 553 836 667 294 973 408 833 599 900 209 190 105 404 395 892 673 269 213 968 632 67 122 493 125 797 898 960 506 829 72 241 629 94 331 853 834 865 947 730 296 703 818 271 18 284 207 612 504 801 943 931 507 480 157 506 195 480 948 593 821 791 442 541 232 678 945 294 484 952 707 531 698
940
775 517 943 811 938 645 253 174 980 884 821 306 623 224 121 868 650 983 752 392 105 570 352 833 419 464 565 356 885 999 375 25 420 982 664 101 38 100 318 711 343 12 440 676 215 555 859 48 779 573 142 750 20 371 712 737 649 843 510 257 949 482 941 387 657 974 391 948 536 827 4 407 882 94 982 78 557 789 108 2 851 31 557 420 612 411 296 598 519 854 23 533 47 336 626 721 478 998 725 698 870 383 559 594 366 693 384 556 654 195 863 141 877 111 98 909 830 221 60 320 791 523 583 695 34 741 828 395 638 424 251 239 762 673 402 474 468 377 435 386 739 170 827 261 180 457 20 903 317 592 640 398 348 466 849 381 333 217 986 359 512 935 973 436 161 817 598 435 984 952 198 640 900 57 735 980 81 909 947 323 574 605 440 82 115 308 493 704 750 435 342 441 533 569 593 753 248 270 447 23 333 321 73 911 738 661 234 306 562 842 765 925 87 937 265 947 466 246 485 445 531 55 224 735 442 716 164 668 562 122 703 92 375 770 477 186 901 701 38 491 100 385 483 404 873 615 94 839 619 978 850 676 609 954 415 258 677 58 623 699 999 361 715 794 299 835 1 634 276 547 839 308 391 621 832 651 877 930 284 176 292 178 270 249 667 732 635 883 856 85 649 482 484 184 5 764 99 207 748 104 846 156 842 47 478 286 988 411 265 826 855 701 453 610 858 122 922 430 381 849 245 975 791 550 80 332 917 932 450 333 802 126 164 814 589 423 841 420 192 307 754 787 895 284 632 592 268 860 194 413 433 191 28 844 435 613 660 356 101 927 428 450 741 569 724 572 710 124 906 357 353 464 865 893 990 786 941 916 394 810 651 540 738 537 356 96 197 346 817 467 562 670 629 452 518 231 771 383 920 112 984 605 540 520 728 948 367 666 754 380 52 164 461 350 108 730 667 913 786 439 49 134 41 255 514 644 528 713 834 394 387 901 558 254 827 491 561 454 243 481 64 719 154 783 25 222 761 142 436 346 809 219 855 820 664 869 738 423 448 320 348 556 733 603 231 361 700 580 601 311 970 93 548 642 398 518 955 384 976 416 945 505 28 12 750 693 47 526 787 519 196 666 767 640 508 779 934 277 747 795 772 254 351 808 307 356 989 477 651 406 859 734 627 533 212 592 143 574 479 981 964 111 50 525 345 616 581 932 520 246 314 154 877 45 779 738 707 322 825 350 218 632 936 257 745 151 103 662 281 441 1 517 731 723 794 97 887 416 319 585 649 427 858 791 236 522 3 936 697 282 389 29 643 989 88 299 272 188 817 278 396 197 882 779 351 625 737 187 959 977 907 403 276 21 393 117 631 357 512 670 12 486 680 647 911 450 779 808 728 594 321 694 899 42 241 390 364 209 113 821 90 170 331 839 654 2 553 739 961 486 431 351 555 335 151 360 76 375 110 353 739 378 547 765 847 684 704 544 7 661 192 782 234 2 736 707 721 148 435 527 261 162 53 659 775 861 542 247 670 125 339 165 545 123 924 34 968 718 921 236 710 767 64 938 12 99 376 787 922 925 27 53 980 771 173 441 470 390 633 601 783 221 817 879 913 705 205 191 601 247 79 130 177 590 702 973 297 191 465 887 484 307 850 189 36 127 911 351 928 757 442 437 648 952 860 302 355 673 978 271 108 511 606 262 932 900 643 799 125 819 422 542 203 162 173 961 541 907 778 694 928 725 659 754 415 783 497 324 278 565 601 716 826 666 201 718 263 712 425 857 853 715 885 617 951 819 149 71 941 35 475 431 156 949 60 953 813 776 902 906 32 683 339 415 220 876 98 719 65 545 68 256 534 1000 188 881 839 674 338 473 830 678 615 220 566 135 632 26 982 539 700 652 254 335 635 206 394 749 512 159 831 560 468 207 250 875 954 984 311 638 34 364 564 909 58 646 580 988 304 438 337 292 675 177 43 103 692 631 330 413 487 58 381 424 638 409 587 712 186 824 162 403 217 368 892 417 636 316 845 629 853 58 719 455 946 499 801 813 751 140 992 921 275 150 523 538 584 374 761 39 564 16 227 119 641 380 417 648 521 939 363 450 6 137 805 749 814 395 597 795 227 992 416 824 462 849 422 945 760 248
532
369 314 260 793 638 236 400 558 741 418 195 601 474 230 202 207 359 454 937 358 173 109 105 339 528 90 76 832 682 900 489 492 616 687 478 802 730 347 938 373 27 529 797 737 358 810 346 89 990 943 479 625 573 108 836 220 474 126 559 655 757 188 333 635 189 807 99 341 309 769 299 421 195 280 567 664 329 856 257 799 912 987 635 567 624 433 520 699 488 313 110 902 686 544 420 755 188 210 354 898 956 996 884 485 117 929 313 947 788 533 593 810 638 406 713 881 72 548 85 411 123 773 420 517 165 571 237 159 745 773 467 401 156 78 550 548 130 176 430 45 511 663 852 760 398 579 751 207 988 569 615 397 143 374 90 903 589 418 543 250 463 971 751 632 715 724 119 371 664 826 337 766 484 394 2 412 276 332 904 193 766 488 283 988 516 934 560 817 208 399 342 977 221 342 504 469 979 957 455 759 632 808 734 146 392 129 115 138 119 504 88 128 976 463 924 630 78 518 768 228 426 299 671 499 737 232 255 133 793 416 232 477 264 549 301 188 649 954 241 590 856 934 616 124 833 611 506 745 184 274 263 366 745 880 731 241 418 715 865 274 930 610 886 886 205 129 793 590 627 467 114 166 179 532 757 894 334 325 288 143 750 993 381 425 988 184 841 86 477 802 440 15 232 557 84 341 510 705 970 881 705 129 600 265 67 646 284 653 816 909 53 207 599 811 46 251 570 828 467 589 485 73 444 404 87 515 257 474 565 218 246 564 397 513 778 677 608 563 776 344 350 329 297 544 684 831 723 92 798 295 919 701 876 647 475 790 523 129 492 19 117 326 481 819 725 977 484 438 194 560 684 178 753 571 368 26 256 131 409 648 646 267 530 588 83 672 456 493 516 378 338 484 879 956 256 675 54 248 120 860 821 702 431 145 140 275 660 515 94 229 830 410 98 357 878 282 923 867 696 830 221 545 910 909 360 921 654 487 270 571 439 532 312 645 81 115 263 898 488 390 206 435 872 278 779 73 922 162 865 739 25 212 996 76 724 967 455 170 235 175 681 624 374 596 226 756 394 306 910 143 955 176 401 485 436 363 275 455 335 413 764 697 370 740 631 190 27 234 175 338 388 440 549 139 660 11 103 102 779 430 377 615 125 542 56 913 612 982 214 808 994 732 865 127 176 717 499 829 100 264 974 489 760 211 700 948 692 69 315 315 894 910
981
555 764 237 415 839 297 878 863 161 207 811 792 382 138 374 352 646 532 555 511 118 226 475 893 418 456 294 822 192 713 241 989 97 335 535 475 226 739 159 397 611 484 200 16 442 90 128 42 154 864 338 36 553 296 676 778 728 824 94 149 884 320 528 386 503 664 261 260 635 448 888 799 145 469 979 329 547 771 200 140 323 932 398 119 306 555 838 318 112 730 631 132 251 65 789 705 958 481 462 401 506 82 660 396 548 333 638 666 572 390 573 48 503 297 991 829 750 373 595 562 691 264 153 543 120 260 813 677 577 242 185 510 294 781 810 14 206 565 863 252 680 571 329 89 993 440 491 769 818 217 950 448 51 713 101 391 895 632 94 694 838 722 796 865 615 675 688 358 902 602 254 722 767 36 618 858 10 801 660 156 129 529 721 250 856 600 388 691 817 672 163 582 673 275 14 838 5 208 26 495 516 828 229 184 185 825 251 853 194 178 204 433 624 14 103 920 461 976 109 971 572 611 99 528 964 965 252 572 491 478 218 83 915 730 365 593 206 860 757 808 827 29 173 226 483 403 869 804 766 285 146 978 677 183 651 611 484 471 630 429 652 388 783 840 760 987 44 239 728 741 378 53 172 16 426 129 982 44 416 309 797 84 453 740 817 679 379 779 39 111 719 341 736 953 615 279 283 665 280 223 10 25 755 950 863 556 251 610 645 373 579 17 879 943 832 535 528 588 591 647 187 946 186 353 907 229 779 703 881 757 251 832 789 65 461 540 283 934 42 911 130 968 51 443 406 355 424 539 566 47 320 790 539 844 765 896 602 614 655 276 779 514 800 72 410 151 205 416 931 126 262 913 292 378 865 669 621 839 608 168 141 273 566 357 792 546 457 23 509 612 575 273 863 277 519 998 303 187 342 359 649 308 340 915 158 88 131 206 583 110 153 606 577 259 84 1 513 903 22 282 810 730 829 855 990 692 281 905 985 524 162 493 881 677 919 632 963 705 219 329 487 782 850 260 453 579 922 794 46 425 194 880 102 683 721 934 589 566 514 777 620 43 346 428 556 30 348 730 684 129 500 907 264 217 177 806 63 280 736 917 576 410 636 933 959 666 856 227 22 228 501 755 351 731 974 663 835 570 531 664 466 337 10 202 864 338 147 183 840 218 613 512 236 156 199 790 250 92 741 670 542 674 31 999 35 664 791 565 314 432 629 661 705 480 626 305 301 310 512 803 372 414 401 654 875 679 776 265 498 715 824 147 799 929 281 1000 413 798 328 174 509 389 612 97 232 969 157 584 639 695 849 963 649 191 717 867 724 283 922 298 967 55 832 56 268 411 565 822 473 35 92 674 636 498 20 718 922 237 521 893 203 89 402 600 334 32 221 197 373 501 690 731 587 68 719 595 475 153 743 984 628 324 686 187 759 274 202 555 621 719 489 264 903 528 400 451 689 923 208 618 201 971 99 749 618 610 594 847 47 838 854 485 680 428 608 558 62 275 798 18 621 21 198 610 355 605 402 651 845 311 700 179 228 586 210 249 880 596 276 390 326 95 975 612 48 114 783 784 189 211 683 701 570 742 915 765 294 115 940 380 706 105 438 573 958 382 163 126 393 574 550 628 414 336 430 393 56 981 994 668 589 800 794 537 897 413 607 239 585 265 986 177 208 457 949 257 310 872 894 621 680 145 74 936 18 433 535 835 587 810 895 790 987 171 636 273 795 361 739 66 391 570 282 384 595 26 693 30 679 395 897 870 913 105 511 347 150 97 502 756 165 103 484 958 444 659 870 638 231 701 920 767 487 975 101 337 259 689 133 672 227 452 601 349 695 150 501 196 382 421 834 506 464 145 703 499 300 726 855 233 724 453 589 17 807 281 468 939 399 330 746 969 832 767 741 821 148 867 962 730 272 15 924 134 420 87 135 516 968 620 100 172 529 824 962 938 840 906 985 711 535 547 568 747 19 830 296 318 537 297 621 378 6 803 974 985 770 43 741 152 7 197 674 814 713 641 790 305 4 518 567 647 758 706 901 589 541 404 342 221 520 814 535 572 937 853 954 136 378 416 100 297 527 922 520 448 743 355 743 935 685 484 665 762 21 591 642 522 122 599 168 60 900 304 284 809 170 906 294 74 760 466 717 416 884 242 530 160 909 691 123 530 233 925 796 503 736 232 52 798 728 122 685 864 540 864 477 289 759 580 492 749 756 645 934 635 289 731 821 58 22
402
986 185 29 64 960 274 315 841 920 824 216 229 62 850 653 123 614 163 141 493 123 859 912 241 350 242 47 280 862 22 227 902 871 481 887 115 219 933 805 360 275 740 6 371 233 302 926 279 35 684 166 956 748 103 566 531 969 566 581 158 714 723 912 565 234 823 3 84 295 917 686 326 759 258 146 621 476 619 500 515 420 564 683 691 565 23 703 199 83 908 13 244 730 217 535 89 345 536 134 256 304 547 665 147 116 339 389 953 39 731 642 74 971 325 780 46 769 165 10 96 955 797 739 296 895 731 420 751 212 265 416 931 144 167 991 412 598 628 809 856 5 622 88 481 228 362 966 67 399 955 88 6 66 81 777 675 939 316 603 740 712 812 740 823 422 519 554 637 471 214 657 505 66 805 457 850 417 446 340 379 763 511 634 112 582 661 795 926 430 512 651 338 156 294 149 117 455 97 420 465 783 824 988 430 921 349 390 252 266 546 415 202 402 808 934 924 712 345 239 62 115 484 494 272 428 428 831 835 453 297 291 275 300 632 36 143 436 556 269 666 852 499 675 529 413 295 575 748 339 341 314 151 921 553 524 101 16 245 259 851 848 853 548 5 888 4 468 142 379 364 441 1 769 136 64 192 447 552 562 912 999 106 587 498 388 666 631 645 733 76 307 646 684 150 322 123 265 844 409 232 205 506 10 593 566 111 483 95 400 855 927 456 476 944 736 517 438 469 54 392 654 486 76 486 7 953 966 226 912 611 654 165 33 200 48 359 837 869 568 420 863 986 243 805 681 340 794 509 990 442 403 499 508 860 248 137 283 169 417 365 318 527 161 631 637 936 858 539 352 200 272 746 563 675 450 102 25 74 340 498 677 245 673 260 895 922 995 442 487 79 744 374 39 852 625 181 984 813 609 250 692 873
555
712 512 588 615 476 803 532 193 140 24 627 526 519 727 522 667 102 851 553 648 347 135 774 568 468 413 741 748 778 396 113 533 183 40 981 411 856 110 213 523 54 1 896 262 542 357 876 756 511 359 897 527 708 723 16 802 564 2 583 321 582 967 830 374 249 807 90 380 42 908 788 618 393 599 821 748 589 679 207 608 568 424 291 208 779 107 52 973 46 202 238 25 847 519 429 14 777 981 443 243 244 506 678 755 806 292 642 544 450 379 927 207 663 716 408 75 97 44 586 848 860 451 833 89 587 911 797 186 170 935 443 336 22 355 109 27 927 684 674 914 844 92 817 677 502 169 706 581 35 578 757 612 601 723 722 209 235 436 568 100 624 118 433 15 955 822 232 984 130 60 660 722 124 228 703 622 310 739 646 396 75 245 545 971 171 859 840 241 228 955 546 316 963 824 206 909 469 396 730 671 854 579 731 818 756 361 292 194 847 755 6 975 781 88 192 109 851 607 147 121 944 985 644 798 240 519 130 210 282 73 861 981 411 831 303 958 564 161 698 297 482 320 168 160 227 602 37 461 693 295 385 824 18 24 137 452 66 975 956 998 953 909 842 737 300 748 584 534 906 242 48 285 627 689 627 496 960 662 898 943 8 639 672 757 514 67 666 720 471 102 641 310 558 722 891 808 63 945 131 819 161 149 902 350 991 519 209 245 449 543 816 659 845 529 526 512 227 539 999 282 545 49 698 369 188 905 696 151 911 502 22 385 199 937 526 970 318 782 786 122 435 669 813 842 431 454 692 564 145 167 527 787 998 606 63 512 850 752 193 504 483 877 78 964 104 67 604 365 881 782 448 515 507 309 765 255 931 560 919 473 432 961 439 961 36 197 351 539 281 653 245 21 270 824 34 740 888 9 378 168 77 551 103 565 903 50 152 711 37 695 898 103 429 155 450 879 823 787 528 543 125 176 446 800 456 389 401 659 926 144 936 744 144 185 86 961 943 535 281 464 768 353 887 560 639 929 29 871 687 414 625 159 209 251 983 48 305 849 989 167 134 95 155 322 11 665 394 418 464 610 341 825 783 133 523 751 514 342 225 170 526 225 33 407 389 656 741 11 996 87 397 732 483 870 710 906 109 830 487 486 46 872 132 91 668 176 254 331 145 255 885 101 717 446 676 528 923 264 439 100 625 512 531 459 366 645 275 552 172 395 608 165 12 298 916 959 933 468 478 32 561 497 194 792 155 648 820 888 206 147 884 508 905 616 162
357
533 215 551 932 412 203 697 166 729 70 148 139 859 608 672 984 350 113 830 782 972 219 757 911 223 872 953 919 600 972 698 965 10 190 256 251 950 875 503 98 864 826 68 559 254 563 269 719 87 376 370 448 562 615 850 826 434 92 575 231 280 933 906 460 570 602 290 295 546 719 173 834 358 842 483 401 411 54 642 716 829 592 11 951 67 149 452 653 318 444 247 319 54 871 80 601 391 801 551 56 622 65 823 993 432 36 410 612 554 265 200 347 198 393 106 767 965 893 673 287 955 548 766 313 873 727 399 316 685 782 713 796 888 519 321 89 754 587 981 451 14 151 981 60 930 893 935 859 890 499 191 428 418 317 145 822 511 762 530 846 703 894 799 348 989 777 20 546 89 654 397 428 278 173 686 615 949 767 482 75 384 40 183 425 750 976 527 292 489 776 802 706 283 595 109 957 600 571 281 264 871 321 359 819 886 752 448 371 161 657 89 521 913 742 128 443 412 71 847 268 531 85 792 934 867 531 845 784 229 116 55 72 616 333 551 77 877 463 908 696 975 916 432 712 509 485 714 434 557 202 853 803 891 579 88 951 736 370 978 95 734 162 260 753 227 470 659 599 325 841 696 431 200 890 916 38 61 296 22 623 694 836 563 426 859 422 987 77 23 502 513 55 159 315 603 125 619 248 24 748 274 876 986 535 694 684 126 537 665 311 679 785 425 892 851 53 642 109 875 634 390 446 850 319 6 749 254 202 765 82 162 141 250 476 344 51 610 795 351 838 29 270 516 271 943 607 867 645 402 155 447 116 902 553 65 760 222
789
62 692 789 802 44 735 509 311 263 549 925 47 964 237 472 689 696 314 177 480 584 698 990 114 335 778 374 949 691 529 243 501 209 390 869 868 537 337 271 510 219 478 790 432 702 957 362 632 320 719 459 190 51 400 899 959 203 615 957 659 874 799 274 609 227 165 903 107 636 704 653 796 967 751 79 506 228 276 226 737 274 11 604 644 828 699 68 198 601 714 401 619 174 98 655 323 161 498 133 438 86 559 818 257 909 861 903 655 674 172 157 957 275 15 661 695 163 913 253 939 626 622 839 945 420 786 703 879 963 467 709 379 299 938 417 637 701 987 735 895 830 459 825 666 765 828 520 709 376 873 494 236 654 724 148 119 24 454 281 489 226 551 578 515 910 743 138 484 851 222 653 706 875 984 103 204 436 255 680 802 204 708 568 755 403 971 315 801 139 899 347 348 67 85 61 859 657 185 96 663 491 698 81 177 605 74 608 931 820 281 851 668 409 891 413 657 664 861 682 431 304 950 798 592 422 604 281 606 748 319 907 908 832 209 199 825 21 195 813 678 647 450 810 127 407 16 13 965 408 248 546 889 961 128 634 694 733 215 293 918 182 288 944 133 551 623 929 1000 683 583 122 559 959 623 615 657 395 952 979 200 942 421 234 622 87 751 808 109 796 624 233 524 793 61 458 329 291 593 325 61 902 739 110 594 770 354 305 475 430 986 789 49 875 394 546 281 157 940 263 875 791 932 163 188 578 286 128 496 833 695 677 129 926 96 16 538 589 582 788 545 784 366 246 450 452 541 873 77 931 443 105 831 568 908 462 828 530 930 850 701 222 256 228 521 125 934 41 663 812 178 98 788 592 427 288 897 68 187 653 633 2 477 268 715 407 389 988 181 375 110 869 600 190 985 920 245 414 544 514 307 227 30 69 114 297 813 927 890 916 293 896 684 321 541 215 619 589 724 324 662 81 528 756 589 19 439 60 481 303 195 786 935 898 461 679 963 973 408 483 832 764 873 109 741 576 340 258 339 545 688 17 299 927 855 712 274 987 533 817 349 351 653 529 408 168 547 170 741 81 768 806 389 40 299 517 784 893 844 516 520 704 869 969 976 824 309 963 347 602 373 256 661 856 16 249 848 46 516 81 774 769 166 283 338 345 435 7 488 462 917 300 515 741 335 335 944 703 235 978 53 838 579 900 675 610 873 362 334 138 461 744 628 790 639 760 516 670 984 257 98 605 882 709 834 443 610 535 237 959 404 564 871 949 142 795 640 197 989 902 493 232 618 515 70 730 446 865 591 759 646 206 899 220 176 473 384 655 434 441 447 236 173 110 940 350 190 921 690 976 454 449 874 557 811 495 761 191 18 493 627 36 141 953 651 938 33 737 134 242 466 559 211 68 830 116 211 502 494 862 939 279 669 874 900 593 793 856 34 147 572 309 190 893 529 371 103 188 153 174 77 426 673 714 835 670 877 30 277 69 756 763 159 395 304 119 255 562 889 644 604 738 640 127 730 978 338 212 332 146 647 883 157 719 130 532 824 395 650 868 111 940 173 622 721 190 125 735 708 587 905 335 356 13 472 357 606 358 380 336 451 987 38 777 522 77 708 402 22 174 1000 433 960 906 327 272 880 352 240 925 628 618 851 989 750 649 302 586 609 872 245 550 23 730 117 959 552 90 141 769 760 929 983 477 295 657 408 65 179 753 909 646 714 218 16 577 76 192 123 375 135 212 606 831 5 816 437 421 732 360 256 239 294 338 376 99 749 457 93 974 328 20 682 846 26 799 974 464 668 27
847
729 795 45 359 827 891 970 622 858 95 913 405 429 277 957 638 980 133 148 687 310 757 232 508 241 572 966 9 336 513 12 165 298 267 208 740 29 430 517 413 223 470 356 105 577 624 386 393 965 322 945 207 178 319 770 424 422 713 341 902 783 494 942 336 174 1 421 171 383 679 142 722 216 166 43 910 925 690 710 462 115 978 122 637 164 429 669 585 989 412 94 607 246 940 366 294 648 967 97 141 50 890 208 762 772 985 943 679 59 814 558 370 825 376 316 163 688 48 347 982 776 725 961 806 357 207 356 676 173 650 764 645 235 775 475 91 476 285 511 375 910 450 13 760 187 587 592 800 618 53 851 904 940 265 897 273 533 508 627 341 722 178 571 83 836 742 477 828 252 543 859 385 103 872 997 190 610 267 60 926 799 984 41 945 11 757 654 109 151 768 111 170 190 441 383 868 616 362 996 74 486 243 452 752 730 597 270 904 4 545 765 973 133 391 323 550 928 75 492 572 779 959 312 232 51 181 569 209 645 592 157 762 911 354 941 775 801 978 518 30 46 891 738 8 753 731 743 435 703 189 557 260 120 883 815 476 12 408 732 125 874 672 549 688 494 779 57 253 849 351 688 893 501 30 339 121 649 521 693 231 898 26 58 710 863 399 112 22 775 402 871 421 585 241 733 668 750 956 196 320 993 367 431 143 129 422 942 347 89 169 822 189 797 811 758 566 586 97 42 836 663 745 578 79 150 958 277 364 267 679 295 228 750 131 386 640 26 234 50 844 465 912 66 136 29 721 984 815 457 471 206 875 585 214 7 76 343 886 938 91 519 218 829 586 30 504 892 749 775 782 531 106 610 884 721 961 825 807 637 231 648 405 300 521 986 768 316 924 222 917 287 103 881 631 711 933 781 347 617 394 527 26 380 244 114 391 632 620 551 869 505 719 321 746 865 341 366 699 443 905 21 565 707 714 630 686 822 316 996 755 70 304 446 146 364 638 717 657 422 76 215 274 127 255 887 150 926 232 149 824 814 194 319 704 259 715 138 3 700 605 209 893 934 260 98 105 971 776 869 918 735 232 525 194 254 314 394 849 233 986 897 307 823 955 103 603 299 663 515 387 256 783 9 870 377 283 498 990 738 406 128 268 477 317 566 806 640 571 505 139 718 447 654 899 946 839 316 132 543 628 209 762 750 904 380 63 915 977 495 727 108 74 632 457 507 973 446 166 863 416 576 102 597 938 313 60 487 910 130 461 868 808 259 968 154 548 176 780 222 427 578 760 996 768 253 477 506 959 984 340 704 688 992 395 42 663 899 500 676 470 280 985 351 5 525 151 668 888 169 893 589 133 980 493 130 781 676 969 739 396 592 683 844 242 186 224 745 715 457 320 977 333 6 454 833 48 363 847 935 1 454 884 351 690 432 425 985 952 878 715 872 63 996 313 953 466 555 675 364 145 436 376 606 648 645 784 702 111 256 818 759 927 226 255 134 857 522 725 663 214 748 484 867 499 851 223 220 700 307 610 92 140 631 154 739 572 132 606 19 29 585 961 300 452 378 916 979 81 66 582 905 544 994 208 991 298 140 206 990 126 142 817 729 945 962 596 786 811 596 795 57 277 61 924 878 105 888 834 83 567 500 315 393 884 986 896 506 267 844 220 867 468 74 964 315 684 793 190 974 391 455 176 234 421 259 954 778 265 617 231 145 702 245 420 263 231 640 488 680 75 921 39 422 914 325 424 864 356 202 219 93 789 498 254 111 995 840 832 250 637 769 183 537 682 695 62 504 400 335 778 840 646 490 451 774 791 579 644 853 63 513 790 101 998 110 312 737 40 643 437 721 129 38 450 892 888 94 130 691 901 11 792 868 582 94 384 672 914 956 133 846 181 272 474 644 514 600 42 889 363 708 13 277 643 797 753 552
417
388 900 204 377 558 918 756 698 405 300 156 542 253 934 657 937 766 803 391 282 744 590 312 303 363 896 885 189 880 98 21 978 451 60 413 276 493 388 635 277 247 988 995 791 287 693 438 157 568 102 340 888 560 762 487 673 231 156 368 806 810 543 663 847 58 83 703 461 471 313 538 424 958 667 978 368 391 731 859 202 387 413 514 469 112 486 147 783 568 770 312 58 842 791 961 819 105 694 395 541 665 215 957 107 126 275 206 36 630 886 284 510 519 565 624 767 923 424 237 594 658 446 181 799 917 545 231 632 816 240 319 968 110 510 777 752 137 552 770 726 129 495 70 300 238 547 235 897 369 717 229 140 88 118 189 405 777 699 170 731 621 450 210 591 282 649 424 557 115 570 540 701 841 422 721 865 759 201 427 98 853 398 684 111 960 360 401 219 963 761 70 13 562 942 997 722 366 773 514 433 455 136 903 46 464 624 456 80 811 23 160 436 598 245 19 350 945 609 499 772 416 520 316 19 140 596 746 514 269 535 916 260 298 76 888 861 590 939 565 782 813 369 600 637 876 6 721 554 973 883 147 48 682 865 596 426 538 633 513 76 353 676 576 711 786 391 449 380 677 869 482 163 144 259 417 744 528 962 748 264 151 761 874 377 153 61 768 857 757 742 834 456 403 944 907 515 871 319 518 863 566 672 345 616 749 782 656 360 487 704 517 12 494 692 895 266 617 871 922 70 678 690 437 221 536 269 648 770 837 918 482 404 641 554 445 418 39 629 222 791 224 543 912 894 92 447 224 34 802 11 728 533 86 562 104 508 105 27 533 359 244 957 529 382 917 797 563 646 827 22 801 59 153 408 950 226 450 629 890 119 483 380 385 103 223 750 12 361 362 168 243 444 584 602 600 428 887 36 437 559 250 284 903 984 9 159 61 916 113 271 510 412 553 531 886 421 677
373
787 399 296 877 6 657 590 154 352 288 398 436 576 160 351 706 151 718 668 795 453 554 323 826 129 548 227 753 154 564 738 735 23 452 336 47 550 518 564 674 372 810 16 162 879 416 108 452 907 773 373 547 840 480 852 604 370 568 607 185 839 95 513 599 551 87 341 151 378 460 341 649 644 647 415 956 76 160 874 564 639 641 834 86 711 53 347 945 416 915 603 961 492 411 56 410 966 191 306 181 860 923 682 144 922 753 181 651 386 462 49 530 217 227 352 98 711 743 311 85 582 792 163 449 25 12 296 806 645 776 968 550 285 69 201 493 210 559 576 642 927 346 184 321 93 612 584 471 358 680 627 199 739 150 727 216 827 136 179 337 416 143 211 151 195 642 416 538 825 654 534 32 740 404 147 853 800 38 283 872 517 385 955 892 29 356 448 604 674 739 702 885 636 129 21 386 870 85 859 512 620 107 440 212 420 389 238 357 311 793 83 484 554 937 554 530 506 623 664 5 622 663 930 509 508 154 195 31 255 805 550 795 89 469 714 194 885 904 293 701 43 776 965 596 913 388 844 228 234 980 954 690 581 315 583 966 900 29 515 427 844 844 960 724 145 947 6 75 795 429 510 898 861 546 559 758 210 231 841 970 204 771 481 187 851 274 625 140 999 462 306 124 93 554 50 183 86 985 463 47 272 322 828 706 364 628 465 698 529 712 357 862 394 492 38 814 94 579 106 499 435 379 96 648 811 258 443 534 136 652 901 810 864 151 477 803 402 818 21 130 161 395 621 253 362 938 775 850 132 535 31 236 835 879 111 517 564 724 793 620 930 173 872 147 674 823 853 390 521 329 836 171 616
752
509 811 424 194 977 846 442 917 702 152 398 937 396 588 44 511 581 83 610 10 817 559 907 257 639 850 321 33 886 82 184 390 550 776 685 849 793 918 123 183 593 855 589 38 154 219 692 672 574 235 575 478 962 534 911 263 222 681 558 752 918 323 458 644 858 582 985 14 387 184 541 187 30 910 34 200 51 402 344 409 161 940 238 345 252 206 754 487 58 927 786 126 337 795 34 659 453 864 487 428 664 839 278 331 896 310 986 280 506 376 135 855 125 128 352 235 647 744 158 520 587 227 741 995 896 224 166 138 12 508 259 965 122 339 324 605 304 885 459 941 963 322 890 910 973 330 692 342 747 250 590 499 119 232 960 501 420 247 821 551 640 116 976 796 748 420 581 541 832 897 521 970 888 953 673 334 136 738 468 500 512 953 780 45 388 315 46 259 436 459 515 640 121 95 284 19 519 430 575 814 213 15 905 189 232 403 583 318 115 368 819 524 348 191 631 6 238 437 818 497 959 20 831 355 477 59 160 449 827 959 715 523 531 211 518 603 354 124 64 635 413 949 385 437 663 700 984 434 900 907 543 786 936 1 574 851 972 567 822 545 140 681 748 291 470 38 796 927 716 287 736 224 434 475 836 159 546 665 122 965 992 84 987 710 703 779 907 698 926 107 647 936 988 110 970 414 753 495 524 48 586 25 574 926 27 621 917 861 161 799 912 538 105 165 75 519 393 430 637 983 893 785 143 636 19 199 106 993 364 396 78 390 867 790 115 58 93 950 137 410 670 535 22 264 749 385 393 272 888 493 406 330 126 550 58 709 430 148 424 38 623 112 899 45 461 560 383 356 941 770 972 477 906 667 888 423 345 967 211 778 655 532 197 776 193 237 66 476 531 858 425 45 945 166 277 246 607 480 166 347 655 939 237 818 578 415 108 129 184 766 828 388 233 881 800 206 880 396 205 665 937 614 691 372 549 214 363 261 430 671 889 765 691 499 134 918 472 669 792 665 860 665 218 995 43 825 779 430 887 468 765 710 258 660 744 618 577 803 334 319 502 681 600 314 811 512 779 250 119 607 77 219 152 174 954 245 225 689 179 489 394 742 764 112 478 837 278 331 64 833 655 926 234 246 66 467 214 759 212 653 805 485 560 587 996 662 425 989 497 932 471 763 891 525 600 728 110 443 625 772 176 357 234 232 697 806 768 712 489 207 987 730 754 714 42 692 47 136 400 983 427 212 871 338 510 138 39 778 728 404 654 654 851 785 905 455 629 497 718 380 833 484 447 512 261 556 873 813 762 748 970 75 516 289 511 792 982 820 989 326 267 34 575 442 86 612 709 132 263 158 732 583 337 92 114 846 556 566 779 500 191 73 846 860 856 613 541 376 117 534 89 139 897 391 330 1 444 45 239 872 504 32 471 344 326 111 88 10 631 420 711 855 791 549 991 579 204 55 820 535 641 845 850 547 372 352 306 130 984 784 513 152 850 511 297 788 997 731 786 764 171 913 34 907 750 742 900 470 223 80 967 503 55 604 553 442 482 477 118 356 323 595 152 727 600 454 489 362 78 314 24 770 702 58 274 244 144 541 215 521 388 420 93 265 929 695 838 84 226 899 388 957 365 815 953 708 416 890 402 88 517 577 807 223 447 136 92 719 479 600 968 938 875 618 170 201 294 227 823 330 331 890 723 373 780 792 897 819 884 706 791 780
436
589 157 861 205 432 883 639 769 29 841 76 245 853 950 93 416 584 430 656 940 784 886 110 523 962 945 815 692 871 236 345 108 766 702 526 573 670 257 763 515 797 294 388 239 511 690 346 719 100 474 81 606 535 679 614 642 953 90 340 266 2 42 604 255 411 580 336 116 663 421 720 886 162 582 461 166 334 141 955 769 461 829 743 275 352 769 167 68 140 639 980 296 454 982 286 664 363 912 422 26 32 369 491 976 950 193 767 983 627 221 100 860 713 686 975 665 690 763 68 472 285 928 37 124 306 272 463 495 841 546 141 753 345 524 629 828 858 456 613 724 556 949 513 762 601 951 240 595 956 268 147 150 270 613 590 45 430 371 513 428 756 681 549 218 550 760 429 274 956 612 678 189 849 884 138 269 549 844 264 600 536 164 229 821 150 649 116 764 974 523 486 841 651 890 300 60 220 994 75 226 663 492 511 827 851 615 155 988 795 639 588 954 986 615 510 314 55 299 490 941 37 451 149 238 679 246 522 747 175 10 503 583 332 948 616 74 28 875 264 950 980 5 718 487 657 427 111 39 248 395 838 458 113 606 371 727 134 398 153 300 179 618 882 328 10 983 948 986 158 515 732 846 469 773 657 254 958 9 14 890 589 999 988 814 658 691 519 902 40 755 30 949 484 329 735 929 593 367 495 598 465 102 440 696 931 172 983 289 725 215 415 762 683 30 473 952 147 674 585 535 6 332 252 559 454 688 259 118 120 763 52 899 573 549 939 26 487 928 184 893 166 99 454 106 364 667 972 688 571 440 92 345 873 999 85 984 48 242 343 269 98 885 61 501 712 261 149 438 653 561 777 806 802 191 980 23 874 255 413 722 535 984 806 990 867 45 257 71 828 60 405 16 93 379 86 48 706 577 460 656 851 889 907 808 162 847 149 311 745 193 769 746 107 353 850 491 990 536 351 703 983 377 98 852 551 192 95 148 142 26 641 101 429 36 816 586
347
228 119 505 532 388 325 787 72 527 474 864 50 619 722 71 649 673 60 507 374 146 336 933 3 737 865 538 494 36 329 221 414 604 307 192 401 383 125 136 848 179 834 192 563 415 930 278 288 856 148 607 38 861 617 559 767 278 424 748 823 731 910 274 707 978 754 118 425 711 831 535 98 550 758 713 433 46 196 502 595 374 875 844 663 816 710 549 201 459 414 272 151 586 170 851 259 946 930 938 521 7 834 497 146 260 426 552 988 670 909 111 260 742 197 148 370 952 678 64 822 620 435 943 266 251 886 801 352 348 894 912 559 51 459 445 266 204 812 196 696 760 448 785 886 144 770 645 940 616 63 638 313 551 674 517 854 940 622 223 98 150 547 539 106 727 650 82 741 416 922 998 169 552 691 899 42 213 413 753 560 715 541 644 701 534 867 891 921 749 895 30 302 503 893 592 737 366 512 336 883 496 26 650 676 747 335 968 925 163 988 56 11 171 913 107 782 79 442 285 466 773 479 417 76 843 75 60 598 611 530 141 827 866 556 410 310 112 855 760 202 637 243 875 281 680 403 851 407 475 255 621 3 886 113 5 390 958 218 144 232 424 5 648 371 645 662 38 660 198 760 67 777 538 971 860 604 171 852 679 995 892 320 922 607 469 941 967 99 316 184 299 239 988 79 55 60 205 843 383 231 571 823 648 793 930 649 690 849 594 886 62 301 662 362 713 851 183 305 610 187 806 422 451 774 125 155 665 869 828 918 558 587 940 703 61 404 59 772 595 947 962 36 943 142 323 416 684
806
400 297 625 556 349 250 675 81 53 60 406 608 858 433 839 199 655 749 545 112 362 888 257 92 221 865 36 544 44 309 572 364 529 689 757 608 813 498 708 523 618 235 377 329 890 230 974 139 448 615 568 89 431 417 353 629 794 163 450 869 461 700 572 881 32 637 464 509 635 448 20 187 795 931 933 936 985 230 917 343 398 834 938 419 193 675 235 658 990 637 607 643 585 808 330 347 509 192 605 85 991 298 136 1000 604 930 941 175 307 888 268 145 367 942 401 76 62 731 495 266 709 540 387 367 737 743 210 944 454 981 283 651 452 143 500 597 246 77 40 61 736 971 844 137 907 130 195 370 170 873 881 475 397 529 550 391 344 474 509 887 369 855 556 730 263 442 919 983 458 941 491 612 170 908 354 325 904 557 536 67 669 291 855 899 991 718 723 268 284 423 898 536 264 566 802 492 315 786 724 568 167 387 438 284 728 641 413 869 658 827 727 918 675 89 837 469 586 293 184 790 975 700 309 280 364 177 944 88 965 509 996 269 226 529 360 652 864 488 269 46 299 240 908 887 935 956 99 703 496 438 818 528 464 66 717 957 21 863 135 2 374 135 592 408 17 36 377 604 715 602 318 531 271 908 100 487 715 358 455 46 131 509 571 568 732 570 444 727 877 274 922 758 58 361 584 913 506 218 620 115 823 308 423 107 966 721 915 55 724 829 397 717 215 359 369 403 866 785 347 318 925 627 51 922 931 698 223 790 550 978 151 768 801 145 932 462 515 869 180 662 597 235 268 993 252 400 288 444 92 249 931 900 427 13 852 302 944 488 437 385 615 551 203 647 48 191 907 525 869 505 36 852 858 659 185 755 275 699 459 85 947 692 296 404 293 221 782 801 512 283 418 68 145 388 293 305 652 926 463 732 534 276 137 520 222 513 797 392 96 638 466 728 672 230 768 461 411 450 162 945 140 695 712 356 201 221 281 48 69 303 378 524 520 413 190 811 748 969 907 399 409 664 468 725 739 935 132 411 599 784 820 223 710 293 5 196 327 292 44 922 561 63 689 200 374 386 876 571 931 984 844 204 912 702 649 835 900 56 325 828 669 286 13 480 637 218 84 190 235 644 116 415 607 657 881 753 501 356 610 222 845 482 409 833 445 695 753 751 854 16 989 625 680 568 369 87 141 872 875 487 37 508 72 137 753 513 519 508 581 739 851 784 748 961 826 506 479 304 999 99 493 761 248 242 745 695 119 123 628 287 190 530 445 777 793 836 736 649 458 181 170 697 59 246 371 514 646 705 713 843 201 337 714 874 715 78 212 863 77 859 347 222 379 90 611 496 195 633 899 622 37 583 72 654 987 109 992 194 555 948 554 247 109 801 797 311 131 986 232 886 900 937 665 656 292 508 380 492 902 907 495 203 952 207 89 959 948 385 671 490 850 222 906 912 605 234 810 844 470 557 401 539 535 334 433 279 561 705 779 227 387 677 352 556 941 804 317 979 266 715 712 475 325 138 773 305 236 855 653 210 257 450 237 624 261 802 549 997 518 359 781 672 690 631 445 395 186 361 807 104 362 873 639 206 83 459 611 68 737 537 482 353 792 546 358 588 451 685 1 354 540 763 506 272 277 695 973 496 788 639 255 34 601 95 283 811 457 35 721 155 836 371 421 160 546 948 629 87 203 807 308 815 227 874 64 829 188 680 106 338 559 466 877 211 646 715 744 580 299 855 484 592 820 84 581 140 858 109 552 404 891 497 17 486 350 721 95 168 61 17 531 478 886 998 939 873 237 27 499 933 369 404 162 790 269 276 71 760 91 570 591 64 388 694 524 638
410
885 322 605 220 812 351 806 703 170 364 167 533 860 334 822 350 733 870 314 77 971 887 332 494 2 90 284 562 413 602 866 344 376 233 450 464 892 899 826 797 923 533 813 607 792 348 834 87 979 40 819 159 931 104 806 100 465 635 552 333 903 792 383 350 497 52 733 74 757 240 720 412 448 114 415 953 961 911 825 116 812 558 455 122 760 957 797 889 11 244 159 877 536 982 387 272 62 536 905 731 439 365 633 397 366 425 730 11 847 491 817 344 407 249 545 627 19 329 291 809 792 810 459 58 283 733 516 684 96 161 347 365 883 707 926 184 958 682 75 928 659 234 461 135 803 941 800 159 556 497 656 433 613 554 415 670 987 127 786 438 590 314 142 123 54 423 900 597 109 756 589 809 893 456 99 899 992 718 942 813 114 543 877 575 871 332 328 200 843 289 395 719 169 158 310 183 411 743 127 538 945 428 267 69 70 942 905 66 580 577 41 809 57 763 820 42 684 187 961 535 652 690 261 936 724 883 361 25 218 293 867 609 794 81 857 685 203 161 46 413 293 220 747 237 74 64 916 920 367 395 511 910 123 190 587 116 238 667 442 594 168 929 652 707 139 953 495 809 215 153 122 993 891 375 406 532 423 958 270 889 194 19 803 596 678 188 193 755 536 717 25 349 413 276 322 406 382 543 555 385 274 235 881 409 237 38 557 497 722 664 416 916 371 135 409 305 757 930 106 323 76 961 488 543 690 434 940 832 456 638 435 263 296 583 847 768 350 548 372 936 846 105 399 349 673 758 929 46 779 126 64 41 706 152 55 80 611 407 964 540 636 633 11 899 144 575 749 103 91 509 207 131 842 895 102 787 404 615 750 177 552 197 870 75 145 991 155 736 299 771 162 757 231 508 899 894 699 887 410 179 810 671 543 575 839 394 138 947 430 560
253
154 387 779 147 598 872 158 489 384 957 255 700 174 785 665 92 275 434 108 320 11 912 732 612 464 504 179 268 35 832 754 156 778 241 667 27 116 727 265 122 160 845 947 839 665 443 975 665 776 671 311 328 578 73 336 930 585 403 302 509 500 727 548 228 361 735 902 900 803 267 223 588 790 121 856 670 778 248 16 286 389 976 882 788 371 526 263 390 811 772 487 851 959 10 298 287 236 268 994 23 425 606 50 668 726 793 86 693 453 967 236 316 132 556 754 147 733 518 732 241 811 30 375 507 777 558 860 926 365 127 369 692 297 821 978 206 767 796 63 634 533 261 882 444 954 468 966 428 174 366 660 246 46 379 675 77 349 809 627 460 917 644 867 421 661 250 601 163 489 465 52 3 255 67 74 256 698 647 137 695 175 995 704 34 868 666 383 464 599 4 364 101 991 656 595 608 379 218 350 956 464 755 476 258 435 875 738 21 880 550 808 388 768 634 134 886 771 846 945 941 435 646 780 603 675 630 964 902 889 117 691 213 355 496 452 873 21 704 29 588 611 159 381 691 202 68 238 361 877 293 100 56 872
794
148 534 69 382 645 392 686 192 344 404 158 655 890 516 941 436 383 10 178 45 897 204 935 155 635 463 959 703 19 24 303 196 21 799 50 496 839 8 662 419 471 572 323 172 410 801 697 61 223 222 323 302 645 599 993 886 840 39 636 633 739 89 682 6 521 217 246 571 2 316 665 163 627 733 854 306 943 48 651 865 838 365 31 308 298 481 312 222 433 428 313 680 235 803 932 750 889 684 239 14 447 812 939 469 524 935 888 650 243 91 959 232 168 739 295 184 371 382 982 222 164 995 216 41 520 576 792 177 447 344 323 3 398 492 735 681 906 64 68 642 43 306 662 226 611 406 21 517 767 357 757 471 458 550 305 690 819 658 607 620 219 697 533 871 271 961 630 302 311 839 472 750 458 802 294 931 875 446 750 3 631 783 754 495 59 704 151 198 930 934 585 789 305 247 338 302 751 510 730 119 494 701 96 55 789 452 716 951 187 719 560 644 581 794 438 697 594 828 708 810 110 460 898 73 440 300 410 854 988 160 944 830 349 877 603 855 808 534 412 679 257 687 328 693 261 857 387 388 532 417 160 107 360 468 25 357 174 915 48 144 869 776 205 891 412 410 297 621 726 960 203 302 155 662 412 44 263 808 53 195 872 80 780 644 837 475 274 254 992 621 917 933 539 128 918 778 994 370 600 66 653 24 975 898 144 253 364 212 807 444 448 349 215 46 730 20 439 955 787 313 166 766 76 674 533 305 571 555 214 885 598 278 218 517 752 958 749 209 764 820 639 209 54 625 757 838 199 574 657 857 107 274 318 579 356 693 71 635 982 462 829 960 567 582 864 319 456 919 309 459 393 927 286 127 925 576 635 410 323 556 595 912 836 609 210 137 429 964 532 562 340 635 28 915 373 474 421 363 842 384 459 442 311 640 574 830 488 754 552 608 167 258 976 196 687 478 218 514 864 827 793 428 772 7 133 653 7 389 364 557 628 827 304 896 235 499 968 785 142 893 297 51 348 302 450 714 294 300 809 734 767 942 295 590 43 858 337 131 648 494 338 203 20 779 70 657 701 955 381 98 873 786 94 164 680 881 916 230 360 425 270 305 767 405 410 77 627 737 630 670 137 592 5 845 606 817 9 596 745 528 572 542 33 105 606 569 862 576 778 768 141 869 600 832 210 116 10 376 653 833 362 221 984 320 6 330 654 872 150 495 711 52 775 382 958 321 3 70 235 430 614 524 831 629 863 313 488 411 149 183 267 567 497 243 505 666 363 995 134 562 228 232 300 873 495 882 510 190 576 961 717 732 659 235 604 535 105 184 302 842 270 467 334 243 104 157 530 726 736 200 8 731 775 454 290 774 116 576 544 11 308 681 481 917 954 72 68 776 62 229 112 71 481 579 92 856 966 967 546 681 49 317 420 472 721 910 481 580 427 556 497 928 819 974 865 203 873 193 248 275 420 209 428 115 15 603 351 478 439 152 643 158 429 352 351 988 412 813 701 396 132 281 864 332 912 572 161 948 44 426 621 984 180 250 701 230 63 97 612 60 58 228 286 522 919 845 655 928 392 800 333 770 925 826 63 333 386 212 100 459 626 384 222 986 319 933 303 252 476 489 632 805 512 718 891 33 349 40 185 282 588 574 433 219 606 551 279 686 660 90 584 856 294 705 29 603 613 433 979 19 561 955 657 660 724 3 800 979 387 872 645 929 111 417 429 132 378 788 392 382 220 833 143 52 240 787 828 510 519 964 992 252 135 718 831 384 518 191 121 983 986 965 901 983 322 118 409 233 725 639 478 438 795 679
180
629 738 182 394 29 59 266 299 308 857 479 766 274 366 497 609 440 441 951 935 644 805 270 775 585 586 420 259 934 572 119 9 666 628 97 828 370 593 294 633 792 239 764 641 47 580 316 364 644 438 70 206 157 580 194 191 974 504 464 624 624 732 58 809 336 167 453 463 203 924 763 343 717 872 698 459 982 966 176 999 994 894 183 285 548 782 47 711 513 845 509 963 718 449 688 258 534 110 995 231 621 433 134 702 170 109 274 910 638 808 473 68 457 924 637 94 707 995 496 140 969 110 768 426 349 195 656 249 68 41 206 10 255 397 490 312 790 715 69 299 477 288 557 6 376 337 328 180 943 183 931 890 742 797 763 449 906 794 347 868 28 237 533 788 950 278 399 109 527 338 388 674 442 849 539 406 793 576 987 650
89
26 956 823 616 125 941 987 755 992 299 233 124 8 188 961 275 735 936 633 991 168 141 243 74 970 319 643 966 672 912 103 720 950 757 97 730 938 574 341 689 228 507 841 611 786 154 576 739 869 812 186 263 157 908 912 614 386 234 597 562 637 849 242 234 444 207 397 542 189 893 67 871 314 793 328 806 980 393 8 866 710 972 722 498 619 67 715 541 527
946
900 374 152 665 509 877 642 610 864 346 861 730 435 944 853 220 765 700 575 173 772 731 808 229 480 591 143 20 195 680 192 944 695 204 559 896 206 449 393 362 769 638 460 604 131 389 752 47 541 317 846 896 417 187 71 470 325 269 390 62 756 546 359 777 189 722 998 93 583 684 93 735 735 222 724 946 718 141 689 387 836 59 315 405 399 643 344 979 571 615 199 902 920 177 47 644 883 631 551 729 985 932 510 763 528 425 51 551 472 68 23 660 779 263 246 375 215 588 877 187 439 686 884 771 184 239 880 359 717 426 193 649 968 533 129 617 774 298 326 399 929 976 575 207 234 875 764 84 554 352 209 611 296 493 358 957 258 421 183 665 289 639 824 11 877 587 833 452 750 680 867 584 592 892 716 641 136 341 226 507 556 728 769 325 270 745 525 599 399 977 573 370 672 582 130 648 847 132 671 914 565 705 407 458 829 414 982 322 467 823 414 863 189 807 334 436 599 234 229 806 877 12 479 165 313 785 174 6 117 386 489 210 399 982 713 744 285 335 29 609 839 317 906 903 132 812 234 957 743 702 134 79 502 653 487 160 813 256 376 476 512 313 490 594 446 572 289 658 732 415 516 401 221 529 858 173 943 358 636 437 205 23 386 671 409 799 981 456 755 149 976 818 410 790 793 583 254 179 302 358 194 457 54 153 769 635 593 408 919 371 940 456 348 75 846 915 95 729 838 596 814 322 484 80 813 530 274 544 986 506 638 352 438 300 96 442 694 747 704 709 640 86 435 524 834 735 781 247 835 643 299 899 106 602 768 424 372 598 478 644 514 806 495 195 323 717 271 170 952 379 848 279 372 247 132 190 317 171 832 166 229 899 513 995 711 345 625 805 538 16 819 403 548 581 944 856 409 673 301 348 501 134 653 757 589 437 36 201 768 684 708 248 483 371 858 21 766 510 666 115 602 698 709 715 478 827 664 574 758 580 29 345 171 117 228 95 74 422 486 703 819 712 415 168 858 6 654 208 126 602 914 838 847 755 523 449 947 573 659 227 162 470 736 650 380 524 723 185 160 179 845 722 67 770 253 422 906 476 700 116 993 934 652 299 344 587 227 169 680 178 455 850 719 641 375 298 237 400 546 526 96 143 161 303 299 599 310 100 739 22 329 365 446 244 751 568 448 697 186 551 39 422 855 183 485 694 513 662 925 738 261 897 504 686 538 278 860 741 802 927 908 147 120 709 482 423 55 444 119 263 257 527 828 392 837 848 85 975 869 262 454 321 234 297 126 627 414 824 521 992 596 348 551 57 528 640 157 404 443 28 451 5 863 446 445 908 612 605 145 137 524 265 467 57 989 934 42 102 627 871 2 171 182 631 360 827 96 228 609 876 5 14 860 15 384 499 180 782 61 139 875 870 569 737 946 97 522 449 596 60 510 179 495 687 114 896 847 351 29 888 391 923 827 630 271 931 256 739 940 452 777 177 78 927 736 862 850 577 120 863 103 286 32 198 42 193 14 387 819 848 804 513 32 475 290 635 913 582 140 97 892 247 931 566 291 261 68 424 508 920 837 203 929 858 864 433 726 398 915 12 690 649 414 299 151 835 641 553 585 99 987 649 332 989 305 833 184 505 258 6 120 445 22 335 202 163 98 608 658 852 750 972 551 105 438 253 712 336 579 680 654 510 385 513 314 567 723 992 258 727 83 385 781 81 248 629 204 724 714 895 752 16 412 573 748 669 72 368 372 468 830 80 677 892 395 590 756 306 555 697 263 498 186 603 800 784 168 556 142 871 270 632 407 742 761 440 1 145 756 274 72 552 353 237 885 776 860 428 330 446 707 703 143 37 786 420 843 16 724 386 786 347 803 980 33 534 930 894 495 324 397 116 233 927 724 126 429 372 996 674 339 71 149 486 669 877 134 640 990 925 6 892 53 641 43 98 857 792 907 239 849 684 109 108 142 566 631 817 678 647 416 821 633 550 682 928 907 19 910 753 231 927 864 288 727 690 864 743 56 533 432 454 316 305 287 932 963 651 805 122 59 40 922 714 799 974 274 218 87 482 275 250 316 352 556 368 310 427 670 315 28 553 237 655 747 466 736 42 752 552 399 720 358 918 380 383 515 244 548 648 346 898 237 122 895 56
530
497 367 175 287 751 665 232 344 657 233 838 814 974 990 760 52 611 458 246 383 13 188 660 572 965 407 640 878 375 922 240 482 767 1000 116 441 949 10 663 787 254 332 223 117 427 233 814 119 70 495 395 930 998 567 610 789 115 291 741 402 347 150 185 505 703 993 679 843 527 721 744 449 606 872 982 142 193 88 323 668 262 144 636 146 754 570 837 70 705 724 91 92 461 513 494 934 686 303 521 305 80 159 880 192 119 294 249 880 888 397 177 739 893 855 22 630 999 20 501 662 198 311 365 533 761 607 612 4 632 576 830 178 729 144 491 719 876 512 516 245 827 600 292 249 378 65 330 564 932 279 13 164 350 784 747 938 629 839 344 393 99 678 257 896 498 571 873 812 454 404 536 624 184 97 378 620 737 424 877 899 743 625 79 123 998 527 549 678 587 549 560 663 786 893 787 592 946 702 360 395 596 580 704 470 812 106 832 615 36 726 42 549 761 941 466 362 856 812 49 256 731 618 93 524 144 413 677 753 972 991 507 668 706 332 669 608 914 134 957 66 616 944 606 227 322 565 984 132 844 660 680 439 176 619 946 23 451 618 278 851 803 340 143 360 194 545 156 385 194 716 670 608 731 667 724 331 212 241 43 548 747 12 172 634 918 68 978 987 400 626 58 305 421 330 93 231 821 586 589 674 178 533 555 316 810 38 450 95 843 635 105 7 838 581 640 730 401 772 392 68 921 212 7 409 813 143 316 917 516 598 698 21 925 146 656 436 167 51 309 119 526 125 420 516 285 186 186 411 586 353 523 625 442 914 563 659 108 171 861 718 329 661 709 294 776 181 75 389 253 781 344 640 551 22 873 188 295 346 170 59 825 170 157 190 570 557 150 461 413 850 864 805 734 549 395 546 727 740 100 517 166 232 40 895 113 148 921 237 934 957 263 212 278 387 964 683 66 123 308 87 582 178 264 363 503 67 8 623 671 807 184 499 438 26 86 764 894 51 430 608 428 466 295 831 164 785 451 100 518 944 459 857 291 766 645 33 13 262 429 982 692 353 684 271 667 448 267 616 377 620 63 643 238 187 380 708 436 597 83 976 605 992 40 485 283 175 634 554 185 268 172 29 538 418 402 454 597 604 7 913 107 596 255 35 709 238 49 228 416 876 993 219 970 315 716 737 934 196 836 924 393 315 958 559 504 229 66 437 651 893
444
591 541 479 178 540 681 954 184 653 299 90 615 145 785 173 213 36 801 122 714 118 474 75 106 694 54 246 823 289 665 334 971 236 500 145 824 818 104 605 958 274 349 475 920 176 138 432 984 380 578 811 157 303 761 300 778 691 969 115 23 365 695 696 202 887 771 945 630 334 575 498 910 825 943 916 917 417 514 982 533 892 365 930 333 682 56 620 318 531 316 311 573 113 578 501 430 84 46 606 620 337 514 10 154 315 583 862 562 319 449 256 371 170 225 340 148 577 13 623 907 838 367 584 345 457 626 709 520 266 583 1 86 205 786 414 630 680 747 397 416 451 496 423 659 454 860 629 657 78 393 953 804 723 922 666 424 119 604 747 180 854 245 164 734 507 543 409 166 192 390 108 179 194 470 606 77 16 601 425 70 682 444 1 977 794 754 333 977 367 873 79 266 299 237 753 615 865 375 383 19 414 851 395 959 489 898 398 724 581 550 637 563 985 656 615 300 320 870 241 401 509 584 968 362 253 135 395 918 663 101 450 799 861 186 379 603 912 341 286 652 325 583 863 92 819 138 589 893 178 987 264 580 38 981 761 520 479 17 945 249 477 721 676 193 873 923 780 123 74 813 174 973 36 808 32 470 96 700 938 722 291 872 203 405 513 691 561 626 974 890 904 280 829 336 879 295 986 71 508 303 363 784 240 827 209 582 828 978 898 229 736 476 6 122 507 21 830 519 200 607 864 676 54 990 427 636 321 601 833 664 384 865 281 367 988 950 834 324 337 821 76 788 95 45 671 472 833 133 197 598 261 620 60 775 385 87 783 449 540 144 56 430 445 559 408 403 251 33 183 68 103 486 129 484 566 778 748 969 134 70 383 352 760 136 249 285 857 664 236 172 593 824 712 533 430 114 662 954 803 167 30 95 376 442 623 628 632 108 632 111 90 803 248 826 173 400 818 968 286 480 68 272 811 872 952 885 917 108 586 616 640 272 284 820 801 346 564 895 808 420 806 815 966 566
22
228 113 193 650 874 843 993 466 817 589 799 269 261 82 281 561 283 107 750 860 437 899
504
234 460 126 173 609 185 503 925 912 875 591 796 267 634 334 763 245 272 537 548 960 449 782 588 303 202 548 748 910 553 686 884 365 401 709 738 302 284 552 267 195 421 475 191 962 400 465 333 859 10 163 957 181 780 29 362 708 975 559 24 659 137 400 904 172 596 932 359 390 53 884 199 842 568 256 441 160 603 845 392 795 493 62 678 634 802 283 724 47 507 90 298 719 615 361 267 521 940 787 33 976 17 950 572 280 741 442 725 978 200 516 628 223 863 759 414 137 532 373 797 729 760 248 313 225 604 32 563 338 694 319 402 188 553 76 582 397 90 609 590 323 395 456 477 709 970 554 599 467 842 710 780 318 763 809 925 149 179 487 418 583 323 87 108 631 918 429 634 417 914 643 398 994 241 283 786 74 737 962 55 643 904 478 363 475 535 179 182 549 256 354 402 273 666 75 695 211 595 372 389 314 663 742 557 782 657 514 381 588 733 763 133 394 578 841 910 968 986 63 644 571 872 171 51 553 618 167 984 629 895 836 488 391 504 133 934 897 750 92 454 245 472 444 709 62 267 739 697 797 407 823 925 347 827 460 147 957 844 510 897 215 419 431 698 560 319 354 673 137 584 612 771 877 19 837 439 79 252 845 379 591 233 811 502 648 394 743 249 324 595 914 623 728 178 758 965 331 128 683 398 585 146 775 281 34 536 283 849 584 237 373 354 48 657 199 217 386 917 624 789 75 313 592 57 860 455 272 478 139 675 996 58 516 449 428 265 435 19 531 323 152 898 108 565 46 529 666 275 147 521 445 478 553 855 901 610 565 742 228 38 249 714 95 708 756 261 703 149 99 93 952 960 65 62 147 42 703 889 682 860 675 821 248 935 280 519 334 119 700 929 517 840 708 638 276 876 159 535 8 274 240 538 455 243 237 582 434 398 125 390 850 574 6 638 124 734 380 510 121 523 954 798 693 13 680 755 776 355 786 188 531 467 98 461 506 865 339 967 730 944 438 344 532 218 574 508 393 348 654 545 254 28 8 513 765 518 218 300 643 401 521 967 222 625 411 345 318 442 593 796 927 206 40 538 243 568 465 263 478 694 916 446 337 544 88 501 614 321 435 986 816 356 591 503 18 939 814 995 735 607 743 645 903 949
565
147 371 415 337 42 882 772 202 816 538 289 104 191 934 778 860 530 642 450 626 619 53 297 350 998 166 319 88 905 128 12 733 740 70 918 308 942 611 909 545 248 323 254 566 521 762 691 136 272 4 386 471 906 492 794 703 301 170 394 615 819 306 823 25 555 962 791 971 914 63 240 187 865 607 435 690 846 344 592 760 218 741 32 504 220 974 303 348 913 585 357 237 794 20 818 275 69 999 894 347 204 602 145 338 285 457 914 727 156 178 658 144 202 795 749 895 411 36 371 587 663 498 583 337 678 974 368 340 716 362 776 108 635 208 362 211 623 363 260 942 405 485 595 419 799 631 146 777 964 541 479 1000 814 960 181 265 353 537 301 29 566 211 948 900 833 611 392 175 747 639 664 427 264 537 758 637 941 148 549 812 91 737 157 252 942 911 478 8 80 695 657 528 672 926 244 240 697 78 453 884 339 354 151 580 972 345 775 474 346 809 859 885 588 151 430 296 104 142 625 963 16 838 291 626 800 95 346 207 530 49 873 629 489 306 79 238 610 277 617 564 199 22 856 903 578 617 678 931 423 920 225 200 798 125 785 498 987 630 227 21 741 668 41 180 908 754 359 654 757 433 286 658 294 787 208 852 475 623 651 757 847 831 312 227 18 9 328 115 835 29 691 876 896 274 932 576 414 823 856 515 48 836 318 31 503 268 12 522 396 772 638 251 99 126 244 498 947 654 985 267 606 565 209 915 304 610 601 362 341 800 610 983 54 824 45 646 280 779 904 948 816 456 169 157 947 788 798 366 782 720 675 380 237 356 730 910 457 105 212 498 545 685 844 167 300 667 21 360 371 40 100 659 388 20 938 723 319 357 868 203 517 72 948 479 525 40 54 200 72 860 394 788 921 501 369 72 150 30 794 397 937 258 496 943 177 366 784 963 196 507 338 709 598 248 316 608 129 900 886 609 448 690 407 991 111 723 327 612 696 26 118 750 253 412 297 3 427 746 282 848 46 862 343 23 415 244 855 332 974 47 902 614 109 272 324 927 972 197 539 836 121 305 331 399 697 452 652 907 405 452 473 582 648 475 56 228 62 412 707 119 739 242 334 47 636 24 464 652 794 382 639 53 55 459 145 160 328 927 820 853 363 984 658 482 854 406 386 110 391 817 824 487 539 970 110 33 835 383 1 676 239 562 800 984 872 856 532 955 14 166 302 985 433 743 218 23 760 777 930 848 430 188 708 315 896 102 652 209 82 896 395 656 56 291 686 380 493 476 336 12 468 202 906 673 787
965
660 429 218 662 28 61 683 805 775 700 529 484 689 791 715 165 534 387 688 641 530 245 300 769 788 869 577 445 68 284 199 464 337 513 247 561 590 155 961 29 468 767 335 200 892 379 183 35 538 264 346 464 475 331 347 513 375 464 900 970 42 109 538 616 854 623 855 363 616 251 378 562 914 472 229 144 262 798 31 537 304 443 469 226 839 263 823 755 423 627 349 66 900 684 652 381 641 876 819 593 328 823 675 232 141 176 667 833 964 279 859 728 389 914 257 591 383 659 26 988 154 580 575 595 431 40 660 671 460 832 580 70 226 268 630 34 292 483 238 796 945 993 398 952 49 798 76 366 45 766 300 132 298 1 262 268 451 240 882 167 47 287 362 916 67 241 271 280 872 778 384 553 138 949 491 216 286 77 276 931 989 893 197 867 605 62 143 338 718 951 391 482 243 444 101 590 182 24 123 221 886 308 175 315 691 323 71 571 835 864 338 351 728 573 412 76 760 602 646 247 259 27 616 55 551 682 849 868 5 872 805 545 192 483 442 870 722 649 968 142 308 294 509 981 152 628 671 750 573 453 905 277 585 557 188 559 624 742 715 866 637 658 314 248 933 321 402 539 205 948 838 123 605 625 53 510 468 110 72 155 630 883 784 516 800 392 804 628 685 977 355 697 572 570 603 299 425 46 193 858 416 195 18 240 508 483 145 208 741 659 806 454 963 935 460 686 872 661 169 106 610 268 946 889 461 659 683 308 764 244 453 51 279 120 259 77 118 720 2 430 643 889 327 152 531 10 558 45 711 399 553 14 500 397 944 943 816 740 116 235 982 357 761 729 725 746 340 583 725 829 508 329 805 448 768 992 456 409 364 455 150 725 217 155 285 317 972 519 359 758 296 717 805 856 58 896 518 232 186 75 278 712 887 507 566 900 37 998 242 226 952 131 709 754 202 169 592 94 698 948 875 988 761 867 916 198 136 362 298 323 356 307 526 655 555 995 237 980 88 499 645 786 588 794 429 141 569 993 772 188 853 156 328 5 35 660 611 211 457 861 119 835 431 825 327 480 230 128 664 334 270 74 830 841 398 115 785 431 988 692 838 850 267 989 618 954 850 955 344 882 391 928 186 117 860 344 213 391 745 502 548 78 880 834 129 80 181 605 535 525 792 599 535 981 359 707 491 851 899 694 797 488 86 160 890 335 216 18 359 189 346 437 592 296 950 471 853 217 900 317 360 291 406 924 500 727 220 193 650 818 198 901 746 967 238 789 186 348 610 288 625 388 561 192 667 247 188 920 602 921 59 921 50 786 916 784 41 6 395 533 774 362 243 580 508 154 877 200 830 625 11 583 884 553 226 797 647 620 9 765 194 336 490 724 927 785 581 815 297 352 547 440 829 919 854 351 300 117 621 260 685 871 515 353 803 624 122 486 795 499 442 781 253 742 244 471 260 162 743 481 811 951 229 802 295 627 960 818 804 974 326 104 837 451 645 773 392 552 394 742 942 449 476 147 556 312 511 296 314 292 986 672 319 709 316 875 360 778 765 973 343 49 359 617 327 508 385 768 476 785 241 971 882 389 196 97 163 24 289 271 232 526 473 959 831 553 117 259 167 456 911 541 345 478 481 304 830 550 433 616 468 743 489 605 335 466 421 988 331 677 16 413 785 775 401 138 915 293 353 491 564 184 601 521 592 82 859 138 650 398 121 989 151 969 964 146 612 98 460 105 454 895 381 557 631 197 77 87 789 865 482 998 139 618 347 468 174 428 157 489 592 468 23 431 812 357 788 480 580 24 885 637 894 912 877 226 572 974 122 216 509 867 614 785 111 132 714 839 498 370 769 161 295 379 726 893 428 784 769 36 362 995 408 184 679 794 394 249 671 270 889 504 729 861 992 286 109 486 809 981 784 367 556 229 932 621 213 896 910 345 220 305 167 478 477 697 616 285 916 795 361 619 439 545 618 968 368 15 239 891 724 206 829 437 623 249 661 644 160 752 667 986 2 908 360 671 994 923 700 964 710 975 242 899 450 161 389 160 283 358 608 395 834 487 550 539 331 165 964 288 991 998 733 343 768 64 279 644 704 799 637 129 33 932 569 82 575 163 746 716 559 992 109 642 412 245 813 553 861 703 28 468 887 289 747 201 392 849 241 1000 444 163 882 438 246 785 459 791 983 693 970 729 667 310 863
959
826 546 19 350 588 164 450 323 902 304 365 510 86 437 915 172 928 614 623 213 877 178 599 855 834 657 76 647 974 946 174 992 971 715 143 910 827 422 138 706 143 874 292 859 18 396 944 455 732 907 412 905 864 263 245 567 925 862 626 930 97 786 5 919 534 69 743 19 689 581 220 946 394 474 265 378 20 9 993 381 353 153 835 159 767 840 702 659 745 523 958 247 924 434 643 686 178 720 69 880 595 932 778 542 337 159 148 269 81 378 951 679 48 889 622 590 616 555 212 272 137 424 647 269 661 546 893 752 735 915 250 753 255 816 749 869 79 588 312 597 771 652 71 456 580 411 481 707 883 609 539 327 43 34 913 289 321 632 281 866 834 785 333 911 843 286 461 744 51 746 940 879 705 665 992 933 526 640 293 170 700 848 380 44 893 917 402 4 844 981 975 353 992 673 240 187 854 530 75 489 445 491 532 118 261 670 107 572 654 419 145 963 869 118 578 503 120 820 801 651 694 342 286 62 494 823 673 22 933 705 478 113 424 865 260 920 53 259 475 492 56 455 551 580 684 263 847 737 283 508 75 654 733 223 205 127 467 294 983 776 473 69 887 308 221 3 801 570 429 608 244 853 477 838 552 866 292 924 589 234 331 571 204 219 364 31 715 119 545 281 327 141 653 713 848 686 515 800 992 345 260 303 679 173 565 719 838 463 241 246 903 137 75 221 476 331 55 274 467 683 393 111 556 528 382 96 520 381 148 513 208 269 747 379 215 436 542 107 75 114 756 952 463 285 73 469 253 657 845 707 520 380 311 727 499 744 376 842 477 349 435 450 218 334 226 531 802 756 938 405 451 69 61 921 677 85 630 256 368 304 57 540 97 466 203 154 439 223 598 713 39 801 985 983 428 82 833 997 572 614 844 546 699 20 224 95 729 847 515 902 530 387 681 549 365 790 540 740 745 794 669 229 72 153 6 442 699 754 574 458 80 827 502 499 880 577 925 719 609 378 988 519 560 308 469 536 384 451 495 891 807 738 773 900 815 860 158 145 711 837 445 484 533 997 591 959 299 402 741 897 793 874 962 865 922 440 335 556 586 871 780 435 29 942 274 219 598 998 318 93 384 965 824 842 487 677 880 126 226 397 295 962 867 877 115 379 247 669 273 970 399 991 783 352 410 55 216 386 524 375 991 965 558 876 370 748 209 833 784 797 195 371 274 37 947 170 904 239 464 843 252 260 711 980 408 493 240 43 153 862 24 381 527 976 380 849 323 600 214 807 177 565 788 878 305 118 294 76 274 559 14 48 230 87 260 646 136 932 527 180 340 800 440 766 21 416 18 858 296 994 504 961 738 824 991 205 562 194 151 597 641 224 937 179 86 807 26 605 918 770 867 909 301 641 544 626 195 266 521 558 794 384 401 492 697 874 42 318 96 970 669 578 255 562 181 472 429 396 931 861 544 969 43 259 995 679 437 390 796 306 519 16 785 28 563 349 794 590 384 174 17 692 654 53 47 118 997 132 565 907 78 658 346 51 604 169 346 549 272 662 621 995 212 653 2 270 415 73 204 912 417 268 639 738 439 280 278 989 565 687 710 757 790 879 958 19 348 269 530 928 285 707 980 270 208 965 427 465 163 421 135 556 286 754 198 217 254 673 122 800 380 768 842 384 861 398 416 499 738 928 321 392 176 942 226 396 95 223 407 594 180 474 79 463 718 502 419 803 231 181 861 189 284 274 920 755 825 500 479 392 437 7 768 583 770 10 96 657 53 535 740 344 736 198 196 403 54 783 762 5 912 111 143 731 534 401 21 375 432 785 143 503 513 910 388 945 644 921 79 948 269 124 859 21 107 253 426 80 410 865 762 274 765 913 34 397 861 130 898 708 874 479 931 777 749 726 21 565 384 156 302 311 246 521 236 206 428 111 334 756 506 763 304 184 990 954 992 112 617 444 249 820 503 57 727 988 124 897 671 188 159 389 983 356 853 915 822 906 884 735 336 112 763 104 14 999 142 271 832 390 410 132 798 368 801 962 709 169 528 522 640 622 753 911 973 63 368 846 461 571 707 856 802 931 853 463 836 554 314 218 426 155 998 84 535 421 708 447 601 844 101 444 339 438 953 907 593 419 517 677 449 452 560 620 191 538 627 433 417 314 9 812 13 218 834 892 87 68 87
217
724 772 779 53 46 293 907 633 516 624 454 78 711 456 386 326 395 100 730 573 675 400 183 96 268 257 154 925 518 38 124 752 9 730 898 460 519 134 810 996 205 450 79 837 573 240 56 258 641 543 528 485 656 757 728 376 829 528 894 127 161 594 979 80 823 148 221 852 943 30 252 451 131 355 934 780 75 14 257 920 784 265 138 832 920 506 111 895 409 420 396 550 112 383 397 564 281 778 716 281 896 483 89 725 547 483 615 522 151 379 45 583 118 531 388 213 583 358 716 772 582 927 41 589 965 721 829 781 723 694 284 826 941 883 251 146 670 216 298 194 143 594 815 32 357 224 560 509 19 455 787 74 389 32 942 371 666 39 525 311 249 240 993 804 831 994 616 641 667 77 662 953 309 884 525 814 756 574 963 739 676 446 172 13 111 491 693 446 204 521 628 951 897 776 197 740 462 659 614 816 583 5 920 383 666 663 542 950 798 254 375 260 143 116 592 283 39
414
191 444 170 359 583 159 30 256 967 995 497 44 608 201 416 2 586 841 125 740 86 682 964 315 560 953 643 86 72 441 260 705 960 79 719 52 34 822 20 183 495 470 971 41 726 971 851 510 387 453 179 572 737 194 396 369 873 57 516 530 163 220 171 720 118 426 486 691 913 335 912 611 772 735 114 753 249 547 342 598 773 100 726 510 410 714 221 6 95 411 155 563 43 909 932 971 733 338 834 424 752 283 59 956 403 363 231 45 629 623 382 182 486 386 496 593 396 96 627 60 743 723 431 644 605 391 757 444 405 922 803 364 458 592 426 183 559 443 784 659 10 846 559 879 498 537 434 273 36 428 336 836 927 213 728 435 136 360 988 400 914 803 866 886 63 936 748 918 36 870 304 866 55 755 568 2 732 139 245 519 228 141 305 382 477 530 596 446 453 424 54 925 485 774 282 887 571 671 499 871 236 357 356 415 515 24 80 681 367 5 236 254 1 978 338 233 952 131 521 560 383 136 115 278 439 145 131 856 526 84 395 72 666 180 200 412 995 632 455 31 940 272 901 152 204 697 754 999 924 818 210 468 246 388 402 58 383 524 799 919 241 962 791 198 345 769 817 626 834 907 174 991 769 728 415 113 27 912 93 790 843 900 17 152 29 539 606 123 259 908 636 664 67 86 665 237 384 673 999 837 918 449 358 706 259 151 711 276 559 274 343 274 838 610 195 25 286 514 877 902 886 529 383 93 889 903 257 886 441 930 960 711 828 162 167 456 65 373 911 688 542 230 719 833 25 50 683 229 153 76 173 587 343 310 923 932 408 30 779 865 895 764 610 310 287 414 489 528 391 423 789 799 517 517 984 972 647 552 138 587 776 790 121 252 385 390 102 712 456 309 459 980 539 522 125 15 732 308 172 694 299 665 262 232 379 1000 583 5 954 324 824 226 614 827
484
271 986 332 634 883 300 916 65 683 360 807 937 153 890 231 787 585 535 748 175 470 725 434 169 669 859 768 610 58 655 69 759 84 923 397 558 868 799 15 325 720 422 74 802 35 840 273 33 443 901 141 171 66 884 82 143 945 661 284 555 112 36 52 587 811 162 140 268 675 437 419 355 695 826 171 269 274 906 987 313 201 805 174 739 537 972 626 483 931 298 979 925 987 837 674 570 499 581 366 785 297 277 838 170 889 336 165 383 251 753 921 440 256 753 479 138 732 911 235 861 108 140 445 708 437 950 978 754 881 853 658 618 830 785 540 542 543 676 402 69 938 973 675 502 675 582 824 877 662 187 731 596 44 563 91 904 68 737 294 745 649 337 855 41 70 66 218 148 877 248 758 689 256 755 274 114 120 212 930 57 941 853 185 914 700 956 709 823 771 101 313 60 420 453 363 191 952 901 11 339 530 840 35 861 693 122 198 959 534 142 605 757 99 644 120 489 565 332 496 378 8 778 660 830 376 449 978 799 855 390 724 53 461 110 399 874 856 277 249 192 173 982 101 987 594 76 526 726 172 167 688 581 77 818 670 829 18 352 558 187 699 937 168 681 597 689 15 464 751 599 402 352 977 724 758 709 254 811 201 664 53 49 67 132 143 144 606 883 533 214 701 8 969 512 944 712 385 105 638 497 172 484 244 185 557 380 355 915 722 361 346 254 968 375 288 844 378 1 977 897 416 145 860 138 928 461 105 833 137 940 635 663 146 191 419 720 873 242 917 46 236 965 349 434 702 27 211 484 552 597 963 983 23 589 246 210 491 304 992 951 668 804 289 294 618 233 254 853 711 243 264 987 710 675 522 6 872 571 917 953 729 468 813 327 108 976 74 985 72 782 154 94 46 438 464 99 400 564 970 670 928 233 220 503 403 970 302 482 280 638 440 753 534 348 975 572 76 916 677 20 194 609 167 525 234 993 810 776 87 402 329 182 77 571 925 124 872 262 211 81 593 511 830 119 961 520 771 585 29 377 163 167 959 447 887 916 413 859 998 581 17 122 449 357 708 392 470 668 534 675 32 42 622 328 38 699 217 658 369 191 803 682 645 73
754
205 275 576 231 561 881 324 213 884 224 913 206 519 284 323 815 351 992 472 166 749 320 327 389 37 949 775 913 937 26 302 833 466 439 681 954 887 385 158 443 219 437 492 451 515 720 526 865 524 258 882 193 431 483 323 675 463 468 125 476 70 235 977 655 544 37 686 704 746 974 123 197 680 807 846 350 481 378 949 18 377 751 345 629 78 658 749 500 45 567 96 610 434 871 658 502 315 663 575 46 43 314 397 841 951 89 968 921 143 646 631 870 577 187 290 750 429 281 29 828 88 542 658 913 66 120 280 714 588 542 143 396 826 498 761 368 907 414 601 56 409 745 572 946 451 307 734 116 21 447 224 82 197 74 224 630 348 513 29 545 992 263 549 900 18 502 954 51 130 979 697 424 11 444 352 163 811 787 784 759 493 706 872 195 617 27 436 379 273 635 225 562 731 340 332 42 143 116 433 540 813 438 517 164 498 733 618 712 815 32 149 1000 314 898 983 343 477 745 371 119 894 859 134 295 539 87 647 246 215 837 405 423 312 49 75 250 40 880 275 45 669 344 408 684 988 50 3 980 541 1 6 460 451 151 960 893 242 525 531 897 995 295 620 734 564 279 852 46 569 741 370 513 197 767 235 530 594 852 178 416 647 986 810 534 849 282 420 514 21 560 33 301 724 608 575 439 691 947 792 587 699 88 607 16 770 512 718 254 297 263 329 6 208 414 644 522 753 821 713 888 781 531 198 567 967 617 154 348 959 778 585 993 330 305 184 685 197 389 765 91 338 654 589 867 863 132 683 883 935 597 444 215 25 147 944 554 49 209 450 467 97 188 653 199 35 920 765 968 80 360 226 771 97 893 696 311 578 912 801 899 803 834 441 262 199 566 344 107 742 601 478 301 616 407 251 482 731 151 427 731 848 50 590 505 516 854 719 743 571 405 185 636 5 407 881 365 856 132 658 224 168 94 795 434 421 651 595 2 116 427 973 456 397 478 80 943 927 844 738 37 703 375 282 145 540 654 467 81 882 357 788 675 731 703 286 925 712 630 247 737 259 417 933 456 774 967 293 184 83 358 190 742 174 608 539 465 483 556 289 766 964 656 15 507 105 880 149 227 43 975 730 182 13 68 279 28 544 918 958 461 613 271 412 292 436 733 451 592 506 794 683 158 647 994 27 356 556 563 905 115 156 439 599 728 493 155 736 422 714 880 812 431 464 718 95 955 421 203 73 280 133 475 218 550 212 820 549 626 46 991 147 118 238 835 561 597 649 727 54 611 251 797 27 117 220 322 535 610 298 950 757 501 168 226 807 874 275 753 215 151 641 906 628 641 171 386 286 218 285 30 943 374 696 712 734 272 465 683 781 665 616 985 936 331 14 139 731 989 189 686 942 584 266 275 44 134 258 427 664 58 265 663 970 102 746 288 303 724 419 153 380 290 263 149 895 860 755 198 80 776 297 300 992 892 70 469 286 542 737 580 496 937 280 515 551 165 864 962 797 835 27 577 248 831 37 88 556 456 614 670 451 660 236 635 650 559 193 595 921 500 611 626 249 334 932 512 227 76 237 693 386 694 419 552 399 846 566 490 781 554 638 334 725 145 152 594 905 44 918 632 102 322 261 826 176 693 513 287 45 738 707 816 993 775 351 789 609 728 255 974 863 810 745 659 662 926 864 966 396 741 169 598 944 303 886 673 788 441 211 431 803 813 939 335
748
637 311 311 433 801 994 166 342 935 47 298 319 495 24 5 994 271 326 605 369 801 98 730 663 217 726 731 666 125 286 338 330 952 353 895 847 350 778 900 527 556 556 144 50 890 126 42 290 728 432 857 663 729 37 830 377 545 335 149 500 953 497 50 804 240 702 173 655 619 991 889 177 640 913 991 111 954 68 699 203 715 636 189 428 412 332 104 868 629 750 787 150 241 179 896 554 126 413 199 831 868 907 99 752 955 337 788 343 810 858 419 362 712 441 384 978 692 747 778 853 313 855 654 152 982 650 550 751 878 840 952 323 342 171 559 181 488 107 886 414 25 455 844 838 767 139 878 231 106 485 865 6 400 934 580 67 4 910 182 617 113 875 749 948 25 682 132 151 867 342 261 4 234 346 214 938 58 923 612 997 531 668 700 41 526 38 755 958 305 547 364 627 222 75 576 997 41 354 152 597 99 673 196 238 843 481 806 912 570 422 98 828 989 384 865 241 439 501 49 383 721 640 206 408 746 488 730 35 246 489 818 194 145 869 679 568 761 16 164 631 649 335 965 543 883 800 845 981 616 812 720 799 176 558 479 133 600 557 740 191 40 793 271 927 323 362 75 133 142 599 170 209 585 733 85 158 146 985 710 929 421 908 360 42 268 530 1000 852 364 498 47 953 160 724 253 35 321 724 104 265 602 564 951 378 779 48 81 30 37 766 879 114 263 646 145 827 507 510 173 277 429 10 121 180 155 271 687 909 599 538 870 290 736 464 561 443 914 415 966 531 320 809 665 4 185 416 702 100 342 902 175 123 90 878 543 97 594 469 915 973 855 274 913 289 771 133 44 890 801 62 201 438 554 292 672 296 115 103 788 841 777 625 850 432 433 46 880 971 588 603 713 536 429 693 540 446 543 232 506 429 533 980 592 708 18 207 592 632 801 325 581 863 67 498 825 397 860 88 177 203 563 964 862 849 568 232 602 397 499 380 595 931 53 500 690 676 108 833 428 139 73 111 460 271 668 104 469 399 235 616 47 500 723 509 618 336 13 801 128 445 92 11 23 110 510 754 919 803 189 496 348 862 762 459 933 454 24 825 419 819 908 295 672 390 37 974 219 976 160 526 475 448 1000 341 914 537 187 922 950 695 12 732 233 369 890 118 541 215 659 931 380 823 45 176 974 107 657 726 766 102 588 956 912 539 997 722 80 668 938 906 441 39 532 880 505 611 813 433 428 509 352 196 246 750 651 71 64 8 972 902 620 333 959 162 793 138 476 492 136 737 217 744 292 234 789 216 350 225 368 228 255 522 990 698 144 324 326 949 116 62 957 548 510 693 117 607 992 681 474 411 191 750 423 675 561 577 82 756 329 575 101 997 95 590 610 179 923 191 798 387 838 338 838 669 633 155 166 406 645 815 969 832 946 216 852 914 996 388 654 595 84 631 177 501 414 414 733 335 889 631 258 389 654 799 571 215 612 575 996 216 698 636 131 786 713 817 784 217 654 870 811 212 257 882 929 990 719 894 430 910 660 838 514 660 579 918 514 962 430 944 441 729 678 196 265 995 282 37 332 243 359 326 1000 851 282 585 124 690 827 168 684 384 108 363 3 645 422 600 589 229 220 480 56 720 455 565 252 129 797 63 697 75 10 797 589 586 504 590 824 955 143 890 573 308 934 138 898 853 507 555 515 448 766 826 36 882 511 736
916
60 514 664 452 408 863 379 941 64 84 466 771 638 657 909 41 670 123 916 608 709 695 464 846 101 712 466 347 248 657 304 636 501 162 777 983 630 33 381 406 635 467 461 107 569 649 455 746 379 271 863 380 941 500 335 355 59 564 276 668 456 633 953 904 72 942 579 753 38 732 412 19 487 67 619 5 96 901 769 664 669 303 325 118 711 906 208 426 996 73 531 463 579 66 584 99 62 941 50 251 830 684 322 183 174 947 568 674 396 894 15 852 678 940 484 382 570 587 135 138 219 415 874 611 207 372 690 296 737 320 486 739 225 263 49 564 339 142 860 300 881 905 682 636 967 34 886 318 382 804 44 960 745 771 227 489 469 860 885 933 129 679 183 722 793 412 372 407 227 405 902 19 869 604 936 184 498 193 233 576 282 178 661 741 202 618 74 323 459 442 645 612 182 616 68 277 371 997 717 117 634 124 473 204 635 467 928 541 815 725 178 862 91 904 927 336 147 135 142 478 26 618 951 291 361 710 687 373 209 524 689 151 355 855 826 951 121 820 912 552 707 129 617 917 991 949 227 969 140 365 954 376 581 757 487 664 937 499 106 669 285 73 574 67 24 692 575 405 140 316 874 385 596 447 848 785 85 646 696 768 194 344 621 569 858 581 539 87 724 331 884 647 171 628 314 454 997 322 537 630 323 816 384 205 519 612 844 972 301 728 915 469 381 769 405 27 729 551 210 506 633 459 262 81 129 122 881 870 812 375 749 477 903 369 283 767 952 84 446 276 345 162 868 125 920 214 11 51 263 352 989 282 585 793 676 816 5 550 709 739 207 308 568 18 912 75 765 193 160 234 675 17 681 93 936 15 498 542 647 86 183 976 168 361 945 513 544 438 770 380 621 850 511 227 110 940 463 535 682 123 304 757 744 967 201 927 713 250 243 713 782 817 69 681 772 131 160 900 37 802 761 541 643 451 297 508 210 133 883 922 573 514 732 33 322 450 627 995 918 105 511 216 914 932 870 635 527 565 403 901 935 660 962 682 721 226 55 838 699 999 332 594 124 582 779 724 272 271 177 536 71 47 798 183 575 305 216 359 455 940 793 309 322 625 502 260 212 735 976 360 952 888 252 285 845 193 822 290 715 587 290 161 787 916 778 267 250 898 949 112 288 366 662 878 194 818 21 746 581 409 316 258 265 494 380 382 468 255 495 579 107 185 451 266 126 27 841 988 552 738 37 133 527 741 350 781 282 670 210 488 426 441 717 64 342 846 678 619 932 697 558 937 234 819 826 954 124 691 912 172 834 744 807 59 530 962 509 515 950 668 49 358 696 750 982 501 775 360 887 631 890 168 714 497 668 406 422 314 507 772 311 80 696 117 183 284 11 304 198 168 952 283 553 621 831 182 414 997 205 347 296 358 246 421 735 621 440 124 544 15 787 675 298 378 743 158 63 899 44 185 64 159 783 44 747 881 3 744 276 102 640 897 675 671 437 200 535 83 224 529 35 617 944 624 437 794 263 284 337 37 677 620 673 455 323 200 28 895 399 191 996 964 603 604 319 769 365 225 186 208 31 476 265 78 260 840 40 36 703 522 669 373 309 168 602 33 667 329 374 358 715 999 260 948 452 693 785 54 969 70 446 246 547 735 317 45 488 471 761 824 303 879 980 869 695 822 960 994 498 969 396 990 572 159 862 115 622 146 69 50 190 557 264 241 953 999 537 856 208 616 596 957 971 548 340 81 887 658 496 516 443 155 137 179 456 878 201 217 376 111 118 217 594 124 348 75 315 387 535 382 971 870 984 486 361 756 498 553 73 818 314 753 901 894 829 954 60 971 528 461 842 855 574 741 690 233 205 319 12 495 135 922 585 980 823 822 709 350 375 583 313 301 921 27 160 512 94 424 469 804 309 196 154 181 494 70 914 227 597 534 2 551 455 704 529 141 736 454 581 476 23 187 112 171 837 937 323 103 638 913 305 173 350 794 676 4 765 759 281 383 528 578 932 994 294 426 382 938 833 789 940 577 718 639 981 307 460 319 585 670 260 693 752 850 980 640 917 8 394 841 561 270 229 752 844 505
925
9 193 303 564 658 16 4 341 865 806 745 684 307 315 785 578 868 924 51 54 993 803 718 645 277 529 427 122 680 829 360 677 639 38 457 399 804 421 127 670 604 944 602 410 484 845 37 594 862 193 601 539 818 765 992 91 944 203 94 315 337 516 177 126 210 282 946 622 375 574 855 826 854 990 488 228 92 101 745 367 366 244 914 113 129 899 362 190 632 677 267 943 848 936 465 101 905 61 270 104 273 965 786 893 478 232 586 337 123 767 786 156 985 426 243 516 946 419 959 535 530 538 839 248 513 320 875 130 497 356 519 749 600 553 470 486 982 441 236 279 218 154 958 635 999 11 111 766 346 516 458 290 548 969 187 312 855 185 166 574 495 428 225 428 42 554 294 658 889 189 66 710 674 824 148 505 710 50 279 574 92 415 430 260 694 187 436 448 338 849 494 150 635 240 97 830 413 869 718 291 590 289 718 551 276 455 68 207 835 772 486 815 454 67 430 134 137 79 274 666 88 66 604 749 82 910 268 768 436 938 110 410 476 154 586 604 647 447 340 882 179 122 816 862 51 848 874 189 97 375 147 844 805 341 140 900 919 35 674 80 875 566 857 476 56 766 903 834 255 944 309 354 159 659 701 127 610 237 200 495 297 458 289 253 644 743 720 700 29 288 349 884 891 651 563 416 834 403 35 150 107 346 160 25 280 554 83 341 280 336 826 665 962 490 229 353 797 838 71 538 956 261 681 865 270 327 140 289 756 685 317 546 649 949 131 185 100 159 625 56 134 10 865 250 357 551 535 194 60 84 880 610 960 308 847 497 35 699 832 898 109 130 129 382 518 313 260 269 212 801 360 17 922 563 859 309 502 11 405 764 272 13 125 43 224 278 557 829 157 582 19 324 882 897 214 706 82 177 751 717 25 536 790 124 48 130 915 140 334 92 789 755 211 258 523 278 65 913 411 533 732 33 591 546 559 327 601 225 401 479 534 762 465 374 134 267 981 885 200 328 343 869 58 922 999 335 384 643 323 746 865 819 548 789 810 132 589 10 822 894 794 979 886 801 910 179 913 642 955 493 429 861 645 762 688 375 656 539 682 705 916 130 250 168 568 546 348 148 122 290 212 427 63 302 216 670 606 857 721 294 502 931 260 59 932 501 65 514 431 849 214 609 4 17 865 99 316 949 215 93 857 640 771 364 358 5 986 410 30 41 690 57 432 343 265 374 767 9 42 793 216 671 13 65 819 324 568 556 656 134 172 465 221 119 379 575 243 856 528 633 222 820 985 755 689 106 515 684 153 350 152 471 854 353 366 197 136 860 925 645 683 93 206 155 657 408 684 380 19 182 880 318 936 889 257 156 127 365 453 27 242 976 151 394 166 768 212 667 840 533 576 25 903 969 312 690 182 30 305 486 303 22 413 12 641 109 936 628 314 961 969 343 896 754 862 332 825 771 709 21 669 374 772 667 821 697 16 746 713 42 729 809 547 679 691 799 207 207 591 535 38 735 374 272 586 878 170 396 875 508 885 402 233 171 618 281 550 730 906 542 517 461 918 920 325 177 544 490 522 938 77 555 134 991 162 131 336 859 376 618 89 416 762 328 551 470 57 31 868 644 668 966 379 306 8 130 47 817 852 635 795 692 139 229 620 608 715 575 833 616 551 462 944 156 368 384 691 1000 484 494 547 278 199 176 180 160 622 883 640 33 942 218 944 588 500 895 788 695 79 986 176 189 239 461 699 631 255 717 999 789 161 512 451 912 494 995 412 619 574 84 597 223 950 25 833 440 787 483 931 825 323 577 609 570 8 399 202 146 898 620 362 325 158 937 201 412 854 429 643 5 351 985 270 811 630 917 947 985 324 559 763 47 443 666 994 319 41 234 454 800 607 873 809 453 808 292 979 725 561 903 824 948 373 448 955 647 840 749 314 593 158 178 684 403 477 120 285 721 749 918 273 298 592 374 628 859 535 556 6 785 28 762 700 607 143 490 487 39 396 176 126 767 111 998 991 934 749 334 647 373 528 333 111 84 414 575 689 294 732 690 768 501 280 765 500 820 937 639 582 86 57 6 69 117 932 632 779 702 498 516 856 692 213 167 970
928
730 276 306 599 645 874 589 957 726 967 938 560 365 349 181 358 375 793 414 704 417 403 910 264 370 646 279 790 976 929 714 535 651 950 836 518 606 641 839 744 989 208 448 385 999 164 2 231 897 101 330 235 797 638 737 614 277 125 848 728 616 360 873 702 188 231 496 643 733 825 950 499 84 873 300 270 218 936 519 453 1000 593 582 55 192 219 989 319 104 956 353 679 785 208 139 417 329 559 12 276 66 175 297 794 480 98 906 787 754 242 815 157 358 221 249 72 236 826 527 402 465 386 981 884 624 561 620 585 396 287 787 339 614 695 931 657 277 544 996 118 648 829 691 308 996 609 598 23 848 804 519 408 908 123 496 743 398 668 205 445 306 253 156 600 350 951 796 297 674 779 657 668 547 809 400 216 852 952 12 620 165 970 239 568 652 853 781 853 358 52 391 967 747 831 970 431 365 487 912 7 828 736 76 320 409 168 524 422 669 576 983 441 289 770 84 342 408 787 529 615 933 33 590 751 531 918 867 598 736 534 569 420 484 233 699 834 579 923 676 133 148 957 977 774 23 467 429 823 600 423 234 806 296 998 403 736 452 492 496 645 445 432 909 631 713 835 936 408 670 753 375 86 642 546 659 723 668 950 162 369 985 930 175 693 979 395 889 272 571 296 59 874 931 461 910 252 568 871 777 829 863 440 510 296 768 333 920 790 943 323 677 759 959 98 171 423 578 707 599 747 435 75 180 612 201 999 926 913 960 723 263 77 76 941 945 214 135 903 435 425 487 129 138 251 154 375 709 643 169 105 820 462 212 196 424 334 958 777 130 707 245 146 887 616 996 442 831 410 120 81 407 874 175 159 759 660 596 533 630 314 83 929 963 210 439 59 668 995 190 398 368 737 735 756 377 246 436 520 73 688 437 940 926 154 206 130 788 881 533 57 387 54 1000 944 950 141 484 850 370 930 481 272 784 401 74 260 118 537 330 115 180 341 413 993 40 750 299 5 1 690 999 597 866 85 910 150 826 263 820 522 529 668 506 471 144 322 150 971 722 150 136 850 858 487 988 742 578 911 789 319 687 167 75 631 623 420 778 409 39 684 554 317 795 881 64 352 858 595 217 145 817 810 888 992 108 139 898 616 73 335 845 71 683 761 141 440 357 892 239 342 10 423 405 760 647 260 287 207 840 257 802 434 546 440 592 937 6 147 622 779 810 19 744 957 892 365 836 74 98 326 462 698 360 781 859 39 324 190 883 549 191 821 621 663 81 667 963 341 418 96 610 957 223 90 84 604 632 588 791 173 986 211 35 790 78 796 342 550 617 988 632 824 460 409 706 16 839 972 8 955 50 556 832 314 842 18 587 214 6 254 612 353 966 762 23 893 219 369 988 32 608 234 704 438 205 633 810 696 175 269 763 379 977 947 32 448 48 245 42 803 221 966 699 102 439 214 327 288 249 43 195 462 640 750 40 135 680 347 13 822 950 955 69 661 455 715 203 723 241 498 263 222 365 29 615 794 656 371 657 506 818 567 836 866 206 538 266 863 220 691 407 285 549 526 91 976 339 908 585 190 696 888 711 746 159 677 716 55 750 592 714 443 348 55 181 603 838 15 200 449 700 866 346 909 156 447 96 634 747 176 491 528 77 213 718 615 222 93 356 505 530 893 950 891 35 952 92 330 362 100 902 830 328 448 439 599 624 768 678 856 610 533 148 851 546 95 221 493 516 486 119 916 109 341 817 969 627 635 8 509 918 327 736 28 608 1000 455 781 49 601 45 96 894 407 228 549 668 457 218 77 949 765 651 22 688 213 322 311 219 816 394 309 834 961 699 528 199 248 739 831 285 429 600 994 50 898 192 837 639 825 91 156 949 870 9 646 63 117 244 1 292 225 733 722 505 101 548 48 449 879 23 840 365 849 401 268 782 133 814 834 910 293 756 96 382 842 129 490 460 577 654 982 884 738 462 88 377 665 238 242 565 576 847 341 970 737 553 229 286 151 446 525 706 450 668 966 716 957 481 402 702 214 185 569 732 884 496 312 412 56 337 333 523 585 816 275 351 650 478 254 693 153 833 50 521 382 600 40 721 235 925 200 177 23 290 147 972 529
24
215 909 670 676 174 322 93 427 199 764 975 550 604 837 350 629 361 801 112 691 24 987 39 162
671
808 20 925 20 174 218 980 902 790 454 572 492 662 817 440 233 549 581 171 847 518 236 674 245 678 852 293 435 677 141 126 201 46 794 600 767 402 509 433 379 295 787 529 735 16 337 591 248 956 956 944 392 235 472 959 339 763 419 495 955 380 263 647 96 257 880 107 232 732 637 476 533 282 831 758 140 676 483 30 115 197 63 788 655 729 647 811 582 664 941 366 358 866 719 61 107 403 308 942 496 158 550 88 789 656 796 35 106 416 575 529 677 617 349 778 825 830 789 90 94 739 176 685 790 912 737 93 782 342 123 916 677 973 858 255 721 80 547 938 127 744 196 767 740 51 125 512 880 889 276 231 361 382 445 651 99 361 173 62 850 69 137 159 269 845 740 340 767 844 902 198 527 524 924 471 584 217 138 263 515 609 730 18 859 871 539 839 164 853 862 76 515 136 878 823 308 179 742 844 404 793 156 382 187 139 998 752 311 206 755 923 731 491 629 306 523 445 96 36 906 951 849 522 67 216 866 423 812 476 414 437 115 371 731 830 84 237 923 858 187 185 164 427 610 394 893 757 770 371 939 553 583 493 690 349 572 753 631 712 829 922 36 600 593 644 668 542 764 552 894 191 591 835 545 368 830 671 377 942 558 762 489 790 141 260 702 122 497 338 6 445 746 46 16 487 218 975 36 901 201 262 89 131 103 526 176 71 50 779 519 467 104 511 469 287 397 96 510 817 532 585 597 602 66 555 479 616 416 390 261 410 695 648 62 652 200 712 279 700 502 645 122 489 480 975 771 479 910 743 130 998 415 563 785 81 214 753 334 733 903 728 335 578 858 621 860 992 508 838 26 885 122 588 896 269 477 963 796 459 564 139 913 137 217 789 210 872 390 328 145 940 689 375 936 98 309 844 256 759 886 533 368 619 262 818 514 775 139 666 315 520 320 691 158 907 91 276 855 101 486 432 704 142 778 999 215 85 216 927 735 118 674 947 72 69 224 496 678 988 374 931 819 510 335 805 769 467 976 109 194 425 565 777 345 760 196 470 84 647 273 904 523 149 733 982 893 546 817 995 584 478 598 259 40 248 417 197 639 983 586 663 225 44 422 281 897 188 444 810 400 111 147 35 592 556 714 453 365 34 708 293 773 209 775 344 667 861 10 471 882 569 139 834 404 28 771 271 568 989 197 651 892 266 939 937 528 99 846 908 183 775 624 453 985 115 226 420 425 351 731 934 945 75 373 325 836 168 832 785 831 746 523 4 523 725 754 356 770 77 697 794 275 622 134 876 40 89 339 170 901 707 586 443 189 695 734 593 13 966 304 397 849 784 245 704 989 390 989 358 621 434 891 116 211 196 106 967 809 191 251 515 15 265 351 663 559 134 103 101 894 381 542 518 818 581 663 503 260 170 325 289 526 507 243 486 182 980 249 108 225 121 642 228 623 459 713 613 998 101 385 518 895 367 592 777 775 246 744 934 379 591 8 311 79 691 674 819 943 674 21 194 392 944 796 979 461 500 188 579 891 427
375
651 806 128 724 370 496 701 102 635 960 963 550 268 248 328 726 160 403 539 705 680 729 591 379 586 261 421 535 294 851 787 223 866 84 229 902 533 751 645 551 582 230 864 811 445 980 841 596 392 934 288 201 643 4 412 170 347 442 637 441 400 753 857 221 839 514 567 339 32 239 256 372 152 927 617 556 769 111 406 655 315 901 542 472 893 116 941 162 22 222 818 867 603 612 246 10 294 272 128 433 47 299 183 124 401 121 715 407 412 708 187 362 558 90 963 904 693 65 245 295 120 672 517 715 718 253 85 65 507 162 275 697 456 565 733 145 45 167 869 508 256 325 439 372 944 633 229 363 690 762 563 260 990 112 723 705 487 928 159 304 367 878 666 12 206 977 447 337 541 109 443 535 193 763 442 592 237 322 505 317 863 65 793 205 635 992 76 504 538 11 388 692 292 63 778 797 982 790 430 744 221 149 375 982 160 339 135 292 797 402 749 638 77 493 71 291 291 406 608 978 81 385 937 32 329 322 816 636 711 193 869 450 555 980 497 551 617 558 123 909 542 305 25 496 563 834 693 223 199 889 862 62 28 393 349 225 851 587 641 349 241 850 163 695 636 530 965 681 636 520 495 93 90 217 860 860 618 663 921 738 896 907 124 428 712 995 267 18 374 993 837 501 563 490 117 237 586 564 712 551 238 430 443 678 673 444 321 179 485 588 702 227 678 154 391 260 208 651 938 112 959 216 156 742 914 27 319 475 352 771 846 945 755 505 141 236 161 857 693 890 692 12 48 248 977 550 820 166 432 588 5 381 565 786 730 632 15 785 137 769 9 439 582 448 559 370 811 845 833 342 993 676 215 473 735
311
885 209 677 608 197 750 977 562 994 396 585 276 952 292 469 420 286 950 133 264 576 718 700 824 835 20 304 627 830 738 941 585 600 898 897 73 331 118 214 53 291 227 61 633 352 542 845 67 181 900 685 30 575 762 888 44 225 275 847 185 401 949 603 652 648 678 502 623 670 222 236 148 597 6 328 363 709 82 802 985 305 557 162 76 383 310 132 780 961 928 125 807 668 808 925 764 797 221 12 15 490 207 921 312 881 930 431 41 969 534 204 561 732 173 683 954 82 455 709 338 966 284 90 593 38 130 366 15 542 378 403 234 761 89 420 816 443 982 213 902 681 973 460 968 459 351 751 236 23 405 665 841 542 101 313 721 854 318 49 166 788 594 898 768 411 687 965 877 763 697 631 289 959 219 387 521 577 949 687 218 586 593 553 168 457 244 327 43 269 775 183 325 863 645 644 121 184 364 574 603 787 77 757 565 812 851 613 248 116 318 131 787 520 980 896 137 111 408 898 598 363 780 488 498 881 585 547 18 525 38 743 826 884 762 467 993 849 765 920 972 833 662 212 987 400 444 224 480 431 412 429 936 995 945 90 810 112 124 958 171 106 699 104 512 455 922 933 24 428 977 640 968 140 745 849 825 654 785 212 316 189 821 289 513 110 975 145 413 559 705 515 967 1000 918 337 117 334 777 552 843 616 543 36 968 511 120 981 704 411 178 692
783
155 183 645 192 763 298 253 565 643 991 138 591 390 993 43 522 636 901 322 117 1000 706 469 639 202 957 457 207 47 2 793 601 248 695 89 184 77 611 791 970 812 352 996 190 670 413 409 517 786 734 332 221 466 939 329 492 361 52 952 770 592 772 63 794 408 920 354 731 828 544 12 112 815 265 353 558 293 72 171 790 712 468 826 671 256 917 903 172 638 691 668 400 671 602 963 765 125 79 122 233 661 370 415 544 587 971 596 237 664 270 97 508 747 882 479 625 584 612 608 248 459 617 900 326 361 418 981 499 881 1000 709 354 282 141 877 983 455 60 60 69 897 925 743 540 188 590 11 954 236 626 496 240 262 630 530 992 363 716 271 638 116 570 128 37 929 568 795 330 822 10 871 234 853 862 922 759 599 154 330 920 775 753 342 674 200 730 888 111 932 712 275 711 210 617 191 45 440 102 899 829 99 147 261 670 640 348 847 903 547 481 422 719 832 36 44 405 386 737 741 24 660 873 948 768 763 955 417 138 637 569 440 958 907 204 928 497 809 444 988 406 547 161 265 28 35 672 121 578 296 550 585 460 983 130 63 958 956 414 346 581 539 828 375 681 717 531 237 182 526 201 336 993 821 52 121 156 109 502 335 854 745 835 349 690 332 408 364 616 25 687 389 353 459 139 728 371 779 83 128 744 235 752 73 134 793 635 289 111 965 69 284 256 481 679 530 133 684 112 383 284 442 606 559 525 480 605 390 702 974 575 729 189 468 724 151 433 484 564 672 858 176 591 1 326 104 914 450 285 998 944 970 555 183 962 740 805 262 358 30 268 598 782 773 230 502 713 959 893 359 492 18 78 55 156 52 665 948 305 90 103 486 83 961 997 972 778 304 159 865 283 708 648 208 540 26 7 306 338 397 438 218 616 876 577 338 445 270 221 624 8 78 9 514 200 398 143 592 208 628 368 612 406 199 29 4 767 49 542 482 602 354 478 832 410 544 438 609 455 659 470 349 679 183 178 995 175 267 255 399 23 185 257 778 217 590 527 604 69 217 874 844 866 868 682 854 424 74 11 739 541 895 538 492 628 209 278 363 135 619 846 515 95 576 451 265 673 379 579 173 397 267 972 416 880 450 548 81 797 727 333 381 974 275 14 289 862 425 439 630 543 899 152 578 517 36 958 743 273 921 859 404 901 435 148 509 456 561 621 191 173 103 888 140 499 848 503 17 571 845 706 604 534 410 836 326 119 392 744 747 974 94 631 375 274 969 329 206 995 531 683 381 229 762 496 652 74 159 599 551 197 321 744 911 38 487 424 588 389 974 874 197 98 139 561 425 560 248 738 118 319 729 493 130 206 282 977 80 296 852 357 228 974 855 635 429 347 456 72 536 531 124 81 990 65 414 920 601 225 905 954 471 674 19 149 564 490 107 372 459 511 73 543 223 405 632 741 857 602 158 892 460 14 95 442 49 462 618 39 365 924 672 545 745 74 425 136 580 824 1 116 160 776 918 104 464 345 643 274 91 969 871 840 542 755 411 645 571 132 165 593 178 51 430 957 216 849 50 2 570 468 136 482 49 778 465 112 366 112 788 886 492 745 607 375 372 999 155 365 875 742 677 756 678 487 55 143 897 962 74 387 495 94 306 399 274 544 772 174 844 106 593 81 85 937 731 178 810 274 609 754 228 417 604 648 542 744 934 902 33 789 195 728 95 277 869 369 814 326 753 528 984 492 40 551 698 39 771 694 604 964 742 761 508 652 942 495 955 598 69 882 751 531 259
866
712 610 77 42 932 177 56 585 165 524 849 627 685 18 698 824 951 986 162 267 503 24 178 460 794 698 207 810 383 711 568 654 906 500 774 812 396 842 510 674 547 276 37 711 995 830 949 36 825 353 228 163 348 14 786 956 16 95 491 232 724 861 923 543 721 68 839 791 74 99 404 671 983 322 944 203 712 102 133 995 650 449 612 701 228 54 560 166 507 732 385 570 896 313 939 265 569 554 971 183 932 432 645 127 161 211 188 186 415 480 589 569 932 875 378 601 605 510 477 129 327 627 821 197 394 374 313 716 605 788 112 615 605 975 659 120 72 526 190 892 760 244 732 553 838 525 739 772 749 52 48 177 625 208 415 752 126 176 161 596 11 897 405 100 604 125 643 149 91 998 60 727 357 918 72 505 367 427 321 255 956 551 904 213 296 560 641 499 450 886 87 255 774 221 127 155 258 293 691 459 377 839 377 887 118 458 746 668 987 722 72 569 660 677 158 810 937 104 621 726 992 835 777 204 511 63 141 906 326 286 404 568 20 440 230 283 998 558 259 152 302 618 775 51 702 571 178 333 920 224 991 937 571 180 85 317 506 712 833 355 39 365 150 543 734 4 134 584 893 667 824 818 594 609 996 328 583 646 900 3 981 909 737 600 418 136 91 351 20 200 303 687 743 767 330 393 831 45 916 654 798 860 451 316 191 826 776 966 505 562 226 881 897 60 603 704 570 296 563 828 222 808 758 352 178 866 64 529 581 959 676 901 267 88 842 730 830 883 314 229 107 896 428 579 160 853 759 693 799 271 408 334 152 826 220 776 154 466 268 14 844 962 242 1 470 793 927 309 677 816 240 40 372 103 763 868 388 142 72 55 387 291 167 984 256 634 14 272 782 569 402 354 102 167 212 108 802 285 580 877 259 90 825 423 172 600 878 6 217 618 40 387 46 914 810 486 799 981 563 960 841 357 660 275 48 926 342 748 492 606 987 8 266 645 456 188 427 80 685 694 492 739 131 483 719 516 259 667 755 608 466 704 1000 380 376 465 961 180 439 170 473 947 176 840 613 434 664 995 4 323 619 395 630 542 223 596 678 187 738 836 712 973 930 773 445 293 339 318 765 911 43 863 280 699 804 563 8 747 126 518 516 697 704 176 938 628 528 600 254 195 705 893 632 396 337 506 265 473 923 146 252 382 481 673 453 264 405 774 351 544 768 223 493 664 19 796 176 857 330 667 444 352 179 546 61 740 497 879 840 705 122 425 102 939 110 184 762 618 216 645 974 356 614 681 644 755 497 217 191 749 716 493 279 463 366 926 553 316 411 211 17 840 894 959 819 569 126 658 730 470 187 461 299 319 376 251 124 491 899 16 178 587 844 601 912 997 527 911 652 472 916 898 741 929 200 150 826 765 592 539 661 390 118 950 646 565 866 798 509 360 749 830 935 851 254 778 831 922 82 680 611 21 101 439 827 175 506 622 477 570 950 129 275 405 752 776 982 574 712 751 915 515 690 649 272 467 141 292 317 421 806 40 67 492 425 972 682 8 745 140 230 268 390 499 141 521 419 283 429 355 611 811 799 19 225 598 980 607 729 728 860 96 791 123 560 208 886 560 142 788 677 374 186 500 818 798 248 341 517 864 592 974 732 802 387 669 500 290 389 754 736 94 663 435 852 647 821 674 911 331 932 302 36 902 285 754 690 533 208 281 860 661 804 774 280 453 662 897 673 672 327 911 647 627 72 608 892 330 986 500 717 164 737 38 797 70 147 6 859 447 376 193 830 330 474 259 475 808 872 382 343 289 622 272 694 238 893 857 125 70 285 269 381 117 983 302 918 126 754 177 275 421 362 873 635 535 973 571 742 624 835 417 6 483 897 55 898 358 914 184 378 835 281 602 461 211 529 203 508 203 753 748 996 60 452 275 812 625 377 914 603 858 892 921 630 763 43 468 78 632 452 343 324 254 544 576
560
903 494 438 712 58 862 981 915 282 883 206 806 431 329 286 26 60 657 746 11 740 526 521 284 850 653 598 756 81 489 381 13 234 501 107 96 169 784 682 839 361 557 663 351 374 57 955 679 22 299 623 431 651 678 889 1 920 439 876 23 833 486 170 118 526 928 667 26 250 793 959 791 824 309 219 726 408 895 834 418 16 915 250 947 581 312 647 107 163 242 329 760 290 348 478 735 553 725 576 857 875 673 837 515 425 310 898 93 188 686 657 786 666 94 87 249 411 282 426 658 476 838 973 489 264 84 286 432 207 886 290 54 579 96 808 954 873 254 514 449 7 530 779 906 936 857 500 649 242 263 142 181 964 942 378 204 419 982 126 923 418 887 468 928 606 251 575 139 4 2 72 440 401 166 595 310 503 192 219 857 550 537 786 626 52 828 894 879 301 961 650 274 384 317 371 5 64 537 204 935 520 704 218 151 792 136 994 730 213 4 295 773 5 941 58 72 480 406 626 97 830 52 455 429 287 352 488 309 855 176 372 830 278 767 800 988 322 226 627 20 235 330 592 329 686 62 985 984 79 206 926 213 358 681 58 401 116 866 941 639 33 741 554 168 147 556 161 652 9 430 847 130 687 295 590 888 564 450 76 86 194 554 952 201 268 332 350 551 929 134 337 998 569 180 514 64 651 853 682 141 912 609 646 35 372 372 775 772 773 920 993 476 285 746 817 719 681 74 768 246 695 684 978 621 301 841 195 460 756 575 103 674 383 161 407 720 696 198 837 280 666 377 721 242 87 381 37 54 58 312 782 725 973 606 843 383 999 70 293 607 90 254 127 119 64 18 668 795 338 308 833 313 316 366 632 14 852 268 455 650 481 19 2 604 49 13 356 605 636 348 415 213 908 232 760 782 303 559 354 959 894 899 878 35 833 522 534 302 943 465 392 806 588 469 871 463 334 546 600 564 605 999 884 355 471 407 586 91 41 344 593 907 973 493 51 118 225 224 302 783 643 557 752 260 226 8 251 940 901 321 22 279 512 763 399 569 972 707 646 177 933 131 247 167 1 864 573 561 889 850 86 598 802 99 19 800 622 113 231 705 439 962 176 677 508 658 134 790 950 422 841 88 512 234 731 491 308 377 151 294 639 34 243 899 845 940 484 659 597 546 672 157 130 503 732 941 500 827 354 549 334 580 253 929 894 568 642 153 964 18 307 305 253 245 555 460 269 888 843 181 781 892 300 865 991 792 241 991 766 277 822 96 803 650 469 568 149 737 192 78
931
993 524 834 724 130 193 378 319 601 942 389 395 377 510 82 167 481 372 466 76 908 384 620 28 267 638 490 988 388 853 575 77 101 769 265 685 316 207 553 533 165 209 47 839 875 549 674 855 566 688 617 24 710 440 377 990 415 446 58 43 423 789 23 693 903 500 321 621 304 676 11 116 417 351 396 257 110 990 760 473 279 26 558 300 491 470 670 973 10 581 388 981 810 44 149 985 303 174 295 879 477 313 319 947 836 372 646 231 691 893 454 566 182 929 234 710 601 542 401 425 106 646 381 85 611 691 906 241 554 471 737 697 513 392 63 77 381 727 33 346 188 750 377 727 426 190 584 218 416 86 279 175 817 354 724 610 703 746 64 774 301 187 168 81 461 79 964 210 261 389 599 439 981 658 465 383 20 698 392 991 584 698 538 152 614 497 8 850 359 695 420 867 394 115 503 75 494 15 533 902 731 924 717 146 631 451 390 136 215 461 907 228 660 257 361 510 161 740 305 368 995 661 632 3 320 850 958 881 911 171 700 628 474 571 983 286 953 798 585 412 119 588 369 567 777 559 102 652 176 48 633 191 28 815 856 442 949 666 567 746 203 833 103 957 203 976 542 182 668 534 443 52 464 787 346 590 624 478 343 988 262 893 818 370 552 515 929 939 962 186 262 61 346 28 672 677 981 519 526 266 139 490 747 433 702 948 47 223 333 207 702 410 881 317 782 376 434 973 691 180 408 543 180 95 605 256 588 787 935 919 693 862 559 162 920 750 731 282 592 578 439 632 387 43 558 987 151 287 566 583 25 40 257 415 215 922 306 310 374 897 689 648 561 497 503 258 591 119 663 988 107 147 876 668 345 100 669 743 160 749 471 288 996 231 135 599 183 442 746 102 800 402 232 71 326 528 769 708 13 796 735 968 719 819 647 146 324 399 114 870 553 163 578 186 490 119 245 752 380 59 855 519 692 641 57 889 604 191 580 906 683 984 629 699 170 18 55 473 302 915 537 513 183 676 511 908 391 401 570 319 530 729 74 565 758 129 605 647 617 698 274 847 133 337 93 286 836 486 333 525 46 174 548 632 956 83 290 986 166 89 922 227 478 833 583 186 549 865 178 148 528 437 794 508 996 57 400 275 298 614 938 217 638 554 973 565 777 427 823 934 379 162 935 69 431 449 820 785 495 334 483 211 342 986 247 288 359 597 667 898 273 667 429 693 356 108 693 713 437 979 662 701 765 185 714 750 835 723 201 873 293 144 127 164 445 899 253 904 179 766 156 857 243 474 861 275 585 191 656 65 54 899 893 693 343 875 189 478 948 248 900 719 648 631 733 317 72 555 738 298 472 107 845 789 851 255 816 623 365 811 402 583 156 243 360 487 616 649 192 30 702 513 513 321 621 381 139 779 4 954 134 654 209 567 249 726 765 318 603 533 443 597 699 413 581 438 404 584 946 434 467 703 897 869 129 889 186 709 405 588 860 207 921 403 11 955 96 697 999 926 359 959 651 574 545 570 517 408 793 420 756 815 507 510 487 220 962 605 632 299 754 237 562 35 685 406 651 305 378 486 569 635 170 868 516 169 638 636 234 568 741 274 248 861 400 623 346 105 949 837 682 764 610 978 143 408 618 509 814 924 847 322 755 417 551 345 374 875 204 449 369 899 530 622 348 898 277 201 689 245 567 347 968 798 168 390 366 725 260 70 68 546 877 405 436 493 741 987 314 694 325 66 811 613 392 705 148 132 704 83 725 583 715 531 332 721 999 922 630 49 321 696 550 879 867 295 363 534 94 611 365 405 54 815 978 961 841 415 154 937 762 444 993 276 98 681 45 274 534 190 343 23 442 374 781 583 913 581 3 829 298 204 720 525 387 40 151 989 579 910 371 393 575 512 831 909 188 816 166 240 213 550 186 908 784 101 403 972 114 802 169 135 95 791 446 17 670 415 667 961 511 685 440 800 974 58 755 112 146 349 798 771 743 378 211 862 761 323 150 778 977 342 766 893 639 454 528 764 614 83 328 225 967 668 872 364 955 749 142 372 772 951 441 768 941 623 305 175 498 943 958 373 550 649 372 240 580 986 933 700 246 970 843 126 826 585 652 955 56 93 646
189
13 862 127 799 90 61 807 676 83 987 458 160 435 508 471 249 488 473 930 478 584 522 34 36 292 166 31 109 913 179 864 614 295 932 681 757 471 973 683 553 715 998 138 763 577 420 371 71 568 996 577 117 862 57 610 712 651 400 324 485 811 416 738 478 374 241 815 488 9 745 359 203 122 899 721 914 915 214 75 872 914 416 209 234 614 530 215 929 878 982 708 933 18 594 216 471 731 529 578 290 508 281 234 990 46 992 291 178 259 949 468 719 120 911 666 248 821 898 828 271 484 487 600 378 613 217 502 598 187 108 896 354 147 88 427 426 881 345 755 97 661 413 117 125 447 929 19 167 328 791 394 588 52 878 823 173 44 510 280 907 781 312 176 680 853 77 659 565 57 232 543 265 12 952 497 148 790 479 727 20 134 929 305 132 120 496 318 227 521
783
791 549 655 781 529 447 975 742 627 758 986 25 284 432 125 10 249 253 18 371 426 947 541 384 188 970 29 273 430 218 570 136 137 993 611 653 712 473 339 640 86 41 524 299 754 790 595 299 502 246 264 470 921 105 462 466 98 831 238 965 419 146 769 687 318 641 216 264 138 908 856 609 345 741 205 878 509 879 221 327 169 904 392 259 125 210 81 275 442 609 307 779 745 880 725 796 441 959 26 518 258 476 678 152 778 569 218 646 876 299 601 556 494 392 495 7 791 758 908 153 94 221 689 12 1 576 192 422 98 811 23 757 795 652 923 798 92 545 962 850 146 383 598 377 891 432 119 720 183 170 378 178 680 465 523 512 464 688 637 245 488 987 192 205 505 727 520 685 712 960 703 282 159 246 640 331 124 268 21 450 162 857 248 914 641 366 83 596 682 800 371 639 525 372 709 656 774 169 822 97 661 538 140 926 78 879 254 454 121 425 61 236 443 668 175 523 798 99 953 259 370 612 363 202 792 461 406 744 979 459 360 903 834 112 171 915 20 386 288 501 835 453 791 48 868 202 873 596 487 970 219 205 125 287 479 142 304 57 334 341 230 248 751 249 212 998 334 276 43 507 961 716 791 926 526 677 961 276 659 942 791 255 853 770 590 365 833 329 725 610 114 967 187 599 182 581 943 17 651 968 27 603 573 413 283 36 336 547 581 549 588 520 668 375 827 627 768 795 477 392 413 514 921 254 658 131 709 346 937 229 316 704 389 589 807 454 692 633 216 133 84 174 495 50 138 659 826 777 214 141 170 11 882 654 388 137 27 980 448 318 34 722 525 283 722 41 903 866 518 143 840 899 835 226 315 247 560 440 58 679 616 277 274 234 861 449 936 775 711 587 452 877 426 627 700 323 803 884 285 938 498 502 73 737 608 572 387 468 352 522 988 685 849 920 518 332 931 429 748 427 701 245 11 686 914 306 383 642 199 181 104 609 391 339 40 819 151 465 99 727 530 270 737 985 775 953 913 473 569 728 52 766 146 150 155 861 471 19 211 986 362 826 558 903 405 259 191 159 41 448 263 436 167 704 975 527 473 358 89 21 358 836 582 795 256 765 954 787 195 36 321 143 11 138 957 754 551 685 527 898 659 606 366 874 749 376 303 19 213 438 519 340 391 546 361 505 244 18 583 817 938 131 886 162 479 985 265 50 438 831 205 495 472 849 933 927 176 848 314 205 623 636 73 809 682 106 430 941 700 590 363 525 828 781 70 172 943 165 263 44 614 370 48 927 282 379 948 52 886 394 309 888 251 824 203 961 61 419 488 337 573 127 404 651 896 651 922 310 609 21 363 876 32 861 5 648 895 692 619 990 705 482 240 820 751 463 438 74 583 955 290 70 919 187 277 579 543 153 758 892 773 377 282 272 38 849 360 56 453 733 729 692 476 621 72 339 946 226 233 653 88 289 931 566 555 881 880 367 285 147 991 793 305 140 657 553 164 8 758 973 412 857 318 710 387 13 71 611 559 979 924 687 294 835 242 320 758 240 700 752 72 53 355 462 251 503 436 920 448 33 382 946 644 297 582 201 152 436 364 820 272 328 11 27 130 98 183 52 412 907 80 684 557 245 558 784 131 388 146 937 60 970 234 829 892 332 396 518 138 22 189 984 530 327 864 384 485 987 337 504 917 11 526 686 955 659 52 868 626 579 934 260 682 592 334 816 33 795 227 139 745 21 274 884 953 728 792 274 106 848 111 597 190 974 974 493 533 15 817 734 680 601 855
380
746 479 466 536 700 181 591 832 428 145 670 313 498 453 154 728 374 536 218 863 502 650 126 25 124 291 385 447 637 842 545 419 557 993 700 284 505 116 717 999 315 363 268 696 537 785 503 185 935 557 907 791 561 581 195 1000 610 157 499 612 488 666 660 779 307 453 262 829 708 735 603 890 929 860 240 625 737 315 244 707 656 47 744 82 363 636 484 986 116 743 807 286 125 264 331 686 925 889 557 624 173 992 907 981 907 268 533 20 657 250 936 242 802 452 845 148 580 318 93 101 443 492 92 323 658 306 611 680 514 615 619 302 954 298 175 816 381 682 992 158 930 199 129 59 288 116 774 471 859 909 762 612 524 447 798 865 416 351 287 975 132 208 791 874 279 995 780 742 960 660 632 791 148 435 897 351 775 588 752 63 703 949 171 117 625 262 672 349 70 812 509 610 532 964 817 611 77 607 392 596 702 981 330 281 5 131 676 429 162 265 689 379 748 604 67 303 782 436 192 374 12 373 391 868 646 111 436 71 866 325 808 262 797 769 784 259 477 309 156 246 592 283 939 766 759 85 108 533 689 656 445 86 128 439 21 550 591 724 953 619 742 847 116 511 256 713 609 69 517 834 267 797 839 821 411 131 966 12 532 486 879 555 838 36 740 72 195 179 488 995 700 552 799 996 835 556 96 792 356 591 439 62 46 118 867 975 601 601 841 562 751 67 582 927 775 667 753 663 19 923 914 832 890 360 408 796 439 694 347 418 214 538 137 378 84 146 150 67 520 761 995 331 488 118 450 513 797 799 801 265 452 827 935 72 476 890 242 743 331 351 857 60 849 994 484 492 935 706 777 160 885 896 324 866 657 604 286 864 706 929
621
650 461 576 583 440 49 776 193 655 101 468 310 755 286 943 663 452 326 129 296 140 674 595 841 770 981 968 997 462 821 671 101 977 258 173 470 380 501 48 669 301 918 168 672 647 390 51 532 52 892 303 999 697 4 474 887 633 751 149 936 587 472 233 434 532 656 449 174 854 155 791 19 892 779 408 747 407 144 774 897 801 964 997 656 746 501 670 401 754 347 502 322 170 735 471 871 581 494 830 307 901 606 174 391 719 773 356 666 78 899 707 65 661 118 700 443 953 394 192 357 34 362 886 598 921 769 33 901 229 534 480 592 631 649 834 47 458 455 336 958 868 708 912 566 920 121 817 561 491 865 339 411 383 629 981 498 345 439 534 68 215 564 482 126 672 874 181 706 970 637 386 727 211 943 910 167 968 622 691 129 129 286 411 583 875 668 588 202 382 81 84 463 768 383 307 841 57 27 802 864 52 292 159 155 314 476 683 498 131 145 452 941 555 670 371 321 961 970 116 822 195 986 639 64 827 398 553 38 101 794 633 958 378 409 413 939 109 95 101 119 966 665 29 529 357 745 600 161 907 277 660 414 517 801 587 621 379 422 744 527 759 418 462 793 48 660 766 799 169 524 753 798 493 685 275 544 80 121 217 600 555 81 965 693 454 401 969 39 896 22 934 566 880 781 53 414 974 364 513 932 197 617 606 825 847 880 51 34 290 735 982 356 154 763 809 123 267 399 92 640 929 653 345 654 553 916 434 24 553 427 597 395 220 680 854 831 484 527 519 938 640 526 555 590 763 89 508 525 973 163 626 763 372 995 322 326 500 182 9 198 451 587 92 296 53 423 113 475 923 435 701 414 216 916 359 552 629 620 509 938 747 525 363 913 127 402 52 980 105 99 906 270 542 353 878 858 33 931 953 855 495 793 151 952 603 761 586 343 693 181 209 553 216 404 436 904 812 208 525 796 182 826 883 184 577 903 706 628 235 443 40 25 937 951 993 524 326 508 559 666 713 305 828 878 578 287 716 47 147 845 444 996 825 658 53 221 178 210 305 965 303 294 257 906 628 330 686 389 848 794 1000 577 726 526 855 471 196 354 840 124 759 392 704 585 677 380 938 721 794 423 3 478 618 207 381 678 482 247 311 47 241 649 453 782 1 777 903 689 567 297 579 299 462 826 406 315 568 381 946 431 823 338 894 86 420 497 31 276 895 678 527 135 362 535 295 278 459 483 912 333 525 272 4 768 512 824 723 680 65 603 992 789 956 976 432 3 159 241 601 534 751 162 527 429 158 691 404 221 684 798 134 793 723 535 496 795 185 722 413 780 986 830 473 450 669 359 683 974 298 207 729 670 801 611 315 380 940 131 901 341 642 217 700 667 395 872 243 486 688 325 720 12 271 73 843 534 207 69 537 33 452
634
74 794 582 72 134 589 872 452 320 740 364 64 322 905 389 179 800 731 962 47 472 416 520 937 992 73 418 115 913 74 63 431 380 293 134 886 833 236 574 415 327 394 750 611 93 317 774 483 114 185 874 479 512 426 35 809 620 93 166 905 100 805 175 306 593 757 909 158 149 548 13 896 692 149 552 862 98 176 820 898 361 128 859 414 252 554 80 791 456 456 533 390 916 108 752 160 104 935 721 563 475 704 91 231 908 504 356 495 23 536 229 931 932 380 947 666 455 845 111 153 828 173 189 759 42 932 352 995 282 692 637 100 565 313 505 979 975 148 966 379 111 471 190 980 506 365 148 263 455 254 750 804 971 211 279 153 293 997 323 720 160 786 346 277 274 149 446 641 345 48 840 335 928 159 170 432 978 97 430 891 904 978 267 434 584 589 721 586 322 231 242 976 590 706 268 842 974 831 892 752 383 889 259 256 749 385 732 148 778 42 571 209 710 120 506 26 632 484 852 185 840 126 714 639 975 699 31 105 22 916 725 891 851 218 926 675 175 791 833 388 657 385 254 847 344 594 489 772 423 114 704 632 397 647 338 635 458 322 437 617 956 187 853 158 605 420 360 233 173 46 846 807 117 739 663 949 251 661 778 712 700 823 512 784 977 313 772 793 456 177 62 259 549 607 163 942 392 423 495 421 857 354 896 36 512 849 759 192 822 441 834 722 20 888 243 740 948 14 366 257 869 614 252 344 513 410 765 788 184 104 290 244 491 441 659 170 782 786 589 130 673 438 221 824 797 834 619 277 991 37 81 375 522 333 86 11 317 939 729 114 395 695 871 855 894 285 691 421 470 663 5 734 811 756 175 120 410 273 983 673 26 910 861 860 423 298 776 540 114 620 663 729 454 482 612 896 900 646 916 270 776 127 304 304 791 139 829 755 997 524 968 881 319 237 491 591 332 437 479 68 260 142 698 938 666 340 976 255 840 892 791 985 706 947 996 202 594 406 304 560 112 756 228 412 340 497 620 573 600 373 305 416 978 644 346 988 314 367 654 714 547 268 512 275 941 15 995 909 669 415 523 358 158 856 906 389 830 96 873 909 664 611 210 359 401 921 571 484 731 331 198 24 337 748 175 781 471 462 276 423 132 246 317 186 299 406 872 287 969 755 41 967 1 586 60 101 396 862 442 144 604 553 108 29 154 472 627 277 436 16 907 790 281 907 412 431 605 162 253 400 446 149 677 933 981 831 686 583 553 768 9 823 340 843 918 312 62 308 259 452 969 324 558 720 387 168 332 73 911 640 653 323 425 3 432 299 17 468 486 642 669 665 240 140 738 571 154 287 304 4 385 349 154 701 590 609 15 508 145 570 534 801 70 118 7 848 922 186 242 545 466 907 472 654 179 678 730 666 802 671 629 829 147 529 411 694 392 89 27 896 355 613 857 618
580
758 153 348 457 556 790 976 139 157 534 501 908 615 126 224 243 420 982 816 126 920 402 411 979 558 117 674 276 715 631 636 938 534 818 230 124 685 209 88 227 608 572 510 313 809 170 285 140 375 481 797 343 535 548 83 713 919 74 544 791 160 856 75 528 965 633 766 244 830 754 632 907 754 924 603 294 850 357 725 818 510 77 323 111 129 426 701 376 165 872 223 293 603 323 176 965 737 951 412 847 287 214 683 287 243 227 898 673 497 380 455 651 277 4 11 385 32 231 188 681 323 742 175 315 174 126 464 324 662 476 261 469 342 151 189 900 358 864 129 385 961 586 64 504 59 7 626 796 109 108 194 722 384 736 889 541 851 186 946 828 432 24 519 996 518 5 477 639 929 4 102 937 510 788 762 379 475 585 237 262 335 266 400 896 407 145 820 644 651 105 711 415 126 225 300 459 942 115 906 463 889 644 355 118 549 686 671 695 715 781 36 421 500 653 53 135 660 313 177 957 84 161 503 756 914 826 670 159 883 289 530 166 21 184 970 334 8 708 88 142 967 388 736 38 793 636 299 727 372 975 698 309 732 92 682 20 648 39 567 879 815 430 449 911 795 102 718 140 620 352 124 539 615 848 257 678 446 759 741 380 462 261 578 657 27 668 73 105 827 278 516 590 670 951 689 971 328 460 549 781 127 186 431 560 152 324 390 888 315 226 695 301 406 946 753 666 969 132 679 260 478 978 434 297 605 842 1000 290 908 253 348 103 193 646 183 245 699 957 888 733 722 636 567 181 724 161 606 525 335 203 462 989 881 474 199 538 314 714 770 960 18 451 598 841 317 152 196 232 281 587 513 733 901 580 318 473 541 309 24 208 332 755 559 985 261 945 909 201 189 737 634 708 730 769 693 942 784 876 947 731 754 741 855 523 766 540 847 987 972 742 755 678 453 946 690 712 363 640 385 160 120 135 144 821 823 361 32 60 456 861 98 192 149 996 922 887 539 864 835 129 946 188 549 781 129 271 437 452 724 404 875 1000 490 950 347 78 771 769 608 672 364 488 693 380 88 417 901 83 767 789 318 155 208 976 894 640 62 702 115 855 986 995 783 80 636 395 937 30 611 259 528 457 709 904 31 621 634 273 818 651 990 816 647 335 763 124 390 695 95 518 335 884 695 671 981 222 466 862 993 804 105 398 466 500 677 858 810 451 328 823 62 69 854 528 345 223 922 492 973 896 421 734 115 468 236 525 410 624 390 84 783 87 452 525 854 393 614 254 525 135 784 183 77 663 943 756 693 978 609 726 348 130 973 548 173 231 619 929 609 864
704
818 55 829 640 573 361 242 107 448 441 839 569 118 241 307 909 885 323 355 867 841 405 559 837 766 51 43 239 14 484 734 602 411 600 241 362 41 62 266 710 138 560 387 657 93 680 863 511 721 271 499 459 636 56 172 94 662 731 751 995 506 581 154 723 438 926 306 388 279 952 396 108 750 460 262 520 604 1000 384 164 395 410 230 917 489 437 888 470 532 875 705 840 132 917 675 788 500 356 453 981 167 898 414 906 166 891 242 237 634 115 72 552 9 16 373 491 271 128 801 285 947 613 770 83 696 796 486 628 228 429 970 333 792 600 125 834 964 455 436 75 731 573 952 236 5 430 547 533 657 364 611 94 789 701 378 701 616 748 388 331 568 577 286 825 172 223 49 610 18 911 330 862 382 47 432 295 562 199 520 397 668 177 873 797 388 356 746 897 852 439 701 705 366 71 749 184 416 259 810 174 716 26 649 992 210 589 290 716 224 41 149 557 965 73 383 75 958 726 911 822 687 790 749 484 624 271 67 221 133 784 766 295 312 296 308 289 91 622 197 440 811 357 723 29 280 833 765 300 384 114 740 615 251 145 341 438 258 947 869 117 381 104 136 152 736 997 963 652 902 513 801 321 953 353 333 158 472 525 396 79 883 725 759 498 686 677 247 140 332 37 613 39 650 759 66 359 691 797 117 597 872 945 646 72 690 231 977 190 183 919 44 626 391 404 747 283 251 710 301 896 787 913 225 14 270 178 846 50 908 188 133 322 120 60 942 396 764 586 578 268 199 573 400 302 719 823 158 624 473 229 399 960 38 549 992 387 717 863 574 759 855 648 61 740 679 151 21 843 272 604 500 140 96 985 658 145 233 63 67 848 238 160 94 480 953 702 585 602 248 683 238 198 697 171 746 787 204 838 953 100 60 988 508 892 929 524 821 877 715 398 937 932 493 68 101 256 19 623 102 253 467 979 626 191 428 597 168 286 251 501 941 463 75 902 706 597 225 202 412 535 633 9 120 505 909 994 786 276 884 360 190 851 422 529 451 699 271 886 702 770 100 274 834 984 691 588 602 609 601 776 174 260 938 980 233 605 528 583 698 909 430 397 636 245 501 734 882 137 777 620 73 320 984 7 477 767 312 689 568 20 761 729 630 217 24 211 623 366 850 718 134 652 228 681 956 511 34 482 842 859 121 114 827 111 155 565 983 178 117 33 74 67 698 282 781 194 228 671 186 539 115 731 300 198 324 596 961 899 951 941 316 276 210 489 334 728 437 143 922 940 918 249 436 291 674 17 949 556 620 836 295 775 53 427 412 558 927 827 574 456 507 721 528 788 344 40 339 111 582 315 383 489 936 913 314 790 6 223 654 106 74 697 804 332 927 666 990 573 784 521 817 942 302 996 249 505 112 251 854 278 363 78 935 764 978 126 706 825 559 370 122 356 462 858 242 794 417 609 849 316 287 142 699 202 659 715 563 410 664 739 535 718 67 955 116 335 536 613 241 30 456 230 556 367 76 188 795 220 919 316 995 616 284 127 355 462 11 163 550 647 530 756 743 762 114 808 540 866 627 720 53 425 700 590 860 518 427 158 991 386 388 785 994 591
419
100 977 810 920 475 463 579 633 371 332 21 739 362 667 69 462 948 841 49 346 686 232 107 953 371 180 195 293 171 273 889 742 382 331 94 960 867 22 158 747 520 131 976 568 143 730 771 946 631 745 668 26 573 553 953 872 901 989 852 295 293 700 313 982 149 213 169 229 267 164 155 680 452 119 65 519 394 790 698 82 574 473 53 40 627 794 368 128 969 932 299 987 277 602 716 954 648 324 278 600 153 30 19 581 21 696 278 932 469 380 775 140 640 945 899 893 54 214 409 289 782 361 470 533 758 464 132 960 172 182 451 186 911 450 950 237 334 891 111 572 158 471 725 671 828 961 27 199 461 437 431 375 795 765 148 386 256 748 938 723 716 169 445 798 205 306 274 810 829 261 857 340 284 954 223 296 788 421 250 107 459 63 964 302 227 134 92 639 932 353 855 838 639 496 150 894 469 248 866 60 421 107 73 962 465 952 929 718 124 914 928 438 170 476 348 512 266 568 292 166 212 135 339 331 660 80 202 848 712 74 638 548 358 21 834 198 36 468 656 843 858 533 722 133 714 722 319 831 859 307 469 428 752 120 481 648 989 55 807 408 599 583 928 974 483 532 138 535 566 38 498 779 248 303 660 459 303 595 667 345 247 503 220 838 651 79 962 67 922 133 35 491 476 228 728 461 443 799 694 384 732 889 270 771 777 712 520 111 295 844 943 451 317 278 690 543 428 283 847 371 254 63 846 20 448 314 829 517 300 146 379 773 449 655 61 591 982 394 908 232 982 716 885 605 874 58 145 271 771 779 983 151 278 440 478 714 373 80 809 575 64 555 494 957 495 274 243 651 530 747 707 536 831 654 466 529 58 821 977 842 280 32 653 354 800 883 363 326 66 789 99 904 105 249 920 540 81 279 925 669 867 812 36 879 882 192 810 721 415 364 465 891 156 8 217 755 64 474 192
671
92 471 857 744 663 876 889 938 523 540 903 118 814 826 308 957 458 631 758 110 77 676 882 188 828 281 651 904 274 190 364 648 761 377 554 813 640 172 66 904 320 474 225 29 636 355 339 96 278 367 70 370 495 440 929 507 434 419 841 161 165 394 386 998 183 214 386 761 156 247 264 670 317 148 840 127 551 726 600 584 639 261 861 828 530 159 532 155 796 480 612 464 443 285 612 857 303 9 665 850 1 79 553 760 988 455 299 548 56 664 423 858 218 745 797 663 810 128 499 326 31 445 485 161 220 332 749 97 767 616 969 195 777 499 917 229 615 556 544 407 956 668 834 748 881 944 464 101 345 397 77 245 324 824 543 781 978 690 342 957 989 672 264 163 720 788 826 931 54 80 847 360 797 65 64 244 479 386 26 137 46 997 795 136 772 906 361 104 499 401 154 827 775 690 933 34 358 753 914 224 703 793 448 603 378 731 580 518 130 288 560 828 187 751 665 924 753 477 494 599 618 35 665 202 370 249 340 36 224 209 465 643 839 75 497 706 621 40 486 305 252 450 771 679 546 482 190 896 482 564 170 778 111 552 320 109 845 429 300 599 133 259 899 383 892 988 332 934 714 584 643 543 90 161 483 5 581 263 727 578 536 537 403 904 397 824 294 281 733 378 316 94 463 993 650 511 611 766 301 828 388 135 690 451 207 578 222 890 470 22 270 437 323 215 22 325 215 216 26 647 141 727 851 327 155 898 632 496 286 212 872 884 356 701 537 690 752 72 295 755 924 353 944 837 473 448 838 78 998 305 474 898 375 224 315 437 713 704 672 698 43 69 267 742 54 893 385 765 674 858 416 496 108 578 87 262 387 214 716 637 308 853 781 783 950 604 983 65 282 737 26 82 373 791 193 742 217 27 641 356 729 636 717 648 18 662 131 895 319 324 825 682 21 280 392 445 33 830 297 288 198 143 917 288 161 164 305 116 846 288 324 833 208 556 743 648 826 650 697 356 661 117 843 379 310 139 171 504 359 263 267 683 937 727 581 921 851 913 4 263 193 809 189 456 798 214 180 416 678 24 474 609 359 457 113 30 350 16 996 608 306 457 124 835 453 479 304 737 341 584 826 426 626 509 527 707 568 717 793 454 577 251 955 621 525 949 726 110 252 391 142 201 71 265 946 94 843 799 476 1000 350 334 670 142 395 508 374 959 411 29 235 262 395 945 954 324 384 818 155 353 161 848 915 702 225 34 523 17 530 465 308 513 305 312 156 72 705 776 376 441 620 78 284 911 403 330 419 216 489 690 708 28 357 335 356 291 410 986 527 842 868 800 35 981 605 793 479 614 814 283 5 383 919 475 16 114 590 67 227 747 431 760 470 436 20 810 703 721 86 913 116 697 912 853 411 55 593 556 55 980 4 23 844 89 779 778 826 870 632 708 478 176 390 669 518 84 692 242 292 33 42 191 907 333 270 233 242 426 56 799 562 721 407 537 66 1 573 986 699 861 849 75 457 43 13 150 767 711 804 285 877
569
555 879 4 515 991 234 321 699 881 30 258 588 810 235 41 300 996 584 517 68 997 691 668 191 215 334 960 354 747 501 867 439 615 337 245 346 39 552 529 118 547 887 249 141 479 841 693 974 461 292 494 613 64 963 844 672 461 850 773 700 311 947 635 759 54 331 554 867 736 224 696 902 232 534 273 374 330 834 135 416 655 2 725 829 309 930 190 553 384 301 282 295 663 843 119 896 993 217 592 590 695 919 542 239 202 26 21 681 532 197 842 326 436 940 35 769 87 84 686 18 425 329 211 237 336 535 97 603 982 936 104 472 649 316 555 920 335 688 109 285 815 452 947 264 929 53 929 138 248 949 630 989 355 903 618 779 290 491 653 669 766 889 511 956 801 489 69 630 226 752 145 376 540 645 12 286 380 673 293 641 501 809 419 872 393 474 500 654 635 547 346 803 244 198 962 657 451 513 671 2 633 826 10 684 922 316 906 133 12 827 793 635 364 149 428 124 677 545 119 862 937 619 298 447 372 440 391 290 104 909 915 736 696 507 696 549 381 826 623 209 589 734 466 398 223 556 600 32 469 443 267 47 451 300 388 202 937 593 932 620 234 688 960 847 556 768 221 936 845 19 507 377 528 811 853 117 524 592 951 881 587 507 490 704 238 262 465 540 86 361 981 521 456 457 158 964 488 947 340 246 580 195 495 487 581 633 851 870 479 251 500 39 466 358 692 255 407 703 733 726 49 102 391 691 208 250 645 162 318 668 186 780 840 849 490 595 642 908 961 366 146 9 852 714 709 365 808 28 366 596 142 282 340 662 136 985 577 974 38 655 321 278 714 956 174 748 965 398 623 134 80 722 193 708 286 365 334 508 316 788 438 907 426 722 395 836 1000 735 711 239 965 943 124 247 54 986 40 718 34 255 207 539 808 38 189 646 318 880 957 544 159 589 338 204 328 877 561 599 187 500 55 518 345 676 256 631 43 356 628 985 547 902 373 830 520 924 127 18 226 202 292 81 150 959 711 238 191 94 129 479 56 765 675 488 899 426 967 478 227 387 524 604 720 873 46 15 963 925 517 148 496 53 301 691 487 944 627 210 205 557 221 371 539 758 725 174 823 723 262 194 500 746 97 802 503 221 532 61 487 481 643 771 12 763 287 447 602 925 101 130 835 240 171 105 924 222 876 918 971 126 139 6 277 280 893 443 488 114 25 215 559 43 898 910 32 974 256 997 9 692 729 330 623 96 865 647 292 109 887 849 270 175 795 766 619 299 493 532 227 659 195 672 980 145 292 390 576 794 280
561
515 544 454 226 853 691 647 811 536 440 840 361 272 377 774 539 31 849 31 33 597 370 263 898 716 709 78 672 587 14 576 183 398 768 717 875 117 824 308 506 292 593 328 146 464 98 143 822 893 327 634 119 476 231 381 207 154 190 362 138 235 874 826 331 552 351 822 708 485 370 477 561 422 275 95 788 924 36 763 165 768 120 562 888 197 5 91 903 184 583 170 636 832 450 835 285 280 424 345 588 326 833 377 179 484 716 468 692 977 827 645 951 332 254 968 46 988 486 608 396 213 663 730 777 885 837 271 753 135 235 282 443 744 746 192 405 536 100 656 312 238 610 678 164 485 493 896 584 811 535 187 268 796 799 995 337 578 829 528 703 167 772 34 195 83 889 659 796 193 617 895 760 243 203 165 309 69 351 437 477 319 10 290 894 922 83 597 723 842 466 283 459 744 205 838 203 324 257 756 429 599 372 680 512 944 364 137 513 561 744 519 379 139 682 293 629 647 203 992 192 336 67 869 721 824 578 412 979 727 124 352 635 8 747 948 418 548 651 625 553 245 751 429 767 396 406 807 243 809 309 550 933 706 785 860 401 822 884 514 671 193 270 463 371 916 129 39 288 827 705 872 971 747 22 273 344 458 138 240 321 267 791 613 358 538 385 353 275 863 419 502 777 44 600 423 357 1000 103 974 796 246 11 829 125 287 931 777 385 676 114 243 683 252 516 179 705 774 343 587 69 460 291 440 331 87 584 722 279 640 40 883 560 187 833 76 238 807 701 188 838 239 880 291 335 34 7 901 839 838 447 870 53 659 826 813 749 55 595 333 799 891 1000 374 948 162 565 785 260 774 212 855 866 334 69 206 453 499 284 42 712 352 397 133 280 109 807 454 916 142 672 730 578 635 557 994 523 646 681 729 744 57 1 285 603 371 712 838 116 91 837 847 338 347 848 871 613 808 107 316 858 46 167 464 105 876 325 350 945 130 164 103 991 689 274 599 290 971 887 533 312 420 674 563 300 458 540 309 219 501 656 290 697 111 162 665 310 490 38 129 557 365 134 366 133 837 728 606 356 929 11 920 778 190 653 422 271 285 485 38 954 975 2 631 668 992 955 981 882 465 806 978 850 569 683 509 154 447 539 431 311 134 900 278 813 905 920 105 442 226 951 852 686 362 852 875 467 979 342 560 692 354 209 10 122 188 125 522 883 257 172 667 653 187 815 737 870 993 701 929 681 119 569 332 177 760 373 655 43 765 983 806 162 318 615 820 918 397 723 149 707 51
965
779 584 874 349 915 809 534 702 435 730 190 408 791 1000 89 973 920 531 628 432 962 908 794 427 831 426 726 369 745 353 621 951 418 764 434 788 600 544 511 34 932 320 717 404 758 854 750 834 937 792 948 762 604 924 866 563 827 980 786 899 815 947 796 789 759 530 584 540 780 419 776 146 684 563 32 692 460 426 455 878 506 572 710 327 838 201 597 325 316 28 885 862 708 904 66 737 470 582 988 377 425 130 869 429 528 871 886 51 361 939 311 515 136 559 285 826 512 284 596 463 77 686 817 149 411 344 942 521 970 791 982 559 92 120 112 583 259 2 434 148 514 552 721 504 929 491 918 121 894 975 35 92 491 587 596 748 681 310 563 947 338 584 236 264 39 221 10 678 391 312 2 103 238 819 951 311 319 50 155 866 822 159 29 839 554 621 499 524 714 326 587 794 686 972 797 370 311 465 526 389 734 432 934 752 831 809 559 367 31 624 351 183 288 242 519 195 464 915 86 134 213 758 367 802 444 354 841 313 362 956 132 977 478 534 635 879 510 85 115 29 778 832 962 8 397 362 283 245 225 778 324 145 175 435 269 22 123 695 634 70 605 828 538 633 934 974 459 980 22 922 620 357 664 973 211 138 789 646 681 646 987 406 520 39 269 530 296 541 430 26 997 98 432 883 211 208 434 78 49 181 539 674 965 947 948 278 563 565 554 341 709 250 887 374 112 378 540 57 92 54 20 16 185 298 58 256 447 735 496 624 596 697 150 679 580 320 283 741 811 337 159 228 704 347 943 48 928 632 481 725 967 728 355 848 880 370 946 15 497 559 147 674 804 782 676 277 210 818 396 212 840 202 245 209 272 698 650 975 194 825 819 304 784 264 852 324 173 72 464 113 314 487 6 10 341 726 64 257 551 593 5 719 987 415 580 761 149 752 820 957 882 265 887 410 183 82 572 801 317 240 519 535 816 115 684 890 991 693 781 533 715 663 991 182 661 541 946 372 985 749 250 386 348 425 770 424 560 888 13 631 920 240 475 268 471 216 19 223 490 566 743 927 641 615 383 14 787 955 558 325 143 734 165 272 780 878 355 686 754 393 468 747 951 580 631 477 944 571 223 378 795 691 764 883 279 800 455 444 174 88 533 123 1 6 187 531 488 26 694 603 241 5 532 459 420 683 58 982 827 346 401 158 367 548 324 644 191 536 847 638 817 953 314 151 494 254 985 166 66 412 565 410 118 414 863 770 112 63 750 800 943 704 45 32 968 301 910 420 418 163 289 453 134 582 818 56 546 69 624 548 838 503 295 883 15 978 234 75 846 563 808 80 182 718 50 680 501 962 910 310 806 940 951 928 961 926 57 808 339 575 610 444 889 180 59 192 86 704 915 338 797 883 107 548 73 963 948 901 91 936 569 970 560 615 812 432 209 257 944 905 740 697 766 611 665 249 355 633 484 533 866 762 375 33 353 298 204 524 583 66 95 261 799 344 262 200 86 805 95 23 585 178 890 119 719 660 365 408 325 520 544 415 759 65 23 223 166 7 839 856 109 62 151 757 68 25 781 918 211 328 755 273 738 623 254 740 816 753 259 828 77 521 301 825 651 613 618 621 432 729 56 2 184 136 664 721 768 51 748 907 541 136 412 899 433 351 786 561 922 407 754 773 665 667 800 300 424 994 10 242 40 652 988 219 816 303 553 682 655 241 838 986 786 712 167 806 394 565 777 203 736 335 934 531 783 394 141 315 348 744 783 542 261 115 940 259 727 386 941 452 288 973 732 262 482 258 590 626 692 814 140 54 921 205 430 451 541 271 30 846 847 194 514 517 816 484 469 967 934 133 723 635 959 541 864 312 10 599 462 628 548 53 256 392 609 97 51 660 911 919 546 701 711 546 677 343 652 480 777 406 771 949 128 520 962 515 357 371 428 395 723 583 117 563 38 987 84 249 137 748 917 770 935 657 862 625 993 640 629 798 817 216 679 599 891 827 327 583 692 43 845 114 677 136 788 238 653 222 867 173 907 170 565 885 601 843 94 725 22 993 903 535 374 752 609 57 83 681 996 260 854 343 54 66 66 878 776 256 466 266 26 551 784 401 87 795 676 569 704 950 666 700 237 890 49 742 564 248 334 847 4 384 393 295 271 507 61 694 583 519 242 861 90 460 672 177 803 147 354 302 395 555 794 634 65
53
611 742 989 329 248 922 991 367 246 51 500 872 877 981 55 672 201 410 866 91 375 514 836 537 746 266 603 578 474 196 623 919 792 1000 195 640 684 118 925 215 958 793 62 55 820 384 399 258 517 233 293 882 29
67
788 304 953 708 137 229 766 821 453 803 36 827 277 750 65 394 563 468 81 283 147 250 543 805 231 440 949 807 394 474 251 82 186 444 933 641 341 154 538 31 27 755 73 646 857 496 99 215 966 505 606 178 157 272 14 749 27 857 513 135 828 230 499 863 448 171 86
845
569 965 349 489 746 944 43 864 853 866 350 720 79 268 788 70 369 331 749 771 310 241 906 740 710 350 625 224 73 598 623 573 126 351 732 894 134 27 662 368 416 423 451 779 11 75 946 614 759 236 517 283 564 273 642 95 617 709 676 946 148 126 95 527 971 887 622 314 460 67 752 224 451 558 709 671 467 445 494 849 909 247 298 819 461 276 863 717 974 47 469 108 766 377 137 2 263 18 219 111 41 688 605 790 274 642 613 259 47 946 727 301 88 380 39 875 667 629 649 384 999 156 876 280 943 288 386 774 206 583 880 86 848 904 20 757 961 581 102 441 640 915 460 624 349 210 27 740 637 756 203 283 13 928 120 211 47 205 619 495 711 126 279 450 610 804 37 167 666 29 627 126 591 757 893 768 332 123 343 301 310 580 490 983 16 141 115 227 21 793 877 209 941 707 90 386 600 243 858 678 20 790 467 451 572 715 55 457 868 185 711 966 331 122 994 814 947 630 205 777 917 187 431 666 583 61 873 744 980 712 382 360 484 332 883 757 458 555 966 561 825 268 366 346 202 887 686 168 197 95 38 146 889 123 724 971 51 793 800 710 817 635 850 438 854 398 611 698 35 685 163 227 855 959 503 235 952 975 982 571 508 970 225 689 552 967 668 363 573 813 727 824 456 999 87 571 36 804 868 876 961 362 671 344 92 942 730 294 974 742 660 263 277 342 320 600 528 871 330 745 863 217 450 457 832 829 220 226 253 871 355 103 875 334 822 946 7 232 58 494 315 256 480 355 370 186 965 654 618 363 105 408 499 178 360 235 796 881 893 174 385 416 17 868 851 31 666 45 450 804 161 197 186 18 253 810 585 793 785 103 618 426 688 558 636 525 700 691 686 861 811 414 436 511 755 59 617 202 36 936 201 87 349 571 513 492 983 660 297 576 640 460 290 692 699 899 928 585 490 377 599 127 206 924 886 651 720 46 597 992 312 948 821 344 868 421 72 749 303 117 549 929 653 543 5 76 996 223 572 48 404 362 565 843 669 306 280 672 564 620 246 125 291 682 962 876 954 816 181 546 360 119 767 625 610 550 413 76 784 196 771 62 140 175 668 676 754 265 622 396 759 318 791 843 52 244 345 533 978 157 584 739 624 465 669 503 828 823 868 329 111 113 349 247 863 829 639 24 947 887 538 167 532 496 371 612 858 411 596 393 988 276 722 816 429 585 32 952 599 42 358 721 219 839 331 185 450 971 487 46 389 361 857 914 910 844 962 641 269 80 410 280 10 539 462 40 686 733 877 157 161 862 265 110 918 28 3 912 683 591 35 194 796 132 552 666 147 975 369 678 804 720 390 634 756 570 409 611 954 137 292 126 275 165 493 809 825 920 643 116 98 995 822 244 194 847 995 52 975 946 94 477 748 883 286 917 910 207 320 947 820 545 640 838 383 405 465 216 340 145 301 772 370 54 533 802 175 876 669 317 700 737 375 853 286 143 788 567 99 85 931 757 531 961 871 822 621 886 880 644 347 446 170 408 662 872 154 276 494 777 301 241 29 709 215 168 11 471 587 545 518 222 890 648 833 733 330 393 782 528 789 70 828 514 864 828 692 105 776 103 607 503 456 966 402 173 863 122 594 124 37 282 69 729 407 856 125 227 790 193 33 421 85 503 930 644 225 257 30 166 432 279 216 576 390 523 137 132 428 49 168 968 76 445 374 136 473 308 606 168 812 234 52 331 318 368 741 268 703 239 434 14 879 145 176 487 757 915 462 756 432 782 388 24 765 804 779 310 175 655 851 36 559 708 564 992 465 572 233 78 221 793 333 598 373 780 214 330 769 265 744 296 782 183 860 527 429 353 912 961 556 751 652 667 171 316 80 610 467 471 3 710 476 469 537 389 845 606 934 999 169 784 271 150 922
614
636 887 766 755 806 458 313 557 223 4 658 962 631 831 428 580 105 349 664 962 146 296 876 551 607 383 292 700 420 957 35 241 159 908 218 576 537 143 834 629 585 377 844 359 655 608 102 790 69 534 343 942 932 120 849 368 15 283 316 626 615 957 74 266 749 739 669 194 368 282 244 508 514 913 829 940 966 568 279 760 497 281 244 554 15 254 980 303 492 201 93 519 878 834 436 756 431 721 994 219 441 814 498 82 846 496 765 911 815 775 488 598 953 104 202 615 394 252 557 787 781 105 90 832 873 338 760 543 490 745 119 414 22 847 755 924 495 234 480 267 565 913 740 649 310 669 718 350 636 602 239 484 404 736 62 306 509 615 551 823 471 611 603 435 950 306 970 587 296 239 479 27 236 913 67 327 895 143 535 724 231 462 863 155 455 167 884 870 714 199 799 97 139 365 858 658 331 488 543 911 165 885 146 195 747 121 848 641 339 632 793 783 530 974 295 922 663 84 609 675 540 86 903 765 233 502 729 11 70 928 545 656 725 16 843 674 276 424 133 275 999 481 410 12 864 247 919 524 596 61 777 919 206 498 569 696 765 282 515 826 953 364 829 862 89 880 517 482 895 940 281 165 211 246 541 409 540 93 843 280 517 427 397 161 228 33 47 22 206 614 568 623 856 22 927 512 496 127 349 986 843 124 787 419 330 211 509 567 268 106 850 714 746 202 509 383 396 893 731 238 822 387 367 793 692 115 301 592 453 185 437 374 738 451 217 586 103 464 81 490 337 985 929 19 409 767 611 718 279 898 688 237 476 764 321 453 31 903 811 594 329 589 159 276 375 554 681 251 415 579 392 282 451 64 221 676 684 291 696 263 472 279 75 783 68 972 681 502 584 533 381 835 594 398 603 439 410 837 171 156 507 358 740 346 977 64 899 432 423 401 235 708 282 289 422 173 482 299 709 259 637 990 231 267 682 83 689 669 955 313 246 989 892 895 506 744 995 13 388 258 363 707 813 525 70 671 631 564 278 677 861 559 556 78 537 673 28 676 523 247 693 362 948 49 355 54 332 882 438 145 416 922 49 550 341 597 533 282 235 677 737 36 723 727 816 890 274 138 450 572 474 678 104 932 63 930 93 226 457 834 368 609 764 950 121 129 391 945 744 580 38 840 266 51 217 738 814 175 461 517 587 12 886 316 746 320 434 594 460 41 818 496 968 131 398 570 76 693 849 499 249 243 673 344 377 880 988 3 913 628 649 287 28 747 790 367 175 383 633 873 475 870 295 962 507 295 582 762 277 680 650 356 167 131 813 892 331 416 981 289 698 836 865 714 304 35 65 756 327 45 405 722 862 68 206 473 789 585 373 949 655 596 787 457 174 855 304 142 767 603 366 541 755 161
212
585 264 662 483 373 302 559 618 911 982 689 734 310 858 174 26 934 340 626 495 267 266 495 926 705 815 667 454 137 269 581 132 33 410 336 945 895 500 253 261 919 300 608 349 638 465 565 262 101 158 796 616 315 246 478 151 204 367 746 235 302 478 497 255 51 684 924 205 578 25 364 337 925 446 727 335 538 712 11 161 951 807 706 800 103 598 787 86 344 655 936 232 115 730 798 343 516 723 328 41 86 866 624 333 866 584 211 161 579 19 962 398 584 775 337 691 80 426 38 205 699 834 433 681 71 868 515 92 362 206 307 577 465 83 41 940 328 339 258 640 776 944 163 713 920 278 188 531 288 18 945 136 144 470 287 41 193 481 883 708 218 856 223 977 419 7 12 863 580 194 208 986 35 513 598 101 811 562 815 812 905 723 23 25 929 304 940 762 962 94 275 742 399 48 829 479 598 941 184 658 795 326 710 511 938 943 741 477 776 698 588 133
195
476 213 377 887 427 363 900 417 248 276 287 787 985 366 931 167 825 228 512 726 309 202 639 815 962 368 750 474 660 331 541 899 24 105 141 426 269 977 722 489 931 454 187 175 70 934 576 643 998 991 954 35 760 438 840 794 977 803 963 163 218 584 834 755 666 771 130 632 714 136 499 497 937 903 442 671 253 38 471 277 963 499 104 142 176 19 246 365 987 967 973 236 459 516 481 169 124 235 930 631 587 515 906 449 15 681 986 269 213 217 844 865 39 516 110 960 380 50 748 181 84 525 309 248 723 600 566 921 361 436 82 77 987 777 906 621 747 426 797 367 639 89 257 134 876 690 843 266 295 722 696 876 245 760 487 908 685 961 756 75 805 142 217 548 585 277 434 475 326 89 692 204 873 312 754 805 673 950 634 389 637 543 263 242 286 838 550 146 741 1000 400 114 609 200 41
966
310 20 61 490 969 305 747 117 32 586 452 570 475 441 912 535 653 796 161 103 965 671 706 452 414 331 702 784 436 663 301 97 883 235 320 367 670 378 740 832 292 946 594 502 583 799 891 135 823 621 885 827 497 62 949 599 614 782 668 904 949 164 820 210 734 358 110 374 871 611 516 339 674 257 960 200 355 106 590 817 854 286 352 76 642 866 500 644 842 216 861 427 832 580 913 789 554 261 189 903 63 953 841 453 973 124 776 80 980 683 443 267 784 864 565 907 384 685 284 3 867 658 904 869 515 481 459 714 661 433 251 183 185 814 188 189 494 961 850 980 394 745 514 98 926 110 297 869 803 710 896 951 621 206 759 514 170 377 195 318 210 408 718 194 290 613 565 104 151 590 500 464 806 127 419 132 653 468 642 630 444 530 572 717 29 894 617 387 43 588 775 173 223 250 960 829 750 161 422 751 737 399 563 573 618 134 915 448 619 94 957 972 142 221 248 282 51 994 916 691 291 539 269 761 275 91 301 909 113 249 603 748 112 92 932 912 802 946 347 30 862 2 420 279 486 902 298 120 512 561 741 844 813 101 38 539 625 233 333 431 534 775 846 178 671 717 12 595 209 65 174 165 376 719 56 478 659 468 667 656 661 76 712 786 618 753 308 125 593 110 887 265 993 870 222 442 835 557 691 385 401 512 653 733 458 484 749 832 167 461 537 21 484 41 8 381 467 408 477 218 10 228 68 610 691 914 651 774 153 167 772 283 260 184 496 856 61 876 521 999 648 912 258 526 568 992 387 967 974 454 105 778 94 17 939 452 464 389 870 654 580 335 962 749 276 55 259 257 292 33 524 711 122 852 39 416 196 914 345 691 38 54 745 188 598 897 252 917 695 100 638 256 293 454 851 939 62 508 82 534 941 286 764 440 950 150 80 476 334 260 909 25 446 185 705 337 230 688 664 611 999 537 927 335 393 870 945 986 512 163 835 369 178 792 175 496 857 752 258 956 19 380 655 715 834 481 393 969 411 556 985 41 11 319 407 153 45 154 435 363 587 67 336 573 330 123 136 40 359 149 875 160 968 846 390 218 570 112 5 384 835 899 244 780 728 117 442 641 812 568 366 359 348 37 571 5 103 649 903 493 580 449 775 20 679 182 298 269 110 109 815 277 268 402 961 427 278 14 599 295 307 205 566 38 298 63 713 632 686 934 480 599 472 693 825 268 772 909 29 811 226 142 490 181 923 992 817 869 597 21 731 961 932 506 47 133 70 383 676 107 278 319 467 519 502 122 707 436 37 392 249 722 95 933 946 33 327 524 802 877 458 960 212 230 37 198 261 696 42 468 211 29 524 945 882 951 417 357 143 358 744 203 97 212 330 418 620 212 64 969 293 980 752 868 634 874 954 182 82 716 423 123 570 602 540 697 373 506 389 606 144 24 760 946 207 558 879 373 628 994 955 882 967 105 275 893 464 532 779 908 733 522 572 103 312 332 916 106 211 30 902 732 27 888 447 959 5 780 653 711 152 1000 572 894 192 550 990 836 552 113 937 128 217 82 768 726 142 512 326 969 774 601 5 552 303 755 863 228 276 513 848 527 216 729 452 211 175 201 116 738 173 962 507 823 833 397 268 666 322 136 686 827 489 185 195 53 55 130 23 530 90 960 594 466 674 203 39 178 637 286 667 846 559 747 503 711 32 143 394 439 124 712 822 527 36 409 417 910 686 776 547 283 122 292 343 526 548 951 163 108 402 460 921 517 387 798 941 178 673 123 853 907 541 712 595 976 690 647 89 216 568 637 900 825 460 523 574 300 319 470 463 60 804 846 417 170 724 787 260 427 625 268 588 941 179 585 322 93 47 90 681 488 222 140 14 263 125 337 361 445 574 397 369 458 624 673 609 434 805 276 799 696 533 40 27 935 205 964 660 297 655 150 670 855 325 736 661 560 122 234 160 323 419 477 498 150 141 167 336 878 457 873 597 742 803 767 508 905 599 420 618 221 251 68 123 93 23 328 917 285 436 278 471 102 791 564 813 960 625 774 664 623 548 7 19 298 162 892 45 467 172 134 906 11 961 388 59 947 735 944 804 27 387 624 738 880 589 592 999 473 791 525 717 807 910 907 743 681 143 305 308 487 534 36 369 759 506 622 254 747 485 728 913 65 514 387 282 676 283 302 339 726 241 573 30 860
348
502 404 802 320 709 492 947 689 881 493 915 826 585 851 926 506 760 448 280 913 356 789 296 343 716 542 756 463 981 652 759 104 11 852 394 807 690 419 881 67 88 560 78 844 521 242 622 680 632 941 499 693 373 151 781 202 463 141 959 116 508 818 207 504 3 597 348 689 15 522 550 574 525 237 240 878 636 761 865 663 1000 933 746 295 516 345 931 891 116 288 362 222 664 957 305 212 584 577 740 208 582 161 251 20 603 909 35 788 498 774 518 218 486 493 557 179 709 390 927 909 50 42 216 813 195 769 788 69 293 739 29 310 618 902 157 64 100 588 887 931 874 611 782 608 201 103 679 805 889 371 959 248 990 940 475 539 721 14 270 726 394 678 633 309 489 682 779 655 206 425 900 82 183 860 513 344 379 80 675 541 359 712 611 754 464 176 476 870 185 774 726 601 376 92 917 927 118 398 378 868 743 575 858 879 614 706 972 911 589 784 415 350 59 614 519 785 251 409 32 956 990 999 23 279 219 285 314 420 757 972 642 627 183 213 554 237 772 229 643 426 154 440 590 553 535 31 332 656 882 76 125 26 532 194 138 733 857 797 229 89 80 496 656 180 410 863 771 653 981 76 960 207 886 291 614 10 515 98 544 261 687 830 931 262 548 387 281 199 730 37 132 896 446 613 916 379 700 555 819 174 664 488 807 982 712 8 910 678 441 685 879 921 133 321 109 71 288 319 116 458 587 961 802 180 111 36 75 128 234 18 561 974 898 511 812 981 178 600 56 945 514 781 199 475 285 535 612 306
604
453 662 224 906 755 960 485 792 520 408 160 624 308 862 345 495 590 168 381 162 864 212 78 489 305 551 619 629 545 724 673 760 33 448 495 507 70 311 784 962 383 320 810 504 784 29 560 714 617 451 970 333 38 215 861 588 247 942 700 635 132 924 58 25 20 847 986 573 527 977 580 44 556 929 29 269 428 533 308 785 82 409 467 441 232 305 503 856 97 774 132 453 410 268 599 857 939 335 437 156 505 73 537 380 244 433 811 908 855 233 424 147 241 347 469 700 835 835 973 397 640 589 907 497 830 572 530 346 532 251 938 188 262 8 929 287 447 395 325 299 72 992 45 955 65 59 394 174 359 706 914 149 611 855 201 37 252 211 934 311 798 535 450 362 798 800 432 897 829 484 376 477 850 656 398 80 538 5 471 212 982 953 2 675 714 849 834 505 535 302 593 799 668 984 92 14 770 490 376 802 957 588 626 66 608 14 122 414 109 686 199 354 53 973 946 201 815 512 960 138 936 195 606 708 374 816 514 513 724 940 310 41 73 249 278 4 133 888 336 175 863 209 382 883 710 41 335 787 125 276 349 393 387 690 257 283 50 79 975 872 60 285 786 881 256 691 510 785 572 299 478 125 2 780 311 475 848 226 694 976 549 173 650 288 698 594 649 748 911 469 494 770 481 945 241 829 466 714 933 204 572 206 564 276 149 365 610 887 53 891 357 186 100 501 187 408 657 635 175 468 810 464 925 28 64 91 918 844 993 577 595 681 34 626 809 915 968 824 189 827 85 673 591 606 642 75 901 472 77 159 828 59 55 887 613 992 869 121 291 80 100 617 118 699 868 971 570 232 878 383 487 787 497 204 811 571 490 954 901 527 103 221 749 192 173 97 71 660 32 92 920 298 423 93 208 620 100 885 873 583 669 554 533 152 368 342 558 196 778 632 676 819 32 800 467 367 366 905 662 753 132 67 997 381 480 7 471 607 597 132 411 373 229 215 519 117 628 788 862 105 564 501 936 11 808 343 896 769 1000 874 804 810 523 572 816 374 301 688 1 515 35 959 539 25 24 875 244 641 24 477 916 143 534 472 303 10 432 878 322 914 217 656 999 596 211 923 829 889 472 318 606 69 610 535 457 674 523 829 34 540 557 515 650 718 212 346 626 783 886 577 495 928 971 633 136 867 348 590 640 877 137 173 956 162 320 757 271 311 556 456 756 406 666 222 702 163 296 772 882 637 993 738 485 17 578 99 466 352 675 1 63 928 915 758 692 633 223 712 888 783 178 826 135 808 90 685 18 645 318 427 973 685 919 716 983 785 687 691 844 513 280 733 488 722 31 385 339 744 78 458 219 132 609 420 935 414 970 994 851 488 849 609 259 730
777
591 421 225 154 830 490 974 525 543 812 679 129 24 237 138 737 68 787 762 428 554 499 209 896 221 958 171 52 124 640 471 182 832 701 786 584 727 395 904 846 906 583 70 193 600 806 223 711 730 309 354 709 604 685 670 360 480 709 755 397 727 839 608 729 459 16 739 116 689 408 798 762 827 960 910 856 927 815 882 15 943 113 834 398 687 674 294 116 5 243 137 214 118 769 561 874 922 209 625 812 604 71 297 393 623 831 530 532 203 920 32 945 897 477 531 33 690 432 226 7 604 669 258 235 853 57 180 260 961 577 858 531 306 758 651 45 276 947 395 483 505 694 935 313 123 531 611 367 55 430 957 27 3 833 362 58 975 356 847 452 777 311 483 134 191 767 321 692 303 1000 92 257 273 697 470 810 308 260 13 346 374 699 835 640 370 582 850 993 585 515 814 771 678 680 58 640 921 767 420 122 393 554 192 425 902 228 436 696 503 385 865 643 391 718 679 863 677 762 224 447 505 805 719 743 736 323 937 712 675 911 413 187 891 141 317 340 743 954 625 975 747 928 953 98 663 616 632 184 14 601 647 696 180 967 104 612 256 151 601 568 139 523 143 245 97 422 902 284 904 129 693 206 152 4 4 231 353 397 664 536 882 897 243 665 925 708 954 322 90 732 672 580 365 470 204 502 586 786 975 364 205 144 807 331 843 247 901 41 936 403 372 743 763 135 794 375 728 830 854 256 821 41 404 680 697 347 228 234 599 27 296 552 140 194 253 647 210 830 470 935 631 517 698 674 663 757 955 862 61 984 986 805 321 851 179 550 562 532 776 954 941 157 250 703 875 393 978 160 213 384 668 793 485 301 250 855 230 424 458 145 323 112 956 960 439 875 428 110 128 344 288 606 272 282 887 325 114 308 785 544 242 948 965 501 110 383 364 995 739 274 155 737 494 639 300 12 818 297 601 201 857 167 566 46 198 58 38 139 587 926 274 687 718 417 582 150 550 47 531 605 314 94 201 9 361 746 382 961 672 180 239 709 976 910 212 559 741 955 798 693 644 257 378 489 123 943 272 254 662 752 837 89 336 406 578 884 39 52 932 218 846 232 361 748 497 236 11 578 224 246 276 471 189 522 421 266 332 747 213 177 55 429 246 703 978 770 812 238 278 373 803 904 573 180 863 199 877 132 698 637 996 793 188 697 740 822 334 652 986 199 18 7 763 874 855 751 354 481 884 547 659 163 966 816 57 812 295 841 873 691 531 473 705 42 160 369 307 945 870 348 312 67 930 811 825 353 576 210 930 18 311 797 715 824 193 871 184 205 189 464 963 409 101 943 81 611 167 941 452 236 584 748 976 444 507 806 256 660 144 77 389 299 352 547 928 967 61 333 121 282 856 852 167 174 608 405 893 990 96 759 812 930 469 70 706 911 485 531 502 527 45 223 174 143 782 993 9 816 429 165 103 959 487 306 469 101 595 259 654 940 574 197 682 321 825 570 823 124 406 369 808 618 598 346 387 219 842 138 431 177 851 358 937 670 476 409 960 285 977 141 756 853 498 382 445 486 187 425 510 691 797 601 48 607 948 639 531 836 548 715 477 621 269 202 16 662 682 723 125 122 431 226 105 991 379 569 115 327 476 119 569 947 623 238 183 395 570 962 262 434 687 957 718 159 293 974 904 888 739 804 280 690 625 917 935 440 943 71 15 94 587 475 575 172 707 544 557 294 977 427 883 292 308 793 645 199 631 964 9 220 73 495 146 9 958 123 974
495
954 921 599 779 484 661 843 751 604 535 549 209 687 458 236 498 349 719 556 428 915 83 205 981 877 438 15 889 425 30 268 961 241 81 204 483 843 540 373 74 409 924 310 542 916 378 56 856 398 15 982 291 629 102 448 924 588 288 400 687 390 484 874 528 785 724 62 907 731 329 2 512 693 911 461 432 692 726 675 197 242 124 93 852 186 915 166 661 845 259 668 875 264 732 564 940 693 658 811 81 528 575 547 599 522 207 6 187 248 811 102 150 459 657 856 593 212 649 350 70 485 433 944 670 671 820 407 173 976 282 366 618 377 801 464 148 245 911 624 262 887 579 62 35 252 20 284 712 230 318 781 468 940 755 374 323 786 895 616 276 82 710 485 443 984 625 965 812 128 159 158 408 671 882 56 287 850 840 823 822 521 41 2 365 478 936 26 897 791 19 585 959 493 757 747 583 449 579 366 258 317 521 977 826 277 985 293 564 36 483 571 928 937 354 157 290 193 615 968 67 70 204 444 534 89 142 122 847 651 417 905 806 151 61 61 132 939 800 864 92 57 44 763 521 283 157 872 288 159 375 840 151 403 507 640 151 985 285 134 295 275 423 410 757 459 565 285 602 344 48 442 686 708 527 481 233 553 744 336 897 55 593 505 485 888 441 666 421 169 460 525 955 853 301 917 43 621 248 202 962 502 138 556 753 738 150 80 428 51 281 507 771 784 448 729 744 997 443 153 551 64 562 778 749 589 632 64 598 513 525 382 90 512 91 151 806 24 910 602 88 528 70 373 62 407 257 656 981 24 793 789 950 537 86 420 898 764 265 214 478 88 600 348 605 650 319 941 291 411 128 608 227 806 101 832 186 468 41 690 266 455 256 635 536 650 773 308 180 222 542 559 418 367 631 21 111 248 978 543 932 588 963 715 820 850 815 153 110 95 975 857 637 254 860 499 533 868 598 664 901 957 604 20 460 860 889 257 702 627 598 188 103 632 742 928 371 121 125 581 881 363 472 549 958 79 563 25 777 345 966 921 405 739 719 888 430 611 668 362 628 633 531 171 465 595 43 363 64 755 570 688 672 822 232 793 300 412 582 432 314 255 539 606 401 978 34 872 361 220 160 140 718 725 245 815
