103
244
111 965 618 560 313 118 253 907 279 664 640 151 528 757 936 874 602 953 383 831 367 795 687 375 972 125 975 873 601 893 389 328 320 153 803 186 275 242 541 5 2 436 551 500 526 539 650 716 859 703 81 228 349 22 951 685 725 22 82 809 304 939 93 606 258 260 277 866 929 835 857 367 553 138 606 110 31 428 735 254 161 228 228 754 38 116 82 612 909 496 947 338 532 601 182 645 962 974 840 724 159 839 500 192 526 893 253 75 869 157 851 692 789 288 719 787 671 520 820 990 950 993 845 258 577 61 739 258 205 638 792 530 474 853 717 940 959 824 566 772 27 222 155 939 297 374 435 417 510 916 371 779 940 36 850 972 878 283 923 860 412 684 506 177 705 915 498 266 509 657 611 591 671 435 21 827 816 293 480 548 632 38 813 126 408 314 525 577 786 747 559 881 537 981 275 97 81 115 615 858 638 731 278 718 468 198 846 53 830 536 122 973 423 458 379 67 531 706 732 235 254 40 156 764 59 557 370 847 399 535 469 464 375 538 108 601 206 53 95 31 914 550 510 534
731
859 864 187 322 442 568 209 136 693 352 853 625 597 119 214 550 678 367 439 578 246 417 288 946 395 249 252 197 134 809 826 205 484 760 662 95 234 772 3 280 127 832 53 680 499 803 11 813 79 636 164 730 367 263 693 641 826 430 20 443 449 396 903 194 425 300 323 966 615 731 874 859 282 612 403 609 226 739 995 366 641 632 506 946 804 170 903 497 572 999 449 469 696 325 132 517 736 218 1 367 66 376 919 21 669 537 447 154 151 541 407 845 837 279 613 890 59 357 376 799 581 263 688 885 642 389 707 672 699 657 114 299 337 301 662 657 745 941 710 326 337 780 157 135 691 516 242 101 154 313 402 306 473 81 101 954 559 273 410 108 837 142 348 260 595 273 943 818 677 882 123 146 482 60 479 429 952 770 304 857 625 588 151 22 973 407 259 54 789 656 31 331 19 646 853 539 253 558 249 825 754 703 330 661 117 588 489 933 638 611 269 59 533 466 18 874 650 923 937 534 70 949 695 915 101 494 550 71 213 401 241 48 908 496 192 755 353 252 962 723 45 321 979 232 621 828 295 403 30 434 653 59 415 681 769 468 460 69 570 935 147 737 397 70 954 553 352 782 456 448 213 784 817 676 298 339 960 91 30 833 301 117 762 909 426 975 479 608 608 587 188 855 431 206 355 909 698 362 203 699 923 491 668 577 13 299 282 192 715 700 376 349 314 487 637 375 862 309 735 823 666 29 259 480 805 492 985 851 237 953 941 792 510 518 684 27 447 794 941 838 69 832 288 844 240 872 936 54 550 571 277 356 902 588 648 534 957 509 764 813 564 336 244 380 549 434 938 452 128 958 875 844 184 705 295 385 147 247 176 938 798 426 123 724 548 776 851 864 994 519 132 265 268 59 963 909 616 728 290 904 858 20 502 949 917 886 441 514 240 568 475 929 720 123 641 963 738 935 198 406 118 361 666 868 230 613 184 373 239 722 967 717 356 707 832 434 715 896 890 862 921 762 730 178 808 754 238 886 302 742 830 333 617 576 258 501 137 328 153 890 954 243 79 41 588 294 276 521 575 889 970 606 775 457 956 903 618 330 577 737 62 555 101 450 4 954 955 223 566 571 266 662 861 786 343 57 122 670 57 804 414 948 459 571 767 479 687 597 545 365 315 961 9 112 620 520 459 607 881 378 730 640 849 999 122 524 872 404 391 384 749 230 631 489 124 422 467 997 890 242 662 836 686 568 481 4 203 432 684 606 753 109 233 823 554 993 843 114 605 69 690 447 419 718 383 429 56 988 910 996 526 496 497 17 809 480 285 389 641 847 917 332 586 397 828 324 661 815 204 837 428 833 387 365 953 440 845 88 2 182 192 946 847 354 462 259 756 963 797 922 160 288 987 556 645 698 728 675 61 51 932 329 103 751 726 459 935 736 799 480 920 945 637 164 725 860 778 91 100 40 663 516 454 219 767 289 499 178 838 839 386 688 758 565 341 585 912 426 471 778 760 67 444 103 437 711 656 760 711 592 854 36 414 373 7 337 544 99 697 698 17 297 708 503 526 835 373 748 476 111 945 650 814 566 822 500 656 191 479 587 38 69 918 647 4 479 148 625 853 377 796 875 978 872 706 429 353 849 401 471 726 660 740 946 538 359 708 8 90 113 300
884
360 337 69 94 73 460 963 650 33 824 973 601 941 170 978 926 127 972 452 236 352 346 708 954 683 591 978 226 749 111 332 771 51 745 855 40 403 771 167 63 303 157 456 257 143 985 803 404 781 472 62 872 580 604 282 436 225 712 94 900 733 770 311 51 54 381 567 904 969 889 898 225 339 760 522 393 690 913 222 122 233 867 506 556 302 886 537 749 222 741 614 140 933 148 245 53 153 81 324 1000 290 156 532 202 378 77 274 1 942 493 714 469 55 365 673 633 636 76 653 390 561 120 846 323 21 433 210 178 823 181 282 57 52 169 491 364 986 107 761 289 909 397 890 277 752 721 895 685 259 844 728 506 460 26 474 347 159 951 466 305 11 832 901 591 532 675 1000 366 944 62 301 838 322 720 306 478 374 30 945 457 920 234 312 434 726 42 663 837 70 723 73 541 820 711 979 103 62 413 884 51 610 607 32 87 70 631 783 764 123 504 864 743 389 156 758 761 555 203 602 913 338 306 63 475 509 37 506 364 428 144 16 529 950 811 80 937 163 85 781 571 597 4 936 259 562 235 133 534 697 728 104 717 50 47 748 73 961 844 521 582 321 586 253 862 577 274 9 540 641 202 686 456 96 135 780 811 607 715 25 603 199 983 195 974 971 49 561 11 839 61 423 350 487 607 169 227 584 377 801 233 891 7 84 529 858 410 70 591 429 570 423 653 26 891 403 99 968 357 650 85 958 237 38 846 252 178 592 261 520 710 798 391 328 840 64 330 80 665 2 505 340 721 296 491 705 140 634 849 136 494 812 495 428 920 418 272 684 85 703 864 764 863 521 987 658 449 244 800 979 630 525 663 514 364 406 922 928 464 587 318 560 146 490 630 920 881 534 105 269 453 663 883 502 758 576 223 316 152 244 806 22 3 158 696 671 896 71 955 481 355 967 101 205 932 347 490 488 746 597 13 548 439 257 105 761 436 260 183 667 714 512 879 980 401 763 102 129 805 688 947 40 963 106 341 251 911 141 385 935 140 157 974 825 174 505 180 940 599 103 633 178 920 218 220 190 910 752 616 967 26 259 64 8 54 780 20 111 29 175 173 747 44 275 48 967 375 828 737 218 674 635 945 654 337 227 11 869 100 612 773 170 315 20 397 191 945 270 479 131 288 938 969 104 55 107 309 839 509 23 483 321 212 585 380 811 86 458 220 986 415 315 4 443 263 111 490 65 243 34 3 737 993 62 304 499 958 85 269 714 927 43 54 722 468 994 588 357 864 220 781 805 537 818 137 601 762 178 532 149 897 1 637 523 676 197 201 726 619 477 498 807 906 108 580 381 767 424 220 1 726 653 806 962 402 176 261 153 678 35 90 217 412 349 950 28 821 127 659 956 667 805 523 470 251 56 231 55 23 340 993 431 713 346 334 815 593 158 440 120 93 33 340 700 105 320 498 991 61 704 198 387 347 996 259 409 895 163 173 478 852 45 778 595 52 83 982 894 586 32 677 531 221 284 760 154 6 936 960 958 336 911 203 882 734 775 665 750 71 424 349 722 388 179 971 15 907 776 751 978 883 233 356 94 351 569 300 484 687 692 389 876 782 455 870 361 887 244 942 45 118 310 496 520 960 899 127 421 73 798 697 598 37 404 435 524 765 943 166 923 228 738 538 734 453 90 602 682 150 347 860 144 379 364 208 64 114 939 110 832 155 273 789 181 196 926 574 847 57 2 347 749 766 34 344 702 74 810 462 388 996 233 827 690 43 811 765 159 481 449 89 91 936 958 710 890 12 849 564 631 870 132 257 374 74 128 551 527 166 942 603 712 432 625 171 824 620 482 704 824 985 856 408 28 959 635 890 73 373 298 100 165 691 33 292 79 847 454 657 618 817 684 608 633 722 886 350 533 324 691 935 780 651 68 446 344 565 610 34 571 762 463 576 517 445 292 980 657 788 840 341 908 864 879 980 669 834 640 805 805 584 200 199 830 727 101 437 901 343 262 128 723 859 943 297
680
320 781 855 227 414 403 152 988 528 74 746 519 759 887 260 214 240 291 87 778 133 306 87 750 303 773 786 492 610 560 925 453 216 481 23 440 627 348 596 544 423 845 171 389 879 534 760 480 250 100 563 591 934 814 4 705 168 336 782 984 81 168 788 16 555 68 523 384 129 158 457 605 194 377 897 706 676 236 350 608 40 526 556 336 340 121 956 833 242 93 441 152 972 218 650 698 896 294 41 594 763 407 961 989 110 534 467 102 216 705 333 25 28 199 816 909 343 157 852 490 364 422 70 891 671 82 741 130 633 794 845 664 933 896 403 245 550 531 373 963 335 629 250 509 937 736 536 979 84 422 401 327 547 302 379 399 768 933 789 716 433 873 525 349 554 686 904 63 980 741 472 858 240 947 282 296 861 372 306 152 603 552 845 647 678 418 21 945 502 64 193 841 376 144 320 325 208 184 138 271 913 852 216 888 18 703 502 244 253 428 184 293 342 991 348 371 158 636 749 567 574 327 491 202 113 930 504 505 17 603 34 893 5 253 140 609 104 774 211 234 578 661 95 532 588 521 810 13 444 697 975 519 187 744 300 93 574 508 275 844 395 53 845 468 68 190 287 25 199 584 588 982 845 140 517 403 92 399 235 783 178 75 347 124 638 244 886 798 637 580 582 782 895 302 12 569 654 467 160 446 881 691 186 508 920 662 742 966 378 142 419 357 822 432 841 343 555 680 38 79 46 343 81 336 145 338 739 489 487 575 963 872 363 201 126 48 244 103 953 555 310 859 36 651 611 409 462 874 449 429 94 656 298 324 379 34 247 420 735 562 121 440 867 683 783 487 819 567 887 902 135 170 625 724 1 415 892 320 477 871 486 354 346 442 237 426 879 497 5 873 110 419 427 419 697 502 430 708 396 799 973 824 577 994 970 564 837 663 902 530 514 344 655 883 95 819 237 613 525 36 89 70 369 487 118 790 711 446 228 622 943 481 462 48 480 305 934 733 354 881 379 685 6 286 707 99 120 632 911 919 493 630 358 244 526 514 48 381 75 759 741 887 698 866 878 922 309 233 634 838 101 495 982 76 815 742 703 884 757 269 838 17 251 878 464 620 841 280 33 408 189 962 741 47 747 959 421 43 383 122 546 850 244 471 719 100 475 448 101 182 967 614 438 440 340 483 850 670 984 923 84 450 1000 813 327 590 695 429 111 437 539 397 345 947 149 583 945 36 175 566 408 835 970 777 118 859 692 815 131 24 291 991 223 361 644 738 233 528 247 3 656 69 232 333 937 455 627 711 983 855 781 419 721 469 803 642 273 816 113 775 509 708 276 151 621 345 319 490 476 628 447 837 615 837 965 104 720 817 193 161 80 833 619 127 652 55 352 383 720 474 984 58 278 209 742 697 962 845 685 53 426 966 91 395 372 419 512 738 341 693 826 425 144 569 393 625 517 546 468 224 117 526 465 187 464 182 319 604 747 228 433 210 205 95 599 684 128 177 748 741 809 123 418 506 602 463 179 259 364 878 1 435 17 853 82 571 806 159 461 411
680
580 887 701 930 51 788 980 733 571 901 202 85 166 400 650 400 87 821 567 593 857 803 19 659 247 837 663 750 712 289 464 466 178 404 426 424 786 34 109 520 506 61 130 886 211 25 280 116 35 579 520 616 385 263 584 497 74 120 914 85 259 674 273 7 986 739 29 87 193 938 64 480 658 507 414 177 744 369 96 774 747 71 670 788 909 80 400 959 835 993 836 334 164 145 321 50 386 728 612 548 651 439 106 848 817 13 628 28 836 210 327 770 456 873 821 237 651 337 710 55 952 301 390 789 566 994 119 52 729 635 323 50 441 185 973 598 70 661 651 835 899 977 133 917 574 205 586 979 844 11 846 307 186 667 660 232 526 234 955 898 313 241 43 849 155 524 944 229 302 472 395 321 652 717 395 697 561 942 299 123 410 331 630 485 566 111 686 519 253 91 370 568 233 909 334 533 203 708 65 128 210 388 306 957 139 356 182 176 14 11 563 18 608 486 933 807 894 368 222 543 698 188 35 143 662 307 600 579 134 960 120 218 515 636 214 493 747 455 199 377 345 280 886 17 84 354 285 641 28 722 534 307 510 422 622 221 304 151 97 913 172 317 871 730 3 961 889 170 737 799 120 141 10 588 757 409 564 795 365 508 766 946 942 52 708 330 885 403 487 376 803 144 848 221 948 364 878 560 517 929 376 895 541 258 870 41 408 34 656 724 793 995 208 184 614 526 255 102 674 676 135 497 662 615 770 522 997 485 440 105 405 207 658 447 905 608 889 399 90 34 857 878 496 581 520 13 609 876 87 144 432 514 366 539 26 111 778 335 601 983 642 685 466 111 212 30 918 272 971 763 719 111 408 79 621 992 74 840 243 90 268 815 611 212 309 153 681 517 773 316 216 993 954 410 709 414 794 662 10 601 915 539 804 156 405 582 249 614 825 322 428 113 424 439 540 576 888 933 540 821 929 552 474 320 686 2 695 2 475 299 394 545 838 859 764 267 109 878 409 645 965 38 326 538 450 111 988 291 604 366 637 75 889 160 705 560 169 683 411 659 410 910 874 524 433 525 568 81 983 736 864 404 206 336 348 467 358 981 769 90 316 518 497 628 627 873 874 626 888 751 210 905 869 862 417 697 767 119 494 388 568 926 767 594 693 506 528 783 850 194 915 220 690 323 709 229 810 418 581 729 449 215 18 876 507 626 519 946 783 962 66 380 870 221 697 100 72 382 926 150 586 312 413 248 746 674 208 138 360 861 489 984 850 755 439 332 781 918 719 348 425 534 71 120 282 941 527 647 440 345 827 50 466 756 59 796 757 230 20 155 613 619 651 430 22 740 629 643 894 812 161 157 620 687 304 78 555 785 561 376 940 433 844 303 377 310 41 774 3 899 918 640 531 823 68 927 914 920 417 984 636 53 890 338 37 730 824 13 283 826 755 259 997 561 567 171 759 58 688 39 363 821 639 85 315 199 932 410 399 453 775 281 757 943 500 506 840 872 253 158 441 830 606 604 910 221 427 213 886 979 445 824 785 81 514 49 836 246 909 893
123
977 637 816 302 390 305 345 684 988 880 112 364 63 656 873 545 915 202 637 4 11 892 987 113 116 655 791 41 23 664 138 571 688 995 253 131 615 270 141 206 502 206 538 454 961 666 864 566 67 622 654 500 146 309 364 978 72 140 602 750 532 729 152 933 17 436 78 984 222 748 311 222 246 597 268 170 523 648 107 461 364 621 194 315 528 68 174 660 485 527 853 852 394 291 496 338 713 443 458 737 590 203 594 959 586 990 120 259 815 111 522 205 978 534 558 38 772 381 112 159 117 811 517
867
782 476 915 285 57 538 870 920 165 140 922 826 872 434 128 99 580 37 860 783 938 152 932 744 655 214 277 522 390 650 435 596 332 816 349 158 291 552 910 720 971 724 395 13 445 788 166 645 849 271 500 808 74 706 714 863 192 324 355 843 174 83 673 587 616 495 46 314 610 409 660 666 13 299 417 604 91 478 896 398 934 580 293 981 236 95 785 413 779 13 924 15 47 78 141 264 188 999 951 99 511 702 753 738 493 564 675 123 442 117 617 568 770 519 723 681 848 210 191 211 305 307 502 496 40 72 883 922 269 122 266 915 286 588 504 26 386 192 604 93 284 958 36 581 117 745 352 701 872 217 89 411 379 908 219 16 107 607 208 297 669 175 837 624 149 771 762 1 756 878 406 902 641 462 658 933 613 369 83 916 124 620 20 892 718 4 214 369 953 438 561 477 769 789 116 41 454 857 106 858 519 603 942 7 871 939 363 985 778 651 290 586 137 253 788 524 44 433 394 216 798 181 899 993 680 994 796 49 745 902 423 457 944 29 757 351 238 878 762 185 793 703 125 582 636 528 850 249 539 638 779 584 166 351 793 151 322 821 735 105 663 82 601 389 917 654 897 293 496 488 379 856 120 231 518 795 955 932 251 797 776 114 659 185 811 961 775 959 607 834 34 333 493 929 600 822 485 538 217 326 30 721 649 249 479 807 233 241 504 152 635 438 11 316 232 451 503 125 326 427 836 602 963 575 241 675 797 44 808 420 444 535 790 124 950 196 101 865 877 638 433 136 600 640 195 970 723 790 530 918 347 573 565 283 579 124 624 252 234 593 458 773 271 996 892 903 169 146 305 1000 288 340 375 334 326 914 463 629 72 195 643 529 953 539 866 711 995 489 912 674 886 107 65 898 922 652 672 420 57 532 576 937 776 365 804 393 156 247 47 141 318 667 221 318 57 787 81 946 397 109 538 986 744 365 794 226 267 798 122 60 401 986 283 635 34 274 766 234 989 930 284 583 39 131 130 164 459 660 861 769 990 163 835 465 885 617 874 181 368 147 907 535 424 255 935 153 762 365 829 990 800 107 861 238 36 704 688 813 822 951 411 631 131 121 394 94 771 725 761 410 346 133 317 980 59 460 937 391 255 113 442 292 611 616 818 771 786 401 419 912 846 390 499 973 38 770 533 602 324 621 953 28 660 680 823 581 728 694 255 798 427 409 91 252 566 329 872 250 298 339 168 826 706 92 499 619 951 325 20 128 473 959 492 786 400 387 4 761 558 129 43 442 760 803 16 504 636 945 650 883 858 488 14 800 311 134 381 849 142 871 824 548 20 886 107 404 947 160 485 614 387 146 781 254 873 43 140 850 423 666 771 752 105 607 137 647 139 205 404 215 875 687 856 331 343 544 970 587 895 307 786 310 10 967 961 12 641 270 189 819 649 601 436 990 86 918 574 837 912 654 90 273 163 765 750 961 667 616 629 496 874 953 624 467 545 87 532 454 374 520 400 778 482 148 967 581 96 503 654 241 901 994 419 77 629 187 542 210 26 450 480 894 45 206 736 721 225 597 809 707 977 766 143 310 127 224 667 587 21 461 760 335 389 401 709 367 298 468 237 935 810 40 436 639 187 614 207 376 805 917 612 181 627 956 432 325 349 949 332 956 339 544 575 792 513 875 244 775 376 923 397 429 602 477 19 616 766 258 77 739 375 287 678 723 152 324 174 637 633 636 815 363 321 190 18 77 410 520 234 521 546 630 172 109 300 14 396 285 649 792 807 701 883 243 292 511 10 191 718 643 740 753 889 469 368 946 74 447 495 329 485 53 54 294 121 40 144 529 61 767 574 372 20 521 638 71 593 184 856 878 82 652 1000 363 515 947 2 316 488 393 239 650 933 506 435 386 47 846 647 259 124 739 213 357 87 666 864 200 840 196 203 181 782 596 470 11 1 277 210 779 362 383 353 396 658 964 155
712
395 368 41 832 354 831 52 428 368 227 149 65 845 651 436 710 840 663 291 827 961 13 38 386 109 978 205 415 905 494 829 690 909 723 805 765 470 126 497 205 264 179 827 867 507 936 525 182 374 586 581 178 651 908 765 564 82 437 358 938 814 440 848 111 888 2 482 794 4 660 698 552 643 439 474 537 935 665 55 629 616 378 591 14 53 471 407 236 77 741 288 30 558 645 896 455 930 531 923 550 881 438 206 175 334 520 805 502 843 131 880 91 699 77 230 577 148 55 798 894 879 564 868 902 406 746 712 280 744 366 10 996 144 149 174 518 378 493 443 879 518 476 889 426 694 987 516 764 517 454 459 58 233 966 835 338 900 143 551 185 237 776 45 765 396 587 434 169 33 566 496 624 193 633 253 379 555 14 101 93 778 882 842 837 173 86 471 147 502 790 872 404 774 215 20 103 112 528 587 762 292 986 56 192 880 832 45 73 584 642 819 100 411 206 336 633 603 504 378 815 466 974 980 98 438 214 955 667 629 801 249 284 492 29 475 294 334 48 347 1 532 282 941 94 547 202 387 183 116 629 36 502 143 693 976 6 514 963 273 765 139 496 312 203 203 345 735 436 299 915 368 385 75 15 422 491 678 782 423 771 452 492 983 934 457 787 972 110 2 529 295 666 268 275 492 616 409 513 348 650 63 278 307 353 503 792 257 447 717 152 293 333 931 95 134 994 537 184 85 155 796 751 523 867 188 477 443 97 625 190 779 324 552 419 110 484 571 709 249 543 113 572 433 450 172 303 93 312 520 132 503 442 602 163 937 141 241 10 31 467 332 844 45 784 800 816 980 221 388 730 575 492 958 268 375 764 536 111 144 907 855 953 250 306 437 483 768 988 222 114 375 486 855 616 277 295 5 591 180 44 797 322 826 759 550 943 211 40 266 286 73 739 866 453 927 390 165 310 646 681 534 547 37 856 260 589 680 433 901 915 971 415 441 146 201 173 821 265 606 429 707 972 298 353 824 704 89 388 627 362 375 890 46 92 137 819 401 540 366 645 579 929 744 395 540 562 393 860 538 47 59 719 172 117 629 37 47 230 970 407 161 487 590 861 130 813 753 824 262 394 563 958 234 470 940 519 339 758 514 38 683 394 447 577 734 884 926 84 99 861 66 545 231 400 237 332 412 143 563 878 193 820 287 307 885 693 816 164 605 117 169 177 104 593 29 737 658 301 77 131 51 471 886 816 351 920 156 737 280 620 767 123 655 82 649 11 220 852 685 150 817 96 653 571 743 639 736 972 314 307 438 52 519 379 329 760 737 309 60 833 824 240 560 328 133 741 443 441 311 482 742 65 847 574 890 676 118 370 222 631 152 755 196 783 971 941 261 275 993 343 350 312 831 245 566 583 952 188 621 873 317 607 823 247 71 780 41 480 18 744 181 852 201 272 862 113 430 732 547 419 400 113 969 518 103 826 703 185 599 665 129 892 982 388 611 980 850 585 589 713 777 234 132 733 784 815 467 503 892 960 547 994 116 920 570 98 919 248 641 945 302 38 701 921 41 729 613 538 316 49 347 196 942 711 818 276 250 952 764 234 679 245 545 941 235 304 224 649 383 414 656 341
29
899 645 915 518 712 105 81 597 11 763 127 781 144 188 915 358 782 232 603 493 563 357 270 158 727 828 810 342 43
102
691 69 815 444 369 19 763 284 680 730 112 251 739 431 953 338 741 332 426 379 549 126 634 113 74 397 60 221 390 196 483 431 382 598 413 299 899 81 992 411 993 571 316 770 417 829 783 730 896 519 980 461 324 541 19 174 72 355 407 521 981 15 392 96 871 297 916 243 113 414 63 134 39 129 14 55 368 50 677 667 624 972 351 770 757 273 460 573 282 695 137 794 975 528 772 773 26 634 149 693 233 666
29
507 920 953 971 116 807 12 498 396 814 179 454 710 809 183 332 216 873 779 781 318 306 962 174 893 653 897 342 625
110
151 524 279 320 388 979 644 95 177 841 698 989 769 988 984 819 514 260 283 908 279 54 45 569 630 47 426 733 893 83 879 250 637 853 609 209 444 443 374 270 951 174 626 429 309 889 195 931 410 179 679 16 889 971 20 545 86 796 160 225 711 235 940 974 936 581 601 956 520 502 696 948 742 470 788 557 82 291 152 400 188 97 682 181 593 606 20 613 59 683 297 142 401 387 775 368 25 473 853 780 516 752 412 289 501 189 77 850 959 682
918
527 672 392 651 428 390 564 610 847 996 328 14 372 722 304 651 330 713 429 531 561 18 221 201 912 701 532 122 335 298 810 775 695 570 87 750 710 685 824 742 958 108 156 819 966 963 786 486 258 535 137 281 907 860 220 515 754 462 366 488 676 143 869 301 698 78 317 837 635 634 244 860 425 292 252 242 895 804 576 84 663 320 914 19 979 948 161 427 575 751 25 233 557 542 653 271 243 759 619 883 757 314 204 390 264 99 265 780 11 411 132 777 97 681 697 252 346 731 648 41 86 692 7 98 826 818 188 749 606 628 380 727 160 8 181 788 619 656 710 62 594 920 865 715 75 607 939 851 864 541 360 27 641 42 240 210 491 29 722 279 403 917 386 400 312 273 802 800 352 710 999 286 180 689 591 335 285 522 322 226 631 22 468 848 969 732 686 97 23 624 462 564 14 595 723 866 889 398 861 578 336 184 432 60 401 316 187 926 357 973 993 944 304 131 443 217 788 694 635 33 568 952 762 554 890 162 524 720 459 298 397 411 629 903 358 582 339 46 877 465 579 798 675 30 615 587 260 222 139 439 264 920 753 536 170 400 307 931 164 182 802 450 282 583 101 278 791 266 953 627 718 189 929 778 973 478 31 31 197 738 897 808 280 941 612 572 465 741 358 382 823 887 597 759 733 430 909 395 67 945 650 131 420 790 727 938 794 120 905 740 341 50 288 905 212 488 485 890 639 585 323 118 312 806 395 250 713 300 436 15 737 111 464 460 335 400 901 931 424 185 285 386 955 656 665 489 399 130 170 796 104 529 718 921 877 242 333 62 174 339 848 831 107 699 749 45 552 203 194 574 73 817 423 517 447 830 468 570 820 610 744 597 404 978 592 274 741 258 170 385 482 160 199 227 262 315 707 467 371 253 210 517 220 6 577 218 305 383 501 611 509 392 921 310 86 667 616 29 898 496 79 368 140 113 32 778 529 729 568 407 506 994 920 579 347 517 150 792 657 949 630 137 98 950 980 508 412 292 936 906 622 981 109 936 525 211 630 77 741 930 312 464 464 965 304 814 75 993 864 421 29 418 775 291 511 276 951 467 817 812 506 327 160 563 96 721 983 441 327 164 24 972 450 413 815 839 250 404 430 970 525 155 217 451 839 670 518 24 892 78 140 909 208 207 329 788 536 972 351 16 340 826 106 259 398 9 645 606 115 807 291 696 796 81 309 314 379 193 33 717 300 295 71 9 98 334 347 148 781 822 803 615 911 750 460 787 747 961 964 722 584 474 961 585 902 296 824 319 555 545 670 771 513 821 748 630 273 864 711 758 726 210 881 318 370 622 837 344 680 747 567 434 866 352 136 630 260 514 429 720 416 30 970 298 431 391 197 771 942 577 840 698 120 125 99 520 783 544 50 388 346 776 873 661 500 148 289 411 322 102 68 687 952 192 786 243 90 705 120 131 884 208 5 618 223 269 520 933 575 507 352 822 101 299 717 244 738 400 529 481 902 205 449 539 297 413 264 536 206 906 612 914 823 598 756 108 464 422 755 886 581 273 935 429 199 218 384 801 797 967 201 363 928 118 490 854 177 978 267 408 590 480 647 372 146 619 982 286 418 916 251 939 395 663 351 245 358 258 562 895 500 56 840 447 880 605 358 375 796 441 569 379 11 182 788 50 311 738 487 710 640 962 833 558 346 72 95 464 270 403 989 205 807 910 953 531 432 290 475 765 323 415 49 523 636 120 844 934 778 370 797 747 760 909 106 187 540 512 434 740 493 720 286 902 45 620 407 456 549 232 58 99 991 905 886 977 75 982 496 552 257 894 669 154 918 596 294 841 268 545 572 67 408 917 810 721 873 407 39 456 83 274 498 698 348 348 113 125 892 46 79 350 93 803 57 903 718 451 23 225 368 430 46 240 793 155 953 78 793 946 976 665 160 64 31 954 194 897 666 273 444 654 865 387 513 603 253 424 615 84 602 187 1 398 983 695 256 143 659 609 898 65 972 312 96 698 866 573 451 479 388 595 188 256 110 550 129 63 155 107 26 493 21 532 563 545 323 448 243 256 473 968 528 230 518 670 989 643
608
431 975 657 249 333 472 831 289 128 632 253 369 197 469 366 991 498 62 840 563 218 121 552 15 138 79 224 451 911 217 697 381 312 863 566 724 478 477 948 637 905 583 732 745 10 277 31 789 810 835 252 970 798 160 790 817 932 348 884 909 242 571 954 584 440 948 47 27 931 7 757 180 153 810 51 411 934 161 932 650 465 554 242 570 866 682 611 733 900 92 673 378 923 340 849 5 279 216 66 604 716 613 882 303 665 660 452 948 914 65 736 439 870 518 5 848 350 721 460 168 339 159 899 606 362 805 787 94 230 164 360 801 162 161 879 466 481 264 953 503 896 441 239 223 620 617 795 318 396 726 58 720 556 721 848 612 377 102 799 366 98 58 343 355 339 481 97 535 536 763 260 225 986 319 451 314 680 43 819 489 272 477 694 709 888 412 33 445 335 139 215 612 469 18 519 934 911 795 833 793 630 291 949 706 736 601 189 38 170 571 255 400 578 330 970 676 225 940 585 640 997 141 890 317 613 552 159 435 146 781 421 704 575 721 585 834 754 799 899 768 865 507 682 412 614 359 243 640 214 912 302 508 25 105 911 683 775 870 135 44 923 76 250 890 996 287 162 58 753 749 258 259 368 530 382 19 385 523 138 730 104 104 637 233 636 235 687 512 223 77 915 649 403 27 130 971 354 717 498 375 192 741 63 728 787 847 855 35 483 239 46 762 495 454 681 90 833 813 984 618 698 291 959 669 889 283 344 271 182 876 118 655 945 543 377 667 638 121 240 528 686 491 693 99 620 122 301 494 860 993 438 673 383 563 185 494 763 233 230 667 435 663 510 162 61 713 519 121 122 664 905 446 811 976 570 297 944 273 654 55 971 55 111 705 481 395 16 67 584 21 663 943 296 275 914 471 777 12 424 808 68 749 212 825 906 971 153 659 206 392 182 259 873 799 321 290 779 29 443 249 97 677 307 669 360 98 610 881 623 647 871 866 616 939 28 636 28 551 672 314 647 430 60 881 570 753 710 903 396 796 670 164 904 61 377 187 777 566 249 45 135 31 36 24 922 608 976 707 597 471 824 196 978 900 96 868 158 75 180 648 468 931 25 535 442 42 621 638 979 57 476 819 718 807 624 526 846 613 446 82 187 573 936 193 216 844 472 376 748 760 29 968 825 548 32 637 374 179 110 480 472 781 769 304 232 413 441 498 653 7 409 638 520 18 432 549 999 233 55 450 814 265 96 769 892 473 302 298 774 431 36 268 101 853 707 402 483 395 233 16 459 688 801 166 828 471 993 200 436 391 355 128 649 23 896 247 754 55 942 448 298 961 303 894 178 303 810 611 152 379 348 980 938 42 786 969 562 632 671 305 672 506 154 490 676 374 162 828
764
469 164 568 585 273 407 531 233 488 54 833 603 762 892 809 46 444 161 645 362 736 259 370 206 518 995 83 88 791 15 716 502 59 650 430 925 865 520 507 949 371 404 573 281 757 701 645 295 140 775 608 524 388 705 420 751 303 299 235 731 687 943 428 702 551 273 127 924 2 324 445 841 955 671 923 644 959 540 792 701 852 496 421 61 747 649 941 240 530 846 289 390 700 316 643 177 117 763 895 295 265 758 620 191 788 90 454 594 740 252 182 188 722 957 305 770 114 12 271 872 912 791 265 498 131 438 528 31 496 395 96 528 475 794 718 155 293 886 1000 387 558 190 883 376 128 767 257 832 639 24 972 106 928 406 398 201 188 199 458 937 382 601 626 826 489 257 704 264 107 898 864 674 675 334 433 144 529 35 71 548 209 570 471 578 339 607 198 919 844 808 181 460 637 289 409 235 756 125 967 896 789 956 219 109 418 408 576 443 881 562 689 753 123 549 609 364 185 218 347 914 14 309 2 593 22 280 720 188 615 224 477 927 316 745 793 652 948 995 490 527 156 570 955 323 483 282 728 616 736 280 258 207 592 84 120 866 38 837 591 144 253 541 68 382 985 239 152 743 663 207 895 692 494 481 521 631 139 332 26 902 702 937 2 940 550 497 541 351 944 450 623 663 645 976 634 203 160 391 390 254 825 72 765 727 777 277 238 515 640 218 95 320 173 441 917 688 4 420 447 934 230 361 666 255 675 600 793 203 354 874 422 359 39 921 520 59 583 643 96 237 326 670 325 977 300 469 855 693 806 918 122 663 147 467 388 159 406 367 86 406 277 507 196 6 927 45 230 530 709 14 53 710 80 86 940 702 898 100 546 527 148 617 167 818 597 664 314 158 107 436 686 290 824 540 910 81 473 736 724 648 674 224 241 248 301 159 344 455 646 386 466 778 869 590 1 373 650 638 660 755 252 417 896 255 746 202 209 149 772 289 59 929 258 476 297 633 887 632 207 662 992 551 313 881 219 434 382 541 806 820 469 526 614 722 685 175 842 529 403 348 715 230 959 201 90 432 745 927 621 93 604 337 213 28 913 811 969 642 469 544 779 891 744 795 270 871 52 790 856 240 736 468 817 601 39 886 3 264 256 965 296 554 67 453 953 982 942 332 84 313 917 182 510 867 42 587 565 456 858 813 879 562 169 768 36 830 402 16 267 469 606 311 201 492 252 161 189 544 531 201 233 117 280 140 423 88 199 255 868 747 601 980 774 705 96 991 661 78 874 707 414 962 720 411 800 753 834 108 412 186 796 149 254 999 285 507 476 12 578 503 138 257 643 849 372 860 138 990 17 989 798 560 732 934 215 550 515 810 797 159 111 745 855 968 541 365 241 28 334 887 429 526 277 306 147 25 606 165 197 246 165 317 673 427 680 145 127 270 115 110 456 124 355 130 756 748 465 834 224 756 448 351 746 826 993 832 393 997 100 319 805 278 131 936 62 256 703 80 929 1000 77 712 67 190 751 778 832 651 243 650 275 135 306 317 234 955 84 497 73 589 988 798 96 830 32 600 268 578 382 697 169 164 190 674 370 617 843 387 100 187 539 275 934 247 687 351 521 764 406 524 914 796 835 676 816 490 474 820 665 208 943 575 774 823 470 654 318 60 299 494 412 568 915 273 111 82 179 620 5 494 488 481 749 726 816 781 102 79 143 318 276 204 287 81 884 299 237 900 773 166 842 966 911 157
947
165 63 866 607 852 475 76 497 572 215 678 722 1 618 366 961 858 545 737 53 686 60 565 208 124 523 292 607 273 924 292 665 237 454 875 876 898 967 201 923 199 684 491 361 254 281 147 382 168 200 323 545 102 231 459 632 632 114 477 287 44 520 252 635 696 517 365 114 829 932 58 786 233 714 680 379 272 934 558 622 807 519 86 963 999 480 590 47 944 537 284 315 539 224 234 908 95 167 59 116 324 172 269 174 340 838 185 385 496 966 248 51 787 669 392 675 171 918 907 765 568 894 225 547 598 681 748 60 459 997 354 770 87 801 174 218 56 595 585 505 905 925 63 478 779 901 801 375 754 33 133 240 585 335 213 784 991 978 953 252 524 231 668 569 706 482 874 245 201 65 551 656 983 178 753 531 520 79 508 942 494 61 939 223 785 575 354 609 29 734 909 43 34 702 267 614 227 953 118 702 67 571 459 957 790 550 388 748 233 277 140 272 586 117 11 160 671 917 343 985 475 972 875 867 981 425 378 805 912 834 946 278 701 730 374 77 867 436 799 126 720 661 643 650 825 987 975 524 740 582 659 102 258 246 568 504 43 324 93 34 966 569 543 303 970 778 571 707 615 776 331 446 776 571 704 629 127 492 868 907 375 872 483 542 499 983 107 847 37 528 902 431 836 938 663 121 910 36 949 561 861 343 25 286 299 554 340 611 378 720 492 261 319 908 295 390 772 963 639 54 777 378 668 494 451 993 110 184 523 889 575 183 514 515 470 163 144 462 941 165 778 881 266 205 863 83 208 573 246 721 120 295 526 101 372 98 947 276 877 416 204 125 472 784 239 999 451 170 487 453 929 389 626 33 304 43 75 261 814 37 337 333 413 172 504 804 36 712 493 736 184 920 833 705 304 287 438 722 493 608 588 64 42 586 259 105 852 75 832 313 851 386 952 379 62 506 958 476 256 864 783 985 871 475 503 346 875 261 566 251 926 64 873 437 824 671 67 737 483 129 278 160 906 660 857 708 821 19 355 938 462 497 945 568 869 985 679 44 622 473 874 540 349 17 832 726 669 513 16 339 683 831 737 734 910 23 493 994 794 61 629 765 720 390 741 788 936 423 901 391 229 464 454 508 609 222 74 403 976 32 240 549 735 615 711 357 336 71 819 505 182 249 913 802 841 891 928 354 386 533 148 299 713 582 212 966 884 137 500 224 406 63 620 471 762 475 656 309 825 260 132 555 534 740 278 831 606 925 638 536 20 27 80 71 442 853 53 117 660 842 777 571 601 108 509 480 998 440 601 911 647 440 351 350 169 959 869 598 8 363 664 481 540 404 255 898 780 586 661 805 187 309 79 786 360 284 7 98 369 251 625 522 802 207 322 139 809 141 433 105 924 354 683 522 515 620 145 842 200 749 580 230 673 459 731 512 995 473 273 671 637 128 277 809 905 94 917 142 707 881 591 710 266 128 611 908 921 966 278 134 901 335 787 296 317 359 459 620 768 345 811 479 75 807 506 789 883 127 980 20 774 112 254 134 894 339 88 972 77 906 354 606 538 648 173 320 8 278 312 72 561 401 929 728 47 290 957 208 500 566 639 306 427 614 831 396 295 386 75 906 417 698 209 524 447 970 40 394 44 719 214 681 718 24 123 831 51 31 39 789 800 645 757 814 257 449 462 649 385 10 801 781 882 292 347 179 403 172 518 929 325 923 667 346 365 157 422 716 791 429 404 122 28 941 551 926 915 558 723 313 341 710 4 413 129 73 281 366 919 181 269 369 687 912 486 901 260 666 899 625 629 672 671 878 470 48 961 877 427 784 452 39 662 112 779 176 386 160 322 18 918 745 658 571 145 405 592 483 865 135 235 896 807 724 722 878 169 788 797 762 346 185 98 122 293 806 613 431 797 947 601 33 146 518 166 136 821 585 1 240 220 795 266 739 837 257 280 691 933 973 417 493 221 919 84 953 241 924 995 797 72 878 467 777 464 761 155 196 692 74 682 762 612 920 253 31 734 702 629 39 180 855 461 562 544 628 714 945 636 513 19 429 747 781 79 126 869 182 62 911 182 679 522 735 22 905 249 424 107 488 450 576 626 188 596 49 861 124 476 455 191 584 555 599 322 752 130 433 757 506 127 903 202 79 306 76 769
208
770 860 151 577 171 733 627 578 80 41 318 619 689 873 610 832 383 363 290 445 200 841 788 454 532 722 219 899 375 163 306 370 854 143 226 37 604 28 323 298 945 204 420 325 506 788 671 416 540 941 915 430 482 964 257 614 372 609 684 312 970 409 63 976 14 648 399 858 153 881 940 937 987 230 316 240 585 904 832 174 714 928 319 106 821 363 667 229 228 503 539 960 153 395 593 217 204 785 575 671 765 244 545 76 132 778 312 927 47 405 392 461 115 162 935 189 843 412 470 577 668 840 423 738 284 825 643 463 537 880 622 977 78 42 904 337 313 180 792 234 566 787 372 208 418 494 194 333 824 81 168 819 707 650 411 166 26 795 614 998 70 833 57 690 573 648 338 760 245 586 375 943 506 573 9 724 449 169 200 852 35 527 14 814 446 328 520 187 553 436 555 612 427 570 564 364 742 265 12 607 425 781 514 980 477 626 316 664
718
422 876 151 767 87 613 918 441 456 718 680 368 796 779 285 669 669 71 118 228 341 932 483 297 897 133 256 383 694 957 247 773 811 654 507 132 654 162 810 753 403 260 485 626 577 619 534 694 129 312 771 763 499 125 222 807 885 358 614 136 390 378 963 58 910 91 409 958 98 827 596 506 119 949 914 388 462 274 18 277 363 933 777 779 944 368 138 541 240 873 991 643 23 555 534 736 729 942 228 542 306 349 770 321 664 206 571 11 501 505 890 904 437 955 363 850 93 150 950 885 655 628 170 825 623 921 799 199 153 746 369 855 960 714 653 906 909 274 342 100 71 308 982 948 394 530 532 561 520 498 730 649 879 240 44 910 340 434 677 176 947 460 483 772 401 197 13 32 118 511 99 708 449 409 649 152 132 154 830 534 990 778 100 510 982 782 668 597 867 421 331 482 776 8 415 574 46 285 484 138 518 670 116 714 780 169 814 949 142 16 536 908 904 24 326 16 529 227 203 315 361 289 946 836 510 165 668 659 305 800 432 138 546 53 271 555 218 89 989 988 949 633 986 918 714 570 746 350 264 677 552 601 907 997 150 799 967 689 497 778 231 431 577 895 413 400 115 746 279 567 442 736 571 629 316 655 870 828 376 803 609 142 330 951 972 433 200 631 70 289 564 804 65 883 547 895 674 454 775 117 930 642 876 508 359 385 98 877 329 145 453 391 336 519 84 226 659 340 606 417 382 853 57 174 929 486 76 203 337 649 853 190 756 683 208 219 545 222 481 575 7 485 262 638 848 523 508 315 468 496 825 749 176 198 401 751 451 858 73 144 926 560 708 563 775 496 223 913 435 585 401 869 847 475 992 131 576 559 307 505 866 178 531 150 518 208 345 139 412 24 348 629 810 716 898 511 61 719 906 151 637 427 487 287 269 939 682 898 328 952 921 96 322 568 541 266 125 716 812 450 24 83 468 83 526 130 505 800 563 930 874 631 663 869 39 879 746 797 235 207 960 374 222 668 801 270 271 644 344 215 719 339 669 781 722 768 853 935 735 380 24 270 477 738 438 491 826 660 835 135 449 74 493 716 916 191 247 675 567 974 625 102 622 932 596 520 389 95 126 855 183 438 898 307 995 281 378 292 359 357 784 967 981 181 104 932 46 611 111 614 641 1000 835 653 236 751 283 220 654 342 626 211 299 459 52 382 956 520 853 500 97 305 846 507 102 185 172 856 928 435 95 978 707 313 757 255 780 966 72 173 692 458 620 464 938 370 828 497 296 128 685 783 936 569 662 706 944 938 28 331 229 676 74 586 348 22 597 44 986 529 865 171 327 924 3 779 937 863 444 680 659 515 724 907 938 828 110 505 834 704 609 266 56 905 227 342 850 211 786 726 32 934 350 789 146 752 156 117 309 800 954 886 472 784 504 188 696 65 677 405 672 650 155 944 777 388 279 546 621 647 610 299 824 26 493 354 198 857 82 2 209 430 317 934 962 995 490 160 253 182 198 511 882 796 328 646 577 945 41 284 776 784 478 752 726 613 371 414 972 18 603 349 603 616 777 297 68 24 21 233 529 759 487 992 714 511 19 537 447 397 180 802 876 715 486 668 376 71 376 146 295 401 154 527 987 963 203 358
907
834 211 316 133 724 159 60 824 672 226 629 135 378 866 290 429 262 101 894 480 946 376 783 508 50 216 182 922 785 419 631 121 678 46 755 729 717 607 583 924 856 98 426 691 318 183 37 648 697 743 820 101 591 511 297 437 130 8 90 520 352 696 404 830 214 343 335 83 716 825 881 541 340 942 255 883 88 503 590 128 435 381 215 851 101 506 284 181 738 682 632 362 65 285 678 380 874 635 582 410 344 480 601 33 411 72 845 392 880 790 888 325 199 645 472 295 693 491 931 45 390 817 871 858 383 436 845 662 296 639 598 72 210 690 631 498 231 669 559 305 497 303 263 749 985 211 350 787 241 416 886 119 423 914 55 202 772 157 982 415 238 787 858 907 81 619 430 273 35 445 714 36 661 789 251 573 994 612 801 995 569 893 316 457 631 173 78 306 5 183 573 559 501 997 914 559 956 110 288 828 63 969 68 603 19 425 433 405 392 210 571 111 804 763 320 497 536 82 39 449 175 29 279 666 221 137 913 966 877 284 833 695 208 283 562 931 134 959 898 944 40 802 31 985 116 22 602 33 700 450 576 803 757 684 739 123 828 961 598 43 625 397 859 209 322 274 694 604 475 541 886 774 738 114 615 217 312 828 230 992 10 127 851 769 904 121 82 508 979 16 408 706 322 544 317 414 712 495 831 649 592 869 53 338 690 176 71 170 433 40 473 599 630 427 134 172 871 363 817 194 931 211 354 71 260 864 380 436 152 104 456 555 315 547 356 724 728 362 459 911 996 570 536 284 545 417 665 694 281 486 413 951 630 763 474 444 377 70 264 534 475 871 741 857 748 643 174 447 160 644 852 413 924 84 559 638 499 214 40 465 353 455 900 610 781 264 659 283 232 800 469 862 489 244 568 94 296 487 802 393 818 969 424 117 339 753 651 760 603 478 716 634 323 421 681 830 879 736 935 375 118 971 661 832 739 506 485 710 914 8 79 91 652 569 171 92 58 369 968 874 326 728 473 489 862 899 991 657 479 166 59 622 471 889 249 579 818 187 979 998 977 843 438 456 303 707 363 535 356 988 190 361 435 932 213 956 288 980 219 932 349 545 723 442 913 555 77 840 397 300 730 822 410 434 139 221 507 905 869 21 810 490 513 683 258 973 202 89 382 785 312 408 873 138 96 668 878 597 146 100 785 207 210 134 965 104 501 965 5 416 267 768 328 978 457 674 190 882 488 773 646 507 858 93 62 958 546 297 444 161 276 468 963 332 261 285 325 480 627 199 602 716 86 637 772 421 735 431 314 562 548 691 858 437 800 709 287 189 239 317 685 379 538 212 980 56 112 43 573 223 521 104 105 322 467 558 274 119 523 205 544 524 497 5 670 559 222 82 853 962 351 700 623 708 725 74 128 112 862 858 834 326 156 8 396 781 747 787 602 589 454 702 792 52 177 674 8 199 725 292 406 29 540 365 740 787 111 753 195 248 568 723 555 676 16 760 81 671 760 678 413 839 651 336 502 105 183 424 912 55 486 532 920 581 402 893 523 435 185 589 268 449 814 284 420 600 147 750 636 262 411 632 193 366 582 886 541 48 811 810 810 798 713 264 32 135 772 59 666 31 728 174 180 457 825 769 400 817 68 570 113 547 190 971 761 874 493 347 541 328 459 565 159 999 261 396 858 684 603 326 559 315 160 115 556 683 850 229 883 879 16 969 469 275 753 70 384 9 205 521 43 78 716 183 412 388 903 735 208 886 334 79 243 525 682 695 344 911 610 70 182 506 490 843 870 551 501 784 604 41 105 525 1 40 430 342 360 697 585 259 709 413 594 804 104 264 489 775 218 956 162 811 734 420 437 783 901 820 562 887 681 439 654 744 288 689 976 130 670 409 206 500 640 117 556 997 332 348 827 527 485 319 327 935 568 115 571 938 668 917 667 683 87 87 646 239 782 217 615 988 315 429 801 249 237 261 726 299 721 415 407 773 454 375 29 172 204 642 238 914 435 393 993 279 931 176 587 200 24 136 477 760 295 80 952 908 187 77 714 556 849 553 421 356 818 105 494
539
234 769 163 316 241 421 223 420 172 172 630 630 498 360 807 812 575 791 840 784 936 73 370 321 875 266 931 133 502 227 438 653 385 164 735 559 143 921 141 988 794 813 898 873 280 428 695 160 334 498 742 93 311 970 120 708 88 875 289 209 728 928 45 259 695 622 785 108 966 326 650 176 10 528 646 69 93 985 191 179 861 34 435 988 552 512 200 937 979 863 393 203 427 15 872 181 52 777 425 291 770 145 111 955 748 535 946 314 403 156 739 549 970 297 174 531 236 618 801 246 245 439 631 642 383 87 962 362 564 377 698 533 174 456 464 297 308 331 478 922 625 61 17 653 183 589 994 982 536 938 728 551 233 305 178 793 212 202 345 725 940 817 524 586 31 413 247 604 344 238 674 65 966 921 968 395 691 615 220 671 977 970 85 93 30 733 51 95 57 981 191 275 698 226 787 683 93 258 814 803 401 537 602 98 382 605 645 931 763 850 907 215 345 245 292 832 758 803 797 653 67 540 441 307 388 256 595 160 931 696 637 401 775 857 93 45 287 215 826 650 818 883 22 495 146 961 819 367 158 459 466 211 601 15 365 400 809 275 931 624 330 569 846 415 713 220 623 212 744 309 671 997 741 331 686 446 897 220 806 261 22 903 707 745 438 15 139 753 736 456 690 929 291 59 837 220 399 30 479 833 211 683 131 928 878 517 27 737 815 178 845 426 587 632 682 593 303 494 549 333 573 252 105 861 477 762 191 705 784 529 822 933 878 927 277 668 10 879 669 191 1 709 940 116 742 525 608 910 800 236 674 983 938 24 574 126 195 539 29 754 463 316 860 787 381 766 458 676 912 466 410 935 88 408 763 303 297 369 463 68 179 413 167 151 23 104 731 652 20 948 684 996 525 428 76 713 443 392 385 696 688 551 828 7 372 261 282 518 509 31 540 635 182 116 26 718 977 408 873 753 480 490 566 54 860 648 461 489 500 981 315 521 563 540 378 501 896 324 863 979 809 8 557 498 716 42 697 87 488 682 769 678 691 45 300 948 289 492 835 491 164 306 816 827 377 964 813 585 974 568 157 159 438 617 90 610 134 38 984 736 992 83 163 450 344 980 201 58 414 144 25 16 135 400 271 705 260 462 516 413 564 146 25 489 152 3 836 12 387 654 287 2 856 650 879 901 813 605 671 48 776 1 136 363 512 212 873 935 558 513 656 869 774 328 316 456 85 967 233
208
115 767 876 749 481 808 684 12 814 939 720 304 221 306 874 377 171 211 341 784 851 435 455 659 900 12 499 368 400 171 417 815 53 216 977 601 243 238 842 68 639 541 75 354 245 632 949 598 977 959 333 311 737 94 732 753 449 13 52 721 315 14 494 205 587 712 176 992 730 443 712 618 668 532 703 579 612 48 196 996 681 608 472 369 293 365 87 835 723 503 882 964 17 611 715 162 943 678 810 426 197 595 33 26 487 723 388 273 635 890 263 297 299 150 48 314 303 220 45 100 736 57 185 552 319 288 908 483 754 585 360 239 265 877 75 766 430 103 84 718 370 233 486 618 111 414 554 702 858 543 981 372 940 537 473 806 203 169 100 819 483 488 963 881 210 273 369 678 546 616 775 987 847 295 210 755 893 786 581 343 753 413 217 748 894 934 748 828 496 390 261 767 576 490 438 799 114 493 147 486 552 626 459 133 40 976 263 895
780
489 790 733 186 661 618 191 355 254 130 759 591 357 960 648 869 371 92 872 959 557 679 777 459 335 901 887 720 37 14 371 552 190 636 590 535 462 193 393 249 630 694 215 733 109 982 830 430 458 697 395 970 119 499 766 113 83 715 496 568 856 653 305 587 216 639 358 518 129 260 382 420 319 805 251 971 149 664 361 139 201 36 756 974 815 622 808 479 360 91 105 256 607 816 770 251 356 971 776 143 548 315 173 854 343 493 816 880 455 968 88 119 165 958 928 413 721 484 495 642 64 391 111 367 831 759 209 490 365 416 593 570 97 196 977 308 201 497 96 153 336 684 539 898 798 17 633 523 651 837 779 39 983 627 868 521 303 375 534 324 906 23 843 752 887 95 909 751 108 938 994 356 737 393 980 321 485 337 472 37 745 919 439 338 125 85 352 803 609 571 63 556 796 590 915 884 757 365 839 255 27 899 961 950 480 143 586 840 389 646 56 991 582 303 166 689 614 765 16 517 629 120 290 877 21 772 247 826 342 28 511 380 328 568 518 588 928 241 854 326 668 674 628 711 187 759 67 973 942 668 445 805 903 844 189 283 148 667 816 571 760 34 887 778 157 233 225 454 828 715 577 795 41 823 892 318 490 152 489 285 943 987 676 251 640 436 653 125 873 716 358 781 442 191 444 246 374 616 859 235 677 858 167 499 374 102 3 453 132 485 144 844 852 250 687 451 836 757 500 655 171 865 400 247 750 221 101 497 817 905 344 246 286 694 169 591 523 588 559 880 899 658 577 675 938 625 853 805 457 76 442 12 503 945 981 726 201 179 793 767 886 1000 925 696 27 312 148 926 414 43 831 59 194 239 534 967 224 594 406 909 615 455 149 866 887 791 430 285 600 38 965 754 565 924 28 986 562 436 651 347 932 763 329 171 629 961 678 509 455 149 27 474 750 63 865 888 609 878 735 322 893 27 244 235 523 650 924 662 133 863 897 66 653 808 655 903 266 641 265 720 110 370 528 33 829 813 11 665 732 618 847 506 271 962 441 117 392 290 848 122 903 675 711 720 716 759 739 946 156 380 768 19 605 852 299 453 445 440 732 783 931 610 468 912 993 576 506 157 996 218 423 202 243 836 774 269 390 711 209 447 636 781 874 950 535 190 978 863 667 309 415 735 258 735 219 759 71 798 374 47 455 17 531 803 682 585 435 184 896 639 127 133 218 695 267 956 469 484 560 23 733 845 606 971 135 137 330 810 187 675 215 512 99 701 737 640 121 59 782 16 200 355 193 820 910 984 9 947 43 66 349 15 35 238 316 442 693 989 210 601 494 21 431 289 578 451 371 767 808 472 500 369 607 98 757 794 134 59 560 41 728 86 255 617 314 131 648 16 908 332 920 776 79 434 470 599 827 697 905 194 655 364 445 941 903 565 324 507 639 506 998 509 1 455 724 918 874 85 711 945 749 336 705 791 975 576 252 240 42 981 661 631 664 909 805 155 612 21 686 914 873 636 639 553 147 591 220 120 949 447 725 122 483 336 354 95 637 987 902 14 922 983 637 891 613 521 919 425 364 632 109 368 470 673 687 229 760 429 56 865 278 388 354 573 438 760 682 436 507 643 425 97 822 23 180 699 849 636 329 255 456 576 908 634 111 447 678 162 564 719 90 538 409 453 50 541 27 339 920 444 846 524 799 305 321 836 195 390 173 648 849 986 333 87 710 445 45 162 736 520 648 760 1 876 460 351 797 278 788 922 6 701 514 551 840 875 2 262 783 110
779
413 876 980 790 337 506 439 277 844 368 835 302 250 1 634 831 293 603 633 163 636 775 606 2 185 728 806 826 838 742 122 766 880 849 5 545 145 797 958 671 23 399 527 326 388 346 949 543 58 814 380 35 397 112 234 43 901 618 640 809 754 530 82 535 843 361 999 994 174 54 682 409 642 541 64 70 531 212 79 558 515 448 306 975 210 934 188 861 287 24 593 406 258 666 752 36 74 186 599 506 934 426 356 831 98 840 583 186 373 738 806 466 445 148 977 912 827 178 222 653 768 165 995 891 999 971 849 112 984 887 721 920 47 734 471 217 266 509 661 674 449 972 915 27 63 829 923 238 691 705 889 898 3 14 942 513 185 87 785 390 586 925 854 806 640 216 216 560 924 942 564 963 310 383 666 133 831 600 49 600 226 747 437 916 232 410 758 72 744 485 397 187 85 996 105 957 703 693 551 152 118 674 962 749 986 998 103 401 282 777 646 680 401 916 409 224 844 77 611 485 557 315 733 977 572 991 46 299 715 851 827 794 805 783 236 640 727 322 745 537 48 178 368 226 360 940 672 177 139 922 969 544 222 867 103 895 506 58 761 546 579 334 705 805 696 459 409 540 868 293 702 677 509 63 997 582 464 311 781 454 28 38 562 223 172 916 625 848 294 552 529 579 912 499 381 268 979 725 586 79 428 870 746 966 289 670 724 138 930 513 509 977 777 974 174 577 566 935 552 588 493 128 248 479 717 708 816 332 618 806 755 482 988 927 638 49 330 751 409 770 92 318 602 312 442 803 213 746 786 866 58 616 616 144 711 449 450 347 396 735 567 118 141 445 985 309 443 825 30 466 672 71 426 892 291 87 626 214 889 801 320 759 253 764 137 55 566 608 953 284 247 557 993 492 44 635 385 225 37 217 273 802 834 75 921 803 13 989 537 516 665 283 198 727 644 545 584 395 670 175 508 555 736 969 634 563 246 76 892 763 975 567 887 460 833 851 857 878 232 519 702 629 949 157 301 421 95 336 969 693 820 273 565 96 765 411 248 136 192 876 6 612 346 579 474 762 456 999 901 357 667 72 299 353 938 473 959 447 989 813 37 907 426 830 254 63 539 413 210 915 513 517 372 748 96 499 410 747 718 267 543 405 92 194 571 535 746 627 542 414 539 65 311 45 874 277 132 9 812 325 464 518 696 651 732 650 873 954 364 480 245 410 463 911 788 161 288 980 53 748 554 270 728 509 680 504 163 112 42 524 137 552 95 978 371 91 698 641 563 257 253 868 533 202 7 273 675 71 528 341 796 25 613 433 958 141 413 277 642 70 548 295 449 13 108 320 949 365 328 885 454 852 383 170 421 204 321 627 482 583 198 45 868 315 964 553 214 118 64 24 164 790 748 469 629 268 332 399 993 162 814 722 964 417 698 34 796 935 510 758 148 169 342 294 346 509 182 193 399 457 913 814 600 931 512 840 997 319 720 945 196 17 686 175 672 126 362 190 241 39 191 958 424 740 354 253 272 920 730 472 847 129 461 466 463 152 172 867 286 284 377 256 368 459 321 66 211 186 534 66 854 903 695 867 136 367 75 463 362 502 69 330 246 130 411 935 172 20 294 55 845 226 242 586 262 937 899 285 500 186 94 915 774 624 476 471 845 702 932 664 323 217 583 13 256 166 926 713 148 279 265 825 16 291 322 381 269 866 527 63 202 139 823 317 918 574 708 618 808 130 207 910 606 531 998 428 512 166 816 285 449 302 892 483 683 471 464 22 293
786
374 231 379 516 559 597 623 772 730 191 629 269 186 436 553 70 816 357 916 817 606 367 25 80 86 973 841 22 784 671 774 730 38 732 157 472 865 138 137 682 942 106 874 492 385 300 302 771 974 407 143 319 97 78 99 188 701 96 123 143 338 81 565 535 79 858 482 742 989 752 883 985 276 334 231 146 12 625 733 202 29 937 851 158 144 33 541 799 281 559 797 20 497 643 295 255 649 875 471 237 485 149 62 908 274 71 687 873 156 562 870 741 311 926 880 277 134 1 192 345 486 225 341 47 860 747 772 258 590 885 271 561 35 407 15 852 689 538 649 860 850 263 300 544 94 885 548 911 811 106 724 190 549 528 975 809 244 496 313 987 764 601 84 822 32 316 232 574 655 418 746 384 520 61 961 831 591 723 611 689 972 989 64 758 476 219 852 305 680 204 786 417 227 330 502 392 719 238 485 859 270 576 67 489 275 151 855 728 473 864 703 671 348 499 201 119 95 891 242 308 16 425 396 762 507 571 216 262 32 849 79 505 583 132 816 219 810 592 836 353 27 653 336 455 248 25 494 405 951 408 277 400 381 485 862 789 187 457 903 595 624 306 375 336 322 526 771 314 3 246 525 184 117 524 344 664 341 652 350 32 686 654 155 928 879 217 439 426 133 447 394 178 50 702 306 211 320 558 758 618 351 355 134 379 589 125 625 441 383 275 266 74 115 111 943 932 300 270 627 555 868 676 659 814 19 61 803 115 177 921 661 75 590 118 339 396 305 676 783 674 153 484 916 894 809 541 611 202 182 411 666 723 286 665 286 440 389 557 125 90 394 619 742 715 179 514 285 603 407 207 98 748 979 124 192 476 897 216 290 231 877 152 475 33 118 109 870 869 501 74 718 524 317 263 390 84 542 244 757 50 869 916 789 555 359 536 345 384 741 903 487 383 179 296 995 608 624 636 625 365 159 890 462 33 995 50 840 128 576 572 590 793 291 325 623 926 577 864 662 293 760 396 968 535 377 993 686 907 534 744 131 637 997 684 423 370 474 390 624 515 97 715 861 48 354 867 573 874 441 316 788 659 719 45 801 916 38 613 693 4 703 936 724 238 534 701 864 824 352 918 182 870 421 184 620 709 118 136 412 695 211 269 594 199 506 502 98 69 655 515 961 737 971 91 356 824 634 780 245 22 120 855 467 817 423 526 571 649 701 339 897 740 962 859 530 990 803 148 26 588 633 646 165 61 223 539 9 37 132 595 941 811 438 40 322 722 602 424 988 227 661 958 968 563 909 353 864 758 2 604 166 630 943 415 696 103 175 377 536 743 930 834 328 631 935 54 25 354 562 325 154 18 227 921 174 975 932 763 332 514 433 439 622 319 150 876 850 23 42 558 492 256 278 800 515 743 575 784 181 979 267 428 157 530 197 884 475 298 35 193 620 785 324 233 416 631 538 215 119 79 745 34 739 424 236 139 82 62 449 288 909 831 902 754 49 981 685 60 91 154 658 660 433 777 534 882 846 13 133 521 360 987 49 952 380 543 156 435 833 609 829 173 693 245 245 940 779 674 328 631 969 609 648 98 245 913 262 903 225 738 306 501 364 48 573 174 116 870 467 481 927 761 348 95 581 527 382 175 879 77 551 147 194 453 566 104 225 327 39 648 898 741 842 881 678 17 880 383 784 962 634 282 66 174 815 243 517 439 12 909 575 499 263 711 788 857 526 837 665 122 372 474 756 987 865 391 986 674 854 105 150 653 423 615 243 934 819 487 531 727 375 868 193 295 396 441
533
399 519 687 218 285 932 735 660 941 468 217 305 987 280 179 832 644 604 772 197 86 447 22 731 12 892 893 988 132 374 257 6 573 957 147 234 876 882 377 521 146 109 1000 784 234 263 206 834 744 252 753 366 696 691 628 421 499 908 36 482 706 289 389 545 190 614 292 486 346 582 735 541 772 578 661 42 759 468 236 93 616 339 662 241 191 402 161 735 121 194 138 208 858 658 202 775 922 324 106 235 769 570 974 400 37 346 259 713 280 573 899 400 520 111 786 416 445 443 692 80 625 533 155 856 721 896 348 857 397 56 312 880 471 64 409 870 499 98 625 695 1000 884 90 315 575 951 405 170 815 603 836 207 12 936 536 496 546 890 407 718 179 715 979 247 614 851 511 853 548 253 573 313 272 572 713 505 524 189 238 36 638 481 780 241 852 787 3 53 980 212 914 208 905 233 939 902 506 542 229 270 33 468 147 173 156 922 305 722 511 316 491 60 393 577 811 231 295 133 468 269 664 301 267 84 857 708 416 252 363 924 623 68 542 900 510 664 19 512 978 7 241 90 869 512 96 644 335 753 246 343 161 21 774 599 982 33 251 784 524 817 371 503 824 790 399 827 431 968 328 727 876 797 843 759 732 868 923 277 81 342 951 375 346 511 142 186 427 12 163 800 348 473 504 411 131 531 230 860 986 956 485 98 788 417 724 351 929 248 765 439 580 347 610 276 817 612 940 811 656 721 275 231 61 690 951 914 626 414 999 678 294 594 358 720 486 817 30 913 649 365 493 168 330 575 471 320 164 344 42 391 400 587 912 91 423 693 953 76 566 152 518 454 665 331 716 352 466 634 461 969 89 840 153 225 108 285 218 939 422 50 65 315 217 676 727 496 946 601 681 662 543 650 623 249 828 686 535 41 559 873 258 434 801 477 824 271 776 707 384 849 611 876 644 651 822 781 279 394 745 551 335 46 582 899 159 895 323 507 916 332 768 57 476 993 397 490 140 652 358 451 307 654 402 350 237 789 71 374 918 801 904 134 557 651 760 782 589 585 425 543 945 49 609 761 465 793 366 979 612 907 789 887 669 4 818 405 60 739 908 947 628 960 389 596 349 946 494 957 103 394 156 850 145 73 481 628 386 866 973 615 16 313 891 301 922 791 842 805 799 965 389 559 242 856 664 203 740 25 202 800 103 159 944 419 571 18 418 833 419 828 142 691 320
31
601 884 214 850 457 938 389 813 665 341 135 616 124 333 343 301 271 552 925 142 91 405 386 351 121 689 57 725 306 571 616
980
858 189 717 293 932 354 488 440 103 415 363 952 463 351 246 144 782 885 507 225 841 923 113 284 694 694 475 830 287 289 516 795 348 88 36 599 140 553 893 40 460 409 743 281 586 288 195 162 354 450 230 931 54 548 130 538 837 723 266 160 799 153 499 94 115 638 820 314 293 45 825 807 792 760 161 327 373 177 111 762 237 450 42 675 5 226 237 517 143 361 355 68 165 417 952 107 404 29 425 452 483 991 339 572 172 976 850 987 117 400 673 967 974 487 279 366 855 78 802 153 204 449 893 446 610 497 99 123 476 373 188 86 273 512 179 392 297 766 194 10 184 798 521 697 493 288 28 466 89 208 861 493 665 565 412 999 458 590 323 420 149 865 893 224 119 867 143 166 605 940 337 593 624 730 825 581 523 918 271 959 736 39 18 933 309 711 85 337 880 340 450 96 640 354 53 780 180 713 921 416 791 391 469 116 748 191 175 692 963 925 147 363 620 391 932 298 805 768 772 37 455 437 19 398 296 131 765 680 431 560 316 589 854 238 692 724 180 582 386 650 624 133 410 777 975 318 61 844 886 360 43 556 231 850 126 859 110 694 252 705 36 404 252 515 972 662 1 580 380 763 72 633 499 302 293 511 416 417 8 296 752 835 861 15 60 133 29 408 984 821 420 310 343 300 182 786 840 405 684 757 176 57 913 914 204 983 799 65 297 289 503 824 392 602 643 640 258 341 499 212 335 632 87 256 397 353 132 336 196 173 541 77 519 814 899 630 228 96 988 839 266 652 577 632 969 289 522 164 275 548 276 719 108 335 380 370 873 261 466 821 304 340 859 518 381 67 701 251 260 166 9 47 508 138 774 230 899 105 737 111 912 893 945 241 985 78 648 598 489 285 890 935 278 928 348 857 462 345 944 24 639 845 489 146 251 420 329 513 285 553 655 926 420 581 818 138 791 970 959 674 386 18 907 94 894 775 856 451 611 617 616 857 987 594 53 249 568 936 937 336 44 771 40 51 533 850 243 490 19 661 795 726 308 683 771 312 381 954 482 342 228 836 518 717 525 563 356 388 212 710 292 129 686 523 813 317 440 976 403 279 114 187 373 633 764 562 236 728 63 296 335 127 454 782 765 646 577 424 741 189 452 12 334 212 561 373 461 782 463 685 859 817 636 286 759 230 551 201 35 623 899 241 892 310 495 230 806 698 370 390 754 360 633 384 294 454 292 548 392 247 873 973 241 646 623 969 170 765 931 799 138 16 186 278 995 533 975 825 189 680 870 249 209 776 910 955 911 93 748 274 132 277 175 690 574 9 710 178 664 801 580 104 391 791 616 337 690 390 976 789 595 246 705 444 536 712 630 379 59 258 370 846 368 475 431 988 808 420 988 907 425 588 719 774 644 701 454 300 733 37 780 457 769 738 302 260 484 650 70 733 743 705 186 881 104 839 341 359 736 59 278 512 456 131 513 641 315 154 964 519 439 701 995 644 551 192 544 559 323 686 458 862 283 767 809 616 975 851 383 482 613 618 263 906 397 11 662 403 807 35 621 646 436 804 407 972 774 658 20 817 597 232 402 148 788 911 640 244 613 961 345 599 363 879 63 496 95 472 538 760 954 971 564 542 638 96 454 377 437 228 404 842 642 42 621 279 991 12 627 893 378 563 35 146 610 695 615 162 112 286 593 315 927 70 646 512 555 755 835 459 398 917 253 233 353 805 108 400 325 168 190 492 654 784 95 350 52 320 705 377 228 802 660 979 670 941 556 500 18 493 616 95 164 773 227 168 659 614 324 650 252 846 837 359 804 349 160 840 253 856 796 203 247 78 123 913 98 651 599 694 496 918 246 640 988 57 28 880 292 925 270 919 587 647 742 157 243 948 79 197 443 591 523 623 36 705 862 457 316 633 836 402 334 775 977 557 993 434 305 867 421 500 913 543 913 584 737 528 515 242 555 411 222 797 274 908 794 916 211 885 884 597 19 263 350 706 17 484 371 436 27 188 155 820 550 936 874 360 893 891 628 842 64 946 861 399 431 72 894 260 239 952 127 230 875 125 763 746 648 834 669 745 398 997 899 997 631 47 810 936 887 519 12 28 576 779 112 469 156 991 591 43 338 790 155 612 29 490 139 969 618 592 586 339 146 603 52 696 425 469 977 508 913 848 5 47 542 532 719 918 675 307 893 665 15 890 335 647 167 402 143 608 853 854 930 198 258 263 659 297
644
269 599 724 610 492 506 40 722 396 382 772 502 481 412 345 822 520 465 818 963 659 236 505 770 290 260 991 817 701 96 435 216 427 944 23 248 944 507 727 944 13 406 115 310 547 342 943 442 111 3 570 181 281 292 178 902 131 601 568 710 511 61 727 722 561 781 460 551 291 413 650 997 656 921 899 276 959 872 640 919 788 991 886 46 624 551 164 911 293 659 22 492 442 461 190 151 771 596 635 684 366 451 667 968 597 963 598 558 552 969 330 793 953 83 304 886 73 694 293 991 79 458 574 110 779 982 853 496 398 36 166 942 209 309 351 952 665 290 649 109 443 781 402 768 966 944 914 780 822 387 321 181 641 302 891 655 438 259 707 137 768 385 717 801 949 85 948 351 490 774 559 765 9 562 386 588 839 667 91 400 789 849 254 58 237 564 468 271 798 353 146 441 266 692 885 295 501 476 681 198 277 667 177 921 817 572 23 915 257 376 610 541 47 268 23 701 191 336 87 843 946 790 145 678 529 533 935 46 457 746 149 626 422 273 781 880 562 297 594 777 299 305 996 231 315 676 239 20 292 869 395 550 848 419 913 637 828 323 853 261 394 978 291 549 187 189 352 460 659 496 964 553 288 570 782 807 996 563 956 368 913 995 177 557 859 182 353 844 226 250 351 27 34 901 633 188 109 272 432 839 214 413 655 415 180 866 351 201 887 154 88 694 966 296 264 16 509 373 415 19 140 532 380 638 544 163 358 338 805 567 354 296 458 579 904 614 696 920 142 139 749 403 954 229 384 249 99 2 546 910 606 703 48 526 691 995 59 494 193 221 599 34 486 147 259 822 821 215 224 253 419 49 474 662 608 820 179 280 303 22 635 722 306 692 695 41 367 832 858 19 86 850 440 229 684 265 250 219 648 521 957 606 804 590 64 669 52 740 102 437 462 516 653 365 864 938 462 994 807 90 269 246 206 221 420 682 610 117 939 463 536 211 5 189 926 207 629 709 793 835 957 156 184 804 459 440 378 693 956 616 430 846 340 861 380 987 765 109 167 852 581 615 557 326 217 61 133 563 81 694 983 651 661 303 132 386 356 924 628 807 664 72 625 588 218 329 556 864 612 548 705 807 541 539 445 282 76 653 757 679 19 362 214 504 883 532 192 94 602 973 859 53 21 535 957 873 500 601 866 722 207 760 446 639 73 800 201 618 533 184 972 375 660 553 626 224 21 272 864 161 885 549 462 796 905 966 139 79 34 898 33 381 621 741 827 776 55 793 733 15 471 718 16 931 346 41 697 79 941 339 886 95 502 162 461 954 512 498 33 789 56 652 178 201 601 602 841 199 53 6 669 193 995 335 132 652 812 211 881 701 216 791 2 791 724 288 512 834 728 270 140 420 973 579 538 401 56 576 803 425 246 604 525 108 902 65 961 62 334 329 810 144 827 1 964 596 437 585 478 499 644 826 595 645
527
486 796 325 507 648 918 169 973 993 508 931 234 77 864 803 276 755 268 958 382 470 132 782 100 969 575 437 460 1000 838 79 191 426 848 190 823 255 533 173 862 240 984 959 866 350 879 817 270 168 338 797 780 237 237 721 849 183 99 649 16 832 900 183 824 31 351 22 553 9 35 487 55 899 389 413 429 574 69 663 749 969 413 88 92 280 890 829 863 659 292 724 506 340 710 263 184 943 24 929 320 308 853 853 58 574 897 169 199 267 970 682 467 494 807 539 879 90 43 27 74 920 903 713 685 247 886 141 864 695 661 893 396 628 960 68 998 726 477 503 414 137 603 868 872 640 289 698 523 755 706 532 449 729 548 360 889 709 101 569 513 540 285 389 153 860 700 411 659 348 430 258 302 509 436 996 298 808 280 488 766 503 802 255 548 164 3 576 249 34 885 953 752 676 865 39 802 144 831 344 743 82 210 247 820 871 46 678 758 54 405 943 634 658 717 499 68 470 222 771 126 122 988 805 485 895 401 300 550 760 344 891 499 43 67 713 238 511 893 620 868 290 752 141 414 911 980 147 647 853 427 104 894 302 765 816 425 85 694 295 138 992 31 332 488 716 390 45 4 140 505 269 94 665 231 651 751 157 601 937 976 577 180 931 478 479 974 905 233 858 225 393 862 378 786 983 719 37 758 816 156 569 545 724 381 471 67 663 359 784 261 363 346 766 540 241 471 563 934 961 845 982 260 290 971 976 231 963 418 338 290 823 330 515 222 752 524 892 876 676 54 425 89 606 229 303 823 772 34 976 827 32 226 747 904 116 567 46 975 279 751 925 509 251 981 275 74 174 354 53 672 815 769 974 305 714 303 723 496 62 932 749 118 422 275 425 397 4 962 529 972 298 240 483 472 268 250 623 221 499 127 805 68 409 187 109 435 553 401 646 428 299 501 866 31 619 160 773 753 519 433 630 239 391 926 517 81 89 18 900 745 608 877 912 804 714 610 386 490 767 596 208 112 207 2 698 839 844 566 400 438 575 372 812 928 458 537 868 388 174 485 249 363 203 932 593 162 527 825 631 727 825 79 512 808 906 399 790 132 9 203 487 845 985 355 812 546 298 867 668 260 411 877 969 118 622 512 382 488 513 530 252 554 453 844 608 610 408 709 500 374 7 178 149 81 761 716 827 585 287 284 381 651 360 702 366 106 506
677
38 816 578 905 82 155 402 899 842 81 628 148 442 863 851 74 3 496 337 865 986 296 270 118 260 172 622 982 151 995 493 669 205 327 830 525 113 559 161 347 770 623 52 510 350 819 914 624 73 462 299 107 453 103 275 584 949 337 463 533 993 131 150 105 503 869 22 5 358 679 578 49 882 580 75 117 740 915 20 345 559 254 220 617 53 622 132 476 94 499 456 837 681 611 989 470 70 311 340 389 817 927 227 422 479 622 20 207 591 395 85 146 751 416 790 139 826 930 510 793 52 1 622 922 496 449 117 459 447 122 233 918 725 526 710 952 706 431 7 182 428 344 387 899 799 264 9 308 60 85 43 191 294 522 74 54 604 929 787 357 901 748 999 404 706 64 997 81 796 139 874 853 843 149 747 518 270 385 842 781 826 245 572 242 959 458 500 302 475 361 922 366 54 465 968 117 715 823 609 291 173 880 871 830 911 457 340 387 709 430 557 840 303 34 473 741 968 441 331 910 416 949 564 85 537 635 444 471 452 62 145 325 305 640 601 123 25 679 65 757 961 693 927 171 10 21 526 340 77 697 585 674 871 921 187 548 333 360 751 28 369 248 330 122 604 267 255 14 320 251 888 881 367 721 289 821 959 331 634 448 237 578 713 768 117 581 457 286 171 881 167 644 650 782 142 221 428 880 573 354 798 343 781 784 386 216 844 988 544 866 435 442 835 595 552 928 776 266 986 761 546 807 411 194 356 357 333 288 27 292 746 419 859 288 736 818 60 352 7 339 455 5 779 945 60 807 354 972 894 336 160 135 801 711 568 309 403 880 676 779 154 672 520 610 419 216 351 155 290 771 315 899 480 483 773 795 17 732 402 100 590 941 418 176 656 228 347 714 409 469 505 282 900 150 855 912 660 852 668 537 993 694 887 558 257 670 765 746 542 593 624 921 881 192 896 198 687 264 176 344 634 359 865 704 1000 859 802 545 333 255 153 384 182 902 604 988 432 87 783 35 353 738 61 975 577 263 67 237 362 917 492 966 102 873 670 74 420 291 261 449 539 227 102 927 823 283 129 653 957 115 888 816 115 487 763 160 797 940 660 962 671 171 850 428 790 689 604 420 194 408 576 498 685 421 221 754 400 724 677 692 8 326 452 145 780 519 935 467 306 294 601 418 213 286 480 596 737 710 110 269 132 768 238 493 654 266 987 577 966 138 826 648 780 637 836 113 610 624 967 767 361 47 561 271 954 699 989 128 660 513 850 905 844 222 528 744 18 235 675 569 856 233 40 891 111 329 335 279 816 534 735 651 113 302 741 783 915 152 961 942 577 774 910 523 932 310 375 201 461 848 297 453 588 609 314 410 44 701 144 827 720 461 998 698 694 930 311 181 854 840 303 864 973 551 154 459 78 36 226 660 306 126 373 809 580 225 132 762 79 280 981 473 710 928 235 675 371 12 903 641 411 75 750 140 899 968 99 508 730 162 681 361 12 811 298 232 986 289 946 429 302 863 977 446 504 352 778 477 656 726 128 419 549 565 617 485 805
596
527 281 669 600 352 630 452 479 672 760 487 247 56 867 677 469 575 564 147 469 131 486 105 102 901 408 695 188 901 289 796 749 70 820 461 577 508 719 185 757 930 318 605 723 462 305 165 562 716 43 965 453 652 333 710 155 359 116 419 81 414 149 765 510 793 509 366 740 1 27 760 978 943 591 663 24 428 117 748 324 728 947 553 165 227 518 937 744 240 257 141 214 627 744 638 11 962 185 319 410 510 394 377 136 863 641 54 573 437 317 13 49 666 726 318 786 37 986 869 783 284 934 73 959 659 339 189 302 518 776 216 285 790 466 679 882 820 185 490 139 305 334 712 961 857 537 12 167 264 173 942 763 264 184 155 880 924 223 202 563 911 851 232 344 231 18 365 343 101 793 802 931 285 43 425 368 863 595 340 932 667 196 1000 247 413 216 969 464 339 452 150 850 203 184 295 622 965 354 256 743 641 460 92 783 779 801 967 400 776 57 96 612 320 370 342 14 99 214 11 758 96 566 139 696 413 296 36 743 951 725 457 645 937 103 630 251 896 668 323 85 568 56 421 975 152 321 459 956 874 393 613 879 67 255 615 719 45 981 140 895 799 196 999 842 607 895 774 783 673 782 85 237 195 328 467 61 101 473 709 849 930 430 561 867 866 252 74 973 803 575 266 325 106 441 969 779 284 57 840 807 599 102 584 485 298 531 316 727 425 275 607 420 330 347 857 620 727 508 719 9 328 549 958 726 850 515 46 408 699 87 975 721 773 730 625 400 866 854 588 49 360 962 668 860 630 378 601 39 234 554 843 857 6 701 748 248 375 141 456 624 764 237 707 715 320 285 485 769 595 892 804 141 756 797 410 157 698 898 17 480 430 297 345 105 516 386 872 927 280 284 489 157 742 138 703 817 758 348 620 104 254 552 597 238 617 883 465 156 711 907 518 41 72 146 623 784 417 306 425 962 830 655 439 331 721 103 703 173 529 391 725 867 431 700 264 337 451 62 389 947 791 871 131 784 969 976 511 419 703 367 741 363 500 861 129 37 114 913 826 334 170 461 22 126 344 414 913 617 30 306 561 305 623 136 968 300 794 921 394 98 270 547 447 639 577 464 411 763 195 156 153 697 25 261 725 106 724 250 500 181 832 64 256 922 659 806 509 134 469 113 209 300 995 124 345 796 875 151 306 387 450 566 346 342 82 250 363 195 516 17 619 491 29 70 480 236 985 926 910 665 343 668 933 663 48 448 788 517 847 319 731 479 576 415 323 349 509 754 144 688 502 411 164 762 510 352 869 613 657 510 547 485 349 843 907 871 167 155 344 696 981 507 860 124 993 944 911 697 446 97 102 714 749 374 615 26
749
511 500 863 511 918 853 199 376 490 846 492 493 366 79 665 657 733 377 441 456 550 730 679 246 31 205 211 254 986 405 658 20 558 873 59 91 81 313 702 418 117 468 584 524 2 914 553 627 533 438 483 260 368 41 374 419 955 855 518 213 34 53 144 48 402 478 377 970 718 880 328 131 325 300 815 37 415 939 939 500 850 290 604 145 237 457 726 41 918 53 373 600 281 970 624 973 982 607 664 220 54 99 884 184 8 461 49 587 225 564 712 614 885 298 379 959 616 862 758 416 505 8 133 902 810 938 949 139 822 171 597 818 36 637 470 501 784 933 902 799 517 274 827 119 269 740 153 361 373 222 576 454 761 281 635 735 939 791 279 328 981 968 287 855 924 296 311 381 304 33 891 428 295 390 885 856 312 237 142 531 890 348 482 141 825 383 225 203 811 7 60 410 253 737 65 146 319 868 544 179 105 778 999 636 185 873 593 357 283 934 928 904 268 712 248 916 166 450 942 110 172 228 691 137 909 38 668 991 159 246 310 878 803 572 487 335 585 222 187 344 561 835 242 919 298 697 823 368 656 737 519 4 599 43 347 209 625 154 213 749 446 468 630 865 41 351 828 84 649 389 247 831 283 832 868 824 683 415 782 272 703 347 150 476 502 351 457 882 768 205 45 121 724 573 809 467 373 62 501 373 626 564 58 189 725 866 185 257 903 805 511 975 127 559 755 102 304 635 650 705 73 912 439 566 263 420 114 109 704 27 544 305 169 43 412 544 852 809 847 895 928 986 44 25 418 892 386 10 76 977 997 10 680 16 243 146 570 534 637 140 101 264 703 444 359 850 391 995 798 660 417 664 411 529 883 662 836 389 138 387 49 170 767 147 383 286 279 46 359 810 27 586 889 674 245 672 226 814 319 430 994 43 577 656 89 965 117 75 958 35 27 584 716 941 122 947 844 257 145 66 428 127 157 973 461 770 930 25 403 626 801 537 191 738 480 778 508 248 618 697 49 322 450 208 906 20 68 291 550 105 566 995 647 848 404 636 553 170 895 658 553 920 338 986 658 678 601 533 493 548 607 679 466 123 103 551 414 82 12 568 111 697 890 452 708 775 63 17 244 144 220 379 346 625 355 665 309 834 545 181 930 901 885 537 459 330 129 651 229 218 339 867 121 910 750 305 209 17 472 226 396 579 990 91 223 705 979 481 103 291 63 114 74 467 552 924 70 875 878 64 66 488 507 350 668 187 466 355 662 493 606 446 328 996 593 499 583 986 946 221 299 761 369 242 200 867 192 74 916 768 797 263 370 653 951 99 858 122 61 913 197 560 118 711 993 752 280 230 629 981 789 550 592 971 646 416 484 686 371 943 592 508 457 737 793 862 913 113 139 922 695 630 785 482 181 797 92 811 295 27 481 578 781 574 324 589 102 534 724 397 910 463 933 486 702 5 697 581 498 245 65 340 293 170 636 311 118 4 947 268 625 684 460 460 472 796 775 783 901 604 865 688 869 927 690 909 755 523 135 32 649 45 537 749 256 195 969 923 764 416 963 466 150 351 515 467 106 114 529 219 332 553 602 469 899 116 746 115 238 608 712 935 569 485 831 591 312 535 286 430 305 953 118 522 921 637 865 904 550 951 580 601 898 807 993 246 309 222 46 248 943 80 516 885 680 882 327 371 471 81 856 418 873 541 958 850 718 332 662
660
668 861 643 49 58 140 206 499 718 381 232 611 218 268 612 914 285 988 611 737 494 668 799 208 510 834 575 691 44 768 28 248 300 717 994 451 805 327 586 828 914 301 961 819 129 446 473 756 291 382 604 878 794 62 8 65 496 383 625 959 465 180 70 253 567 295 931 454 741 763 524 107 474 495 140 709 751 197 994 553 309 436 6 672 69 149 839 532 37 547 537 644 475 209 170 307 828 162 927 916 110 972 994 438 8 758 385 468 685 643 723 918 277 328 234 751 919 683 959 735 910 871 21 581 703 81 441 473 568 294 597 817 126 398 84 772 691 637 559 341 396 573 224 117 256 115 748 168 778 396 152 538 92 719 259 31 96 676 722 921 613 190 775 389 848 661 281 899 443 254 634 633 282 778 407 638 467 766 514 277 884 222 553 396 319 272 541 781 246 784 193 493 513 862 377 595 1000 25 912 964 601 507 665 875 514 856 596 865 919 781 303 553 714 867 209 535 152 2 420 302 684 532 733 685 394 638 800 382 103 647 976 904 443 879 920 648 922 697 738 672 184 599 137 577 960 426 503 984 834 35 956 500 199 887 818 147 737 867 523 716 917 762 643 601 923 139 645 521 895 699 649 685 956 912 828 680 248 329 296 337 746 127 478 935 990 926 770 954 611 251 43 272 246 850 802 213 637 682 244 684 239 198 919 772 592 160 341 190 795 743 393 893 333 251 547 767 388 64 564 111 758 697 918 291 522 436 901 511 175 831 999 685 425 294 49 384 759 100 495 766 629 919 522 20 947 528 671 938 297 136 461 854 827 65 559 92 615 643 372 189 516 849 393 326 238 388 706 539 396 759 762 914 54 589 821 997 36 544 541 28 884 81 428 348 90 686 975 424 866 374 926 337 715 356 283 99 303 469 408 674 686 696 180 218 201 103 886 748 80 275 97 85 303 379 803 814 682 321 647 732 230 528 432 101 336 197 158 871 951 351 890 393 669 736 336 201 68 237 137 63 37 18 288 736 619 848 665 612 986 13 404 170 569 356 826 894 589 873 78 883 995 262 756 53 49 632 834 222 767 681 299 929 283 919 868 826 626 301 295 320 875 490 247 245 961 932 375 451 706 7 368 669 572 970 635 841 360 780 966 372 942 194 775 108 595 431 710 656 749 861 466 691 507 105 340 578 265 354 948 459 76 458 154 972 77 894 295 891 199 428 962 860 169 470 712 24 355 114 337 261 794 745 144 76 788 333 48 693 723 771 635 305 836 931 281 648 504 292 440 43 741 796 894 13 279 386 825 80 969 789 786 474 995 130 556 230 427 697 993 18 138 319 419 144 451 345 307 538 923 1 870 27 482 785 337 582 642 928 726 903 750 259 103 427 35 738 775 253 672 824 340 260 224 584 315 922 27 775 902 410 672 183 617 243 8 504 209 928 697 458 610 980 17 342 822 630 151 999 709 145 838 704 150 662 461 306 229 616 356 358 597 999 817 460 685 301 799 589 967 950
165
928 671 634 861 949 933 780 855 857 653 748 991 685 756 301 567 714 37 55 695 610 183 136 879 321 515 727 329 437 259 17 196 631 621 600 768 121 889 263 267 854 397 389 578 901 258 372 782 418 91 790 12 220 449 367 141 55 758 886 300 304 94 636 210 997 741 361 527 179 909 945 496 468 478 100 710 19 982 370 831 588 301 684 605 653 92 350 386 51 894 825 62 557 223 659 867 978 173 925 356 528 155 226 139 439 875 753 525 848 46 853 284 103 288 634 334 618 149 851 261 206 801 118 173 794 736 250 867 556 212 56 844 921 455 527 882 400 569 482 669 677 75 380 841 778 234 358 761 460 286 194 310 561 223 877 532 787 110 293 305 415 323 71 520 948
230
74 103 247 223 342 583 337 387 926 467 642 676 94 855 703 405 532 55 80 155 673 122 994 228 544 272 739 484 407 928 668 81 126 805 738 114 960 487 844 674 599 472 171 923 463 743 264 896 928 119 709 968 179 810 876 338 182 298 31 2 187 71 306 54 799 991 405 634 541 922 656 704 614 474 998 691 340 297 403 277 920 561 765 454 891 137 974 283 698 210 694 611 324 728 351 783 459 233 901 278 838 638 800 560 383 447 772 139 568 879 309 611 351 645 379 517 156 265 92 336 72 48 11 9 827 678 469 542 172 483 393 371 90 345 781 153 54 35 977 630 780 993 540 778 535 427 892 608 78 393 683 851 197 410 705 949 604 549 67 560 274 528 364 668 573 853 609 177 712 424 204 488 216 750 152 768 510 179 628 30 549 652 4 125 96 382 721 929 64 722 774 475 621 289 351 497 489 949 685 34 879 649 978 841 907 406 702 41 659 467 427 32 92 414 142 22 799 102 232 528 451 645 782 655 188 144 220 649 124 226
382
545 848 425 669 737 71 455 52 376 297 106 384 816 99 488 557 27 266 226 583 259 343 351 53 789 937 492 431 322 445 722 856 962 309 107 719 361 947 592 93 333 834 190 680 586 544 878 906 176 773 180 690 916 92 253 397 366 806 322 642 674 671 208 60 959 261 552 20 987 229 690 628 914 66 548 676 130 586 22 248 516 476 388 441 331 308 368 776 20 421 364 425 144 885 142 516 290 127 370 312 734 340 724 491 928 52 647 131 635 325 964 525 649 143 579 729 358 190 697 1000 620 125 978 561 403 16 418 555 393 105 677 272 6 720 445 769 252 673 776 670 634 606 643 508 818 333 307 960 390 130 732 861 785 221 617 196 343 831 398 996 953 131 884 247 936 303 28 157 369 569 357 754 367 944 473 813 820 919 340 653 415 367 132 981 232 862 269 413 23 712 591 370 360 597 327 243 153 632 783 22 430 351 727 806 424 583 845 464 506 15 698 116 652 739 350 605 627 574 259 771 950 483 932 202 849 553 168 618 989 36 205 638 48 934 518 696 124 787 37 741 732 594 58 521 218 702 718 76 120 697 648 873 871 152 550 135 278 144 544 324 307 404 325 74 651 458 481 358 87 802 973 100 793 637 21 924 670 25 651 628 970 826 407 735 373 971 874 824 708 379 166 813 816 315 264 294 773 163 221 653 42 638 155 243 274 637 287 157 919 876 624 281 923 823 61 343 750 612 699 956 207 5 558 666 400 138 406 505 100 61 199 21 279 684 86 498 208 353 611 584 37 696 526 272 177 934 885 595 403 651 176 887 947 291 344 656 469 172 753 567 422 251 750 120 95 255 742 474 463 647 342 930 44 954 292 413 871 949 773 228 430 723
939
506 63 409 637 775 762 768 547 519 621 897 204 802 697 153 296 193 932 50 451 704 464 37 421 333 294 105 540 936 399 318 982 572 875 340 304 833 725 460 645 126 819 26 737 600 624 652 882 477 572 257 817 492 889 636 348 957 196 640 813 561 476 914 255 836 803 913 795 388 816 944 733 84 202 500 839 731 477 241 491 147 171 435 2 510 365 855 50 564 977 191 18 97 710 462 56 863 419 456 656 411 752 337 711 397 223 512 792 383 322 463 494 118 36 102 942 844 853 811 109 518 394 368 54 886 708 723 719 780 56 947 560 946 532 25 665 540 224 657 764 410 249 453 754 183 735 37 145 225 734 687 995 152 168 469 563 889 362 351 439 241 315 174 847 329 532 230 490 74 510 475 629 849 395 599 696 543 701 545 475 211 54 721 783 867 31 750 645 494 44 44 582 543 705 806 30 41 209 941 749 891 811 353 719 631 848 573 887 232 483 855 641 687 213 109 895 48 597 781 925 286 390 672 25 393 13 294 860 872 587 239 56 244 39 921 427 31 879 491 360 84 886 356 723 437 965 160 175 559 676 216 128 165 681 590 269 16 943 504 866 784 206 24 2 60 160 902 49 651 546 613 718 253 269 393 165 107 605 847 932 605 717 900 223 756 620 753 963 366 605 683 775 219 811 38 147 884 114 171 457 723 955 379 568 733 749 424 412 160 563 36 655 493 902 362 558 389 299 608 203 258 116 597 317 259 748 299 908 117 150 80 254 343 839 298 871 460 88 381 838 717 562 826 982 505 834 356 895 667 180 424 125 117 262 546 234 208 908 153 558 836 294 160 904 807 851 834 92 387 903 81 212 230 408 145 214 953 591 744 573 755 262 84 865 241 321 251 983 214 485 85 777 894 762 575 189 934 775 778 27 936 962 229 893 320 339 44 210 799 624 247 571 902 317 352 567 500 318 86 306 452 726 261 54 596 821 869 481 701 771 204 749 174 215 433 299 1 276 822 872 760 643 234 194 937 127 204 241 294 449 571 240 160 513 434 248 39 40 915 827 504 15 745 80 164 379 68 621 274 231 475 594 344 504 604 267 678 775 887 289 885 886 392 283 768 650 82 876 138 362 748 819 300 883 575 971 412 155 75 699 877 83 917 557 792 897 470 520 253 861 120 318 930 960 917 930 261 176 899 958 431 528 680 716 286 263 790 101 397 911 138 936 244 466 945 581 633 815 753 783 661 970 910 600 480 109 447 230 602 240 566 671 248 521 809 854 482 783 774 971 176 31 194 502 266 879 399 937 767 95 391 360 184 917 254 69 842 912 161 406 175 711 4 747 22 976 251 464 290 725 456 760 972 840 852 259 474 551 499 511 963 318 59 462 951 810 219 370 589 869 684 975 956 257 862 502 434 411 747 412 186 163 465 906 930 133 277 631 274 439 81 915 886 889 64 872 854 118 335 766 852 618 950 72 859 566 401 67 793 452 227 184 627 839 834 8 989 405 804 423 530 51 799 742 589 56 541 199 870 803 901 498 624 847 679 318 325 949 880 25 23 428 950 212 641 946 677 860 720 83 496 715 25 837 73 931 375 141 621 702 838 285 281 149 62 952 676 356 996 256 838 466 150 930 473 920 890 302 782 88 699 534 249 861 954 828 838 416 308 519 433 742 247 672 32 574 967 804 92 815 435 385 267 290 90 823 310 147 896 244 140 919 374 264 972 472 849 188 756 192 502 10 922 305 525 711 362 348 923 94 728 218 565 408 825 685 430 131 72 63 828 706 549 35 332 241 780 606 131 123 109 250 744 409 536 345 928 670 158 35 73 361 945 631 665 995 743 645 901 404 348 937 128 320 396 445 832 640 447 685 470 817 577 496 954 241 91 919 274 543 132 759 7 848 976 778 222 364 555 446 165 260 487 932 320 797 813 624 204 627 389 66 449 751 761 990 77 31 2 882 778 837 712 929 920 235 998 53 921 282 843 303 221 492 923 887 374 337 686 830 112 169 284 590 69 123 119 507 578 982 969 272 336 602 597 94 93 860 34 762 839 473 367 502 954 957 284 662 727 562 923 484 971 130 557 962 707 174 304 523 491 809 174 823 654 957 22 684 619 886 766 866 71 875 198 375 457 918 682
630
761 916 680 677 860 573 199 160 318 367 663 219 523 627 391 947 638 600 830 396 226 743 489 191 865 843 10 802 935 930 658 609 556 153 305 432 325 151 701 342 975 161 131 426 939 314 111 514 988 585 491 319 739 95 155 196 31 999 184 151 1000 817 761 588 922 84 660 113 109 555 503 822 127 923 309 944 938 30 960 255 261 456 779 38 35 787 218 880 615 476 669 543 14 525 886 965 271 228 705 308 238 906 45 4 777 867 89 385 868 625 191 68 15 660 760 262 884 879 113 61 220 895 397 92 69 800 199 535 981 758 317 678 680 535 726 856 158 864 7 424 752 870 554 513 269 410 682 38 898 749 60 926 693 662 233 746 460 833 287 213 619 158 146 621 360 32 498 328 595 852 291 481 521 303 29 136 327 211 538 279 262 668 852 664 81 574 599 525 804 73 299 700 641 823 70 844 506 838 694 621 94 280 528 993 693 881 413 776 585 137 970 827 335 561 820 164 262 150 940 176 985 756 210 763 339 192 348 618 384 890 303 117 475 789 453 77 268 61 282 772 770 177 916 765 484 918 856 888 355 23 94 289 849 197 22 796 712 617 128 565 793 74 868 481 938 1000 387 52 473 649 712 167 127 615 222 316 269 191 283 328 676 952 633 693 428 953 54 355 668 724 89 272 422 292 640 672 762 823 30 93 902 578 760 658 495 99 68 43 116 527 114 202 345 11 657 870 484 105 947 362 692 48 58 172 146 87 332 917 188 658 574 438 380 857 475 602 364 489 461 693 989 271 707 582 206 47 656 47 453 709 253 677 544 771 984 731 81 595 676 265 651 454 6 57 188 632 467 219 756 549 148 472 361 586 249 611 189 850 749 662 548 264 243 64 755 107 706 656 812 474 121 211 516 759 72 934 654 216 289 891 119 928 196 801 968 75 757 583 850 5 45 593 580 768 464 87 91 492 423 451 533 811 229 573 672 578 947 90 426 987 970 196 347 455 376 710 14 977 93 850 753 338 777 78 518 665 136 594 506 662 428 637 760 896 891 983 879 363 290 330 881 440 551 842 637 332 821 743 220 672 689 450 44 213 623 949 464 539 483 559 52 947 589 609 293 426 746 412 769 58 40 64 324 136 60 931 933 443 926 791 6 791 530 121 253 779 356 266 584 537 403 83 694 445 705 484 772 408 336 752 464 289 995 19 992 183 153 319 358 696 368 805 869 935 379 90 593 607 308 286 861 459 297 245 254 686 103 411 120 594 845 675 97 162 241 460 452 248 765 456 650 267 177 880 223 671 241 244 807 828 697 173 595 231 149 962 834 807 326 451 2 587 574 513 273 523 405 850 426 895 495 466 430 8 303 845 381 538 139 378 158 210 657 653 449 841 508 178 970 800 295 357 967 600 158 13 982 351 323 464 861 387 187 12 690 745 644 681 89 776
509
781 376 890 226 450 381 722 703 257 27 226 248 971 929 811 142 82 657 87 936 878 971 329 395 895 582 777 808 918 837 62 905 185 704 41 872 138 562 533 583 591 525 630 291 560 39 544 170 259 691 417 199 320 537 110 602 915 18 66 975 912 652 61 185 927 521 877 218 287 26 45 381 632 499 535 652 166 870 741 899 678 74 302 927 981 681 39 648 556 861 765 707 602 817 354 154 638 826 537 725 2 754 314 4 505 953 134 301 957 188 748 238 332 564 389 898 896 815 90 570 402 979 764 836 622 768 723 425 806 121 435 866 498 19 711 397 829 217 523 983 647 154 535 457 726 307 709 976 765 871 485 257 688 211 731 494 203 10 938 774 181 626 607 82 703 437 652 608 936 995 786 585 832 955 506 490 222 922 675 250 585 567 140 549 588 317 255 66 818 758 633 535 333 41 431 699 855 486 667 369 288 413 516 101 601 719 729 452 427 362 430 414 397 964 908 476 106 737 266 582 204 768 739 880 656 894 753 750 159 490 517 608 661 223 743 992 511 409 205 1 43 952 315 784 747 260 474 235 263 767 813 426 631 113 172 152 353 847 57 298 610 863 449 628 593 238 482 846 311 552 146 11 965 276 165 102 40 994 258 598 529 102 409 134 928 676 177 900 369 386 25 920 289 633 14 677 390 916 501 778 698 248 777 906 309 603 186 743 310 381 822 829 306 885 463 346 84 281 802 332 442 95 857 27 391 382 241 604 958 19 203 186 429 528 83 840 231 206 492 57 697 917 588 602 260 260 795 338 383 6 618 455 674 250 778 336 358 584 44 131 495 939 846 27 700 837 554 78 795 187 869 949 536 43 611 167 894 681 44 400 92 488 318 761 626 299 971 110 532 672 762 443 704 117 936 692 743 499 169 803 108 328 44 765 726 19 647 230 410 348 337 42 808 500 768 518 967 194 771 408 14 956 842 380 492 71 380 905 6 712 519 257 982 131 905 547 586 211 192 734 3 776 749 196 584 231 44 726 92 157 56 789 611 592 20 835 713 82 832 868 705 980 158 31 573 122 438 271 7 868 106 230 474 386 115 300 181 861 798 704 757 69 354 752 31 841 22 906 624 668 589 239 556 839 501 339 391 206 109 292 315 888 475 904 163 940 876 873 91
793
84 346 816 846 821 466 489 769 339 311 503 43 651 962 233 156 739 583 315 261 610 231 848 571 607 588 815 243 238 478 432 20 801 461 654 551 500 52 914 278 177 144 408 50 282 849 723 334 515 521 377 690 392 197 815 377 24 702 525 692 603 773 927 801 567 874 998 884 195 780 64 972 594 882 601 589 603 102 355 579 523 924 536 256 301 459 491 865 737 426 653 173 975 910 766 399 665 391 901 458 806 434 928 701 228 821 958 744 324 844 443 166 256 507 218 989 414 75 545 85 98 340 945 997 833 765 17 24 47 976 608 691 799 598 812 274 229 653 269 186 458 230 946 701 557 918 178 539 276 940 475 23 749 149 427 501 306 122 777 243 521 885 898 575 709 697 166 124 156 806 602 570 442 950 427 186 582 174 653 897 173 769 876 437 272 524 143 450 380 411 578 125 73 317 113 283 54 616 3 465 469 482 828 977 144 291 508 313 462 411 179 646 744 654 621 255 870 61 445 548 106 870 983 152 238 971 337 571 216 454 543 258 347 259 683 676 126 483 65 778 839 132 928 21 820 513 907 522 700 780 561 654 711 721 716 110 406 399 969 971 697 434 593 114 875 521 314 180 578 893 340 724 72 317 329 823 867 788 124 513 50 612 941 684 908 801 884 112 836 236 395 377 395 799 202 659 728 533 657 590 418 883 458 981 378 487 353 808 889 941 667 582 195 635 371 526 262 893 110 304 21 822 880 293 690 386 938 608 888 886 101 236 190 658 912 943 155 790 342 986 951 83 892 60 877 251 802 701 29 147 737 518 93 810 942 894 18 604 874 627 368 987 539 396 554 648 952 885 410 235 438 479 583 441 18 126 19 207 793 832 87 669 17 641 109 826 244 66 967 164 72 503 294 535 938 333 115 244 23 506 906 611 483 888 355 774 872 686 951 719 406 301 534 352 419 633 491 928 517 120 112 426 772 135 347 164 899 681 294 645 824 804 621 892 359 437 576 79 82 968 990 377 540 231 242 591 897 204 98 333 837 256 120 284 360 680 1000 445 159 901 586 673 686 868 982 248 451 39 966 807 602 899 203 834 82 963 897 514 73 400 993 13 177 12 154 746 542 216 410 699 394 497 785 274 947 541 656 857 144 623 337 784 397 60 485 543 269 259 252 833 779 50 604 928 68 936 184 918 278 619 256 570 299 941 179 109 858 994 997 690 314 623 776 437 573 133 383 128 217 864 857 540 398 164 550 955 54 634 409 907 938 691 668 788 140 871 807 60 46 658 148 439 141 96 599 342 998 473 158 467 780 143 436 962 778 824 666 967 271 546 639 173 744 673 5 292 182 919 87 520 896 56 310 215 7 260 832 813 357 989 385 221 153 340 813 517 708 353 641 669 56 962 590 527 868 502 214 639 345 388 900 672 933 452 841 22 324 376 67 849 199 25 656 709 801 559 574 347 446 868 357 706 569 59 621 383 835 552 110 440 770 463 215 601 710 302 340 471 490 118 143 746 614 539 129 353 120 498 107 760 378 198 868 411 467 684 322 329 439 921 105 137 590 771 356 692 224 643 616 951 81 947 681 590 682 217 186 501 867 945 898 835 106 921 394 423 950 588 819 453 196 540 720 521 453 433 142 795 503 796 77 444 507 222 41 673 115 13 856 213 838 83 223 432 660 998 751 292 74 611 703 709 639 507 325 379 698 855 984 472 460 210 539 680 618 85 904 295 879 49 190 218 417 666 85 911 554 204 121 56 658 162 64 50 129 365 572 940 277 712 496 301 522 520 959 740 57 844 173 919 95 411 53
704
83 253 638 222 21 946 668 462 799 784 968 352 14 850 665 939 568 694 155 884 933 894 490 763 251 515 832 436 97 423 630 866 201 27 387 56 874 869 360 871 834 736 562 691 979 275 595 459 100 772 930 113 175 41 85 879 783 720 910 512 176 531 293 169 571 303 227 166 784 483 241 881 230 365 555 557 209 950 677 544 809 844 695 332 781 342 2 526 289 425 14 550 993 176 547 74 533 999 569 688 535 558 640 499 711 846 954 97 565 700 520 127 368 896 345 238 483 719 758 995 829 70 584 739 138 830 353 133 64 306 786 305 545 62 942 574 774 481 338 36 712 852 770 300 341 54 755 921 351 317 426 974 880 628 514 479 124 987 268 562 59 91 298 935 27 291 777 571 423 75 305 183 543 779 386 947 928 5 117 646 118 786 942 672 729 515 441 362 977 472 99 640 78 705 387 591 697 691 556 846 743 193 566 616 354 552 252 444 929 55 145 958 622 566 105 597 261 290 916 753 371 275 356 638 977 812 346 747 827 611 862 650 217 892 875 126 213 568 704 58 436 78 133 706 195 435 889 137 173 777 829 275 332 342 105 307 107 496 108 569 282 134 117 453 625 717 199 503 768 877 581 327 697 361 115 704 323 379 81 718 951 786 794 604 768 917 707 80 564 977 481 602 731 204 86 87 494 237 224 964 57 9 53 927 947 595 381 295 821 471 273 278 385 513 243 495 87 858 236 276 14 309 926 834 546 438 76 968 248 704 593 626 509 967 953 893 454 471 422 779 291 613 230 376 937 886 905 458 199 322 541 232 966 513 3 356 143 509 384 295 240 294 363 526 277 20 76 348 540 585 272 68 390 413 481 68 372 531 425 981 672 449 47 518 577 499 208 919 487 932 796 724 748 201 301 756 560 609 529 697 705 804 196 805 393 356 990 225 86 705 894 400 678 545 956 572 999 968 108 284 882 379 389 489 603 106 986 508 228 747 747 548 56 877 275 5 897 251 153 476 437 77 745 706 236 728 528 319 276 161 41 361 17 33 245 570 230 212 930 681 244 873 334 544 973 656 299 840 382 881 366 79 701 307 193 716 3 211 509 152 467 754 617 462 937 589 755 440 800 371 603 379 192 755 877 435 106 521 166 356 859 270 433 611 405 243 734 617 440 517 604 49 622 707 857 558 976 643 995 289 857 639 118 205 152 249 509 266 673 656 945 333 198 269 436 46 501 826 223 610 415 732 939 138 208 864 749 260 757 490 595 958 757 837 313 35 738 266 941 422 952 88 224 378 262 500 730 902 706 389 939 91 463 889 707 910 509 236 16 411 355 88 786 799 355 186 873 271 380 441 596 11 446 331 60 782 366 708 326 774 711 406 253 626 788 194 881 180 954 842 144 578 90 62 288 5 542 962 589 10 509 560 891 85 311 523 569 46 23 166 834 177 264 59 217 22 828 92 229 999 108 252 191 519 449 305 101 329 91 498 371 973 264 543 936 958 200 588 382 443 56 511 277 861 141 483 904 171 565 141 809 503 117 461 989 668 515 78 530 394 546 661 390 58 540 523 66 371 107 845 861 734 288 466 732 152 709 755 354 804 243 389 28 2
978
113 699 692 763 786 918 782 585 34 846 142 580 67 756 788 429 402 844 936 727 204 922 521 442 978 420 107 302 871 103 876 921 330 370 164 190 553 718 83 908 642 899 932 467 212 624 563 755 73 679 509 720 543 278 430 602 38 852 16 321 845 13 415 943 928 195 189 204 769 279 934 229 377 937 774 738 698 206 724 778 555 133 191 101 477 834 983 27 290 56 165 887 744 197 640 528 608 276 838 431 416 210 554 57 432 724 410 974 79 254 406 11 789 2 928 106 574 648 985 584 677 15 667 946 433 113 247 610 429 48 780 194 729 997 156 911 266 614 136 747 102 242 159 370 488 278 661 521 572 756 866 217 67 917 260 83 573 60 456 110 640 314 823 839 273 277 198 918 12 657 889 881 297 43 917 791 453 853 365 460 295 982 148 744 850 754 86 84 67 899 109 764 31 383 966 473 961 194 763 326 801 815 180 471 242 403 694 976 361 508 281 957 485 114 433 280 905 742 409 166 627 202 127 349 658 507 610 303 954 358 31 112 281 239 35 930 724 123 970 247 967 95 659 157 339 545 294 352 726 565 832 439 634 260 64 547 444 509 32 873 704 613 553 385 772 144 417 983 852 861 384 425 443 149 718 192 129 885 136 644 522 348 901 163 258 376 136 295 318 67 858 616 135 147 676 535 205 969 344 981 673 249 587 982 924 19 101 536 962 917 127 694 945 706 933 595 271 785 255 373 569 280 750 575 689 998 632 351 203 952 934 856 297 857 138 104 431 422 850 139 759 987 404 965 134 552 127 680 769 361 158 557 405 29 967 764 695 403 374 440 9 355 667 124 698 496 847 907 432 37 701 7 237 604 507 697 154 991 397 929 260 580 567 712 63 283 167 987 325 890 500 870 732 43 946 787 491 700 261 224 11 490 168 741 170 68 420 555 715 959 766 991 554 556 750 856 903 524 581 78 988 331 313 605 908 742 106 634 884 735 807 569 301 266 813 299 297 44 199 863 412 662 872 744 721 326 929 547 417 894 751 57 431 515 278 812 955 6 537 730 693 703 148 56 133 555 367 97 143 365 791 1 827 721 425 51 293 810 932 236 359 198 661 138 25 919 25 309 462 619 314 45 367 492 192 130 303 328 15 438 407 395 964 757 149 252 237 153 189 142 112 156 450 722 819 221 929 845 487 732 98 822 178 961 1000 532 688 650 426 766 56 678 670 466 728 125 463 286 104 102 790 61 52 779 483 731 299 471 767 614 586 523 999 55 458 990 118 91 45 980 326 626 359 325 666 110 257 637 983 649 178 893 88 918 49 219 979 329 251 386 74 100 451 767 584 571 662 743 191 461 816 359 683 560 757 776 988 147 288 726 399 392 493 991 305 784 708 710 415 109 106 325 7 880 605 595 716 626 901 274 870 202 956 579 124 741 755 325 202 980 655 749 499 617 963 400 358 902 506 380 341 1 4 341 767 128 580 869 568 258 664 45 975 123 637 547 960 400 170 636 964 550 521 383 678 556 414 224 284 520 676 919 431 951 346 877 742 452 641 33 655 449 539 332 3 144 25 185 886 870 831 360 931 106 898 487 176 124 996 235 503 782 608 879 510 605 21 697 880 989 909 41 508 704 562 253 927 866 104 731 253 446 110 143 615 467 732 115 155 249 49 595 59 821 27 912 884 628 919 435 330 722 268 737 422 425 64 801 234 573 543 475 41 302 125 255 915 819 102 470 864 645 58 169 488 595 438 839 161 938 586 816 826 522 531 996 173 993 714 791 615 681 319 665 674 589 385 464 113 561 176 544 710 770 499 820 170 886 479 960 525 287 259 759 254 274 766 963 42 145 141 615 810 433 168 420 730 327 157 923 191 34 852 186 22 500 512 508 666 910 786 63 726 580 178 515 451 828 378 440 333 208 616 471 594 89 76 677 906 36 855 662 711 59 818 110 226 844 7 928 494 861 328 567 124 864 604 296 417 481 451 841 573 135 346 529 264 814 797 250 890 908 643 925 772 943 919 226 859 544 812 875 741 973 341 689 890 726 327 623 868 933 943 580 463 161 135 236 699 526 984 751 402 827 890 495 95 267 282 978 778 462 844 468 578 452 307 128 154 936 561 24 396 391 204 524 743 217 181 207 978 624 909 791 814 328 241 222 318 404 645 607 841 630 372 553 541 513 98 485 655 522 236 340 510 987 9 621 386 296 688 740 611 380 94 819 234 24
633
706 110 165 575 652 113 959 724 842 556 592 936 907 144 770 577 347 806 567 264 671 959 2 816 222 170 105 369 662 393 19 577 797 394 155 565 22 729 314 254 770 929 101 388 235 227 386 932 105 426 33 475 778 631 622 852 962 143 626 498 192 212 676 159 876 21 124 504 374 185 287 144 904 778 526 593 33 362 225 543 935 320 522 355 65 657 658 725 182 278 829 236 911 137 118 535 757 327 791 292 23 225 376 399 249 265 687 537 667 381 619 229 420 516 16 435 457 627 329 936 458 821 531 231 948 517 104 665 202 537 287 330 800 535 256 452 541 724 747 289 272 973 755 757 487 807 244 836 581 841 545 548 988 539 21 213 297 499 540 384 157 139 430 592 236 359 841 585 245 51 490 687 309 846 579 439 500 974 247 50 823 935 412 575 55 247 499 409 763 738 769 661 897 628 802 526 541 712 110 190 861 288 634 178 767 425 752 952 704 749 727 129 758 162 492 917 580 697 587 924 363 271 240 680 82 54 373 548 920 832 9 848 784 650 597 186 625 433 426 646 50 489 202 591 559 479 891 929 902 939 714 518 948 672 635 176 37 922 600 929 473 99 97 671 55 80 144 711 238 467 198 837 868 496 980 824 44 828 337 732 622 175 207 4 796 847 159 842 89 797 346 791 260 104 415 237 612 818 12 832 833 328 877 466 275 245 499 632 449 391 377 597 118 660 455 44 18 16 10 592 221 24 531 301 136 227 718 54 866 274 791 672 527 481 155 542 489 489 590 839 939 205 997 410 134 527 773 128 96 75 904 856 67 222 650 680 94 286 379 469 316 574 911 230 775 133 898 439 359 812 704 748 542 657 398 961 134 739 192 350 425 940 789 652 706 722 737 940 400 942 188 461 89 691 594 575 92 706 651 909 580 541 492 250 684 108 922 109 92 700 822 127 296 427 618 326 441 792 536 284 440 638 945 906 140 699 60 646 935 769 987 991 463 824 229 341 967 709 461 702 622 795 557 776 273 65 790 802 138 130 478 115 589 179 518 150 607 200 279 321 613 791 321 104 562 741 241 800 586 191 112 780 711 5 136 976 629 510 204 523 53 97 193 902 367 807 758 422 137 593 530 61 918 541 677 594 328 34 224 960 686 20 528 10 217 888 905 281 85 625 902 106 27 811 644 843 214 207 243 655 941 151 999 121 927 632 377 835 930 674 560 123 288 214 201 565 654 827 673 409 162 923 591 187 872 747 744 974 945 720 638 924 567 69 845 199 201 783 681 379 395 689 12 641 549 674 998 799 618 985 844 77 346 864 860 219 450 312 616 656 154 373 691 454 431 910 462 837 301 78 566 761 338 267 703 277 109 440 894 856 767 913 600 478 15 397 530 273 317 119 959 435 790 649 621 263 882 765 998 985 669 378 938 867 559 585 797 234 478 195 82 230 366
918
490 551 54 992 320 431 920 379 490 966 554 349 91 804 947 482 587 674 766 931 295 267 987 311 418 819 109 787 946 876 828 772 301 956 422 569 915 825 943 234 678 317 343 379 664 828 821 391 143 785 632 127 314 510 824 357 560 178 129 6 891 51 998 700 278 44 672 448 287 66 474 905 234 39 89 57 879 631 982 803 148 845 407 387 859 827 725 310 541 80 403 19 916 968 695 836 520 891 589 998 245 894 632 308 313 530 332 633 822 952 283 749 701 347 41 847 290 204 842 629 213 748 715 653 947 928 447 582 915 52 490 830 223 271 877 259 999 136 342 316 280 385 532 148 370 507 428 893 353 289 407 588 69 575 284 52 206 295 355 547 441 905 283 199 164 352 641 213 289 598 107 180 326 579 704 332 850 517 100 460 339 665 925 137 896 225 989 475 618 738 175 512 137 389 945 638 187 875 851 519 418 600 998 727 941 940 889 289 820 47 102 228 388 771 67 658 402 658 809 46 237 789 48 456 84 891 617 504 884 897 402 302 698 298 993 447 941 331 366 862 414 731 607 903 647 512 641 651 522 993 559 902 884 178 569 889 654 95 725 377 582 841 345 412 608 79 954 322 103 645 167 483 700 887 47 229 373 586 142 915 371 800 548 148 325 108 701 562 763 822 759 594 821 150 855 989 511 472 340 459 227 631 31 953 487 695 993 652 931 282 661 421 225 658 219 765 181 480 374 958 707 555 444 143 896 512 108 211 465 247 750 62 795 291 164 397 336 647 486 557 159 548 992 305 820 656 785 885 192 708 549 606 784 638 384 121 494 464 927 432 462 868 258 573 361 13 1000 972 514 635 126 86 156 408 132 262 878 476 803 624 105 224 141 400 144 77 713 287 642 472 879 923 86 567 722 599 453 204 992 146 726 25 963 457 70 339 399 763 216 161 132 997 199 887 321 212 978 923 897 533 53 641 488 963 500 811 856 888 41 267 358 902 183 543 977 564 101 323 530 95 595 273 90 932 607 507 216 293 378 403 523 373 781 219 134 90 130 992 898 79 621 871 409 816 84 979 278 692 332 14 417 24 378 377 534 668 388 751 27 275 50 453 538 226 164 9 895 501 984 862 189 851 560 738 836 517 59 632 330 746 593 174 479 272 671 987 437 699 168 507 63 18 473 957 519 285 276 182 956 833 98 372 991 974 522 685 945 379 112 834 549 559 201 473 333 99 200 869 952 785 216 498 848 605 339 321 439 342 531 954 393 645 116 859 460 881 433 863 863 446 518 459 988 155 763 661 558 512 577 566 922 27 457 883 689 192 895 468 201 970 968 473 703 672 458 409 69 118 702 600 296 529 416 708 558 99 200 93 123 526 922 263 619 301 91 584 464 932 284 285 964 140 217 227 181 800 252 218 40 839 800 682 639 122 669 471 125 270 390 505 437 126 56 947 97 550 204 583 339 293 585 25 369 736 494 87 308 733 674 195 831 606 128 550 367 678 46 363 565 514 43 454 124 582 637 876 91 35 544 8 505 999 907 267 802 449 611 354 356 339 987 522 54 832 326 276 46 799 194 496 803 513 117 855 694 579 946 183 943 583 490 146 335 616 966 545 519 369 277 231 408 689 853 774 651 238 879 569 350 481 414 155 324 137 49 975 898 589 265 987 222 323 484 606 948 554 786 895 146 487 216 276 93 597 6 677 80 441 219 28 966 996 478 906 131 612 289 870 60 432 428 646 221 815 690 878 254 416 978 447 104 33 589 865 184 418 25 186 256 249 963 135 687 233 428 119 872 474 424 730 398 236 161 971 674 585 96 389 716 929 947 255 566 466 686 748 474 179 63 472 397 460 811 136 788 853 695 449 457 292 932 806 390 248 891 498 32 883 989 973 237 18 95 101 418 723 228 148 564 950 843 704 833 113 211 204 602 866 924 607 675 34 838 82 138 92 871 190 796 553 274 262 400 560 825 150 175 547 364 223 115 468 789 395 47 58 850 176 283 935 90 258 850 524 22 931 412 193 275 735 655 946 673 401 851 403 373 931 391 706 632 915 129 740 726 981 797 85 176 643 959 295 730 749 488 993 41 270
996
252 572 590 86 535 485 936 123 637 64 811 317 496 520 637 958 162 947 764 616 751 90 503 780 928 593 521 410 167 666 486 277 95 313 600 192 984 476 559 894 620 383 383 255 648 490 174 336 501 905 928 58 990 990 353 600 467 449 449 823 684 262 801 843 905 453 526 923 476 574 763 446 23 107 131 175 737 217 544 124 964 317 353 517 333 433 41 252 526 459 479 928 714 211 520 689 670 760 805 683 938 791 381 403 775 357 978 126 294 280 812 116 240 378 222 212 25 282 126 215 22 907 741 843 437 399 53 222 289 272 180 88 644 626 50 686 166 979 684 172 365 844 383 542 62 991 411 60 410 67 199 798 778 319 205 457 884 992 787 830 629 950 915 226 745 442 603 173 420 574 234 673 479 692 927 954 827 21 849 344 364 333 648 866 468 521 12 522 303 828 289 328 743 46 525 915 887 592 974 663 484 722 745 176 437 863 28 588 657 456 869 949 281 692 308 453 874 851 274 498 382 561 450 679 634 961 543 101 804 245 588 899 241 971 804 289 151 662 873 673 719 242 714 445 346 180 64 302 980 551 382 947 833 762 194 534 947 566 841 914 636 563 619 347 284 634 357 890 567 265 559 28 437 729 761 248 883 850 72 560 522 183 255 995 506 93 775 227 330 976 536 593 37 30 298 648 730 534 290 160 458 140 346 739 176 333 863 305 3 50 183 583 847 439 449 89 905 939 435 250 616 249 882 352 688 716 397 487 667 207 644 830 122 781 384 239 544 320 981 259 280 39 29 219 650 673 720 529 422 826 769 871 483 533 136 816 334 704 835 104 310 78 526 652 603 837 207 474 893 421 579 933 201 885 366 354 340 959 708 563 466 129 47 601 443 304 174 293 793 701 534 425 535 936 77 899 764 771 732 204 583 705 919 64 936 300 702 339 571 173 441 606 878 578 471 360 836 340 559 544 802 23 955 940 97 635 120 590 755 494 378 215 707 47 700 756 281 958 339 929 479 286 166 754 488 488 560 673 410 658 902 863 156 875 488 229 441 244 315 120 576 730 946 181 925 191 688 729 462 594 691 167 49 827 711 860 614 912 891 772 405 58 322 75 301 163 515 985 390 927 62 626 885 542 210 430 216 392 691 162 929 194 642 859 958 952 598 714 372 785 382 435 797 595 557 913 545 825 460 880 26 372 593 998 391 468 19 925 454 799 194 488 973 702 182 700 295 213 408 908 482 795 317 7 22 833 162 82 635 384 414 26 704 283 634 45 155 78 6 750 928 222 461 613 727 693 773 611 529 431 516 879 453 151 679 449 620 546 391 604 332 233 284 589 705 468 686 29 188 746 866 704 709 629 319 404 13 112 916 710 666 756 424 427 228 75 853 664 678 683 749 255 744 206 538 239 505 904 794 2 954 678 828 547 217 647 213 255 147 865 388 720 31 486 614 580 738 822 403 730 147 382 376 534 777 857 536 936 704 701 503 693 221 9 432 295 176 667 9 998 534 519 356 525 270 230 390 774 329 775 136 15 163 655 898 589 418 105 164 158 503 97 69 641 465 892 88 373 106 176 241 386 136 738 81 86 235 774 714 81 574 878 583 246 310 528 952 787 660 190 222 472 199 824 228 492 414 747 791 476 596 841 136 529 162 924 37 103 760 636 398 711 251 147 627 517 249 295 819 555 502 499 857 84 817 214 23 139 11 726 961 477 547 7 141 395 858 437 475 221 347 174 15 84 596 54 304 432 967 735 128 781 993 549 866 108 826 671 217 668 130 424 190 326 31 842 755 693 992 694 648 428 364 807 620 269 617 197 92 636 307 609 959 267 489 375 66 530 24 220 369 866 485 318 634 681 958 125 508 824 893 532 574 898 100 766 222 12 790 216 597 414 60 306 453 643 360 70 103 726 709 466 178 620 994 538 977 766 403 991 561 259 111 105 143 760 902 437 799 838 348 149 919 759 289 762 750 289 502 112 576 434 979 751 582 466 170 982 795 502 834 126 12 339 881 764 752 903 225 327 102 677 531 203 890 328 693 30 161 547 494 635 357 2 830 398 652 193 45 280 338 589 147 684 499 858 393 381 219 103 191 851 96 885 665 91 979 139 998 229 591 620 723 503 979 772 707 990 378 312 959 465 533 448 260 634 440 135 853 655 215 450 482 31 146 222 134 260 944 161 161 107 859 303 522 97 766 321 754 957 128 289 56 468 557 93 219 816 40 958 137 418 231 691 749 261 144 115 75 646 247 977 359 426 526 793
285
819 685 603 930 995 387 756 762 936 38 813 238 619 799 488 374 435 222 1000 980 138 858 306 308 682 138 126 803 699 522 116 404 392 223 54 639 334 486 437 75 732 707 504 986 638 157 339 653 109 648 760 960 63 76 528 718 125 173 168 436 322 721 425 400 246 418 601 254 586 812 316 169 50 773 646 629 948 645 342 52 132 663 676 239 72 271 994 164 219 70 891 149 695 650 1000 946 904 208 808 697 127 27 968 230 525 152 25 247 10 647 699 704 575 525 949 445 698 195 520 240 154 943 411 204 206 707 114 753 933 693 439 523 856 943 169 856 186 747 613 441 470 220 13 699 150 986 436 930 261 960 457 441 850 109 636 228 770 31 252 354 805 235 475 934 232 451 225 177 656 333 208 809 181 858 287 583 572 712 843 664 114 556 995 916 791 173 551 829 615 475 614 326 57 494 962 344 869 774 291 33 239 171 787 746 201 289 460 913 167 813 542 656 1000 824 527 930 957 294 306 594 922 76 369 757 789 585 191 303 469 935 125 278 439 550 853 948 630 43 457 825 691 122 269 870 13 94 549 450 818 315 990 963 100 893 388 615 847 67 674 852 500 728 315 497 962 448 354 886 885 24 348 458 293 708 495 206 774 345 737 375 678 220 744 313 791
236
84 947 348 308 774 682 61 298 618 677 304 540 620 616 177 838 937 512 477 958 449 845 846 622 787 168 689 277 140 425 283 740 226 385 118 562 862 932 89 42 169 499 715 838 259 499 647 827 293 430 965 87 955 580 21 775 512 412 306 274 333 934 324 601 999 185 557 645 505 515 363 543 586 974 128 360 750 811 164 599 694 16 275 570 4 404 191 660 960 372 339 923 521 609 538 630 859 17 294 709 14 952 341 518 764 312 373 410 699 56 104 958 379 678 316 437 750 248 813 500 664 566 740 332 815 519 482 726 120 981 433 141 834 955 648 13 825 830 816 39 399 310 156 551 739 653 866 492 494 528 416 817 329 603 237 507 975 216 385 443 977 121 390 962 131 268 29 661 955 647 83 630 9 106 735 414 964 922 134 541 676 314 291 372 492 671 886 867 512 297 198 475 600 802 988 786 794 852 923 453 558 617 75 572 343 797 633 920 344 172 426 432 245 176 469 500 902 504 623 920 193 477 128 107 265 759 459 825 959 762 638 999 649 277 967 468
459
31 319 882 843 315 487 126 553 219 514 524 660 30 600 982 90 999 822 24 501 696 687 803 332 898 131 898 616 339 310 419 727 911 808 249 833 796 87 450 377 329 692 470 331 345 325 711 386 136 351 165 100 377 17 693 104 679 445 517 776 398 449 767 6 799 304 690 925 340 542 980 864 884 833 546 723 549 162 830 373 709 966 314 81 813 640 829 912 398 768 515 530 581 788 440 300 510 602 340 417 915 34 745 371 63 101 494 767 669 471 33 142 898 253 179 997 631 436 677 224 433 660 279 150 207 388 684 573 398 514 313 126 888 78 728 624 598 790 96 609 362 883 503 561 533 381 284 744 751 835 385 458 376 452 791 775 447 759 623 622 635 514 711 622 337 2 139 933 492 26 597 445 501 47 16 389 427 379 771 459 706 15 997 973 497 829 481 113 117 392 390 389 978 806 852 733 337 454 177 551 750 65 175 342 46 575 970 556 757 673 756 720 857 121 386 456 257 650 634 456 868 437 595 120 63 111 326 721 641 805 340 65 500 644 341 257 3 526 484 73 66 562 332 239 211 687 74 998 129 936 752 554 812 189 289 753 15 992 91 804 564 281 271 979 805 413 126 855 135 317 452 294 815 797 351 582 11 212 111 507 583 5 650 883 255 992 513 417 462 816 729 322 458 50 905 379 313 513 819 128 728 239 819 6 374 205 633 1 424 454 704 488 412 370 193 684 798 478 234 414 42 972 680 899 871 345 311 85 73 916 440 25 535 850 843 425 909 349 789 803 481 846 257 611 809 318 363 618 241 976 31 238 684 925 940 202 486 114 1 265 729 968 974 991 638 508 402 137 511 691 49 527 173 565 153 491 908 273 6 266 102 409 864 942 80 588 561 9 453 888 920 761 660 761 194 563 810 177 428 941 731 678 344 520 369 521 773 323 583 946 858 599 849 395 989 47 183 415 237 216 996 226 371 302 993 389 995 473 937 410 609 841 422 577 651 308 363 2 151 113 668 50 794 623 855 632 489 250 732 126 887 714 961 828 741 89 262 36 467
781
979 257 262 507 60 208 346 47 574 999 920 208 890 964 791 41 929 922 58 510 351 462 133 484 929 763 272 117 137 536 49 32 929 113 374 141 897 124 613 3 838 341 277 299 44 199 655 889 367 90 410 178 895 182 826 95 902 959 31 58 265 549 482 714 834 894 392 999 686 424 260 24 794 397 790 988 726 637 823 523 796 270 446 447 928 517 466 980 737 15 625 584 192 133 809 991 95 684 516 364 12 114 696 873 505 911 875 318 620 835 244 597 591 863 612 287 596 451 175 232 530 862 322 421 104 27 865 483 6 737 645 466 71 142 715 651 744 583 322 987 443 10 445 196 535 272 982 61 841 980 239 837 9 419 519 674 496 391 262 700 213 929 506 540 623 366 313 894 112 427 587 638 674 195 794 56 281 66 228 406 743 225 987 707 110 899 498 813 727 388 386 133 340 496 379 817 297 103 917 750 107 112 700 413 696 143 523 68 690 843 84 869 585 103 902 931 534 700 572 965 601 303 583 959 815 187 801 700 826 532 692 665 737 877 593 85 278 430 580 950 374 677 747 171 223 482 694 862 728 711 266 501 123 166 562 830 98 19 489 742 623 268 164 965 123 861 718 709 322 117 688 698 220 177 247 807 59 436 929 132 36 403 102 820 400 595 106 457 472 721 462 948 615 744 954 992 542 92 985 704 639 218 77 159 354 969 79 584 429 495 146 527 703 260 185 251 789 812 895 456 891 326 254 438 770 526 231 373 279 302 1 101 410 860 520 118 278 668 225 34 72 984 705 953 172 858 622 591 665 303 98 66 776 876 995 942 783 509 955 889 289 444 386 246 962 265 955 769 508 110 19 405 392 672 615 2 397 823 153 908 284 504 862 903 160 727 774 791 68 823 495 99 598 396 757 662 479 424 206 971 685 242 726 29 160 294 167 96 208 831 511 721 434 662 723 654 136 733 362 413 339 934 990 894 108 445 652 683 81 570 196 456 43 624 930 546 632 457 394 774 424 222 361 225 713 578 317 519 59 216 971 540 887 587 578 172 559 423 96 446 314 648 840 530 186 934 927 673 59 872 360 451 747 704 212 470 665 279 597 895 567 440 918 594 396 28 153 328 130 991 790 63 80 468 919 210 622 21 299 30 709 709 39 525 679 597 655 53 754 683 203 473 51 164 644 558 911 407 425 784 949 874 154 301 762 749 827 29 690 85 932 513 896 513 351 541 753 981 352 915 289 189 59 843 105 16 138 464 19 413 336 270 705 550 124 695 688 447 618 893 899 798 736 32 719 979 859 99 776 298 625 956 806 876 302 642 966 489 720 465 410 985 495 775 822 957 582 626 750 240 207 472 201 913 298 71 441 121 461 48 14 340 388 9 556 206 142 685 52 332 951 811 10 551 735 814 899 910 418 463 443 583 364 689 781 671 796 84 125 347 284 954 978 966 632 708 202 332 508 532 900 261 126 739 75 253 356 852 245 961 302 471 514 976 637 797 205 404 883 719 44 898 452 935 194 319 426 57 81 630 10 375 898 334 759 11 456 819 66 77 670 187 557 801 523 88 837 721 581 326 404 331 921 965 943 149 139 151 678 923 441 663 126 725 430 957 607 895 677 214 795 93 917 842 706 388 967 711 162 310 802 68 153 119 125 528 99 209 971 499 549 448 699 353 952 655 2 244 417 205 825 387 984 451 146 344 358 815 413 94 825 306 657 953 903 115 258 63 775 625 967 72 435 352 263 311 695 904 258 452 52 813 926 947 562 690 71 116 686 611 188
435
456 604 315 449 515 482 332 725 435 412 361 778 434 15 125 813 483 695 154 817 310 540 253 407 706 398 91 821 39 614 939 687 631 573 494 444 211 998 520 560 882 491 581 474 196 652 896 376 771 346 87 475 7 72 47 240 855 171 294 306 178 283 950 766 462 224 945 825 212 566 327 616 649 717 83 985 827 989 125 837 661 410 708 955 565 198 987 862 917 284 883 268 916 648 770 68 294 390 476 106 298 437 295 163 736 545 504 833 887 673 445 474 747 909 901 845 375 974 125 134 413 412 76 404 832 259 847 652 852 134 649 351 551 548 519 435 548 44 813 365 634 709 321 811 797 227 20 244 11 76 555 555 500 501 641 756 803 374 388 111 387 240 851 108 133 589 125 511 537 876 260 209 575 877 102 573 719 235 95 36 418 910 576 981 630 604 309 520 556 258 16 596 454 185 443 409 316 990 917 853 15 17 612 941 935 13 474 925 624 57 76 139 610 874 872 1000 516 834 278 517 51 600 98 56 637 910 552 357 929 702 565 635 104 571 87 809 688 391 17 885 63 954 441 287 283 32 263 436 832 970 393 952 708 867 607 515 393 232 832 792 188 935 242 616 1 869 372 327 848 306 144 489 939 699 6 276 421 505 632 329 154 290 893 607 129 393 66 32 155 14 542 713 51 568 475 643 501 187 406 903 114 17 619 194 968 757 54 579 743 713 194 328 467 170 258 853 565 703 81 223 535 315 185 583 327 566 752 413 309 807 955 658 848 18 860 354 909 75 370 22 110 410 901 184 595 716 582 190 481 236 694 253 738 422 187 960 895 194 756 838 792 77 143 817 820 499 613 976 389 131 632 135 411 375 751 423 503 573 608 167 371 58 270 818 885 333 349 857 967 386 712 875 233 767 437 404 771 114 301 422 461 876 765 135 188 139 670 796 259 772 741 729 839 673 862 476 939 61 807 173 846 701 174 820 568 618 674 65 923 293 634 808 705 361 626
40
625 175 173 19 638 577 59 93 198 182 27 218 706 917 793 247 53 365 137 646 647 489 231 351 675 235 619 846 455 938 598 304 901 474 167 740 173 792 644 385
263
316 960 917 576 181 231 988 290 954 900 373 738 343 654 276 324 986 558 533 554 688 472 43 203 624 756 202 897 146 956 717 195 100 605 503 380 694 214 511 260 687 654 361 255 696 221 489 43 901 353 794 565 497 342 464 14 845 723 503 672 877 110 589 998 658 769 936 297 101 451 748 809 719 707 149 528 205 851 115 876 792 314 780 789 910 718 441 388 38 458 502 91 922 356 257 889 976 365 865 623 142 893 600 526 521 421 703 598 951 919 451 85 780 821 412 372 88 515 702 364 313 632 731 455 626 692 621 626 507 295 27 465 291 564 320 307 67 697 194 697 737 71 249 456 379 362 631 170 447 829 339 526 305 753 431 16 37 367 588 646 166 507 120 113 52 954 4 648 479 816 215 210 174 876 843 606 814 945 806 174 544 829 809 948 167 434 141 746 132 702 981 952 625 314 944 817 598 679 183 981 93 777 122 418 408 25 945 630 873 254 799 19 265 92 145 590 199 124 817 350 261 561 669 825 69 668 61 87 551 333 859 25 720 132 793 654 476 921 45 157 918 804 283 645 657 833 754 788 358 985 932 854 582 164 791 486 690 829 626 832 512 269 139
742
644 928 343 163 355 761 649 24 641 92 128 959 172 35 112 144 327 974 239 911 587 766 388 693 802 637 742 798 338 449 178 182 492 656 189 174 412 786 262 475 533 227 717 361 649 61 829 940 485 979 26 845 476 776 666 535 304 391 52 153 1 214 678 726 3 7 985 157 402 858 725 42 154 707 73 224 567 695 562 805 767 637 345 818 235 410 445 220 612 928 493 663 161 442 433 717 971 418 676 282 798 492 679 900 616 623 964 450 638 184 834 968 126 829 189 493 775 876 822 160 813 571 914 731 476 847 37 714 115 329 299 341 800 132 496 118 859 260 583 755 223 547 88 15 880 436 320 918 557 433 649 44 343 963 262 95 766 45 729 37 502 635 197 221 697 178 946 535 958 256 949 602 414 235 366 499 110 219 398 871 75 399 251 283 224 560 834 70 276 830 527 760 726 463 123 46 643 696 417 924 696 393 9 391 123 147 456 335 161 942 724 176 873 284 421 699 689 279 270 981 862 571 673 87 69 861 994 343 784 130 844 498 954 809 991 239 334 895 203 428 953 86 484 656 270 718 623 892 771 181 278 875 677 294 650 83 60 577 25 525 340 338 699 671 229 260 712 522 379 527 479 250 57 560 737 89 918 358 767 821 678 392 160 185 260 558 419 841 901 325 967 298 273 561 194 61 482 926 10 512 392 301 368 537 124 770 514 894 958 947 868 29 439 726 732 618 739 812 914 796 332 262 919 927 798 767 738 134 36 225 493 430 412 892 791 91 958 107 187 152 392 82 749 311 586 794 836 712 983 496 752 130 492 621 936 877 993 940 658 735 29 332 218 77 169 982 338 751 664 386 992 645 980 970 4 722 782 859 17 487 613 388 927 453 577 192 806 863 878 612 476 235 597 159 31 266 518 448 949 476 788 826 816 295 7 66 418 475 146 604 365 283 554 77 806 35 260 735 258 496 85 322 621 884 687 326 770 75 310 689 552 115 71 682 185 810 193 345 597 551 400 882 166 3 766 506 334 799 721 733 589 503 985 966 502 488 959 976 526 688 68 902 239 698 403 170 877 122 213 881 988 1000 256 677 872 748 905 601 434 171 462 943 825 87 950 624 18 204 157 574 239 208 281 99 900 854 573 184 348 727 98 517 689 367 383 830 331 584 29 632 697 129 935 928 256 785 601 651 688 941 837 577 537 724 459 211 302 917 788 680 267 886 393 396 211 643 252 520 851 711 874 338 521 411 850 585 488 902 809 222 683 975 301 594 74 733 397 902 167 168 3 858 721 310 689 709 840 917 354 196 854 420 654 161 648 563 600 958 80 287 2 72 739 399 11 841 415 487 152 491 41 987 74 208 169 300 686 661 732 465 395 362 273 745 144 180 871 731 776 4 975 373 159 337 580 499 720 186 716 679 188 864 428 139 186 846 718 492 532 456 687 200 125 210 60 978 676 171 502 413 807 808 40 232 628 818 988 21 562 154 332 743 694 61 282 515 943 600 877 189 329 864 214 798 585 209 579 359 318 578 252 796 680 859 528 159 335 717 493 498 614 849 526 361 139 333 907 702 631 351 316 416 582 295 763 20 107 796 709 642 373 80 263 738 208 672 756 558 471 240 126 978 672 845 3 415 262 737 230 686 864 699 402 721 144 232 137 944 14 80 565 926 646 638 57 136 340 885 429 21 998 696
912
451 380 728 982 877 59 447 326 856 467 697 788 490 602 962 848 97 79 336 614 693 31 308 674 33 259 30 202 787 238 883 161 1000 74 89 903 405 486 509 509 21 233 537 399 380 593 635 21 464 534 868 632 307 898 429 333 644 857 526 128 625 238 196 685 267 643 493 711 884 947 254 65 377 689 290 209 725 489 969 903 112 323 182 895 684 391 310 784 404 276 584 161 866 613 979 242 753 614 408 923 158 166 395 254 610 354 517 189 963 619 353 701 408 177 611 985 762 89 953 431 645 618 144 407 549 209 245 55 551 659 120 641 306 17 674 885 534 272 39 267 479 602 864 876 618 730 627 916 403 280 351 590 992 68 501 152 358 686 292 770 784 84 558 12 637 537 842 879 196 737 373 369 305 713 502 259 281 68 497 746 971 184 858 444 739 894 628 81 235 602 126 816 552 793 697 937 984 178 937 929 107 659 509 131 39 334 814 943 976 98 132 920 673 535 655 713 20 810 278 926 343 690 145 630 326 502 425 309 17 773 600 994 35 85 390 856 484 802 43 370 545 10 311 78 347 2 782 289 512 882 928 526 608 648 731 910 791 724 992 116 875 523 291 107 305 603 489 771 869 65 864 738 275 83 212 204 8 672 360 711 211 958 551 167 633 67 97 341 682 214 745 255 489 923 788 676 341 743 801 709 473 19 153 491 960 375 42 788 839 445 10 770 402 726 623 71 85 553 275 677 72 525 555 388 125 265 476 420 671 324 649 17 600 671 342 199 150 665 293 735 376 421 844 581 185 477 277 453 405 876 61 542 945 829 142 39 688 112 506 128 395 56 756 229 245 633 993 410 369 26 247 403 918 385 641 262 144 869 253 69 43 328 101 405 349 560 5 366 419 475 177 42 678 170 262 316 169 187 456 821 638 770 722 481 82 866 869 252 781 555 427 202 41 54 727 317 711 637 480 968 251 470 657 220 628 452 82 889 421 144 599 810 513 409 542 244 167 550 417 28 624 357 295 168 613 958 85 468 301 327 276 546 176 421 474 417 6 960 934 363 599 162 6 794 174 539 653 582 792 491 717 403 431 616 889 658 722 760 326 83 815 79 655 114 802 324 117 133 466 814 33 891 697 770 960 743 775 473 965 325 428 93 658 522 35 147 67 91 460 842 161 808 278 338 234 216 693 313 68 789 119 106 826 731 769 423 157 483 652 48 823 422 79 152 584 952 753 179 896 807 107 29 279 579 119 34 368 264 354 210 795 361 708 508 341 495 236 8 894 550 394 666 735 611 673 988 12 222 945 25 787 84 779 758 510 292 660 559 51 606 448 831 874 366 250 276 933 272 754 761 433 290 372 873 221 189 672 484 343 781 452 669 795 992 551 110 47 897 212 622 279 298 563 786 719 7 155 327 121 395 832 997 394 920 67 222 61 201 426 75 447 271 265 596 530 538 962 916 883 365 572 898 355 998 943 334 327 696 802 744 560 228 915 707 178 478 382 964 642 587 167 353 671 620 854 101 173 114 117 46 515 6 912 954 890 415 877 937 806 109 654 275 245 511 865 442 714 367 646 472 72 744 951 917 427 376 956 409 49 408 346 626 581 327 233 450 934 449 803 145 131 146 695 706 551 508 306 345 940 657 891 457 483 832 77 395 59 584 153 179 21 154 254 889 95 408 421 117 144 74 169 98 328 610 810 75 643 301 994 396 326 362 497 704 619 776 192 912 539 267 265 862 669 249 564 730 919 1000 141 296 325 257 981 624 235 837 954 106 711 303 283 985 579 827 214 73 940 700 581 911 166 344 482 700 396 559 797 606 820 914 461 264 444 692 66 190 79 238 485 436 66 19 739 495 1 998 685 378 226 566 658 830 629 752 377 53 774 116 484 30 113 611 806 503 131 900 351 889 465 639 979 255 581 496 616 859 99 246 702 787 17 891 370 153 475 882 707 478 912 39 835 440 786 469 501 292 451 834 726 140 929 83 189 476 678 548 333 193 301 676 888 459 744 157 101 686 230 469 23 195 766 407 132 554 743 851 332 34 838 327 247 87 172 681 908 124 913 525 570 702 446 4
513
371 987 163 477 517 128 322 676 557 749 605 422 832 75 195 660 278 863 84 36 518 818 163 98 740 775 543 453 204 860 93 373 806 803 622 840 31 744 953 374 246 758 922 547 555 408 279 703 581 222 434 227 607 403 621 338 361 611 832 303 783 690 254 223 542 849 182 274 246 566 958 25 517 301 106 854 324 462 406 292 941 572 511 245 74 529 366 823 612 261 330 242 711 453 255 118 439 552 118 376 199 12 409 306 494 674 427 345 110 459 262 970 716 183 191 719 174 748 13 518 456 852 108 261 754 396 437 756 100 868 619 754 947 834 483 599 577 509 345 580 409 839 810 230 751 125 178 328 35 33 278 248 189 145 343 222 620 261 232 443 523 786 447 981 774 382 477 929 353 87 742 571 503 232 241 478 734 75 762 709 205 115 843 879 738 107 762 189 211 666 52 262 803 136 701 973 876 807 889 430 235 111 223 613 607 974 574 208 125 941 892 878 637 811 507 104 368 156 909 601 868 383 392 470 893 24 700 491 121 946 835 227 925 754 401 310 720 416 302 673 114 918 665 655 83 241 605 725 362 409 276 616 928 598 721 501 734 52 51 414 578 817 801 33 920 420 464 920 971 16 866 114 242 331 575 347 967 77 987 792 868 882 604 461 573 508 847 144 606 925 98 261 742 584 492 873 100 198 458 577 540 277 892 968 19 152 729 383 379 57 897 48 510 928 959 938 496 409 742 245 321 463 528 504 303 837 754 943 671 112 155 789 296 99 311 385 768 268 35 738 603 213 346 654 271 124 43 946 552 133 375 844 449 821 35 555 963 619 730 920 991 449 610 603 683 847 676 163 1 122 841 647 537 545 140 315 39 161 741 482 277 253 868 115 243 70 267 68 34 391 158 393 262 981 587 588 225 602 510 273 465 229 625 906 803 158 543 633 390 559 422 951 842 83 732 215 235 848 36 999 284 354 952 816 379 850 353 829 208 372 944 698 899 152 495 658 744 349 610 249 982 285 150 155 285 291 40 657 465 967 100 755 43 516 114 905 91 898 974 476 88 644 161 116 160 583 615 190 378 344 314 42 939 660 185 255 371 508 645 923 622 692 171 331 823 997 561 398 925 550 709 906 16 759 566 890 597 277 433 884 461 778 346 157 994 645 540 48 746 634 172 734 862
845
990 527 919 112 686 882 704 315 983 23 99 202 566 790 52 587 417 746 76 731 171 921 284 846 234 14 795 656 182 622 623 995 800 122 576 545 220 943 834 629 939 966 939 271 808 191 12 118 944 517 52 996 552 571 257 560 224 993 301 23 919 589 349 347 513 675 720 3 615 888 748 65 498 957 974 10 163 545 880 390 15 532 46 132 828 318 883 261 16 327 33 744 6 597 941 972 55 842 84 774 260 189 610 168 591 44 648 541 301 393 192 211 974 767 790 405 703 307 573 996 657 637 492 686 277 672 215 380 324 486 122 128 625 180 316 307 642 126 724 901 68 188 890 982 915 940 277 866 717 465 398 439 799 667 19 449 155 508 405 352 523 459 940 661 323 127 302 700 688 484 350 18 640 209 760 930 185 863 728 121 895 283 52 212 231 199 647 716 73 23 12 438 97 818 617 652 765 787 360 164 845 723 70 401 518 338 466 623 36 481 336 945 707 593 972 310 437 362 889 605 118 373 303 413 303 432 146 434 147 190 760 814 364 615 371 355 199 496 745 767 896 913 314 335 866 547 172 979 83 789 887 280 802 154 388 889 348 641 189 86 130 52 908 573 728 89 288 803 565 768 853 546 822 781 451 640 376 148 503 142 128 738 418 200 517 59 236 460 196 527 411 191 686 843 160 425 206 430 356 521 535 373 818 782 277 296 886 674 979 636 279 392 753 344 634 178 453 435 654 691 587 372 564 324 312 378 10 687 341 223 888 848 731 852 497 645 115 397 486 435 353 234 74 888 194 222 507 812 108 252 193 505 764 587 762 413 54 820 900 188 100 555 146 403 683 669 819 422 951 26 605 701 130 291 963 164 544 985 618 346 409 403 271 826 113 280 672 116 834 962 99 80 569 17 975 190 529 46 915 578 16 62 942 378 554 352 521 370 759 71 28 878 720 230 215 112 666 100 854 456 839 802 631 477 491 34 720 619 431 226 415 54 524 721 19 418 100 701 73 555 999 190 611 119 182 207 178 383 292 867 539 419 939 997 536 702 489 676 581 507 10 63 179 750 436 786 17 701 431 84 882 300 998 401 493 109 475 990 896 976 645 434 779 174 520 698 570 849 231 843 58 150 919 275 518 720 524 790 825 177 728 281 807 413 418 229 764 604 215 836 857 35 939 311 119 60 75 893 764 366 619 51 458 174 241 333 514 368 736 142 667 93 418 783 267 107 381 241 623 566 497 236 507 155 398 887 452 925 495 74 169 850 256 225 38 609 590 800 664 273 300 341 125 777 512 106 457 856 338 467 875 513 166 77 997 652 417 340 460 281 55 703 67 54 452 925 408 999 308 135 884 5 75 457 203 943 286 769 61 535 440 89 86 252 61 519 811 903 43 873 39 642 88 454 988 628 913 91 209 4 810 834 694 270 560 398 376 263 479 347 196 532 971 872 645 429 830 427 409 574 238 499 946 917 506 521 891 563 896 638 383 637 47 375 68 728 849 167 720 223 937 342 764 434 726 561 417 937 403 802 575 735 86 507 519 560 976 563 616 631 227 425 484 766 550 989 542 77 430 383 779 692 387 427 697 974 870 823 499 81 40 585 583 588 375 498 451 364 89 650 602 890 187 744 704 905 367 882 778 267 499 556 916 851 151 417 754 792 158 231 992 830 435 212 384 564 779 820 824 695 186 572 760 554 395 587 815 831 483 443 233 430 215 622 478 789 740 300 841 705 303 209 32 728 746 667 793 949 130 313 295 465 502 365 865 792 243 188 833 602 812 350 184 647 553 197 274 231 324 932 191 373 583 600 443 307 637 485 436 263 898 719 970 922 756 740 781 431 142 443 848 341 834 646 985 637 874 45 761 993 133 111 584 824 250 104 427 877 931 396 214 825 466 836 597 323 801 56 861 617 162 882 29 40 975
207
452 263 419 108 676 123 645 845 286 752 637 774 78 800 496 328 177 460 330 813 588 116 378 193 918 936 961 613 520 945 107 801 469 853 104 860 112 137 182 217 624 359 869 146 744 139 271 387 535 649 303 593 920 117 193 177 480 30 593 653 604 668 795 769 160 454 521 310 823 783 455 633 621 728 700 639 573 444 388 230 521 850 329 819 720 498 846 316 559 961 857 631 211 270 270 654 582 487 355 473 517 450 788 701 789 245 595 363 607 10 453 649 633 527 74 773 918 348 494 316 795 521 499 723 309 147 330 224 468 393 11 653 854 942 188 419 604 873 225 977 333 573 3 308 207 727 270 770 178 554 578 764 443 936 531 688 624 869 789 1000 445 259 78 509 66 25 78 817 376 12 467 172 444 517 772 154 115 535 332 590 626 436 278 407 968 497 624 898 675 690 88 793 748 442 927 355 735 491 193 298 470 501 981 913 643 458 263
546
169 586 97 500 886 280 167 635 631 937 641 915 159 251 135 901 2 247 543 610 514 970 198 264 97 671 829 812 937 219 475 927 142 822 367 827 556 319 218 316 392 819 514 355 680 25 775 198 916 663 181 102 35 52 387 506 674 595 920 846 583 931 757 291 963 995 813 750 972 663 948 333 268 140 169 540 368 635 932 759 824 943 784 914 351 592 62 791 988 16 178 540 732 699 761 438 918 970 603 430 207 614 170 261 74 854 264 547 969 991 726 15 300 8 232 500 556 613 841 173 940 63 607 878 952 400 525 176 868 24 321 169 958 892 1000 406 174 298 182 396 139 580 345 423 595 811 756 503 663 855 668 703 50 412 122 916 187 231 309 633 466 917 123 667 745 842 86 666 183 887 642 671 146 888 90 734 669 336 842 578 859 598 726 701 511 188 861 571 90 324 980 252 28 853 634 551 356 896 186 224 681 930 427 475 692 880 997 734 434 571 724 524 943 164 986 218 369 530 956 288 254 388 26 65 335 95 485 184 68 615 143 282 721 378 231 830 605 775 91 370 643 388 894 269 226 237 280 121 211 900 129 924 332 110 210 184 877 483 850 224 657 863 440 415 502 263 864 822 813 73 222 369 296 25 673 888 47 603 123 901 956 33 579 394 676 316 286 859 680 266 769 684 871 540 352 533 752 554 866 658 838 177 390 588 883 68 115 353 211 787 655 424 274 531 821 888 164 794 830 648 358 711 706 839 536 616 413 58 354 231 208 493 97 247 688 86 764 588 673 230 787 26 172 24 464 453 736 148 705 623 291 962 215 589 122 928 687 536 269 949 82 157 919 761 701 427 31 463 571 29 677 756 862 498 685 522 242 866 906 713 813 376 572 391 381 742 144 391 127 193 241 843 897 107 353 228 559 31 9 906 775 445 930 349 936 441 452 233 651 241 858 893 917 441 29 474 490 896 473 654 101 201 487 54 549 867 661 149 263 817 788 138 428 625 327 689 112 963 850 268 595 349 275 167 201 759 915 557 322 480 479 128 563 2 185 543 50 925 32 668 293 776 793 408 589 683 233 401 286 669 306 354 655 953 276 618 384 209 523 52 557 778 521 491 630 689 848 559 822 682 424 536 826 653 79 321 259 794 621 989 249 840 515 770 420 748 500 491 184 744 995 707 514 700 596 810 875 56 402 775 57 962 841 181 231 736 663 957 3 941 703 712 420 662 255 568 586 122 140 110 931 10 59 827 166 861
788
942 516 618 73 572 570 827 832 237 990 451 551 422 633 442 882 389 971 420 241 606 868 476 972 373 943 943 415 530 428 129 856 206 190 400 82 975 346 814 384 241 938 468 24 596 119 615 42 525 685 769 677 189 466 428 531 235 967 180 884 873 318 684 479 350 659 565 776 195 721 60 235 303 172 482 788 913 574 629 369 509 108 869 586 451 569 729 412 96 690 965 686 785 141 312 201 44 934 768 874 443 236 795 39 248 118 111 643 583 125 164 620 77 577 846 916 855 769 579 691 126 417 408 565 718 900 967 250 893 807 559 253 775 268 634 425 480 762 781 644 47 200 505 454 564 747 360 47 370 545 163 885 776 365 127 680 736 495 852 599 425 790 128 626 26 874 279 250 307 400 756 45 754 358 150 356 859 378 54 177 82 192 985 210 15 343 585 612 104 610 328 71 711 331 351 406 568 133 854 72 638 497 987 476 907 522 302 36 918 2 237 24 746 73 688 865 68 149 617 605 370 117 243 378 67 837 186 48 709 743 992 16 257 729 852 136 18 979 650 360 381 250 123 435 482 905 106 850 543 914 911 755 288 856 116 715 148 34 351 687 958 755 218 928 702 494 332 382 619 555 454 1000 580 495 789 754 741 475 895 884 558 12 585 149 307 119 954 556 327 217 841 13 861 952 9 603 486 319 971 47 925 203 766 935 963 350 429 655 460 65 676 657 519 673 640 76 594 344 762 385 642 782 821 530 790 798 52 599 723 238 442 1 808 536 768 66 672 80 634 233 603 339 203 397 993 829 388 397 388 987 469 636 111 763 695 92 522 678 16 740 792 38 331 222 970 505 578 96 997 301 946 655 204 996 768 719 812 186 537 986 53 325 138 857 275 828 297 927 638 808 575 347 786 222 251 225 729 820 719 607 467 504 617 983 505 995 480 567 849 733 311 569 931 418 105 473 762 716 531 759 64 960 876 751 488 109 566 98 330 612 336 762 953 370 617 952 205 886 355 262 817 519 44 310 843 193 705 940 667 920 524 788 74 278 710 935 502 738 554 346 708 324 461 234 824 135 934 476 926 763 49 880 715 240 532 472 504 95 294 108 669 126 845 688 186 903 854 146 101 575 339 748 124 536 278 982 388 629 980 479 88 279 890 710 612 158 142 643 23 675 733 281 400 578 301 169 365 56 344 442 769 706 419 458 361 175 385 764 849 415 734 329 242 898 945 920 711 189 826 69 182 97 88 369 1000 182 805 326 930 876 326 917 999 525 454 176 839 94 352 346 711 465 997 189 506 273 351 293 108 998 777 335 738 968 346 958 73 251 579 754 257 490 415 779 893 739 177 759 284 176 302 63 371 9 281 77 814 364 835 471 80 507 973 107 484 913 268 770 54 358 461 752 63 728 269 289 775 839 64 311 47 322 943 586 647 829 252 893 320 604 617 913 434 851 188 137 425 593 273 1 266 290 487 646 21 72 787 404 50 262 490 520 220 32 852 410 286 222 814 445 504 707 451 560 144 444 748 498 478 456 320 641 392 529 799 584 529 326 312 787 157 497 390 433 772 374 398 190 408 455 718 525 24 982 556 127 352 250 559 14 579 441 488 830 929 255 328 157 782 422 254 736 414 361 219 13 255 508 166 645 134 618 712 244 710 342 597 473 663 342 118 398 301 543 632 76 57 866 696 336 710 715 504 844 773 111 842 170 422 810 321 838 979 926 644 989 683 230 374 18 171 897 214 299 239 275 449 38 548 695 896 197 181 572 714 98 879 953 49 165 458 418 923 746 219 485 1000 46
238
624 263 913 273 734 346 770 706 966 72 441 380 379 1 32 279 504 498 126 626 753 972 198 200 696 200 451 430 344 144 716 901 284 360 90 698 887 607 563 171 118 515 458 826 692 501 118 108 735 242 328 266 886 600 493 706 855 553 684 574 622 568 371 8 487 175 282 21 515 484 733 133 511 651 774 537 745 843 618 449 413 295 912 709 546 918 956 65 309 882 152 90 566 603 510 497 124 631 834 907 871 370 669 875 607 503 329 741 892 13 782 967 490 159 89 50 325 870 742 19 850 233 913 815 436 830 873 193 428 738 5 939 999 622 706 185 876 546 701 965 132 489 373 127 943 643 282 923 192 253 65 310 84 227 933 324 919 926 729 844 321 595 252 845 232 850 341 269 111 684 478 49 59 765 661 726 355 780 579 855 362 932 834 50 51 213 22 405 609 286 388 291 658 93 267 490 85 864 51 467 151 136 785 666 433 603 472 610 362 954 702 111 245 867 924 885 323 167 413 192 290 836 826 294 984 829 382 698 426 469 96 322 128 76 390 602 32 173
56
304 882 495 85 517 118 44 116 95 886 939 761 784 819 654 713 993 871 959 677 587 759 618 436 399 114 255 560 674 359 640 388 165 32 160 466 945 594 577 657 113 546 148 320 543 737 966 396 638 934 272 656 718 207 995 33
269
752 293 459 791 276 82 827 372 31 400 822 65 115 15 533 77 625 316 452 360 763 819 658 935 545 363 335 705 957 546 816 856 850 366 524 561 506 490 716 347 583 145 665 15 163 732 849 755 462 938 615 221 991 320 745 229 74 161 526 402 216 810 928 439 812 446 164 738 831 92 457 254 868 710 968 219 359 633 553 846 972 875 464 299 591 472 732 60 809 315 14 88 341 91 110 822 489 680 852 572 669 373 501 296 507 1 789 731 278 852 693 355 560 542 184 119 265 35 920 352 692 169 273 441 95 221 375 968 901 284 728 677 441 505 464 234 915 520 354 243 108 317 18 803 711 956 20 112 598 415 476 587 809 98 668 235 229 570 298 433 734 458 773 717 703 364 242 634 534 39 125 914 72 37 359 583 758 795 788 238 237 101 990 52 509 630 410 707 909 743 550 664 160 730 842 454 635 233 686 622 413 336 376 276 606 353 73 113 111 409 149 488 428 927 713 959 414 939 139 927 943 561 415 726 908 926 983 714 42 217 532 35 948 200 303 986 543 825 192 996 964 701 183 360 4 936 839 543 280 75 648 602 445 120 546 236 800 882 371 819 628 413 821 137 820 551 365 207 378
909
628 57 621 228 639 724 318 118 79 658 382 80 133 131 304 644 646 476 503 195 987 445 63 232 997 978 702 100 464 490 653 997 888 162 385 88 244 737 729 156 880 110 143 90 273 49 525 935 835 303 417 549 194 791 174 153 622 891 498 297 640 390 464 293 133 310 805 289 257 819 518 961 960 199 112 786 823 724 953 347 837 746 506 923 619 553 788 919 267 528 816 21 952 747 404 70 792 862 298 327 805 257 794 500 137 372 108 601 955 989 52 852 36 77 405 600 716 86 816 187 375 939 176 19 700 511 565 208 393 385 291 41 87 620 46 697 271 793 401 959 778 740 765 641 676 511 522 917 993 686 644 988 591 68 306 134 762 200 439 273 111 419 50 230 852 887 744 228 98 385 640 20 618 430 169 596 638 672 165 438 952 307 219 562 758 62 256 511 248 952 317 428 766 690 98 246 119 280 356 600 627 400 983 410 23 888 803 476 689 226 987 32 683 580 868 662 896 595 461 296 481 691 920 563 864 572 157 776 860 293 132 749 817 34 48 665 191 783 796 79 474 182 381 112 780 252 500 142 813 193 575 409 408 90 394 206 693 250 678 448 729 475 195 870 675 608 168 291 388 608 475 111 850 779 55 468 445 729 92 735 195 40 878 350 353 81 24 588 538 524 683 2 895 820 289 223 829 34 795 546 356 360 842 765 517 41 195 123 359 169 743 553 857 496 952 44 563 608 109 287 797 31 565 51 483 772 995 970 606 61 707 402 575 829 789 998 879 897 463 305 980 695 707 839 741 206 814 201 920 128 909 595 198 807 175 548 893 670 255 740 250 48 62 867 804 598 860 180 165 476 464 720 911 120 978 273 584 285 319 97 332 687 187 374 410 109 686 122 599 60 56 833 493 403 50 385 613 801 29 362 965 615 328 900 544 82 601 54 38 667 718 382 546 603 300 978 669 442 123 636 259 601 568 14 319 978 273 653 570 471 69 453 997 249 895 55 524 441 274 419 273 576 769 415 416 252 704 577 788 36 346 435 827 313 784 919 321 603 581 574 151 269 471 56 780 980 319 441 413 199 783 871 627 828 807 352 559 808 396 860 340 210 436 869 993 484 126 382 314 417 836 192 713 729 856 21 462 602 914 735 711 998 793 355 612 338 721 515 877 318 146 162 571 213 803 121 971 403 828 578 810 459 934 120 492 299 201 117 792 84 319 904 730 437 429 310 282 963 654 854 4 37 502 92 683 287 823 815 172 217 715 106 147 800 742 636 269 427 439 756 770 22 764 891 862 176 806 722 672 251 183 640 74 528 213 133 285 878 895 971 68 808 113 276 771 778 224 902 609 658 129 67 317 805 838 972 19 265 711 981 376 941 152 690 872 870 726 76 406 712 538 17 330 135 456 188 777 634 751 288 673 480 823 388 461 974 180 471 649 144 334 573 388 790 275 700 811 977 96 441 797 597 50 148 264 632 34 545 705 43 153 929 483 85 518 140 669 336 382 509 979 126 841 805 34 504 810 643 353 54 433 498 52 187 955 877 388 437 785 991 268 718 546 673 154 144 27 25 191 644 298 156 704 422 296 670 621 244 417 652 205 646 839 60 983 878 392 131 255 466 689 415 924 585 279 701 75 212 720 26 119 714 675 813 812 920 274 899 331 723 592 639 181 616 216 838 941 84 250 798 434 502 396 330 893 544 936 477 582 403 497 189 678 236 65 641 805 643 199 845 910 365 422 606 813 172 185 406 698 744 487 168 507 786 568 391 914 594 966 644 870 115 172 994 847 613 164 615 170 942 2 328 68 77 838 279 84 808 462 143 327 308 695 321 100 234 713 440 603 543 493 630 206 506 577 758 504 631 780 210 903 572 425 282 371 8 735 730 651 750 27 348 308 501 731 489 907 88 948 909 609 520 964 511 624 746 853 902 123 268 807 504 971 150 826 594 451 613 440 278 91 670 582 72 641 495 387 404 499 725 360 477 871 992 135 410 770 516 384 858 322 563 889 628 157 833 763 752 805 354 142 424 290 994 799 965 231 830 905 711 844 679 884 206 853 322 809 343 603
825
321 191 405 15 312 148 869 229 245 162 790 969 826 345 590 273 305 897 404 615 217 211 524 199 649 566 924 878 810 749 954 218 13 637 724 127 74 644 846 328 312 869 698 53 708 80 238 614 913 776 804 47 114 130 341 785 411 85 638 117 646 41 764 52 170 450 510 183 46 332 195 61 390 360 615 858 554 805 461 51 575 406 629 286 75 226 874 669 884 871 63 631 996 898 127 857 87 780 988 385 378 658 281 883 663 452 921 555 978 714 808 414 422 819 121 53 233 591 652 640 542 857 435 666 106 176 935 495 749 198 629 373 615 614 588 72 812 75 759 899 317 785 565 18 386 861 709 206 256 598 945 204 137 331 373 832 323 958 221 738 696 94 582 911 933 548 981 727 748 15 530 484 899 56 319 861 95 132 887 232 700 70 554 839 58 648 551 504 839 379 127 283 566 965 876 317 527 186 888 503 779 118 318 11 937 297 874 53 359 891 604 669 589 782 716 977 855 676 593 797 754 678 544 237 730 915 922 967 619 49 920 514 700 377 753 706 478 778 427 542 679 798 964 4 771 520 766 220 312 458 243 734 979 714 578 86 392 399 752 503 772 836 26 789 857 302 402 102 865 904 633 573 621 819 96 108 647 836 531 617 907 938 783 134 802 543 711 854 808 264 400 118 176 527 989 495 856 890 611 279 439 613 599 345 407 327 509 371 839 90 897 265 169 735 447 196 861 820 766 771 470 945 202 900 646 571 880 99 747 517 173 349 766 818 376 432 33 873 301 269 463 424 577 273 941 785 686 819 778 369 919 513 93 893 622 673 644 863 470 816 748 386 763 817 94 227 910 342 500 977 126 223 696 725 773 806 719 561 738 438 289 140 488 765 571 164 364 497 132 52 112 832 942 343 887 748 552 941 352 527 93 376 986 775 279 610 584 159 737 818 690 441 804 834 665 627 933 596 944 313 993 172 229 170 311 923 326 674 848 203 500 239 66 576 165 220 592 20 533 719 566 329 883 154 492 770 170 129 685 224 711 326 85 19 906 208 984 212 240 538 928 28 625 794 621 748 845 710 427 148 103 126 863 636 820 219 88 788 441 201 991 441 738 740 278 391 987 310 651 280 479 251 406 638 100 230 627 99 694 829 96 827 34 64 572 848 434 467 479 303 951 11 55 290 852 943 185 569 299 648 727 432 154 42 471 354 175 404 235 820 163 921 932 584 774 878 466 868 99 470 79 335 581 60 327 966 669 296 16 895 61 734 448 667 414 665 117 429 858 735 762 922 343 371 926 123 32 857 186 320 640 727 445 317 68 404 839 130 142 685 816 764 593 456 526 856 574 546 536 49 454 741 887 565 367 539 590 185 727 186 84 640 191 259 955 372 654 246 588 78 612 419 112 861 857 931 558 310 23 173 612 323 452 106 572 315 922 203 772 774 52 680 762 628 286 152 972 203 648 590 910 8 572 22 254 990 288 285 816 828 552 921 937 383 268 962 230 475 780 129 223 947 347 257 473 300 889 718 179 321 695 322 361 325 279 922 70 487 261 740 917 210 752 667 798 639 102 601 83 295 903 58 235 772 721 532 891 815 744 750 878 315 164 811 102 726 36 89 403 696 168 66 117 169 8 239 749 125 449 402 326 866 303 389 202 795 971 423 590 918 116 147 918 366 936 891 59 446 605 388 19 703 983 242 74 548 931 436 996 125 944 406 999 322 353 233 875 20 946 495 930 270 357 755 945 743 434 655 592 336 883 32 675 311 654 866 288 216 808 42 875 122 267 642 557 682 375 569 180 733 842 328 962 780 863 943 136 596 445 59 465 880 301 760 68 940 586 288 622 575 830 725 106 876 721 247 44 232 639 90 455 712 757 952 409
999
744 117 286 123 560 41 607 110 599 680 717 40 499 488 823 247 404 88 945 827 603 369 473 624 980 23 609 6 256 880 205 332 379 803 970 99 362 277 907 141 350 886 634 124 921 580 431 758 102 78 740 938 603 481 149 31 111 656 817 187 431 205 421 98 310 302 292 457 465 973 911 829 685 989 150 950 445 910 445 25 461 949 22 502 419 720 568 911 154 808 423 532 823 964 386 29 171 229 504 616 817 542 819 256 379 103 665 893 219 120 358 348 1000 789 366 440 848 594 386 494 828 201 314 359 990 4 482 861 438 656 730 86 10 959 498 139 124 786 990 431 996 295 384 295 642 267 142 525 650 447 890 255 343 267 607 529 305 8 59 461 562 274 599 64 420 751 571 921 647 430 545 216 421 1 729 818 491 378 261 771 448 882 123 910 169 899 944 192 582 969 234 695 201 777 487 302 708 352 870 751 637 626 48 281 80 12 151 720 765 367 361 511 335 966 162 730 811 238 980 293 813 346 950 815 241 828 236 921 762 288 904 216 637 764 694 99 984 818 512 80 168 949 110 311 548 831 345 424 949 310 71 732 85 368 479 645 826 958 668 539 862 56 329 974 155 13 787 352 984 679 856 105 104 606 647 777 299 903 119 353 605 668 142 759 955 337 394 771 358 717 37 790 396 567 103 809 682 717 333 533 16 970 595 312 192 934 238 750 69 295 860 538 41 501 487 990 776 815 37 906 725 284 573 413 243 985 75 843 821 200 378 558 377 236 418 854 483 893 852 559 624 67 382 863 33 827 308 444 100 917 999 903 859 41 804 766 231 510 335 769 901 812 772 599 83 354 63 807 56 115 262 579 184 538 573 684 755 839 749 140 184 305 932 660 919 747 749 142 797 950 524 456 593 582 397 396 909 240 206 911 843 937 499 517 850 680 774 797 687 983 251 50 912 460 10 386 238 55 611 278 979 585 667 124 873 34 21 22 988 269 684 13 432 726 803 910 298 240 169 38 913 692 372 19 801 976 732 34 459 391 370 49 830 886 555 563 348 708 163 863 142 246 896 594 382 927 162 508 826 540 224 662 170 851 319 219 865 856 881 925 220 363 554 327 390 785 554 407 491 321 979 650 406 300 417 683 424 289 87 992 506 51 756 862 402 620 673 269 314 721 747 3 613 39 807 734 779 982 386 576 852 957 586 115 959 464 189 401 442 642 377 263 138 551 517 31 581 502 211 763 584 983 954 924 844 362 231 686 143 89 565 386 239 99 570 259 963 247 169 269 575 252 526 741 21 708 867 357 982 969 298 43 758 854 466 732 244 556 624 602 100 121 878 569 663 884 168 199 628 296 374 236 510 687 811 13 508 313 767 989 282 593 872 507 470 777 339 5 980 241 418 455 544 804 11 313 394 542 835 740 483 229 2 689 264 137 744 358 680 32 781 105 262 276 931 920 846 194 998 336 280 80 312 222 432 937 154 382 75 730 673 914 527 292 169 434 541 726 392 275 959 358 137 679 255 631 23 468 225 650 722 933 560 663 328 133 463 307 398 991 861 131 33 58 8 872 296 944 189 753 482 996 938 349 613 384 962 492 321 217 405 961 414 617 80 583 205 179 574 304 562 993 645 965 761 564 185 303 357 258 494 693 721 35 945 559 367 963 297 797 870 29 948 145 236 699 103 995 707 313 975 879 264 572 334 79 175 382 100 744 850 511 700 857 777 190 297 365 816 901 916 545 629 556 127 504 29 129 305 757 29 523 573 770 882 833 185 914 946 168 583 588 274 124 185 929 315 371 20 863 783 282 771 153 95 29 206 798 678 701 952 672 624 647 195 951 77 71 883 817 62 390 696 20 167 90 962 409 263 715 776 94 973 218 842 793 195 681 593 875 601 447 138 499 56 141 750 751 649 909 763 221 976 658 446 68 143 121 512 771 586 515 37 682 130 109 845 415 760 791 312 926 172 951 903 193 320 618 316 439 522 817 852 373 11 153 908 934 657 205 218 146 387 30 885 46 224 347 652 457 10 915 900 50 257 999 215 918 999 565 288 840 475 664 15 67 387 324 66 709 731 43 789 619 15 812 876 539 471 245 130 181 314 456 44 481 755 62 867 348 833 260 669 908 694 409 629 90 630 403 579 271 825 900 606 359 723 464 352 605 993 397 62 576 908 953 818 778 56 730 72 256 546 958 444 343 350 954 361 142 804 320 151 950 93 848 572 121 949 36 644 159 821 760 918 754 744 67 913 136 98 37 552 482 922 361 601 123 195
952
709 109 800 474 630 527 700 179 192 550 832 371 686 599 344 813 97 933 893 824 606 660 165 284 10 888 895 531 459 401 481 87 103 722 283 784 676 658 826 812 904 907 952 889 302 237 176 421 457 120 465 430 976 807 821 77 92 151 764 640 700 739 292 264 741 12 70 708 915 785 827 865 256 817 540 343 593 131 248 682 300 840 777 613 303 525 486 798 9 123 782 537 711 608 525 770 571 740 848 669 286 237 650 330 398 375 116 407 492 71 717 300 179 663 55 443 837 467 237 446 563 881 915 740 896 214 217 749 561 748 896 175 999 866 638 818 616 610 918 840 46 938 78 160 385 966 498 207 781 372 687 481 528 59 405 873 111 643 247 837 408 884 770 216 456 796 972 495 482 745 154 636 694 383 452 392 448 936 105 972 573 176 732 472 327 975 729 306 350 677 421 354 698 600 536 912 835 514 360 617 119 374 869 25 840 268 896 501 605 923 965 703 49 909 737 742 376 99 673 606 809 196 701 365 613 360 707 216 947 12 358 203 640 346 72 108 36 82 453 779 877 94 535 729 315 462 360 648 76 827 410 451 992 529 627 477 803 992 859 572 277 401 216 998 681 217 735 832 866 247 362 808 887 579 38 882 29 722 896 532 1 585 530 231 419 340 695 818 76 339 948 29 751 438 643 33 969 49 631 708 833 149 544 35 62 280 404 410 733 624 795 224 772 516 575 464 597 260 870 386 602 33 928 858 22 73 122 937 626 733 535 52 451 166 796 100 117 208 119 443 535 953 940 792 531 860 35 381 476 831 558 393 433 749 527 963 180 522 755 574 599 209 244 851 332 373 924 852 746 592 850 259 827 448 133 689 71 725 860 463 340 639 352 282 640 840 653 302 83 477 404 606 274 282 61 961 764 650 662 853 800 137 923 334 6 11 668 269 841 27 674 148 808 733 590 159 300 742 51 993 997 352 557 245 373 610 991 249 645 918 764 917 334 924 215 182 626 216 133 861 114 277 333 899 505 37 881 446 521 436 202 886 746 375 53 581 56 849 516 128 714 809 229 184 312 536 185 650 880 874 377 762 248 729 402 319 5 535 159 547 880 151 788 546 624 834 187 786 479 161 246 359 83 929 805 655 262 416 379 436 549 195 615 942 949 836 579 68 826 316 531 938 508 346 60 538 782 59 142 448 500 246 943 855 841 301 241 93 713 852 185 309 166 941 182 846 964 233 675 816 823 595 438 281 475 991 743 625 680 670 104 925 481 226 859 435 378 624 805 728 348 1000 878 1 285 351 834 925 550 964 523 975 500 980 123 657 806 451 608 662 427 925 626 530 698 283 622 225 660 896 261 340 68 580 556 383 197 867 649 656 419 237 113 952 902 725 110 99 893 960 45 34 707 585 849 881 758 244 593 484 222 469 137 598 90 701 517 369 160 333 582 571 878 266 390 644 208 760 722 905 186 615 336 355 630 35 486 459 60 974 538 642 679 197 356 608 458 949 975 60 986 669 77 179 712 926 159 170 860 285 117 776 195 762 165 131 120 32 312 709 801 30 66 388 302 371 116 491 975 6 828 716 891 191 699 944 838 292 280 188 443 969 658 259 751 482 37 923 143 796 58 183 694 798 59 225 751 648 886 682 612 828 962 430 203 83 742 22 545 654 247 525 85 504 502 585 968 383 656 461 492 525 987 26 829 983 192 905 292 896 873 974 358 168 846 445 867 82 914 231 324 288 794 821 52 963 195 922 722 498 478 662 125 66 85 71 914 475 617 969 459 520 394 419 598 169 611 661 679 604 744 466 299 382 191 525 213 811 244 217 789 408 157 516 124 380 539 741 541 850 8 759 571 450 700 782 994 309 57 382 540 555 972 253 379 764 978 496 278 609 650 713 383 845 202 205 535 619 812 995 920 525 183 989 80 598 295 791 735 563 678 851 513 829 185 982 294 649 640 435 258 893 638 579 817 988 324 846 391 643 417 905 521 416 747 118 367 77 986 878 60 729 305 326 441 332 574 491 596 397 196 915 835 436 414 66 579 226 10 246 160 555 334 561 892 932 893 110 503 555 637 639 262 151 856 411 977 761 401 514 758 609 298 522 88 488 339 804 132 153 801 563 625 565 463 785 120 587 321 478 858 889 615 477 304 878 577 302 362 201 120 568
937
893 39 331 423 416 508 685 967 987 266 664 816 503 724 353 704 545 456 308 280 704 192 77 252 208 949 634 585 984 536 166 808 538 848 850 655 502 971 843 234 447 17 635 182 327 938 674 701 62 360 721 450 186 46 394 835 372 777 82 268 967 540 93 248 409 687 225 519 652 82 67 996 357 580 353 221 770 898 657 225 93 541 804 243 513 407 725 371 231 212 306 288 331 973 978 40 933 624 966 679 746 870 550 55 479 795 848 383 949 102 522 812 132 576 669 72 353 710 134 729 613 684 893 30 836 539 337 746 333 235 836 109 378 637 145 768 549 260 535 706 850 43 572 91 685 569 493 499 390 190 393 751 765 955 126 760 411 247 858 21 82 346 716 221 409 167 257 630 761 606 792 985 284 487 677 485 147 251 82 500 736 880 33 231 297 178 735 166 616 369 660 176 406 833 351 441 724 360 198 95 936 299 923 782 855 191 92 516 530 604 248 588 717 748 665 369 998 83 638 905 11 876 555 380 316 738 502 537 275 666 786 805 660 976 190 565 275 633 181 146 547 937 949 885 919 982 583 294 47 335 979 66 488 526 47 514 933 399 451 215 919 381 785 464 60 974 439 466 507 797 882 938 38 592 108 703 863 36 822 234 756 943 589 960 148 147 399 4 531 636 660 192 151 848 39 739 854 504 936 807 565 27 673 584 181 463 820 690 789 972 720 101 572 970 302 850 498 783 139 564 169 375 159 81 165 50 164 922 177 22 786 451 192 253 802 651 189 862 580 563 125 269 522 468 116 970 963 43 184 674 721 352 349 476 98 262 925 571 30 566 849 967 882 285 758 82 567 492 933 59 278 116 468 979 932 607 594 896 845 552 550 875 100 734 832 801 596 491 689 744 199 649 168 348 861 304 240 336 66 344 616 365 272 725 899 807 463 103 755 269 104 249 718 262 497 274 584 316 161 781 442 602 201 764 438 695 376 920 66 524 971 226 400 667 706 275 587 772 104 269 929 686 457 55 896 189 850 178 598 360 103 561 177 317 519 226 791 416 802 818 767 605 660 699 49 105 47 732 392 427 705 934 995 596 622 241 632 456 634 45 114 2 802 981 831 227 790 769 999 339 266 961 484 760 477 18 341 766 177 769 393 241 126 206 815 701 289 659 142 383 38 50 331 212 550 527 22 639 427 885 690 188 751 554 186 554 952 336 516 181 793 220 948 171 797 349 317 226 866 755 515 773 9 641 282 523 316 276 526 995 45 322 470 995 980 274 256 657 59 370 443 605 616 373 677 496 653 517 367 189 675 165 420 582 668 857 465 684 133 664 817 836 788 780 640 395 712 157 991 382 73 410 424 793 74 993 722 445 208 677 876 51 836 606 945 309 146 464 77 667 217 276 382 207 683 299 735 695 298 736 828 758 149 666 157 907 61 494 39 359 414 67 300 124 577 433 638 144 480 850 38 74 200 267 608 760 712 328 760 345 553 116 130 252 89 814 864 969 285 964 925 237 505 411 835 413 954 419 902 755 384 762 486 33 287 814 62 195 732 316 866 97 972 72 331 778 639 727 369 117 876 579 204 927 326 522 811 404 415 521 405 848 643 329 328 503 464 889 707 131 145 799 462 227 212 236 717 589 431 259 755 895 731 861 205 403 293 706 915 677 748 706 70 141 40 449 911 223 305 223 878 30 188 705 419 256 917 269 164 149 532 911 590 892 701 531 17 585 613 555 188 979 846 120 891 899 811 3 234 713 414 565 829 498 807 438 761 739 30 855 777 587 427 483 836 729 452 31 708 935 680 794 502 859 818 304 135 160 390 797 826 496 302 695 539 942 383 531 866 985 273 967 978 228 95 776 283 770 311 732 177 820 317 949 286 293 865 137 237 128 415 618 118 368 687 546 287 533 464 717 815 816 765 989 1000 896 915 881 71 205 301 458 629 133 647 958 577 13 377 576 605 667 284 439 873 332 834 964 56 698 983 382 850 627 311 259 709 458 808 88 397 157 117 744 375 889 195 493 240 818 685 555 947 95 237 705 873 950 225 612 541 955 126 877 312 817 261 945 704 664 104 508 20 52 104 756 652 59 755 146 33 343 933 788 515 936 831 764 540 535 944 195 888 955 747 580 665
808
984 922 379 57 646 377 656 231 921 190 616 914 598 789 163 312 788 115 836 201 657 714 820 340 265 347 213 190 123 328 830 474 294 114 305 916 260 855 755 685 30 40 469 439 397 783 665 745 291 327 946 163 573 709 742 311 881 862 365 559 982 889 858 799 616 319 220 558 573 609 393 701 83 161 600 779 967 108 51 383 70 405 166 944 679 619 759 282 656 757 928 796 657 479 525 153 168 381 89 871 225 687 951 204 381 878 578 49 597 43 702 663 432 216 690 561 422 42 354 12 689 228 195 8 898 257 867 121 240 375 263 460 586 540 705 498 396 355 515 951 687 546 76 585 851 404 588 640 921 93 7 563 970 639 956 730 74 879 492 156 802 841 491 62 359 260 581 637 956 294 759 608 455 480 685 842 254 800 781 201 954 333 915 315 724 558 719 372 887 270 886 422 418 178 946 709 735 187 660 608 393 206 487 270 831 444 851 618 450 358 190 265 430 384 125 633 618 710 915 512 801 870 939 424 37 345 492 595 703 36 110 510 342 524 402 99 237 476 434 419 623 495 611 32 941 183 959 751 759 289 213 175 491 804 642 639 436 786 340 980 682 875 698 641 242 604 205 383 259 756 442 119 687 779 5 307 861 917 279 607 473 549 547 729 269 655 370 83 60 124 133 912 1000 258 774 688 758 776 993 544 727 915 854 151 711 415 152 554 718 621 725 753 43 192 160 869 851 904 970 180 170 148 588 519 268 545 770 43 662 122 817 870 653 692 802 286 749 925 898 122 268 361 460 364 541 788 86 984 700 425 734 498 195 513 742 394 740 273 340 542 665 724 146 891 245 761 461 367 624 265 386 485 545 544 384 165 429 599 160 47 36 405 633 104 689 817 329 380 347 459 785 683 128 646 58 262 103 596 940 138 935 491 843 548 259 123 684 851 183 699 447 172 262 767 356 145 477 88 973 564 333 403 502 99 882 744 759 572 471 442 427 974 439 2 268 32 878 886 136 885 468 272 10 674 172 168 575 524 40 214 24 766 606 710 469 226 348 57 28 995 671 509 817 733 467 309 337 931 730 504 578 42 196 775 839 602 594 410 646 409 875 599 859 477 275 984 926 324 405 490 926 28 775 198 895 487 577 713 665 152 181 977 934 986 944 718 629 64 652 816 31 283 748 455 482 81 544 267 168 162 823 822 636 547 896 243 540 332 957 659 851 71 291 244 560 709 945 388 892 40 335 95 218 49 291 953 290 696 822 902 200 357 591 95 748 12 779 108 946 480 803 453 23 112 400 851 260 396 472 611 772 806 483 878 674 744 297 799 562 512 221 177 94 665 1000 687 798 820 52 268 477 133 543 341 51 298 862 39 592 766 305 462 961 206 547 198 876 600 321 61 221 25 766 951 590 819 889 77 414 185 14 662 349 390 147 577 840 826 729 619 570 631 938 443 526 238 941 556 625 365 578 779 722 361 525 955 743 304 154 933 874 329 389 615 200 476 355 93 309 382 704 852 456 961 410 116 37 983 317 982 460 777 499 188 365 737 353 383 336 728 797 915 199 472 846 436 340 224 921 916 952 648 378 708 168 524 696 872 532 297 639 70 561 870 134 176 9 988 698 326 542 71 126 500 451 414 705 320 423 264 507 511 813 448 941 604 164 856 621 161 368 587 394 386 585 514 81 122 820 814 592 789 876 731 685 772 982 204 135 450 817 107 896 81 441 341 45 200 402 60 917 500 48 430 775 286 618 342 696 242 950 212 890 52 570 305 87 957 101 457 142 808 700 176 733 497 296 696 381 537 361 835 962 387 826 295 595 404 77 893 225 639 667 187 504 993 939 330
279
472 295 302 865 746 231 927 324 387 31 131 439 459 838 279 98 35 189 862 249 115 913 240 394 396 320 273 436 113 948 739 277 367 916 799 481 130 197 479 722 934 204 222 344 578 617 55 643 251 248 24 216 234 369 136 842 305 9 551 168 525 176 130 893 605 613 627 238 423 241 558 608 75 105 257 433 777 984 595 811 953 179 241 648 326 242 245 70 207 75 471 29 650 339 699 327 411 92 539 260 412 465 299 936 896 382 313 780 311 194 578 254 921 313 665 501 220 250 69 909 890 947 769 364 774 768 318 70 911 891 840 329 779 649 784 592 312 557 958 752 421 732 435 759 607 775 424 569 133 787 625 583 412 163 600 744 536 746 56 95 962 325 201 935 864 552 196 905 886 811 747 891 524 709 461 392 253 410 256 814 216 281 307 484 313 253 679 302 46 268 106 838 649 462 24 519 19 404 135 242 513 108 320 144 832 132 77 10 772 478 380 396 311 951 670 442 316 772 188 683 557 36 341 855 264 89 492 369 7 772 463 583 189 517 166 987 662 56 112 491 115 884 117 991 578 232 145 283 649 170 924 695 584 684 535 119 81 345 953 112 419 559 286 607 437 682 533 472 278 156 618 727 93 299 382 326 653 290 230
325
239 434 115 704 450 41 343 595 816 885 577 790 505 960 339 616 277 573 409 443 899 539 971 538 9 139 348 308 14 409 126 534 865 601 37 318 708 777 660 938 319 760 534 186 246 998 53 820 431 50 571 502 295 206 746 549 35 465 275 295 961 185 20 511 906 424 563 123 335 318 424 946 923 149 26 604 184 481 7 847 115 695 894 998 379 254 491 820 466 407 936 341 388 285 347 468 997 538 701 30 447 432 340 894 522 349 735 999 780 207 614 632 307 620 513 957 405 873 560 21 357 977 599 800 673 701 759 636 877 215 250 43 852 491 264 165 351 622 330 304 711 747 297 145 158 164 308 845 806 992 379 784 622 178 121 966 140 439 465 543 53 874 598 276 462 528 493 15 15 100 414 627 114 859 206 178 241 423 690 967 2 866 223 329 445 658 884 449 398 923 383 665 884 37 907 688 188 514 499 139 794 468 676 276 907 312 734 555 163 336 778 605 889 728 757 73 556 651 779 388 981 859 252 182 65 684 939 640 420 356 212 59 452 741 743 96 810 874 605 350 160 631 567 993 390 487 331 19 904 682 941 574 197 288 580 821 433 894 611 15 963 817 655 363 548 144 246 41 824 387 172 972 746 991 43 711 172 678 208 699 812 377 73 820 268 635 724 629 131 436 390 564 616 110 516 653 816 790 591 432 973 567 476 863 440 556 302 185 987 576 907 723 716 344 968 991 927 619 707 587 917 186 813 772 180
845
830 438 900 509 459 634 753 608 956 617 796 528 254 65 702 822 440 564 899 6 577 907 133 936 230 842 906 421 746 287 348 383 101 985 274 671 409 503 671 833 589 527 897 956 147 478 106 641 59 277 541 382 505 423 44 337 832 894 661 78 821 125 645 83 667 203 943 626 550 429 292 112 722 113 480 932 376 815 911 486 295 803 934 894 945 721 855 328 285 316 823 69 78 817 46 827 685 25 915 447 913 845 182 942 493 2 888 456 485 552 68 606 881 954 861 364 67 925 255 117 269 469 645 678 982 142 897 513 594 207 421 596 239 338 681 620 413 721 138 763 326 496 784 158 463 645 301 147 518 536 561 340 259 230 933 116 496 191 915 456 431 221 648 824 96 52 710 147 250 195 926 547 415 350 507 872 180 569 969 612 889 885 225 741 63 222 908 272 260 1000 772 723 737 95 223 439 658 700 227 995 813 113 765 163 945 331 647 134 89 369 406 776 110 632 980 126 152 224 449 272 127 58 492 429 59 364 793 821 396 493 862 771 6 535 497 683 280 440 119 507 776 645 336 333 448 76 110 997 476 306 487 999 749 72 102 353 483 904 107 480 592 633 349 133 137 21 193 234 758 82 457 669 596 369 265 318 813 262 258 266 273 104 72 498 6 748 545 580 595 926 823 627 941 887 664 441 129 234 181 494 293 168 847 350 254 597 973 810 673 916 776 908 23 36 644 457 189 565 420 864 583 697 938 22 506 248 333 1000 78 607 830 495 626 855 880 747 889 197 512 222 340 840 744 156 816 579 608 315 567 150 757 315 906 568 495 681 268 155 572 696 22 113 880 144 472 518 217 202 577 597 941 494 228 49 542 621 874 459 134 547 227 416 504 535 943 996 955 672 901 434 818 781 918 849 301 194 157 185 251 39 20 961 761 576 513 978 946 446 163 527 695 693 320 322 357 178 751 163 216 795 529 16 776 384 234 428 73 202 559 292 279 968 356 468 81 578 651 787 485 41 967 281 880 354 63 381 197 967 134 876 304 388 76 437 765 704 451 142 60 539 117 537 260 403 267 832 140 340 675 266 145 857 395 945 271 586 652 164 596 373 240 399 853 943 464 86 399 80 992 850 934 290 231 844 451 955 247 608 751 437 443 400 64 63 625 72 561 131 142 677 419 890 100 958 691 339 35 684 683 34 224 58 60 974 779 179 123 892 203 796 42 210 241 638 605 89 63 650 521 745 433 249 907 325 134 528 852 387 650 391 49 973 710 110 245 299 602 231 653 330 256 714 421 128 602 220 580 905 335 267 16 142 183 234 19 530 574 895 754 710 945 577 439 230 262 220 465 233 605 421 510 743 691 870 895 935 58 162 200 594 456 81 403 180 358 935 82 959 356 291 484 142 856 352 623 501 828 109 548 758 949 610 931 342 512 988 544 957 810 297 108 11 277 485 802 747 759 702 499 54 175 785 907 426 663 100 548 475 144 757 499 99 131 703 992 403 443 550 170 875 591 570 29 266 657 824 65 356 265 891 737 930 483 954 22 208 105 867 542 452 587 867 206 445 635 304 909 11 555 458 29 964 573 327 298 409 315 516 913 565 420 344 988 952 608 370 908 4 197 45 921 347 369 837 160 576 490 652 843 202 642 814 301 447 636 658 97 726 932 234 118 569 666 483 595 880 18 284 616 525 24 189 724 321 570 107 90 884 340 156 422 258 483 572 247 948 530 566 706 400 353 636 763 618 356 703 254 489 303 309 681 950 596 826 512 534 872 389 821 145 144 881 132 225 54 911 92 535 322 160 18 800 463 398 208 223 913 799 590 844 490 563 41 158 583 228 393 750 441 14 430 917 1000 21 800 300 718 277 272 916 187 636 330 793 252 985 952 219 100 756 622 169 720 664 776 585 507 54 359 270 699 884 795 583 103
555
592 12 112 65 48 471 124 704 23 987 93 780 269 652 618 303 241 873 208 762 799 894 948 93 26 766 407 773 868 790 620 424 253 618 189 178 596 291 1 307 645 744 986 356 387 77 66 586 114 56 756 972 346 882 333 841 663 850 264 222 167 19 379 197 760 538 393 615 582 501 312 119 931 744 454 42 164 394 582 209 933 211 522 285 143 256 876 296 392 229 937 264 626 848 186 747 191 266 424 334 578 325 99 948 614 936 21 891 489 119 689 474 888 155 27 798 762 371 947 329 625 683 38 863 807 749 580 123 903 202 462 256 5 966 664 431 900 189 377 641 891 384 509 82 167 390 608 334 429 294 772 817 326 971 211 41 409 801 556 908 646 184 291 6 200 265 885 390 686 65 825 536 894 485 247 168 603 927 367 496 274 382 916 8 692 161 42 324 855 158 152 60 61 957 218 710 318 333 385 803 207 361 171 830 236 181 354 959 291 224 813 50 877 259 788 707 753 626 274 959 819 548 693 682 27 791 476 986 811 154 729 533 862 627 526 406 370 905 324 743 758 894 977 528 65 66 762 99 387 194 750 785 790 198 613 600 995 623 714 104 334 914 437 190 746 748 245 202 661 927 73 23 558 294 450 8 601 770 557 942 276 918 437 578 681 823 166 396 428 529 935 429 917 765 555 964 594 745 832 799 513 409 453 393 101 908 976 365 1000 145 669 537 1 265 551 67 452 582 903 616 142 958 543 703 304 460 946 554 795 741 241 37 524 391 880 612 555 377 234 510 699 121 333 813 630 681 151 682 625 8 484 562 228 901 788 28 557 144 366 827 644 216 2 974 650 198 198 148 199 82 687 941 292 557 595 195 370 124 250 620 802 20 901 73 292 338 258 188 917 795 558 129 536 713 701 987 764 985 302 315 688 756 12 50 496 217 411 588 4 694 866 491 43 476 801 950 168 7 768 860 993 351 626 208 673 821 516 966 137 268 390 180 255 151 646 820 514 931 228 20 606 315 526 766 170 77 417 947 305 551 288 813 198 446 914 903 196 496 559 719 452 121 896 973 985 284 290 444 431 506 77 622 891 245 551 915 682 610 389 476 103 648 452 250 143 745 29 819 789 938 244 278 408 44 889 758 515 251 658 968 181 686 881 548 527 140 767 262 389 49 70 575 72 443 968 401 625 538 417 933 223 837 236 819 874 68 81 385 996 82 793 830 326 669 628 188 401 944 914 55 409 830 8 531 701 638 264 411 123 528 47 179 611 685 17
850
745 264 365 782 835 220 647 155 696 315 660 618 105 450 193 788 251 59 221 411 593 3 254 202 548 980 389 591 331 151 11 602 181 628 249 646 837 876 378 699 344 578 696 219 746 856 452 613 556 92 850 292 9 43 113 396 915 313 850 197 160 436 439 677 150 494 472 153 882 50 703 566 428 661 724 946 110 459 160 305 263 741 493 437 840 846 90 418 611 565 753 915 168 931 89 685 149 22 368 370 135 375 20 401 115 814 848 812 270 931 406 334 735 198 715 644 389 280 401 414 172 55 974 51 937 712 676 755 389 824 505 216 323 517 840 26 367 194 750 649 85 565 589 961 544 458 277 846 305 826 160 59 855 984 267 446 920 82 24 781 548 298 593 816 903 388 571 639 492 61 841 847 587 281 333 70 174 941 294 892 689 92 749 873 439 292 659 685 617 667 29 939 490 315 129 847 841 899 387 177 737 498 150 780 713 801 294 934 196 333 369 768 684 58 962 542 144 739 871 80 114 740 2 931 96 123 526 217 61 428 164 125 431 42 633 613 917 279 925 119 698 296 990 544 307 330 1000 202 136 133 127 843 841 803 452 392 446 915 585 529 390 433 540 938 940 768 450 583 12 549 114 896 573 479 910 795 282 760 318 597 576 737 847 308 54 996 828 657 641 562 847 369 458 593 533 136 221 279 595 877 308 709 977 389 999 185 856 944 688 918 941 903 416 935 288 934 986 346 799 988 173 348 682 461 604 600 698 805 928 687 266 39 333 32 784 189 547 869 691 530 539 988 727 677 288 442 655 199 293 102 55 663 305 791 816 207 287 124 127 852 639 112 198 594 878 436 699 502 694 551 728 389 662 551 936 636 262 767 872 259 266 558 472 478 866 878 802 288 637 38 709 795 559 77 12 900 123 573 765 537 96 182 392 547 325 445 408 918 292 740 742 679 685 197 907 686 239 169 326 984 508 174 288 142 509 982 268 208 832 962 275 138 655 658 560 593 99 183 452 809 564 992 1 202 58 46 849 58 52 186 30 116 877 719 390 309 198 637 212 820 980 945 253 894 794 881 287 533 131 660 696 305 403 384 816 137 25 215 136 749 306 847 43 389 920 43 174 854 385 144 273 811 321 269 625 210 864 660 105 893 313 492 345 792 214 694 279 245 82 515 299 279 51 20 185 292 203 902 840 997 354 221 600 369 91 153 254 36 712 199 796 760 590 398 798 300 917 165 252 872 529 416 974 310 884 65 349 682 506 1 684 525 233 790 600 594 909 983 265 949 566 658 418 916 766 408 952 931 955 478 118 934 105 99 597 845 562 822 790 449 740 321 915 857 554 478 63 671 680 245 988 553 950 723 673 173 325 711 617 367 690 224 442 942 478 315 451 634 983 635 257 598 78 712 356 672 231 380 168 690 754 647 279 507 423 785 527 289 968 895 418 575 960 563 537 568 649 487 748 549 745 903 939 621 25 594 921 248 801 440 202 748 35 573 458 126 938 191 728 806 890 949 144 822 237 999 924 971 115 567 847 258 54 134 39 958 364 399 161 836 899 467 140 978 884 269 941 353 827 735 812 721 319 90 122 169 968 306 282 168 379 51 532 698 893 275 322 474 941 917 608 141 471 703 649 204 777 927 738 279 368 553 996 964 331 761 84 274 432 729 439 648 798 606 781 952 40 850 505 76 418 766 816 122 723 504 362 680 161 318 627 769 769 33 476 691 623 15 354 507 998 155 885 57 814 906 36 212 805 744 595 940 407 502 27 818 41 257 817 358 160 525 718 105 14 369 273 330 900 885 917 17 753 848 555 143 702 407 714 932 996 155 306 398 351 999 28 765 369 934 418 474 444 155 787 342 610 977 698 67 986 762 87 409 498 717 730 288 17 612 528 662 352 653 413 391 755 154 159 633 839 853 31 827 249 819 692 680 816 132
937
179 768 231 372 63 484 293 216 352 233 157 816 37 707 489 871 543 827 243 263 33 988 851 265 498 5 455 471 907 573 588 57 30 117 939 548 283 515 777 546 734 618 40 502 823 341 367 540 238 722 252 870 485 878 146 758 73 906 868 533 167 316 961 656 240 344 660 359 94 379 575 632 372 807 590 124 519 346 608 716 238 955 495 69 709 29 120 754 583 264 58 342 960 744 145 659 315 500 213 127 493 105 409 448 41 115 58 48 111 382 513 932 282 550 689 230 672 603 199 814 679 204 465 991 477 17 248 989 261 579 952 778 610 352 748 963 967 893 695 448 468 420 394 107 792 143 294 123 690 11 698 721 365 290 120 459 903 454 969 374 417 550 25 475 432 229 365 582 275 836 714 861 329 141 501 115 962 721 436 652 754 760 252 705 174 510 133 174 713 852 951 146 987 514 234 698 147 467 225 753 990 333 674 168 702 673 189 609 941 831 76 901 939 247 477 797 662 889 897 272 821 500 21 490 499 411 714 836 606 17 729 538 319 868 470 285 297 538 846 272 691 577 695 1 702 426 642 370 823 471 755 230 230 675 391 412 418 350 861 935 398 233 187 532 554 419 306 71 417 619 793 224 405 718 789 799 418 40 883 185 894 650 905 357 528 665 37 229 836 893 830 251 949 676 591 599 561 380 769 753 245 146 550 61 319 440 84 718 15 678 829 843 158 134 52 681 399 205 937 307 149 976 981 458 683 721 42 146 746 515 981 177 182 241 252 488 232 848 636 572 883 303 675 368 915 337 350 981 570 319 712 331 95 514 916 20 437 546 877 986 196 205 3 797 797 157 853 762 531 891 486 286 446 890 452 885 235 165 817 653 340 625 127 771 955 276 882 996 880 275 996 789 219 852 923 359 63 917 886 870 520 837 174 843 683 361 290 771 405 616 648 499 444 969 783 850 463 253 905 472 930 908 226 595 186 300 538 156 3 193 46 822 168 826 759 329 585 75 293 117 186 893 685 848 791 8 319 932 199 588 788 224 784 116 436 521 111 655 61 77 796 892 990 813 329 769 794 965 994 248 617 326 905 401 797 301 435 310 503 715 238 331 714 745 744 183 547 700 464 232 471 172 783 35 706 292 181 178 197 357 215 725 465 592 641 302 63 204 780 534 515 512 500 161 379 484 885 450 653 106 169 53 790 143 269 955 218 217 650 426 818 450 229 279 570 70 994 715 84 118 781 572 883 372 860 361 644 46 866 953 462 40 352 636 634 650 670 831 431 215 84 642 909 568 423 554 50 970 382 454 297 338 143 880 131 985 456 535 566 81 450 627 456 254 581 784 372 664 364 7 308 581 956 526 516 739 473 893 17 329 522 211 385 29 324 657 279 843 545 13 797 870 52 355 415 909 124 522 747 147 649 311 8 560 92 528 765 641 174 668 791 751 586 870 973 777 19 696 231 310 722 126 470 990 250 851 599 1 699 192 186 188 823 214 629 89 365 609 768 138 579 329 138 168 585 106 472 177 131 437 109 865 535 733 257 546 313 90 437 716 155 950 218 374 960 30 860 268 933 743 423 538 493 73 220 67 737 527 691 422 489 851 577 224 674 902 493 490 302 859 694 809 246 9 34 200 691 809 149 597 339 932 641 957 169 276 999 570 853 623 417 337 903 562 224 404 877 271 883 369 610 87 542 654 453 466 826 239 31 456 510 141 331 629 447 595 27 482 806 605 106 673 298 114 721 200 927 503 954 304 417 946 436 140 289 996 667 644 735 911 172 538 791 880 830 650 417 560 3 662 893 527 995 986 678 745 560 160 799 321 740 90 731 688 800 502 362 188 291 325 474 623 991 396 123 82 261 107 274 84 359 218 873 258 13 555 84 514 757 203 115 997 919 869 786 93 822 319 162 958 110 861 657 870 216 3 384 589 624 616 664 560 824 270 405 658 343 207 473 478 894 101 46 945 521 703 650 861 40 555 715 488 721 872 509 532 86 65 27 704 928 70 526 957 730 515 866 607 667 518 71 786 724 837 86 776 983 923 645 904 61 516 772 840 835 498 28 985 667 437 219 644 825 111 653 912 573 190 975 763 660 797 66 690 599 981 186 605 804 928 704 188 970 404 693 921 214
563
576 441 535 509 830 528 966 74 365 184 1000 420 782 717 416 478 440 481 290 870 428 305 317 975 160 38 77 6 156 478 36 579 3 218 562 387 161 21 40 264 89 435 552 173 428 490 73 383 160 865 770 64 819 18 482 173 931 134 9 96 274 128 281 905 967 266 119 722 533 211 170 905 3 627 597 652 34 283 503 130 878 830 636 687 68 928 337 995 547 555 857 890 495 799 39 635 985 689 941 191 648 835 116 281 492 359 838 399 674 217 363 315 989 340 901 332 935 87 613 197 471 949 885 796 41 527 938 344 972 211 1 464 568 979 350 28 756 325 615 43 783 161 527 249 213 760 890 483 323 988 103 584 458 66 607 323 335 939 38 299 801 485 979 708 728 581 55 91 360 390 740 933 980 401 201 687 280 491 199 12 869 968 456 894 360 725 531 837 553 69 933 528 947 595 521 561 296 492 617 495 282 242 897 902 92 496 542 868 376 339 84 818 632 247 436 530 182 942 74 255 520 976 549 156 744 298 609 571 716 239 744 823 616 207 192 144 769 953 572 145 908 838 694 895 288 559 461 262 749 263 234 755 750 43 150 711 425 767 872 813 401 681 495 285 267 942 224 61 369 301 178 576 775 660 44 657 282 185 666 879 232 516 764 236 708 223 723 283 365 49 492 963 534 21 746 532 47 824 802 877 697 794 731 959 272 99 283 985 94 204 460 676 532 411 572 350 446 862 820 603 856 163 518 101 600 627 39 335 475 52 805 835 891 785 790 122 529 837 344 350 559 117 71 679 783 561 916 149 894 916 582 597 665 425 157 508 429 405 418 581 902 865 866 216 428 102 89 863 874 902 247 993 660 138 191 746 863 963 204 915 702 242 223 639 366 501 8 642 266 702 170 845 936 789 889 361 118 194 89 856 887 537 735 229 387 447 922 492 790 888 385 911 921 377 754 545 109 920 481 308 159 746 676 280 855 611 655 439 899 496 331 653 905 629 537 70 336 725 951 131 876 959 384 753 834 498 697 685 376 828 337 3 316 353 565 439 232 243 156 835 532 629 801 755 446 558 919 682 930 600 353 536 555 980 70 617 929 435 472 67 36 913 285 457 786 295 639 329 596 476 235 669 868 827 674 613 137 292 167 274 132 915 976 392 492 96 421 241 344 707 975 732 2 893 996 461 347 622 961 994 3 917 254 204 62 809 727 403 835 21 730 383 545 313 980 287 563 81 338 896 887 777 486 266 51 547 788 230 7 754 865 297 626 799 807 784 579 707 778 460 119 423 121
81
634 121 853 599 79 476 143 905 292 458 22 683 485 480 341 197 153 652 815 705 423 593 869 5 791 952 586 870 77 892 758 504 559 386 723 275 794 590 916 154 207 671 321 896 850 952 115 582 803 575 201 416 807 568 717 640 872 673 904 510 383 914 632 668 380 46 596 51 394 974 395 67 958 397 959 501 524 195 564 690 272
7
963 990 607 157 307 541 303
57
497 146 64 49 611 213 917 961 447 950 971 823 4 690 488 247 521 276 408 767 396 273 511 85 415 404 636 902 400 105 171 113 517 965 999 64 880 211 404 135 713 806 271 800 766 938 787 919 250 444 903 856 799 539 735 116 50
673
735 98 576 789 67 777 59 457 391 64 579 834 253 706 817 140 690 244 240 556 721 743 673 355 203 972 582 51 29 921 558 991 822 146 321 735 767 40 728 671 424 208 875 950 769 66 786 193 343 447 69 603 27 552 625 517 862 175 33 48 266 797 340 31 274 600 768 289 432 721 355 473 579 763 297 60 675 441 689 575 869 66 179 547 412 223 37 321 138 679 59 73 165 396 447 18 31 828 497 794 54 32 221 499 744 143 913 680 307 844 855 116 374 730 784 219 244 153 736 254 496 491 443 655 947 282 981 183 8 833 482 124 160 879 886 147 153 763 862 608 505 947 923 1 483 816 239 275 791 233 683 676 918 89 936 528 623 280 126 58 795 258 624 943 189 393 298 241 96 232 85 569 454 615 276 895 832 338 994 1000 812 521 1000 266 322 685 495 237 684 372 532 811 829 156 465 353 959 584 186 612 878 973 465 180 401 331 191 522 836 743 253 508 308 476 48 383 400 987 862 530 281 401 273 897 86 315 448 696 652 127 894 889 618 781 987 110 491 2 832 674 909 616 256 639 699 24 160 457 335 924 563 238 478 8 713 820 77 807 285 886 915 736 34 466 171 136 900 178 316 837 949 145 587 541 348 1000 631 986 371 811 618 451 379 135 10 318 36 32 198 424 708 194 865 310 698 274 638 103 575 463 88 329 377 264 4 13 152 343 621 513 354 637 989 716 883 867 850 886 619 974 159 679 966 130 838 429 273 173 771 762 528 637 427 772 366 933 139 761 557 723 894 343 889 885 267 752 826 893 858 950 230 887 659 195 35 484 415 377 778 972 665 32 740 935 138 710 60 930 501 910 832 83 104 45 761 816 374 262 695 792 7 708 853 223 343 893 441 258 919 556 988 433 777 684 401 453 542 973 64 930 129 854 282 137 739 942 896 336 427 400 481 719 803 272 659 244 826 558 354 308 408 978 5 537 817 769 897 165 434 398 495 817 942 604 315 749 75 273 937 592 232 574 563 680 992 395 85 816 286 196 552 842 982 371 29 431 758 868 926 795 548 16 577 930 26 104 348 336 810 592 741 874 594 112 481 571 343 843 247 342 3 726 230 829 233 610 899 215 576 22 291 743 269 736 34 425 236 579 587 120 775 176 191 830 698 536 410 221 206 635 91 263 733 910 171 623 960 731 866 214 642 92 341 552 176 681 508 968 954 542 101 751 73 53 288 649 893 198 968 100 672 455 232 72 345 909 244 658 625 565 359 642 431 696 651 980 338 557 520 947 414 625 210 109 307 194 720 792 661 382 800 86 88 381 604 379 330 657 76 594 342 787 200 799 590 106 596 893 423 370 591 952 645 86 344 747 273 173 700 388 649 257 909 682 528 821 87 189 98 140 878 318 917 58 107 705 578 819 307 362 664 338 922 635 983 243 704 770 357 903 898 449 335 687 514 280 29 554 172 705 771 386 8 563 317 514 149 779 22 737 340 774 7 780 207 541 60 280 589 54 304 863 706 609 506 447 794 525 86 538 14 263 684
862
303 26 303 447 368 995 308 963 305 27 599 343 663 730 746 173 371 925 225 407 29 563 371 878 20 839 682 768 646 64 331 817 790 195 123 457 447 529 450 469 295 88 885 459 204 178 887 298 899 728 209 445 915 306 390 265 430 167 289 526 504 11 127 559 470 308 824 957 250 661 489 75 396 963 890 831 473 275 928 851 227 470 459 875 59 757 625 469 717 593 787 807 796 815 441 684 740 32 967 725 104 107 666 660 187 9 247 96 717 995 152 536 537 819 469 384 320 511 330 821 147 830 215 694 794 228 102 655 821 350 261 786 912 869 537 259 734 394 914 4 379 184 541 275 130 259 837 797 130 273 427 487 248 333 326 458 551 658 758 28 782 658 234 471 705 343 298 724 302 901 878 230 1000 423 600 108 325 696 768 206 911 285 914 876 967 112 500 427 230 243 114 420 303 204 945 947 705 7 470 344 452 674 913 529 582 875 544 543 936 47 890 162 916 183 244 430 155 841 268 430 609 612 921 653 808 619 503 185 55 304 391 135 961 314 764 926 788 233 798 825 901 802 540 508 206 774 996 40 95 116 19 670 635 488 800 92 103 744 683 176 926 679 890 508 735 71 656 848 257 736 523 414 640 172 11 634 107 943 333 401 311 293 364 963 445 943 226 298 908 904 959 160 807 400 528 576 509 860 250 289 538 625 816 585 133 753 393 456 622 313 365 975 962 667 151 788 812 125 313 105 805 289 572 611 536 549 977 665 429 592 948 888 47 528 586 909 180 653 937 201 571 129 360 3 522 777 786 617 729 145 483 716 304 812 755 92 239 278 105 975 488 409 573 533 41 465 503 60 50 160 978 988 563 297 372 542 685 544 63 1000 678 662 624 130 635 663 632 710 212 803 719 869 157 834 345 496 830 329 308 944 321 750 838 37 91 497 574 534 74 948 259 291 191 45 996 147 91 770 665 432 478 620 103 740 308 748 888 912 744 335 311 686 3 11 173 981 706 372 106 580 871 523 158 399 542 434 508 791 165 508 171 713 888 656 794 50 900 821 790 345 210 523 788 394 690 274 55 913 581 432 992 963 809 994 722 30 668 862 947 106 541 515 455 636 417 556 578 482 833 740 280 964 503 592 514 41 915 537 493 531 935 93 455 138 912 979 729 111 903 14 476 451 866 198 595 762 90 843 261 368 833 433 84 590 477 672 14 587 187 667 57 116 602 723 571 667 553 757 436 77 417 945 476 833 163 333 920 49 126 939 741 41 111 823 559 483 634 937 551 328 937 280 248 873 131 11 620 144 274 915 936 894 998 969 763 197 389 446 307 365 33 412 737 935 132 849 289 265 342 439 912 641 858 621 158 587 827 236 683 431 81 403 728 230 532 903 111 859 803 351 424 770 376 287 596 158 872 188 827 849 535 409 249 723 553 671 220 120 165 216 389 767 814 639 607 345 574 881 55 367 322 316 210 221 169 14 988 939 789 668 103 664 657 873 404 256 634 89 564 710 374 744 986 404 429 489 415 348 499 107 877 477 243 498 409 684 274 487 379 925 185 873 370 632 347 366 816 515 22 699 41 674 173 872 701 155 521 637 208 709 200 704 868 39 980 307 96 75 605 342 327 209 319 204 551 274 533 284 197 188 443 966 375 659 756 777 441 353 109 426 628 159 143 457 598 716 428 688 695 108 368 604 224 225 592 172 426 630 457 579 893 109 856 501 873 324 255 606 340 599 310 619 257 982 894 903 772 716 60 655 523 539 642 107 337 369 427 162 233 523 465 491 725 845 973 150 840 175 762 212 996 905 484 795 779 153 38 214 762 703 690 809 112 360 456 783 733 929 559 612 709 96 190 635 921 174 313 480 41 553 738 830 548 485 557 181 631 244 502 795 99 347 678 491 778 390 316 991 541 853 530 279 296 557 993 535 672 163 975 866 878 941 465 827 11 149 726 821 30 117 509 548
623
787 613 342 180 427 510 338 179 131 700 557 482 288 398 38 437 826 796 488 647 187 324 430 590 928 73 635 258 104 241 950 713 940 102 944 702 346 450 530 954 215 703 116 204 978 124 698 458 232 137 642 464 547 308 465 628 608 376 956 386 175 785 857 306 348 816 256 982 773 468 809 782 284 791 498 43 383 489 19 588 650 799 332 507 96 519 594 854 627 531 188 791 647 584 642 152 882 831 643 139 145 857 317 469 904 67 822 121 12 91 343 251 479 375 327 133 946 368 494 5 375 791 770 793 61 651 242 544 57 882 894 69 632 546 733 515 868 42 191 895 777 293 29 421 823 236 573 159 796 91 48 726 184 962 850 474 940 598 736 492 752 182 716 851 446 593 261 173 162 826 606 361 995 424 846 1 300 834 350 305 395 228 8 845 468 944 681 939 858 158 489 914 452 915 800 524 902 514 263 786 537 544 809 128 715 343 71 394 24 634 574 476 218 723 841 318 569 749 125 305 217 341 110 170 160 243 772 675 84 8 352 836 6 236 524 586 620 798 647 391 263 924 940 123 663 938 229 838 932 410 940 820 792 429 453 1000 894 595 326 61 239 191 3 562 692 197 681 377 996 580 935 636 889 367 607 382 228 129 577 213 883 631 397 378 846 16 953 283 181 617 846 735 532 810 475 993 863 593 300 326 334 255 51 571 409 776 392 720 634 353 848 707 34 148 274 556 105 88 198 789 581 265 402 537 866 45 719 217 158 856 545 314 5 870 229 929 17 657 260 725 175 617 730 838 365 658 270 35 919 685 864 842 636 497 804 21 931 3 215 931 449 229 349 3 853 928 702 650 566 861 499 793 798 974 333 744 841 214 819 640 96 736 562 778 4 239 46 752 92 596 827 427 571 698 616 193 249 106 526 95 382 429 475 984 918 285 620 881 697 864 8 606 112 975 936 20 265 399 746 65 641 527 169 535 63 448 701 892 415 956 994 229 431 704 3 433 12 629 124 894 62 395 636 869 732 542 651 313 388 315 784 268 229 522 451 617 620 24 820 252 64 525 42 585 798 478 319 516 852 534 22 100 962 713 645 511 147 827 710 350 6 579 728 839 574 736 394 442 115 89 949 824 226 475 740 741 240 578 358 802 142 78 538 460 169 41 536 955 755 861 867 362 83 667 971 503 521 812 289 793 810 96 383 761 13 619 972 427 753 337 796 609 683 876 945 693 36 37 578 687 748 373 986 591 254 69 387 136 37 288 345 252 987 565 597 47 710 2 344 219 73 866 809 161 3 77 342 690 78 788 998 904 399 370 3 15 479 671 578 198 303 928 252 22 542 892 172 685 126 992 56 55 872 449 901 800 162 9 21 638 639 146 740 383 243 221 576 252 48 569 287 522 204 526 303 859 963 239 903 188 719 785 176
625
997 167 815 727 919 547 242 946 479 697 495 141 975 45 201 330 228 306 248 955 739 3 171 734 671 6 404 962 970 179 162 365 373 736 331 173 506 613 547 214 56 414 63 68 428 381 116 239 226 480 726 955 288 740 704 335 565 583 475 157 477 761 512 841 819 700 125 721 853 720 416 332 97 489 782 30 496 207 139 443 822 785 753 497 404 768 536 997 971 642 293 266 826 611 274 803 562 497 720 174 613 336 555 361 457 909 331 423 900 235 565 224 357 386 216 877 676 177 937 712 391 553 93 634 465 737 725 658 828 800 574 645 799 632 153 456 721 306 258 507 789 299 637 227 948 296 784 322 265 341 185 566 469 12 735 991 978 543 296 535 544 57 30 553 2 19 582 935 720 705 495 227 386 969 650 667 864 787 976 406 819 640 483 992 122 5 655 733 211 88 605 587 765 832 662 689 477 629 180 104 50 309 544 310 528 199 106 796 956 124 886 316 621 905 538 88 698 707 230 955 897 53 844 282 291 396 199 221 82 343 50 547 248 97 549 590 403 85 791 751 610 501 986 658 764 255 638 38 420 781 339 148 353 433 51 640 992 261 488 54 944 472 959 61 141 729 90 305 267 973 902 962 305 865 914 610 741 390 302 462 336 634 980 483 437 165 399 824 544 985 718 693 329 671 732 672 594 643 66 67 319 250 863 527 877 493 304 750 957 69 138 477 725 627 871 849 2 426 351 753 923 711 160 48 196 920 459 409 436 352 184 370 56 294 534 643 42 63 14 620 932 860 198 758 68 562 22 744 153 538 401 456 157 232 972 112 107 635 518 16 556 222 424 10 595 504 575 349 406 958 227 321 833 784 815 838 944 253 102 134 65 995 107 444 1000 634 143 956 481 927 74 724 505 122 285 428 569 663 855 759 79 151 386 549 955 42 818 231 602 332 741 544 100 617 773 305 795 33 353 227 103 374 687 760 635 809 772 948 287 742 508 172 196 16 179 610 113 979 340 652 971 756 339 142 308 922 402 567 692 630 613 47 95 462 123 346 269 69 757 659 399 590 791 267 393 160 405 699 680 684 426 324 554 139 818 90 85 767 589 279 629 943 245 607 236 516 204 681 380 668 435 677 509 38 57 551 279 581 227 3 701 426 883 210 503 393 735 854 758 666 833 9 707 293 745 515 66 254 608 353 993 430 953 41 565 218 281 488 201 773 536 542 934 975 868 381 528 89 307 514 524 218 979 134 817 78 717 592 280 528 853 97 498 44 527 562 846 657 679 7 916 47 544 845 930 409 3 278 27 902 924 78 791 124 354 491 93 340 964 190 837 260 121 459 600 530 731 990 999 148 32 883 169 312 235 19 895 735 879 186 741 411 562 369 541 257 38 516 464 579 913 232 888 655 87 862 255 492 339 63 451 854 738 80 10
109
608 284 59 359 568 597 428 508 711 548 156 618 412 419 335 480 294 767 415 630 19 23 55 811 274 749 399 225 606 209 270 630 338 690 972 126 442 634 679 325 848 671 881 799 24 663 373 59 594 948 971 88 911 156 571 127 986 476 471 884 145 492 272 154 59 468 242 663 253 129 308 951 743 136 801 972 380 988 545 275 32 434 985 513 13 695 896 355 252 444 358 432 70 691 494 672 310 734 263 486 439 974 892 814 317 549 58 483 165
714
277 965 689 750 790 451 491 629 395 308 62 230 942 34 236 552 921 521 752 638 933 922 257 412 697 944 290 397 378 544 196 890 816 68 921 822 767 435 630 844 202 527 282 448 33 95 314 769 33 182 831 365 324 508 906 582 953 395 377 255 532 816 649 586 7 518 480 855 826 150 742 41 427 42 872 296 110 669 637 168 888 49 804 143 896 571 930 109 227 387 729 654 685 734 493 963 550 925 204 806 674 971 767 740 157 880 983 545 680 103 694 893 576 276 434 556 703 814 241 454 447 793 245 18 92 176 595 836 44 348 707 106 416 939 666 558 269 506 128 874 64 129 712 213 975 334 630 483 130 111 647 644 869 638 836 899 691 126 849 446 494 773 581 534 880 360 380 359 619 994 587 219 668 969 762 433 260 343 694 115 131 552 229 276 807 864 554 858 149 955 816 168 335 447 419 585 425 480 188 917 106 665 78 738 345 574 76 680 346 925 250 953 552 281 381 303 867 430 178 724 540 691 633 407 175 990 404 520 77 738 205 522 583 21 392 583 811 403 6 949 599 898 297 176 476 724 544 760 120 623 145 428 248 278 327 334 741 274 875 926 882 569 240 69 472 30 965 478 710 993 660 39 368 342 860 150 79 405 381 151 437 488 67 542 959 726 291 296 136 772 80 905 207 50 860 878 172 791 949 871 244 741 899 923 837 513 252 25 641 810 437 469 883 773 384 802 203 619 611 772 746 503 691 185 2 655 739 777 649 479 544 473 432 589 434 921 103 865 781 633 285 124 669 744 643 217 868 742 862 166 87 9 561 812 851 388 532 710 804 506 688 679 368 682 334 39 52 204 583 960 113 441 724 334 236 888 482 490 906 232 132 504 850 417 262 904 734 424 520 757 860 581 883 324 246 844 400 154 842 738 473 136 611 957 778 242 595 992 930 43 228 187 326 87 505 890 674 936 124 998 924 914 970 481 286 25 53 679 151 39 650 201 425 593 566 529 114 512 134 730 578 251 730 351 431 531 316 964 142 440 276 440 959 573 765 280 889 48 759 113 486 499 243 246 514 361 630 725 596 808 390 569 603 525 50 883 120 655 930 578 195 619 982 818 765 839 436 742 932 115 268 830 798 449 578 827 601 934 178 320 334 705 820 737 849 688 42 890 403 962 505 108 613 384 516 112 353 330 524 796 674 259 663 460 355 321 523 588 771 854 106 542 720 438 191 344 474 358 831 371 498 346 336 754 68 219 999 652 873 402 101 191 264 753 628 676 220 218 593 354 261 250 209 640 619 269 243 481 168 291 981 103 505 877 997 166 365 912 17 630 807 141 899 29 29 165 64 874 345 942 435 652 58 711 409 991 347 607 856 581 298 534 555 49 462 706 216 937 919 595 929 572 375 634 904 402 16 527 38 247 977 383 313 206 945 487 912 546 877 527 645 7 401 601 194 628 183 61 406 802 196 500 419 473 268 853 168 766 939 826 519 777 640 468 132 758 950 29 309 452 609 485 906 214 805 148 326 230 331 614 794 481 585 531 947 138 358 999 750 533 910 778 771 432 171 325 840 220 333 808 198 485 519 857 652 4 466 940 761 993 636 692 306 592 136 539 243 42 908 401 568 810 287 83
579
457 388 843 601 697 779 181 101 13 113 589 67 433 705 631 111 803 347 697 819 754 636 990 619 759 796 889 367 994 80 712 276 279 242 873 514 78 575 654 351 357 488 446 450 120 917 471 26 562 910 384 553 831 168 49 54 582 686 102 605 461 428 134 977 511 225 390 870 89 328 64 592 353 711 457 735 907 408 430 469 209 414 557 637 335 766 310 884 461 326 894 832 427 895 432 927 619 671 105 631 820 151 4 123 698 359 823 502 213 226 638 562 633 579 431 694 88 863 378 682 108 513 554 280 668 107 317 701 37 364 608 294 52 928 291 769 977 214 308 822 195 85 384 784 4 292 613 378 752 44 924 708 598 803 690 444 349 611 812 162 346 307 513 806 686 92 709 532 271 872 594 161 389 377 944 468 467 902 37 632 396 727 198 986 567 700 584 589 874 530 609 26 576 542 730 567 688 420 889 656 615 204 238 832 563 643 854 444 560 20 130 742 140 930 930 60 611 578 774 833 427 392 594 66 788 23 49 842 962 748 973 688 176 695 884 681 928 965 239 407 271 628 546 177 395 446 298 248 610 111 631 949 253 254 200 885 496 172 138 985 622 973 759 517 779 343 219 457 43 200 508 79 611 381 527 304 452 524 499 701 85 287 519 314 592 341 80 824 140 419 867 631 265 913 209 919 852 344 412 888 290 97 775 288 43 870 105 898 461 198 1000 172 860 569 878 674 100 1 848 245 142 776 13 609 626 126 758 281 581 155 218 979 333 367 465 700 818 965 418 916 865 167 180 907 330 218 270 569 223 207 511 639 301 710 355 550 245 525 534 269 442 766 815 135 382 392 918 407 198 414 609 56 851 877 489 569 316 58 610 160 915 92 852 33 719 676 450 609 474 146 775 138 8 6 977 357 75 472 922 393 105 615 466 567 602 503 729 504 464 480 80 261 335 586 154 749 132 274 525 971 847 280 289 251 310 278 320 531 640 317 496 298 769 779 544 304 468 767 73 157 800 198 747 689 974 395 823 543 287 550 774 560 922 721 111 488 645 172 177 118 854 917 979 105 350 167 531 510 470 673 472 194 771 49 646 6 186 753 145 478 802 403 605 317 856 78 453 383 599 802 269 395 330 260 379 145 376 27 137 438 188 306 1 799 688 69 96 835 315 674 919 537 502 545 791 98 285 829 373 354 236 5 774 327 127 541 323 456 241 349 414 649 388 853 556 515 287 449 410 68 385 175 703 388 933 702 22 491 515 439 847 675 328 738 218 657 77 482 883 498 755 169 196 508 655 701 834 138 737 239 118 548 267 322 954 79 922 245 646
185
7 220 280 516 893 882 838 727 341 318 273 52 186 361 450 89 220 642 292 926 562 565 85 952 827 981 238 217 318 269 35 343 602 123 439 871 62 255 367 650 591 712 356 57 335 54 904 198 804 553 993 345 352 600 120 869 319 412 653 823 844 882 400 880 593 133 449 10 352 697 909 490 744 146 463 310 14 103 480 695 229 630 510 610 362 170 629 562 711 424 976 339 515 844 658 837 969 322 950 27 619 695 876 563 331 57 67 905 344 933 94 553 560 432 476 914 979 820 290 529 996 243 817 778 175 147 439 100 393 603 254 20 143 796 159 476 997 287 744 991 469 981 690 32 408 25 913 295 422 716 224 991 611 161 315 746 394 785 974 587 227 438 945 635 206 749 186 963 241 428 817 815 656 839 77 848 721 538 118 241 133 399 973 100 928
609
20 610 282 166 691 189 514 391 999 828 352 756 585 594 549 898 558 493 206 23 777 50 607 265 708 874 941 150 32 962 845 928 488 259 800 926 272 174 900 566 703 933 323 207 864 86 287 925 600 368 228 870 412 870 12 818 886 913 456 197 315 885 353 191 91 962 846 175 367 40 177 138 47 639 616 459 456 325 99 365 779 286 146 477 244 185 715 279 974 129 184 382 162 539 629 384 538 64 788 851 639 838 122 588 905 453 839 99 166 906 436 3 28 590 616 592 762 14 959 39 919 981 19 980 232 482 529 956 796 634 882 798 634 526 713 193 12 584 683 549 798 576 971 442 905 133 582 134 959 528 873 515 730 106 51 152 368 733 658 258 885 746 418 764 256 672 196 616 917 716 801 956 721 443 928 282 62 21 921 88 543 953 803 537 715 292 748 391 811 218 290 667 737 824 648 980 649 598 572 795 127 823 802 311 737 836 690 726 621 775 162 592 35 914 246 417 555 401 673 520 112 257 481 537 492 588 619 553 624 639 243 825 683 499 797 331 850 8 794 814 785 302 297 631 10 190 777 502 429 202 298 654 358 299 222 532 478 524 368 270 32 845 473 484 903 577 730 582 309 923 572 980 959 922 453 10 523 119 484 672 621 722 28 351 547 258 978 788 349 776 342 801 392 316 884 727 433 198 634 631 482 652 793 21 132 37 787 2 653 613 295 895 696 720 422 554 54 348 497 588 170 321 524 59 763 351 318 763 456 455 797 422 636 624 357 204 69 407 353 152 441 317 139 226 803 690 881 190 477 405 634 216 276 288 832 360 667 321 348 921 604 448 528 148 4 632 206 242 731 667 172 862 533 787 513 386 18 36 992 910 98 445 878 810 827 723 926 712 203 913 56 710 277 210 20 225 344 574 641 243 870 809 19 861 427 698 630 990 649 884 781 249 766 99 380 336 839 447 583 72 339 67 314 935 723 846 208 800 338 525 655 603 495 7 45 549 60 496 316 963 801 634 433 721 41 346 972 656 895 50 562 573 153 484 207 7 34 174 715 839 685 327 438 239 599 542 832 105 262 887 629 696 868 874 497 965 3 766 828 967 114 632 589 728 609 309 493 961 220 170 435 239 19 473 710 309 336 980 670 735 658 119 246 996 460 200 603 791 865 797 671 99 296 279 963 954 649 439 405 960 32 811 530 447 850 921 685 198 591 256 451 610 554 915 488 811 261 947 368 172 375 443 242 453 511 666 976 388 623 963 15 577 515 361 268 839 968 648 732 696 242 471 76 446 782 836 753 964 449 813 600 30 734 593 559 151 177 579 752 604 61 413 202 306 332 963 714 800 47 365 583 131 845 410 347 46 675 881 427 615 744 537 135 81 494 339 376 452 291
196
977 544 224 200 616 371 159 117 307 344 945 151 647 649 885 487 326 521 228 576 223 111 368 322 887 29 210 198 673 121 356 301 693 882 79 801 506 550 677 98 236 764 626 120 543 724 597 264 607 13 59 154 649 362 350 990 344 127 906 539 649 229 279 73 732 943 567 308 82 237 949 379 342 237 935 771 131 344 355 32 785 948 365 477 569 719 707 400 697 356 113 135 77 398 437 737 887 167 615 769 457 165 314 876 106 697 952 997 604 11 952 261 909 698 95 460 115 143 271 32 990 125 408 925 471 704 287 27 236 730 48 278 189 865 292 382 651 729 653 65 682 311 304 254 553 151 483 885 796 964 795 603 618 689 77 489 839 681 468 21 213 192 901 696 266 419 197 391 915 513 311 681 720 350 269 108 471 4 777 370 101 554 967 581 111 570 767 744 852 246 589 804 882 88 579 441
821
421 632 469 287 787 376 771 47 150 802 678 364 633 32 495 934 330 631 483 914 673 715 74 914 458 121 505 647 456 107 435 784 915 66 920 139 857 373 953 949 617 275 436 736 581 986 201 805 302 173 954 564 612 682 751 516 420 303 904 340 546 179 314 638 503 625 733 664 158 401 823 934 999 729 744 309 757 347 151 232 173 208 1000 904 235 420 120 916 618 855 852 891 345 649 131 742 934 886 148 456 711 308 939 754 385 23 219 243 820 190 880 967 402 609 72 900 101 425 789 265 378 558 327 923 719 310 388 25 817 87 518 672 57 675 486 203 145 624 357 672 614 834 858 965 834 525 301 486 584 807 790 392 879 51 717 659 329 95 537 491 268 649 124 620 412 832 323 344 177 253 579 510 105 801 726 674 823 613 299 845 599 806 426 461 525 731 87 574 388 339 458 459 461 614 370 745 800 994 230 790 350 410 469 950 282 357 551 371 345 625 159 718 997 205 287 461 941 753 959 95 599 321 988 7 824 635 171 990 960 87 852 59 107 478 326 966 97 191 299 654 548 961 991 663 235 19 499 819 24 397 418 693 167 956 251 216 281 986 835 456 997 750 218 761 847 639 765 887 150 92 895 656 588 63 970 660 330 273 46 971 474 385 371 282 265 277 953 554 225 891 522 981 580 725 148 777 783 936 195 873 191 599 736 345 773 101 679 567 120 245 373 633 660 917 311 962 277 280 163 968 729 369 147 541 817 152 950 2 265 873 394 178 49 272 796 382 304 425 281 414 18 834 744 199 984 593 877 901 564 643 279 970 816 4 668 877 773 618 996 684 558 299 168 815 504 218 533 813 809 690 581 707 921 443 177 970 770 539 888 96 449 300 505 866 953 814 327 380 43 331 687 858 205 375 521 533 418 67 730 696 257 498 985 741 817 124 31 61 983 210 335 681 782 512 77 221 511 687 422 447 370 610 303 304 157 150 257 746 155 719 523 55 105 231 505 645 870 968 566 428 93 283 699 314 278 664 810 35 172 219 203 999 510 890 616 193 151 906 228 274 613 903 566 491 945 830 797 797 381 423 474 582 915 530 617 878 984 284 144 711 109 186 205 857 37 239 393 402 937 196 580 925 534 739 621 378 614 459 570 714 638 632 578 70 213 851 836 834 707 264 943 871 178 889 663 331 578 368 355 34 40 813 72 514 791 106 24 57 338 839 317 882 360 517 332 746 820 807 52 369 74 503 102 155 284 201 718 819 878 273 507 589 554 54 511 355 155 447 831 67 149 77 759 182 672 36 897 482 650 350 409 584 33 734 238 352 828 18 237 364 476 88 62 246 994 726 100 162 802 23 185 296 708 866 326 513 937 90 899 181 164 466 266 438 205 497 41 9 657 98 168 896 597 240 891 685 431 567 691 629 62 414 527 933 825 821 861 496 650 613 434 564 894 264 600 577 6 606 42 153 34 938 476 522 254 243 458 123 220 34 833 616 226 970 548 522 260 943 246 443 904 333 457 215 814 65 223 435 626 334 89 235 500 863 446 687 115 273 538 116 554 248 308 954 792 575 901 884 48 382 279 990 455 462 819 820 745 642 262 661 841 729 936 426 178 861 181 672 692 298 413 1000 950 18 481 634 738 671 569 477 757 370 480 933 911 336 979 874 789 374 356 806 328 516 771 695 59 879 697 173 220 170 676 83 470 974 859 771 857 32 493 178 176 638 630 938 539 224 681 480 485 944 515 502 82 739 701 175 55 253 563 530 795 892 576 727 945 339 101 90 451 725 494 907 460 2 868 66 962 74 156 730 370 538 1 808 749 434 450 543 634 966 383 902 144 552 480 120 807 806 274 464 831 839 298 907 894 992 790 641 625
392
808 474 184 588 487 934 703 15 835 156 637 838 536 68 167 506 686 912 103 142 653 135 750 244 837 756 972 333 99 361 77 441 838 282 872 386 764 206 958 316 789 292 829 313 571 920 80 291 423 112 496 348 9 831 604 735 316 662 208 449 915 196 657 1000 223 304 980 383 14 554 486 524 864 456 916 105 847 599 443 72 561 397 267 476 319 456 254 138 90 158 732 423 714 67 476 615 519 926 278 325 905 726 161 441 336 408 125 395 395 527 536 207 57 521 690 595 922 197 265 649 365 688 926 185 305 133 720 243 446 814 547 499 922 851 27 929 168 775 127 130 621 633 998 715 578 812 488 91 338 487 426 591 791 271 978 104 928 363 876 10 184 226 862 836 263 570 75 807 768 302 448 4 236 25 129 279 28 339 330 677 423 362 139 249 817 783 339 542 99 190 938 815 704 524 760 695 154 418 807 597 201 683 975 242 434 229 416 16 328 364 658 644 283 940 523 808 209 666 399 462 568 242 296 518 304 854 696 822 189 565 20 672 484 657 511 200 69 771 410 741 139 710 197 122 780 823 930 577 644 971 520 648 373 656 473 736 361 113 604 271 30 396 444 1000 288 468 454 856 357 491 507 436 655 362 495 774 290 58 283 239 248 657 745 928 937 323 393 9 965 906 362 349 985 689 751 441 789 327 797 104 468 720 723 297 21 749 682 711 742 452 446 191 455 116 355 773 730 988 723 586 117 692 957 955 734 202 849 372 967 63 807 456 860 104 706 230 694 733 837 224 602 934 700 670 657 349 35 367 951 917 866 909 590 325 851 255 227 224 213 303 137 131 99 574 700 477 694 674 399 918 288 860 18 821 71 306 659 287 331 363 110 451 802 434 530 153 15 623 128 624 611 270
944
821 417 453 133 576 344 924 979 808 751 138 796 312 845 676 301 309 281 898 731 836 154 282 770 163 467 556 130 147 785 597 216 792 508 656 121 112 639 345 601 278 659 463 156 976 469 546 289 553 817 796 937 304 575 63 798 701 266 465 398 473 758 371 357 311 817 841 53 951 121 180 730 710 23 990 547 901 787 679 815 313 44 820 907 505 816 676 860 459 323 605 200 861 808 306 623 232 797 18 907 234 90 508 478 715 82 67 507 390 262 878 750 63 447 429 90 351 261 665 788 349 511 217 281 781 202 840 727 772 731 922 651 20 742 729 543 943 746 83 980 371 900 177 238 713 406 667 432 398 796 46 150 633 115 593 261 486 400 268 112 527 511 9 43 353 724 971 932 233 980 984 5 192 62 28 204 505 617 361 318 272 922 472 678 701 17 5 636 510 120 503 239 101 392 551 801 127 971 49 44 440 999 663 406 429 805 932 31 428 280 549 894 754 276 355 21 593 451 445 200 275 648 713 235 46 222 559 580 787 320 129 376 27 915 267 171 738 619 882 926 541 339 854 53 719 747 891 932 769 887 647 277 680 746 181 84 574 335 415 863 970 959 98 984 86 317 279 572 729 29 25 570 828 153 104 15 108 386 184 412 660 856 6 393 164 509 442 477 827 688 999 240 533 112 997 617 310 436 881 846 273 21 745 291 822 686 629 614 923 937 230 12 593 729 728 564 773 953 48 446 260 343 163 165 370 422 530 263 186 479 10 809 204 865 361 591 194 95 643 6 975 615 921 157 709 185 164 881 882 93 283 679 782 12 256 903 501 360 775 714 542 993 303 524 672 863 180 335 829 113 814 705 174 241 659 472 839 970 500 937 934 735 314 300 677 819 225 24 598 385 182 339 504 810 406 190 99 559 923 402 288 639 365 798 197 498 801 250 338 851 813 962 954 106 215 457 18 796 419 766 689 509 763 558 609 92 48 769 842 142 824 453 145 690 168 449 811 831 124 541 629 223 150 982 10 812 140 702 408 551 60 75 74 557 66 759 541 156 334 766 146 686 174 475 276 650 795 742 192 536 961 491 525 880 881 488 247 296 786 502 485 391 85 137 669 336 792 625 16 895 519 304 535 116 53 765 455 822 668 546 200 870 875 365 438 355 25 986 700 303 240 4 471 352 262 908 759 915 335 530 324 972 382 736 160 195 601 731 850 29 422 984 34 797 506 91 13 243 339 322 229 975 825 101 268 523 962 366 267 89 813 972 190 900 423 327 628 38 190 431 506 200 156 255 756 363 314 809 242 285 845 777 228 863 949 961 89 146 380 769 961 260 215 965 457 301 27 932 267 540 583 669 10 891 824 607 245 71 694 118 801 128 810 825 385 677 737 947 370 531 197 386 304 798 105 386 791 791 845 866 117 713 933 101 191 924 141 720 592 435 210 84 752 379 119 186 398 118 141 605 812 626 921 831 975 251 901 322 748 839 307 341 504 282 608 762 634 256 368 627 371 812 657 882 166 232 76 141 714 351 330 668 731 816 687 680 886 824 304 792 81 753 372 886 558 82 641 12 805 227 703 662 107 492 169 888 597 45 531 748 789 735 60 552 622 528 220 734 772 450 933 556 335 662 449 449 576 391 193 874 852 702 936 954 796 494 374 427 263 119 607 861 568 53 433 31 361 703 223 243 575 874 200 143 593 690 311 699 450 787 799 951 976 890 844 73 923 615 767 282 690 924 497 741 449 504 565 45 648 692 568 395 148 266 183 208 182 574 153 788 554 594 459 594 555 510 548 314 726 11 437 374 272 530 119 579 636 97 17 782 595 711 686 453 738 433 240 66 973 819 498 627 113 413 257 811 719 734 385 787 168 820 413 473 186 926 803 221 424 113 335 210 887 635 381 236 559 286 982 301 205 778 572 605 988 908 680 324 744 495 694 967 181 801 540 791 37 88 788 564 221 296 171 528 756 1 442 135 372 108 895 281 27 732 59 994 314 878 657 170 661 57 856 539 24 170 821 405 852 225 390 776 652 143 903 396 580 989 271 637 257 697 565 642 795 25 153 935 633 716 855 702 985 169 254 703 92 250 878 171 297 124 504 307 700 945 797 327 701 448 614 395 914 803 830 753 306 759 78 277 151 244 887 492
220
933 342 699 239 357 818 458 443 940 797 925 495 382 100 822 806 195 208 293 677 620 564 484 853 661 203 144 819 861 747 991 274 540 339 286 596 571 739 211 744 678 378 790 88 950 121 212 810 280 632 822 775 311 326 168 278 110 731 268 404 770 588 756 856 845 936 877 551 285 208 177 571 191 223 947 286 801 964 264 952 121 867 723 632 267 211 14 870 162 342 550 202 399 48 738 883 8 269 247 836 993 184 937 801 362 902 344 565 949 99 891 463 346 9 295 324 947 149 661 137 356 172 860 1 903 860 516 793 238 975 522 3 926 482 206 867 841 411 178 836 34 751 219 78 87 777 732 582 879 904 13 799 638 505 723 830 502 206 605 411 99 885 512 502 436 982 681 416 517 762 74 810 394 62 695 103 942 710 456 990 121 733 357 328 22 359 168 21 319 524 445 953 613 148 820 379 172 379 127 997 473 885 571 136 851 927 312 195 794 505 233 743 712 970 291 461 454 753 884 175
666
891 977 236 3 750 86 678 7 400 603 344 589 558 857 441 389 150 594 580 833 296 698 209 14 985 517 680 199 879 918 868 158 449 370 484 137 533 343 798 547 434 253 150 512 14 678 44 808 55 323 282 491 745 86 908 619 289 646 611 195 490 489 550 988 954 976 788 914 819 71 893 53 225 994 33 362 440 29 45 649 532 278 172 936 999 310 567 833 323 215 561 244 952 347 841 171 641 170 25 262 689 741 274 91 964 889 197 573 535 697 643 220 656 120 701 423 551 733 452 806 82 383 712 435 680 535 324 871 3 962 102 636 522 482 944 993 916 947 741 932 858 516 85 776 303 458 636 449 856 407 412 405 293 884 117 603 11 959 57 408 958 855 811 311 589 145 562 173 27 860 822 1 935 920 366 294 194 282 211 871 903 960 572 532 281 199 239 463 321 753 25 307 381 79 65 365 164 264 942 544 42 869 209 477 858 636 980 504 76 194 602 444 401 663 150 213 336 111 615 142 188 628 674 721 689 719 728 242 907 759 593 396 183 264 642 281 3 34 738 652 375 764 67 780 812 164 737 109 695 472 941 628 772 321 277 626 969 861 120 376 550 559 514 488 201 212 94 37 344 955 103 42 449 151 44 381 29 148 963 274 87 411 257 678 763 153 605 644 137 981 177 906 840 772 186 949 879 665 239 44 398 51 130 802 678 771 333 831 334 429 200 590 696 73 646 793 983 938 384 821 874 970 173 955 775 807 736 254 539 799 525 18 751 754 920 588 423 137 843 129 502 188 520 616 489 62 289 767 978 364 970 588 254 348 709 247 668 380 840 60 307 218 654 641 342 926 527 449 615 363 928 3 823 953 303 173 911 575 109 215 727 155 179 520 442 209 653 50 205 513 198 632 339 485 51 461 215 59 53 739 59 763 816 118 354 139 264 355 167 534 625 841 570 615 531 461 886 316 957 212 218 679 462 308 697 437 881 555 135 719 845 812 336 79 995 818 330 438 697 146 885 530 653 400 598 290 380 895 550 64 929 547 397 103 287 282 345 969 830 655 518 171 913 130 16 749 991 188 978 662 515 420 263 526 462 209 571 439 870 475 378 707 190 26 415 561 63 863 500 771 3 1000 572 490 212 250 291 55 103 150 424 602 249 10 238 529 28 131 380 526 680 355 407 653 770 54 483 174 175 349 267 632 900 319 672 428 174 980 156 744 719 369 805 754 833 286 876 844 471 66 154 144 991 569 413 50 795 713 927 980 10 468 975 842 229 763 750 8 60 574 926 532 499 884 541 892 517 471 750 552 808 403 52 655 166 753 965 126 211 898 390 460 882 440 836 15 649 626 729 328 281 756 134 547 49 961 266 216 546 973 485 157 37 278 522 474 178 366 160 568 559 671 973 323 966 397 577 819 448 551 869 84 310 233 274 723 285 339 949 289 980 179 491 490 153 690 907 221 808 739 486 719 992 727 740 772 128 32 499 529 550 603 510 330 936 661 179 60 642 792 585 431 429 62 323 979
880
50 867 388 340 588 604 1 754 321 768 436 595 771 66 364 312 729 686 148 962 667 227 568 652 23 115 307 365 731 210 327 876 753 28 962 52 76 291 442 818 401 886 394 845 881 275 569 702 438 154 712 732 152 69 476 483 7 240 503 7 730 491 788 598 657 489 342 384 821 164 629 611 55 408 958 188 580 322 304 604 403 303 773 56 546 966 977 714 152 309 726 397 112 7 360 652 875 344 793 773 27 20 111 59 731 361 650 891 265 615 731 998 705 406 705 855 500 327 856 440 871 665 853 95 130 435 472 548 365 582 825 290 494 639 252 219 733 534 562 62 433 796 642 961 898 240 11 349 460 743 339 993 927 275 437 953 433 531 807 274 550 287 713 34 495 668 959 639 279 229 827 490 686 981 401 898 605 578 446 200 43 542 698 817 916 449 321 165 374 156 587 421 939 734 606 595 372 243 126 131 291 674 224 916 457 286 239 678 27 880 360 197 792 278 464 517 983 936 912 613 936 700 138 935 672 789 149 638 277 186 1000 327 451 598 12 868 815 484 159 550 161 307 116 857 933 714 580 92 142 27 481 998 121 754 932 659 657 129 69 613 956 959 746 954 364 164 222 606 58 782 279 727 326 748 6 156 435 571 51 140 637 140 33 421 610 426 703 75 469 506 928 267 960 319 313 238 59 501 454 467 359 243 825 780 681 557 570 381 602 769 986 652 905 818 366 587 181 346 31 89 181 189 703 639 990 441 747 223 135 798 130 457 781 853 473 905 349 941 371 55 680 271 458 987 834 329 717 848 200 599 775 869 879 553 92 850 637 914 398 692 627 328 854 942 241 777 50 936 287 851 698 116 958 679 163 544 485 352 400 400 96 601 536 844 557 425 240 177 215 952 210 968 381 521 903 248 420 159 106 146 951 707 882 416 430 602 28 718 382 460 833 655 716 682 81 561 660 787 375 857 509 274 518 617 513 922 365 591 699 244 19 895 287 976 394 590 377 633 113 270 355 182 887 830 441 807 352 970 686 873 793 654 43 386 777 952 594 760 398 908 81 122 788 12 371 201 52 41 600 418 660 32 911 117 323 44 911 97 606 776 185 476 481 287 717 207 957 788 830 444 213 196 45 56 144 21 399 122 496 924 490 238 53 212 583 37 385 64 487 807 54 903 322 623 565 832 366 477 740 715 623 444 830 665 205 364 924 678 695 619 837 857 576 906 791 277 404 321 661 293 748 51 479 935 126 618 657 575 869 413 761 598 396 125 63 917 897 497 759 632 675 36 876 614 738 252 25 461 283 822 142 144 51 880 988 346 398 785 217 461 952 367 266 842 852 515 435 167 37 615 22 324 457 561 879 185 451 152 126 430 561 722 219 352 658 633 919 50 343 595 363 540 866 897 772 838 965 876 55 368 27 407 443 314 49 661 461 424 150 686 68 473 516 524 840 646 865 97 919 737 528 37 69 143 256 545 379 783 842 194 967 615 279 617 41 325 408 635 607 688 540 748 762 737 587 566 887 391 767 584 975 126 311 894 797 594 775 456 353 158 898 284 84 93 139 745 560 112 295 461 477 684 880 467 908 297 535 730 779 632 637 312 603 698 397 832 814 235 910 668 387 535 907 704 239 112 288 392 426 7 862 834 24 708 254 227 360 896 890 326 456 775 720 401 331 190 603 344 221 753 988 103 358 842 70 343 735 480 77 107 699 317 893 263 547 83 981 66 934 903 346 583 334 512 190 625 13 541 406 595 265 376 685 399 296 198 762 451 908 385 482 898 290 515 662 928 801 644 546 50 242 279 209 24 796 62 579 668 872 621 53 383 839 113 997 731 806 670 444 400 392 409 998 957 106 368 667 868 527 405 259 554 812 152 383 553 267 339 431 871 120 407 71 303 116 596 931 872 921 320 12 205 793 677 999 645 742 586 64 255 383 290 511 556 979 261 181 674 647 975 605 474 143 566 66 899 66 667 558 948 419 62 486 408 786 552 33 803 142 671
520
342 369 521 863 597 892 883 387 271 382 580 16 400 808 103 508 451 403 112 760 912 954 385 186 546 356 923 550 495 548 622 456 940 593 779 306 633 466 973 832 982 399 631 145 426 980 268 530 482 909 834 331 534 235 375 839 6 77 472 490 68 452 476 198 976 265 497 888 501 973 161 729 64 438 906 358 495 82 385 405 231 670 302 243 904 492 851 282 413 687 780 336 313 777 270 767 396 440 13 825 727 200 680 642 74 284 582 954 721 25 248 950 895 995 987 450 974 313 577 287 880 359 94 813 207 983 502 819 327 84 847 602 78 818 143 952 251 300 42 402 32 895 195 870 904 807 573 944 869 817 80 705 861 786 183 422 590 653 888 697 195 657 89 203 699 800 758 40 966 542 992 142 501 362 928 133 541 13 538 238 963 412 779 974 266 717 597 580 477 909 784 627 98 884 870 762 884 17 285 578 927 971 877 115 773 390 708 723 754 934 172 686 902 144 69 649 725 39 514 790 570 143 742 102 440 119 367 103 380 196 401 212 41 679 404 310 510 346 193 651 725 172 126 318 111 639 714 480 19 990 377 793 333 200 817 135 230 415 397 795 264 173 754 984 476 295 338 746 862 630 201 115 588 677 76 715 556 897 933 474 793 245 368 108 913 565 704 145 233 948 14 7 606 691 897 512 650 283 491 251 831 662 864 182 875 170 324 712 295 356 62 622 208 742 717 425 321 202 952 993 494 916 712 179 114 501 274 909 974 496 161 33 692 929 234 322 692 884 567 990 878 805 961 767 337 534 219 6 195 395 792 645 38 338 922 7 408 255 545 754 911 31 863 700 398 807 888 993 124 664 410 778 607 947 518 930 959 536 412 131 371 642 923 491 692 990 362 604 826 495 455 844 887 557 372 910 621 762 292 352 499 231 838 423 338 310 976 777 540 465 426 646 970 615 16 227 814 135 376 251 483 404 292 736 867 675 957 816 157 507 997 261 768 907 923 762 101 292 344 183 492 389 14 365 975 711 349 962 45 241 975 123 289 169 939 130 30 165 148 651 726 751 689 64 872 474 776 772 378 749 784 610 333 902 720 596 490 857 900 918 570 833 739 374 35 228 70 927 530 299 105 475 495 902 82 579 411 761 271 985 344 635 477 962 852 761 336 242 888 117 890 59 668 410 592 735 501 95 459 67
195
289 837 79 696 685 534 436 183 841 759 292 385 162 723 665 588 567 182 849 36 543 92 51 532 484 318 600 852 255 942 444 167 852 998 279 319 49 502 298 957 77 482 487 732 48 154 224 543 59 776 387 609 276 245 432 1000 360 771 831 675 675 733 693 425 15 140 130 782 365 957 510 977 295 162 961 575 821 246 80 482 221 604 254 718 360 422 869 282 910 771 573 1 22 786 570 35 517 908 772 948 552 163 117 739 573 69 639 409 12 445 731 371 543 25 850 615 403 904 956 906 654 55 844 42 787 441 61 608 461 337 846 841 889 546 937 38 293 636 519 978 200 539 765 124 301 436 722 851 513 38 747 835 818 5 663 945 342 35 340 870 483 989 532 277 313 368 843 660 165 235 825 173 145 38 427 110 825 36 288 588 494 471 911 605 705 269 574 642 57 504 725 435 321 389 691
129
213 515 336 512 473 374 872 642 252 39 989 432 938 774 548 219 960 609 230 884 891 799 792 787 345 777 168 10 638 834 529 653 364 472 126 454 773 377 586 93 612 12 545 163 322 338 72 226 691 632 638 596 93 682 343 556 326 328 671 293 906 125 709 821 978 28 158 778 688 651 809 355 321 910 584 313 339 907 856 259 564 842 301 767 701 290 66 188 734 383 211 611 441 319 277 986 837 368 211 265 952 237 894 346 544 914 448 952 239 393 951 575 24 377 946 393 308 745 892 245 643 866 83 410 446 669 743 59 352
748
150 128 611 594 432 646 638 235 572 228 147 388 301 471 574 605 396 336 693 478 83 980 587 836 954 690 781 226 89 702 85 6 719 409 710 351 953 715 722 930 223 427 172 59 589 583 919 702 233 701 4 89 290 838 571 725 38 905 146 483 882 312 967 235 205 289 206 713 367 206 845 674 636 31 838 966 464 684 399 154 674 904 457 105 309 296 606 852 241 780 450 727 768 688 641 395 477 6 531 757 127 743 883 976 910 64 461 733 174 227 769 3 450 233 512 968 377 686 844 520 907 118 188 269 645 991 673 586 290 27 255 713 491 26 179 227 786 670 511 573 895 191 302 96 691 59 368 934 261 589 872 517 514 239 101 764 152 53 621 743 462 900 988 867 69 247 581 705 487 99 506 534 62 173 380 769 955 433 443 872 264 811 317 210 874 34 315 250 181 82 836 764 358 290 98 842 104 792 800 497 570 598 545 698 718 259 260 99 295 164 878 10 214 19 258 196 806 575 367 528 447 398 232 918 629 380 81 301 85 75 55 794 945 121 203 457 267 894 119 833 411 510 842 866 335 72 635 861 590 278 996 507 651 857 840 332 949 577 438 768 47 273 521 646 459 421 416 260 984 240 601 749 719 834 324 754 724 795 994 533 253 504 250 926 462 654 735 616 337 61 904 314 948 40 872 334 330 783 795 522 371 825 11 142 236 763 904 924 842 732 826 105 660 274 259 746 811 312 649 174 36 796 907 665 562 957 937 218 98 244 438 185 650 386 541 279 746 702 173 676 567 622 35 552 623 734 612 903 288 279 806 307 204 144 106 420 215 887 536 40 622 157 735 646 570 851 353 25 88 231 481 219 5 677 925 202 240 995 530 829 416 41 804 929 115 701 616 498 276 459 833 183 261 24 960 154 780 947 169 99 439 65 713 341 36 930 694 244 244 426 90 382 215 373 877 992 299 278 539 621 540 670 77 140 560 532 914 317 257 844 282 668 58 444 320 964 287 294 913 480 427 575 514 741 83 174 152 437 326 738 674 294 603 278 854 1 559 151 55 931 973 774 117 79 211 815 619 745 342 123 199 402 796 155 584 755 903 14 44 80 662 329 626 614 841 42 304 373 229 231 762 901 25 171 403 762 944 781 854 439 42 585 982 746 770 199 142 506 124 74 93 458 36 57 677 96 397 668 728 494 89 779 499 933 508 874 303 303 90 685 763 81 798 570 376 358 586 852 831 403 356 527 194 397 560 187 196 668 205 286 960 248 323 356 535 3 451 496 273 277 698 35 54 199 413 228 540 297 309 850 380 748 587 766 544 723 249 463 584 352 736 677 109 539 370 330 564 690 58 952 754 749 29 178 260 299 888 595 63 849 312 916 699 60 493 537 43 942 8 247 248 990 367 910 211 867 883 726 248 958 851 601 310 129 330 779 611 567 471 470 174 558 269 713 53 694 211 430 350 957 847 932 430 94 743 587 538 117 52 70 878 757 10 753 322 348 291 202 563 741 150 235 934 290 667 451 325 246 926 866 297 153 654 133 488 234 324 251 704 939 500 562 440 357 391 707 551 752 15 35 217 332 801 743 254 53 775 826 348 122 176 739 985 490 313 138 456 770 185 125 863 485 779 585 506 714 319 56 79 734 303 186 39 139 693 438 691 879 216 773 230 146 317 300 476 380 229 446 268 399 315 902 387 891 464 383 844 515
312
770 331 130 738 117 238 909 206 881 617 337 691 656 536 148 478 418 407 88 973 373 738 781 377 177 333 213 265 131 732 60 313 364 538 68 943 822 317 638 669 345 85 683 305 399 955 880 793 942 590 809 702 805 146 359 955 675 347 351 983 408 196 381 923 595 813 7 278 76 800 551 189 234 882 155 261 29 479 763 750 674 334 220 881 407 845 162 354 783 946 845 876 318 815 817 589 83 724 613 951 265 680 181 102 305 12 659 760 383 604 181 754 483 37 356 431 709 515 257 611 903 305 707 131 759 480 737 699 300 21 212 15 476 448 663 668 573 884 246 273 640 905 550 189 388 8 477 409 670 811 324 160 722 626 368 357 484 397 751 392 821 474 718 135 515 445 782 492 177 905 834 946 148 935 986 595 527 112 773 198 644 531 521 102 985 612 892 849 775 185 465 667 173 454 409 836 255 720 728 447 412 412 154 787 527 137 539 49 674 734 124 341 172 954 996 845 243 291 471 243 773 67 417 284 946 282 637 565 330 623 782 419 686 26 573 929 143 905 226 375 869 154 105 627 527 926 572 907 801 71 295 152 455 973 49 450 557 516 314 911 77 373 263 781 567 332 352 106 378 221 434 918 554 904 149 792 562 529 114 926 908 624 435 208 525 210 542 816 149 828 745 283 230 362 811 633 864 623 492 277 774 696 384 606 178 240 500 216 187 982 30 37
647
345 463 710 806 723 754 71 540 617 123 523 42 254 71 803 724 811 521 374 503 242 172 873 934 429 502 55 304 142 571 137 163 704 385 915 191 346 566 568 690 540 386 265 890 799 794 978 581 372 68 523 908 126 3 685 762 434 610 828 330 213 729 610 725 777 111 599 93 505 458 677 158 822 965 601 535 68 404 989 989 622 882 618 98 501 961 553 724 76 740 641 206 857 1 820 611 694 572 214 789 125 369 437 642 393 959 792 8 676 654 308 434 68 673 364 844 626 528 411 420 164 678 830 778 682 11 880 545 494 473 342 797 372 660 45 68 976 651 855 447 964 155 438 721 929 765 955 510 169 296 792 528 602 996 702 843 295 289 116 552 7 269 835 644 1000 182 83 996 550 952 878 17 17 389 227 45 452 587 575 912 975 332 915 820 795 476 893 588 161 752 717 545 711 499 807 274 719 890 969 368 281 464 297 859 527 811 658 446 805 298 752 645 984 148 116 386 170 460 845 548 561 617 600 253 149 580 748 965 397 840 220 149 184 484 441 142 889 482 554 739 879 317 33 77 494 504 633 596 797 968 329 670 515 128 570 256 867 76 793 349 565 792 926 369 855 447 405 15 594 119 453 834 809 412 64 143 423 177 80 264 970 987 547 723 944 882 726 711 171 439 786 359 21 980 578 817 78 722 196 399 694 641 563 883 994 318 592 725 490 59 406 525 952 931 714 488 153 955 519 935 723 181 832 517 127 51 966 480 990 168 437 732 134 704 266 153 607 691 693 596 71 605 887 946 382 30 568 788 975 374 645 878 254 807 84 510 575 293 304 387 541 772 867 814 514 263 53 130 715 138 583 485 86 150 990 213 949 963 270 822 847 569 909 991 190 265 436 674 520 642 385 742 776 136 367 882 859 25 317 137 599 530 935 451 796 401 800 217 224 166 201 703 241 866 217 312 174 91 767 496 137 568 212 329 93 474 970 975 384 871 281 321 684 954 841 518 738 460 979 559 807 15 93 985 626 624 49 997 67 784 715 265 997 809 331 497 312 389 715 535 466 556 383 314 679 504 600 724 839 963 722 537 806 112 161 126 80 423 755 33 222 834 819 453 10 657 469 862 426 540 551 127 843 686 789 169 757 182 553 546 865 650 947 834 453 170 466 448 342 682 228 933 183 140 657 241 833 398 426 852 880 842 747 515 594 747 676 469 975 607 551 265 30 781 965 723 971 529 358 779 24 167 280 728 396 685 970 401 795 351 168 890 32 270 818 417 241 131 251 30 505 891 320 824 973 307 82 968 201 735 446 600 784 586 721 869 802 213 243 889 947 680 563 510 843 371 137 31 131 221 881 299 352 957 19 109 860 374 767 68 291 485 962 585 783 396 252 484 750 360 617 187 284 106 536 137 108 801 565 862 626 850 493 450 82 596 41 593 833 120 274 145 523 64 866 560 304 865 490 584 501 194 91 202 430 67 359
196
149 514 587 656 521 88 750 931 969 184 723 399 771 842 968 370 460 634 745 833 325 827 284 847 235 39 817 754 313 692 717 324 739 437 717 455 86 287 481 17 365 465 876 838 36 927 342 63 867 171 6 885 54 139 736 792 287 825 262 102 650 285 283 81 19 848 631 938 934 315 714 122 996 686 103 146 179 568 805 859 973 784 305 959 585 463 583 632 942 386 133 106 645 508 492 617 551 236 429 551 939 734 392 117 625 227 698 403 833 229 545 539 111 703 329 847 600 298 776 818 740 139 294 228 260 94 96 765 371 294 87 86 423 559 86 303 761 667 875 105 1 824 781 453 765 557 201 242 340 774 417 879 310 60 177 632 912 589 957 867 387 549 545 965 149 66 881 187 966 490 818 287 135 760 967 169 54 520 551 392 569 838 598 392 686 987 820 57 752 853 688 249 746 927 527 456
908
166 534 633 45 908 816 170 807 625 367 743 837 192 67 911 755 841 886 582 398 333 245 904 16 554 649 63 515 449 408 598 562 92 482 432 801 514 376 651 345 541 863 42 447 972 146 500 327 397 199 405 751 915 321 973 433 131 234 706 334 78 102 99 424 293 636 798 612 967 378 675 119 832 170 53 291 664 234 568 338 459 808 921 849 610 56 923 115 300 513 686 699 586 521 904 366 605 367 296 926 509 773 365 281 589 166 101 903 666 193 522 253 130 654 856 779 36 449 772 598 628 167 497 461 983 194 279 974 70 277 866 399 686 941 982 230 53 289 161 866 504 108 977 242 678 641 632 769 757 882 486 57 581 598 957 884 216 127 278 569 373 317 679 622 670 362 118 586 424 239 52 985 880 895 876 532 380 289 829 360 193 186 950 560 114 127 266 419 715 277 858 370 546 303 25 392 777 30 828 827 262 755 485 743 123 997 43 298 521 686 934 704 871 927 995 723 940 590 234 937 172 801 481 60 150 164 185 921 525 546 190 242 359 640 912 827 58 245 256 931 48 161 766 321 849 861 534 124 829 660 747 569 260 974 222 603 773 757 738 640 301 149 827 40 357 838 474 119 907 109 443 577 326 619 868 699 917 67 968 989 599 126 162 280 927 845 933 808 32 412 421 773 153 779 108 45 170 808 517 778 173 255 722 43 972 626 756 994 253 30 372 619 989 724 274 913 934 651 19 80 369 6 685 876 793 684 623 808 955 985 123 639 681 161 330 870 426 286 633 388 224 888 523 356 942 296 293 801 561 701 385 750 245 358 280 855 22 525 721 986 904 913 590 868 967 753 974 678 424 637 328 417 234 745 690 531 212 142 548 275 430 189 423 578 661 419 623 793 779 335 729 788 659 512 348 653 3 932 376 746 49 57 203 639 532 717 841 827 92 217 937 173 970 920 63 414 976 127 93 869 612 905 549 970 466 600 117 24 741 4 586 810 999 943 890 75 872 767 867 71 116 685 27 274 602 302 799 915 369 733 832 809 271 58 570 325 688 1000 284 901 309 498 508 760 445 136 790 506 82 211 499 389 939 925 103 690 656 780 339 854 24 900 927 931 168 781 262 392 42 54 837 874 712 603 951 180 63 567 950 329 749 416 642 765 159 140 290 581 561 129 655 76 923 163 686 411 43 28 127 501 733 905 729 693 20 885 450 207 887 830 522 985 623 679 345 322 885 553 618 489 949 20 86 762 83 806 825 843 201 4 884 46 681 269 340 782 944 10 640 262 826 570 879 542 1000 713 114 517 763 17 252 843 127 330 366 743 167 62 45 926 65 504 180 309 954 533 35 604 500 380 697 32 338 76 34 256 540 344 443 82 221 99 682 872 682 456 535 468 106 396 234 383 461 777 603 910 217 384 874 956 416 184 157 79 947 958 441 702 516 664 79 570 235 831 633 437 186 506 219 581 919 948 793 664 178 107 568 97 793 524 594 423 682 487 807 919 794 271 621 676 772 834 473 257 432 694 117 234 766 969 160 364 693 197 927 602 383 87 118 14 462 183 649 203 527 657 157 260 77 661 956 927 418 823 906 927 825 106 649 481 957 924 951 190 76 220 947 189 872 79 482 59 21 534 351 218 343 569 346 148 972 808 838 877 296 607 162 546 153 363 556 509 450 941 950 994 287 985 613 271 195 727 674 145 530 567 895 726 220 810 724 204 113 757 894 78 198 868 770 947 78 311 761 692 410 867 203 616 581 400 988 38 121 485 324 19 236 831 491 307 420 784 290 719 233 641 932 165 830 421 965 295 830 384 374 176 649 934 176 88 196 933 438 287 661 315 124 530 721 81 870 721 850 110 952 74 407 422 491 5 2 109 888 593 684 32 370 173 649 904 689 164 171 12 419 799 603 338 661 824 592 865 535 683 148 69 287 278 61 793 240 256 467 925 71 690 240 219 729 270 662 618 479 851 214 441 990 212 190 988 524 923 180 34 713 435 239 173 465 118 399 506 300 707 194 112 684 73 331 445 848 230 946 422 149 579 211 79 431 271 746 898 267 83 546 466 769 525
845
347 841 367 533 190 688 905 535 574 86 976 317 903 73 56 434 215 830 358 194 892 469 395 675 428 233 980 824 734 775 58 850 578 113 542 358 517 463 790 250 81 670 984 418 389 79 108 469 48 250 932 81 418 224 57 150 423 209 390 620 432 133 183 925 122 84 887 29 66 309 771 765 726 504 62 983 646 950 697 311 892 346 375 545 833 305 813 771 500 463 804 177 184 945 660 791 601 808 680 756 890 390 983 76 928 38 365 688 78 543 763 537 729 823 339 272 301 49 954 547 357 41 224 592 516 81 593 8 495 649 717 191 166 713 473 279 191 6 269 726 871 94 452 467 564 130 700 307 662 916 585 838 134 768 683 199 322 901 109 560 831 81 51 809 730 129 47 622 868 928 65 975 506 797 455 530 52 714 208 658 566 22 540 814 67 268 503 876 349 329 89 849 492 326 326 543 982 61 393 407 820 19 607 209 173 216 602 549 307 543 583 314 12 17 920 939 633 204 859 306 915 619 773 41 322 893 838 602 317 341 217 651 533 825 15 983 731 135 632 901 12 468 467 306 765 54 415 670 619 579 679 711 199 627 985 759 117 290 192 141 678 711 632 884 763 201 235 420 844 747 749 80 610 76 774 197 455 474 434 780 890 603 704 843 714 924 113 737 289 972 788 978 262 658 682 628 98 698 121 773 410 78 157 421 971 947 635 183 337 72 318 380 897 999 35 715 764 784 873 91 326 177 759 178 531 506 301 80 686 37 702 922 910 420 734 196 910 525 696 904 724 947 721 977 618 217 524 754 584 656 809 429 46 413 864 325 987 299 924 486 21 883 397 5 876 439 130 804 592 239 922 149 294 594 355 136 909 519 494 265 615 44 320 411 356 178 728 900 851 697 230 72 279 527 715 730 389 417 301 794 426 439 884 725 404 338 82 443 272 955 629 784 80 331 694 817 873 812 482 519 974 902 488 108 295 886 902 58 336 466 82 121 202 441 578 172 854 232 67 797 205 315 529 632 540 903 404 781 276 677 813 779 876 437 398 639 434 128 604 144 167 225 15 797 291 67 933 393 74 209 465 31 64 314 274 585 890 913 546 220 825 686 308 979 996 820 289 953 588 2 566 493 863 282 559 224 794 567 256 800 229 82 74 547 460 75 854 157 225 481 343 637 623 851 164 275 299 554 98 234 890 17 507 646 922 263 650 374 927 212 165 909 621 706 515 593 240 478 535 860 342 397 289 906 704 749 151 192 59 694 405 932 539 539 895 187 738 986 282 538 966 177 826 860 521 413 779 564 273 760 608 514 600 722 117 119 129 606 192 62 404 472 953 492 922 422 544 867 709 423 794 854 637 937 165 382 354 189 770 171 303 703 445 359 884 869 794 568 551 551 797 696 220 495 24 331 872 720 255 378 510 4 785 205 212 372 925 747 728 656 153 444 83 579 328 31 173 303 749 838 32 995 140 853 383 53 182 938 189 342 290 383 587 639 699 235 239 482 891 770 403 712 1000 35 124 389 255 492 754 308 143 205 673 686 400 195 507 347 605 486 433 563 782 271 644 831 262 948 208 810 23 805 848 743 459 809 450 227 287 856 755 726 526 168 916 571 97 670 894 413 197 138 139 934 389 272 495 819 952 288 997 675 165 923 219 111 629 582 398 494 602 405 744 339 76 61 499 611 685 704 434 410 740 485 420 940 340 441 435 842 360 393 454 502 706 451 86 663 614 268 370 634 217 824 109 357 516 970 416 776 198 294 269 128 46 317 33 895 583 929 333 639 912 949 623 132 661 84 875 468 592 26 753 252 34 11 206 839 607 342 811 89 487 933 709 216 445 860 205 14 453 338 955 973 645 361 30 368 199 950 651 631 136 83 290 675 785 669 725 544 892 585 472 679 325 711 202 986 545 755 235 673 556 609 882
