443
417
216 541 383 479 302 932 370 939 365 968 317 99 880 525 951 49 216 458 326 943 382 578 414 318 437 239 290 984 895 806 432 471 558 561 701 348 950 726 70 839 334 572 389 479 289 276 802 451 99 240 207 268 681 896 546 344 246 992 823 301 355 768 726 314 835 573 760 583 436 579 970 163 834 180 244 59 828 395 89 268 435 642 772 466 644 404 155 420 73 396 695 523 920 36 681 27 468 513 820 798 363 21 719 611 208 407 652 164 414 909 211 986 82 398 256 981 630 931 973 423 752 793 472 830 430 352 644 579 980 166 52 128 563 762 678 466 172 654 327 464 673 285 101 175 813 831 559 425 834 266 595 962 813 538 793 532 508 154 849 153 534 779 888 816 473 338 728 168 130 930 924 713 847 969 554 777 320 743 945 293 963 581 739 600 121 861 287 720 74 860 206 451 678 808 217 545 666 642 565 847 326 972 784 990 323 89 502 910 628 708 906 12 822 689 394 53 344 369 678 210 33 842 828 278 43 269 112 490 606 409 480 98 613 206 186 695 205 80 349 529 820 942 632 493 779 807 128 38 443 612 506 786 423 845 471 502 108 490 248 32 843 466 967 706 755 385 620 61 776 983 751 879 785 244 180 716 314 168 181 711 825 264 613 635 460 695 73 488 776 68 816 506 211 164 759 5 611 287 462 448 615 869 79 737 104 459 801 459 285 717 761 403 177 575 181 963 80 3 635 181 260 209 698 479 338 903 653 73 527 663 89 393 445 527 141 336 613 182 928 888 424 947 853 822 865 500 518 539 139 742 687 550 136 624 423 713 439 117 814 260 528 901 727 915 977 5 562 810 145 373 966 415 609 678 627 857 520 172 844 461 369 607 758 506 295 983 787 173 964 611 557 21 155 742 774 806 200 370 907 587 477 948 322 476 394 892 359 832 857 111 141 670 431 154 75 329 601
751
927 181 119 8 252 548 98 367 84 428 904 148 678 14 436 290 666 752 619 662 908 969 745 105 348 81 609 178 22 154 474 52 19 678 196 561 764 303 68 326 17 646 236 328 829 616 461 910 805 494 378 23 855 201 938 895 597 807 961 413 41 341 384 766 166 987 758 946 919 7 745 245 274 691 608 401 493 774 829 560 110 594 271 822 667 75 310 688 680 69 15 422 450 411 879 203 666 639 472 818 305 525 397 949 637 368 656 885 516 337 899 66 313 26 98 957 433 41 27 825 703 69 383 697 564 740 905 384 258 909 790 520 647 727 129 760 825 710 269 271 42 92 800 87 279 584 132 207 1000 467 620 930 405 259 234 695 499 899 191 771 297 311 315 118 692 771 336 255 828 300 50 672 599 372 928 670 517 53 979 679 845 633 113 525 842 885 194 817 612 378 979 867 851 982 629 575 207 140 883 79 708 949 873 107 393 95 784 571 186 465 966 309 365 857 973 344 710 931 630 137 616 303 731 852 151 584 227 441 394 616 19 243 628 272 266 545 28 959 383 164 111 858 402 700 310 602 387 793 879 12 411 576 254 286 120 271 565 818 505 293 786 183 260 689 464 161 631 727 573 27 509 960 197 131 338 846 214 18 883 378 186 298 585 506 78 789 323 99 609 132 276 333 691 218 82 330 57 188 982 31 110 179 607 577 86 537 707 242 980 897 57 293 329 212 245 980 324 443 105 414 990 85 506 685 787 320 310 495 21 239 700 595 106 152 895 734 828 650 846 417 13 154 359 511 386 20 690 486 502 377 867 416 931 332 63 105 761 529 469 993 271 802 231 619 425 587 716 974 398 140 870 812 17 500 939 686 908 901 301 90 453 517 557 263 756 950 833 317 390 905 663 741 171 501 349 402 307 9 937 976 174 87 778 795 269 452 376 262 320 920 203 125 780 715 559 557 290 549 833 744 756 296 40 553 435 772 220 43 427 93 405 732 527 364 642 235 972 888 757 756 601 482 839 773 323 421 433 681 993 567 497 621 510 72 136 114 440 412 830 106 133 908 644 820 382 979 288 29 933 398 945 798 121 276 532 840 696 17 465 880 985 338 669 745 245 989 781 468 758 222 942 248 203 839 292 968 84 73 114 123 344 423 180 344 761 748 134 933 680 780 496 281 977 841 65 714 383 592 449 831 31 541 456 876 395 965 874 15 295 607 836 882 719 335 483 80 914 765 718 329 205 254 455 803 701 94 618 782 934 145 29 227 731 961 168 803 156 735 931 518 226 656 211 578 716 822 573 29 227 34 576 765 727 590 539 920 54 344 387 766 424 557 426 535 601 424 367 435 374 326 392 242 487 266 256 69 510 400 782 986 493 304 640 647 834 52 276 226 806 953 974 525 450 455 961 392 133 629 89 494 775 744 576 464 104 528 239 403 687 798 904 579 173 723 874 655 948 389 958 552 652 749 529 645 308 700 294 405 360 262 623 51 333 770 62 264 603 758 726 321 226 573 859 460 459 399 369 205 635 981 623 346 442 919 161 156 527 623 713 108 82 202 222 803 415 702 974 575 630 329 418 826 770 372 590 405 914 458 446 493 242 604 840 532 745 135 968 383 749 151 331 917 644 12 704 799 839 827 888 662 824 452 654 43 958 704 286 248 304 467 451 288 486 108 170 145 549 61 159 878 188 306 277 619 272 367 794 882 714 286 516
164
681 674 802 823 917 381 684 966 970 640 642 286 685 910 990 203 115 933 876 453 469 487 6 934 700 30 31 716 632 973 824 506 987 73 35 781 596 766 348 283 23 508 543 898 776 217 834 817 93 42 916 153 301 36 914 886 610 964 958 853 682 24 612 373 410 487 272 570 526 117 311 861 550 562 76 201 941 98 805 536 291 838 606 901 211 732 325 175 831 563 607 165 760 570 785 852 145 127 779 937 231 986 452 649 621 656 586 807 492 118 463 7 787 844 490 520 588 599 806 47 263 469 159 466 247 258 563 375 247 587 876 601 582 962 426 476 757 902 161 802 302 756 619 364 778 103 649 904 463 497 613 664 956 433 465 814 999 209 245 608 566 282 514 288
169
615 714 273 268 250 487 994 933 843 37 354 954 763 56 473 582 682 444 823 434 922 808 933 551 557 34 129 826 101 456 290 983 623 923 705 121 528 299 675 988 752 174 767 696 462 905 796 73 521 276 471 903 665 857 114 73 412 306 136 294 39 841 865 566 367 659 450 874 124 413 492 540 979 739 771 390 367 765 104 222 111 772 305 272 496 833 433 4 370 897 706 794 561 129 323 246 198 615 45 181 438 977 356 710 624 605 56 75 87 894 236 807 491 330 378 432 814 58 377 333 144 989 532 398 618 3 457 519 747 929 258 902 673 934 831 57 739 720 698 632 856 528 416 994 626 724 669 387 76 72 136 129 706 704 671 156 406 268 674 477 823 467 504 405 352 42 682 739 12
591
141 884 886 458 190 126 535 266 573 697 265 860 663 889 401 863 775 127 340 338 795 150 380 950 446 36 908 640 239 640 542 412 459 731 723 865 14 180 789 460 475 705 479 157 892 756 930 419 471 713 253 571 592 518 480 941 619 558 711 913 190 498 149 479 716 86 52 817 979 765 234 257 493 961 895 222 820 693 449 925 870 949 834 99 780 539 307 469 184 961 365 926 352 115 103 896 983 652 88 242 582 136 418 928 747 219 578 844 398 567 323 896 935 357 700 643 930 86 60 361 841 519 714 684 165 94 945 579 61 530 551 306 467 220 932 3 894 90 632 433 382 171 701 766 38 156 701 474 369 58 963 637 690 915 721 863 439 35 611 743 715 537 453 752 199 767 569 172 520 995 927 708 731 724 503 437 935 955 444 524 450 187 945 710 17 152 814 353 636 236 866 939 494 968 989 167 655 724 544 1000 118 461 518 939 248 768 45 351 380 92 341 882 547 72 158 789 429 492 675 594 168 899 454 923 540 329 190 152 544 4 78 892 535 707 947 63 14 198 838 210 268 289 580 574 919 257 699 473 124 92 242 746 960 491 292 429 770 51 69 430 895 16 118 887 147 646 27 586 773 434 428 448 541 11 929 300 131 736 251 20 667 448 857 626 809 629 823 613 427 42 748 726 832 450 657 714 762 702 22 790 653 665 692 358 547 723 176 319 248 512 784 818 850 877 392 361 220 880 148 487 857 291 955 758 416 549 564 468 415 431 914 762 169 475 423 1 115 651 410 246 964 721 775 653 180 730 610 358 870 289 636 640 704 748 125 966 1 308 930 742 504 886 550 594 867 762 756 439 98 414 759 678 930 833 690 150 876 332 216 104 530 851 230 836 457 362 802 675 5 333 38 537 702 208 820 559 294 587 472 517 185 656 325 183 735 349 33 750 422 467 518 601 631 305 816 518 508 703 996 607 991 794 411 94 180 174 969 325 593 950 96 524 807 62 652 439 733 791 948 789 859 686 104 30 598 182 34 906 44 124 733 879 627 695 879 825 366 496 205 295 611 644 639 257 854 126 452 914 136 929 48 604 545 608 227 947 15 530 917 448 8 57 625 430 600 900 617 599 755 691 625 370 99 297 42 526 195 567 556 877 943 146 519 837 417 743 937 150 798 195 366 61 615 173 278 84 366 278 938 731 117 969 327 298 321 907 871 889 924 803 708 526 337 656 171 840 459 137 274 195 586 310 914 479 60 330 782 796 576 920 86 845 865 909 718 377 489 405 985 29 528 535 112 230 901 125 787 84 417 531 596 420 205 136 292 646 270 211 177 510 299 463 298 665 433 979 840 663 560 576 846
589
653 306 4 901 594 24 136 293 63 677 333 812 805 46 925 730 131 999 73 59 512 191 765 649 641 167 421 868 956 64 10 81 808 601 461 226 308 946 739 801 510 886 19 374 194 201 232 941 934 1 695 227 234 942 850 341 485 250 311 833 914 105 615 470 685 271 853 435 648 950 335 557 243 960 762 220 109 141 441 771 984 100 534 595 283 159 901 569 831 714 814 240 528 191 194 729 636 360 236 995 399 907 416 3 413 391 430 645 158 550 967 994 396 361 166 517 407 522 549 582 473 8 795 665 675 481 900 635 94 349 276 708 360 140 715 869 147 494 158 181 213 725 212 726 251 874 873 628 222 22 250 835 866 735 633 959 589 170 367 20 461 840 601 889 696 830 522 965 727 565 58 462 526 784 48 619 425 969 149 788 889 632 801 678 89 174 852 416 179 627 93 246 522 132 271 829 382 708 986 745 876 139 91 122 712 126 857 926 914 268 127 369 543 243 346 876 813 27 682 31 119 23 207 172 312 223 436 9 360 5 314 557 757 959 128 751 809 77 65 895 506 484 624 713 640 132 922 434 984 298 902 363 293 690 245 903 904 275 103 105 551 686 585 948 441 492 520 796 131 582 352 947 224 834 308 703 984 465 682 222 351 547 186 199 355 99 398 721 717 252 114 376 654 989 322 212 462 672 66 768 787 415 641 829 644 478 290 113 1000 540 874 129 831 938 129 118 566 394 983 113 306 731 300 522 780 430 411 544 764 371 877 477 186 586 125 488 827 450 273 634 17 970 178 424 708 532 820 744 322 441 759 662 510 538 199 398 573 544 770 93 581 377 438 348 599 329 294 899 612 211 764 66 65 957 314 356 44 225 147 871 606 554 763 198 632 159 593 771 967 896 425 484 689 598 299 513 596 414 632 382 521 90 703 222 767 696 793 206 696 86 745 951 611 255 760 158 57 418 951 521 293 242 695 352 699 117 841 844 844 223 687 812 823 982 325 440 884 532 25 520 115 218 546 566 557 565 215 675 572 398 305 807 476 402 188 175 630 364 551 685 453 107 648 666 369 415 646 929 336 309 51 777 189 212 726 500 324 563 729 132 271 515 230 495 68 996 861 591 261 858 877 291 339 315 135 231 73 970 378 312 561 462 461 187 464 233 73 809 523 206 465 648 358 452 668 253 83 366 146 617 651 233 962 317 573 571 535 81 506 40 676 231 663 445 691 912 90 188 400 257 541 898 701 966 826 307 479 523 386 479 713 991 277 680 205 593 553 283 257 751 141 871 809 308 466 353 791 43 639 923 174 322 476 953 489 305 179 45 416 831 989 640 654 815 77 742 181 772 994
831
848 457 766 700 643 459 872 359 573 18 839 445 203 25 601 418 381 444 675 891 57 112 465 30 142 85 47 656 783 551 947 619 538 81 374 548 364 987 571 988 309 17 358 690 123 392 787 441 925 894 511 261 884 260 186 743 513 507 978 114 402 312 992 122 665 189 24 856 518 807 294 253 507 547 179 383 165 568 85 964 835 84 478 674 990 760 77 705 667 463 114 590 589 879 441 512 580 977 968 255 164 317 320 563 881 864 790 948 695 252 222 196 492 815 933 971 344 724 589 794 233 617 426 188 109 954 669 150 415 151 43 337 890 993 58 112 917 46 441 928 946 43 443 407 369 605 938 272 902 174 912 680 823 826 596 714 728 582 887 30 135 251 645 16 324 724 103 788 401 75 929 435 635 594 191 121 981 285 887 946 283 114 453 587 542 983 538 826 574 395 668 87 301 788 279 918 204 429 824 640 534 32 766 151 136 956 49 193 155 12 876 733 112 710 910 443 583 843 417 948 390 432 640 873 663 787 125 463 199 896 659 872 989 361 919 614 104 221 900 690 22 897 50 656 786 57 708 797 564 237 324 247 933 512 4 10 648 127 969 998 985 696 668 219 180 297 476 356 230 583 518 376 351 449 325 959 964 576 339 867 522 612 296 521 750 407 200 496 554 590 222 599 723 213 236 35 953 855 460 533 188 178 936 179 605 446 529 205 645 420 241 852 602 328 388 153 956 63 450 553 499 427 78 824 436 209 535 182 915 892 340 192 568 56 517 387 486 428 342 137 359 994 844 196 144 765 507 124 941 291 732 189 971 702 979 441 478 925 182 897 450 646 402 460 670 425 164 189 445 491 395 986 283 107 385 936 344 456 458 344 212 17 513 304 255 778 478 214 163 787 595 521 453 759 684 946 763 403 789 937 769 496 91 587 623 800 974 830 595 472 323 460 312 915 757 340 680 32 224 615 398 841 262 378 829 482 544 185 76 914 454 147 785 164 898 481 290 175 190 518 170 294 442 377 60 286 230 374 806 985 248 597 317 27 767 110 131 343 609 476 665 26 341 598 152 161 953 881 351 417 487 326 926 43 674 80 864 582 206 886 811 312 725 899 555 165 429 953 59 366 50 663 601 705 887 54 198 627 389 601 92 929 202 256 131 108 532 419 364 211 663 846 500 931 451 332 985 573 424 775 544 416 974 256 876 736 861 909 380 288 285 17 132 793 809 879 923 311 73 248 999 229 938 344 843 218 144 533 764 656 736 340 804 55 551 750 682 235 268 161 486 499 582 622 549 700 81 536 379 806 59 938 910 155 201 441 957 19 724 206 723 229 660 389 400 822 273 460 334 674 742 932 940 656 299 108 968 449 780 384 200 626 379 917 413 512 214 273 171 916 125 730 1 608 729 437 323 498 185 828 965 436 360 585 969 378 605 150 191 583 897 916 6 440 869 823 550 699 646 426 686 565 205 155 4 983 354 840 380 206 306 436 186 610 169 927 959 50 97 154 204 350 862 832 860 734 892 138 130 446 80 197 29 341 323 35 178 981 978 277 90 471 337 970 566 505 982 363 212 514 571 235 849 991 673 318 687 576 493 155 69 484 312 766 844 846 320 837 370 773 21 940 737 722 96 387 324 729 488 341 903 790 633 107 295 567 402 996 371 53 711 129 561 880 389 298 736 430 439 789 229 351 433 783 606 443 904 812 510 22 548 898 38 660 350 50 72 769 977 926 604 956 227 924 342 799 59 884 437 564 150 368 852 428 883 118 85 978 724 562 574 88 176 52 206 447 161 102 824 271 28 454 988 724 936 85 420 535 512 194 830 284 843 766 845 774 358 119 960 123 269 558 722 343 233 760 182 911 657 141 404 1 407 759 17 366 130 353 991 837 928
573
296 910 859 975 74 246 910 20 5 488 709 741 36 660 329 131 127 577 577 476 996 611 810 364 355 478 895 960 860 620 932 816 749 873 182 983 344 785 61 253 585 711 740 192 821 570 20 471 14 704 638 419 378 777 108 329 410 992 642 452 870 347 762 332 298 81 539 139 395 341 80 951 101 732 721 4 716 203 970 108 671 100 819 979 109 776 914 211 967 317 37 214 477 838 634 199 327 79 527 225 703 81 909 598 657 198 573 778 957 844 790 623 259 226 56 976 931 547 779 927 458 156 946 144 593 76 334 938 189 919 55 511 467 366 948 967 796 532 900 419 847 550 990 862 469 907 384 548 938 259 831 999 685 659 637 544 314 453 75 207 912 418 995 546 909 779 828 936 397 735 446 672 93 17 287 585 800 556 90 777 955 939 878 532 72 189 673 933 60 612 106 181 43 49 581 791 263 86 650 22 180 84 52 181 742 295 863 987 801 77 858 270 987 411 999 369 151 172 509 555 286 820 477 71 363 902 67 576 815 422 659 333 233 850 127 303 463 309 101 83 998 658 4 790 580 592 220 750 591 262 310 340 862 928 501 509 30 276 829 844 140 7 343 591 860 321 261 289 170 593 167 728 590 556 531 133 420 966 565 353 641 988 73 831 622 22 936 502 815 391 790 829 439 459 5 242 272 372 903 556 310 375 159 205 606 130 89 836 590 434 571 508 636 807 414 475 619 779 211 948 508 578 230 940 612 993 651 218 987 965 217 725 981 432 868 75 199 953 109 899 41 747 461 935 863 970 244 309 666 690 982 662 691 16 539 885 877 829 448 607 617 606 299 192 75 162 129 603 626 403 46 951 515 386 995 629 858 453 497 382 678 960 835 523 335 287 145 788 360 716 543 541 990 644 129 289 597 794 302 957 834 983 937 921 858 500 401 726 512 483 812 933 587 198 17 384 681 783 779 702 696 651 707 679 576 767 880 781 775 218 576 571 621 57 449 791 418 163 831 503 19 167 492 799 566 329 424 851 329 755 39 962 642 984 322 502 157 809 485 448 692 787 998 861 177 173 546 897 24 47 229 507 976 960 936 359 54 507 13 786 843 367 696 318 607 896 115 301 156 656 974 840 890 725 60 193 555 128 924 546 153 56 939 730 991 899 943 790 167 361 509 100 674 498 122 874 288 928 706 74 725 506 756 359 828 992 633 705 437 559 173 598 803 942 987 272 455 756 932 108 120 908 150 788 122 684 525 892 90 232 309 843 157 9 387 960 130 802 660 268 399 922 487 974 323 595 220 384 259 94 336 929 988
934
770 109 295 883 587 754 202 217 712 783 704 75 865 704 152 889 168 558 587 594 168 706 979 872 939 789 747 887 682 366 872 302 693 288 363 183 486 622 42 794 668 481 735 983 612 798 424 350 865 669 253 280 780 547 384 13 768 182 935 208 366 959 380 885 200 888 886 99 209 841 831 808 296 775 203 868 486 336 594 855 318 193 216 377 338 959 258 117 748 644 108 4 315 51 906 649 171 902 533 48 636 256 109 23 488 594 554 115 134 252 316 457 616 747 763 456 182 711 926 689 166 555 316 582 340 728 855 703 374 508 972 885 634 887 166 939 104 895 311 221 499 54 652 171 612 986 115 320 594 607 605 65 21 265 426 967 914 6 500 401 360 490 3 183 836 216 105 791 555 201 243 915 78 739 683 32 325 503 654 347 404 115 105 417 533 573 484 542 854 677 70 142 296 788 578 480 655 960 343 992 873 89 959 958 764 937 918 540 544 725 111 593 924 106 442 306 356 130 394 770 856 34 406 409 804 239 373 87 814 738 931 793 973 738 150 530 777 101 434 244 446 383 214 820 741 241 673 267 645 266 350 962 714 283 671 373 469 62 287 155 230 464 114 412 103 992 892 872 349 835 694 904 319 277 905 961 633 527 179 575 471 249 690 504 983 786 645 208 653 106 356 913 561 184 910 26 99 453 245 894 346 259 656 3 112 294 523 709 766 377 499 297 725 486 233 699 249 594 290 126 927 999 672 311 381 558 847 170 366 511 242 532 228 699 153 924 276 68 854 939 156 447 931 816 838 946 115 731 315 364 256 386 954 186 170 895 797 482 500 989 735 573 180 914 614 715 335 969 585 826 675 99 792 920 685 241 36 899 370 909 150 266 884 896 232 117 369 484 562 133 335 619 283 979 538 766 914 820 35 798 497 258 264 326 768 203 902 218 649 148 70 278 461 315 106 639 491 977 391 784 455 841 517 330 400 1 84 177 14 952 421 850 764 92 284 914 387 505 340 504 470 618 913 753 593 470 461 536 252 621 306 514 281 839 346 291 391 474 160 707 804 385 458 354 813 931 529 771 577 418 427 419 259 704 806 97 314 194 840 406 582 187 509 447 127 450 36 791 65 848 205 678 866 418 721 331 94 320 780 117 785 845 995 376 69 751 568 597 315 526 232 201 866 132 138 707 574 476 262 204 361 64 262 101 910 540 410 854 816 533 394 584 263 833 722 607 847 402 837 97 801 173 151 950 241 750 876 408 967 609 515 815 986 835 591 319 7 251 67 931 960 938 334 37 515 353 371 661 979 378 693 768 447 161 902 764 731 258 113 529 29 378 390 616 373 285 737 444 243 506 229 502 341 355 486 761 268 579 874 529 469 293 714 377 394 413 870 193 701 664 297 334 458 321 613 614 971 640 676 986 86 70 433 111 930 326 313 673 405 648 300 644 907 804 171 528 491 764 649 738 512 209 885 220 909 802 975 741 162 54 562 650 372 509 284 557 890 156 708 76 715 756 518 796 242 478 685 923 275 623 751 528 535 264 38 463 164 422 732 209 47 79 587 245 927 400 568 714 510 461 978 684 95 695 695 183 873 29 458 244 753 899 634 387 872 306 448 872 134 882 107 901 465 130 314 760 626 572 827 412 93 923 130 437 676 303 905 150 614 858 134 502 995 360 343 823 629 444 30 806 378 223 706 274 479 7 167 756 652 622 253 636 581 374 633 896 128 271 662 831 499 815 3 211 196 260 756 773 359 241 660 561 382 51 253 54 679 950 153 624 508 759 92 569 128 469 880 66 676 935 253 728 614 431 514 757 632 485 731 658 391 288 983 419 742 325 74 775 792 35 623 929 398 477 16 720 888 463 274 403 459 173 37 775 411 87 209 693 777 718 771 924 534 207 697 24 354 263 189 3 617 140 559 497 715 233 185 133 684 338 37 435 302 470 932 293 534 261 570 548 903 814 388 631 581 305 134 483 595 708 135 363 483 146 346 918 575 254 300 984 332 222 43 927 762 112 606 344 242 811 725 789 143 398 753 154 742 30 980 991 303 215 523 896 477 298 90 49 625 850 731 468 619 50 42 26 19 702 251 328 380 499 979 68 711 618 286 837 619 694 188 15 17 27
930
792 815 778 80 973 844 295 489 798 895 435 543 665 183 978 213 903 122 606 366 321 871 554 416 871 928 135 402 230 400 621 829 100 1000 716 100 524 840 177 263 272 493 504 571 978 949 191 92 883 340 217 616 926 711 668 574 527 525 379 259 586 26 900 380 252 521 296 939 545 343 900 536 338 744 631 228 804 458 798 708 647 278 359 753 29 539 768 226 850 952 640 587 528 593 905 914 303 448 594 456 341 651 863 523 572 484 523 150 979 667 492 522 864 478 3 790 220 362 804 85 64 756 315 363 10 297 119 497 194 463 611 743 973 561 680 277 233 323 219 680 797 640 402 880 41 430 584 488 827 526 985 709 378 647 335 151 217 613 993 753 87 621 652 617 659 573 282 330 143 438 970 92 964 545 512 403 456 403 529 478 98 131 138 373 986 117 367 736 452 210 947 79 166 174 1 674 399 634 474 154 324 46 876 639 609 652 395 358 877 102 204 472 32 720 420 600 23 597 453 711 59 313 514 963 664 969 433 393 169 648 72 795 617 74 779 705 546 933 933 8 79 565 216 748 708 124 231 882 808 77 945 728 122 99 369 966 255 868 314 870 701 640 936 357 399 801 894 847 410 792 93 405 284 481 3 53 595 38 322 610 211 207 845 888 72 421 952 906 971 610 87 600 987 6 404 581 803 411 229 486 512 638 540 55 637 691 496 33 893 14 435 663 376 618 729 195 442 55 925 339 574 169 56 195 97 321 661 725 677 551 856 546 365 419 383 675 955 996 786 394 619 281 257 567 535 8 248 995 747 957 55 626 935 388 7 616 830 985 398 137 757 2 298 373 810 408 539 367 599 289 722 610 473 865 407 856 334 166 406 504 318 760 217 397 272 716 478 15 234 912 424 226 707 678 228 329 794 229 830 60 992 199 195 921 494 369 39 912 794 623 974 188 289 323 655 272 710 402 869 485 986 619 450 551 246 476 362 212 216 182 151 889 676 461 79 929 725 272 526 319 235 663 935 270 24 231 260 248 454 524 794 828 992 684 944 735 623 831 851 241 95 410 293 125 214 879 99 920 458 871 525 639 854 115 135 48 84 340 671 412 422 853 64 833 470 918 988 66 60 599 263 146 201 473 408 396 116 50 930 59 177 108 572 512 856 901 456 445 53 609 669 871 73 355 125 265 806 84 898 49 788 716 645 493 825 40 850 504 730 793 44 438 105 399 537 797 401 500 113 917 820 655 508 721 328 625 759 801 786 964 978 38 371 545 748 378 923 587 690 836 489 514 928 144 553 38 843 297 243 820 213 386 307 998 699 103 88 849 493 46 189 686 653 342 750 595 106 773 863 529 279 876 756 793 802 740 516 73 835 911 272 737 905 998 758 304 818 404 746 829 4 491 571 951 203 36 920 361 526 145 421 142 903 193 452 985 429 654 141 932 835 416 800 524 142 124 1000 731 218 144 840 103 691 811 265 217 626 529 440 992 836 755 205 539 356 551 40 422 827 196 456 396 624 80 49 644 625 4 432 441 397 914 570 305 786 494 494 499 180 584 183 522 729 596 274 171 118 9 46 307 219 306 974 82 303 231 120 798 96 439 442 954 412 797 605 672 455 110 607 566 601 838 980 417 148 979 712 49 368 813 159 750 381 866 560 458 484 845 654 679 603 863 15 636 794 835 934 250 138 525 978 884 943 35 19 101 350 746 740 945 91 526 22 898 864 411 171 339 672 568 402 57 963 257 77 533 294 903 964 812 187 182 918 295 241 823 106 957 599 202 221 945 411 283 274 745 685 402 751 936 32 833 267 829 411 425 836 756 228 43 611 694 842 337 851 819 465 599 83 327 912 260 745 871 49 953 67 871 294 802 555 423 255 169 922 769 62 56 818 903 214 141 279 432 263 835 822 711 936 798 72 670 371 232 890 88 79 906 157 791 302 17 209 601 946 1 50 12 757 768 181 648 219 920 640 408 978 901 776 560 992 852 150 985 485 452 543 402 228 171 585 139 654 388 405 184 517 244 623 842 942 516 192 614 247 535 923 776 639 876 821 575 53 781 339 465 710 856 916 504 608 214 9 722 942 382 949 841 133 809 555 54 705 307 42 113 175 215 812 39
243
541 187 883 530 671 280 275 138 659 415 53 257 435 22 463 193 724 830 427 735 264 391 358 946 853 627 952 964 717 645 590 340 189 60 857 33 884 970 822 478 696 884 835 274 350 72 288 805 614 603 441 360 685 875 920 711 884 704 159 569 839 60 735 158 714 475 494 775 282 886 582 885 695 416 554 967 509 117 955 208 417 213 137 193 930 464 282 859 723 292 298 637 687 461 112 950 177 324 401 252 980 899 571 202 879 454 89 216 164 296 660 256 976 626 549 894 545 750 830 74 925 842 930 259 753 469 550 646 449 760 705 491 786 213 475 869 982 222 512 437 959 12 778 299 367 601 276 125 351 266 681 347 77 661 977 129 633 882 944 813 496 405 611 70 86 255 99 665 946 753 304 949 752 752 718 963 649 552 478 863 693 763 528 261 911 340 226 394 75 508 207 873 29 686 753 253 581 12 277 590 390 836 29 921 202 940 76 128 758 967 423 787 697 733 887 341 687 31 458 724 69 79 195 980 681 32 127 153 625 964 595 173 625 178 624 308 806 165 865 523 279 296 59
967
870 551 249 320 122 317 19 167 330 313 902 876 622 33 869 224 205 608 992 696 960 828 781 419 529 607 597 56 861 917 69 656 808 166 441 114 541 102 422 268 217 646 580 523 927 675 480 718 590 555 759 675 442 727 519 348 907 437 711 109 451 544 128 493 939 148 460 310 38 424 899 331 682 941 410 757 548 928 660 477 377 507 583 314 682 211 387 871 966 671 929 554 315 513 533 743 669 848 322 285 912 139 830 847 606 763 33 890 718 390 223 610 664 264 162 708 645 250 377 472 156 324 933 47 825 628 668 643 411 144 43 543 439 233 525 169 580 309 767 505 215 727 126 510 150 261 841 932 405 593 601 325 426 603 331 209 977 193 318 117 505 79 514 399 269 963 167 292 102 982 970 979 633 637 703 282 180 549 243 240 841 400 622 451 391 698 410 747 528 95 892 353 159 312 45 855 189 678 412 326 685 823 731 160 114 199 136 886 939 966 859 694 686 393 353 788 847 324 749 401 114 682 254 700 669 875 712 488 493 109 621 531 964 760 107 353 560 237 251 963 112 432 656 858 519 395 794 383 988 911 572 688 291 674 147 789 902 855 946 895 162 200 534 3 698 913 386 612 541 445 418 37 833 312 134 370 243 762 625 66 252 702 483 650 225 917 832 156 838 340 67 380 530 832 79 514 444 401 447 168 808 339 671 268 234 994 117 587 854 423 595 218 529 513 771 701 118 865 875 647 533 466 17 270 562 440 206 259 528 377 956 819 653 621 339 302 970 469 989 863 678 184 497 263 760 228 762 549 889 223 150 84 699 42 520 301 65 25 563 590 642 107 579 634 498 472 93 955 246 902 623 692 51 583 48 546 316 527 547 34 385 781 110 609 606 713 683 661 707 993 883 241 138 393 687 125 907 709 928 21 862 509 372 236 984 320 245 988 384 244 535 603 104 191 80 792 826 402 453 301 562 510 738 106 274 963 958 441 439 163 63 981 431 50 561 157 2 758 869 205 404 630 724 458 115 410 363 834 956 287 919 397 39 603 679 872 958 609 311 718 665 422 158 500 163 790 668 995 102 169 622 598 575 356 932 574 16 220 243 180 36 166 759 640 113 106 820 792 376 232 770 237 926 520 54 843 699 63 900 40 632 289 41 903 953 497 807 339 802 522 991 384 400 605 824 342 49 587 748 125 416 599 663 537 504 440 59 366 398 621 776 34 144 148 470 635 207 626 684 864 862 894 459 49 626 524 565 673 52 409 434 883 632 303 944 823 775 560 34 791 308 346 710 34 807 196 925 68 542 823 807 931 730 159 253 777 409 814 679 752 890 999 63 542 64 212 872 538 234 854 66 697 915 544 466 368 444 861 282 180 949 629 436 68 757 594 954 519 27 35 967 747 643 143 239 69 383 50 602 340 480 349 185 125 802 196 937 729 237 630 547 998 566 491 20 38 760 860 280 373 115 755 613 246 902 65 225 127 211 684 743 972 49 630 733 995 45 536 396 341 764 461 845 685 579 31 830 758 129 855 741 828 265 334 628 356 437 411 919 57 919 616 829 165 662 335 119 10 573 300 553 399 812 758 133 48 591 683 50 916 874 478 996 27 508 817 447 20 323 429 97 15 74 441 233 281 160 347 329 628 814 965 136 611 279 885 531 828 521 284 687 377 562 826 333 468 808 925 247 292 220 101 301 545 155 56 285 659 542 95 237 918 549 844 669 892 39 142 155 554 335 497 53 657 196 898 233 177 92 698 676 209 332 776 182 926 219 839 698 94 890 107 869 861 560 472 46 573 850 257 639 67 9 254 701 983 740 864 896 636 515 621 38 910 342 755 565 868 539 83 877 745 528 415 677 369 519 4 279 714 590 260 112 825 692 455 552 963 75 829 804 225 308 95 922 663 388 457 224 371 813 901 453 571 764 617 443 132 649 477 428 821 981 788 844 145 692 571 331 499 548 705 13 880 351 441 752 544 773 524 392 977 255 355 208 624 218 45 473 227 398 905 683 556 350 502 621 291 997 134 942 32 129 916 524 282 550 486 610 745 155 980 270 43 191 198 702 798 279 14 265 101 473 800 289 513 320 493 108 245 845 49 867 406 899 463 659 891 324 399 555 852 52 260 276 41 19 841 10 499 340 614 222 666 151 645 37 995 728 305 83 586 331 200 535 904 475 252 310 597 990 993 217 257 156 166 881
280
50 442 574 280 32 362 334 743 370 808 544 612 384 638 256 92 838 229 333 109 690 853 971 250 5 377 15 27 801 136 579 704 330 960 293 990 302 250 570 861 327 39 993 891 33 585 815 808 232 71 954 602 525 397 943 791 933 757 960 394 819 858 879 660 428 818 626 653 738 308 544 264 74 792 884 170 540 748 445 252 968 218 302 253 264 479 376 672 37 419 691 567 902 355 599 821 677 285 381 94 389 378 418 94 67 920 133 753 566 432 813 632 915 656 62 492 43 865 98 635 967 369 44 981 925 37 119 112 555 470 144 471 754 882 436 578 349 387 601 206 992 589 572 499 62 906 608 682 50 495 362 643 826 241 366 296 102 944 990 7 125 144 410 556 993 969 558 814 989 842 898 137 271 928 271 123 444 928 921 296 428 436 820 40 665 741 768 472 428 373 372 198 391 916 654 139 731 56 353 658 758 676 442 787 103 321 214 825 413 367 89 650 734 607 364 333 523 997 141 336 762 279 868 197 91 675 488 777 20 635 870 497 73 894 258 917 283 344 32 587 295 171 418 160 227 761 693 360 458 429 625 398 123 561 493 36 297 249 887 86 44 573 546 743 725 543 769 664 728 313 223 79 788 145 669 482 411 570 242 659
166
377 704 32 788 840 796 493 706 978 51 654 430 794 886 585 3 112 658 408 81 394 95 744 660 283 623 696 895 625 916 404 326 98 886 528 648 549 135 663 69 809 25 497 883 691 574 935 400 431 46 611 590 971 84 97 784 401 7 667 671 494 485 758 354 860 801 478 210 655 454 195 49 787 351 297 602 48 945 433 289 35 298 380 258 789 193 858 81 195 247 323 437 850 97 830 897 405 116 269 413 633 345 318 616 182 370 302 983 959 233 388 777 15 726 334 460 363 882 962 975 986 833 780 667 326 858 639 407 910 529 420 785 19 704 740 830 158 499 138 558 887 946 993 507 386 752 881 641 808 212 522 543 485 343 331 893 998 670 876 832 194 401 433 880 951 586
763
292 276 459 782 397 977 348 178 45 72 987 911 103 541 119 287 777 786 790 845 968 549 542 159 74 186 392 58 846 864 422 787 602 847 633 444 571 904 113 61 108 401 90 378 783 679 590 159 919 757 664 192 91 635 795 173 381 710 197 780 397 599 332 757 490 309 835 396 984 829 504 144 941 560 448 66 723 258 503 813 797 847 441 406 279 163 403 404 644 64 334 219 693 913 997 307 828 368 102 805 334 215 777 154 937 181 641 464 589 670 956 178 797 695 354 750 746 618 358 117 453 256 612 97 248 457 504 710 925 587 224 368 987 332 907 894 666 169 172 241 938 45 738 437 68 461 597 365 148 539 670 938 482 223 287 919 822 676 621 834 569 166 468 679 498 286 205 571 534 227 880 494 519 709 933 831 204 556 67 762 96 364 11 293 745 79 580 454 273 460 642 288 279 22 304 214 920 307 354 484 842 80 325 124 268 592 275 569 747 819 99 253 507 352 816 591 167 525 517 487 76 476 247 134 816 324 899 252 285 848 346 389 93 261 147 713 984 801 865 206 588 317 799 881 555 976 404 109 606 182 859 754 36 829 975 74 379 657 69 222 6 635 279 206 756 727 184 59 768 406 144 622 330 362 719 480 655 377 591 261 87 252 127 75 626 278 114 187 831 573 796 720 505 685 65 44 792 557 538 862 533 812 886 671 781 715 753 174 240 485 561 993 920 763 314 798 185 602 2 341 717 658 175 956 646 546 936 942 963 403 423 411 346 905 628 314 613 623 554 47 638 764 189 425 685 757 87 138 603 124 870 326 920 767 374 275 342 502 464 354 974 351 16 817 368 532 876 166 756 231 602 967 223 863 732 793 429 875 604 865 376 365 148 214 55 225 607 383 831 535 817 60 841 244 51 355 888 46 179 215 416 542 929 612 913 965 503 16 404 429 134 721 194 372 163 917 537 56 181 488 245 649 248 161 287 206 981 568 697 175 370 918 866 605 613 939 755 411 936 137 554 17 732 780 655 127 415 531 34 917 875 923 223 696 469 456 385 841 31 383 786 135 25 52 986 328 159 918 394 112 235 634 873 225 941 257 856 112 277 723 586 143 221 960 89 292 863 606 199 479 195 572 453 131 58 345 411 819 649 465 163 129 13 799 952 234 973 358 640 654 93 329 512 775 822 287 517 884 754 645 223 126 629 29 729 597 704 754 982 891 553 283 108 293 650 601 446 626 461 320 997 166 376 1 705 744 228 44 16 795 644 238 366 6 541 374 901 208 807 722 796 287 244 166 190 772 761 138 177 268 308 638 371 952 168 613 517 323 438 341 786 74 870 869 519 268 596 220 676 859 575 654 946 314 164 642 178 630 185 301 823 579 87 75 129 456 196 809 972 316 200 360 49 945 442 944 311 5 34 338 19 889 806 907 194 458 187 206 865 124 251 530 122 116 245 269 560 814 96 681 702 54 909 132 945 444 625 697 579 673 875 767 415 84 310 317 921 231 281 99 539 979 70 127 208 790 643 296 62 996 971 773 812 385 28 132 962 286 566 145 963 949 892 390 303 445 328 460 570 334 108 968 346 790 25 654 572 405 251 261 83 714 693 337 515 416 121 284 783 19 639 765 258 978 659 106 950 388 667 303 426 451 150 250 721 143 706 944 899 648 425 568 350 469 539 984 50 478 454 113 257 83 652 455 839 508 202 328 244 343 148 670 176 882 63 533 257 474 208 663 688 170 436
797
222 507 746 313 766 817 747 220 827 432 215 483 63 205 779 983 739 431 72 439 988 568 122 623 401 763 300 882 815 502 527 282 380 621 989 533 290 564 764 252 693 357 286 667 252 918 39 654 566 208 648 630 975 75 814 94 536 354 525 467 696 464 98 685 208 900 494 978 713 450 537 204 774 608 218 676 918 872 742 434 790 618 538 927 214 888 276 936 435 563 350 253 687 788 27 825 58 754 730 268 462 116 993 867 807 572 936 951 999 261 538 107 145 87 621 443 946 122 451 401 164 490 814 700 92 519 487 887 86 231 880 463 510 372 923 308 222 467 612 66 745 432 185 184 350 165 143 673 360 995 999 49 709 418 379 457 850 865 449 240 586 955 121 635 206 672 399 953 574 393 836 24 407 971 596 998 7 139 685 8 917 969 221 813 28 154 548 148 312 254 371 725 142 753 629 613 97 93 502 895 516 482 144 376 235 596 488 752 619 283 833 952 803 461 90 539 125 123 774 192 385 901 207 196 624 264 984 441 868 965 145 890 401 600 597 88 18 339 935 790 762 865 791 984 583 424 280 444 645 176 276 652 13 426 880 375 224 736 267 778 258 115 181 247 485 44 599 84 335 745 93 465 705 887 29 974 199 727 575 775 611 797 211 382 402 817 784 419 184 657 962 870 22 498 813 723 761 345 61 317 568 64 2 661 512 843 175 641 152 283 370 246 798 529 930 389 282 728 311 312 155 251 995 680 332 645 138 333 34 51 413 398 417 22 893 48 957 250 187 555 438 857 888 770 292 108 835 205 767 41 149 184 866 844 393 966 255 409 801 601 528 842 941 579 244 704 529 820 809 292 141 549 429 653 159 65 520 873 412 356 559 361 381 78 404 987 235 222 366 561 194 797 853 696 984 67 641 911 506 47 493 559 660 848 831 880 824 238 797 343 931 954 270 563 961 1000 881 983 248 693 830 74 359 249 191 562 554 9 379 214 548 327 470 636 343 104 584 514 773 965 512 156 461 8 501 129 130 385 654 216 533 701 81 865 537 527 792 315 459 630 902 761 990 538 577 152 248 126 11 152 632 730 136 468 441 228 585 241 350 591 130 323 818 81 747 28 755 539 714 715 326 951 380 246 848 691 411 694 850 270 930 120 113 168 291 981 696 322 309 671 838 532 630 44 111 14 516 492 404 615 596 345 24 21 782 786 216 517 443 819 756 798 733 935 483 839 322 948 49 643 645 11 497 383 277 190 509 508 463 861 494 81 196 642 944 310 896 410 294 213 22 591 611 105 978 283 824 257 159 911 39 884 69 411 346 36 628 804 332 91 713 832 563 757 897 79 991 363 713 743 119 438 110 352 308 373 323 645 723 736 676 967 897 875 922 440 46 841 712 839 238 443 899 153 977 933 325 152 169 407 148 190 67 154 29 775 86 304 202 523 494 530 828 964 843 497 127 834 845 727 443 416 283 529 764 49 953 805 911 446 517 444 478 828 472 950 628 535 212 555 664 291 544 805 404 380 614 179 731 117 13 108 642 899 907 436 518 466 335 674 910 460 831 137 305 541 187 45 907 539 173 171 664 921 439 527 127 445 825 108 689 672 244 761 866 384 938 29 146 490 210 272 119 412 491 599 147 292 947 70 453 963 658 589 938 285 702 335 992 276 384 704 407 843 548 646 806 85 234 742 765 914 929 85 748 369 387 799 749 415 676 330 232 908 7 629 327 850 73 584 949 207 920 129 338 149 444 384 861 469 427 955 316 503 545 21 554 3 280 326 159 596 907 871 264 872 310 189 511 636 6 622 104 243 986 48 403
34
591 289 717 893 576 801 185 992 255 792 733 851 124 287 861 814 167 747 941 972 183 607 301 127 130 323 616 803 76 702 689 216 919 748
86
966 460 516 320 390 610 530 693 137 661 992 381 554 427 532 991 378 739 182 232 776 178 637 408 708 63 375 352 756 434 332 257 340 596 160 470 210 375 24 887 944 59 360 403 517 226 936 531 298 542 224 152 526 621 37 17 483 404 204 485 981 966 465 9 493 172 723 502 764 698 442 770 491 810 410 551 612 707 955 644 407 790 855 149 958 83
50
97 345 544 233 726 441 484 134 637 726 58 832 764 486 312 717 252 312 952 541 608 37 824 361 219 271 762 349 716 157 47 99 660 593 735 287 200 731 893 72 440 529 803 768 400 79 670 739 175 613
636
328 845 759 138 424 466 553 212 357 608 888 383 411 681 348 418 847 869 80 209 604 550 911 963 375 979 245 749 749 269 47 977 647 53 100 595 51 890 49 2 995 107 920 719 5 362 277 5 928 351 148 294 195 62 720 522 8 679 301 594 911 848 888 593 887 900 389 594 490 671 992 896 796 474 238 823 134 925 842 882 940 616 508 648 177 509 314 931 252 258 198 535 45 690 924 371 944 447 261 777 398 978 372 471 73 6 708 602 904 277 70 853 892 244 209 239 674 987 967 498 887 256 253 225 735 816 681 348 877 601 138 976 765 128 304 175 156 352 319 282 116 565 994 692 871 75 633 472 754 462 740 391 162 133 730 625 609 784 825 718 596 933 435 442 314 234 983 80 385 155 352 314 318 731 514 403 589 138 493 501 343 887 400 452 16 471 642 305 585 311 691 514 642 37 520 533 997 448 254 252 385 547 457 202 287 524 355 618 60 563 541 876 188 428 514 130 34 167 567 48 83 557 318 773 968 276 319 587 21 26 980 263 273 30 684 592 302 901 659 707 674 157 185 761 914 90 518 927 534 277 467 277 250 980 995 766 338 786 328 539 564 239 129 674 980 405 955 989 180 396 954 361 982 267 964 295 403 898 886 93 456 140 9 194 973 387 283 442 278 533 613 924 381 553 627 39 63 483 411 357 203 572 909 775 676 659 586 304 922 53 216 828 833 408 862 616 410 202 362 397 69 255 289 142 548 782 533 474 229 635 114 271 18 823 832 65 718 817 441 862 963 378 26 982 17 530 33 283 454 930 249 954 193 790 810 557 558 936 186 583 349 406 542 119 738 175 989 108 714 356 125 580 12 575 278 229 960 487 727 738 877 347 1000 653 408 665 182 656 307 618 821 51 578 558 107 971 504 214 45 463 688 281 250 858 331 990 465 346 264 741 384 570 450 59 878 379 298 124 172 336 585 582 344 617 314 319 753 865 936 245 303 610 799 189 510 708 211 207 538 534 163 905 249 230 885 509 422 682 464 958 517 998 381 149 518 395 641 741 396 179 582 899 204 987 516 645 197 955 553 844 70 799 389 62 475 982 491 673 154 689 890 937 355 372 940 704 648 889 961 580 85 749 372 91 233 624 7 781 543 945 844 230 13 783 819 199 799 242 826 207 679 178 934 963 451 139 37 622 58 611 94 588 835 33 589 747 610 880 924 394 495 325 784 831 435 938 952 320 896 421 220 149 61 407 269 896 257 855 650 663 432 614 174 630 391 533 80 537 551 766 759 532 525 570 286 901 55 953 17 169 566 150 33 104 220 729 153 553 307 476 317 537 561 519 180 392 720 789 554 174 394 319 5 657 898 836 935 721 705 468 707 842 452 51 815 652 526 108 296 319 122 21 341 173 530 670 467 881 330 110 301 29 314 900 572 986 111 239 412 142 90 420 36 998 752 601
83
906 35 568 228 137 27 135 141 976 623 896 478 750 844 703 444 475 173 848 449 816 289 232 157 165 836 804 450 171 619 171 751 504 64 338 976 803 809 943 55 485 671 911 921 401 277 518 434 29 551 180 421 41 387 27 135 529 520 837 600 532 272 467 79 800 166 860 98 298 645 407 262 44 759 167 429 596 496 63 988 504 527 797
984
22 108 171 645 424 317 450 927 359 111 257 531 871 940 176 749 543 870 238 13 817 245 153 805 107 630 599 450 665 644 951 229 182 520 352 877 205 475 525 73 230 376 674 45 679 682 428 781 18 767 580 358 813 812 737 525 421 354 25 393 537 144 198 92 289 268 918 245 109 272 595 215 862 688 740 460 847 6 804 11 13 943 917 111 743 94 740 475 10 301 296 503 77 368 843 429 474 231 622 655 753 630 536 669 619 296 176 435 901 274 950 514 628 185 359 439 318 18 987 173 259 413 200 732 68 653 531 176 883 915 590 36 870 951 115 571 532 167 293 674 652 253 487 256 206 270 392 662 11 26 97 946 278 180 576 276 178 638 89 728 606 512 400 59 220 337 110 571 228 923 864 412 126 11 79 537 500 272 739 876 39 451 187 478 710 739 854 271 221 735 716 98 27 152 419 205 130 819 276 496 709 491 363 286 851 345 38 115 982 99 953 862 168 48 930 900 111 916 586 940 499 299 804 287 990 546 286 469 680 559 654 94 489 762 807 886 674 921 486 585 916 204 419 148 695 830 945 569 726 846 370 954 271 577 436 487 835 571 343 743 229 939 198 345 837 43 80 964 81 884 401 197 656 421 825 792 637 791 994 122 56 693 547 326 970 232 90 535 241 957 492 211 387 348 554 138 889 404 535 388 844 964 722 471 675 199 694 469 923 236 856 738 289 535 246 785 763 61 432 678 78 32 366 171 494 167 140 499 60 638 47 931 941 992 105 439 860 548 969 537 850 402 438 380 739 525 801 56 790 658 86 176 396 398 662 921 297 851 694 341 301 864 102 390 517 362 300 879 207 668 477 761 193 382 288 484 141 738 504 387 584 227 288 298 703 262 950 82 466 956 182 369 361 146 63 280 184 224 307 472 658 187 494 336 824 151 426 606 617 884 25 563 618 122 272 558 716 59 145 485 64 312 166 525 32 233 42 957 874 319 980 949 456 627 504 394 232 567 645 780 574 256 382 636 94 327 253 231 296 20 639 614 54 417 300 329 68 465 468 514 785 843 580 133 687 882 540 812 636 741 650 523 67 998 823 715 12 862 666 49 276 672 937 741 135 137 59 179 744 873 219 56 220 859 727 394 416 124 729 307 887 589 293 850 857 464 45 525 936 562 484 742 5 939 6 330 587 792 820 775 354 713 918 792 646 820 662 9 247 447 938 845 267 422 417 404 932 141 539 416 760 321 243 4 186 553 512 136 785 788 324 119 557 621 469 652 958 802 368 580 709 204 333 698 245 665 238 357 29 437 462 935 474 554 903 74 622 932 219 178 233 999 497 897 219 329 219 221 609 547 745 709 127 47 270 107 31 894 915 484 104 301 831 758 297 538 95 597 395 678 993 663 289 240 362 994 9 427 831 123 512 623 28 604 667 465 817 481 856 52 806 177 474 908 807 721 59 498 807 247 169 677 897 880 815 453 192 923 314 45 583 591 722 921 708 434 575 167 969 812 25 447 442 991 252 664 660 513 135 999 462 888 210 601 306 538 877 784 57 998 564 43 531 961 328 962 408 699 979 946 425 771 860 406 42 797 925 121 831 318 955 529 420 56 501 477 57 681 823 845 260 954 913 276 245 565 61 632 357 970 180 565 390 60 474 884 914 637 204 140 376 199 671 897 351 919 854 712 927 376 479 108 320 95 654 351 572 359 881 807 6 82 849 660 506 166 2 823 665 396 511 17 737 485 588 168 478 712 875 167 632 560 783 734 618 35 369 532 395 551 578 156 485 930 244 750 166 429 674 248 500 383 72 873 395 518 729 35 273 978 779 139 939 418 335 403 529 593 679 336 831 538 48 887 405 328 650 888 680 171 202 649 730 312 255 599 943 642 514 860 632 873 109 596 845 334 252 70 577 911 402 81 921 771 683 874 471 663 651 280 43 384 584 338 848 648 738 187 269 994 792 742 91 203 402 540 64 450 599 777 683 697 495 201 34 9 110 968 855 974 427 779 292 286 764 242 927 610 551 775 126 593 313 958 103 42 257 464 351 318 874 677 255 488 36 42 181 721 912 572 183 209 370 829 946 762 517 800 844 553 586 645 46 841 424 855 838 606 903 826 557 171 436 314 329 970 895 592 206 825 436 914 891 692 286 460 479 970 602 447 370 585 10 640 254 188 96 594 87 192 677 547 525 907 202 980 631 854 612 438 966 112 620 92 716 309 821 738 977 87 522 845 631 419
818
828 715 799 473 91 530 828 4 737 465 227 143 802 75 52 424 462 626 900 966 83 546 994 267 622 214 188 489 222 509 893 670 49 879 291 260 823 680 88 214 923 856 255 538 5 455 702 820 183 941 513 393 836 76 692 740 589 104 380 738 127 395 763 265 901 461 475 828 441 357 308 360 920 103 158 565 193 1000 855 992 440 911 739 827 943 547 840 338 181 405 477 752 150 43 85 245 372 915 428 395 901 143 513 448 999 823 469 236 666 523 226 297 58 686 113 206 53 940 660 781 303 160 969 47 937 731 651 179 635 295 904 88 911 235 873 436 435 735 501 929 544 616 353 656 484 661 277 942 972 924 531 112 441 857 61 40 666 834 602 77 680 436 440 218 987 494 189 339 713 960 817 396 563 608 415 929 537 705 919 4 707 50 212 330 963 342 226 227 2 68 570 794 606 247 430 385 551 977 461 208 491 898 167 225 752 509 31 345 935 578 156 155 394 331 165 720 912 300 911 724 738 871 472 722 475 105 89 768 361 351 558 699 841 746 868 848 12 139 819 251 512 79 7 762 526 161 526 215 70 96 971 872 976 877 726 713 273 476 28 315 150 356 723 224 581 878 844 451 160 206 624 208 461 375 710 415 707 202 146 720 941 260 192 409 98 647 598 650 102 768 701 787 21 586 32 281 936 922 525 596 400 56 892 475 180 689 428 113 189 219 808 617 208 883 387 841 167 249 782 431 903 440 291 928 363 440 50 487 275 108 445 443 834 294 358 389 418 480 144 209 859 378 308 987 50 804 168 788 934 594 664 58 503 423 8 871 483 947 779 647 497 161 609 973 467 988 558 466 334 268 904 980 143 866 774 568 319 669 486 442 359 154 512 161 81 623 656 875 327 792 286 913 301 264 563 727 698 125 907 395 812 781 285 902 891 476 42 888 957 284 950 813 585 95 601 667 516 859 36 913 712 804 452 979 693 38 927 149 172 523 789 743 181 777 167 408 372 37 997 592 470 991 537 201 388 3 426 608 285 408 862 667 231 911 930 291 809 92 368 371 180 419 176 783 683 973 433 992 838 128 33 433 725 25 808 971 809 814 926 294 605 898 344 776 909 344 483 15 211 370 619 537 273 234 273 28 335 189 209 50 353 397 617 630 583 216 306 426 131 875 215 261 385 905 672 957 349 822 367 529 692 832 350 27 691 941 643 873 986 458 100 828 3 384 243 33 392 633 731 152 78 186 992 940 84 574 95 514 955 47 926 942 94 725 381 230 988 94 309 164 157 355 40 470 629 105 604 127 287 471 443 376 682 73 691 270 163 128 572 71 490 771 391 891 981 832 103 734 711 628 352 70 313 975 419 167 548 856 724 105 207 243 569 78 406 952 864 500 479 838 823 762 584 959 679 912 359 312 897 915 533 392 615 345 850 626 966 384 751 11 759 78 421 484 119 18 122 16 888 236 114 174 800 829 119 866 570 744 565 435 170 636 88 350 117 383 802 118 217 956 536 8 538 805 345 984 87 432 555 14 528 445 3 332 670 543 545 875 885 3 967 825 248 295 744 869 740 270 107 427 315 928 215 247 476 250 828 690 195 325 359 268 176 474 198 595 427 232 988 249 202 522 941 436 196 548 742 561 507 457 214 569 252 299 563 913 520 321 271 789 915 611 51 274 930 70 685 651 104 594 507 935 359 988 93 412 593 787 989 571 536 904 236 542 404 139 161 906 413 648 584 756 242 167 620 407 883 253 305 873 177 333 776 935 621 464 906 186 298 53 903 472 38 788 922 835 51 108 691 463 171 237 868 362 376 735 996 583 934 236 666 308 468 976 785 413 321 416 577 526 716 965 759 634 851 773 971 534
547
159 745 882 938 842 768 59 5 473 454 588 862 496 128 233 286 20 681 689 870 552 804 528 315 890 723 326 659 120 858 265 263 167 399 94 549 733 879 537 599 22 130 270 552 466 357 579 681 493 748 538 789 238 385 983 953 290 71 215 232 103 81 712 384 740 805 431 918 649 988 788 2 788 683 900 161 533 973 814 759 188 832 593 473 224 604 872 720 706 953 454 792 588 362 92 382 448 792 98 301 990 543 752 120 427 344 397 825 476 347 533 578 707 972 152 812 677 536 579 173 624 774 938 189 361 902 162 700 645 510 277 49 481 898 55 913 340 719 274 909 65 528 470 341 524 310 987 90 302 684 390 824 429 308 716 477 85 152 541 314 407 299 763 235 731 367 362 143 916 86 494 677 665 258 298 854 724 431 314 519 692 693 200 741 61 779 898 232 283 578 708 421 240 5 441 27 121 892 470 739 729 394 833 675 803 660 529 62 199 329 594 288 736 362 232 782 378 739 527 117 892 876 819 753 485 97 1 593 293 850 472 211 845 503 115 363 121 799 828 436 306 683 556 515 779 901 749 877 922 831 678 364 39 504 631 741 818 929 719 233 640 879 862 995 937 842 859 531 416 910 534 449 550 786 419 908 671 318 855 125 401 883 671 658 594 131 381 295 445 966 894 110 201 90 531 904 957 949 973 958 853 361 575 563 733 869 135 467 780 492 799 765 662 883 467 514 94 833 558 812 561 229 60 622 361 843 848 933 199 553 820 693 634 682 816 332 838 27 621 536 505 445 457 813 472 964 968 347 811 88 126 480 314 275 645 432 164 21 157 131 748 791 127 858 157 82 230 954 565 272 15 870 807 436 319 620 368 190 594 916 851 925 371 827 837 170 41 101 283 662 623 507 728 768 263 818 173 124 900 926 127 81 429 658 875 761 464 522 601 155 545 16 269 959 580 316 815 982 960 81 30 818 797 187 741 552 640 851 513 479 683 734 661 368 607 151 27 434 371 903 125 798 681 10 621 297 137 575 612 437 420 698 50 608 206 881 173 814 764 296 29 9 312 645 800 760 59 475 958 155 713 794 629 917 363 459 910 690 537 318 431 103 851 469 601 816 186 584 448 758 527 788 145 77 542 858 165 976 394 360 42 299 658 352 676 584 761 605 301 140 317 216 405 789 442 322 288 976 831 755 995 420 209 273 249 934 470 942 222 483 654 645 875 899 739 570 899 317 78 372 386 350 513 498 379 487 500
372
907 709 70 337 299 617 958 420 318 441 278 795 478 648 919 129 437 745 963 139 514 17 514 787 783 29 392 100 837 561 679 442 203 908 90 750 870 471 686 769 554 104 961 890 926 678 877 284 62 500 338 447 260 40 697 66 350 896 631 300 425 573 687 4 303 425 664 461 824 117 654 887 221 341 33 576 384 322 878 597 805 298 500 89 264 131 888 685 128 632 587 194 646 510 813 851 174 142 975 910 548 356 952 435 329 80 989 532 151 14 884 25 449 230 629 507 705 91 135 585 883 291 552 7 321 124 275 344 422 519 61 865 736 341 6 760 39 375 581 200 327 838 972 362 976 89 934 414 910 433 207 485 465 709 416 839 136 485 185 787 248 49 349 280 540 739 967 615 278 441 788 834 454 915 122 617 664 288 304 28 586 357 458 801 673 468 462 891 149 898 583 277 249 277 178 380 282 376 834 437 50 27 828 698 813 551 304 145 232 429 72 520 451 40 279 927 667 94 546 990 728 121 559 36 223 419 485 567 647 368 87 551 312 647 737 774 738 675 841 886 657 230 833 278 930 957 981 21 493 663 695 695 540 467 823 212 44 586 380 319 540 174 735 931 974 167 732 541 946 398 253 517 865 292 113 780 410 810 214 588 140 513 616 54 468 541 613 831 695 303 917 283 902 949 356 819 604 40 342 953 519 733 829 142 149 629 115 237 363 693 197 808 142 184 799 574 779 399 565 334 393 113 553 151 732 935 209 80 678 814 550 602 189 815 316 927 620 530 761 779 62 571 817 637 999 368 506 474 226 364 660 943 258 954 731 614 742 995 203 521 115 210 278 158 586 943 406 346 60 774 143 677
184
997 763 316 339 758 831 991 772 719 643 133 94 124 185 45 416 929 463 283 19 304 190 374 525 29 541 879 318 125 387 792 28 39 472 807 222 800 247 249 425 743 171 905 193 771 897 999 50 130 87 972 312 853 815 182 226 582 834 321 689 310 969 228 731 957 55 16 126 340 928 113 140 173 473 993 94 599 539 621 231 571 305 142 500 721 535 891 349 434 794 182 922 704 198 744 482 859 946 78 557 930 886 337 740 892 397 515 150 962 674 598 764 545 355 756 93 872 791 647 422 852 905 330 268 338 591 21 91 202 984 674 608 688 223 231 848 938 472 654 401 933 797 812 357 650 491 445 961 571 414 143 900 308 155 339 751 896 789 515 912 274 144 140 948 460 724 581 104 379 626 748 360 556 135 301 553 543 323 40 668 248 755 694 905
267
662 104 638 885 6 664 973 351 557 834 223 169 914 796 310 723 264 400 206 487 997 78 970 86 719 675 965 71 726 65 693 656 410 365 425 175 581 771 823 690 574 878 535 160 279 433 821 266 147 56 270 219 767 443 897 284 151 397 57 829 960 915 114 904 106 351 751 436 480 28 57 267 640 387 212 1 235 689 226 555 463 205 478 968 910 732 520 60 229 545 564 979 54 736 587 913 409 292 243 3 605 136 573 504 570 437 715 273 787 7 879 818 914 297 210 144 938 814 564 761 451 740 558 613 61 783 798 418 513 992 732 66 971 522 628 605 397 225 412 68 747 373 972 380 812 296 917 610 670 305 671 981 342 176 725 286 840 146 990 496 910 97 705 78 101 536 285 541 23 424 280 729 333 981 627 705 570 436 429 216 780 912 727 698 94 93 334 651 302 76 636 380 740 14 611 423 433 654 206 178 180 148 355 422 769 164 176 665 377 907 233 806 278 169 196 124 429 360 744 277 637 556 565 875 129 783 687 852 1000 103 632 658 204 11 832 668 94 912 541 978 893 75 762 981 40 401 429 837 20 483 789 285 310 611 9 395 924 304 119 768 907 337 622 661 130 100 834
978
173 838 672 290 718 383 815 104 995 663 249 376 312 241 798 401 176 695 715 247 214 147 581 384 95 492 733 290 836 688 587 753 54 22 126 749 989 886 285 871 523 316 585 566 561 791 939 861 739 201 788 483 579 832 187 693 650 986 29 426 803 205 391 369 366 212 939 238 598 605 360 351 738 488 306 511 651 500 383 169 566 216 131 935 762 660 90 359 776 598 718 532 629 966 842 310 337 430 277 989 584 204 272 991 646 522 894 636 721 285 645 747 551 287 85 599 994 398 434 602 178 634 194 517 686 860 76 245 748 845 522 833 233 920 751 498 652 971 755 114 23 864 841 65 973 833 362 408 316 766 996 322 368 155 877 516 92 960 435 268 622 813 529 172 19 630 433 15 265 76 689 319 281 16 933 953 470 278 409 205 560 496 899 681 268 114 533 729 364 841 642 858 765 249 536 469 276 102 635 333 111 731 893 339 696 683 17 467 956 51 413 905 93 496 243 268 248 156 977 44 729 117 672 423 748 129 552 128 732 539 96 711 911 660 761 347 689 821 426 218 100 145 498 241 761 664 658 432 929 404 596 148 164 652 592 967 28 23 320 173 587 58 227 278 446 188 999 918 858 248 383 501 372 535 282 854 686 889 510 347 849 446 874 313 183 816 546 201 337 73 539 797 461 365 545 313 794 369 424 393 910 568 920 24 577 562 711 266 946 234 525 149 397 767 966 871 816 772 260 348 912 210 250 623 104 428 139 272 238 315 27 162 320 980 13 732 309 189 222 595 45 124 400 919 995 838 882 315 772 278 57 815 29 441 933 216 593 217 451 348 749 235 537 247 229 760 258 903 401 413 40 615 224 904 991 11 696 994 582 924 470 199 463 542 451 482 384 495 799 21 902 647 495 507 195 577 177 559 296 492 124 856 558 449 733 368 351 592 588 296 241 47 726 530 779 600 259 269 11 667 551 993 374 315 986 574 52 845 687 657 790 275 727 293 831 326 270 748 911 883 563 66 3 557 316 143 324 439 126 60 184 531 943 398 881 316 647 590 295 329 417 912 998 339 527 226 289 558 442 914 828 685 2 576 547 1000 417 445 897 225 743 680 384 465 196 814 385 102 716 136 364 376 749 657 580 338 805 841 610 381 836 370 806 652 290 319 591 148 525 848 473 231 124 486 387 729 915 658 911 463 294 142 780 376 429 859 302 159 746 725 941 286 266 656 654 706 199 353 148 347 801 312 123 411 341 626 762 952 346 229 558 977 983 498 508 764 468 790 234 104 646 480 179 798 310 83 970 629 148 690 925 250 940 322 235 493 50 710 996 309 247 45 775 317 872 209 514 370 387 210 645 352 556 870 994 558 102 410 761 28 908 300 437 679 479 237 380 772 85 599 132 554 548 844 392 250 154 968 210 67 242 680 691 980 136 13 329 443 903 938 716 162 877 636 44 640 556 902 976 733 663 703 538 882 796 194 626 662 52 566 311 79 200 722 907 867 469 691 625 850 618 784 778 930 401 129 133 233 880 722 642 178 31 83 113 770 341 487 649 149 541 723 48 213 354 107 210 59 726 370 775 606 639 587 3 674 41 730 11 91 444 234 13 245 874 102 73 979 121 572 335 476 103 100 568 307 80 730 403 547 152 679 719 535 689 594 643 392 219 647 437 619 531 838 64 452 107 22 199 692 381 553 115 8 22 332 803 447 41 794 546 66 828 456 50 524 601 672 268 533 847 789 527 78 469 876 372 291 536 967 537 507 861 247 708 492 962 426 664 474 507 910 363 181 9 713 681 211 520 118 159 517 54 272 968 664 387 939 990 919 593 955 897 973 812 117 612 930 575 360 718 505 797 293 958 330 198 627 136 718 428 869 465 582 326 474 973 216 434 74 208 901 464 678 637 513 786 649 817 772 740 941 856 118 282 47 908 306 890 109 720 3 670 174 283 49 418 726 639 579 456 806 408 979 841 311 37 376 19 117 420 725 688 285 256 374 54 725 583 126 798 462 827 448 80 401 934 827 106 892 667 154 509 43 282 829 390 706 870 427 958 11 657 433 708 605 754 472 347 573 829 70 593 522 750 230 149 703 697 390 782 354 985 621 468 188 514 209 382 552 988 542 509 758 987 663 542 577 488 739 43 384 200 803 951 303 160 827 107 518 956 26 43 361 751 103 941 740 738 856 226 248 477 393 230 31 950 806 147 912 259 966 312 719 160 482 133 346
745
766 960 867 997 755 406 218 548 913 520 114 301 487 289 557 137 808 556 968 441 423 419 154 927 865 544 643 795 253 460 704 432 197 652 489 431 135 505 282 124 613 66 853 927 649 289 10 871 705 304 48 132 994 303 54 712 807 57 324 654 29 733 977 466 326 656 313 830 930 554 394 626 312 672 898 347 801 848 705 666 518 211 342 414 430 907 383 461 792 397 876 166 462 361 922 664 543 916 82 156 691 872 873 503 388 749 744 960 781 361 542 930 403 68 289 887 816 231 727 969 796 647 582 721 665 198 10 930 728 666 655 592 819 976 301 477 994 709 861 838 131 667 222 603 125 438 236 907 434 455 479 445 173 938 229 776 861 172 286 931 360 755 618 414 957 63 32 113 646 769 216 92 740 691 924 903 199 360 733 230 878 192 537 310 567 782 241 752 794 236 944 219 671 575 503 296 148 400 966 697 448 608 758 904 996 570 221 987 67 412 600 467 584 883 486 932 881 817 907 218 932 486 389 875 488 433 691 210 524 632 420 458 845 40 56 411 70 477 978 469 127 660 279 879 190 241 740 21 428 651 700 441 537 767 395 758 500 276 560 412 543 656 553 255 915 329 497 990 210 348 160 716 883 180 105 283 632 53 350 404 498 809 98 144 710 792 233 853 57 359 806 448 899 745 73 397 132 738 999 847 530 242 365 623 727 579 717 618 121 654 805 151 385 470 922 441 863 28 922 991 138 93 255 86 269 688 24 489 401 898 90 936 325 7 76 223 797 665 620 637 819 744 667 451 409 361 675 207 993 409 292 106 439 938 605 668 548 762 44 603 877 596 929 394 153 271 649 979 213 641 359 921 187 543 807 233 737 643 324 68 987 432 401 612 422 224 845 140 61 415 449 714 775 642 730 634 149 308 586 779 428 181 122 478 479 548 815 403 418 404 132 404 57 573 754 681 704 564 508 265 174 427 330 896 265 350 539 128 713 236 515 103 468 437 693 835 413 326 335 869 969 914 559 347 635 827 70 213 778 895 832 12 425 57 762 591 870 360 746 766 560 864 200 390 559 225 490 401 626 593 39 881 112 963 834 466 228 781 469 920 155 541 801 227 87 853 637 288 981 585 297 197 966 680 909 378 104 354 457 837 273 504 799 507 727 278 194 382 881 822 848 518 307 518 694 859 581 353 55 518 163 884 672 763 666 538 307 420 244 267 549 362 592 659 125 111 25 72 636 400 876 304 868 569 98 65 454 198 664 366 401 903 832 59 134 353 634 123 61 690 815 54 884 759 69 150 739 392 38 26 706 397 977 422 901 711 514 90 264 132 641 812 536 93 423 488 699 689 599 852 298 393 883 335 317 431 967 815 514 448 298 959 221 534 240 924 155 402 562 20 397 431 32 853 818 501 283 457 933 620 523 120 190 634 194 284 967 583 934 859 729 98 897 105 994 382 430 521 857 833 707 996 980 428 851 539 329 298 741 243 174 195 10 281 313 971 4 331 37 982 724 238 783 729 737 480 813 597 634 724 316 810 382 133 976 423 625 926 992 530 315 676 726 461 113 650 187 784 220 786 27 957 418 210 735 943 941 906 899 849 619 46 235 528 529 423 845 201 343 589 855 884 354 117 344 287 681 665 780 989 961 450 563 933 370 402 181 995 759 77 604 365 384 957 157 29 447 969 288 138 479 411 693 709 484
887
206 408 897 361 931 772 919 263 31 844 469 193 879 402 791 899 55 901 37 725 390 416 206 294 70 692 802 913 437 124 828 957 752 286 40 843 431 839 282 421 786 681 694 937 941 587 602 635 991 615 346 150 560 260 96 807 192 926 375 964 460 554 493 677 108 439 876 845 342 893 724 67 333 525 10 353 735 343 698 682 364 244 882 676 163 501 79 609 115 574 119 273 592 96 344 691 125 798 824 857 466 811 549 214 516 908 316 686 86 827 164 886 84 214 114 490 464 895 675 468 207 922 323 506 7 838 447 995 246 258 689 941 163 137 631 622 281 988 501 860 33 403 77 726 325 12 259 855 235 487 662 707 883 346 757 518 401 796 857 366 97 511 540 89 867 82 246 927 921 503 758 936 937 8 233 976 696 763 255 328 725 879 466 704 475 362 513 466 862 246 526 846 366 225 754 84 15 799 940 392 475 167 262 710 550 324 330 446 787 668 688 65 562 268 199 165 495 448 664 682 295 3 600 558 809 480 904 177 625 892 947 133 385 518 950 311 982 481 410 752 476 950 848 853 359 644 192 78 808 453 784 275 536 674 630 34 397 844 139 663 356 612 224 509 191 126 488 895 93 884 429 669 973 740 812 142 655 645 566 451 961 639 264 772 855 762 352 537 108 137 325 360 850 753 916 606 496 138 680 826 528 227 538 335 755 602 459 7 573 267 842 890 145 491 735 214 572 337 185 963 864 770 970 636 789 846 696 690 252 226 482 124 825 875 336 939 229 849 207 262 741 299 295 812 577 353 637 119 271 273 959 743 156 252 905 692 52 546 169 429 399 918 913 864 500 891 791 9 313 396 532 284 860 445 399 189 586 945 433 447 162 873 39 536 958 906 71 939 510 111 591 823 633 672 242 136 72 483 819 348 854 619 482 651 942 179 911 269 536 708 287 55 372 456 100 594 708 597 177 509 359 606 210 343 966 386 783 378 174 656 613 712 128 533 694 465 822 847 528 540 15 686 169 717 806 782 366 483 627 710 171 233 877 549 445 544 288 834 511 668 740 385 80 390 295 651 229 251 972 821 516 809 166 27 908 701 365 414 711 29 327 537 934 740 713 786 996 517 961 933 64 529 378 605 98 327 354 490 526 945 3 309 474 612 360 339 658 351 284 178 895 704 714 426 597 340 949 185 660 159 114 264 992 231 940 545 662 537 124 190 240 927 278 796 247 388 534 526 176 419 887 646 874 661 923 573 163 136 829 670 348 595 641 292 479 752 157 155 67 843 338 188 131 754 144 606 749 250 698 276 310 46 97 333 103 913 106 674 139 667 741 734 704 748 564 449 283 133 532 464 326 825 792 777 301 207 149 896 875 937 862 962 491 977 610 525 534 916 548 509 589 991 209 335 734 637 639 19 854 835 79 960 411 922 783 9 20 282 93 58 922 93 3 930 488 4 237 137 2 173 161 678 316 24 567 544 530 401 242 676 784 646 169 297 893 121 937 586 913 426 378 157 492 736 123 387 159 743 36 205 128 994 788 806 387 783 982 792 944 753 791 44 666 88 66 9 991 652 436 1 431 913 167 695 362 191 328 343 535 754 989 32 617 964 337 309 316 504 628 320 867 896 526 740 282 391 363 883 978 338 629 162 29 392 139 322 32 255 455 792 830 746 32 978 779 728 855 107 904 730 884 799 227 972 472 780 324 643 34 5 854 994 241 239 689 147 689 876 33 747 315 486 669 729 486 473 408 507 207 151 285 778 779 95 156 415 697 770 321 830 72 805 360 284 139 370 685 602 368 13 797 459 166 445 868 354 179 729 945 408 89 328 327 523 335 389 751 108 290 457 119 549 743 16 320 20 758 772 283 43 43 176 487 854 900 860 841 631 157 42 285 900 760 58 351 864 44 829 810 248 924 109 929 42 188 608 954 823 761 2 558 110 551 837 651 58 302 347 128 988 616 253 143 76 291 215 559 188 471 528 739 613 783 971 249 718 265 834 311 287 307 713 121 167 387 545 884
399
508 197 269 503 260 259 104 401 998 559 453 546 841 600 666 824 581 53 374 451 435 62 768 673 720 144 229 264 120 387 844 321 922 800 731 713 637 837 481 768 309 286 580 627 252 88 243 503 900 696 65 120 751 664 662 399 538 404 181 88 862 299 648 79 982 417 478 165 500 698 101 921 192 487 912 928 823 389 953 148 626 511 201 726 665 641 680 381 325 961 107 570 492 484 243 19 838 236 703 777 816 11 666 305 574 78 260 189 250 949 342 1000 835 141 440 753 544 557 26 697 681 976 320 413 645 92 324 810 358 191 64 716 943 76 312 689 658 46 239 338 652 593 898 673 239 823 544 895 705 193 482 838 765 625 301 391 219 700 912 996 624 781 670 954 233 627 721 11 481 743 863 816 457 980 994 103 612 821 902 417 986 427 551 367 723 903 633 601 410 329 188 710 234 959 564 936 330 708 842 316 980 1 689 14 236 969 968 810 715 236 661 174 713 878 70 997 444 39 598 879 858 876 197 997 215 879 518 253 694 370 99 64 700 561 867 179 246 444 749 725 337 894 501 603 819 883 811 919 260 14 247 542 761 741 281 3 397 77 364 846 391 435 450 443 417 762 954 777 713 927 206 729 104 309 391 410 480 864 680 186 13 158 764 670 88 165 762 628 590 339 81 585 743 249 720 157 777 681 708 237 494 906 890 721 717 169 40 72 852 429 961 134 97 364 868 306 833 220 575 551 22 828 489 613 194 676 623 683 793 786 133 186 758 559 192 518 497 935 452 865 558 986 528 267 554 82 548 919 451 333 723 951 706 328 39 303 279 792 315 128 988 290 968 855 531 145 84 1000 414 605 906 802 861 387 842 543 204 432 620 792 42 68 38 841 869 739 874 455 947 928 780 113 770 267 32 331 331 381 719
748
657 931 938 485 49 809 961 293 867 759 368 607 551 239 24 722 236 138 834 122 340 66 222 220 808 688 626 815 672 426 166 138 999 837 956 296 629 700 462 271 211 458 180 535 775 371 492 1000 342 328 569 547 1 368 573 198 195 60 29 229 473 452 89 502 649 467 742 500 163 551 827 244 729 756 168 370 230 177 697 854 504 82 136 371 983 81 771 94 626 983 773 746 761 140 649 442 431 61 136 340 142 519 207 371 18 400 457 93 975 196 48 395 350 964 433 504 498 238 525 70 108 79 250 719 306 816 448 695 745 436 68 751 39 510 841 72 478 322 801 522 830 987 144 378 977 317 660 801 972 759 657 874 342 803 423 490 813 86 240 82 680 846 448 350 294 447 37 540 110 688 21 371 229 656 69 765 36 991 468 465 984 439 284 264 829 31 968 72 463 344 276 154 245 802 412 108 225 466 630 696 610 720 674 130 249 226 471 824 502 544 730 606 675 406 465 807 420 944 28 261 204 414 93 325 777 422 544 159 941 49 757 759 407 451 683 394 504 850 444 265 486 694 797 548 925 867 315 781 440 798 677 4 563 937 181 525 645 365 252 370 697 153 550 674 131 593 437 564 194 78 676 670 421 389 904 208 672 907 405 327 807 851 10 186 257 247 460 253 118 626 349 79 430 455 717 81 163 478 66 772 19 646 443 307 802 666 501 581 226 850 781 710 208 137 583 389 905 382 838 112 213 616 499 498 898 723 788 13 694 463 771 400 548 534 226 581 458 448 543 914 60 654 632 853 858 306 494 652 87 51 894 364 149 444 558 136 310 752 893 749 660 284 472 273 496 906 551 18 877 58 313 448 978 470 410 299 595 176 59 70 17 655 291 650 500 754 258 936 760 29 899 891 898 859 610 437 891 252 95 458 910 646 146 650 624 203 133 295 831 289 380 732 220 619 984 380 488 311 203 268 88 831 558 260 591 20 386 725 496 856 310 161 994 649 45 308 912 124 950 948 145 749 494 897 740 555 400 23 805 979 740 113 527 377 856 254 554 440 428 422 241 223 906 582 441 538 607 710 281 221 18 116 867 392 144 248 48 419 24 29 10 126 736 205 139 715 918 635 479 844 1 558 337 623 596 752 349 463 883 375 198 267 332 204 920 450 854 677 166 498 694 590 370 915 802 388 741 855 583 812 922 522 892 92 291 473 16 947 866 964 825 354 828 934 404 394 288 881 865 2 572 324 144 136 282 566 958 528 946 54 452 917 346 366 169 590 931 876 885 346 627 696 138 994 166 416 782 638 486 688 396 936 622 454 415 645 273 495 437 156 322 46 410 746 67 334 784 337 322 237 642 211 713 223 305 165 682 561 333 115 36 508 187 864 575 694 166 560 60 56 97 701 849 261 421 243 635 654 88 28 746 377 410 609 752 207 574 528 425 350 518 92 803 601 18 211 716 261 579 861 568 196 532 325 736 752 987 862 421 503 292 96 136 926 789 302 832 569 772 791 402 923 136 795 497 469 647 940 137 816 881 958 79 951 103 143 599 136 133 706 856 818 957 240 803 431 327 502 156 115 443 101 843 366 766 3 131 847 915 109 503 594 887 959 37 345 167 71 681 4 409 866 58 691 434 473 335 250 732 367 58 493 640 196 19 584 853 565 51 99 998 593 355 58 613 451 476 847 997 695 106 503 392 700 63 341 814 397
823
17 604 321 67 204 563 569 776 918 27 486 708 661 144 398 251 330 585 277 394 208 780 795 481 336 338 515 640 663 489 408 179 340 962 838 526 203 853 546 531 265 655 907 280 32 322 732 444 297 862 858 560 808 674 914 578 657 363 979 228 555 144 840 805 743 476 383 888 809 655 171 224 752 446 754 82 421 21 130 76 951 671 453 456 526 151 983 389 277 728 756 356 992 723 818 994 25 171 181 322 594 224 789 338 369 143 592 798 322 972 616 756 986 685 43 134 33 524 963 305 800 835 131 35 500 823 897 887 343 24 617 6 701 647 912 797 356 243 664 156 367 137 278 192 639 439 929 929 194 780 241 581 980 190 737 810 921 330 47 574 62 585 455 962 71 459 758 350 503 67 880 735 553 18 169 152 453 699 412 499 43 241 192 971 903 851 85 80 38 894 464 938 508 392 673 706 553 82 180 828 422 3 900 175 433 417 49 462 507 669 158 237 521 366 720 230 313 414 188 401 576 742 803 437 931 647 67 947 100 283 23 168 708 111 477 873 972 719 7 145 87 770 324 967 179 61 991 368 630 568 8 734 842 467 201 660 906 86 449 175 269 840 910 40 816 678 219 765 128 122 680 468 10 706 658 748 31 794 215 743 987 686 120 865 105 570 271 496 136 553 492 875 758 648 245 229 500 177 756 933 178 478 959 282 463 346 389 111 810 548 803 110 811 917 854 299 589 376 785 921 792 661 205 901 573 258 232 737 376 673 353 788 419 671 876 176 439 654 589 227 19 569 657 368 793 526 61 602 11 516 837 904 505 198 359 670 686 733 113 934 159 366 935 164 888 222 958 345 413 305 840 256 771 939 181 642 56 660 326 425 825 44 13 588 486 248 899 859 284 33 8 205 727 225 910 800 781 485 820 194 530 22 52 410 268 18 303 834 808 690 713 829 843 59 156 503 757 900 998 189 183 267 314 826 1000 244 856 636 386 222 243 215 597 69 650 476 447 196 509 614 736 169 943 775 236 899 512 720 802 350 10 466 987 960 445 598 21 786 395 993 662 387 195 193 102 968 487 574 398 231 619 135 25 896 538 306 584 424 867 998 416 271 958 978 155 235 916 332 21 446 586 55 564 132 898 430 414 89 35 706 483 365 10 527 917 326 311 281 154 805 162 322 656 107 189 142 68 18 204 463 468 166 444 680 300 631 946 905 831 770 409 897 201 823 954 607 349 224 564 3 560 324 101 126 146 606 39 70 902 981 468 16 146 918 120 242 610 739 168 288 649 533 194 491 270 472 762 273 400 364 526 295 590 110 483 707 815 306 320 829 592 691 55 804 63 615 665 839 13 352 202 721 91 198 51 79 725 214 370 679 526 948 164 963 570 548 128 659 840 855 932 112 406 525 735 245 411 978 409 605 718 354 84 433 742 584 680 874 471 693 775 848 51 322 477 721 628 326 117 454 321 797 84 995 264 622 475 326 125 246 449 24 204 330 25 322 604 618 864 459 528 938 510 999 877 917 647 637 670 873 876 403 760 39 45 685 895 177 114 943 688 87 121 609 483 325 706 685 389 139 912 159 448 563 626 429 917 403 465 545 589 622 498 811 724 580 632 704 811 480 440 739 992 217 27 59 426 57 585 405 529 696 123 841 888 111 79 771 906 757 351 122 595 770 453 958 427 212 615 398 838 60 961 277 833 498 112 853 984 436 140 348 574 261 766 475 958 555 856 745 852 254 845 251 528 706 598 365 222 690 749 1 793 347 940 633 455 757 384 975 983 617 625 933 924 679 965 457 484 821 87 148 665 560 989 545 199 985 683 787 997 399 295 14 409 814 439 69 280 634 132 441 373 604 176 350 484 543 846 127 824 254 593
513
540 716 180 47 987 327 767 513 422 716 328 153 719 518 873 861 959 943 571 72 79 46 300 57 518 919 734 973 709 596 198 660 689 586 451 383 271 197 38 690 676 273 242 288 545 483 285 855 108 912 229 39 582 816 557 589 58 607 443 91 979 586 2 902 24 601 840 378 208 988 490 147 464 826 247 24 110 572 562 502 940 18 456 617 501 242 275 117 477 42 224 570 438 624 403 29 496 687 605 860 829 704 714 211 830 968 441 725 181 185 923 507 153 74 16 323 472 256 691 718 573 498 980 280 102 810 657 607 544 630 963 686 172 344 481 769 141 769 267 469 617 841 346 87 974 610 486 502 335 253 222 388 560 500 947 7 889 961 443 393 291 912 148 505 377 757 54 906 884 492 939 621 88 764 781 260 837 128 390 930 786 192 331 562 163 441 537 365 229 636 232 983 392 633 512 612 109 986 127 236 862 413 617 150 990 133 979 700 11 594 997 371 714 556 116 631 644 149 265 967 973 232 402 17 487 456 654 288 130 191 1 22 709 980 817 24 205 124 677 266 814 611 122 749 653 886 403 752 12 65 766 940 640 298 348 77 661 387 362 706 840 732 829 158 259 387 860 209 14 138 447 23 915 661 507 151 561 391 121 953 410 707 990 903 805 454 7 827 802 775 928 399 10 355 410 280 393 535 40 737 831 413 316 997 587 740 730 457 51 249 466 883 652 834 849 965 754 314 839 807 378 88 718 216 671 799 718 765 101 855 701 628 266 948 926 150 554 857 493 839 587 564 948 918 850 522 105 919 404 18 673 921 119 193 920 824 95 637 422 902 977 898 457 680 641 396 310 607 779 132 625 660 751 486 812 125 805 972 50 543 100 350 59 330 144 699 590 528 76 288 6 979 440 650 853 723 313 810 298 816 777 388 664 269 380 8 436 970 401 536 688 820 794 542 361 366 913 542 713 511 882 54 350 169 486 423 926 435 485 86 541 605 928 328 968 856 560 804 385 668 905 629 729 175 209 861 826 317 229 422 950 79 202 590 257 425 992 115 540 650 137 938 591 581 642 807 79 420 515 816 512 304 327 926 125 264 423 938 20 606 76 826 459 359 4 175 904 478 917 269 111 243 25 207 790 585 617 551 669 247 471 581 743 144 334 200 692 84 641 696 82 965 583
487
31 862 249 875 643 100 894 953 578 404 476 411 517 167 37 181 785 821 603 273 129 975 250 392 457 545 156 892 652 910 781 389 377 665 604 72 780 305 22 38 25 99 936 22 366 361 849 26 60 60 861 454 508 917 189 129 618 750 216 302 715 249 321 337 105 182 510 262 569 102 93 229 62 383 124 414 569 770 505 618 416 612 162 21 517 319 81 796 382 511 627 968 24 235 763 658 190 44 722 663 251 232 298 365 990 685 636 218 355 599 882 418 140 518 676 294 774 220 674 350 475 230 443 444 208 175 483 817 883 355 879 513 215 685 262 541 229 310 180 678 734 215 318 4 545 946 984 832 256 999 161 835 256 745 494 365 533 257 812 907 499 284 108 149 184 980 502 248 715 734 98 425 646 96 432 857 693 414 201 103 206 280 940 435 245 961 47 251 986 970 442 772 560 532 965 486 611 272 184 379 968 814 319 617 992 839 643 568 448 766 312 139 304 114 360 344 301 343 801 581 666 902 342 208 833 947 646 724 455 375 69 571 101 976 154 201 505 701 600 938 490 118 88 13 944 702 159 426 352 977 744 40 94 602 327 136 535 176 161 826 400 719 534 965 489 622 37 497 287 40 537 911 306 521 693 715 341 884 822 344 895 623 159 501 987 686 41 616 923 390 312 434 427 915 197 673 227 365 150 390 274 769 712 59 918 480 937 945 489 475 502 243 427 388 856 304 870 35 140 861 492 891 593 975 592 923 251 649 205 365 266 996 317 367 743 271 292 312 483 95 295 143 577 933 248 1 420 330 977 945 919 34 14 635 687 32 793 169 723 283 442 272 218 952 370 944 9 358 519 929 842 871 294 117 469 957 197 661 148 362 201 300 91 328 50 120 132 168 993 86 109 521 83 642 248 741 449 784 856 447 272 529 349 599 742 268 254 569 23 372 227 953 593 390 751 195 78 148 241 438 320 988 816 346 762 467 732 696 401 432 799 133 809 984 237 290 652 172 561 819 122 593 521 633 222 100 274 689 182 661 503 910 239 621 734 552 805 10 900 333 274 588 85 644 730 225 753 460 720 924 690 47 509 74 774 222 804 576 990 810 584 18 740 671 770 420 176
410
748 509 836 825 311 459 884 514 842 604 974 483 766 476 528 992 131 376 687 657 645 522 864 1 124 848 971 17 259 106 321 539 933 486 934 654 927 780 350 815 332 991 539 746 238 280 621 268 902 403 845 641 233 669 674 542 372 594 896 799 921 59 65 530 890 155 918 298 297 840 802 918 240 673 170 526 603 18 328 592 78 825 451 86 685 128 299 210 32 132 439 981 105 869 149 335 904 928 263 361 231 699 383 74 31 712 279 781 509 503 898 538 620 32 7 837 556 462 188 597 880 196 531 616 258 522 669 621 632 985 672 117 787 716 383 493 329 904 613 242 249 814 6 415 397 165 810 325 991 617 240 2 594 997 242 264 769 35 716 549 200 981 51 32 722 897 920 338 682 199 807 460 797 135 442 304 408 16 216 439 995 939 391 399 441 425 217 163 316 155 964 857 543 268 599 95 519 805 112 912 201 122 163 741 404 363 811 608 642 753 488 585 72 772 699 696 88 90 501 367 855 425 718 743 76 736 925 568 937 10 498 128 950 740 153 983 585 854 210 462 414 31 38 547 254 991 93 910 748 852 333 92 362 895 567 182 471 260 236 787 373 553 141 338 783 929 67 929 298 401 267 371 751 121 960 94 859 909 841 256 98 532 205 68 105 607 476 313 535 459 271 672 189 816 136 911 765 397 76 83 479 249 344 741 896 88 74 536 403 818 871 88 91 904 28 554 704 644 7 680 556 23 111 969 433 856 100 491 581 491 683 924 136 901 630 943 51 954 575 889 523 398 565 710 303 328 977 448 733 735 541 916 267 343 510 434 942 668 64 226 706 952 307 775 537 391 801 478 67 260 405 911 426 617 449 253 676 686 558 963 275 193 403 916 236 263 572 431 855 822 197 859 203 559 313 131 324 801 346 157 238 540 551 363 602 268 491 126 917 326
841
433 891 994 138 421 434 673 414 80 817 199 487 733 555 378 321 345 832 83 839 37 728 547 526 569 46 429 169 262 503 357 969 957 958 568 264 967 296 67 541 675 329 840 694 994 204 828 524 844 352 901 446 934 519 837 438 757 872 307 290 804 465 503 157 213 763 877 31 68 35 486 938 593 987 171 379 687 505 230 205 738 746 481 339 451 405 705 131 996 351 658 6 543 218 112 746 300 127 656 859 840 14 959 668 13 770 505 230 306 333 343 950 950 68 570 637 582 158 609 788 995 266 958 858 857 563 979 675 235 668 759 477 572 490 720 508 267 558 671 495 415 813 625 196 452 37 234 341 600 582 152 353 207 250 148 732 567 241 265 493 605 594 813 356 1000 205 202 67 582 859 340 625 60 311 542 606 235 221 468 749 556 466 386 553 207 492 928 146 993 481 842 568 43 997 576 82 371 677 473 925 505 561 857 904 642 813 927 628 846 229 355 828 825 563 405 157 53 531 968 604 471 958 716 357 512 542 208 546 608 714 665 887 244 498 156 662 926 467 866 180 113 306 123 719 531 787 68 125 99 442 325 59 718 857 932 925 363 183 744 814 875 33 629 548 671 462 281 271 159 171 269 969 532 936 822 197 342 856 747 202 254 51 997 374 885 519 830 895 746 940 873 767 224 556 530 317 556 500 168 916 852 169 22 994 249 461 272 94 162 526 825 896 752 281 999 104 10 913 986 707 33 464 485 406 483 927 522 94 481 494 123 539 758 270 878 840 876 321 752 896 398 132 993 214 759 16 473 674 59 409 641 297 700 101 680 924 643 436 340 807 265 575 659 106 226 449 451 569 667 938 477 967 278 865 615 943 316 260 565 274 35 59 665 843 812 635 284 532 894 651 88 964 899 384 670 822 104 782 122 22 56 488 307 309 817 959 645 290 749 572 707 139 633 297 802 53 920 606 324 523 773 48 121 447 379 517 516 170 308 42 991 198 956 276 219 480 987 664 580 919 391 751 798 197 650 957 368 519 787 908 117 471 89 423 945 213 265 46 806 72 74 386 245 723 350 223 661 706 880 859 907 174 868 525 425 202 279 685 367 659 538 427 291 199 23 5 336 754 626 425 895 363 313 669 746 71 410 961 902 19 878 214 267 545 401 684 206 230 276 13 839 84 3 716 390 722 786 490 728 77 778 298 350 232 510 942 949 154 26 768 955 91 981 417 835 12 505 633 679 531 913 837 288 373 827 150 571 140 617 152 597 239 834 660 354 71 490 597 927 461 282 114 210 899 103 83 391 76 66 517 780 372 299 247 527 109 251 824 433 706 533 215 622 457 235 172 503 974 831 143 280 554 472 720 493 537 903 276 212 745 883 922 926 110 684 69 361 990 424 672 237 348 689 676 419 591 539 213 317 282 269 226 288 120 258 35 811 626 842 671 417 545 347 724 534 70 366 591 182 7 563 680 978 538 106 196 102 997 485 108 976 21 994 364 433 556 990 914 893 272 256 947 921 940 419 699 900 996 727 547 801 607 268 361 267 946 451 882 221 744 414 650 69 533 760 420 237 729 398 887 601 385 20 521 243 7 469 499 83 273 532 97 469 189 816 199 277 210 631 978 77 330 659 369 460 655 111 428 176 630 97 77 708 390 256 254 895 816 935 350 19 672 214 357 870 610 951 175 500 537 6 764 846 646 816 707 201 472 701 160 872 735 481 278 470 967 303 731 117 825 334 157 936 261 982 467 841 213 11 486 345 922 607 894 907 53 552 192 150 416 309 544 88 414 513 621 861 393 670 799 571 278 43 350 154 976 24 695 915 712 532 316 82 970 62 409 781 810 84 203 321 783 225 867 80 327 299 443 454 624 699 158 664 686 515 238 889 740 195 537 837 248 445 656 977 438 393 257 964 236 822
118
101 392 252 315 718 643 9 817 39 998 34 422 741 297 554 307 958 884 451 465 357 838 948 741 807 526 238 232 96 581 336 952 298 325 588 83 120 580 611 913 309 266 244 357 47 582 388 86 617 32 732 579 423 890 775 889 279 745 298 461 548 692 420 283 858 104 665 530 419 76 515 726 782 65 532 351 883 541 892 789 284 848 61 619 749 347 28 299 705 376 541 797 523 747 979 174 514 890 802 135 171 242 126 182 657 930 485 179 852 681 409 58 837 659 991 645 835 659
749
431 354 914 568 818 346 369 379 164 776 51 899 609 560 295 64 700 195 721 316 821 61 537 470 709 68 210 906 982 34 705 318 802 41 646 607 528 419 997 387 844 717 768 873 982 313 571 900 130 604 552 274 958 577 741 932 253 719 232 570 643 716 67 760 342 102 968 665 218 199 709 471 60 26 626 445 947 713 160 612 811 234 690 734 190 213 319 869 92 513 289 474 42 36 209 769 241 741 813 981 57 954 542 577 669 958 365 624 789 179 728 86 11 41 236 866 507 241 430 40 11 755 740 157 187 200 398 663 344 594 231 614 574 912 547 220 374 419 537 964 447 603 703 952 340 442 946 824 856 572 403 211 470 849 777 936 366 358 534 728 527 115 588 791 487 541 778 368 997 615 199 502 527 409 499 974 109 224 162 859 118 133 428 55 693 912 186 480 986 659 783 137 85 678 898 731 755 916 517 254 951 969 744 54 150 4 340 920 515 307 283 727 4 310 792 214 754 763 65 324 800 449 179 159 992 172 185 547 797 957 56 338 167 318 3 39 187 236 389 680 573 586 182 82 167 723 552 610 649 444 31 328 529 515 541 797 390 355 553 259 832 207 938 796 634 393 20 453 497 556 909 973 126 433 524 744 907 261 879 771 739 42 24 176 933 98 985 28 154 679 860 511 680 891 588 825 751 606 974 912 27 149 129 676 953 932 154 94 467 278 930 182 175 430 324 434 985 868 129 665 763 718 19 219 875 459 544 238 629 189 893 467 339 416 403 341 26 956 505 228 613 870 727 512 810 312 6 627 680 548 527 902 963 367 147 635 344 208 116 206 29 31 558 149 822 98 491 813 45 811 919 342 540 185 730 232 41 70 242 563 130 360 852 816 349 934 286 150 492 997 27 786 493 83 43 95 365 889 683 534 227 199 747 402 814 433 544 488 169 254 616 908 738 818 707 865 721 733 576 391 29 115 676 323 156 145 92 910 566 200 157 631 281 272 753 565 616 392 95 842 29 870 104 203 70 638 178 756 18 803 671 108 40 295 763 790 892 632 804 812 327 381 287 608 521 469 53 6 338 938 784 171 838 849 452 116 610 440 547 42 741 166 633 249 258 68 903 82 331 145 137 477 17 64 100 736 687 703 536 770 576 702 946 916 661 711 340 157 422 68 349 235 717 955 670 199 154 743 973 214 886 733 464 96 168 138 583 680 962 107 86 594 838 111 632 504 689 795 547 581 145 367 815 761 303 389 358 681 467 103 734 742 73 93 477 424 764 966 751 29 48 751 63 455 419 171 768 173 197 998 54 55 396 457 305 379 670 791 807 535 336 801 50 663 147 234 931 310 892 243 50 844 452 368 194 628 570 769 104 209 703 562 928 5 954 663 750 856 604 336 516 363 596 315 815 148 108 825 493 402 128 267 993 557 441 414 396 644 448 43 576 939 832 689 221 251 631 410 359 193 450 416 154 885 934 495 916 860 569 695 222 574 35 225 898 970 946 775 789 873 417 561 397 511 43 782 385 935 983 910 661 49 797 176 118 91 841 560 700 772 414 504 456 420 995 389 841 606 825 760 985 155 166 74 133 508 678 976 560 191 229 291 868 690 895 15 502 153 359 717 25 534 427 588 325 769 941 252 184 614 354 641 466 288 68 828 604 434 286 253 318 527 332 217 220 52 71 779 389 766 4 615 734 479 560 118 549 985 152
474
851 979 476 427 654 642 497 702 401 602 155 162 648 773 987 183 517 409 49 456 863 658 125 507 321 81 456 197 417 757 534 112 660 372 400 805 125 863 843 817 405 29 861 135 357 538 700 271 310 520 114 897 748 648 951 942 453 354 441 829 59 987 200 126 627 206 179 175 331 392 158 623 284 685 329 924 92 437 277 700 378 472 506 543 575 527 965 822 338 947 251 271 460 758 413 748 457 59 258 132 620 559 383 233 604 577 305 158 249 278 634 770 152 498 349 289 518 107 695 455 356 463 240 42 463 535 155 478 276 420 535 206 275 793 332 574 340 472 776 969 842 820 517 605 512 171 912 23 470 422 250 940 407 305 837 930 424 970 595 585 83 204 362 287 509 976 302 829 596 572 816 686 17 388 974 729 302 321 442 725 587 930 24 347 493 924 571 620 31 500 336 797 437 254 687 402 145 435 166 604 526 618 215 429 303 457 338 217 637 936 897 731 920 186 600 920 368 487 900 43 640 148 299 786 241 710 171 638 974 510 703 405 939 655 89 543 596 551 903 195 445 821 357 177 890 577 211 975 328 939 115 272 418 450 505 874 147 590 141 417 982 312 38 686 799 40 306 333 430 996 487 431 363 555 175 643 246 268 840 644 38 3 344 723 23 243 328 870 971 53 623 287 263 57 419 9 354 604 766 527 990 36 879 643 403 59 700 297 833 203 934 73 194 800 58 450 128 1000 220 111 105 201 75 425 933 547 520 669 260 629 550 945 535 262 370 931 709 835 367 594 72 705 125 410 603 738 904 649 459 646 365 38 643 833 255 89 9 550 879 874 428 897 839 442 729 484 100 974 601 592 853 895 763 975 270 441 663 586 978 252 740 14 225 800 874 817 244 763 193 779 884 25 733 793 379 2 189 975 689 313 172 47 811 260 512 994 666 628 449 214 676 943 383 223 768 169 820 320 969 234 561 923 357 501 505 516 308 797 202 706 529 485 738 228 141 430 140 925 141 319 977 628 166 724 760 54 645 588 274 394 765 728 97 636 174 204 679 638 917 411 402 522 523 977 350 271 381 885 836 964 778 960 193 237
615
929 708 265 718 678 984 825 174 952 216 542 874 82 682 413 199 353 691 141 418 435 953 986 31 451 709 457 265 922 3 681 491 850 908 513 891 897 198 694 580 685 86 981 876 944 448 927 614 936 92 568 562 551 330 678 796 326 246 316 145 621 786 598 362 911 683 339 865 323 994 850 887 596 596 966 531 422 969 649 952 622 459 269 366 501 115 222 110 853 352 996 1000 491 835 501 211 566 902 899 831 507 594 841 160 538 284 174 397 950 586 749 361 34 623 531 521 608 18 21 452 657 366 641 200 546 927 932 246 533 743 380 830 997 805 835 956 785 4 863 687 936 652 912 894 701 575 484 317 690 207 896 389 934 727 189 891 461 68 159 980 857 589 337 800 763 401 709 742 534 170 745 637 328 822 325 869 827 714 575 734 352 315 201 163 804 92 627 59 131 961 448 526 464 308 675 638 829 52 490 102 373 434 546 98 447 34 671 326 185 110 978 979 889 907 970 470 148 851 430 695 581 999 578 143 18 95 832 643 467 399 732 677 237 738 33 242 622 186 311 644 224 249 571 152 723 260 981 192 711 704 879 810 456 97 440 73 325 386 896 84 96 804 71 314 628 980 82 197 270 57 186 616 709 855 549 345 108 343 105 831 44 399 151 265 503 973 733 969 667 390 505 406 361 571 423 212 533 21 78 812 61 524 291 225 321 991 425 155 494 147 342 495 902 914 481 252 668 126 441 519 928 929 92 765 704 926 7 819 656 35 109 949 673 71 277 126 74 602 797 783 798 46 807 227 881 832 491 61 570 692 810 43 451 738 630 897 336 850 489 836 454 427 788 283 125 717 109 111 943 352 647 135 680 194 153 205 753 781 968 608 413 862 876 408 710 374 582 277 107 689 609 169 409 368 819 169 556 686 643 89 570 868 103 533 4 826 537 46 229 986 466 888 261 175 863 667 395 919 899 327 130 443 977 562 475 637 294 291 964 480 985 888 996 2 730 479 411 694 375 987 704 895 76 515 214 457 750 632 770 798 427 489 947 616 19 302 505 986 974 382 921 513 333 916 740 471 690 773 557 342 747 437 34 533 674 409 741 847 401 480 628 582 967 3 833 958 869 705 47 553 55 797 640 567 859 419 549 99 583 282 270 935 454 531 436 80 191 270 109 661 841 716 326 653 284 606 547 994 315 798 767 10 219 500 59 696 775 436 889 926 607 519 784 783 294 115 648 637 592 53 704 815 107 162 80 263 743 786 988 894 353 611 914 123 976 113 759 786 818 820 331 647 525 52 290 422 153 491 64 759 844 72 941 458 71 627 267 900 902 603 274 143 365 242 128 24 756 393 362 492 748 426 201 952 522 259 982 34 757 192 828 341 333 969 945 688 443 142 944 202 320 878 55 343 877
255
167 646 635 38 248 654 648 472 19 494 673 81 280 800 514 64 232 797 540 612 967 421 293 14 532 186 343 202 808 279 178 2 689 219 31 671 689 517 503 137 19 304 761 298 61 667 670 499 411 444 831 984 524 479 662 178 396 285 788 853 326 744 474 431 170 796 364 582 986 639 405 841 234 770 85 187 817 172 820 447 974 28 221 770 519 324 927 227 527 744 862 691 925 255 862 346 23 397 494 403 635 19 63 224 496 271 919 555 644 640 776 121 149 759 584 410 774 305 285 482 69 124 807 340 167 742 479 389 714 973 462 931 432 322 515 375 121 721 102 23 573 337 996 888 484 592 136 373 669 464 822 43 342 881 928 676 992 63 967 292 389 21 990 80 943 730 28 639 313 304 709 937 222 661 839 680 896 541 761 915 782 942 330 205 660 587 420 777 306 211 903 943 794 54 854 305 555 744 420 520 34 705 577 337 947 10 192 626 158 473 172 276 472 72 368 725 961 613 91 663 660 662 738 315 676 364 195 578 163 421 518 721 267 442 707 399 793 768 175 533 88 99 560 306 551 289 632 632 931 862 424 190 386 358 317
290
558 39 260 791 163 414 705 661 629 777 796 784 929 509 904 493 249 482 398 67 717 875 924 396 843 132 684 498 326 104 274 689 191 757 327 764 713 341 851 823 158 690 306 467 222 557 20 121 901 881 797 2 403 96 517 517 411 707 15 790 747 209 196 2 580 311 328 688 291 442 649 752 287 194 322 301 576 170 745 974 646 722 966 355 369 292 705 517 914 636 741 508 121 173 675 614 735 363 752 161 840 599 201 917 797 568 625 37 441 412 811 934 590 91 274 83 265 675 963 836 271 661 946 936 774 314 215 198 713 614 127 608 113 981 282 630 813 949 911 49 97 56 281 883 856 664 224 802 661 144 918 380 809 902 631 421 103 155 592 977 873 434 646 597 576 795 932 571 306 482 155 292 462 775 603 209 663 502 501 602 191 1000 833 34 723 163 777 66 83 563 54 521 971 840 609 512 88 62 234 626 920 942 45 108 927 179 990 993 240 863 920 805 857 325 765 745 19 263 726 940 396 853 768 131 472 345 920 707 384 990 911 740 268 315 967 730 855 459 725 536 876 197 149 417 818 190 494 856 659 5 648 374 473 504 392 909 353 522 998 381 98 341 804 581 464 978 443 198 609 935 245 136 767 914 891 239 579 982 104 100 993 771 13 510 319 210 139 526 830 647
401
635 655 266 107 460 459 979 415 959 352 479 493 263 162 693 230 775 177 685 74 554 685 655 56 56 978 429 781 641 379 88 530 648 710 653 634 144 644 527 639 444 335 459 85 604 202 438 920 6 20 906 642 690 550 445 725 498 16 17 222 621 425 511 825 785 791 708 932 138 295 822 922 327 729 41 272 388 131 690 855 145 36 452 287 63 83 588 478 474 899 585 735 303 591 38 342 209 103 24 808 178 340 15 173 753 627 512 559 986 946 397 407 321 354 613 683 641 964 16 615 605 76 715 795 452 16 600 519 516 31 565 320 47 678 333 725 79 880 968 739 981 650 934 118 833 345 33 232 378 48 776 109 756 136 558 371 25 312 543 966 239 92 718 690 531 667 861 503 46 774 630 108 800 860 893 179 586 441 822 979 657 969 638 831 153 527 443 940 323 167 374 118 188 4 159 644 857 351 573 146 128 216 717 900 44 504 453 867 738 285 386 466 452 778 918 725 764 867 842 249 439 648 566 502 81 988 242 326 548 484 221 394 597 635 854 974 88 717 671 28 431 785 992 928 2 394 328 423 214 23 695 178 354 376 359 41 180 125 713 623 374 716 472 892 805 627 597 122 720 832 285 76 724 916 764 188 737 933 27 129 678 673 30 802 205 85 643 431 264 828 374 401 309 775 538 24 103 718 191 57 115 506 171 661 54 685 3 519 526 2 90 103 959 447 672 740 495 296 286 989 517 537 82 497 587 120 202 188 717 933 33 90 778 56 356 41 549 60 830 995 11 315 8 835 486 275 449 961 84 843 3 958 196 114 701 660 955 114 930 677 878 598 663 874 808 13 426 96 909 735 113 426 45 935 87 927 457 650 624 738 155 956 75 204 3 934 794 671 774 848 322 980 412 874 495 392 480 438 229 324 174
855
298 572 620 712 160 346 503 29 625 783 575 402 512 564 336 500 279 491 123 296 717 791 20 902 861 232 44 719 512 146 8 143 902 410 494 664 158 545 491 632 386 837 800 124 171 143 468 240 402 817 79 574 696 867 853 365 474 176 35 62 139 737 983 66 847 338 837 853 173 2 358 557 298 870 607 488 212 718 970 706 661 953 929 827 374 52 874 52 518 546 241 64 662 782 423 163 840 154 233 575 575 974 421 806 580 134 187 276 296 268 635 933 614 456 384 505 972 323 467 378 208 90 750 965 103 266 365 749 417 151 635 275 768 55 633 813 259 590 996 647 273 606 266 68 749 653 436 327 32 647 85 595 502 921 366 978 988 541 760 302 475 884 274 572 279 124 512 552 287 327 272 101 376 905 567 195 301 476 805 544 6 583 172 369 80 96 554 743 434 530 79 481 357 325 379 180 573 491 731 159 732 658 748 686 387 678 240 665 175 503 566 909 353 253 602 365 30 6 632 115 642 44 903 21 284 921 650 95 489 371 273 608 421 107 24 145 149 43 937 309 364 784 402 11 291 296 906 126 445 265 836 939 218 351 570 319 830 605 518 245 302 558 943 289 685 940 402 959 180 717 332 133 869 600 761 676 380 460 938 230 188 895 746 323 623 189 620 114 142 878 76 169 186 506 214 23 769 326 538 283 414 55 312 269 24 666 659 456 995 131 546 552 219 797 38 756 593 663 973 124 884 447 464 270 408 841 636 739 893 770 625 450 564 762 210 207 739 153 226 537 572 825 402 222 250 250 1000 383 894 541 995 916 247 584 136 740 15 24 623 596 39 526 930 538 969 994 502 492 814 968 45 979 26 622 853 725 622 861 75 750 627 985 87 590 661 129 387 87 713 214 229 874 624 521 640 258 499 52 597 358 508 339 979 846 248 648 827 917 858 60 350 518 435 564 34 81 566 584 215 65 828 834 510 285 819 868 253 674 687 98 480 353 213 298 141 72 688 110 710 643 29 536 98 584 416 329 238 467 2 107 190 837 529 104 584 191 682 173 510 21 323 311 769 994 205 843 542 893 543 671 333 95 590 350 475 21 742 445 539 732 401 809 794 650 884 631 421 833 147 106 141 160 532 217 176 6 924 749 636 720 7 693 417 375 285 91 281 310 972 60 981 979 689 15 137 244 621 877 623 291 546 590 979 75 190 515 99 722 663 698 954 624 745 712 914 794 182 779 357 916 887 97 333 511 4 359 858 595 323 689 614 313 393 780 169 186 411 480 360 310 612 883 943 942 673 740 810 963 900 217 853 113 838 615 926 89 325 228 210 158 179 370 720 552 856 575 529 401 975 349 693 45 833 218 437 830 275 467 289 463 185 210 862 323 283 495 113 383 779 59 48 67 379 936 889 38 159 407 968 488 250 151 643 203 20 593 723 495 914 168 114 706 174 203 730 368 768 329 191 794 737 774 3 721 752 671 667 573 477 234 777 520 75 337 456 384 747 83 757 224 409 422 878 458 508 117 690 906 833 149 500 166 440 150 427 618 809 824 502 335 587 673 171 592 396 534 695 671 15 103 159 281 779 414 366 2 472 854 700 448 694 887 774 376 291 632 359 321 192 579 631 160 627 578 503 454 892 302 134 183 724 639 444 900 102 697 425 448 425 427 328 204 686 473 855 395 369 962 346 334 297 703 42 835 802 419 273 364 142 891 551 852 282 651 53 380 199 626 444 98 150 598 400 78 768 536 609 180 531 777 105 756 866 823 698 616 438 928 12 798 389 657 315 268 825 256 359 299 287 991 214 572 469 591 943 127 939 871 435 569 7 891 567 751 840 628 748 972 198 325 124 626 763 121 471 155 340 549 593 338 211 684 838 308 702 20 72 500 755 548 186 984 943 223 722 827 794 342 496 370 663 151 887 109 26 931 896 243 11 72 611 616 991 191 284
242
504 118 517 244 126 180 940 703 563 586 655 718 36 237 523 130 682 342 329 43 527 348 347 75 721 64 582 288 551 466 257 656 265 414 273 932 310 560 996 321 598 79 801 535 726 135 389 802 588 748 465 172 115 843 755 173 100 128 650 616 314 944 489 510 929 91 726 150 278 830 834 565 180 69 246 459 582 528 321 377 607 786 767 194 155 242 101 223 460 192 808 674 923 656 354 382 897 337 169 441 821 845 273 894 217 463 112 352 768 237 279 788 697 719 384 690 396 623 89 625 719 44 453 346 306 594 358 670 637 382 706 883 956 363 238 535 319 311 877 779 916 512 346 416 309 667 286 92 240 492 18 136 61 952 790 726 786 675 384 921 602 497 624 66 805 942 757 721 685 633 336 720 541 386 225 87 935 897 936 844 251 512 484 373 183 966 674 258 987 950 912 822 958 22 532 203 795 303 211 442 847 695 730 297 713 156 154 103 387 186 927 785 692 648 926 794 297 512 737 449 635 841 64 775 267 911 888 288 774 293 894 211 529 828 431 703 218 807 978 946 935 542
148
901 652 679 81 435 893 170 627 586 836 675 122 437 362 963 235 111 508 279 883 523 332 263 741 724 16 959 826 150 885 844 242 4 491 378 459 353 257 502 675 918 400 610 779 366 736 532 403 373 511 469 36 740 632 732 422 970 220 478 884 727 322 957 632 617 40 43 849 272 917 321 291 367 406 350 741 765 153 287 324 640 223 236 920 903 25 535 756 725 2 763 563 241 527 102 314 375 28 381 455 869 613 214 541 758 634 212 273 20 469 115 815 531 841 442 534 394 932 897 316 521 920 498 284 500 596 850 588 969 68 35 940 918 280 329 670 891 735 73 718 820 371 776 962 285 440 314 656
966
825 622 512 575 847 656 290 958 635 635 942 695 608 470 37 672 1000 165 443 151 852 931 708 690 234 761 192 337 694 658 47 178 678 512 794 35 806 26 698 258 651 561 317 752 503 483 851 262 999 672 237 262 402 411 206 212 147 706 26 725 21 771 925 942 10 525 929 880 373 945 410 811 404 485 190 738 68 30 620 611 185 209 457 877 150 815 119 230 950 32 495 431 197 458 546 440 770 813 996 942 805 197 979 59 227 489 107 169 559 841 946 310 156 488 939 287 78 847 437 607 888 921 930 212 270 625 923 940 104 665 371 661 204 421 428 495 805 466 296 933 217 873 975 794 103 534 342 561 868 163 781 346 661 259 92 196 365 765 930 916 559 15 868 892 442 406 213 86 484 142 670 879 66 332 920 48 773 478 806 72 99 1000 690 32 938 928 210 826 785 399 358 182 13 605 959 877 256 781 501 5 335 738 901 815 382 941 192 429 239 655 399 913 423 651 201 275 96 975 573 582 539 38 31 787 706 224 855 686 779 139 344 449 247 307 377 183 712 875 328 655 317 663 110 662 49 111 122 610 564 93 267 224 964 334 636 741 531 315 514 338 819 466 583 76 692 765 185 701 652 720 383 717 935 895 749 654 78 456 927 143 385 105 277 437 803 938 753 908 446 2 269 621 288 85 640 938 193 877 54 131 486 245 88 202 810 388 510 861 913 362 323 963 731 488 538 736 618 122 230 136 855 589 456 588 959 729 77 775 62 75 310 195 799 205 368 320 663 417 775 517 725 577 855 866 713 557 9 96 576 891 968 201 839 273 540 522 203 872 995 267 492 447 400 914 430 81 882 201 290 234 211 32 991 942 727 9 428 64 355 713 17 282 536 380 310 101 998 959 203 407 867 490 560 461 702 254 179 193 690 480 211 56 564 60 91 781 815 723 888 563 682 438 388 130 229 411 142 843 959 868 201 294 262 97 448 189 213 676 30 83 280 28 685 992 959 260 50 318 289 329 900 524 826 827 357 982 36 764 174 669 935 274 145 756 133 531 202 566 238 646 535 533 711 237 39 837 695 518 856 148 87 340 916 379 805 785 378 974 402 104 506 114 154 135 323 290 585 929 614 641 116 261 689 978 375 63 439 639 539 177 783 186 242 165 958 126 572 109 739 374 723 682 67 586 995 591 110 722 213 330 712 3 612 855 855 261 426 834 833 500 650 346 922 900 349 731 281 997 266 339 893 446 916 442 166 919 784 625 506 723 451 460 710 810 113 43 98 714 927 26 764 449 183 476 431 385 549 999 508 159 968 873 789 731 81 625 869 955 190 402 982 883 504 172 929 358 887 474 473 733 637 572 557 997 473 202 263 216 763 747 150 927 890 509 266 793 617 903 258 775 436 768 789 611 226 134 702 937 994 731 87 990 632 465 214 87 201 565 682 183 237 163 479 200 87 211 119 38 212 719 795 612 85 444 758 202 969 228 225 10 44 476 427 788 243 910 189 103 971 617 553 1000 258 717 10 249 434 697 183 214 58 213 830 149 900 550 569 907 990 559 762 458 881 734 956 620 421 41 102 461 374 357 787 165 381 651 815 747 688 726 515 150 230 475 9 656 952 80 868 923 88 880 625 117 739 592 698 275 675 347 317 637 754 361 817 488 141 233 571 375 605 344 728 747 840 627 75 663 444 406 72 199 1000 782 491 232 893 311 834 369 720 44 969 152 304 896 111 264 32 904 389 713 75 279 758 78 585 441 422 373 566 251 393 624 458 344 372 921 510 895 418 46 871 662 667 252 95 889 831 901 498 298 858 697 914 689 401 425 877 22 968 418 896 249 8 232 473 306 782 459 896 583 126 402 506 255 566 766 33 509 562 642 561 554 900 961 889 945 713 345 352 415 420 284 191 554 259 568 161 561 912 661 559 191 855 746 172 806 856 366 911 498 637 661 980 662 649 6 175 518 789 699 433 438 351 903 689 423 605 591 60 204 501 544 785 5 139 443 349 975 241 258 415 449 70 868 743 564 792 387 426 802 567 835 395 690 397 835 265 679 392 73 196 493 379 448 947 991 218 264 916 203 339 830 124 934 714 412 424 749 416 680 161 390 376 747 998 166 136 601 15 177 673 862 409 666 562 179 128 105 687 681 979 571 143 933 141 868 660 16 154 628 931 387 765 637 477 38 384 889 681 997 768 832 405 623
855
65 947 973 816 832 779 968 690 338 402 189 343 819 340 708 545 706 889 146 92 921 397 507 630 749 224 367 349 69 629 833 51 573 956 848 175 863 574 969 856 435 508 367 610 24 333 779 786 403 1 607 746 424 980 380 825 260 959 273 16 209 435 18 602 771 861 487 101 255 854 66 37 921 338 432 297 298 165 739 603 20 16 954 448 32 833 349 572 918 973 363 245 247 212 298 36 127 825 417 336 607 721 149 515 839 108 718 119 661 362 349 817 167 945 238 826 291 510 463 509 506 265 429 408 332 533 555 495 974 455 398 797 560 778 512 606 343 310 128 527 943 225 51 219 606 453 849 684 918 842 821 107 719 431 756 907 88 186 252 492 103 51 261 149 636 792 521 33 61 784 612 124 991 143 106 850 458 397 193 852 760 512 222 569 686 383 75 86 727 923 615 516 49 229 691 495 81 569 70 593 800 523 841 895 486 147 922 106 138 43 36 846 411 327 72 542 339 873 109 399 188 910 195 849 63 138 437 922 747 899 981 2 223 991 44 912 411 910 638 804 949 305 942 741 892 198 598 850 740 150 391 82 727 777 983 68 474 299 51 785 484 21 721 379 688 918 983 513 90 568 763 452 508 827 771 537 841 572 607 136 695 825 191 999 192 681 842 200 959 808 452 889 278 604 169 922 86 838 659 357 260 65 117 934 491 520 682 575 175 540 575 35 602 417 268 436 592 765 767 833 73 52 38 619 31 397 538 439 203 526 349 678 480 563 319 694 634 278 509 841 873 37 767 895 559 282 751 991 333 899 995 711 944 171 674 352 442 960 115 271 839 482 974 523 498 501 551 742 252 816 562 121 790 963 93 482 61 36 532 668 605 234 368 346 819 345 521 769 726 323 560 336 569 381 658 484 273 947 173 618 561 954 625 241 60 694 425 198 704 769 792 554 517 709 319 519 82 23 858 769 448 310 713 858 376 338 641 794 863 630 258 126 723 869 832 185 798 655 518 843 647 605 879 801 490 272 721 754 193 653 491 591 354 248 106 836 163 895 33 788 103 953 867 217 807 872 222 395 666 643 662 467 865 72 335 305 795 991 60 117 260 284 168 402 147 75 302 756 426 255 326 141 808 549 772 354 564 903 853 661 103 574 460 249 723 533 772 138 114 471 955 529 412 75 298 685 896 765 987 278 631 547 890 313 656 387 2 567 13 943 742 578 402 409 310 419 177 98 316 771 542 350 579 468 964 667 1 923 617 937 972 663 941 427 326 824 359 67 241 99 530 347 348 992 462 317 722 378 588 522 781 971 640 417 901 293 9 630 466 183 837 851 835 108 608 84 27 436 933 436 730 537 145 761 272 226 305 772 35 848 934 170 935 749 296 181 799 12 210 959 865 648 842 204 252 516 11 34 386 908 724 39 544 68 743 985 707 976 703 770 753 64 480 124 44 770 192 269 717 239 407 560 388 834 468 900 372 107 4 292 786 998 42 401 262 576 506 958 542 390 388 845 838 861 751 965 515 24 970 54 486 442 985 798 290 706 3 471 778 934 633 907 850 828 502 806 566 882 759 321 904 18 888 470 710 223 350 938 669 429 169 824 499 158 818 862 668 277 693 221 97 17 681 724 567 615 150 742 117 460 975 59 374 942 77 955 76 560 368 416 200 787 546 198 134 790 493 554 450 891 306 957 302 615 267 122 705 996 684 896 385 236 812 752 615 517 925 417 3 750 433 790 206 964 855 587 883 525 591 243 536 409 286 810 392 893 287 951 704 975 270 775 837 476 358 47 516 426 243 231 618 448 285 344 741 474 679 50 396 919 700 55 161 496 829 709 995 166 959 786 607 72 454 367 131 376 652 893 669 418 77 751 989 372 477 106 82 1 476 883 518 836 305 102 700 615 649 276 151 249 38 223 623 972 615 183 486 75 185 615 921 89 811 391 174
795
94 81 355 65 319 422 371 408 164 734 848 77 329 664 59 77 126 172 363 315 353 810 690 214 30 794 327 286 561 75 386 122 947 608 693 348 724 565 502 324 738 201 783 259 700 52 37 13 850 951 366 261 689 590 327 191 605 604 415 945 60 863 792 758 553 648 765 826 28 499 699 227 797 860 407 650 524 496 97 528 749 692 676 373 978 504 998 424 94 926 87 388 406 392 916 201 624 912 995 180 714 56 33 702 235 401 380 279 85 909 44 156 141 481 341 489 838 239 84 920 22 767 735 254 227 125 303 246 753 865 230 493 49 413 673 225 923 217 88 798 770 444 665 941 708 465 843 360 991 911 595 317 809 885 317 842 660 310 647 87 905 374 20 49 232 271 507 201 942 496 250 576 219 975 378 221 547 397 698 109 19 327 825 51 201 379 695 122 422 998 458 369 864 661 765 589 654 646 63 590 538 336 471 432 149 995 775 871 672 823 848 159 288 280 766 734 814 302 235 184 564 96 239 671 492 561 119 424 492 902 877 608 73 982 307 302 567 542 682 721 195 126 228 156 661 388 763 581 612 652 742 280 990 865 349 770 513 693 610 902 595 871 252 914 458 710 554 838 656 269 655 51 134 347 151 939 676 657 424 473 261 693 49 441 426 85 199 533 535 278 402 258 969 148 600 640 871 114 337 924 664 403 141 199 426 365 943 971 344 398 621 542 441 403 825 646 591 255 215 11 918 15 568 685 795 982 594 15 452 489 388 91 75 382 620 492 296 168 598 285 119 516 752 733 666 355 681 450 427 693 820 820 839 778 211 738 533 317 67 505 282 265 217 195 849 490 332 316 819 5 673 941 543 621 785 229 837 682 75 359 593 172 715 831 247 787 730 204 982 25 139 852 792 968 747 9 858 871 785 225 919 19 77 427 378 683 843 245 483 514 869 899 161 739 60 94 735 929 860 681 788 205 863 638 377 905 649 261 773 44 750 189 126 67 255 864 6 968 805 756 510 266 720 494 713 788 77 9 681 626 715 442 648 994 788 422 960 302 288 133 712 944 895 706 385 581 222 33 726 951 43 649 557 85 646 198 83 827 547 733 63 655 287 527 649 398 903 222 350 781 949 461 149 877 713 5 161 464 369 439 282 318 859 713 210 904 509 686 324 540 133 597 556 781 526 894 846 832 691 126 912 418 818 299 2 558 236 340 755 971 927 197 805 329 23 397 383 639 802 684 516 475 380 321 121 551 961 259 14 637 783 403 263 270 831 189 771 403 595 574 306 1 976 409 198 772 76 251 776 945 560 339 78 645 576 186 237 726 47 896 696 736 597 751 454 904 322 89 532 663 620 506 824 796 947 595 569 489 714 67 139 134 24 118 918 259 724 222 787 552 128 621 783 785 260 288 472 152 123 79 606 477 442 889 651 96 569 685 892 539 604 614 973 384 869 616 354 299 412 382 887 988 378 514 674 120 288 287 710 717 709 790 592 86 350 534 629 330 785 115 236 509 789 363 595 464 783 19 48 376 624 844 260 671 9 902 641 447 66 606 822 539 659 414 326 390 477 998 135 143 42 69 211 22 860 807 162 996 918 945 593 468 203 154 714 192 670 102 612 858 977 87 769 644 501 352 595 578 140 508 13 591 285 647 428 274 32 507 246 363 267 837 426 242 316 879 811 70 862 981 276 92 951 807 177 2 355 393 946 563 672 555 629 794 869 315 380 699 999 282 216 996 548 938 907 766 844 117 697 153 74 570 260 801 238 817 944 281 622 972 12 70 843 549 931 126 230 840 106 725 768 669 759 570 88
992
856 135 321 779 425 301 988 116 101 862 265 889 216 913 701 787 701 898 145 279 403 690 47 613 591 629 760 110 232 350 805 785 868 912 608 845 991 814 150 306 206 293 980 131 114 560 865 377 872 802 455 896 179 502 16 681 574 282 536 245 165 316 650 437 286 510 311 368 531 507 178 69 333 710 558 897 972 974 536 518 623 21 783 848 116 869 766 52 444 831 975 609 608 593 151 836 661 731 939 971 447 971 276 886 541 487 359 616 372 783 430 551 945 681 824 637 462 3 259 556 939 317 598 342 486 741 938 5 156 372 245 58 7 209 684 680 550 767 797 173 40 665 905 326 686 903 379 583 130 248 177 997 702 721 186 918 788 704 835 729 374 18 136 137 191 778 743 571 586 162 271 266 284 622 733 299 840 481 112 401 515 672 441 457 771 650 599 313 296 650 171 771 673 304 886 656 201 272 925 190 515 472 347 329 704 272 723 36 630 32 776 542 667 676 562 902 273 455 606 433 303 218 218 24 821 866 317 966 829 70 754 609 310 256 127 341 882 181 278 597 280 760 462 65 529 162 656 173 392 899 648 848 772 735 900 459 543 881 828 186 248 428 235 462 611 374 852 488 801 501 632 766 574 252 500 665 480 343 62 388 958 642 870 437 532 777 378 33 832 336 414 12 544 182 490 690 25 808 216 338 743 911 288 208 251 18 537 250 144 246 515 997 436 17 412 564 148 449 211 499 913 580 161 157 413 666 320 620 370 811 547 125 853 571 741 394 293 539 288 746 373 855 626 805 296 194 15 607 744 450 562 998 554 252 878 980 329 189 591 841 9 212 692 544 598 131 673 464 478 190 60 979 541 43 733 625 622 830 203 656 443 756 685 566 189 944 491 434 7 704 953 179 237 916 977 875 51 467 830 972 914 594 240 886 62 469 675 718 906 204 465 107 30 228 903 551 856 245 259 361 71 144 867 484 653 733 315 784 893 955 518 209 264 949 675 792 571 483 463 205 694 136 347 545 751 887 134 722 675 652 638 218 879 889 884 93 397 464 405 327 504 979 637 727 71 11 936 726 786 768 45 729 296 365 865 367 353 88 485 319 966 128 940 92 628 450 230 768 738 871 831 525 794 92 306 573 140 886 324 746 373 908 188 519 98 588 751 517 808 271 178 997 756 88 118 99 100 212 107 279 403 39 547 915 698 419 468 582 454 346 382 485 85 641 641 186 710 940 360 86 267 200 984 604 505 545 531 41 912 542 356 214 958 935 14 203 624 273 309 183 592 134 959 576 567 149 175 981 788 607 650 860 942 394 938 152 793 341 375 23 409 790 560 150 426 1000 181 161 829 395 555 205 997 209 404 919 972 776 264 790 419 890 272 681 182 92 246 676 64 564 253 490 721 888 320 585 695 1000 112 169 355 672 764 780 430 510 920 810 815 129 783 434 399 291 979 466 447 797 586 178 389 1 729 818 542 369 467 190 371 880 935 558 310 746 336 643 918 178 846 559 145 318 291 838 63 927 480 902 49 871 524 111 446 682 121 419 228 904 354 890 192 497 560 165 197 289 809 254 53 373 799 631 758 797 211 408 748 339 382 484 124 514 64 115 364 841 143 378 376 520 537 685 27 889 930 22 841 370 516 744 387 696 141 843 504 305 337 663 272 317 727 123 683 983 939 956 546 339 71 377 521 997 549 41 318 733 122 427 744 782 321 447 358 688 808 407 393 878 795 896 972 550 743 623 591 48 26 663 108 837 265 530 16 264 354 513 609 734 432 590 546 665 206 162 348 877 889 297 82 232 738 192 813 455 204 965 416 719 883 972 988 428 179 774 129 443 601 717 685 940 456 174 446 763 419 590 285 174 294 478 147 244 742 970 431 458 82 203 997 669 639 649 416 760 35 602 317 111 123 451 922 961 121 679 112 56 544 225 623 241 701 382 444 168 247 727 380 61 164 941 410 243 685 368 359 485 620 567 165 121 60 531 919 883 558 290 158 699 288 472 380 69 24 508 875 296 817 428 810 770 559 200 351 483 776 819 719 140 926 802 866 463 738 469 981 279 950 745 165 753 468 54 435 679 153 374 428 287 860 628 158 11 43 307 374 271 548 298 292 759 500 21 481 177 459 774 668 474 389 32 627 621 915 892 463 949 625 971 228 896 703 718 873 212 689 515 139 622 375 722 255 31 787 434 525 56 943 520 438 52 83 201 846 357 72 625 384 103 926 765 428 31 688 883 434 55 131 279 196 891 63 908
122
372 920 734 546 813 274 783 768 451 700 473 365 734 870 893 767 761 211 172 859 667 255 595 966 373 838 23 502 670 398 848 495 567 785 653 54 581 568 340 901 316 382 305 169 997 693 445 534 128 926 19 583 264 6 342 328 648 323 957 279 977 480 917 306 545 50 510 429 422 652 481 335 185 923 803 143 782 62 732 736 519 399 775 622 618 164 553 528 342 643 540 505 499 574 562 911 986 853 513 582 917 271 838 644 664 232 635 412 491 657 756 905 138 711 533 568 999 909 33 215 908 142
138
209 537 851 992 684 607 740 728 986 432 521 780 241 13 644 256 948 157 778 595 72 577 282 76 566 482 349 987 34 453 103 957 203 298 147 872 589 315 560 394 842 2 172 126 628 521 309 828 219 25 485 848 911 333 375 902 617 367 330 34 991 24 888 673 774 657 402 544 667 215 850 793 36 726 757 534 985 361 758 685 190 453 337 835 875 127 538 389 231 880 222 922 525 832 561 160 713 584 374 58 15 354 960 847 103 547 96 292 469 255 184 990 13 477 298 493 445 164 162 95 36 992 189 362 82 503 611 598 817 551 377 440 27 168 890 210 445 581
84
170 449 279 218 983 82 741 785 345 321 893 690 507 465 964 526 689 771 657 696 34 815 425 35 725 425 785 269 306 689 649 813 371 191 49 485 479 598 507 361 283 508 196 706 403 898 335 627 756 259 612 611 85 175 738 716 191 207 170 424 945 147 646 803 354 366 469 8 74 814 136 236 21 230 494 266 911 296 671 732 61 157 400 694
839
468 500 66 169 333 210 199 572 253 687 655 661 953 761 426 886 576 394 636 176 147 886 605 660 302 51 720 238 694 700 912 109 236 437 808 549 239 840 476 802 394 114 628 158 687 118 541 153 467 351 810 478 768 221 506 532 82 845 234 13 686 697 989 15 95 467 165 898 921 616 429 24 293 941 176 650 133 713 472 153 731 143 117 118 741 789 388 376 619 668 203 862 662 60 220 809 968 561 54 329 33 677 286 861 193 652 883 673 643 589 23 658 108 454 764 273 298 810 822 528 881 104 61 319 430 519 795 345 887 78 552 85 436 606 429 49 344 234 209 567 432 789 230 579 868 818 854 354 559 399 748 352 204 586 205 515 755 638 695 620 980 547 556 246 704 875 120 881 412 355 106 783 722 413 693 887 773 413 271 50 214 67 683 424 327 493 674 987 929 278 38 344 98 412 961 474 122 380 60 732 125 778 383 840 744 302 373 240 260 589 374 237 197 483 342 985 523 90 909 593 777 216 663 994 154 311 331 249 228 947 457 589 690 877 435 457 90 220 884 783 229 175 547 649 152 726 507 306 495 229 101 265 768 205 142 343 485 94 361 614 388 109 723 416 378 892 630 13 148 266 230 888 96 651 47 273 328 683 760 414 484 689 525 7 118 575 703 819 453 931 234 465 745 294 675 203 944 959 719 864 189 269 815 852 983 118 553 684 212 255 535 967 181 497 715 486 257 347 156 781 728 22 549 742 659 836 357 6 660 596 682 101 565 316 24 788 250 651 313 517 23 41 451 444 190 101 470 401 520 656 17 218 361 565 758 878 735 875 821 189 358 984 467 709 38 853 369 451 983 283 481 770 460 565 857 438 612 597 740 999 183 360 625 704 923 108 563 488 844 987 261 985 600 702 935 938 157 316 934 283 839 497 202 414 329 36 906 934 315 587 552 199 146 959 398 102 853 61 999 917 50 494 848 516 780 298 999 859 558 518 624 328 87 749 736 533 171 408 551 574 273 79 5 633 771 371 168 261 757 565 321 135 525 215 25 731 696 144 904 918 153 241 372 65 884 314 376 774 485 815 255 76 376 128 835 168 627 555 373 823 686 87 290 817 701 695 713 760 519 356 359 777 184 928 625 455 916 933 123 672 823 713 83 137 207 443 33 578 806 686 20 707 208 908 78 681 780 855 37 366 451 43 571 626 140 467 442 920 8 247 650 563 798 145 64 970 549 968 204 376 979 950 949 795 976 1000 127 416 846 490 944 764 31 743 646 309 194 862 618 238 72 515 656 522 211 679 981 65 784 692 155 769 299 244 683 632 617 120 888 705 355 409 466 770 915 960 623 419 453 809 497 950 907 394 158 261 178 938 340 247 98 641 654 103 317 447 378 185 956 276 973 442 974 753 641 327 928 928 803 894 780 577 842 269 27 395 766 353 103 912 65 136 279 347 408 616 757 88 509 719 194 147 603 160 889 195 448 569 230 999 17 294 837 734 596 977 476 490 122 686 162 173 514 280 848 781 3 718 3 270 219 452 368 58 602 607 564 133 151 896 343 106 655 567 749 205 637 118 384 32 695 978 198 144 431 129 359 708 428 755 705 424 709 700 235 863 591 723 936 906 551 300 991 137 23 361 777 285 561 252 21 964 386 23 87 949 774 210 289 908 591 851 516 794 784 770 844 328 909 485 396 222 352 742 261 982 646 112 22 621 739 670 129 622 190 190 282 938 694 623 48 955 29 729 732 765 649 927 329 570 405 73 721 74 6 234 917 392 322 470 866 633 310 91 895 366 120 817 486 102 771 741 75 879 432 907 138 543 286 834 991 278 478 867 817 259 502 179 611 821 932 931 850 481 798 967 766 320 453 681 428 728 587 157 770 190 367 794 171 821 763 566 526 788 273 43 752 973 207
833
390 731 447 390 704 670 524 44 108 289 576 70 183 142 186 363 274 105 544 167 615 204 809 652 935 584 497 301 370 664 416 159 298 288 310 865 366 288 868 423 159 973 579 881 705 637 134 18 333 865 32 282 109 168 70 403 613 320 994 899 474 821 954 434 799 338 426 523 54 836 815 540 391 797 649 560 174 870 440 400 889 806 324 869 330 890 414 414 391 54 929 221 792 954 643 445 400 442 3 996 625 397 876 586 487 444 388 686 544 371 919 424 666 196 73 524 187 495 98 112 497 962 420 470 163 328 230 559 428 231 379 912 805 629 1 820 618 718 888 295 269 778 407 371 57 716 51 350 877 240 139 993 960 911 230 87 634 189 959 710 529 1000 171 182 423 255 302 320 980 595 707 178 414 757 976 380 518 16 835 516 732 630 946 899 368 725 455 996 273 660 873 419 155 441 883 551 239 157 992 59 651 809 340 853 442 388 83 429 724 447 582 124 824 861 304 441 269 272 229 526 96 791 618 454 885 636 920 509 229 116 57 889 437 424 734 131 357 776 771 227 278 502 219 780 194 155 823 192 954 654 485 858 150 318 128 330 982 653 768 606 729 752 290 631 841 768 847 833 215 467 404 945 208 444 76 792 228 175 297 161 637 154 363 179 956 239 738 491 949 28 625 565 817 287 888 521 827 990 354 392 931 970 948 44 551 89 959 849 973 643 381 520 430 834 275 68 566 852 664 109 771 610 442 867 431 942 318 211 90 534 829 284 142 225 932 45 624 118 76 142 124 734 713 342 929 852 303 484 415 980 13 67 293 334 861 391 516 730 147 202 219 553 721 21 695 466 591 296 102 142 706 731 654 747 123 522 677 100 883 764 906 951 556 937 971 352 31 501 90 7 215 121 586 540 243 166 290 470 953 640 844 503 411 364 773 928 793 702 94 374 810 650 493 131 888 44 955 239 718 229 190 493 396 118 697 975 67 812 927 737 331 138 173 849 698 808 773 218 782 101 567 539 995 893 6 90 94 311 102 108 747 428 945 408 756 371 678 941 893 457 338 37 616 961 898 451 586 278 711 9 516 77 988 843 676 408 608 51 696 934 209 438 604 417 657 251 944 852 242 174 441 776 902 417 141 508 74 213 614 498 123 414 469 634 177 149 746 713 53 462 405 50 404 537 914 252 71 102 18 324 436 683 527 112 81 716 298 634 326 554 925 113 987 750 756 302 644 539 662 343 849 980 63 703 453 792 777 16 976 31 513 133 7 351 392 598 231 413 627 558 518 749 804 941 216 910 981 367 205 534 602 796 768 719 389 903 627 880 518 82 247 365 922 400 295 103 517 160 646 70 428 826 307 9 989 742 933 208 782 823 482 282 422 988 285 701 442 169 884 667 166 218 102 72 317 150 899 556 746 292 911 789 632 353 4 631 680 607 367 655 317 979 68 691 325 755 725 599 685 761 963 223 282 678 143 589 172 106 850 103 22 215 403 1 216 922 300 978 977 704 685 978 897 214 833 552 33 694 442 630 416 531 661 687 531 487 5 363 98 102 473 241 534 145 943 459 25 432 935 608 231 645 392 79 501 30 72 203 114 592 392 616 616 656 411 940 819 42 354 603 877 400 834 229 239 208 387 701 717 51 502 639 723 113 156 146 591 59 842 220 752 36 649 857 205 635 816 997 952 270 848 759 186 7 726 148 216 743 349 174 140 754 745 224 703 271 190 79 325 353 334 489 531 939 251 521 791 992 7 953 225 48 708 122 876 709 559 703 884 6 854 182 107 280 109 459 13 872 429 306 94 190 341 941 693 83 986 240 341 478 754 696 815 69 929 595 325 482 423 895 23 672 142 170 402 150 890 370 37 969 60 996 829 372 65 783 49 115 581 319 899 444 119
596
90 768 589 650 526 319 369 995 203 154 616 586 258 631 828 551 965 654 283 124 932 809 828 396 210 118 368 783 348 380 915 637 857 449 298 138 490 32 795 30 156 69 445 928 959 471 800 588 906 24 217 56 805 741 802 800 973 502 755 994 461 126 760 67 120 30 981 809 565 215 252 896 329 501 921 283 1 460 962 865 709 727 169 433 481 743 226 377 853 561 119 43 728 159 584 231 751 16 781 86 647 443 330 653 832 166 991 690 343 776 388 722 93 398 126 913 546 985 443 380 961 52 36 124 705 571 200 704 121 579 148 914 216 964 535 731 287 984 3 783 61 140 969 172 781 916 850 885 31 917 646 803 252 705 74 764 17 644 838 473 937 867 528 175 832 109 646 687 700 369 135 293 386 828 448 627 59 706 19 797 120 852 995 233 508 461 625 905 210 436 533 90 381 832 368 311 922 559 409 922 769 516 641 838 82 940 755 482 452 314 96 735 450 364 364 845 616 275 61 741 745 456 323 601 237 973 405 379 741 497 571 686 735 135 261 634 737 779 637 493 707 245 621 813 150 165 375 533 717 563 123 230 247 590 338 543 676 239 939 685 457 530 64 694 173 354 928 895 979 148 876 693 529 668 752 648 910 941 943 850 954 748 183 717 200 966 134 100 639 906 609 744 416 844 721 413 952 132 865 315 85 777 502 796 729 447 46 234 369 414 659 176 627 981 464 932 687 589 32 684 437 598 764 690 564 110 601 74 621 417 478 122 190 832 847 416 892 540 378 322 55 906 68 196 451 713 919 128 760 465 550 228 69 410 813 955 243 701 419 880 288 651 220 650 7 610 114 480 541 213 59 462 700 182 566 83 169 691 7 484 998 748 109 939 372 966 840 536 857 943 454 510 616 262 156 854 118 924 721 891 936 85 484 381 316 838 474 662 47 946 759 747 634 941 546 8 51 389 570 121 961 133 618 281 375 991 673 647 672 172 119 959 947 491 729 233 892 698 449 632 322 855 730 692 604 344 660 89 848 542 225 947 874 57 388 903 125 60 918 263 896 177 554 267 764 573 175 437 139 409 143 907 935 770 965 97 590 219 746 275 625 898 538 456 569 965 321 890 356 979 302 69 517 697 876 74 244 433 966 737 384 854 81 257 830 810 515 386 666 444 852 579 395 572 18 47 937 47 801 823 983 281 880 998 260 174 100 910 567 577 1000 443 540 708 14 71 59 294 704 74 385 501 587 994 745 75 828 911 213 260 735 648 955 992 801 718 138 345 37 123 16 534 980 583 306 954 174 659 61 702 495 952 256 1 742 180 108 373 50 411 636 684 839 580 994 944 7 651 178 749 938 924 919 573 563 770
236
483 97 648 331 656 572 774 726 775 653 614 632 56 851 867 100 517 743 383 42 112 360 468 24 922 530 672 235 428 607 677 701 82 953 800 266 91 423 193 463 483 979 359 154 892 483 394 642 781 867 19 998 9 82 627 42 717 617 997 544 574 544 533 743 297 474 919 573 805 971 913 868 234 124 384 273 399 489 874 997 953 335 4 340 737 750 62 46 808 759 786 194 315 118 955 945 364 249 563 595 81 587 870 151 428 918 279 172 50 473 861 578 68 64 278 10 364 95 783 450 812 673 995 209 367 161 643 870 208 261 971 883 271 484 782 644 720 373 853 635 104 320 689 909 934 376 250 53 741 72 206 26 882 954 117 527 685 698 385 204 806 837 125 133 471 911 950 12 410 272 11 221 170 686 29 211 478 17 944 794 416 378 301 226 665 207 475 512 874 907 283 368 316 85 215 941 508 649 138 17 880 934 678 508 185 284 955 486 664 188 664 399 725 308 378 176 289 119 21 184 91 401 722 473 278 73 539 835 761 603 800 446 641 186 690 838
718
229 520 758 164 649 723 649 944 912 327 568 300 84 524 87 431 296 729 784 721 654 420 231 242 486 938 493 801 444 641 654 624 520 645 823 61 8 458 700 552 680 142 443 792 421 922 559 194 661 676 377 789 706 639 904 264 628 171 874 144 126 262 245 546 101 436 821 488 134 761 244 561 993 191 920 843 285 75 403 530 718 40 152 677 922 481 176 736 644 509 324 925 459 840 40 14 896 872 737 365 138 987 966 598 632 240 800 568 492 90 579 735 415 206 334 138 184 869 583 461 339 716 623 366 800 539 304 131 191 184 828 88 170 64 692 972 877 503 64 524 677 110 84 203 385 155 962 540 14 626 802 56 997 571 961 906 240 937 65 523 751 417 262 81 773 958 176 533 101 902 420 765 481 664 522 236 599 122 273 783 352 243 644 65 306 916 849 349 817 232 875 107 627 919 545 535 289 638 745 71 717 402 704 3 800 404 364 866 407 259 803 508 187 375 51 139 658 985 901 101 763 921 222 951 43 369 219 34 372 540 830 621 100 185 803 826 740 743 987 712 808 764 236 28 465 817 598 383 921 714 285 342 909 190 852 521 471 566 3 173 635 451 237 300 782 23 746 741 44 118 672 706 806 660 966 611 80 744 526 1000 79 552 583 990 59 639 757 906 104 369 634 68 288 236 76 141 43 860 360 699 532 850 309 877 37 742 278 355 353 76 490 129 338 733 169 91 425 637 65 170 824 203 69 204 712 528 41 504 24 642 547 677 859 702 21 456 972 138 879 910 137 611 945 412 705 470 998 297 279 506 824 465 145 483 864 685 848 957 87 943 165 82 660 641 31 882 508 984 768 606 460 895 724 943 84 468 720 924 810 895 797 610 728 475 109 429 301 654 755 24 368 917 546 969 586 983 704 88 252 634 812 223 210 380 470 874 675 861 471 779 20 228 756 990 268 770 862 650 360 513 60 655 756 250 70 993 538 740 351 56 297 288 403 541 229 358 158 256 574 974 294 154 5 361 521 205 312 962 131 719 815 823 337 238 99 615 802 346 778 826 235 342 878 555 723 644 332 511 187 590 379 55 409 957 254 132 919 974 381 675 213 500 903 680 524 663 551 763 762 524 933 171 191 108 280 875 313 790 511 172 208 5 604 671 718 754 625 753 896 130 456 798 813 904 505 965 900 518 78 631 445 21 369 825 101 372 579 110 879 655 627 815 212 315 76 505 38 190 869 836 986 691 420 621 83 515 6 954 568 528 504 398 966 303 243 77 874 811 827 342 853 749 734 195 879 451 156 182 787 127 696 287 434 48 253 859 375 577 377 429 98 141 715 306 674 485 915 994 641 273 287 703 315 169 155 984 576 530 382 30 965 782 276 192 429 697 951 511 526 749 434 266 313 863 479 512 145 613 753 161 985 471 875 805 337 493 330 313 210 453 981 732 529 485 584 22 170 102 264 413 23 636 295 25 317 522 611 800 152 992 338 164 546 98 711 129 57 435 748 951 776 866 782 394 814 545 745 731 495 741 919 755 64 900 226 177 781 267 100 735 646 4 515 225 296 604 107 875 294 286 183 604 884 643 542 552 705 798 730 361 768 119 221 854 460 808 576 596 345 773 102 684 484 169 98 195 705 900
395
871 728 514 267 99 993 672 14 958 494 747 709 492 491 420 441 738 32 933 654 238 705 863 637 998 246 722 329 48 357 899 366 721 383 216 231 234 293 511 885 545 690 276 773 902 880 208 502 405 877 493 900 716 855 164 25 733 354 558 619 645 930 834 436 415 164 449 712 573 200 460 408 281 927 859 994 230 209 349 216 249 4 973 934 491 398 337 118 97 217 4 554 923 502 158 127 448 471 974 512 98 782 108 313 133 694 523 323 797 635 52 915 608 159 168 561 270 240 870 825 264 112 637 343 917 100 570 357 456 956 638 717 937 460 590 557 923 707 742 649 855 359 639 974 433 953 55 446 923 11 23 635 132 152 765 430 623 918 812 164 846 786 991 139 323 410 752 534 234 159 838 164 659 181 751 248 223 420 951 599 310 921 337 919 119 285 388 834 57 634 735 149 857 911 310 137 743 819 963 752 638 955 294 477 993 635 260 27 851 467 23 150 551 750 161 71 634 953 695 841 127 282 121 264 387 784 546 809 725 103 632 953 23 108 185 335 457 329 463 132 572 572 855 439 135 776 723 638 177 326 232 747 364 630 102 267 798 186 864 334 562 744 625 439 374 453 26 456 514 179 496 510 155 911 961 482 801 488 277 641 631 617 29 996 309 343 224 73 247 545 667 792 226 837 241 491 128 949 530 887 512 929 570 616 185 639 453 817 641 615 187 715 330 21 779 501 569 718 395 507 619 463 930 995 718 35 876 144 439 542 960 63 321 712 519 924 606 855 728 402 913 857 285 769 316 205 404 84 966 982 847 466 968 120 982 215 427 788 630 318 722 615 61 997 534 382 745 683 873 479 630 975 629 418 312 242 740 621 56 361 102 861 212 869 825 834 986 340 902 424 16 479 988 922 72
342
200 174 794 46 496 140 901 310 342 770 737 952 980 965 925 311 724 359 630 6 191 566 444 58 342 484 504 483 968 312 43 386 594 481 649 503 694 290 24 222 364 394 212 719 580 604 973 679 2 148 60 111 299 12 397 338 574 874 603 68 694 216 743 94 740 249 484 45 34 909 711 400 388 461 217 340 85 651 705 310 608 508 978 412 895 485 593 791 166 922 981 710 255 415 792 361 909 336 125 792 106 125 896 332 675 159 446 645 126 679 853 240 420 95 385 136 170 722 951 925 973 685 732 743 729 442 53 685 420 804 249 875 301 832 175 163 493 341 655 27 715 638 243 993 97 131 748 545 168 287 347 156 927 640 406 555 351 906 540 845 595 914 542 917 250 660 491 68 292 197 287 889 342 223 95 560 14 243 787 511 256 995 363 96 777 596 607 605 136 739 921 7 601 540 115 885 490 350 795 463 215 527 864 888 730 285 426 517 96 178 201 64 349 348 59 701 562 294 38 417 538 77 333 858 924 433 140 451 311 998 684 582 514 300 442 931 548 434 634 705 99 187 612 179 219 402 679 924 577 894 892 101 783 707 488 347 651 530 870 169 355 720 926 314 431 673 133 574 94 188 434 629 645 1 190 368 682 619 30 951 583 430 880 511 294 291 233 199 208 37 670 463 879 27 364 688 909 702 427 187 793 775 897 869 511 489 619 331 245 847 210 940 968 418 643 368 330 576 711 484 870 589 271 455 301 250 145 296 633 576 10 1000 935 466 465 936 674 560 596 811 235 537
265
502 319 540 885 945 843 144 408 523 998 254 778 261 854 794 661 516 951 921 850 447 458 613 619 459 780 20 496 783 551 334 359 456 684 524 437 739 212 651 209 912 383 329 417 731 420 252 104 591 942 860 26 520 957 888 151 804 43 269 960 235 219 620 843 638 766 75 398 285 961 153 576 714 818 130 106 665 685 216 489 679 764 523 144 302 783 295 999 887 875 151 718 703 880 585 140 385 892 763 893 929 336 49 287 818 314 421 208 887 82 511 663 283 215 979 131 928 460 721 177 348 123 416 735 307 969 806 623 980 502 74 234 314 860 333 894 430 544 96 943 633 879 37 590 320 248 93 376 439 576 854 843 760 675 714 241 893 942 637 861 789 362 454 660 163 519 534 238 956 765 390 630 741 943 420 211 865 397 929 713 236 813 376 107 974 504 66 78 869 763 896 664 162 709 793 590 739 921 133 902 344 944 2 16 612 159 427 150 815 389 978 392 803 495 587 958 531 894 543 862 597 1 563 557 352 18 823 553 821 788 201 704 490 205 844 661 603 595 972 871 604 443 643 496 58 761 132 643 350 902 599 283 149 827 797 279 31 746 36 580 619 467 385 849 58
946
688 722 839 974 280 288 564 222 59 328 478 716 485 94 91 659 181 662 851 156 558 755 981 46 948 191 81 55 524 427 399 214 613 921 473 947 711 519 557 362 191 571 152 808 913 895 846 169 500 128 625 395 791 240 690 819 4 162 638 209 344 624 93 908 799 251 71 350 424 638 802 616 36 723 743 919 854 413 893 75 955 702 109 581 594 411 852 90 96 646 868 932 620 432 692 31 715 453 48 336 274 249 955 387 30 820 616 61 530 11 877 733 781 191 209 155 628 646 609 73 333 946 667 752 3 544 303 582 320 233 214 25 647 271 962 173 982 226 698 901 194 784 604 579 914 172 610 716 122 965 556 543 941 387 890 868 89 792 865 781 218 319 121 946 197 548 141 301 1000 57 3 984 356 101 581 531 579 184 255 906 190 755 440 28 110 597 392 437 1000 573 214 556 968 37 962 551 142 152 316 743 141 961 85 826 448 236 32 19 693 541 207 985 459 837 107 443 963 418 440 782 287 195 898 437 861 822 647 955 576 87 406 798 496 754 886 871 681 595 171 705 22 715 107 806 904 386 455 993 510 204 486 294 177 704 92 551 242 210 371 572 277 212 327 547 236 317 748 78 21 959 387 213 563 719 468 745 83 433 108 688 415 129 497 1 116 958 217 923 665 458 807 463 626 285 309 963 445 830 128 997 908 467 410 737 543 971 143 482 397 93 672 306 430 892 155 627 372 348 42 52 148 680 118 285 295 113 38 688 2 108 112 819 708 172 445 150 273 685 499 316 529 490 112 286 997 22 214 870 360 471 123 155 903 370 283 609 174 896 483 223 379 870 351 225 102 270 650 123 892 252 914 653 762 490 199 951 683 315 790 13 198 10 350 136 162 755 816 532 382 570 503 429 443 64 470 360 805 238 97 507 356 677 75 832 738 226 748 281 319 732 883 893 559 335 365 997 314 889 888 375 729 496 453 899 116 164 839 698 361 797 482 877 318 315 157 253 627 429 931 854 784 548 557 408 105 380 407 576 254 845 994 259 76 366 826 316 489 344 368 812 206 30 577 82 355 455 981 282 864 714 213 494 951 658 959 138 630 376 132 658 336 152 379 240 107 499 977 536 681 6 166 708 422 766 621 597 41 494 981 946 881 307 343 400 816 211 686 825 857 422 650 575 587 94 403 797 577 68 156 592 836 956 907 587 718 803 817 73 343 158 583 159 716 733 922 503 800 944 577 631 376 335 727 329 165 797 719 521 837 13 249 347 760 89 462 366 521 754 994 918 984 133 865 444 880 27 218 239 949 500 446 75 833 991 109 640 910 234 603 967 468 80 713 658 544 594 334 752 397 127 220 536 395 176 44 302 702 970 998 703 804 216 142 713 102 636 455 385 529 213 369 873 803 782 689 517 594 840 572 841 391 917 202 488 918 739 413 103 53 626 430 453 565 919 281 315 610 588 696 663 916 924 365 830 53 545 294 29 285 429 840 268 332 391 588 305 302 521 118 440 528 222 31 516 317 831 761 500 424 705 229 726 368 794 544 741 979 382 736 663 759 88 233 685 305 245 307 492 771 329 887 940 299 880 200 233 829 193 893 308 918 736 323 978 138 615 599 949 726 865 317 525 729 829 810 998 519 805 369 978 866 860 67 887 537 399 467 38 427 250 166 909 633 449 84 456 985 629 971 339 973 526 40 239 309 49 765 35 44 179 704 604 330 770 740 348 545 628 668 671 738 448 522 55 811 212 369 593 630 470 871 774 122 613 891 856 304 949 202 575 849 480 144 203 558 503 401 621 828 266 65 332 996 945 682 578 730 133 144 465 114 201 535 800 339 700 75 823 970 27 672 307 872 227 524 867 536 798 176 74 380 754 406 282 14 878 769 124 381 344 902 318 824 665 553 525 77 196 595 421 390 739 752 578 185 237 78 103 298 529 295 677 94 821 321 693 815 736 994 583 625 583 974 54 994 111 379 374 965 68 318 741 173 925 77 392 593 132 22 896 126 118 419 470 977 405 825 10 870 316 91 331 689 964 249 800 983 989 695 845 376 844 367 831 478 727 964 955 774 762 806 853 694 361 744 622 368 706 542 770 175 532 338 421 45 93 174 147 369 776 124 283 712 81 509 870 623 839 85 111 487 273 904 382 575 216
545
249 182 905 926 359 892 934 970 787 14 840 677 672 530 534 232 121 273 149 505 882 598 507 112 62 123 972 996 607 201 613 437 317 122 725 238 948 964 975 518 373 740 736 986 220 300 414 199 448 664 722 670 988 195 280 842 949 467 306 510 140 912 625 1000 46 621 735 855 524 250 265 518 717 445 313 141 967 615 828 442 190 100 687 769 946 888 633 539 301 470 389 336 813 795 722 328 306 283 98 873 177 902 817 400 301 275 436 525 139 225 120 30 466 971 344 810 943 160 129 712 382 247 803 562 579 461 695 106 528 324 969 993 416 824 7 514 935 682 810 221 369 970 235 578 301 570 145 612 238 254 397 343 713 599 492 307 703 284 380 940 55 454 959 169 402 976 838 806 874 255 979 303 777 238 321 718 154 762 344 519 95 699 845 25 955 102 426 76 24 778 175 530 213 900 398 129 527 413 287 124 750 528 481 858 995 961 865 742 839 322 313 739 177 998 910 221 860 870 706 154 481 259 722 169 120 698 138 944 711 282 267 234 867 416 398 776 249 722 161 84 408 455 261 394 783 223 992 415 213 587 356 45 560 680 873 383 713 172 398 722 110 358 85 74 487 422 740 982 622 595 112 201 323 140 654 49 382 979 660 790 917 395 2 174 172 837 439 725 249 767 170 708 275 254 668 423 150 162 727 276 732 788 589 716 168 907 363 644 421 458 224 483 842 804 521 621 158 832 701 270 692 540 926 888 607 682 896 538 248 793 400 504 575 165 581 259 485 835 882 919 374 857 720 992 618 301 694 318 832 200 573 612 450 875 744 915 541 150 503 630 988 451 300 703 26 411 645 483 113 561 312 380 773 753 868 15 120 853 455 540 542 990 722 779 377 420 841 718 73 673 504 188 92 616 780 676 704 673 297 133 388 925 96 524 157 604 414 156 687 34 56 27 772 283 152 53 987 488 15 950 33 33 421 133 545 570 664 376 437 173 295 604 104 177 163 93 341 625 549 72 791 261 760 173 681 349 178 382 256 935 123 707 152 772 745 317 346 505 285 666 224 287 256 730 926 821 422 747 145 928 943 582 986 932 527 284 632 730 847 201 575 789 438 439 825 431 296 429 872 711 662 398 219 719 19 937 724 883 749 210 125 890 471 186 32 448 649 654 445 635 781 964 292 594 502 727 61 97 582 270 742 95 583 432 369 471 823 506 15 544 365 357 106 506 911 779 750 321 125 143 804 68 325 582 219
888
987 139 717 576 414 865 239 38 268 925 178 411 921 486 794 966 524 689 447 269 869 687 891 327 757 976 102 213 869 534 172 664 704 807 80 522 496 444 390 855 27 273 822 384 276 496 793 394 44 643 709 514 639 233 663 600 872 449 899 508 607 773 696 825 968 437 690 576 411 621 233 758 127 930 414 607 371 389 189 768 709 186 82 504 25 242 562 40 507 620 675 678 766 771 317 777 113 491 529 404 320 399 993 47 538 232 435 836 727 660 176 337 807 395 483 131 343 640 796 792 890 922 334 280 614 650 655 225 593 793 291 486 462 942 274 781 295 24 986 548 430 637 804 107 958 828 829 260 776 742 332 838 667 984 722 957 512 832 525 387 121 351 617 721 460 836 492 699 681 286 340 598 783 865 654 703 170 516 522 518 965 767 699 116 519 894 966 395 54 169 459 164 336 162 715 943 864 579 824 529 998 312 748 274 875 70 139 181 240 460 747 482 130 116 697 463 948 552 10 469 961 131 783 209 31 195 86 658 310 662 231 551 545 845 650 182 545 874 261 814 55 901 30 879 825 461 197 274 790 606 614 67 630 856 79 666 623 637 437 507 766 432 364 747 252 342 865 133 716 111 878 197 500 183 232 595 123 918 683 180 895 383 495 792 729 95 865 922 720 410 100 332 85 528 746 717 891 862 993 800 644 702 71 244 566 989 909 387 756 262 979 311 629 181 213 257 129 815 344 263 470 307 460 558 958 863 777 778 62 148 972 62 263 856 9 61 783 488 203 790 283 146 927 279 696 957 37 761 117 898 381 898 328 643 674 847 496 593 496 107 493 943 102 451 577 614 357 104 409 977 231 517 460 445 721 93 614 992 89 167 232 67 571 253 39 929 647 494 770 557 128 281 501 409 136 646 652 724 622 478 671 797 293 632 786 160 828 701 164 847 70 890 918 832 441 985 264 577 351 558 43 573 34 144 18 313 975 301 309 428 357 679 284 961 956 424 579 37 367 392 301 92 261 323 9 391 909 591 164 623 46 929 909 99 179 57 595 370 392 783 783 133 927 747 663 826 36 913 670 984 287 397 28 416 380 939 631 733 402 816 932 575 354 192 528 49 168 322 265 295 365 131 417 195 354 630 364 589 249 848 88 920 11 359 590 42 534 516 71 445 25 616 781 885 505 611 941 510 546 568 572 520 685 93 864 697 317 692 438 709 912 811 829 177 756 236 379 179 623 707 891 396 47 868 246 307 459 197 357 102 742 599 257 532 883 845 517 940 51 565 900 635 744 696 587 780 468 254 195 292 155 956 503 575 808 749 32 878 711 612 712 918 862 110 148 329 174 438 557 306 773 895 863 351 745 532 966 317 187 288 276 408 256 917 786 212 573 946 52 273 591 850 383 532 772 533 893 728 442 229 314 542 39 245 617 175 247 527 914 874 632 524 588 276 404 749 571 837 14 37 371 422 837 354 673 212 86 153 808 510 606 109 406 892 327 557 549 144 746 987 962 457 246 747 830 974 896 930 567 654 119 230 713 119 292 224 629 561 604 389 276 654 347 842 583 308 390 547 801 284 800 378 831 548 255 188 601 439 842 482 924 102 368 278 588 518 166 118 673 905 76 520 955 91 446 963 136 673 494 704 827 634 147 967 859 822 578 566 108 353 25 255 405 165 168 1000 174 520 780 966 664 120 112 74 337 924 919 237 404 567 51 526 790 248 753 476 815 71 287 924 146 45 96 895 766 339 804 106 984 736 533 101 999 922 866 513 131 823 282 2 15 111 775 194 975 729 663 999 522 272 23 232 718 822 353 802 513 364 666 369 443 471 773 923 570 416 899 887 694 722 963 803 300 738 954 174 768 231 605 684 366 971 833 533 746 298 774 369 444 102 829 606 192 299 920 811 416 497 835 110 860 954 737 326 706 280 261 123 816 857 72 434 427 120 834 568 990 966 469 114 232 864 619 894 470 37 912 3 498 757 622 877 644 440 999 464 31 699 898 139 360 617 605 84 910 205 188 779
678
648 77 608 10 406 640 716 673 446 380 590 905 223 854 415 78 455 111 439 746 93 713 249 685 138 733 89 520 911 299 376 965 192 696 469 535 104 200 11 118 917 713 323 794 112 773 980 19 256 277 447 925 610 800 538 743 264 16 532 187 438 707 781 932 960 214 326 353 647 191 170 672 500 351 499 344 528 606 202 505 39 701 290 999 97 996 578 259 704 246 355 270 597 920 868 844 935 5 382 115 377 370 664 974 162 894 497 87 790 19 175 384 175 848 169 449 763 501 465 223 75 271 543 324 17 110 382 672 844 981 203 629 910 78 581 971 889 208 960 500 261 317 884 978 112 495 923 727 789 298 619 720 34 623 100 586 723 233 949 752 577 537 804 84 167 418 130 329 518 897 981 802 48 460 507 150 619 41 967 364 734 56 430 440 673 28 662 981 808 968 249 939 83 697 835 772 55 638 469 525 72 564 424 589 485 869 460 839 990 349 997 437 296 776 4 967 326 810 603 128 499 183 354 732 891 741 272 101 70 549 515 214 375 904 946 461 896 653 497 792 534 202 103 693 790 974 459 649 49 364 415 743 178 224 427 133 561 179 263 346 472 695 567 206 744 583 956 737 176 998 709 904 937 236 852 323 189 666 319 618 654 994 625 324 764 564 587 750 483 431 387 832 119 672 633 160 881 121 752 479 841 341 954 870 265 434 560 139 59 716 234 671 91 67 597 794 84 914 642 787 701 439 600 261 897 706 389 510 89 138 877 930 963 319 230 765 854 741 293 693 795 243 331 346 95 494 936 872 138 795 230 686 20 708 66 347 935 713 127 455 854 360 69 552 957 679 20 170 225 913 889 893 849 176 645 11 322 459 188 868 335 760 218 186 634 926 117 763 759 988 87 470 978 350 880 74 500 993 252 172 336 552 803 746 593 134 295 21 518 935 90 105 265 232 936 489 257 661 395 100 707 922 609 562 100 739 604 7 86 910 189 402 67 53 891 944 547 733 214 123 413 642 366 848 575 120 34 332 645 657 181 207 842 28 328 11 624 625 72 999 547 127 581 475 105 750 840 707 421 825 547 648 665 743 572 306 264 69 87 81 130 163 272 99 885 953 887 105 210 108 142 322 448 524 257 884 762 332 729 145 3 249 571 403 420 497 729 463 813 860 897 810 661 674 67 19 424 829 106 18 935 278 512 973 808 99 556 203 843 173 279 75 333 175 600 300 619 987 717 669 774 414 869 117 638 427 305 628 81 720 688 353 941 33 795 699 419 238 696 456 491 383 420 308 352 549 838 199 719 506 803 249 238 260 492 490 738 656 643 150 360 651 806 437 720 185 50 50 970 737 24 747 70 928 894 39 780 823 995 105 863 69 830 625 191 218 689 528 106 577 70 115 110 775 780 938 367 226 201 678 754 86 788 292 707 850 497 83 916 578 350 637 614 861 493 9 352 128 705 642 965 913 399 316 393 453 265 526 262 46 713 245 573 732 695 69 397 791 653 505 452 434 225 478 312 416 822 290 485 944 638 605 260 746 515 900 518 615
970
794 275 846 986 611 149 39 597 219 295 790 925 39 311 839 841 803 355 31 520 314 767 780 277 354 194 108 17 118 852 426 40 552 515 391 702 189 885 912 548 841 924 80 606 167 429 955 984 611 655 290 597 43 622 460 826 11 935 654 319 301 850 21 210 45 301 989 188 947 917 851 619 686 802 417 257 272 366 27 455 228 717 138 352 329 516 691 185 256 566 314 686 585 607 43 56 726 768 112 173 608 727 860 237 289 994 307 475 503 472 179 752 864 704 250 928 421 429 279 709 819 172 266 954 870 558 175 187 772 18 708 555 536 570 457 591 454 716 927 611 564 414 87 324 139 867 711 891 767 502 895 883 810 857 663 41 80 23 635 544 18 678 375 382 939 944 17 497 382 745 105 89 879 848 100 705 311 728 55 738 198 26 388 451 467 62 923 646 725 627 673 380 165 485 260 237 75 253 254 979 685 515 222 131 255 12 392 772 67 342 128 4 815 546 424 95 501 391 150 270 473 718 576 685 835 740 642 294 171 983 289 271 961 241 954 542 162 850 280 606 492 471 425 608 278 700 759 34 430 203 752 32 974 870 603 965 189 855 458 657 525 850 112 844 443 685 772 659 822 590 709 812 860 152 940 486 694 893 866 408 519 791 443 439 475 489 601 76 506 737 433 587 549 861 651 403 410 710 21 836 590 77 420 142 251 714 102 21 602 841 776 970 852 888 116 413 243 13 652 714 245 70 386 337 339 866 30 191 214 245 187 480 596 559 717 409 258 387 2 643 470 393 426 434 635 813 577 748 304 627 35 494 529 836 254 940 600 479 557 331 23 949 518 42 702 955 374 717 273 784 820 973 574 477 934 200 842 778 792 889 138 761 724 586 562 303 136 777 173 562 460 731 772 734 199 142 397 652 717 61 543 574 294 156 962 767 867 640 827 827 610 776 122 119 503 367 792 528 260 493 74 933 976 473 349 544 194 518 451 888 506 264 404 889 443 802 267 924 109 870 958 631 421 51 189 718 148 545 150 171 766 301 806 201 128 987 422 961 998 307 413 118 171 899 784 36 846 177 593 532 459 83 210 285 473 389 538 983 887 675 198 171 679 52 528 419 766 787 252 317 846 617 412 85 581 174 18 129 383 796 817 35 521 206 703 538 917 389 783 148 896 29 769 342 278 455 121 297 95 617 808 76 994 369 256 991 4 101 757 188 489 497 435 167 688 672 33 307 8 849 153 926 744 713 913 309 412 171 443 262 968 83 912 762 663 229 700 831 9 119 31 510 346 517 744 355 463 53 551 461 353 170 887 662 489 963 59 380 126 814 764 366 964 390 232 441 259 356 641 830 978 709 180 473 492 541 202 586 697 711 815 196 412 890 809 760 592 947 863 28 439 725 492 176 905 194 686 465 338 786 749 565 254 755 297 632 624 28 187 346 843 702 983 657 946 662 191 651 700 422 189 941 193 154 169 490 776 847 895 122 916 418 982 745 931 479 471 137 181 782 950 691 819 481 2 608 205 718 722 128 937 957 770 808 473 126 820 895 442 865 721 236 75 251 190 572 440 45 734 569 96 923 309 25 284 954 423 370 875 957 472 605 341 126 856 497 354 836 845 561 774 926 107 359 116 471 620 113 94 479 28 478 235 540 870 799 53 70 729 834 637 405 459 74 137 142 925 916 436 944 230 364 115 359 498 677 571 566 454 337 645 395 262 587 192 568 160 229 315 706 727 211 377 575 302 210 752 319 824 896 863 866 883 470 595 38 995 318 88 432 162 637 769 772 152 358 261 861 90 389 199 166 241 521 932 324 42 648 182 718 509 176 362 208 48 597 833 163 51 716 742 659 362 78 161 797 89 491 885 690 219 739 261 44 138 553 101 75 553 72 576 835 227 604 494 700 479 168 125 764 143 50 319 243 123 625 503 393 676 248 745 632 490 281 753 508 279 236 587 912 343 402 880 665 9 725 823 725 248 567 244 252 955 217 580 498 815 647 964 197 79 683 117 229 816 722 388 432 955 414 99 596 851 432 113 7 854 57 808 226 97 507 55 264 36 265 416 277 777 748 949 286 386 420 582 751 235 292 156 986 775 190 444 281 876 681 482 700 408 63 785 122 276 124 964 905 362 891 419 606 509 3 987 794 284 843 762 44 997 70 903 539 263 954 824 983 966 985 414 288 696 957 13 656 719 893 340 354 702 581
757
662 50 688 645 171 861 435 308 657 378 732 899 610 582 478 924 735 279 665 106 795 132 588 647 907 796 752 40 309 21 836 743 910 907 156 511 819 131 409 281 956 382 930 666 184 44 281 13 224 238 544 150 934 198 204 288 887 289 21 412 289 727 439 885 325 774 714 206 479 343 776 939 319 818 786 342 934 604 599 606 1000 710 280 952 282 554 837 111 199 462 350 675 382 652 519 388 865 731 142 7 441 510 18 621 628 206 128 114 681 338 221 938 621 545 180 522 413 717 609 696 910 772 909 748 825 260 340 846 408 432 783 833 18 517 136 608 497 473 351 536 642 603 99 635 296 782 789 979 563 809 420 242 450 506 279 636 855 101 843 792 6 550 853 790 661 167 939 947 952 368 578 269 632 416 986 971 85 401 976 432 604 354 796 126 131 236 187 716 467 348 308 585 420 892 923 623 936 176 672 738 262 141 517 97 193 569 821 580 44 813 671 462 373 1000 115 160 951 171 940 141 530 160 316 832 11 109 157 737 725 2 919 1000 846 982 849 377 744 232 43 232 188 86 489 814 690 182 455 53 721 649 728 527 210 139 673 273 126 319 48 902 65 429 573 202 500 616 689 985 569 747 989 961 96 487 724 946 724 473 607 572 431 213 127 38 921 19 246 704 193 353 398 46 905 724 842 295 387 426 674 630 832 38 674 617 74 351 256 561 563 15 848 835 504 24 768 351 716 253 215 120 388 456 406 685 713 570 377 392 838 378 103 54 730 757 135 959 717 879 182 371 570 111 83 896 45 926 627 600 864 279 586 32 788 326 589 783 485 716 454 638 441 451 54 710 26 13 517 212 296 410 54 596 74 280 900 128 932 603 171 581 747 768 791 611 596 846 847 907 773 33 522 327 778 151 828 603 409 798 237 538 591 939 62 290 406 253 960 191 258 662 617 945 883 92 240 486 272 504 889 209 35 172 71 205 266 308 284 278 725 545 646 827 622 405 53 292 65 994 26 149 667 681 731 78 903 34 768 248 553 207 104 33 582 59 33 716 102 737 190 887 678 385 414 691 664 288 345 579 585 448 66 322 660 836 986 597 513 70 656 319 59 560 274 435 231 631 769 385 898 994 947 774 6 96 81 165 695 184 241 585 836 2 378 684 720 725 412 359 54 966 520 674 246 341 341 112 593 115 306 43 925 126 395 110 805 267 809 852 26 589 182 331 630 2 557 212 854 169 94 192 824 136 284 599 702 7 742 330 342 685 240 362 653 260 16 871 508 982 727 245 575 460 332 965 143 484 634 585 324 546 416 560 960 2 928 167 693 670 357 811 994 208 385 952 2 101 340 908 412 662 83 722 667 194 102 675 244 923 959 407 840 365 569 23 246 561 433 261 802 295 857 666 147 90 275 265 157 585 238 576 942 794 17 406 496 8 372 48 862 290 900 303 133 871 47 950 510 716 57 239 578 957 43 583 619 702 910 131 418 457 775 643 247 848 133 969 763 123 173 759 298 121 41 608 992 904 998 324 770 981 247 829 232 56 4 328 246 723 186 358 983 638 694 979 932 111 782 234 349 822 741 198 767 345 869 888 391 202 979 288 533 511 743 760 300 179 876 969 203 42 226 48 305 165 523 174 34 916 164 444 942 838 276 803 838 730 295 549 270 816 570 483 689 148 945 668 264 148 541 764 241 405 199 214 372 484 712 473 261 346 542 835 748 617 118 510 591
931
821 673 225 846 863 856 243 363 20 354 483 819 252 758 308 261 167 86 980 703 449 49 879 672 344 749 420 605 242 703 865 834 415 848 293 516 485 485 854 780 821 727 54 769 499 111 482 510 583 185 866 981 37 686 745 98 557 204 773 175 609 511 586 106 369 143 907 77 229 133 730 905 56 335 354 925 428 123 738 100 727 945 960 184 595 559 20 635 399 620 361 224 639 909 65 727 608 168 631 717 363 342 94 42 937 282 75 149 768 431 874 437 854 53 465 468 288 570 565 912 383 893 322 800 563 170 997 248 253 231 41 224 308 886 301 384 992 621 555 627 740 378 122 691 359 89 889 568 827 95 972 88 695 287 778 152 298 711 664 354 897 548 65 238 945 535 878 777 909 206 257 613 729 635 694 590 603 742 802 969 623 707 571 464 553 145 460 311 494 295 886 252 864 777 693 146 879 72 708 719 417 573 217 617 460 92 278 677 338 512 330 231 715 9 284 914 276 244 800 456 623 555 403 287 704 638 576 772 196 907 271 82 137 462 654 146 599 267 10 656 174 875 934 37 251 682 770 131 29 900 71 532 866 716 781 63 652 664 578 189 438 556 349 451 480 940 320 52 461 79 53 333 318 961 911 706 108 142 638 433 559 73 864 339 396 946 841 280 774 513 353 194 763 612 155 511 860 642 153 408 60 610 665 730 27 171 165 30 536 450 808 966 521 195 329 839 285 862 116 644 853 394 495 112 370 637 366 547 274 491 477 336 80 918 303 68 763 181 197 778 16 95 672 723 299 597 407 460 82 723 991 594 354 69 118 847 875 446 6 53 954 311 360 582 10 479 566 305 559 797 394 258 541 695 802 355 289 958 284 710 167 88 820 480 365 212 380 437 602 237 581 894 655 958 141 723 915 599 602 577 531 719 803 813 232 787 148 541 341 263 311 744 817 822 238 230 478 148 353 501 963 241 617 349 466 915 258 106 652 658 233 797 698 862 564 689 147 42 175 553 867 237 836 390 693 892 374 18 910 253 970 909 673 584 271 446 700 193 990 448 668 79 363 19 551 532 951 695 574 754 957 537 829 137 942 366 268 613 101 143 871 625 914 297 591 86 234 521 29 77 77 787 230 636 759 523 762 660 948 33 560 961 418 988 64 19 843 813 486 917 970 174 121 698 957 678 793 857 656 558 102 776 187 376 130 797 475 877 687 625 881 953 536 18 591 415 479 955 920 825 882 213 166 303 938 665 693 700 119 955 526 47 35 179 168 143 591 562 416 885 499 178 298 842 919 407 299 217 263 720 97 945 150 589 501 314 408 992 789 19 321 641 913 201 861 698 22 844 345 36 196 543 655 717 383 318 687 185 988 655 379 532 583 250 782 286 538 402 267 434 884 495 456 961 923 139 358 738 871 426 804 339 712 129 262 7 933 777 712 554 505 996 172 887 460 367 486 507 852 873 585 119 443 386 861 96 495 663 115 41 915 391 589 882 392 341 514 396 793 501 216 269 594 575 308 244 780 906 822 799 942 331 66 718 316 780 238 129 255 141 883 290 155 941 863 699 404 832 280 39 872 289 897 711 661 620 216 108 638 940 732 671 895 956 232 501 336 644 961 82 348 389 374 640 329 985 262 989 918 442 609 659 684 27 467 506 538 412 571 911 366 263 818 111 975 891 226 529 55 8 560 683 163 12 460 460 102 727 471 429 962 340 532 947 484 135 913 373 319 144 520 329 970 428 365 461 790 903 693 614 711 862 529 579 17 574 496 708 309 928 980 250 360 884 907 959 539 157 82 635 898 47 966 799 881 748 541 569 407 986 660 801 800 896 738 697 218 291 141 247 666 663 335 371 823 86 617 415 391 551 351 205 309 969 939 218 111 90 309 916 34 913 517 577 648 323 917 329 590 957 860 933 905 976 947 395 934 528 555 324 507 513 103 818 500 198 36 524 45 214 607 744 188 207 518 203 553 367 526 667 181 521 854 745 836 791 486 684 888 965 499 253 450 328 65 281 367 502 947 805 517 875 699 510 392 78 980 139 380 475 936 106 212 134 828 248 366 312 82 715 999 435 965 516 278 359 470 876 866 376 291 982 852 238 662 51 692 362 829 873 18
550
982 60 379 441 302 241 767 807 575 431 588 688 835 856 658 476 439 753 992 58 452 653 390 797 843 20 72 123 714 45 367 932 785 916 714 10 390 713 963 324 252 602 339 630 710 316 817 302 313 435 370 43 52 358 942 45 355 176 694 956 110 666 478 2 626 18 969 336 513 655 14 510 633 65 105 197 473 4 903 207 901 102 326 846 548 620 83 960 771 942 574 763 626 109 300 721 308 895 621 253 207 58 870 144 707 323 558 442 381 996 664 391 66 736 866 649 374 327 283 864 495 405 611 189 133 605 654 583 187 922 719 91 122 255 577 248 576 50 440 619 741 683 470 435 4 863 533 378 739 299 763 938 890 184 369 90 869 858 678 263 580 770 458 307 795 503 279 454 884 732 321 62 681 549 992 143 194 113 969 519 789 684 704 706 251 800 411 635 795 517 181 205 233 169 52 443 759 128 741 817 581 562 850 673 986 376 98 29 488 176 200 941 186 940 292 63 304 301 856 275 346 976 695 915 684 24 387 471 400 599 992 252 377 674 575 224 749 951 335 522 489 667 481 36 761 64 753 70 911 488 587 392 917 710 606 758 984 703 701 597 616 874 648 469 799 503 937 297 298 197 997 451 120 337 238 825 720 587 637 353 869 162 106 385 546 659 469 13 223 185 339 895 623 462 107 54 869 497 841 836 245 990 783 717 451 286 229 432 834 765 107 721 43 219 936 535 449 778 680 717 246 355 42 423 903 622 673 135 181 859 899 324 436 877 211 897 248 235 173 801 177 821 581 368 94 309 9 12 657 381 941 747 686 933 29 897 461 91 605 192 389 399 45 28 707 509 267 656 689 836 767 605 272 610 859 206 539 27 679 394 556 352 53 453 948 653 323 80 750 291 322 347 216 839 661 114 846 202 885 310 457 543 893 951 319 459 651 714 608 49 945 808 371 384 902 407 989 932 723 510 323 919 611 357 591 775 320 158 79 660 203 778 548 340 6 638 96 490 542 532 408 117 745 685 704 759 15 651 881 862 667 615 534 64 259 583 150 556 392 711 338 741 183 278 711 748 952 924 86 927 180 802 381 647 184 520 64 95 535 414 814 414 528 988 571 696 668 437 567 56 697 307 650 688 545 547 37 953 387 22 880 429 365 75 658 555 988 79 692 172 241 358 653 581 273 502 612 394 228 432 940 328 141 447 478 776 394 231 250 972 975 707 153 250 619 300 705 708 994 34 606 434 809 266 493 618 497 471 331 511
400
244 987 54 924 397 295 393 484 968 35 938 39 301 380 930 607 508 822 505 437 89 401 830 155 884 253 273 758 907 490 953 290 34 772 354 818 860 991 535 207 949 847 832 427 436 810 418 95 541 415 30 971 827 695 190 660 881 594 519 717 23 962 415 645 974 633 8 828 636 275 369 691 630 343 93 879 710 264 391 881 649 595 148 988 794 387 640 319 875 509 572 647 880 272 617 546 63 963 49 16 521 747 673 352 489 236 811 757 813 344 39 87 719 25 318 608 467 919 117 319 452 9 777 373 560 442 879 544 838 539 839 722 83 376 489 428 212 685 935 959 614 796 390 770 835 882 853 819 390 58 600 351 159 417 909 422 712 358 332 57 353 679 842 394 622 291 608 900 239 195 150 689 554 304 572 104 929 601 526 6 183 830 262 850 462 445 973 529 11 115 821 299 597 680 341 456 934 918 890 5 537 912 336 948 306 727 830 826 835 816 520 510 463 819 799 545 930 771 948 678 208 75 454 726 370 54 115 201 805 232 223 281 984 593 263 909 265 300 996 765 815 760 946 234 154 415 63 401 927 19 236 71 162 234 590 261 744 900 633 720 684 563 920 295 696 488 437 289 821 806 528 35 858 94 147 796 596 394 943 281 515 547 482 335 297 273 728 720 629 210 633 732 104 399 761 879 847 123 859 896 989 727 967 211 190 936 482 537 786 584 829 983 102 21 971 541 501 677 817 272 30 166 468 233 377 48 909 100 412 854 995 349 474 701 804 720 688 664 98 482 646 199 106 171 75 64 214 352 810 1 546 60 936 611 452 442 438 145 762 901 893 314 816 919 931 785 558 993 753 821 719 265 475 417 997 442 578 620 862 796 777 422 20 334 621 783 26 519 647 657 468 477 76 264 729 826 260 982 481 686
551
232 11 322 530 571 314 842 602 923 74 22 492 751 114 986 657 746 465 441 72 897 269 266 2 897 678 516 770 175 818 701 554 152 4 223 843 522 334 145 457 572 181 176 938 920 142 648 52 47 341 462 46 881 272 827 241 675 421 460 920 940 369 283 321 491 177 266 605 189 303 694 263 903 445 205 855 85 839 858 475 427 144 634 551 224 524 558 425 111 659 969 460 34 100 962 745 929 246 197 550 979 363 708 90 333 954 567 222 273 554 350 357 642 919 930 954 920 830 781 225 626 294 90 34 621 630 809 414 705 46 614 495 962 185 84 654 205 449 152 901 309 282 545 380 234 445 438 138 53 175 935 553 562 741 239 431 692 630 501 180 708 619 676 206 960 114 22 304 486 993 624 898 610 753 864 69 260 632 901 275 937 272 907 638 137 276 121 884 802 774 703 983 351 790 219 836 335 333 305 983 172 470 338 710 129 386 116 139 804 400 594 788 654 490 151 538 228 411 506 953 432 384 629 534 63 687 462 480 821 48 517 48 993 189 659 613 102 909 671 424 941 280 646 832 903 578 874 82 135 901 987 269 792 101 451 924 569 958 265 540 635 418 621 64 920 886 400 454 24 978 56 108 50 87 788 809 873 773 99 447 7 30 630 963 320 751 572 312 601 631 865 868 448 211 207 982 564 991 527 404 940 775 621 612 924 475 102 885 231 212 686 905 594 52 467 334 593 93 343 938 702 248 895 83 826 427 117 572 56 675 964 929 840 87 893 636 402 445 330 972 101 104 860 742 395 481 107 858 206 54 608 743 891 370 117 453 337 713 996 658 988 868 343 864 769 968 155 97 690 102 230 452 250 277 634 547 930 12 760 714 746 743 660 766 873 624 343 62 960 94 78 109 19 490 113 737 118 957 508 515 616 971 599 934 324 975 699 66 501 957 347 818 679 727 651 914 973 595 782 158 67 659 455 888 592 848 60 237 665 909 785 872 212 430 246 702 527 225 323 534 644 518 295 582 66 254 580 252 355 667 129 228 215 974 346 799 173 557 591 696 587 232 246 746 887 222 896 716 74 369 203 197 632 441 464 297 195 529 655 632 461 481 985 481 715 538 157 391 582 870 302 746 283 48 837 174 114 809 59 668 577 862 793 665 696 858 789 810 607 104 153 882 451 291 964 195 331 247 750 371 763 885 967 826 727 160 370 596 23 439 607 533 318 248 4 854 363 893 534 528 556 271 999 624 642 185 905 497 737 327 411
942
660 880 876 946 155 893 129 577 163 181 372 588 85 926 702 342 160 584 823 135 200 270 681 982 65 583 639 392 503 127 47 39 707 197 747 69 806 510 109 224 812 405 255 879 97 199 447 983 823 501 619 251 852 137 838 635 443 358 944 120 59 278 554 998 514 944 302 318 340 528 575 834 11 103 395 192 228 454 216 630 170 441 727 254 486 384 692 77 795 285 377 55 379 376 331 128 283 165 986 129 507 445 381 570 571 874 933 370 702 460 986 421 255 998 514 430 304 179 698 582 326 262 440 114 264 673 347 941 871 120 898 248 120 758 752 666 787 43 772 990 489 896 670 120 400 413 507 745 96 161 339 200 859 794 145 651 457 809 118 614 294 173 566 124 230 197 560 595 104 267 529 883 598 64 136 167 389 547 776 974 400 302 817 150 219 208 552 218 912 578 6 295 706 483 903 545 571 742 524 337 179 941 826 825 411 912 517 141 746 691 758 403 144 288 528 418 837 98 961 846 541 849 162 353 413 970 251 357 878 654 213 239 972 663 820 718 569 69 415 1000 861 259 133 656 964 947 662 366 809 741 407 427 458 792 694 223 455 30 946 500 733 387 188 641 361 982 67 932 604 650 166 685 855 663 295 678 894 31 205 266 508 982 696 658 163 408 852 153 102 798 200 531 698 731 561 329 465 465 114 139 535 567 911 238 458 922 989 904 178 292 829 489 826 853 503 27 115 295 761 182 375 454 206 700 372 264 876 378 307 562 182 808 387 102 481 164 234 931 371 226 64 869 488 805 613 691 204 415 492 674 793 200 984 370 930 283 218 450 944 250 485 181 411 850 159 52 838 118 309 48 386 850 91 117 454 70 991 787 603 857 604 831 778 401 332 809 392 354 465 752 639 890 35 644 592 527 592 999 979 585 341 379 178 791 98 128 89 480 836 842 396 33 652 768 211 190 743 632 498 333 21 379 614 645 838 407 587 341 472 440 413 941 515 691 691 236 198 887 331 721 103 385 104 70 326 624 824 879 497 116 359 75 351 499 341 926 55 758 849 172 121 56 742 151 950 43 256 154 801 794 283 723 205 410 244 219 128 55 443 639 301 870 904 52 600 595 569 203 833 484 270 94 64 566 936 592 117 351 993 451 880 690 96 219 548 874 57 171 119 285 572 342 163 513 339 110 652 821 812 625 908 389 871 60 317 430 117 320 884 344 92 223 615 731 819 609 961 544 31 797 712 358 608 744 840 28 168 255 518 105 470 321 466 137 658 742 136 992 582 313 397 895 483 622 814 394 424 152 765 136 421 418 592 86 978 398 795 89 404 488 37 159 321 404 264 69 799 990 894 762 714 626 486 964 891 121 789 82 844 694 655 317 14 631 128 817 584 205 704 744 568 866 478 328 765 989 508 67 528 129 199 897 633 404 172 213 614 908 963 586 889 858 67 322 207 410 407 736 891 855 778 681 923 27 490 411 75 897 477 679 646 252 65 307 233 526 957 678 875 763 386 129 233 653 236 148 785 78 43 478 958 319 504 898 256 479 853 752 808 796 547 154 156 136 122 334 655 262 234 521 531 32 596 669 53 56 47 458 329 553 790 406 529 61 701 716 495 63 928 83 326 84 300 553 513 990 927 830 361 693 927 10 249 428 311 710 610 931 448 573 15 17 394 633 363 409 467 37 746 592 690 124 913 894 335 710 121 992 975 816 454 131 205 659 891 960 882 343 266 140 553 849 740 93 609 883 197 826 782 13 133 302 455 452 707 236 588 493 623 897 210 703 648 210 230 841 920 10 386 379 839 498 63 241 918 415 774 882 455 7 47 822 629 659 133 882 1000 997 179 766 642 165 205 333 160 144 346 906 451 327 872 1 387 984 353 93 483 686 113 502 875 696 813 767 101 185 799 794 136 185 360 547 575 981 679 357 895 433 760 192 817 473 487 919 403 320 651 506 936 543 442 325 71 753 954 436 19 701 118 634 778 821 417 561 240 165 102 245 235 832 479 621 966 976 286 208 455 26 62 873 926 107 155 554 760 2 971 833 555 828 370 765 978 456 988 991 210 857 809 72 338 64 634 951 755 781 334 820 121 567 652 292 822 48 158 371 739 937 473 6 779 69 556 297 18 231 369 951 601 849 167 121
56
201 962 732 637 621 691 310 258 506 200 451 313 179 11 658 706 162 551 844 41 268 793 597 975 239 727 747 654 686 684 844 937 626 18 542 593 950 211 121 257 513 497 739 865 608 911 267 408 6 825 920 471 866 582 305 830
669
171 87 549 398 865 693 466 956 658 495 925 833 334 265 550 88 588 358 290 81 731 217 683 984 710 512 612 496 92 219 589 492 45 613 972 101 680 103 303 206 597 515 657 948 811 793 716 815 228 627 702 979 948 455 42 534 438 78 760 757 175 131 590 616 152 63 999 47 920 577 510 220 688 132 729 264 402 775 694 424 339 475 612 467 640 68 50 441 937 41 74 47 994 315 139 323 363 657 154 685 983 528 627 600 456 909 843 182 734 786 708 577 43 803 605 75 300 271 551 287 940 850 161 154 887 453 417 892 803 198 753 633 610 341 383 308 497 823 619 85 284 220 724 243 765 592 210 470 846 142 137 201 501 34 960 73 665 225 181 444 939 351 439 306 734 622 54 286 115 174 950 88 985 177 232 827 187 594 299 226 36 375 715 172 104 6 249 835 903 189 879 785 350 142 204 731 305 438 42 760 882 541 912 725 552 526 493 812 177 947 57 584 820 745 657 78 229 123 899 238 133 218 645 620 937 275 783 666 654 12 554 37 336 944 861 978 133 926 811 196 685 193 287 199 1 514 601 741 923 762 456 643 142 896 175 614 599 697 752 821 524 241 331 493 593 711 643 180 917 656 961 121 138 631 558 119 650 587 632 548 309 809 524 768 290 403 874 76 681 170 981 736 14 926 736 643 543 785 545 885 725 105 889 678 647 912 112 850 138 746 275 23 22 540 360 749 866 724 844 871 41 568 84 196 283 757 911 8 836 327 272 682 183 251 309 44 949 467 126 971 66 459 703 788 3 767 567 136 214 376 327 846 125 446 684 450 571 725 702 337 729 963 962 406 136 398 719 788 580 357 36 543 484 928 740 607 475 389 834 809 207 595 454 217 44 219 265 745 942 191 703 154 9 770 643 371 856 354 741 108 382 305 712 754 604 971 584 621 142 902 721 791 862 794 548 291 751 579 976 251 983 383 511 335 458 316 66 17 426 911 641 592 283 167 349 699 593 722 111 290 96 431 322 808 933 313 644 883 729 191 797 676 518 361 470 492 567 811 661 787 755 27 465 823 914 348 571 362 752 919 9 729 810 244 475 129 206 378 879 673 913 944 531 419 12 570 130 208 141 709 188 732 157 211 332 428 689 755 457 782 877 474 576 173 509 407 131 992 224 502 566 82 877 190 861 197 174 395 310 725 522 551 484 307 362 100 871 702 996 736 724 284 359 605 943 361 457 283 861 436 779 94 849 75 895 776 561 904 272 284 229 500 804 696 776 678 441 75 702 898 216 754 957 763 140 672 686 687 861 63 376 255 161 437 485 853 171 928 196 289 605 985 875 129 323 784 501 559 323 327 528 21 881 798 585 588 490 66 366 593 104 126 683 658 248 374 595 887 13 142 173 339 82 272 484 396 48 718 388 119 703 986 949 587 102 420 383 855 786 484 364 52 722 575 594 507 743 560 600 454 677 32 448 480 368 193 249 325 278 860 360 130 563 811 867 30 8 579 639 308 315 780 658 254 934 830 518 228 327
237
718 617 882 576 741 812 408 794 735 377 422 541 936 681 410 442 66 33 631 346 674 607 736 442 148 610 650 625 475 688 405 895 175 536 949 983 5 938 824 481 296 330 479 687 766 143 651 619 69 566 336 33 988 431 403 94 839 32 416 624 268 712 470 615 852 489 617 222 675 110 537 714 997 407 421 608 55 964 167 521 610 331 209 245 13 110 439 458 706 451 258 543 640 733 682 63 692 843 166 506 963 213 113 44 2 271 39 395 633 456 580 504 423 27 973 88 332 217 366 677 218 35 354 113 477 576 921 328 399 863 15 844 231 499 81 180 972 698 900 15 977 210 170 194 359 375 747 152 443 915 400 547 935 637 894 17 899 445 736 839 395 841 503 92 785 740 933 953 210 351 505 562 232 553 68 769 489 59 531 880 251 649 413 873 121 640 208 9 123 522 309 777 514 143 341 315 444 391 400 781 75 17 561 594 323 138 794 812 451 723 369 468 223 280 267 172 461 397 881 338 356 313 734 92 673 699 275 315 731 822 120 755 931 192 130 867 593
360
555 409 614 631 940 623 619 619 583 18 249 280 879 523 397 822 158 940 519 916 422 363 990 899 934 764 372 425 474 696 692 760 397 295 70 664 342 94 548 70 46 24 477 697 892 925 508 135 418 361 751 667 845 624 457 595 40 97 347 627 754 416 309 838 372 648 417 249 534 625 544 67 254 946 363 988 378 58 925 781 210 712 911 899 79 302 263 463 62 975 613 291 138 830 433 644 865 609 628 937 61 191 606 592 874 957 229 705 663 199 960 842 264 174 152 467 218 377 62 432 555 953 64 68 262 95 19 289 677 374 652 298 884 401 961 878 245 95 739 996 800 159 201 146 187 388 550 177 484 139 18 939 27 798 133 404 756 437 628 316 762 950 280 994 234 524 201 443 249 88 688 81 483 880 586 791 650 513 198 869 448 547 246 834 316 402 279 149 788 910 404 258 919 194 610 840 947 305 132 688 359 39 651 177 568 850 256 699 252 737 79 760 222 825 8 49 498 232 977 70 122 734 199 99 669 497 677 180 183 631 828 304 80 935 824 623 827 84 194 475 296 612 634 361 25 181 744 823 993 672 84 429 671 968 182 200 744 785 197 923 428 673 197 452 803 401 950 360 382 354 119 480 445 228 255 675 642 315 316 847 658 933 837 918 486 589 80 45 458 242 846 913 721 430 249 685 621 942 582 220 264 827 523 94 305 949 664 879 833 159 139 883 765 138 728 263 673 628 708 521 133 830 698 384 94 896 794 560 697 469 482 247 462 315 14 536 977 536 756 298 170 330 279 572 514 547 256 165 720 889 328 140 149 847 494 75 95 980 403 934
781
115 100 492 536 85 551 368 326 752 115 312 211 305 288 993 432 292 855 86 82 324 702 547 678 397 936 790 858 767 678 696 737 671 571 57 977 626 618 68 241 679 689 907 921 517 408 942 922 912 485 309 787 357 131 287 711 13 115 694 301 327 577 54 233 206 46 357 663 60 805 862 469 929 248 168 127 407 233 954 278 974 732 551 644 991 286 144 936 209 160 725 615 813 454 650 905 215 411 46 274 479 698 757 941 242 394 976 700 553 621 484 690 30 910 14 740 875 143 105 165 15 896 289 317 564 830 104 614 954 834 765 749 926 743 663 376 366 963 518 180 772 479 235 839 776 38 194 321 365 475 10 838 814 347 236 255 964 490 6 785 842 666 277 111 857 979 670 268 898 592 747 463 73 751 323 671 946 953 222 782 14 99 818 159 153 649 222 599 374 443 216 135 231 551 591 941 356 104 75 627 73 787 20 751 960 882 603 154 835 683 578 249 864 952 576 743 306 729 450 352 29 405 460 327 848 626 677 491 554 878 621 71 532 724 200 143 432 171 759 775 697 270 761 538 959 228 8 20 395 505 564 843 845 614 131 525 642 469 375 716 84 466 273 891 126 55 358 299 381 973 683 823 595 331 918 494 197 729 962 867 94 70 427 618 308 530 257 820 151 24 95 447 820 237 126 57 984 746 149 632 354 685 836 364 568 702 187 517 185 893 908 434 800 974 533 486 419 328 180 194 182 302 578 331 336 171 764 499 103 269 866 284 554 134 84 344 948 526 958 334 280 27 39 916 52 728 24 485 694 134 689 638 798 733 839 492 48 843 490 159 709 316 161 707 158 224 354 205 101 823 553 340 894 504 314 123 310 485 343 5 17 604 34 110 892 7 588 720 738 606 575 379 37 146 252 12 592 89 493 707 527 430 87 659 52 692 552 241 932 910 985 236 903 741 404 714 382 554 908 489 603 214 371 484 241 65 452 435 267 743 176 643 751 933 653 84 330 789 724 465 744 805 602 387 835 378 44 572 192 671 659 969 316 820 569 665 266 753 788 668 486 2 362 815 159 541 481 405 727 261 821 982 722 846 260 228 517 438 238 435 960 374 490 110 276 194 788 42 110 773 956 611 929 28 439 471 762 948 227 916 114 276 653 517 198 437 369 999 763 35 813 989 295 898 892 958 64 247 507 694 652 193 943 323 332 885 386 755 732 779 124 161 587 985 40 647 131 172 445 43 469 964 167 956 111 632 253 664 155 498 406 228 377 363 872 428 58 293 946 351 697 288 982 658 643 656 893 139 444 673 927 478 726 349 118 903 380 779 902 957 72 270 288 159 460 856 947 12 584 526 488 913 630 517 800 832 284 994 302 232 397 23 156 619 300 992 810 1000 783 740 456 965 399 538 800 873 921 366 649 34 35 934 849 224 348 682 114 698 219 781 191 946 53 647 627 557 734 995 907 441 564 130 956 73 647 896 570 218 233 943 237 894 456 381 558 138 68 211 418 180 935 723 144 140 274 467 530 980 312 211 425 244 331 474 561 883 794 57 528 168 204 372 560 823 164 134 885 182 328 145 314 613 851 658 938 808 517 519 644 936 193 435 138 702 268 823 10 623 304 388 314 662 889 186 789 390 87 256 85 388 873 319 79 711 913 985 635 428 58 206 763 322 751 551 801 98 768 245 761 195 793 559 138 655 306 149 852 518 295 142 524 245 402 328 467 620 138 882 735 164 294 306 131 177 164 186 663 413 494 740 478 817 33 499 554 36 708 329 781 283 398
894
934 797 222 764 937 412 42 987 8 754 815 511 274 737 416 692 394 278 234 569 533 251 874 569 192 783 2 207 615 28 871 425 831 112 483 559 396 85 385 748 102 994 430 492 660 211 326 794 162 365 218 617 3 584 547 515 389 542 748 916 135 709 841 511 847 904 572 461 512 184 226 339 56 101 951 827 45 736 819 713 572 491 592 158 554 288 350 93 252 48 835 722 158 329 748 658 951 673 230 404 115 227 310 512 169 808 372 14 158 971 929 759 624 884 314 67 320 500 921 917 198 465 949 150 66 612 576 480 843 766 831 893 810 741 564 724 690 188 217 631 962 674 457 194 425 772 841 482 259 866 540 372 294 67 146 211 694 427 7 404 555 580 112 842 796 117 662 228 864 297 521 241 558 354 584 995 215 388 254 856 157 455 874 374 555 806 122 432 857 197 460 361 291 393 218 177 630 596 251 261 502 832 58 873 940 651 741 211 362 820 829 623 347 947 106 103 135 670 872 460 512 729 262 30 163 622 345 645 305 636 33 990 343 191 244 915 970 152 518 7 823 174 572 626 495 538 935 57 933 643 875 639 892 849 550 468 202 823 540 443 766 256 193 763 416 615 980 255 481 634 837 103 758 481 479 538 505 601 207 746 244 387 550 239 983 288 942 240 869 622 888 747 175 985 867 659 260 445 619 246 263 783 268 968 488 96 963 700 380 828 444 332 301 8 521 578 272 15 640 843 182 217 761 950 376 700 873 716 59 282 442 845 935 124 546 356 91 85 884 98 203 310 676 755 226 451 339 186 154 77 328 381 670 766 487 778 839 398 812 377 270 675 546 286 770 146 747 945 223 543 816 479 289 733 565 564 621 949 697 446 837 488 970 145 93 371 612 581 646 414 33 776 716 869 940 65 806 299 872 724 373 320 909 986 800 894 455 849 849 955 157 491 149 973 61 130 783 39 132 787 727 683 648 838 620 396 458 44 39 112 900 289 341 335 80 993 599 505 750 846 889 9 976 666 410 230 561 110 51 332 752 289 716 126 802 32 237 984 874 108 517 56 499 100 251 304 781 822 240 281 759 370 263 181 901 946 200 319 113 183 630 477 421 252 117 651 115 537 90 728 316 269 729 26 183 836 992 57 785 594 994 248 625 963 860 161 926 606 129 724 133 545 915 182 410 727 161 152 669 40 715 821 302 768 55 826 547 988 178 823 360 495 454 700 535 273 516 702 731 490 431 538 857 318 622 305 149 134 294 544 679 363 615 984 63 374 412 776 760 636 24 97 455 773 58 918 594 266 179 645 940 949 988 3 724 125 983 835 10 273 894 196 340 192 166 517 873 888 640 874 637 885 751 896 793 307 527 909 239 188 778 541 855 380 597 477 105 930 778 318 161 426 881 966 926 943 337 58 213 672 142 664 168 715 282 744 295 566 693 552 272 659 952 837 656 696 688 913 521 141 657 307 935 905 952 876 782 814 221 258 535 542 338 99 454 131 828 789 714 812 199 631 827 794 64 481 369 10 477 559 210 815 234 815 313 802 672 426 326 53 214 559 344 524 850 804 444 788 775 18 375 222 869 311 434 315 440 522 370 592 835 384 287 961 238 920 727 398 699 709 897 69 978 43 855 412 444 481 934 785 158 333 757 874 759 204 465 360 450 570 603 820 726 34 360 530 821 166 40 755 68 784 644 854 289 578 185 558 232 235 940 600 461 765 604 296 997 650 706 183 680 592 246 257 489 990 863 567 219 449 262 266 580 195 375 695 546 149 654 310 393 840 24 78 855 372 843 12 340 432 422 554 895 231 987 255 446 832 892 778 265 993 509 179 170 965 902 556 53 864 726 936 535 423 351 784 664 196 710 609 273 288 923 1 267 366 162 987 145 697 618 48 768 515 365 985 554 913 986 19 571 735 188 775 109 292 500 468 406 112 385 172 28 233 728 243 498 321 719 560 47 278 329 171 889 710 83 540 49 180 211 889 427 847 883 837 845 858 657 817 539 538 407 40 299 644 564 103 132 954 357 947 62 769
605
2 186 963 379 525 336 17 140 847 657 35 280 592 378 308 915 562 983 959 762 772 712 774 444 862 635 361 652 876 335 445 243 209 563 65 94 505 1000 87 112 773 601 133 388 904 989 460 184 583 27 853 790 752 378 180 352 35 302 256 409 425 56 409 720 673 835 786 674 650 420 607 44 645 163 554 598 41 96 497 903 105 802 800 679 797 646 893 740 730 836 456 219 959 838 507 730 868 257 947 451 468 965 435 704 615 513 724 216 1 625 77 73 721 860 385 134 752 737 939 520 511 474 749 980 933 990 784 763 877 309 87 700 781 734 282 198 714 563 309 268 711 766 661 533 480 823 507 728 707 972 388 355 797 269 276 379 381 354 154 815 913 586 787 264 955 742 624 554 107 504 313 126 589 774 324 141 921 528 311 667 915 738 66 708 845 58 12 423 474 912 53 892 309 861 781 359 997 204 423 456 179 775 434 679 640 463 157 321 281 100 388 916 225 767 29 191 397 8 1 201 544 571 439 272 906 291 98 922 752 671 795 329 50 285 374 488 780 8 611 536 990 323 261 383 3 1000 989 895 986 996 40 123 226 213 738 34 231 108 732 149 150 837 586 392 191 724 472 715 767 553 746 989 672 169 608 645 869 720 401 217 647 698 904 30 23 862 238 227 375 807 26 669 780 747 471 452 727 700 873 671 962 206 456 203 123 644 873 670 490 878 781 758 341 930 505 959 798 676 491 17 435 594 573 224 391 427 933 120 670 809 654 566 461 684 704 759 57 696 492 64 44 941 224 643 433 487 968 762 778 96 241 110 405 731 375 941 485 357 567 547 835 171 756 829 954 222 731 563 459 330 602 876 366 916 940 149 898 150 899 250 826 887 360 522 308 655 376 422 614 535 394 941 525 463 70 854 249 553 59 909 606 664 11 338 869 746 319 555 274 267 338 994 529 903 813 839 674 91 393 362 657 898 160 440 656 870 327 551 92 745 702 311 530 994 68 335 117 104 92 832 183 283 547 973 818 223 175 302 129 91 629 866 616 256 521 278 608 28 531 233 306 669 737 161 841 50 64 730 302 171 293 870 223 591 189 54 61 736 397 835 582 558 364 837 521 811 703 683 625 567 841 837 225 604 831 890 660 11 756 338 348 826 952 327 682 254 886 347 900 448 226 588 885 483 224 335 817 82 215 566 539 574 589 205 160 477 605 116 738 554 298 987 310 739 614 815 960 249 796 162 961 581 317 21 420 722 251 114 132 778 524 341 84 178 541 392 372 839 977 615 455 317 893 602 733 874 13 503 683 755 18 964 159 736 37 436 143 328 457 432 775 132 187 498 41 134 857 34 291 758 660 355 368 406 715 622 234 346 591 246 534 807 153 261 564
849
359 56 608 508 756 451 560 567 797 955 480 433 578 532 534 31 905 745 170 731 134 618 661 645 779 209 413 470 820 223 351 153 498 120 330 395 280 594 316 801 902 309 748 558 797 511 344 747 850 681 116 761 684 865 209 944 66 941 976 730 909 660 644 38 577 621 475 450 554 565 561 908 869 17 344 993 959 654 346 269 974 270 336 719 764 327 791 742 493 355 917 875 912 311 171 667 514 572 225 106 919 442 794 75 413 946 830 267 346 909 166 961 945 856 956 261 789 88 308 591 699 298 838 745 636 353 808 133 785 772 437 972 137 593 329 136 354 724 408 1 985 342 260 911 723 212 913 338 843 524 253 859 205 263 525 75 90 102 960 594 835 108 971 216 474 813 776 894 867 79 714 104 920 362 433 418 408 38 941 429 817 726 207 588 583 769 614 397 598 674 936 778 457 796 619 786 98 938 371 244 339 703 684 466 839 823 868 944 929 161 320 685 241 59 756 821 863 625 226 126 638 995 990 368 60 552 900 902 872 183 244 727 282 740 574 338 97 448 505 327 786 478 366 649 914 525 823 674 792 63 583 915 200 763 523 367 117 136 823 170 639 247 935 338 334 239 308 851 931 792 432 108 49 348 679 905 361 508 548 195 463 84 247 736 759 87 319 49 957 802 885 550 252 673 160 779 665 951 291 479 389 620 260 613 871 399 305 173 197 168 45 955 147 855 327 760 841 279 325 53 920 630 522 984 487 257 292 721 68 162 368 595 367 831 367 466 784 319 571 186 659 984 763 22 991 502 342 284 629 101 75 537 137 311 169 290 315 502 644 591 182 582 923 278 277 142 980 328 677 144 817 78 806 499 205 82 611 461 895 916 702 681 577 837 761 425 77 951 462 715 630 378 400 109 860 169 522 113 99 253 500 126 900 687 787 463 597 347 218 615 788 601 241 94 903 949 782 991 351 434 783 315 429 903 937 257 187 239 290 394 897 410 722 295 351 913 992 455 714 851 22 3 292 669 327 830 729 528 138 394 176 429 918 308 983 352 673 852 488 107 32 637 737 526 915 244 728 916 115 379 481 251 310 817 11 420 876 183 374 207 865 304 660 847 630 74 680 432 697 349 536 630 840 876 310 54 112 923 410 794 334 996 567 262 544 895 283 39 173 959 319 525 873 570 921 357 661 140 595 135 879 802 683 580 248 658 672 99 598 161 738 67 991 330 273 876 291 841 566 319 115 259 314 556 390 207 307 1 59 187 577 59 452 717 384 627 338 369 173 938 74 699 326 982 143 945 248 140 661 582 233 759 442 617 933 177 730 979 192 726 323 226 767 906 306 325 342 324 603 233 497 142 870 448 395 10 836 932 134 179 882 793 155 315 743 181 248 688 202 62 522 166 341 889 595 660 205 97 829 578 809 205 912 255 653 984 337 538 105 555 661 80 310 151 312 904 417 662 949 901 620 359 602 184 149 946 154 711 682 633 358 914 676 311 171 269 757 871 711 24 93 71 508 506 39 483 143 907 693 250 830 419 129 633 552 462 866 925 978 905 490 633 5 275 798 939 826 678 634 164 339 635 702 138 96 398 166 239 8 757 314 815 282 683 637 386 328 720 598 485 510 513 979 335 158 838 847 297 663 729 847 725 847 69 778 253 528 486 265 780 855 549 144 258 82 312 794 57 906 813 297 696 816 6 156 976 168 917 716 583 906 364 215 262 21 333 266 71 847 971 992 47 374 769 649 95 475 860 39 908 770 743 66 29 245 583 832 35 804 73 331 331 908 190 678 236 456 558 98 91 440 47 317 941 501 449 849 77 622 180 986 505 911 496 727 24 636 417 298 47 724 151 602 984 551 803 890 452 344 630 46 124 108 487 907 848 34 211 974 708 552 883 756 299 957 495 622 483 305 398 121 984 936 62 609 584 735 365 304
645
803 737 462 355 78 864 449 279 429 583 828 803 373 396 829 874 773 730 710 480 212 947 386 397 989 39 230 565 814 292 783 721 98 249 504 765 443 702 845 302 70 480 714 694 775 94 372 231 444 248 596 879 485 708 645 528 231 198 525 816 561 471 957 822 531 752 637 25 101 492 345 680 119 970 472 986 937 156 204 670 862 164 558 500 755 516 133 323 878 439 425 795 731 721 218 879 62 727 85 251 368 474 223 323 538 462 139 253 306 272 411 418 896 1 920 358 296 858 239 650 468 824 604 999 971 604 835 680 838 278 970 425 392 868 381 936 703 214 804 532 223 336 966 554 37 827 513 856 175 250 110 639 56 891 274 579 1000 864 502 322 25 564 342 819 457 374 545 301 571 565 233 406 234 755 773 814 211 3 749 526 554 725 823 603 337 192 25 842 63 941 286 382 732 446 686 714 808 680 191 661 60 542 370 28 398 850 144 303 50 561 447 961 744 241 891 671 704 226 521 23 654 817 193 69 47 917 865 869 718 176 974 523 357 145 515 350 344 78 317 705 566 166 473 251 503 71 42 283 957 696 781 324 158 448 392 453 77 820 606 91 656 426 921 112 910 40 358 601 986 918 423 296 846 138 280 863 452 390 510 956 107 22 688 165 244 937 283 678 436 834 141 69 347 558 827 59 283 627 154 523 747 330 698 806 895 483 47 910 807 254 161 149 208 956 316 166 717 374 579 954 843 617 878 942 296 541 232 569 25 896 822 993 876 366 858 225 317 346 325 888 586 953 869 964 742 256 28 687 132 35 515 284 849 519 473 714 957 840 535 888 567 580 654 500 734 690 478 355 491 945 371 284 485 895 804 79 561 924 846 153 48 289 13 124 9 139 311 596 871 375 702 637 203 932 729 284 683 218 910 541 33 329 767 509 840 82 779 89 615 778 299 275 660 522 295 714 780 300 298 442 710 470 229 314 549 850 830 843 788 907 330 979 595 995 22 814 211 807 917 713 292 212 75 541 852 517 359 825 831 54 55 319 52 707 503 494 954 764 712 513 161 479 993 680 493 404 924 312 733 153 945 661 45 101 394 417 243 9 142 674 715 632 139 800 623 739 801 428 526 825 920 796 988 62 551 393 924 703 366 456 594 292 290 14 635 507 811 440 519 736 437 388 220 175 332 959 130 575 614 440 160 654 951 504 658 784 71 852 791 625 474 356 41 935 45 399 197 936 85 707 184 402 3 95 542 632 936 736 589 636 546 953 962 243 767 688 85 961 563 695 648 316 928 1000 221 660 897 159 128 39 752 669 573 911 806 478 164 828 77 585 278 948 523 100 931 587 144 206 184 542 535 662 559 235 258 642 963 871 436 155 373 815 395 486 558 800 497 443 318 265 598 781 954 595 157 885 847 824 974 642 427 411 862 591 905 75 998 736 985 507 622 866 277 857 554 900 567 496 937 220 407 449 291 842 350
953
894 386 944 117 600 780 738 248 751 794 622 67 392 860 588 359 88 327 783 747 26 53 883 555 165 467 282 679 488 800 684 27 244 487 593 550 8 470 936 727 561 224 929 228 319 967 712 67 719 192 628 791 977 748 65 605 659 375 738 129 3 84 196 500 676 644 175 246 706 300 566 653 82 76 332 720 112 669 203 237 146 607 161 202 651 62 916 405 222 886 182 362 802 442 564 958 466 531 731 519 967 874 252 619 567 460 197 815 31 662 722 74 328 900 762 191 333 132 306 354 24 81 383 406 791 564 418 662 349 148 920 8 581 353 216 150 881 909 205 744 720 494 815 520 845 684 497 324 225 417 458 910 108 357 516 553 510 854 969 564 694 189 942 456 357 505 718 604 826 106 554 258 274 636 598 113 50 804 234 587 86 716 193 907 129 481 474 592 535 446 165 395 586 429 162 718 412 796 883 505 717 889 969 601 506 42 446 852 619 356 962 299 263 428 304 3 444 974 939 711 300 629 911 128 18 964 887 190 829 610 901 468 755 251 625 110 67 286 198 493 759 217 845 81 767 82 433 718 261 203 924 966 658 271 567 515 711 820 284 155 240 453 14 205 629 220 141 650 600 588 386 833 825 143 312 926 514 962 831 419 560 744 308 160 433 745 140 687 24 428 268 92 465 651 358 579 342 821 73 608 281 299 434 430 534 994 423 921 418 781 382 997 239 171 626 866 72 702 134 564 406 360 290 489 186 80 497 412 804 35 680 350 931 597 974 39 311 434 514 403 650 580 504 240 609 163 483 227 672 814 290 359 413 447 522 997 759 480 369 419 992 346 872 686 988 674 806 714 582 709 913 43 769 893 708 58 915 766 390 214 492 391 702 840 734 921 784 71 790 173 105 540 952 397 473 320 708 410 158 473 981 526 43 224 736 556 37 285 278 432 197 814 785 488 953 69 456 980 57 428 286 132 328 801 865 958 576 403 525 908 883 258 624 578 130 758 602 714 576 129 961 983 524 820 702 636 151 338 680 808 275 834 883 870 930 854 449 941 489 367 50 132 961 167 916 70 128 847 454 27 956 769 817 901 914 591 831 689 21 587 915 197 646 606 501 376 920 554 890 140 895 221 432 866 536 772 786 971 186 359 762 848 827 87 126 1 677 650 294 993 997 118 763 523 632 239 777 117 507 337 242 96 434 141 683 186 142 139 153 17 486 490 288 465 905 829 645 991 169 493 177 341 394 783 245 24 251 229 598 231 547 949 131 860 601 934 473 131 138 150 334 858 550 951 828 246 377 59 469 476 69 919 335 856 368 809 707 95 852 187 476 815 385 802 155 109 650 564 854 739 798 454 953 492 583 841 956 834 39 195 44 852 432 347 722 155 706 401 495 542 912 65 776 899 274 81 919 4 876 47 147 178 260 231 926 320 867 563 817 597 645 70 395 811 803 838 46 96 623 942 729 449 932 7 296 918 595 632 285 67 105 922 579 43 649 944 475 993 563 993 786 844 77 74 689 787 363 362 969 48 394 273 89 129 622 934 905 250 295 355 170 950 298 595 865 253 708 937 174 515 375 496 293 777 910 407 523 230 330 111 432 972 130 967 57 6 337 60 582 565 10 214 319 728 563 882 323 811 748 121 586 153 747 172 701 129 365 368 793 249 11 663 133 493 295 175 50 412 179 566 487 949 572 319 956 517 562 277 235 933 103 948 859 362 665 739 325 445 196 817 1 779 782 599 362 840 196 484 591 753 362 917 214 146 720 206 316 355 582 482 676 489 792 634 612 731 109 907 494 694 215 503 50 86 423 19 717 901 724 275 760 784 885 732 512 334 882 677 385 467 82 414 752 864 606 577 591 163 421 233 992 832 650 452 903 661 221 298 107 698 703 224 513 52 840 520 230 286 395 972 480 500 296 76 571 868 760 608 462 341 587 830 722 781 385 892 496 644 314 229 89 166 564 557 974 477 804 810 363 790 81 242 446 865 729 761 968 715 492 247 310 515 654 267 715 576 436 530 265 677 358 466 996 258 721 541 110 71 13 559 956 882 348 417 385 925 642 381 123 407 15 545 152 614 385 418 581 942 228 313 944 237 959 461 879 735 376 666 430 405 749 633 896 236 792 736 877 316 276 903 227 197 581 842 984 799 403 662 86 327 705 577 988
278
715 616 205 285 68 25 351 882 26 499 804 937 961 371 832 700 87 667 839 444 258 836 12 672 235 756 315 767 217 901 25 865 836 271 565 875 795 952 496 394 85 575 364 630 135 241 905 370 988 460 649 945 442 142 278 886 846 513 866 541 39 805 167 293 199 143 566 662 892 593 369 10 802 821 425 216 404 739 978 841 152 482 913 70 650 603 610 72 87 835 992 183 182 439 84 325 371 655 371 996 926 766 280 533 164 232 701 867 343 795 736 269 327 730 763 394 928 323 42 394 153 331 421 175 20 132 368 505 855 480 949 2 981 655 384 36 957 925 58 73 662 319 691 761 236 35 563 428 824 704 188 158 380 605 392 893 999 819 901 467 319 930 252 185 796 418 140 564 296 55 821 702 122 511 784 815 186 981 705 716 3 309 564 545 835 354 56 703 607 314 252 695 986 135 625 954 792 944 320 627 583 516 590 577 422 541 559 643 323 860 991 8 212 302 431 62 889 21 962 630 556 141 345 365 490 602 487 411 957 732 92 833 755 154 922 392 592 8 973 312 448 750 112 638 252 264 290 192 750 457 576 54 984 786 255 733 330 822 761 780 732 156 505 780 330 366 98 921 828 922 93 416 950 871 769 824 62 236
395
160 720 70 253 601 17 171 689 223 307 852 247 3 327 705 250 673 86 680 26 888 634 994 780 880 603 920 348 375 816 878 787 367 613 77 517 227 934 500 684 820 599 425 441 401 197 738 470 867 246 534 183 222 328 538 493 273 348 606 958 221 351 99 580 342 991 20 697 787 751 13 312 693 845 172 95 309 32 674 322 851 627 738 468 247 519 141 672 389 222 288 57 67 354 496 830 903 801 528 590 60 498 222 613 47 995 300 321 569 786 230 351 823 989 730 763 632 285 26 519 673 291 684 988 625 173 910 571 286 522 893 153 305 63 821 382 185 691 873 484 21 873 715 732 474 975 223 51 255 171 710 917 462 988 814 872 640 91 630 131 853 606 800 778 293 962 564 677 667 784 893 422 450 29 655 146 754 599 965 285 566 677 288 609 415 618 292 512 819 561 602 450 522 993 168 845 49 643 235 597 911 225 992 628 738 23 602 149 745 236 563 988 673 922 467 351 408 305 299 767 559 783 45 206 363 733 656 252 33 218 164 597 431 622 777 416 128 850 134 842 257 661 210 725 64 568 719 213 579 459 405 918 540 557 501 492 729 110 277 396 862 898 866 946 920 738 373 431 90 207 993 600 821 268 684 172 859 963 588 307 10 965 912 258 935 24 990 339 518 641 675 859 230 850 706 646 14 917 657 933 497 26 923 73 326 60 856 961 526 988 740 281 473 379 197 687 756 240 226 415 665 211 581 10 873 973 515 906 551 741 247 60 845 33 378 402 804 481 459 524 196 183 775 321 715 832 881 18 664 892 564 144 983 546 364 907 111 107 374 858 969 397 72 739 197 357 649 958 237 873 763 555 859 183 516 241 493 593 255 466 815 791 830 890 597 537 397 793 276 220 348 649 730 667 108
809
928 329 218 179 813 576 781 202 114 418 32 9 925 990 46 921 271 45 596 90 400 927 376 942 787 536 819 219 670 737 28 557 781 336 905 437 160 271 979 895 302 94 172 964 846 188 286 568 939 990 855 562 71 417 579 776 527 359 665 655 984 609 432 949 71 95 513 352 531 197 897 956 659 220 28 682 310 297 665 370 113 593 627 479 460 891 216 35 855 512 315 405 541 345 694 163 344 455 192 335 769 484 501 102 650 933 354 3 10 100 6 425 23 278 81 677 418 790 996 184 24 233 189 566 401 887 890 514 617 640 84 627 660 216 684 561 351 289 670 55 723 665 399 278 902 862 404 844 575 867 993 271 808 743 227 793 673 942 998 948 366 331 761 656 913 119 216 693 565 132 459 943 177 748 628 959 97 719 829 755 552 637 196 535 729 226 466 116 965 733 236 382 259 920 603 65 494 909 474 431 948 71 300 794 518 599 257 853 743 991 586 494 389 706 935 708 7 200 855 284 20 64 799 594 495 528 41 825 956 197 836 709 922 557 151 624 212 86 818 27 43 305 269 536 427 60 965 151 691 663 307 787 213 652 260 771 587 18 964 409 551 770 979 744 760 549 385 616 926 381 969 518 431 936 660 643 801 841 178 450 927 299 112 237 111 629 800 591 345 574 701 639 348 746 512 847 763 594 35 588 581 984 203 768 232 85 998 108 963 862 417 331 701 856 428 283 724 195 858 448 771 878 247 101 365 8 628 808 920 517 105 778 522 617 497 617 266 519 661 477 519 233 72 766 630 236 600 131 154 126 749 486 166 87 324 549 541 63 828 807 353 740 520 930 896 793 967 827 645 700 959 225 214 353 573 125 51 639 163 361 825 773 958 540 780 462 833 881 426 802 742 69 937 150 635 500 194 407 504 333 560 848 891 146 957 881 468 306 824 775 486 464 483 586 877 297 899 560 159 123 431 877 71 275 523 584 281 668 232 112 360 239 688 884 991 439 173 948 881 603 827 99 970 7 118 640 66 528 17 285 328 392 465 355 592 569 291 408 51 318 875 486 807 92 253 403 185 906 11 365 266 733 780 758 888 404 194 616 372 44 658 387 542 386 325 695 485 998 656 944 159 656 186 510 570 369 876 141 179 915 926 251 27 703 276 561 954 864 49 539 38 900 765 204 271 150 454 722 549 157 941 942 714 710 92 245 574 977 275 492 988 666 263 111 104 927 529 925 770 573 729 692 177 847 472 30 232 119 220 853 730 634 610 769 434 680 303 190 961 210 670 350 739 279 32 501 550 92 117 195 437 115 542 783 376 61 829 743 420 782 981 622 991 679 873 685 922 651 45 803 37 67 442 374 312 183 396 966 894 137 499 257 366 294 588 83 571 230 479 3 127 32 196 229 950 765 547 318 383 293 698 93 616 444 451 859 352 227 437 488 437 449 844 764 555 799 850 569 827 787 626 87 457 248 189 644 128 112 866 528 301 109 605 234 171 937 499 500 501 295 604 256 691 578 452 527 531 802 321 303 889 941 139 690 732 137 58 107 247 258 766 283 665 419 476 973 478 395 471 745 720 218 830 718 230 325 518 414 655 442 677 132 487 420 841 463 421 386 855 129 581 697 313 838 952 631 130 57 406 295 595 986 147 484 733 536 203 282 591 28 653 659 102 91 562 822 34 896 389 581 611 375 103 36 72 654 386 646 718 561 251 385 382 885 5 693 663 311 653 996 411 296 289 897 685 74 32 972 704 409 945 55 592 907 496 919 233 6 759 182 707 733 411 843 596 822 907 73 811 268 837 937 645 9 482 12 631 670 64 910 696 719 653 874 997 272 128 966 916
872
40 142 792 701 695 81 340 267 121 336 412 716 402 964 220 94 954 738 628 401 712 27 769 471 91 276 304 405 299 200 570 49 152 372 808 412 685 277 905 708 991 631 331 612 816 585 41 452 975 278 105 642 726 368 778 680 921 69 444 875 19 228 199 910 558 560 359 869 100 248 509 354 537 164 622 608 467 330 536 867 378 208 444 423 844 787 41 853 149 339 566 389 18 853 277 936 893 375 411 296 585 719 357 889 21 166 681 127 726 547 910 184 68 22 734 43 658 468 713 568 596 972 549 187 157 344 414 331 430 891 66 551 326 969 132 431 909 293 427 639 21 789 29 346 215 416 501 776 17 622 855 327 97 267 25 446 394 412 127 710 703 715 587 652 302 675 666 536 118 100 684 316 863 992 820 497 490 580 261 435 352 360 96 626 269 7 252 553 247 581 296 667 480 824 317 267 898 181 387 640 771 700 36 72 51 493 619 690 162 611 170 435 938 412 382 425 11 137 369 281 111 288 744 686 515 918 944 890 151 903 9 24 775 134 4 564 161 614 506 630 722 862 814 219 587 238 293 774 813 107 293 918 729 777 590 852 499 841 755 852 972 940 79 489 76 520 268 393 29 603 884 190 851 961 982 533 200 729 469 55 408 801 937 920 815 935 871 571 149 641 233 455 287 828 328 44 651 569 464 842 357 269 275 543 229 812 306 225 736 92 408 291 305 162 428 676 107 779 523 367 981 736 414 150 929 701 476 821 261 440 605 874 730 696 928 436 228 790 767 913 213 445 659 125 464 827 825 906 486 850 107 675 347 531 225 644 13 412 174 98 746 245 404 520 888 822 831 268 998 514 12 438 833 196 488 46 988 979 773 860 124 271 583 339 298 197 706 888 440 759 227 289 372 173 707 947 676 716 884 961 724 917 738 227 831 411 887 614 641 897 765 691 50 980 541 346 696 860 705 989 935 901 388 195 903 69 168 955 977 245 889 703 721 473 816 425 848 736 651 116 560 537 908 78 709 755 912 688 931 691 207 824 682 200 5 612 460 810 569 570 645 682 692 490 523 22 83 651 878 63 940 664 484 392 754 495 517 57 481 908 128 428 640 241 901 887 779 664 368 308 631 864 131 128 596 379 145 398 22 315 210 901 928 598 367 458 495 980 244 541 169 691 404 95 806 689 425 623 502 499 606 110 337 164 737 995 781 569 617 782 329 125 343 801 512 249 606 513 766 15 709 344 285 483 264 518 771 681 60 217 329 915 71 336 781 113 282 524 676 142 655 958 833 148 213 948 11 729 871 532 212 570 870 890 186 186 509 367 556 672 630 570 303 337 310 223 361 616 465 950 177 719 999 467 501 503 462 766 518 937 639 214 335 650 419 346 367 541 778 875 521 845 417 40 284 886 196 789 74 405 682 358 174 996 932 322 500 584 275 893 54 182 453 921 112 878 121 641 959 590 226 687 568 629 927 987 936 121 460 128 208 967 789 268 262 578 104 909 883 46 658 120 668 367 293 559 355 513 673 524 14 421 134 6 872 624 426 818 819 716 334 109 293 627 945 161 520 379 372 19 376 817 448 141 583 791 602 361 839 920 420 82 523 198 752 741 280 828 447 961 920 835 767 713 116 360 892 337 26 373 741 36 803 537 218 432 640 372 947 886 293 628 141 660 268 342 577 132 707 269 521 154 891 945 226 537 40 27 400 561 300 594 682 167 615 635 127 973 910 801 650 110 379 665 511 503 736 648 729 441 518 9 438 851 482 300 77 797 256 54 729 705 399 98 238 43 283 571 342 446 334 643 289 240 457 510 757 217 802 258 718 536 72 514 375 628 415 839 109 308 573 764 7 696 132 832 487 657 369 877 83 816 456 520 797 32 816 991 78 431 838 387 706 367 391 288 738 829 518 345 503 825 480 848 596 964 792 983 660 645 124 544 260 726 853 243 173 98 288 751 741 111 637 748 728 846 61 773 570 149 933 89
542
352 13 827 194 946 723 938 477 981 42 899 682 970 709 537 203 304 4 61 473 292 525 998 353 5 180 24 368 57 985 312 931 556 488 705 699 77 881 313 359 103 885 796 513 613 906 863 983 969 857 238 324 280 251 341 853 969 657 522 302 778 939 400 932 329 252 767 681 378 128 21 540 249 485 290 549 202 225 838 139 885 892 868 69 111 979 979 523 850 916 45 368 846 195 825 416 709 572 774 169 411 153 442 474 691 369 626 205 565 830 620 683 264 451 3 102 499 998 995 771 857 345 52 824 789 165 485 136 157 90 222 98 380 710 794 251 179 869 138 633 815 28 299 293 154 991 146 105 21 223 987 718 95 505 509 93 783 760 462 563 962 592 384 421 56 659 994 442 426 8 853 695 295 174 887 625 616 538 426 709 668 181 580 724 550 803 345 497 584 511 565 740 875 214 200 552 845 624 790 974 903 400 320 233 444 423 649 907 444 649 180 708 400 805 921 891 189 456 644 234 253 522 374 75 881 669 307 351 23 232 290 138 710 548 438 171 679 102 122 962 729 706 83 825 27 256 463 318 701 321 743 343 739 581 989 880 763 904 239 858 327 683 75 760 69 133 658 878 550 732 18 271 964 378 844 325 938 399 539 935 957 473 696 424 324 384 232 939 100 218 536 465 126 178 161 544 731 50 542 546 962 409 280 665 588 144 806 980 115 308 452 391 690 169 21 786 179 825 413 894 641 477 706 134 673 897 691 316 222 967 3 791 319 502 818 58 615 199 40 535 968 112 765 834 71 725 336 606 586 447 298 119 305 724 162 684 534 990 209 345 285 66 463 391 936 988 554 278 662 93 994 917 865 1000 494 589 107 915 208 501 687 769 366 744 968 947 404 5 440 474 347 913 178 291 144 33 616 966 831 317 252 573 634 202 142 570 603 727 644 166 828 934 64 264 617 338 617 121 916 575 641 547 137 703 878 59 49 631 272 101 16 826 739 439 721 15 889 220 265 609 83 608 368 983 322 920 667 318 650 123 917 669 392 250 458 517 676 711 459 507 15 391 328 626 605 332 640 797 848 117 45 475 452 740 917 10 152 932 781 848 495 908 587 467 871 163 485 675 176 804 311 300 526 158 598 135 996 760 303 811 142 289 806 875 417 863 160 242 732 878 54 372 736 757 472 256 283 959 244 663 28 918 848 431 485 240 378 633 391 276 302 348 172 429 704 900 26 317 44 32 731 989
516
106 674 384 899 845 833 199 88 761 923 625 3 89 699 115 913 109 978 353 807 985 545 178 818 720 377 817 355 219 896 113 201 508 124 270 198 504 785 868 584 402 846 362 68 218 98 466 401 208 970 132 109 411 19 773 806 721 94 951 902 169 737 810 656 651 89 375 932 208 557 634 87 541 987 668 844 440 812 859 302 880 387 427 986 188 760 764 821 249 295 395 460 821 489 82 965 694 406 419 889 768 453 348 344 348 478 515 318 540 527 463 799 304 758 230 666 677 866 589 79 998 608 445 429 541 776 673 908 124 21 123 309 687 175 930 593 122 612 450 632 445 697 728 797 263 327 16 813 787 814 805 865 522 714 936 267 414 321 269 91 181 186 429 747 280 517 662 290 115 941 860 611 73 400 519 152 292 874 991 629 591 950 721 851 66 97 557 945 84 444 9 406 945 458 707 671 988 154 154 130 909 15 103 327 577 794 788 601 429 856 820 534 392 209 600 766 300 280 677 918 445 498 229 128 366 311 332 514 999 4 805 951 986 561 123 482 593 172 330 86 837 611 43 593 298 597 705 235 827 854 321 834 812 284 189 882 7 104 316 142 447 112 12 616 32 405 614 794 98 52 615 202 504 743 553 815 534 39 895 257 976 379 788 486 684 742 536 512 804 982 107 556 152 419 13 168 99 861 380 134 859 848 77 36 20 500 42 273 518 202 720 253 941 941 968 41 528 395 464 274 318 810 596 485 522 776 760 848 186 759 157 700 809 512 379 341 645 461 82 9 696 186 641 608 812 50 62 99 475 199 975 144 961 10 276 714 966 927 301 992 440 430 224 921 608 390 746 178 861 429 543 904 994 621 656 550 828 317 983 434 610 770 685 58 319 682 774 168 395 812 780 920 437 335 241 461 973 927 423 937 137 279 708 709 925 10 687 921 830 427 961 633 339 619 282 302 503 415 218 646 256 980 276 827 293 660 9 127 365 522 875 810 761 261 520 816 996 921 800 487 403 225 987 370 752 716 697 839 224 832 789 619 954 968 76 894 494 164 686 466 560 136 641 361 799 599 243 83 86 103 537 60 277 71 787 350 278 91 835 544 170 247 858 430 803 587 804 481 893 738 538 473 925 727 367 302 434 767 18 182 460 824 951 874 828 954 786 820 298 250 1 52 853 189 657 835
32
314 435 849 420 54 44 354 699 218 610 292 547 193 201 631 428 124 582 459 799 469 404 695 496 80 656 537 707 929 560 212 865
406
911 763 514 112 423 601 517 806 431 626 418 771 767 11 844 657 315 477 179 453 938 393 175 617 230 299 858 258 561 326 649 31 67 732 13 322 640 974 82 928 720 327 391 422 801 581 255 457 943 721 339 403 411 729 534 87 287 634 694 854 893 261 435 704 345 418 424 532 878 399 405 860 663 670 232 532 164 500 706 285 507 129 108 125 199 123 41 264 307 52 756 998 654 569 314 441 398 753 696 901 175 921 160 147 504 183 499 973 359 696 695 886 330 400 267 966 17 189 287 919 615 437 802 248 747 412 713 442 23 402 763 566 88 813 213 189 210 870 196 361 911 344 497 429 919 537 237 540 995 484 900 243 468 388 664 699 456 684 508 235 881 494 323 691 771 420 12 270 428 361 196 484 404 317 740 882 643 982 364 785 240 785 656 204 467 69 968 679 19 159 604 874 399 593 847 895 110 137 911 552 850 165 947 991 395 183 632 225 769 247 774 359 732 765 807 91 721 377 841 477 138 902 652 766 393 955 219 280 933 38 37 952 505 868 778 420 142 51 290 765 361 285 131 137 14 976 945 561 230 217 998 55 234 127 719 8 352 146 891 717 108 689 347 500 236 273 807 565 586 204 351 712 819 650 476 266 605 122 930 373 348 564 26 324 436 945 293 917 125 848 163 382 215 138 387 857 106 435 349 540 957 370 483 914 403 326 75 591 943 790 614 776 23 726 54 379 367 137 901 778 973 53 980 548 623 143 858 458 22 800 636 23 597 927 374 510 633 54 934 646 751 81 599 205 591 38 181 59 17 735 680 13 932 947 621 999 955 51 94 233 84 539 202 189 258 670 560 679 938 378 600 420 62 790 722 700 105 763 926 526 453 761 932 876 65 113 518 481 834 539 103 221 523 390 321 449 747 558 600 531 346 694 306 977 721 270
514
842 826 889 376 622 515 567 759 974 105 760 455 624 961 718 813 211 411 234 108 157 320 382 406 484 533 373 139 859 501 143 522 919 67 398 500 646 253 281 180 428 74 940 235 260 149 542 113 106 387 779 311 707 965 361 879 472 557 702 259 733 719 732 287 547 5 514 279 258 521 783 271 517 646 456 506 64 360 457 473 394 595 371 453 853 126 108 656 592 394 767 617 690 619 275 45 553 271 237 578 28 444 590 497 493 3 140 316 666 42 532 967 756 198 471 289 473 511 496 440 932 592 264 736 748 214 798 293 139 682 908 681 187 832 974 542 61 499 595 529 149 490 46 599 287 962 212 951 832 606 104 401 238 977 374 985 309 157 512 382 539 826 275 325 828 706 697 402 607 264 212 83 809 459 825 106 780 220 553 942 189 89 594 674 57 158 81 927 667 236 433 747 333 351 994 909 195 341 772 783 343 928 279 756 22 90 879 834 140 873 947 808 370 360 266 601 763 390 187 714 948 387 777 602 28 981 525 814 626 330 562 344 803 489 316 384 733 469 278 736 261 464 10 251 31 202 633 410 908 663 913 700 595 180 330 11 663 967 769 165 765 612 537 994 478 734 448 130 724 899 883 809 103 343 579 242 293 571 529 14 921 275 82 324 416 421 477 588 8 400 290 848 322 292 608 102 55 644 267 936 714 322 276 322 884 458 469 758 119 199 465 729 922 392 686 915 112 663 428 799 767 622 527 845 105 21 932 851 709 604 459 181 163 189 33 255 985 472 201 577 92 310 871 756 179 814 482 662 733 581 389 547 997 240 73 663 870 988 902 370 105 902 404 579 178 349 226 608 325 145 981 727 327 408 622 850 697 934 322 406 303 166 494 382 934 409 855 526 140 136 209 881 220 573 89 710 793 398 884 77 249 682 1 691 578 649 542 573 440 705 933 988 656 365 995 958 483 359 686 531 268 682 820 446 247 775 789 207 22 21 862 975 290 696 623 916 657 719 948 329 851 920 715 759 480 93 692 744 561 333 378 914 81 39 774 67 511 677 853 621 194 327 446 531 882 746 208 109 102 886 194 666 561 627 903 166 225 990 572 365 211 112 875 539 911 438 830 206 27 587 477 56 579 599 656 20 637 70 544 599 300 796 75 573 381 223 159 653 320 460 698 985 349 904
240
920 580 41 762 99 388 252 547 85 565 92 637 242 810 173 685 531 437 660 4 287 503 239 209 66 573 581 630 757 9 955 87 781 448 470 834 345 203 259 796 621 274 423 803 594 356 102 574 741 358 88 761 754 353 142 177 259 453 823 130 485 262 83 473 684 397 14 515 849 716 132 333 498 865 640 690 37 864 177 283 438 827 2 619 13 298 113 726 473 256 769 671 328 745 924 804 279 535 299 51 416 205 31 606 330 528 701 470 55 527 226 121 884 23 917 530 681 67 936 842 891 918 105 267 52 273 526 224 656 78 456 666 245 447 269 341 526 522 66 732 844 463 814 811 732 231 599 898 391 234 366 387 779 959 753 943 551 605 18 610 750 633 599 933 997 598 552 361 289 948 179 220 973 999 886 320 380 615 276 650 836 896 773 544 951 338 870 443 664 574 928 45 764 351 971 342 545 752 687 420 558 930 496 775 253 13 310 292 790 9 97 669 747 537 616 546 398 337 212 467 920 762 172 207 844 544 963 801 160 625 202 563 607 224 750 758 486 143 370 544
405
499 927 656 64 775 420 180 533 679 204 822 827 975 333 151 121 347 145 760 112 21 951 39 459 773 101 54 248 407 334 69 326 357 52 963 43 930 231 774 471 636 500 137 735 264 967 742 226 459 940 331 846 50 200 74 329 768 123 165 970 993 491 586 719 450 976 170 32 721 646 516 886 945 870 344 578 850 954 353 514 334 295 908 644 87 369 735 224 133 671 628 935 252 515 331 872 209 526 567 277 827 254 874 578 864 97 373 868 41 415 654 316 800 769 298 137 894 601 725 754 430 691 344 705 979 665 118 129 417 388 339 152 720 353 682 186 170 317 136 321 875 73 339 760 597 563 505 507 429 16 103 950 576 79 462 336 613 853 601 957 382 719 716 8 551 373 713 186 270 187 364 884 983 255 27 172 102 830 192 956 192 26 25 59 595 265 790 27 46 593 280 773 928 760 700 579 340 636 275 394 628 122 864 667 66 107 663 89 383 731 946 329 549 927 839 292 625 619 309 45 349 587 49 579 213 5 855 471 832 956 345 229 341 201 510 939 489 583 164 440 842 878 304 545 77 630 698 704 878 114 646 813 506 261 138 980 753 443 649 637 841 93 143 845 829 822 542 782 490 890 866 257 187 16 614 535 378 754 583 641 790 261 29 998 635 487 558 955 458 173 292 923 298 495 409 411 828 239 203 801 312 369 951 613 132 321 498 295 663 222 436 704 823 64 20 948 433 162 303 359 325 502 850 164 745 631 549 214 990 97 224 191 387 116 732 375 371 698 432 25 465 547 598 943 894 319 465 733 809 598 264 970 616 646 23 68 220 906 715 404 833 670 335 62 948 875 987 535 30 214 231 977 673 598 627 79 581 420 855 222 580 871 294 184 683 289 932 163 206 23 889 91 285 293 383 138 491 132 15 902 325 34 923 129 812
216
147 581 166 767 657 776 637 448 116 985 732 290 74 829 462 91 966 687 847 53 619 122 909 395 462 684 852 141 84 360 394 587 571 475 689 708 182 789 647 854 894 315 519 462 409 383 733 48 517 87 711 358 980 474 156 803 132 188 557 804 476 445 335 945 580 613 909 826 569 215 26 452 216 682 921 168 855 323 54 976 970 630 173 763 248 874 836 722 757 363 573 447 946 257 160 571 378 929 956 67 349 91 278 210 266 670 874 398 761 889 518 218 417 803 274 992 580 880 599 194 749 405 376 926 142 903 706 323 426 988 23 455 587 878 9 395 982 795 936 304 941 143 366 220 687 24 536 497 849 49 421 212 960 209 341 694 399 818 864 569 361 60 122 813 212 405 349 36 366 265 406 835 58 284 520 132 390 976 589 773 468 511 507 44 600 644 816 973 961 567 354 660 405 924 997 493 399 691 802 220 146 845 376 637 971 469 561 451 61 104 515 116 910 371 138 571
172
181 670 395 796 870 531 546 81 938 776 959 320 304 856 41 644 620 64 623 515 781 349 794 766 868 166 487 432 100 861 976 292 772 471 479 3 914 173 295 387 280 692 635 920 9 490 638 337 580 483 553 208 452 753 819 331 682 94 167 627 877 483 763 42 762 530 687 11 363 364 737 969 633 857 522 657 415 752 112 861 317 332 603 856 684 16 266 981 834 648 139 420 806 621 335 283 226 791 44 329 592 252 189 130 228 743 461 725 104 781 718 184 277 51 526 441 161 719 470 756 726 364 122 4 908 329 704 686 852 546 309 457 738 587 837 646 611 838 250 15 437 309 19 826 303 941 538 929 374 544 592 539 617 609 686 722 102 776 688 981 943 224 753 909 310 984 1 940 30 299 338 587
852
627 301 774 808 617 703 795 614 277 314 568 43 786 818 328 193 694 778 889 4 905 448 306 962 322 593 333 870 196 670 303 922 27 84 885 23 488 187 15 704 12 561 461 281 647 788 207 608 285 851 187 904 544 771 902 733 954 843 993 899 20 894 884 166 646 91 196 274 736 395 277 617 697 719 861 739 83 3 469 908 376 618 275 182 137 900 461 554 684 151 424 8 320 587 933 457 356 21 964 784 867 439 318 399 424 459 136 274 867 795 543 927 695 109 24 364 89 388 150 397 261 402 433 535 94 200 716 890 433 153 297 786 204 59 177 743 792 50 91 852 180 418 269 943 224 908 802 160 643 112 385 647 932 74 339 477 319 914 576 884 581 765 726 674 624 222 701 281 390 1 623 387 974 837 632 774 69 82 619 302 210 733 17 513 105 11 620 291 67 389 339 916 722 355 443 321 679 940 587 542 834 311 73 119 481 615 218 324 658 27 398 815 786 988 311 729 560 147 570 737 788 532 142 551 39 706 655 923 796 87 345 705 207 507 763 119 204 147 932 210 47 527 37 963 261 549 339 868 527 474 675 827 98 583 38 636 688 189 543 765 56 13 34 558 767 524 634 364 244 608 969 467 230 350 781 745 56 869 139 671 416 722 816 589 2 509 557 714 969 941 715 312 648 339 902 560 934 539 976 736 623 354 806 167 665 385 869 810 801 160 630 92 932 929 951 437 305 8 332 29 491 138 119 305 612 879 325 749 98 7 80 873 568 852 504 459 549 304 436 127 168 494 289 762 905 153 651 936 293 151 81 686 850 580 573 446 850 958 348 944 566 180 175 345 630 484 22 187 201 142 424 926 675 823 155 597 394 479 712 625 69 663 151 947 761 379 1 524 544 645 176 484 442 963 857 716 844 453 996 144 885 991 767 77 877 216 76 459 751 218 32 166 203 561 123 809 322 632 824 742 387 58 228 215 610 570 815 789 130 878 674 284 231 550 962 155 10 440 103 313 302 643 548 407 178 65 250 4 982 9 959 674 247 177 271 400 846 587 632 696 456 136 108 613 530 744 157 671 615 966 314 724 550 603 852 618 564 980 410 68 82 352 57 34 887 751 622 758 262 74 166 323 993 686 311 127 919 907 678 835 75 901 530 547 798 25 453 750 643 505 899 471 861 793 487 769 978 345 567 723 244 615 176 426 753 204 141 313 858 337 771 762 603 466 58 552 603 959 35 69 285 333 780 734 780 610 976 447 404 659 320 926 392 170 328 307 453 328 429 296 922 352 969 297 511 337 368 834 150 2 300 990 154 633 97 113 163 860 556 741 187 468 378 247 872 801 358 703 439 953 175 871 231 691 98 889 623 73 684 773 968 220 994 959 583 320 52 855 409 395 772 235 743 38 433 920 351 864 577 385 938 621 889 790 497 38 694 946 157 175 398 913 396 799 260 454 271 524 10 223 831 790 158 259 860 288 531 516 515 280 518 114 314 832 299 290 374 305 703 510 119 426 160 368 85 557 314 64 454 828 282 636 826 537 311 575 607 719 383 51 854 108 132 773 323 931 100 43 158 198 764 818 22 45 35 593 725 294 406 481 189 316 531 609 808 85 600 927 15 960 988 847 179 660 801 470 80 554 537 920 934 803 957 929 142 341 847 50 1000 336 94 611 98 708 944 176 933 899 659 45 497 240 357 858 78 848 993 63 29 189 355 849 415 535 220 332 404 575 212 118 674 326 216 669 302 402 366 350 36 403 482 684 447 837 470 683 670 464 526 327 795 730 869 204 66 33 346 385 491 881 167 829 498 914 56 407 731 606 467 177 76 911 96 104 344 116 235 291 673 964 131 941 643 639 553 814 402 540 301 8 777 853 136 581 740 680 872 399 927 483 489 905 968 168 753 611 804 37 702 56 304 314 970 378 203 534 368 623 218 136 725 196
783
570 692 864 929 555 138 831 655 424 789 848 54 233 193 370 668 972 670 977 845 493 756 107 883 372 155 224 544 540 902 34 253 877 984 717 746 835 846 24 443 27 915 455 237 220 20 646 926 532 625 439 202 885 937 968 152 270 462 344 76 20 318 12 179 707 223 389 450 734 921 325 199 175 400 855 422 542 440 875 283 87 925 305 421 666 525 424 870 919 217 459 490 686 5 49 620 841 868 439 895 871 420 21 942 497 91 520 681 299 901 318 282 533 713 406 753 221 100 774 864 732 457 787 169 815 599 240 21 439 203 866 441 305 928 312 432 605 42 692 709 985 64 871 618 801 686 87 367 513 761 175 809 826 829 582 384 91 872 871 246 4 689 830 677 448 849 382 843 736 338 248 630 56 352 615 255 498 239 933 698 497 372 535 497 11 297 516 575 293 728 879 780 529 619 759 82 466 11 131 23 776 844 387 865 406 798 154 163 623 275 906 233 988 246 946 715 715 598 400 147 478 753 706 399 565 837 867 176 331 444 416 699 600 290 731 380 694 973 226 913 372 321 432 822 199 263 779 966 231 613 33 963 246 849 874 123 216 316 53 507 610 789 135 634 196 314 778 527 864 329 897 81 32 83 794 888 229 979 686 963 818 951 239 270 296 527 147 671 566 708 343 441 655 147 809 106 440 652 192 864 115 812 695 560 453 167 32 275 211 194 575 165 922 906 257 525 665 174 886 218 148 809 581 384 625 936 173 162 720 848 372 150 937 684 791 970 248 50 938 618 651 442 727 564 949 42 348 491 414 747 629 940 864 161 765 768 615 458 896 939 666 303 937 23 462 138 209 343 950 682 9 26 890 260 176 326 869 816 347 126 190 185 98 122 698 907 793 74 61 335 572 628 915 747 525 842 639 8 384 288 835 746 49 99 868 749 79 852 784 312 310 351 356 460 219 664 402 912 90 521 205 854 127 800 487 799 373 679 292 838 336 406 252 371 415 439 636 450 465 682 647 868 553 632 662 25 926 328 157 799 121 449 476 578 631 975 802 688 91 816 539 852 985 42 996 474 43 540 969 103 408 376 321 645 58 873 493 993 434 162 123 775 870 788 97 763 182 785 73 286 771 505 534 292 269 739 586 466 767 519 539 948 592 254 21 923 802 855 375 918 549 782 477 160 806 10 552 942 338 798 604 65 518 729 167 714 606 876 753 163 230 414 742 205 739 349 497 267 605 949 475 480 10 950 841 295 248 677 525 26 358 816 22 404 236 247 249 319 231 771 885 245 844 759 364 912 461 460 36 405 682 955 283 688 993 316 939 166 276 93 748 964 795 738 299 608 279 540 387 390 887 11 463 27 624 404 732 71 841 128 203 395 209 90 261 782 241 843 76 646 555 256 330 879 781 22 755 274 643 391 860 600 843 230 465 12 134 481 939 777 480 710 161 945 626 725 962 396 254 994 761 771 890 435 989 789 214 131 397 71 982 74 495 753 334 405 226 158 926 388 762 28 386 606 143 704 530 794 750 138 927 91 231 333 996 814 780 943 790 326 269 350 697 64 389 798 316 414 826 823 62 151 20 879 370 871 977 616 194 141 339 764 659 871 93 807 741 699 509 72 729 464 499 797 435 656 131 361 767 872 282 882 42 822 940 765 7 205 680 783 466 438 732 735 35 899 208 78 328 706 964 750 449 412 642 320 84 97 866 306 873 31 599 869 660 212 102 328 178 414 149 830 696 616 849 425 544 400 377 917 547 185 446 210 342 998 741 657 772 907 8 755 61
11
156 416 166 430 245 34 364 55 903 999 238
507
106 46 417 499 101 301 632 973 519 151 927 682 480 252 72 297 740 278 688 568 752 124 757 790 828 577 972 845 814 543 477 204 943 652 288 331 835 15 927 304 754 429 146 969 424 98 235 744 883 293 639 964 270 630 661 712 437 214 990 167 405 337 909 258 847 5 830 258 923 677 474 827 859 865 943 626 893 263 85 595 433 40 771 679 113 908 957 907 891 807 907 961 990 81 930 150 429 317 395 973 303 387 202 3 916 974 284 603 746 706 958 601 74 697 580 56 236 623 539 675 926 360 748 215 599 687 201 712 869 715 360 15 176 676 123 327 88 452 968 487 207 250 134 538 338 904 723 987 401 198 123 953 348 503 172 124 832 445 897 334 170 927 274 1000 141 940 260 177 800 671 423 399 892 598 243 500 509 869 803 39 240 666 812 165 671 668 132 269 748 260 722 435 381 628 142 808 288 722 583 103 790 694 626 89 129 330 761 717 360 597 180 887 523 935 153 909 830 66 384 772 17 96 780 307 326 246 450 789 693 794 384 157 28 227 668 730 927 512 554 968 317 245 720 6 384 656 450 943 167 647 573 924 95 920 105 931 976 750 192 89 485 498 48 840 745 28 259 300 244 918 229 906 595 720 220 922 302 838 712 767 772 469 289 678 674 201 919 284 38 480 601 401 738 226 711 393 717 137 49 547 968 594 909 402 787 543 338 207 342 415 767 275 819 781 413 427 395 365 806 842 970 454 444 629 606 412 675 312 178 339 863 565 620 630 267 739 564 530 449 574 891 973 488 349 566 728 347 687 851 643 177 874 408 645 913 975 171 833 854 588 76 28 708 609 445 879 583 839 277 465 735 958 892 426 734 894 63 776 939 96 371 432 802 304 456 604 628 483 61 680 683 577 410 11 459 716 640 533 959 310 616 621 306 576 599 400 97 735 866 583 740 382 318 729 322 843 869 165 115 44 410 734 136 282 446 379 467 990 852 397 143 581 389 300 461 711 716 621 151 457 717 194 803 768 141 547 35 756 252 645 543 188 950 155 75 474 194 144 983 1000 263 238 949 646 547 601 336 871 747 362 881 576 577 552 55 349 454 23 547 557 362 133 102 683 751 114 721 619 674 244 679 260 25 378 590 207 164 415 775 339 30 861 74 741 925 202 719
343
428 467 386 372 914 258 989 70 580 868 616 223 349 488 382 619 179 28 332 70 423 882 1000 632 962 842 286 65 210 140 69 497 961 540 825 89 72 538 605 108 643 814 359 709 797 782 409 892 541 158 483 421 273 904 450 857 590 111 737 940 435 475 206 746 398 944 356 904 266 813 865 677 977 489 614 665 730 663 449 385 908 580 969 48 883 183 673 345 943 944 920 48 455 760 627 125 603 971 648 602 754 99 889 292 715 132 71 162 167 606 383 398 287 767 597 719 997 332 7 259 245 716 857 705 481 67 405 643 828 943 147 864 176 124 247 880 338 279 139 476 801 762 583 970 858 11 768 629 541 9 850 599 749 491 451 421 736 102 142 876 327 736 964 151 770 675 954 994 936 52 342 885 569 894 217 700 808 575 141 863 254 330 744 659 77 291 373 215 62 603 839 259 382 322 688 123 139 65 539 403 673 793 4 923 80 249 985 122 992 323 198 912 973 960 691 854 90 451 729 843 67 814 707 2 519 130 366 265 942 851 429 747 820 427 40 764 125 526 772 230 655 9 926 701 56 86 148 575 486 920 117 220 233 738 393 25 95 626 236 991 44 916 477 968 139 442 966 214 310 924 425 884 297 347 93 395 136 937 384 265 72 742 799 333 6 877 242 272 123 711 599 307 505 304 739 16 985 822 235 412 221 421 102 213 485 819 99 5 592 182 673 660 220 324 556 96 194 234 406 118 950 299 625 163 279 724 396 33 534 942 430 826 415 674 407 903 25 110 523 370 666 714 962
620
482 272 572 381 519 70 634 586 145 747 647 427 944 826 684 824 513 821 634 851 93 40 341 808 618 159 338 211 169 626 883 593 376 247 30 434 804 970 117 909 991 581 33 986 390 231 329 305 588 891 13 603 642 287 91 51 877 94 47 809 952 289 642 222 637 708 926 245 688 900 758 89 401 610 756 424 781 540 984 736 312 825 707 323 916 385 275 254 745 12 21 566 417 225 451 236 809 624 438 453 968 699 781 262 228 604 906 108 789 183 760 594 894 616 661 395 183 820 724 554 529 240 447 201 291 846 870 782 212 773 543 777 404 843 927 881 898 350 961 793 264 445 390 509 815 632 522 254 846 700 110 980 455 960 280 483 234 847 130 428 796 123 754 290 626 322 570 424 688 411 397 506 131 428 239 597 509 817 995 658 118 89 184 816 696 208 2 598 462 488 350 35 840 762 192 742 988 7 946 868 323 802 613 759 309 683 525 427 692 657 901 202 876 350 988 555 653 255 393 751 793 39 806 543 485 325 422 496 116 731 506 991 705 247 598 294 812 339 820 951 336 940 71 407 375 462 722 359 554 714 155 414 624 350 902 484 218 211 629 130 979 567 943 188 806 901 518 699 76 322 698 808 736 884 208 987 618 130 656 859 302 370 539 107 421 27 714 33 819 673 869 553 574 869 185 101 5 962 256 358 653 986 110 384 223 402 328 754 917 54 815 606 654 619 74 851 528 369 301 482 153 298 493 34 429 841 472 98 964 636 939 20 1000 539 382 33 785 572 641 58 772 508 668 24 476 903 569 109 992 882 92 851 209 292 998 436 771 937 838 467 714 943 410 658 574 206 997 875 287 686 270 652 90 5 536 13 967 175 776 17 391 824 188 910 698 542 178 967 553 857 644 546 703 582 906 692 221 532 102 698 927 157 594 828 231 924 818 873 38 529 629 96 767 240 795 536 573 629 891 421 864 574 125 171 763 54 770 704 87 842 666 376 854 929 928 402 493 765 914 617 263 725 591 504 877 52 972 317 421 324 464 861 462 696 364 553 164 39 982 88 91 888 946 192 452 501 573 634 486 7 102 241 103 679 390 638 241 537 787 722 209 432 110 441 250 20 660 82 958 963 61 488 479 201 518 143 766 150 737 52 367 809 196 797 655 7 467 150 135 131 222 991 919 744 632 227 377 553 908 23 321 967 388 254 812 111 785 751 440 12 628 452 310 199 425 59 929 662 3 467 324 703 938 672 147 314 544 997 759 651 234 472 263 440 771 489 308 88 514 795 91 489 665 612 713 170 954 582 281 299 212 976 197 848 290 229 814 583 565 612 515 309 765 404 346 824 802 321 688 42 391 163 818 269 861 24 726 72 315 158 497 979 652 624 574 458 210 527 953 967 571 413 696 117 684 145 647 787 835 583
199
713 824 698 220 808 809 931 725 905 556 866 193 973 330 673 218 655 569 11 830 184 224 33 276 6 953 347 574 723 410 135 739 327 990 454 14 50 280 135 920 92 97 993 898 245 109 205 936 25 202 364 335 756 529 149 236 760 844 491 39 575 992 263 742 715 69 268 824 524 600 745 252 328 393 918 536 743 704 828 200 799 41 308 86 193 123 183 784 229 882 404 382 199 792 401 773 15 563 781 708 730 399 184 428 158 647 481 77 39 621 845 796 369 255 571 922 493 424 911 915 68 663 945 106 621 721 855 705 996 649 359 112 202 138 660 469 53 53 949 645 736 194 881 920 824 474 521 450 43 850 776 239 869 22 474 205 751 154 873 502 752 646 421 931 740 181 970 47 906 8 346 234 702 264 88 582 277 227 95 45 709 249 690 481 642 594 901 508 348 330 405 854 230 725 887 484 528 843 535
475
595 154 147 928 26 144 109 948 36 61 974 984 104 774 292 980 427 476 285 96 121 733 311 190 377 891 347 830 370 275 188 905 795 598 418 284 469 925 807 961 961 895 606 411 546 334 401 518 432 244 630 29 281 668 989 396 623 177 188 822 369 334 399 739 404 22 961 215 304 842 300 408 749 572 501 460 400 107 49 163 880 923 534 42 784 141 985 935 16 574 56 870 13 57 977 970 527 517 918 956 905 355 504 460 993 905 999 615 188 909 571 24 79 824 677 736 43 785 176 586 359 54 954 499 960 428 809 997 962 621 915 39 975 148 36 461 987 666 985 547 107 404 950 209 431 50 147 444 433 840 454 338 230 642 182 710 681 158 726 116 28 705 829 885 173 382 821 862 906 171 196 610 468 637 287 177 536 80 782 530 136 515 583 594 94 721 159 334 190 686 311 816 994 926 239 787 414 240 849 343 425 421 762 884 621 905 999 821 536 290 599 966 605 181 520 743 284 920 114 275 333 941 621 372 433 276 299 49 337 1000 350 355 310 285 826 363 323 989 751 601 578 188 174 118 960 671 403 808 863 892 858 900 183 609 134 185 43 742 331 453 659 847 914 873 395 516 255 741 448 795 758 754 233 232 734 966 90 104 762 921 475 466 844 548 90 825 50 301 340 695 803 597 340 834 307 827 164 230 710 201 466 717 159 749 982 657 227 228 411 210 822 887 134 521 655 914 534 451 199 497 346 367 268 142 11 353 832 943 989 583 33 564 343 107 372 992 835 85 151 923 42 252 591 617 552 750 184 844 80 659 105 441 637 445 549 896 162 903 897 886 160 139 230 791 740 475 795 357 733 570 199 269 229 701 727 953 373 364 406 702 265 909 342 79 269 778 292 945 38 288 631 841 281 514 83 585 616 305 292 821 828 421 63 712 110 278 902 798 433 13 817 462 91 911 995 56 179 148 950 988 825 946 772 351 584 126 206 571 207 26 301 278 484 432 463 78 538 115 824 554 316 737 649 687 556 728 450 13 993 891 65 17 226 716 656 691 690 955 852 234 691 663 822 986 186 389 274 972 868 685 588 446 239 986 667
703
208 201 916 636 857 24 329 116 283 229 839 869 259 445 653 615 177 980 590 929 55 33 879 746 723 935 204 202 61 406 629 463 685 920 978 524 782 743 87 115 649 955 497 420 924 567 278 484 874 890 804 990 13 120 30 931 992 257 816 610 473 207 937 362 550 698 278 520 953 616 741 935 71 188 701 211 744 605 652 280 968 931 675 910 861 998 502 746 751 737 38 903 550 628 205 505 468 934 176 951 299 963 821 796 794 166 577 954 941 105 879 441 807 495 277 853 226 240 583 34 475 958 753 100 694 277 747 97 578 115 989 386 41 646 263 461 560 502 639 152 185 107 8 543 958 878 564 27 758 716 402 708 995 168 823 204 701 116 766 997 838 931 717 528 280 377 325 435 827 829 620 990 126 672 787 726 651 950 969 332 843 375 497 862 320 411 977 708 628 202 882 209 238 11 120 744 627 910 920 927 676 884 898 215 804 517 972 570 324 166 412 307 153 139 189 345 165 700 409 459 468 738 663 128 607 114 955 4 426 673 107 734 323 655 563 565 511 72 653 965 618 271 844 94 641 426 873 926 862 333 599 452 304 767 442 773 307 624 93 170 109 309 78 374 914 542 461 648 370 828 418 380 512 518 705 32 744 925 150 451 853 755 415 725 1 328 677 39 195 681 89 970 623 729 280 54 725 674 318 858 26 977 939 217 617 939 193 787 434 882 649 219 496 2 455 395 137 194 724 53 888 490 768 473 356 978 647 980 18 42 961 74 965 953 937 604 115 694 800 651 753 666 683 998 640 252 332 380 15 717 764 195 123 234 359 784 821 593 854 376 111 73 567 371 829 679 816 646 337 457 722 829 178 281 889 604 297 92 841 302 207 283 222 462 447 533 529 170 318 626 81 886 932 144 200 733 915 668 434 969 222 147 783 382 63 362 232 432 944 871 991 448 515 78 334 419 342 251 845 427 817 805 839 925 698 374 80 306 717 996 874 887 207 573 147 978 548 631 900 645 217 759 884 503 805 312 51 707 180 747 206 598 954 634 850 38 219 289 573 7 906 488 985 510 143 920 902 154 252 243 109 69 247 403 677 482 819 807 490 961 464 516 86 740 903 852 84 326 990 889 263 721 788 573 330 909 467 352 532 174 598 56 956 998 45 347 20 57 741 226 938 925 460 728 293 107 348 235 878 168 13 897 662 924 155 942 124 929 317 796 111 838 363 665 84 220 926 950 470 845 778 967 2 53 168 53 110 528 345 282 108 320 788 429 23 25 306 395 702 999 510 461 499 674 850 530 420 911 330 344 805 896 251 130 260 214 541 932 334 74 174 995 173 628 207 469 745 29 208 580 997 304 843 742 687 196 30 706 285 819 835 866 210 63 324 113 567 345 654 36 880 646 698 232 942 214 16 616 731 879 972 575 939 910 28 409 110 869 272 618 205 298 257 790 17 935 662 938 393 988 196 38 654 941 152 693 802 586 850 741 61 25 195 566 661 316 548 144 921 969 932 533 176 548 999 323 553 755 425 920 691 380 649 109 363 701 686 200 682 36 457 401 469 905 468 721 102 136 238 612 6 240 390 76 464 82 291 365 517 389 829 801 958
14
30 518 220 819 298 424 979 510 389 516 252 326 385 702
983
262 894 255 551 950 308 695 691 909 543 176 719 489 294 745 286 409 752 411 417 798 901 7 339 727 659 418 897 665 320 556 238 549 883 43 201 893 233 645 195 185 270 197 185 279 930 319 149 191 749 473 1000 518 931 752 634 361 814 131 298 168 898 169 309 983 762 286 389 680 222 586 383 125 875 725 929 445 187 189 220 283 705 49 667 927 395 763 350 857 506 234 136 9 829 513 948 356 278 363 451 848 329 192 264 846 858 45 576 257 379 267 570 166 43 205 144 530 76 154 666 424 283 265 627 907 154 290 468 335 451 4 954 733 203 931 205 943 435 565 470 73 893 619 753 143 259 849 597 757 220 181 815 840 222 108 742 742 449 134 240 917 824 568 946 163 717 214 409 487 63 1000 6 143 100 178 499 627 252 755 609 92 982 914 369 125 680 75 399 144 419 101 714 219 125 837 266 144 454 553 278 947 956 608 768 431 250 681 751 246 162 52 400 26 737 462 608 716 34 670 185 874 64 494 82 591 39 109 324 865 262 657 283 433 131 422 125 803 267 541 615 648 785 469 688 693 378 1 211 242 563 624 837 324 662 587 423 682 560 334 755 708 569 913 381 604 195 581 254 220 592 152 579 45 293 569 224 220 133 239 401 796 610 163 208 41 265 148 107 271 838 19 22 344 29 845 851 647 682 624 864 782 566 853 514 451 453 32 776 204 103 404 873 957 148 660 632 951 33 123 805 593 372 21 757 350 8 876 797 230 786 871 235 5 950 186 349 121 644 903 471 102 374 391 11 765 419 123 984 120 310 236 750 917 678 19 10 157 506 83 78 67 758 327 224 619 52 776 955 155 203 420 255 590 27 861 831 168 543 643 208 72 975 872 386 363 343 333 787 287 347 847 268 971 987 569 27 269 427 278 852 606 917 271 375 217 569 488 881 206 785 85 752 753 867 406 193 359 485 223 315 971 476 794 672 390 673 306 635 667 955 297 693 537 285 336 866 379 932 216 909 478 688 892 585 29 698 120 108 947 101 999 139 761 775 928 406 453 885 835 536 607 102 747 463 365 691 786 482 874 521 924 886 914 621 300 65 71 285 836 943 184 95 784 613 520 345 524 412 408 550 27 945 665 318 641 679 355 922 422 562 676 85 946 212 952 459 282 271 699 562 488 49 117 57 641 289 767 243 595 358 10 612 246 333 706 576 798 822 922 183 110 729 570 430 982 360 102 563 551 759 266 23 725 219 814 640 955 330 922 343 952 557 540 892 104 479 930 900 924 364 734 523 696 564 229 185 965 231 820 462 168 112 175 561 223 442 288 981 487 429 293 467 122 498 619 632 981 42 872 441 977 805 160 445 328 490 471 961 122 416 803 451 120 360 909 990 17 480 529 798 2 986 516 254 14 331 769 660 358 265 972 335 483 788 254 54 251 466 294 425 62 173 794 671 882 726 20 768 971 864 961 315 273 782 114 345 887 846 24 365 833 328 970 49 766 502 808 881 83 259 649 995 872 858 993 422 644 848 288 68 942 464 723 247 102 292 926 187 125 873 263 256 239 495 638 635 853 727 255 876 294 68 248 190 965 877 33 93 298 991 564 568 443 740 861 880 43 736 861 738 9 573 786 29 113 429 198 546 767 548 883 261 554 250 150 887 493 705 210 195 567 754 433 265 359 636 966 311 374 633 567 705 379 769 351 998 268 152 51 121 842 20 263 908 686 758 607 134 693 170 780 272 371 667 738 850 831 410 99 11 174 900 737 446 990 731 308 193 215 299 683 570 272 80 126 12 614 218 191 405 896 933 923 121 822 196 750 685 334 940 617 450 749 141 261 566 177 60 636 309 906 783 296 780 31 236 289 248 118 906 656 949 714 412 547 232 729 790 832 56 391 21 278 626 369 395 422 977 260 311 129 375 729 189 66 817 667 920 351 737 490 103 70 11 793 940 458 117 329 574 391 634 69 411 770 500 304 177 890 317 350 890 173 397 758 937 200 857 803 646 695 654 506 504 38 680 708 736 851 781 697 282 539 454 702 80 680 82 649 488 328 831 904 590 929 62 422 296 478 258 138 471 902 361 598 472 774 979 317 283 6 917 479 196 641 557 768 631 951 467 647 566 840 58 987 183 393 566 948 197 679 703 769 852 263 129 141 223 810 420 350 141 777 406 89 518 279 858 970 337 247 78 657 628 10 910 579 243 250 830 540 56 411 278 87 30 904 760 945 159 532 616 414
631
774 273 719 951 937 651 286 584 94 530 292 97 431 510 975 254 379 923 777 700 291 260 667 359 563 507 981 891 17 349 149 144 622 771 319 129 547 524 584 494 936 438 756 372 542 213 758 798 93 768 639 189 353 284 431 513 990 858 552 24 546 370 705 410 787 750 498 818 868 3 948 704 858 56 745 682 573 855 494 611 852 266 240 737 803 868 420 98 819 449 666 897 640 512 370 395 925 19 65 386 973 554 30 934 317 578 858 107 193 44 281 427 259 15 276 871 320 524 748 294 595 506 155 52 476 432 960 903 3 400 506 666 21 830 703 143 970 661 437 578 53 997 694 530 954 59 757 211 795 409 4 992 19 668 867 756 757 744 353 122 19 843 802 545 787 110 334 203 941 983 901 225 407 208 623 569 460 584 19 795 643 141 640 261 416 870 896 335 413 873 179 487 760 248 986 106 287 963 232 528 434 618 104 235 78 573 465 892 158 533 863 166 369 498 969 348 737 868 459 137 320 132 549 694 477 934 745 762 768 696 136 209 546 797 216 515 770 521 987 361 637 376 820 629 653 150 845 627 174 587 988 901 531 974 161 533 701 619 81 584 765 598 201 104 868 791 648 134 982 390 851 206 901 185 666 337 939 612 788 707 89 617 192 280 590 700 40 622 655 870 392 899 970 107 973 742 178 622 928 595 715 359 506 52 701 496 744 647 101 771 650 609 129 864 87 751 37 363 591 274 476 618 697 617 580 597 313 974 776 483 148 128 559 839 158 85 178 416 703 364 262 971 293 762 20 630 588 286 915 276 587 748 282 75 743 677 220 960 458 391 766 636 874 403 416 638 266 555 111 18 955 507 377 886 648 363 166 799 349 88 75 642 38 174 5 363 535 897 432 646 388 746 302 871 169 152 457 241 179 890 896 538 296 945 18 77 994 107 416 998 247 246 658 221 876 852 664 719 277 329 826 411 932 107 772 557 372 245 689 821 586 455 788 49 688 845 53 909 515 482 467 841 841 670 921 604 156 18 910 850 631 925 396 5 119 876 888 931 604 5 748 467 378 541 576 663 659 75 955 457 483 361 351 298 520 814 984 635 664 968 586 221 570 966 638 682 303 825 639 109 557 688 808 699 697 427 889 691 537 154 975 594 581 438 579 418 426 633 349 849 775 809 390 211 749 164 505 970 513 453 867 199 477 440 269 315 802 783 23 883 910 699 80 886 451 677 83 718 888 954 191 213 964 827 769 795 44 295 959 51 653 53 994 735 510 577 78 499 80 431 847 807 578 353 99 886 688 928 534 209 803 724 260 833 543 267 818 838 364 958 202 738 20 61 725 364 557 237 483 207 702 806 767 708 984 507 716 2 706 201 932 652 37 590 806 644 221 20 626 635 112 932 350 589 7 865 946 653 435 974 463 112 117 99 424 213 29 818 472 367 396
612
921 516 688 930 60 951 462 544 746 765 332 377 774 264 627 321 826 910 421 55 980 759 842 89 636 242 230 494 339 476 655 433 214 961 6 335 47 632 389 498 705 155 364 160 905 533 700 165 715 875 621 462 436 513 942 162 271 227 554 782 440 868 300 541 698 941 598 414 575 661 929 62 442 222 113 295 573 343 383 245 197 707 780 894 979 74 683 79 365 788 22 336 466 632 90 992 645 40 923 648 298 9 101 452 861 81 901 464 215 960 424 223 564 53 757 300 479 212 221 923 405 289 827 972 767 411 633 691 239 251 890 320 834 487 938 69 832 338 896 654 964 263 887 28 410 442 616 713 590 145 828 707 748 853 626 261 652 590 936 225 55 32 979 593 179 137 439 150 367 277 10 329 625 975 632 309 896 421 43 447 625 784 187 996 921 982 72 913 477 445 543 391 68 239 460 750 566 123 234 750 866 781 673 786 422 431 713 865 585 879 588 372 678 975 370 25 422 11 817 873 403 822 579 970 1000 62 703 553 95 53 337 526 52 151 728 376 584 659 407 959 521 314 89 386 715 420 629 264 564 558 47 566 161 497 983 168 92 773 702 990 333 628 667 393 273 160 834 634 701 911 234 962 876 354 288 149 85 557 611 864 310 571 422 916 627 704 702 643 375 649 265 284 392 547 781 489 171 207 714 929 158 498 936 807 12 312 279 1 44 139 361 651 681 662 740 931 582 62 771 325 895 29 789 968 526 936 434 705 656 397 874 714 66 545 124 740 947 458 730 265 468 314 86 19 87 7 878 109 618 208 166 689 108 704 882 486 665 830 405 51 827 951 930 92 208 212 443 426 583 458 998 65 241 216 461 764 748 239 49 351 762 760 972 61 326 565 799 117 195 494 984 686 971 845 14 722 706 457 540 824 621 76 928 161 564 581 932 425 843 384 6 947 752 156 829 434 990 776 800 526 44 948 966 745 859 91 58 205 943 390 636 510 514 264 478 383 902 414 388 383 950 840 322 746 265 208 837 606 610 178 251 977 461 402 104 783 938 165 543 415 155 779 20 968 634 449 841 648 890 923 891 619 630 492 49 156 170 463 681 773 958 21 124 175 761 890 565 575 564 826 678 772 792 974 165 833 623 82 725 854 588 873 534 705 682 485 512 559 739 739 567 82 907 234 474 585 38 766 377 948 213 926 540 219 405 234 742 566 242 887 626 715 77 935 21 486 467 502 655 209 22 588 125 181 231 528 401 138 115 223 276 456 670 610 933 944 989 119 696 151 237 827 272 637 542 150 319 539 956 316 33 187 412 405 429 133 993 152 773 402 955 794 419 435 265 147 255 927 987 528 199 46 909 33 689 506 239 509 12 831 625 796 751 822 448 262 995 654 730 975 937 352
299
567 130 739 75 960 3 392 918 73 525 243 651 155 610 810 73 354 935 846 893 462 661 256 415 324 636 801 940 230 37 619 639 147 846 806 884 384 133 431 516 418 415 302 970 254 582 947 448 813 803 476 77 581 920 929 787 261 858 25 29 759 612 881 940 826 854 887 76 443 64 77 6 622 851 748 499 526 785 717 62 581 277 519 798 429 937 389 958 722 629 553 320 719 884 128 583 56 91 496 163 201 210 180 90 95 887 250 663 102 558 797 785 411 432 165 228 433 250 962 7 861 183 509 499 806 769 654 829 317 562 141 458 353 228 51 771 290 683 580 502 923 821 389 54 425 345 134 962 656 544 787 867 382 694 355 108 954 407 837 669 592 40 539 461 331 127 254 723 653 408 472 16 402 272 954 232 949 150 374 465 407 841 790 942 613 154 234 853 951 710 574 77 984 429 476 480 349 216 152 827 394 368 607 972 998 907 693 287 251 998 661 500 379 775 115 836 724 179 430 772 693 652 638 789 921 232 453 539 551 991 306 390 403 354 508 335 789 168 701 313 198 440 296 302 664 854 309 929 329 763 928 443 642 528 629 832 582 197 725 624 346 282 2 505 832 899 669 830 124 330 718 467 671 45 968 610 797 498 827 156 198 69 750 420 295 534 197 10 58 461 552 862 476 771 482 815 773 22 810
705
586 564 722 251 94 456 418 630 266 792 952 690 559 97 130 181 45 452 556 123 595 705 113 29 496 178 412 148 638 615 989 521 719 696 184 517 367 817 21 366 945 272 200 7 273 71 96 80 543 240 723 103 31 997 937 307 272 409 295 835 472 285 489 967 288 332 622 625 136 50 857 945 79 638 844 876 335 762 755 149 285 656 662 331 665 820 379 186 942 901 538 82 259 410 221 223 947 617 163 728 143 295 809 849 429 868 214 438 78 826 631 349 444 697 717 823 288 609 258 7 536 674 820 596 809 637 797 164 477 398 684 377 729 506 572 609 649 104 706 369 217 402 496 288 473 974 704 598 460 127 782 700 299 612 656 317 205 558 930 596 109 878 874 179 242 87 263 101 522 161 181 179 705 469 419 28 592 893 350 51 355 92 680 430 446 479 83 193 104 984 666 329 300 781 930 494 443 243 375 568 291 957 975 68 809 364 759 170 65 348 658 919 1 629 575 651 648 498 374 893 623 421 235 759 905 843 9 637 866 70 941 711 439 442 645 328 925 877 566 655 425 605 861 268 638 712 113 326 446 106 948 285 784 315 97 307 204 527 336 98 571 68 301 161 717 213 770 874 108 402 312 165 827 902 605 948 301 465 551 625 431 360 925 479 23 187 352 602 664 141 24 925 207 594 186 438 934 258 648 511 519 326 730 844 858 269 708 238 129 901 729 707 514 591 187 576 368 759 788 498 750 637 506 976 355 503 281 627 801 435 297 309 164 673 719 795 272 310 534 48 822 595 716 949 207 92 880 871 300 448 210 925 862 580 219 290 55 602 321 584 26 220 713 634 319 140 713 197 439 296 455 93 146 802 964 358 704 725 760 675 907 109 239 777 700 791 982 23 736 436 484 853 56 111 705 353 495 634 108 58 933 222 202 544 690 846 148 646 442 525 375 936 1000 767 314 855 726 95 8 15 341 365 57 581 425 920 120 553 484 183 61 404 799 11 253 128 226 261 326 795 495 567 752 990 305 217 984 640 169 665 156 146 494 879 981 781 573 237 88 981 907 621 232 2 485 510 264 902 655 460 236 577 65 327 726 67 350 995 543 225 489 796 646 354 856 171 63 703 130 189 388 265 87 985 943 985 150 987 748 447 328 561 587 149 514 405 641 789 47 685 752 311 300 391 177 734 858 517 649 238 386 280 576 168 278 943 549 697 929 301 493 238 890 747 281 996 863 258 510 965 523 438 593 882 716 417 966 760 32 696 818 462 828 524 781 520 74 197 178 410 613 768 859 789 412 757 806 321 976 70 648 141 947 953 312 885 929 597 374 599 485 890 670 151 942 783 933 916 408 290 603 594 298 576 448 856 98 456 564 612 485 836 858 722 514 922 555 804 928 577 357 506 279 733 921 672 415 12 159 584 801 878 588 215 867 627 52 350 514 804 830 559 325 593 82 54 70 767 363 991 373 143 762 164 11 860 83 858 204 967 806 514 720 825 965 203 184 40 643 585 689 897 661 925 198 918 475 268 58 46 243 145 398 630 458 568 405 691 361 218 713 182 181 908 447 6 463 202 940 308 816 696 36 334 684 423 357 655 505 705 13 800 484 394 600
586
823 200 139 624 187 868 287 430 14 185 816 496 335 333 661 884 504 90 299 26 190 232 819 594 765 626 719 792 268 555 976 257 784 923 852 290 382 640 509 760 550 132 114 116 227 145 932 16 444 599 913 144 191 274 869 942 765 629 919 979 460 635 302 813 471 314 247 758 787 948 347 115 23 70 989 327 553 190 958 169 222 453 703 68 70 734 831 192 218 259 105 414 270 891 910 160 907 524 251 760 725 286 614 996 950 922 553 137 431 368 919 276 325 882 118 235 880 27 118 917 506 639 175 856 640 159 522 974 784 930 450 60 883 359 464 32 402 969 698 519 696 235 217 265 765 177 486 464 101 178 727 184 624 577 345 317 705 796 725 541 543 808 15 515 139 306 432 358 832 959 154 188 797 307 682 151 670 818 598 794 945 320 220 920 276 573 856 472 231 280 949 778 306 446 679 91 104 833 908 151 559 220 344 272 688 727 257 563 973 475 426 64 367 990 453 40 126 833 6 998 508 403 290 422 156 869 816 523 189 419 900 380 804 361 500 659 238 12 576 469 214 928 280 272 334 106 725 167 539 364 875 85 88 631 31 564 79 623 185 517 761 140 727 432 786 553 9 883 674 228 870 82 988 470 301 804 195 105 522 749 508 167 534 859 694 971 977 196 957 559 463 409 494 481 92 38 144 752 498 940 739 20 908 791 948 338 576 713 114 207 266 770 66 680 996 463 6 550 244 303 867 258 964 576 275 348 883 140 245 97 300 746 135 351 540 652 359 255 256 280 933 189 291 822 976 815 398 829 292 537 599 74 360 762 457 23 807 949 495 187 583 250 722 820 581 682 450 552 645 385 831 492 280 492 527 792 815 530 680 127 942 668 355 626 964 289 483 990 589 230 189 570 180 106 344 290 756 841 68 824 92 257 375 182 338 869 99 986 729 662 141 263 106 479 303 387 790 132 305 195 448 138 282 459 922 652 275 581 756 161 791 365 896 608 403 829 909 709 139 511 595 65 111 582 452 889 212 209 795 519 80 527 540 153 291 672 318 715 85 518 643 356 495 523 400 181 199 156 91 770 23 12 937 385 757 213 154 505 932 800 968 850 662 384 500 147 165 559 14 371 784 8 35 934 39 839 397 656 757 869 122 464 824 517 982 842 567 102 568 282 387 444 287 417 352 274 910 284 674 918 971 783 719 333 175 596 327 494 350 237 275 750 780 730 477 715 281 252 881 262 691 953 671 922 967 275 229 403 474 317 470 96 486 544 972 588 977 750 945 734 553 820 779 38 896 441 601 699 166 343 121 227 936 600 594 418 820 577 887 700 808 293 650 234 908 806
549
170 42 684 440 975 474 513 900 730 284 22 735 778 493 860 682 976 561 684 426 45 100 549 3 47 296 585 356 726 846 413 844 211 945 611 774 836 657 264 433 845 884 620 400 960 794 834 824 686 562 113 520 448 154 120 275 7 453 357 509 25 761 904 460 672 55 41 324 357 215 713 45 449 738 969 274 273 617 536 682 747 437 113 952 142 850 813 740 320 2 550 337 23 461 616 30 609 699 640 687 368 192 25 785 624 376 723 208 109 244 766 249 374 792 580 623 439 828 918 424 654 784 747 21 521 822 320 87 366 330 271 931 311 279 252 170 886 350 111 420 358 947 424 446 902 662 219 406 638 287 895 681 698 474 617 218 918 929 375 562 881 956 635 265 692 371 308 354 469 574 482 883 610 842 561 926 724 296 545 911 279 443 244 448 291 480 746 530 422 662 498 549 403 966 795 120 52 620 819 91 650 786 318 672 528 556 325 13 376 269 126 333 561 885 407 156 690 24 885 580 562 812 676 871 376 392 116 590 239 12 164 488 938 42 680 593 946 558 659 552 367 717 205 791 574 721 506 454 734 316 410 383 304 853 790 255 136 833 49 468 773 265 588 641 954 892 956 523 605 277 603 930 569 292 552 939 523 305 253 307 386 429 609 967 101 638 788 813 716 100 29 784 153 991 26 184 691 991 448 485 778 939 543 62 379 962 767 768 97 964 462 135 763 487 655 114 997 869 762 301 437 678 246 987 885 908 807 89 357 81 515 867 332 239 317 555 712 161 908 205 857 239 758 208 479 675 689 704 791 440 354 380 429 832 790 339 573 714 951 835 829 880 242 499 290 815 985 830 760 964 767 162 162 466 806 619 89 329 202 886 744 279 159 205 340 649 588 393 580 804 563 550 62 497 999 555 390 951 869 921 558 613 504 331 110 783 686 833 164 683 873 327 893 994 30 613 696 448 505 679 84 791 277 944 325 372 758 448 831 333 300 227 172 424 840 74 902 144 25 43 888 900 313 148 408 746 994 209 690 356 908 47 605 818 725 711 233 471 730 201 216 609 687 195 829 212 131 515 881 524 781 147 577 954 158 613 687 782 220 828 649 631 18 940 13 57 347 196 900 166 794 971 681 585 441 625 601 894 912 154 271 679 923 709 920 449 487 629 284 969 256 486 296 189 160 869 985 639 189 617 731 808 513 659 551 343 750 695 648 832 516 845 255 86 782 524 544 379 288 216 864 922 470 931 703 118 882 761 831
452
695 64 635 905 235 616 45 575 370 217 482 409 57 813 843 288 58 538 70 116 742 668 309 515 799 375 972 880 150 48 245 918 238 328 841 289 437 208 666 220 373 81 874 516 100 922 753 233 966 309 426 630 534 309 454 786 637 988 767 822 855 524 634 78 865 839 831 392 102 972 37 121 453 284 149 313 504 460 514 144 11 273 824 843 580 963 859 69 895 245 114 902 332 723 365 908 865 105 933 184 533 516 643 837 357 704 124 31 837 728 132 879 924 554 195 183 951 727 590 331 414 717 569 565 795 761 626 823 688 280 129 523 963 565 337 420 816 687 939 272 928 332 983 69 906 791 126 209 713 940 752 208 769 857 961 888 523 920 659 892 374 949 598 245 890 649 454 487 759 458 957 846 506 502 338 660 907 628 471 525 518 25 466 820 932 21 745 436 250 106 399 766 71 607 545 670 476 581 732 698 631 220 844 828 594 882 995 132 731 795 895 788 12 387 481 862 372 544 897 91 43 616 364 252 36 369 521 820 938 28 976 888 161 955 745 377 588 431 753 114 994 72 241 43 72 803 647 411 226 663 458 133 334 716 47 479 580 350 524 716 615 728 176 847 966 909 976 59 819 731 501 19 380 920 783 900 563 395 11 318 445 907 971 506 261 495 128 19 561 257 676 493 786 976 542 310 777 457 269 196 519 482 925 308 185 557 378 56 453 469 497 988 541 655 238 364 925 673 920 634 270 59 669 524 316 262 817 374 947 785 789 704 385 385 352 27 296 557 553 202 397 490 604 793 306 509 902 624 795 890 370 914 976 345 892 84 521 703 444 508 88 854 238 115 874 452 720 499 477 677 270 510 184 571 711 13 150 4 576 276 422 765 538 180 99 972 624 564 922 74 878 104 785 409 241 910 773 67 254 743 97 966 365 47 939 596 374 43 282 315 485 525 33 983 120 19 251 270 1 567 80 981 868 339 416 297 128 531 819 972 9 13 493 619 377 258 676 769 581 739 722 792 195 116 800 209 140 650 895 855 662 514
226
238 721 294 464 827 530 395 195 221 560 301 880 455 961 269 239 312 395 753 204 652 443 209 162 15 220 286 297 348 133 164 588 485 690 855 318 801 32 404 161 904 518 416 509 467 353 158 621 393 409 705 702 907 435 675 721 834 235 675 103 337 330 999 124 226 537 958 62 964 85 612 551 698 887 354 607 633 290 224 814 676 226 462 315 214 7 271 680 760 58 727 208 748 894 161 594 495 210 809 959 1000 148 345 870 550 131 379 112 968 396 457 99 163 3 203 444 286 15 138 456 764 359 801 43 512 54 290 365 667 284 651 186 443 781 832 462 543 764 790 790 957 734 111 834 242 666 896 304 94 506 545 860 620 594 756 895 503 642 530 412 254 497 481 63 733 577 192 192 790 368 966 711 444 223 947 952 84 866 956 697 807 386 445 116 106 302 545 529 920 600 146 246 452 777 6 620 701 226 814 489 721 938 68 151 92 441 377 802 957 73 455 549 888 298 733 314 173 493 824 806 167 794 73 709 5 245
703
89 351 417 826 131 449 828 491 408 160 114 746 528 500 325 347 988 551 580 229 215 391 268 362 95 30 753 590 923 365 546 135 331 472 156 275 420 188 41 875 372 284 69 777 444 169 297 198 226 780 14 353 838 421 820 391 690 562 799 56 443 869 964 675 983 129 302 276 270 206 267 287 543 867 78 960 525 330 567 342 616 579 25 997 759 220 474 811 544 672 842 434 774 367 106 760 446 967 17 313 12 85 604 530 76 998 500 262 497 251 46 321 55 954 236 25 518 197 46 90 614 538 898 245 969 249 355 296 903 368 206 639 827 803 220 495 556 972 152 201 560 619 378 914 527 149 202 870 146 249 367 840 805 125 714 986 941 616 318 219 56 632 887 649 577 283 545 503 457 2 313 961 973 938 716 319 757 609 581 842 660 292 78 32 402 515 45 272 901 18 704 142 722 619 921 490 761 1 559 844 732 174 443 23 218 815 267 666 246 117 944 237 167 241 470 560 731 852 808 744 605 442 910 483 114 139 650 752 746 365 756 374 944 521 406 924 488 859 588 51 330 796 434 525 222 49 47 242 585 266 83 781 73 490 8 510 256 891 56 10 724 38 763 314 827 892 788 237 647 939 20 542 330 888 522 442 979 599 407 410 389 333 457 751 797 780 554 69 50 65 514 744 270 230 204 235 998 60 835 649 88 448 796 660 126 95 836 22 431 829 624 887 454 144 775 249 975 807 606 946 371 122 705 99 581 921 273 529 498 377 89 394 359 886 760 46 2 672 323 557 117 766 973 868 587 38 999 815 5 649 211 702 751 710 859 518 123 694 839 247 23 607 274 971 186 891 333 828 507 565 91 904 383 926 377 910 727 909 66 181 729 642 580 944 38 611 796 772 55 393 615 963 223 389 163 341 243 516 647 72 348 911 903 16 282 258 292 549 228 585 528 550 53 26 761 470 739 343 265 640 746 597 917 309 826 408 100 115 747 524 427 916 628 735 604 24 617 174 697 240 356 839 105 828 349 226 472 933 381 735 673 147 542 610 125 666 140 469 382 26 360 106 560 502 765 634 214 795 419 72 418 355 746 992 224 178 44 690 679 131 54 797 843 318 393 307 200 795 574 773 288 453 445 898 455 721 374 298 385 166 71 949 403 521 298 947 378 983 822 481 277 578 554 915 44 884 165 875 598 858 381 542 540 702 245 38 251 167 389 720 300 731 808 271 290 881 958 314 558 340 853 874 236 980 617 484 795 889 85 304 673 818 170 992 459 782 536 92 941 488 62 301 55 258 873 844 132 459 300 334 505 1000 624 401 653 109 456 670 238 721 123 298 532 969 256 85 302 723 997 264 343 874 57 706 704 898 38 550 229 211 978 288 609 235 139 285 253 925 925 659 773 262 124 65 348 509 682 404 355 227 941 831 556 24 523 846 976 865 499 979 898 899 123 586 15 719 644 376 837 204 976 395 154 967 990 493 260 945 70 290 258 98 730 315 263 879 47 451 173 794 875 855 555 632 383 544 300 803 71 377 413 670 12 74 732 472 651 351 848 6 36 509 39 320 172 820 850 287 646 412 260 530 972 537 976 43 73 822 237 699 246 348 972
152
844 654 575 606 591 826 54 154 988 626 178 664 904 301 693 729 477 847 379 96 234 131 781 935 234 517 42 935 611 23 240 87 382 306 905 291 927 277 268 282 367 780 230 659 838 92 832 742 4 980 290 455 809 602 309 547 797 266 209 910 286 429 262 103 446 409 137 154 483 573 378 404 444 976 467 310 124 843 32 178 591 821 986 181 365 216 170 584 662 43 439 937 168 886 536 425 892 641 58 296 583 631 274 67 496 517 850 509 485 508 517 486 380 148 93 245 147 271 253 554 734 756 209 453 483 440 137 187 32 847 211 562 584 460 773 527 905 686 705 676 178 959 908 577 26 698 485 979 598 277 752 307
420
107 498 438 772 421 245 97 256 876 489 435 722 715 490 402 261 436 105 299 336 828 73 509 390 861 542 784 425 990 40 312 363 785 498 918 910 129 863 391 219 247 596 765 710 318 198 48 488 84 230 456 98 182 623 931 781 501 962 127 483 252 729 630 982 844 80 809 26 752 85 738 300 101 800 431 286 740 776 224 473 989 576 389 431 698 234 148 265 453 916 860 904 762 306 138 384 920 354 201 107 118 873 691 555 983 810 466 720 251 421 810 666 392 684 994 741 981 503 93 146 149 906 662 472 96 170 257 105 902 343 219 194 741 278 926 696 518 933 669 458 290 913 32 695 994 488 39 628 528 333 426 463 330 979 460 952 239 967 102 651 520 701 350 498 253 12 34 2 225 351 238 877 167 919 523 139 825 876 128 943 997 9 23 267 802 558 906 825 706 790 917 992 564 983 85 593 464 581 553 127 99 118 537 510 842 493 134 731 195 919 394 283 159 896 71 461 794 247 732 725 998 848 395 840 474 851 641 747 844 834 20 306 48 19 951 392 844 773 773 842 916 576 9 477 341 744 733 615 647 310 740 382 302 178 611 780 189 803 24 321 511 753 469 112 239 417 381 338 463 24 464 279 415 27 796 166 62 458 419 38 831 624 947 813 935 633 197 27 753 369 732 651 493 395 208 951 952 73 677 342 810 996 417 130 509 237 522 327 824 223 387 841 412 288 539 106 425 701 197 775 360 827 381 329 339 141 555 135 99 404 486 994 563 594 830 35 582 657 425 934 72 516 415 808 192 475 461 606 332 442 471 570 962 908 5 746 706 155 211 543 7 711 137 528 902 483 583 53 936 853 642 66 705 920 19 794 183 151 878 195 835 404 823 69 149 70 738 911 450 844 652 260 599 963 279 225 250 630 452 941 811 963 142 414 747 900 128 411 272 799 26 980 362 193 291 859 995 412 939 890
223
584 699 27 590 545 641 195 551 687 715 599 422 937 651 834 758 88 764 60 877 761 47 546 657 738 122 112 554 820 500 516 228 199 974 973 424 522 229 491 717 572 405 394 960 890 343 525 864 766 293 577 916 166 293 512 906 790 625 208 949 588 743 793 762 373 900 973 928 983 172 273 581 67 163 124 315 349 714 532 233 800 925 52 539 592 604 68 215 684 712 525 106 434 483 65 529 460 935 7 460 104 50 185 191 473 265 626 775 847 937 110 602 468 201 418 839 882 778 888 374 362 549 282 225 395 314 531 628 390 728 945 820 547 972 128 291 334 988 504 731 509 602 170 774 890 134 469 935 728 447 821 881 392 333 396 616 389 584 308 121 899 525 270 771 62 341 446 257 911 606 557 343 533 608 929 676 235 43 221 555 803 213 557 533 941 129 720 651 731 526 351 531 752 455 424 567 352 556 57 585 470 626 827 425 415 413 652 598 709 864 59 561 116 849 955 771 307 652 690 365 478 772 801
263
303 367 158 954 427 841 989 953 451 50 793 619 394 630 160 561 65 498 555 48 677 376 877 537 219 445 761 136 496 11 713 989 546 590 618 436 708 213 500 665 882 666 142 76 29 245 488 680 581 599 229 422 227 657 354 285 444 179 416 842 887 732 138 125 429 188 173 67 634 113 835 316 117 907 112 52 493 616 819 815 864 189 945 854 759 805 140 385 383 230 10 491 432 954 61 262 971 463 771 643 890 703 758 199 951 546 120 354 170 853 957 702 112 657 665 158 407 561 598 168 673 410 46 262 204 442 744 236 152 947 413 684 395 621 793 946 654 923 752 257 683 55 219 543 717 71 350 574 807 778 37 649 34 551 493 391 659 78 957 75 838 132 443 824 487 688 80 382 453 153 470 509 846 357 612 565 564 106 29 328 999 902 424 226 568 723 753 842 893 745 36 399 234 948 165 641 860 967 573 362 879 207 848 595 162 984 968 976 783 221 261 282 816 198 519 138 640 23 269 78 242 405 332 992 697 969 546 658 914 564 678 888 856 919 660 849 870 276 721 637 442 302 937 538 312 83 812 802 138 344 570 959 759 300 462 303 657 485 783 135 149 278 436
382
925 956 708 511 374 736 736 958 540 111 969 256 500 331 742 309 597 941 551 825 783 203 180 342 110 224 626 74 789 623 595 586 906 356 396 345 351 95 911 793 653 385 950 127 886 78 237 599 556 207 78 650 402 957 163 87 155 297 927 256 906 308 757 606 781 256 291 429 852 157 75 438 258 100 353 799 680 937 729 507 406 496 146 814 757 652 155 293 961 305 552 318 789 911 566 324 105 749 119 622 920 995 385 304 848 687 264 559 702 757 614 123 352 904 995 108 527 640 376 748 900 304 522 495 926 512 236 52 637 759 201 34 943 790 271 226 474 803 10 516 311 928 506 678 397 820 342 300 66 158 657 147 304 201 777 81 661 458 273 196 932 294 120 525 454 150 287 377 59 661 620 156 587 802 781 862 473 252 197 917 560 893 94 153 428 288 820 937 887 224 208 236 864 449 738 521 367 172 344 926 253 891 978 557 598 578 784 871 654 256 314 673 91 407 329 423 144 530 735 439 175 385 534 858 270 578 36 322 808 231 851 460 83 823 150 529 46 776 496 865 139 647 299 83 129 192 425 43 868 324 12 655 173 107 620 860 650 274 737 206 214 294 674 472 811 743 108 574 754 437 369 137 740 684 204 110 458 213 315 72 45 426 466 826 409 265 90 479 914 748 865 887 155 162 11 580 310 378 896 982 625 463 797 80 273 316 914 150 444 515 669 848 617 430 901 443 943 426 143 650 140 560 995 473 424 751 537 466 190 767 772 659 881 986 486 974 823 536 5 827 86 82 320 956 603 497 493 99 929 236 308 499 829 621 490 667 621 583 920 190 470 517 751 702 748 760 297 128 209 996 51 726 506 461 5 689 785 981 183 354 213 594
901
726 247 475 315 339 138 403 116 348 136 100 148 512 496 739 683 603 649 161 208 78 132 842 500 822 492 97 597 347 357 949 389 4 796 148 17 136 751 669 169 87 398 868 609 734 29 995 174 963 38 428 641 566 769 157 554 347 285 526 850 513 285 709 810 352 63 412 472 773 792 53 705 230 106 397 388 914 751 69 259 621 409 232 895 75 230 633 634 416 953 179 831 945 679 174 829 4 277 472 688 420 929 4 894 885 298 395 770 995 668 946 812 958 617 189 163 592 306 618 240 166 718 55 896 691 738 723 762 942 459 33 979 790 462 617 837 46 174 549 648 706 958 229 283 639 3 278 883 314 237 996 526 116 390 119 601 381 664 577 599 403 19 130 337 44 642 226 457 289 938 291 678 405 589 572 96 688 649 121 228 192 708 673 488 894 759 879 607 977 165 160 89 627 429 29 682 442 242 979 753 88 587 690 918 997 277 945 688 254 593 36 509 115 722 108 423 675 772 733 595 467 423 413 520 993 293 49 965 365 364 816 115 626 162 741 994 897 374 58 862 876 738 957 720 118 277 674 522 552 482 762 894 318 275 340 784 810 667 487 730 981 610 362 82 375 80 668 45 314 969 625 810 442 947 196 713 256 440 661 810 146 605 691 346 92 117 985 585 79 756 346 525 698 722 209 913 426 724 165 423 397 547 495 824 415 616 293 664 234 659 546 208 895 197 992 8 917 384 209 525 566 777 76 158 249 748 829 356 502 210 80 80 238 661 99 723 874 928 570 514 404 849 707 827 541 589 266 440 527 356 55 251 82 549 191 939 885 683 262 795 381 377 848 991 140 497 625 475 824 231 238 703 414 406 902 820 432 817 5 886 747 204 426 732 293 434 289 708 85 720 778 994 236 158 413 722 558 943 280 400 125 796 85 511 816 433 71 918 579 464 963 150 24 232 970 92 621 558 578 668 576 188 65 885 792 190 186 501 813 124 790 487 42 624 892 470 259 527 487 558 465 484 123 836 208 750 693 639 44 160 543 557 320 391 387 896 52 436 71 486 131 715 158 74 345 834 268 172 47 70 738 336 902 110 536 712 665 876 937 389 515 792 633 588 63 476 751 618 640 608 61 538 289 172 901 111 826 425 745 207 301 239 919 875 698 181 911 859 717 195 737 16 900 909 366 122 774 203 346 596 539 51 417 584 699 492 867 123 529 970 851 401 709 172 756 256 128 579 877 446 938 77 85 626 833 863 584 954 926 344 44 997 144 432 586 514 275 812 124 323 659 131 795 219 843 629 435 763 645 593 218 231 26 187 333 232 380 817 795 277 943 681 572 762 874 168 170 352 566 348 46 747 549 38 46 352 405 201 372 651 953 594 275 105 941 187 245 340 130 28 407 627 15 22 894 713 702 287 706 163 47 736 324 83 476 986 744 958 76 689 73 770 753 589 361 885 284 271 921 168 11 620 882 495 232 41 391 43 432 516 252 742 792 731 229 134 92 5 944 646 407 211 681 21 581 374 506 531 565 104 90 816 518 401 828 595 365 212 551 947 200 387 210 3 39 842 404 194 33 548 884 689 411 741 318 524 435 669 435 573 528 381 679 264 835 484 180 792 595 7 780 452 451 97 664 214 522 679 581 14 187 965 109 28 805 802 151 904 765 394 796 178 968 980 424 804 850 334 132 158 771 395 782 441 59 598 146 276 965 277 375 522 64 548 395 453 448 610 212 55 307 730 319 436 267 420 679 322 105 691 535 282 949 249 427 308 839 524 52 203 952 973 853 666 807 733 983 50 515 645 770 117 836 972 328 60 314 416 908 516 772 675 384 584 714 205 133 802 564 347 472 657 776 768 577 322 318 461 754 910 481 315 139 502 775 159 893 18 697 317 498 420 874 827 729 30 115 427 729 223 536 443 450 102 94 808 342 924 437 163 613 878 583 441 902 795 646 741 884 473 477 371 902 978 541 885 897 483 649 421 920 721 76 156 543 463 845 659 868 857 182 827 702 947 688 953 141 958 523 461 164 24 59 531 386 977 635 973 60 471 327
414
994 134 166 831 630 600 10 484 612 845 272 621 916 194 722 619 163 244 155 161 400 600 236 29 719 500 783 346 692 187 93 399 915 691 635 402 13 586 246 309 811 896 616 317 364 730 964 523 895 816 654 715 936 156 744 390 322 159 358 661 712 164 978 148 579 880 282 32 611 98 379 998 305 998 889 842 101 971 753 398 687 569 392 648 35 671 855 734 434 105 941 492 904 263 736 181 935 411 820 422 748 84 245 544 275 112 64 885 533 492 41 587 600 428 667 190 775 360 546 893 988 292 314 139 119 829 756 624 478 453 592 792 70 771 31 561 237 250 174 783 821 584 337 985 882 798 432 52 112 841 458 256 186 532 167 436 672 120 809 76 715 930 573 471 901 823 639 747 155 61 261 987 677 451 322 90 450 661 159 333 541 37 715 214 98 360 714 871 337 881 795 235 263 268 374 631 204 914 374 211 773 500 13 822 410 609 822 114 31 842 162 304 2 215 254 719 528 144 17 476 401 449 105 382 39 588 116 81 671 577 730 666 802 731 986 529 908 29 30 620 42 839 924 595 587 349 250 874 255 571 948 393 78 240 186 315 829 157 689 571 664 671 59 698 331 880 519 735 417 932 535 885 431 875 983 239 520 617 512 147 256 939 145 148 576 748 613 551 726 946 329 694 798 662 994 956 31 185 878 74 674 310 773 835 172 347 915 292 47 252 791 580 756 586 595 144 662 882 964 987 255 812 681 965 863 443 609 544 185 9 291 970 298 409 685 263 293 868 34 122 486 385 803 682 786 483 534 179 582 224 870 405 35 925 953 429 341 721 378 466 7 216 627 777 200 297 489 655 666 808 470 718 576 622 839 541 536 356 471 671 210 162 225 879 426 239 359 515 799 485 683 783 831 98 891 803 237 496 626 515 98 708 561 770 683 234 297 176 414 84 228 728 571 840
634
381 313 820 326 295 784 454 719 636 90 254 445 886 510 351 864 580 323 295 169 709 5 928 325 523 742 46 384 151 653 820 759 482 459 519 142 802 331 824 37 131 29 85 441 290 647 342 339 478 646 379 879 315 543 194 316 187 350 521 490 934 257 829 913 229 287 753 480 68 66 100 768 895 290 273 178 181 920 456 373 855 169 594 207 923 433 602 54 272 104 829 606 954 849 477 133 949 836 16 486 381 27 748 164 94 464 514 685 930 278 577 703 641 268 135 960 199 174 682 345 89 161 66 366 393 707 93 843 495 921 8 7 360 51 41 619 465 700 882 458 975 770 974 722 634 354 492 427 18 926 224 265 186 103 599 508 397 474 840 702 843 156 386 397 753 326 822 854 129 399 749 642 345 502 144 384 658 781 856 375 852 890 970 766 285 457 975 460 235 565 620 137 639 97 47 49 920 497 26 855 268 273 314 334 490 780 753 595 884 197 998 209 822 897 346 888 93 913 893 152 26 216 737 657 489 458 275 188 901 247 571 219 769 533 827 802 200 270 429 593 687 405 148 737 501 771 179 492 736 66 46 784 324 734 469 220 478 419 637 651 94 67 958 147 884 77 263 308 25 603 727 796 230 89 580 893 724 227 180 39 681 256 194 923 579 397 471 479 637 409 114 770 229 385 373 128 237 872 469 358 672 583 112 885 586 168 717 687 160 68 991 394 954 105 209 277 794 106 551 700 446 714 830 81 101 546 962 441 548 454 919 206 324 944 965 195 720 675 803 525 206 578 491 840 901 343 685 190 278 158 750 405 789 422 535 260 149 612 953 627 404 439 371 577 209 147 709 232 388 841 216 149 403 245 35 281 707 142 454 437 984 697 477 691 762 971 383 794 386 686 152 55 457 350 480 542 182 568 267 317 781 569 93 763 567 636 744 299 981 859 601 358 12 376 126 283 171 91 846 224 266 710 866 878 879 420 819 528 176 837 887 115 927 446 684 168 912 564 153 995 943 379 758 225 269 46 993 266 240 201 756 154 159 961 840 145 771 367 962 499 616 574 971 927 621 71 171 905 611 938 122 537 354 128 227 676 955 828 181 899 61 625 835 347 309 21 525 74 215 547 18 13 565 701 737 416 433 536 290 477 782 881 377 501 86 563 251 619 436 375 754 588 162 660 680 505 932 491 59 153 217 288 975 108 10 729 303 31 936 974 895 152 283 278 345 978 783 155 965 853 220 310 823 931 800 798 500 60 146 991 201 76 938 966 865 236 970 618 259 485 203 970 603 11 176 747 384 828 800 315 132 947 532 10 846 306 836 218 490 186 126 373 4 108 490 274 375 823 69 157 187 80 775 683 303 144 299 404 79 678 551 568 343 980 553 311 208 419 209 705 700 111 446 801 218 516 451 818 798 13 847 178 739 519 369 215 972 352 345 715 165 260 190 584
375
2 733 754 641 591 699 176 572 676 906 312 470 626 920 603 574 990 269 395 69 892 642 18 409 831 897 826 795 183 673 241 433 303 357 345 644 390 135 814 578 36 450 999 684 328 714 534 815 303 903 779 951 680 404 158 686 548 288 80 448 6 919 317 354 506 649 38 347 373 483 478 965 305 535 573 226 27 306 444 742 684 731 933 885 558 650 617 420 394 822 755 954 40 958 742 937 16 186 35 475 956 221 593 33 334 733 249 176 589 773 605 386 434 17 798 387 391 907 546 793 482 781 111 670 159 483 815 819 804 618 743 408 591 710 994 28 469 739 914 997 88 352 442 459 173 951 582 150 162 346 100 130 292 859 114 611 883 917 138 671 152 896 435 89 536 927 459 453 791 845 495 527 302 898 986 579 686 414 535 625 617 375 907 150 858 527 747 398 210 789 557 102 894 434 64 977 954 991 755 156 660 107 886 429 468 708 90 36 354 905 642 844 662 33 574 769 284 711 89 836 457 86 478 986 363 153 26 185 640 390 699 700 777 922 441 620 326 136 897 122 393 692 59 253 233 256 495 286 720 683 92 56 87 208 603 60 872 847 986 587 565 46 553 939 959 450 987 49 961 190 358 722 828 523 398 423 363 814 808 833 552 405 41 596 605 21 906 511 328 279 802 249 466 431 203 641 726 570 706 105 64 255 693 214 658 799 465 880 444 46 94 507 59 246 140 250 970 68 260 220 188 749 95 909 610 564 93 783 782 645 228 676 605 878 948 867 519 239 385 95 155 218 740 250 835 713 432 240 258 897 211 520 841 90 726 364 619 570 608 248 918 757 224 208 275 434 369 801 109 921 296 527 371 270 216
347
56 377 143 980 284 114 860 654 279 60 477 669 173 732 842 71 502 19 434 829 338 52 886 360 277 575 590 738 973 138 994 782 250 781 155 270 386 683 619 957 332 468 834 648 439 630 811 356 349 334 135 485 415 901 425 925 816 879 170 14 650 999 127 289 716 859 742 709 401 729 527 328 623 554 556 322 646 232 229 438 427 64 272 264 937 479 147 223 140 602 785 98 727 908 803 851 48 333 644 590 590 523 243 228 686 310 973 600 572 445 728 823 513 99 125 243 440 117 697 84 339 464 476 583 958 17 11 484 740 303 511 443 887 677 123 678 932 961 88 269 291 325 17 423 624 997 82 361 241 53 807 116 891 815 439 263 910 808 601 130 963 937 692 854 315 726 373 346 225 16 409 484 381 13 685 241 477 802 719 580 927 660 146 297 995 115 456 399 272 369 969 183 961 292 104 979 654 888 638 405 396 242 165 145 663 212 14 475 173 379 467 675 944 659 974 319 255 61 298 207 209 448 662 416 571 321 18 619 229 984 168 912 794 396 811 417 499 267 870 465 849 787 443 393 965 295 910 100 610 464 265 1000 974 471 564 841 550 956 151 557 232 27 286 446 358 805 785 925 456 839 49 602 710 286 944 247 131 728 953 361 208 10 363 579 932 434 986 638 664 329 976 594 478 827 843 835 948 895 91 842 5 636 64 445 732 993 560 672 748 813 618 47 148 615 709 429 731 756 611 394 213 331 771 808 717 33 472 977 325 634 72 61 647 145 779 216 585 685 895 807 231 780 33 822 624 784 872
604
832 403 203 908 563 167 635 800 396 663 284 531 439 559 861 639 555 235 96 829 538 924 860 3 186 615 917 336 609 830 639 621 983 244 178 375 753 961 172 995 383 445 9 16 122 824 888 276 669 880 444 55 686 566 15 851 861 392 592 268 810 501 506 265 52 117 875 332 194 325 807 965 614 220 823 982 414 693 279 581 349 280 844 776 658 909 103 444 678 50 699 485 27 318 224 723 718 988 249 785 19 631 397 796 290 879 428 976 259 758 225 963 240 966 8 201 499 897 42 54 7 459 462 285 505 278 828 574 832 618 696 825 924 856 852 530 741 664 115 428 746 321 38 787 478 489 7 700 804 914 646 103 675 764 278 551 440 428 968 487 838 322 906 923 669 879 233 847 22 602 182 709 79 389 515 838 158 548 479 35 539 494 9 403 839 410 998 990 835 511 104 338 242 808 372 340 527 137 936 831 214 741 57 395 464 286 402 508 879 835 411 204 127 859 100 641 642 270 575 518 81 371 361 670 362 203 482 765 801 501 74 179 949 53 884 360 695 298 12 727 680 500 966 922 276 970 561 364 861 74 984 825 264 225 104 59 771 346 630 915 671 792 966 136 276 769 343 383 565 940 33 85 986 403 347 3 356 979 75 600 417 246 282 357 392 220 50 100 660 162 189 950 382 287 217 570 865 73 719 396 589 913 300 570 713 463 234 670 115 22 886 608 705 269 169 702 289 821 336 691 681 13 924 262 939 845 1000 472 990 836 312 924 176 443 917 662 264 203 128 446 558 767 991 141 919 395 7 907 176 396 231 759 287 220 14 174 751 409 371 817 276 397 443 634 975 364 160 972 818 295 948 463 539 808 313 664 458 818 25 940 563 33 934 345 980 624 669 650 820 794 333 757 798 741 763 297 173 484 979 981 716 396 708 287 987 526 775 814 632 22 690 876 591 185 185 616 162 395 97 489 771 970 22 540 474 928 713 188 942 249 307 204 180 691 309 115 462 171 424 268 799 493 532 194 207 778 785 98 648 67 757 373 657 826 508 479 425 967 177 427 964 831 602 506 449 781 791 661 184 224 899 110 195 149 868 382 290 803 761 708 323 866 619 638 813 842 964 207 827 130 148 45 389 536 315 73 243 304 293 139 489 939 537 726 591 871 623 976 144 804 881 399 673 537 729 406 889 351 338 976 860 798 41 678 997 53 494 477 684 650 100 304 160 646 489 289 450 812 280 739 936 628 186 835 537 815 337 355 82 460 833 39 581 25 327 749 447 405 664 825 875 566 723 503 283 309 855 339 133 287 423 392 821 372 674 568 534 192 310 561 501 181 818 556 193 891 83 795 130 332 382 104 61 363 959 508 96 198 91 430 759 648 337 425
564
562 649 122 104 507 241 655 187 423 192 252 176 234 90 563 86 973 258 903 597 388 605 288 251 492 951 890 820 335 545 91 87 654 542 946 555 101 493 303 206 944 883 28 961 929 432 274 255 312 467 914 297 166 595 18 831 384 533 206 211 988 712 721 787 357 695 551 472 565 660 622 540 915 945 857 85 185 932 459 498 404 659 639 104 546 102 981 983 374 162 497 407 933 507 250 409 626 798 958 9 732 817 809 202 651 49 306 652 271 773 957 300 126 733 896 934 932 613 460 488 71 797 64 749 535 899 818 304 343 840 662 477 124 512 47 134 759 659 544 363 6 798 888 602 288 616 473 243 750 439 616 518 234 401 858 139 665 587 478 1 287 391 855 620 770 982 748 51 765 612 670 232 157 842 602 353 827 302 393 373 665 561 983 180 672 816 98 675 636 272 292 962 460 601 691 764 153 795 627 352 74 559 41 335 672 674 486 922 924 450 864 300 183 221 758 231 366 72 255 904 553 181 10 727 299 706 240 252 53 918 615 207 78 262 83 314 962 300 770 575 181 88 779 234 172 398 379 157 848 810 476 884 605 967 566 324 558 472 347 805 737 386 699 747 242 160 600 798 386 872 675 873 656 743 39 887 857 322 442 364 21 906 588 9 546 134 194 749 908 496 899 86 167 145 84 951 819 855 686 963 667 430 207 483 756 282 211 341 449 473 509 754 773 307 660 225 364 381 988 902 154 768 99 432 180 592 936 551 911 60 399 987 772 111 282 853 879 864 922 88 178 211 560 547 771 353 851 893 727 827 18 676 422 117 362 93 508 462 607 442 767 1000 584 682 292 351 484 860 888 4 6 860 292 716 642 591 84 483 968 966 281 627 252 291 65 237 686 861 145 342 775 375 351 611 933 748 99 193 442 233 39 49 979 498 739 918 358 293 444 866 879 288 591 664 901 555 233 766 815 488 872 327 550 110 126 310 614 748 779 346 120 359 25 250 61 50 333 916 192 442 335 267 908 704 462 381 847 552 667 801 673 22 131 849 493 663 47 328 522 484 759 492 365 133 630 523 471 588 591 31 712 97 84 718 485 135 928 43 712 333 573 963 881 297 266 332 858 677 612 316 618 745 405 962 703 185 259 210 380 348 300 142 668 963 362 113 151 915 111 549 127 465 683 390 567 566 751 996 354 423 151 314 451 479 212 968 353 628 401 415 854 153 312 430 47 660 315 945 17 679 781 197 512 802 879 424 524 341 71 452 78 452 682 833 869 999 896 833 899 82 885 712 844 772
268
110 911 178 281 309 320 810 587 637 231 599 470 725 978 195 896 468 955 607 193 385 571 338 765 830 524 62 596 902 26 522 574 570 717 56 719 15 282 394 353 296 564 42 517 207 435 845 813 908 339 893 230 500 334 734 479 818 803 870 72 904 388 197 320 341 339 38 473 604 210 764 541 571 373 864 4 555 41 558 491 290 566 935 382 955 536 873 177 245 641 631 64 335 386 694 89 718 818 319 561 738 797 941 683 112 16 623 233 202 101 786 882 521 198 216 107 594 86 814 942 38 312 434 365 180 540 858 880 351 907 581 795 697 59 729 668 657 119 806 405 425 472 423 64 783 755 8 507 709 780 358 420 452 923 144 797 974 788 329 853 28 31 611 583 676 701 786 489 630 26 254 178 98 32 448 111 383 25 89 920 412 780 672 799 500 353 181 178 208 711 916 790 94 236 596 698 820 719 499 405 78 876 310 932 618 756 473 70 166 996 755 446 932 228 423 104 84 934 573 16 506 461 502 6 234 94 470 185 234 459 69 948 291 328 236 629 305 869 452 188 420 337 207 372 324 182 84 573 95 535 843 868 210 6 899 694 842 894 1 406 943 436 861 426 563 708 939 57
233
484 23 241 888 865 604 416 554 281 226 734 984 732 140 958 943 105 929 619 122 390 458 374 431 51 871 275 851 309 891 599 128 308 755 506 300 735 361 97 239 126 934 210 621 672 117 143 399 326 333 238 421 257 580 777 115 584 522 376 663 281 308 711 180 41 486 5 383 501 756 288 863 435 898 266 203 908 383 537 401 422 855 2 798 751 138 554 868 941 221 913 364 292 708 960 929 206 677 123 68 139 863 307 25 570 552 974 502 31 55 496 74 838 855 404 55 646 203 991 780 550 757 452 559 29 563 829 972 149 386 875 152 614 742 771 172 473 138 297 87 770 241 399 590 270 837 187 527 387 578 158 26 122 936 184 957 952 787 334 668 528 335 593 306 883 112 755 897 56 260 520 372 360 215 343 940 212 526 946 109 246 48 86 42 966 373 357 68 855 97 176 322 719 515 141 927 5 352 517 583 568 351 939 946 121 931 668 821 673 614 451 755 977 454 461 824 655 731 657 602 677 693 45 845 859 102 706 571 968 135 885 521 358
985
915 464 7 256 189 878 811 934 345 719 55 674 972 874 802 680 429 239 892 52 977 273 965 486 646 531 295 228 432 847 735 856 508 706 303 986 84 702 719 840 752 631 366 176 84 19 174 669 45 490 216 510 697 478 807 892 741 413 448 329 80 566 177 645 125 485 291 864 937 113 882 141 832 129 851 699 623 262 187 819 997 97 911 346 91 699 366 699 708 150 395 317 940 4 961 80 267 399 46 812 277 390 580 542 578 285 973 93 522 674 488 364 830 607 649 771 403 770 475 911 339 191 649 923 627 818 892 94 840 465 508 970 281 540 499 70 582 919 22 110 549 807 459 224 901 551 916 329 212 206 58 896 96 771 897 294 559 986 3 208 541 974 672 45 643 631 1000 598 718 658 329 786 889 659 252 689 121 860 470 802 897 533 959 384 395 795 489 134 535 781 370 598 208 554 946 174 165 364 666 70 664 493 878 110 171 912 935 655 358 943 807 535 258 366 502 69 701 844 933 791 205 376 288 174 607 114 869 230 34 865 132 228 382 501 413 859 323 887 470 767 654 465 681 734 417 225 397 342 579 230 904 828 493 43 456 297 577 285 722 23 709 144 914 303 224 404 25 511 110 720 188 223 747 420 548 279 382 960 89 965 703 909 427 479 632 941 74 686 617 168 372 104 924 269 58 987 826 216 459 455 678 731 958 555 127 10 752 176 63 39 85 139 425 527 368 593 548 365 452 386 95 631 245 895 871 893 583 588 965 695 685 651 355 714 469 270 40 74 632 28 635 320 748 329 453 893 889 877 97 112 814 190 215 309 783 372 137 85 920 271 436 431 839 418 739 408 233 579 380 684 985 807 961 859 685 818 873 844 347 987 621 208 395 196 735 534 409 5 274 99 648 197 810 78 667 568 169 778 900 807 966 532 42 133 885 440 101 108 503 298 956 746 629 142 719 311 165 347 155 484 952 478 300 87 1 878 946 297 140 336 302 141 145 202 957 945 334 273 946 24 29 847 514 12 543 944 349 469 550 407 885 89 955 719 479 472 556 434 378 512 898 875 378 55 460 19 701 278 1 370 330 156 805 3 552 432 81 243 441 988 118 724 514 264 665 933 363 604 986 155 16 996 154 514 60 398 758 21 814 806 704 958 193 990 400 355 403 750 468 302 257 989 1000 347 20 674 334 514 475 346 790 333 124 672 335 117 28 366 948 744 646 425 889 734 704 473 220 864 566 980 272 235 444 791 425 553 421 154 268 272 680 200 850 383 455 279 608 383 153 696 460 696 73 388 972 418 223 306 399 499 472 408 547 840 433 173 452 736 742 763 190 234 432 807 372 512 383 466 872 47 958 456 88 804 347 685 377 327 238 765 828 553 269 205 915 737 970 706 143 511 7 284 154 10 154 292 230 594 493 472 49 894 249 489 246 46 356 428 231 653 84 674 954 216 292 724 393 731 305 454 604 89 474 881 360 828 788 848 723 22 956 882 680 266 227 985 319 834 978 370 910 686 396 871 250 589 783 247 218 263 687 430 135 55 272 648 538 731 480 122 484 59 4 324 66 916 695 890 166 874 748 210 479 250 472 270 415 2 334 794 39 34 133 686 710 326 157 410 689 283 126 563 572 766 845 917 336 715 392 661 7 556 678 689 619 249 135 497 434 368 201 352 855 229 993 432 934 421 87 501 981 535 974 181 154 239 703 91 379 178 586 474 10 671 655 744 123 506 304 828 356 855 627 206 120 143 473 572 980 293 519 491 638 200 702 956 153 406 15 570 419 189 412 364 784 864 646 904 800 865 187 133 734 722 501 145 127 353 340 409 368 147 306 604 272 265 960 890 599 736 320 407 898 13 32 173 247 621 214 46 331 302 576 660 993 252 100 123 936 483 291 399 606 893 50 595 485 45 889 28 755 436 188 6 753 37 33 777 998 125 247 470 389 229 777 233 687 1000 631 477 29 918 962 858 909 551 390 105 957 44 341 967 437 758 304 271 193 494 330 219 77 948 251 494 268 726 548 611 464 927 438 680 885 344 367 645 264 106 525 940 707 599 928 413 565 638 265 399 563 653 636 749 977 131 817 496 151 673 308 830 402 446 234 967 451 63 608 67 93 158 586 607 806 984 487 144 496 175 255 40 711 900 603 12 965 925 470 975 796 18 423 115 909 800 798 456 188 821 396 58 92 909 98 868 541 590 296 323 104 963 160 857 549 962 167 178 497 245 83 83 221 544 201 295 223
272
529 817 613 745 507 212 221 379 690 990 615 752 336 252 725 32 5 952 887 830 859 279 679 946 437 261 175 995 949 389 163 765 690 27 52 700 284 115 132 470 977 87 424 510 358 52 773 67 952 633 374 331 380 158 885 130 185 433 66 905 631 645 308 993 45 101 436 617 926 305 741 176 993 659 747 462 348 83 656 539 633 77 610 268 782 388 895 441 456 691 127 600 726 831 808 600 357 994 228 993 554 509 41 934 609 662 25 383 977 900 794 932 621 824 524 273 147 208 581 673 161 732 74 660 474 294 764 978 173 459 480 15 94 57 871 198 83 350 56 603 403 606 442 374 746 154 37 117 589 217 41 323 939 447 377 134 150 385 779 413 187 969 545 577 355 351 772 131 577 332 577 480 144 450 180 394 581 79 598 578 963 64 448 234 501 686 772 451 165 459 979 273 979 974 322 493 400 953 710 116 41 607 914 753 242 310 400 374 969 253 212 696 360 603 478 149 646 28 914 829 741 599 853 187 294 101 262 939 791 148 956 350 311 704 145 675 157 235 124 557 35 620 309 474 749 114 815 276 190 110 963 339 118 362 86 225 557 818 457 57 666 594 556 848 991 983 715 226 254 237 369 464
517
847 183 533 503 371 538 1 844 502 731 35 915 564 623 667 189 849 226 790 811 650 464 493 659 47 180 4 593 338 808 679 223 666 441 222 119 90 843 438 730 311 581 203 303 778 289 518 43 614 97 16 945 114 896 960 954 705 253 804 604 204 336 828 54 306 776 644 709 310 324 851 766 1 668 866 276 385 589 730 572 15 984 304 871 856 768 886 407 383 763 414 53 72 195 825 793 662 303 111 107 48 849 305 983 575 690 923 259 649 141 234 211 86 717 192 589 677 412 523 680 13 671 416 515 986 512 149 346 951 905 83 334 333 771 522 764 878 303 102 76 638 753 382 320 24 937 540 589 214 789 219 95 765 408 875 986 319 60 717 473 74 855 227 86 527 414 848 306 167 741 361 228 115 80 341 996 544 944 643 885 632 637 137 312 563 16 419 949 480 55 712 330 50 770 761 223 112 436 878 458 870 174 487 114 363 252 990 682 223 578 153 167 14 214 599 203 215 821 767 206 150 95 87 646 361 809 36 245 534 133 584 455 808 326 669 231 478 961 461 975 641 511 350 628 386 826 528 690 31 602 448 590 341 916 924 418 101 289 728 418 463 2 713 599 491 461 627 19 868 120 51 398 248 122 775 45 863 394 661 273 350 36 708 989 130 66 6 944 899 704 516 447 301 367 448 479 428 333 596 145 799 146 156 222 271 763 2 155 393 797 133 693 721 687 27 671 470 600 843 414 559 568 95 5 315 130 288 224 945 215 196 260 73 102 470 939 752 994 172 239 589 150 350 381 634 122 650 610 158 172 307 325 386 430 686 538 265 555 90 607 278 250 549 137 414 522 124 99 949 547 917 942 225 508 356 669 616 526 481 142 38 347 376 750 936 885 445 550 988 325 263 195 316 724 65 617 228 530 713 871 111 189 287 221 596 245 923 641 983 770 418 664 272 404 385 412 915 162 42 19 205 248 825 821 239 256 661 441 945 918 15 759 672 711 409 981 21 195 239 290 346 270 906 95 450 522 668 20 666 506 7 603 860 752 415 494 581 233 610 696 305 382 857 150 890 996 4 731 901 456 637 727 129 263 508 373 723 270 709 692 827 183 243 39 628 751 927 960 740 517 381 715 373 384 981 61 198 851 976 925 656 508 985 418 345 702 115 179 609 820 602 341 584 520 987 294 943
814
703 619 342 882 728 545 622 676 563 767 202 5 902 37 458 406 489 511 324 681 185 91 675 722 732 106 554 147 91 529 696 527 101 254 36 679 858 863 968 747 628 108 232 432 54 555 623 771 109 374 28 143 370 424 436 754 856 899 707 525 639 993 947 121 546 35 363 497 775 154 972 670 881 578 199 42 349 291 312 738 404 500 262 429 246 379 1000 978 212 370 41 631 89 444 187 739 25 398 554 429 204 261 927 458 659 458 606 757 932 750 741 567 767 663 349 585 748 734 227 849 334 323 334 255 718 82 77 558 435 287 99 453 537 703 579 262 911 190 53 665 661 847 380 856 852 630 506 847 171 678 488 941 337 842 563 101 415 822 596 60 412 178 814 6 242 53 710 66 752 683 580 156 779 517 372 342 424 19 562 564 127 273 491 406 190 503 690 860 545 281 257 575 570 414 974 300 449 700 436 826 791 14 325 422 218 235 686 166 205 809 526 498 279 710 300 820 923 629 996 583 677 382 825 463 863 42 833 884 543 502 405 178 422 902 409 222 411 295 529 679 312 16 85 662 185 798 18 8 477 188 400 114 703 708 807 374 749 761 31 699 36 271 527 967 312 509 159 371 298 869 465 887 100 835 17 851 698 354 658 746 538 814 755 829 144 683 322 567 274 746 704 414 44 946 881 3 405 872 897 103 49 893 923 804 245 990 223 674 968 643 740 523 36 236 102 677 573 327 200 301 949 817 224 551 377 893 534 702 964 99 448 759 62 465 732 891 732 194 885 852 404 352 574 676 122 581 604 129 842 240 635 603 394 315 160 274 680 347 451 552 354 435 492 725 793 156 535 223 718 91 635 335 584 79 152 244 390 420 203 448 597 787 916 640 282 634 236 126 283 132 182 978 910 662 283 892 651 859 342 748 821 46 558 308 614 919 674 817 875 818 615 920 429 553 255 153 692 816 52 254 947 363 835 236 159 557 180 333 821 541 483 785 785 743 431 566 923 726 667 747 565 64 686 99 244 920 161 31 562 780 262 989 574 236 569 277 462 585 280 824 39 705 112 435 851 182 985 449 495 980 463 273 300 559 685 495 671 291 143 447 595 589 429 110 400 588 393 118 144 521 351 81 417 698 367 570 636 716 829 778 436 427 517 3 876 946 645 853 848 467 725 407 293 116 458 888 417 485 56 932 416 477 802 91 259 291 986 899 67 988 605 60 252 269 876 737 341 860 995 349 881 807 722 493 595 723 784 661 505 334 374 458 959 187 450 989 671 210 203 467 357 996 617 352 471 617 524 938 951 674 690 220 881 127 481 800 972 976 348 127 523 639 744 725 786 593 177 928 410 215 874 192 126 572 883 894 618 520 739 629 140 887 340 462 525 389 999 886 949 776 185 259 691 920 812 775 426 535 285 855 656 909 666 728 734 273 123 715 353 349 454 648 612 105 723 145 333 443 203 319 588 248 367 838 567 780 773 99 855 776 223 143 102 670 761 397 234 407 174 520 839 347 382 394 477 43 88 781 696 157 27 722 918 265 333 685 627 543 244 622 838 92 170 863 581 691 386 885 704 591 420 688 849 107 601 354 717 581 692 846 408 311 250 995 605 873 216 726 348 350 671 481 284 739 910 588 279 443 413 231 911 838 428 505 56 23 480 148 791 397 173 235 530 244 31 482 961 115 152 202 57 944 559 961 876 552 638 120 808 810 869 21 925 900 182 838 98 649 913 690 583 753 29 151 871 739 1000 54 564 743 462 816 339 168 733 659 513 685 134 516 466 375 45 668 674 246 553 341 165 298 497 86 708 650 954 924 725 886 761 19 130 891 291 233 314 411 685 921 345 476 939 718 517 762
881
341 248 331 803 964 735 915 887 700 640 519 721 159 7 354 470 793 964 64 610 598 857 494 424 689 183 118 659 633 19 500 290 385 970 978 260 413 132 161 764 443 374 772 409 363 807 296 898 882 327 554 104 226 158 473 149 24 114 358 862 397 76 750 916 732 639 894 259 689 900 665 73 352 152 376 432 980 61 566 861 766 675 931 527 378 249 121 174 805 116 760 12 109 594 635 310 408 509 839 221 320 639 730 890 647 968 326 410 801 951 536 547 814 980 465 289 936 407 484 588 309 86 321 162 842 926 109 201 810 702 305 648 970 506 234 739 853 328 395 487 105 288 546 790 933 528 354 381 321 862 171 592 16 302 784 921 486 259 247 402 970 827 315 861 235 99 253 782 211 65 65 456 261 680 785 341 576 673 314 379 216 901 567 67 785 874 931 287 84 126 243 440 20 222 436 992 65 203 101 286 225 173 8 6 687 285 822 656 971 938 417 438 31 218 344 877 411 865 654 263 786 219 477 202 441 657 77 473 839 917 387 720 560 735 418 272 194 43 450 520 205 542 297 864 300 857 546 347 867 461 904 165 627 135 496 845 602 555 941 309 175 52 464 19 383 426 893 510 8 532 186 316 287 754 196 536 366 813 152 61 974 62 745 3 890 633 733 386 225 640 133 381 705 482 465 923 249 392 906 258 249 610 582 269 584 98 560 668 388 137 593 762 330 476 867 175 817 752 451 931 367 144 446 106 668 956 52 18 765 327 447 9 313 670 207 506 695 291 880 643 126 745 90 84 895 762 658 487 456 449 276 162 39 448 839 15 79 321 783 978 849 707 988 586 107 630 299 306 828 401 542 667 862 173 682 14 205 816 166 56 70 678 72 262 423 899 490 576 961 858 841 415 991 249 632 640 475 37 243 636 978 162 581 302 34 974 918 25 351 996 570 860 281 170 204 538 630 510 440 17 95 6 988 259 592 852 289 821 161 492 37 187 675 730 977 767 25 755 681 61 1 480 734 804 632 636 867 590 237 504 12 641 336 192 250 282 557 420 177 35 736 404 31 861 403 99 841 57 199 217 884 662 62 465 78 497 41 896 145 852 545 870 428 171 338 752 629 290 554 77 630 573 540 842 17 9 730 529 834 711 901 756 406 725 952 62 320 400 195 219 795 170 458 598 235 845 819 85 901 647 542 173 43 650 320 698 347 202 645 502 656 265 559 962 861 21 420 265 742 115 53 774 88 591 240 109 521 477 248 41 328 156 368 890 260 848 618 610 504 94 283 96 498 223 186 160 128 400 497 307 904 291 383 692 880 648 687 507 739 753 130 444 442 713 855 550 458 587 142 990 930 179 926 348 782 257 734 926 833 223 387 904 332 670 973 455 52 411 746 924 607 590 990 323 442 89 74 830 178 217 268 207 833 487 353 130 318 752 303 847 431 646 941 26 907 2 303 620 904 612 389 579 625 866 117 907 888 659 677 537 470 192 754 148 546 455 910 29 790 500 417 28 833 712 882 963 317 361 311 943 787 798 321 576 234 400 270 779 194 814 887 139 775 411 654 824 693 254 504 517 301 171 706 822 690 379 264 408 65 546 155 541 683 786 723 163 756 20 61 617 739 695 528 312 783 300 238 206 567 663 602 298 425 269 538 994 310 454 363 972 401 539 629 70 966 708 712 53 921 373 461 659 590 18 693 260 430 369 7 1000 921 853 983 664 940 26 320 888 675 455 939 862 666 897 217 205 1000 757 929 579 803 376 28 586 835 832 232 848 102 40 119 55 922 918 623 663 448 960 110 811 659 684 716 391 432 882 523 200 406 571 239 728 581 6 809 464 929 472 533 132 147 425 105 384 147 972 730 605 423 671 250 879 949 467 222 610 338 59 198 316 83 934 722 119 305 68 713 709 381 378 462 855 937 26 698 250 406 862 419 676 570 969 928 975 293 165 270 387 947 739 708 118 106 298 725 911 764 417 106 192 408 213 79 249 960 288 75 583 832 1000 773
45
582 975 452 525 194 458 582 443 961 800 1000 366 289 588 493 587 754 396 250 637 742 185 641 883 616 921 400 523 275 739 394 947 789 87 170 655 221 153 109 316 363 195 562 284 530
757
174 713 345 472 68 530 850 609 737 565 345 25 893 361 155 722 181 749 956 892 912 977 662 314 419 977 674 913 150 9 121 394 682 778 879 613 663 308 373 428 458 511 480 644 433 693 626 283 172 799 188 637 916 877 14 586 293 569 705 598 910 726 640 216 748 837 10 7 968 95 417 397 984 299 718 241 962 408 751 143 60 364 476 490 268 20 470 449 102 583 804 657 941 516 988 278 966 471 568 92 401 169 679 244 319 396 504 227 423 243 175 463 22 304 283 304 344 940 18 957 969 706 484 502 105 325 873 305 441 670 681 409 637 339 602 939 205 671 115 410 582 431 942 125 54 143 623 610 468 569 942 415 303 222 986 72 576 528 781 977 593 635 475 151 399 848 735 326 587 437 4 967 351 117 315 112 91 520 477 12 958 731 744 521 240 152 980 632 898 936 887 149 775 863 582 692 468 218 133 925 915 756 458 500 711 816 453 716 65 221 795 720 381 570 651 766 946 273 514 742 83 141 647 26 873 571 599 490 445 447 782 996 587 537 758 438 586 981 926 443 506 801 276 980 839 791 216 19 640 482 865 771 274 304 236 615 241 509 215 482 761 745 165 860 612 949 567 480 814 904 25 2 356 562 736 452 410 795 463 814 479 344 242 95 529 536 449 836 760 382 979 318 23 468 125 155 131 117 643 331 817 178 124 555 871 343 341 377 230 460 82 713 316 679 823 869 788 612 504 261 829 99 581 284 635 395 577 975 784 677 21 728 94 309 619 761 396 918 130 524 646 119 271 998 304 45 826 100 841 40 848 911 653 245 873 954 127 746 765 210 456 169 271 792 794 569 88 207 819 439 411 3 687 944 523 221 228 275 106 560 415 248 639 168 928 752 725 763 512 841 160 691 476 169 667 545 123 748 319 653 249 967 667 715 484 520 439 787 774 385 496 206 8 519 959 866 333 381 665 160 628 642 850 399 235 756 898 755 873 77 963 368 925 736 564 663 948 134 76 838 510 684 740 737 977 281 744 867 39 115 458 894 749 735 202 747 200 26 360 521 437 624 731 39 621 593 378 91 377 54 510 840 255 241 804 677 591 36 285 139 462 16 743 594 952 976 47 627 513 979 513 506 582 25 747 425 413 470 183 690 263 977 802 565 564 843 947 887 951 41 760 31 321 977 738 74 221 819 312 880 807 226 154 895 325 774 333 797 25 384 449 945 705 764 48 891 790 524 777 253 201 151 24 118 654 303 331 117 424 296 880 634 765 491 830 959 95 187 217 663 503 568 664 357 496 482 816 116 336 605 644 419 569 538 176 686 604 598 682 585 734 877 353 758 654 960 346 263 138 121 715 418 975 730 548 385 639 354 181 287 992 156 885 381 947 197 521 65 472 934 93 79 964 652 749 57 560 549 944 511 955 60 701 932 726 207 493 664 680 844 581 983 470 31 938 835 400 901 805 831 627 279 252 593 916 324 76 176 711 597 782 896 816 245 77 862 366 339 376 285 864 961 861 752 574 481 772 2 792 461 151 404 350 142 329 212 858 711 479 841 736 495 354 728 982 417 940 685 612 559 93 560 492 532 564 794 781 227 573 21 227 124 286 353 574 14 311 738 428 893 878 68 44 609 121 508 8 660 863 474 764 293 270 771 199 676 284 225 814 558 727 512 224 344 587 9 583 28 238 420 914 383 52 681 255 988 861 9 572 809 828 16 536 660 527 583 728
112
267 90 871 855 352 939 838 885 830 947 945 939 255 388 295 545 71 126 112 191 995 503 496 576 935 943 839 337 688 554 977 360 665 914 701 327 935 61 736 798 687 916 640 260 462 283 626 20 316 994 313 678 16 786 383 740 219 621 992 564 863 44 940 748 79 101 941 283 79 236 360 617 233 170 944 230 653 720 376 645 280 414 79 128 588 2 668 800 985 381 562 742 66 429 164 809 1000 809 462 379 812 28 557 168 964 238 802 283 692 281 516 415
544
291 347 247 950 124 857 463 745 439 634 31 232 637 82 176 401 209 959 56 613 165 513 674 675 188 141 308 253 586 702 56 214 760 190 263 656 83 289 623 212 393 855 101 186 209 222 541 498 468 853 702 408 414 258 449 698 29 940 614 985 974 752 549 832 662 16 658 120 834 621 5 228 950 538 104 98 894 86 302 711 187 152 451 3 566 630 900 499 307 780 291 977 259 262 669 342 497 220 777 929 270 748 567 783 70 574 867 508 350 407 336 132 396 708 735 591 132 803 956 769 45 253 993 252 677 107 422 434 912 723 972 335 359 923 907 147 785 219 869 737 996 298 988 854 587 155 333 8 134 160 760 90 380 860 464 472 446 380 110 707 221 227 549 230 501 968 678 852 918 373 855 694 593 83 657 778 610 171 328 393 754 638 784 160 989 956 76 354 558 621 749 640 464 969 449 306 251 314 370 464 233 389 655 490 818 477 135 990 494 360 999 886 608 303 601 67 340 684 1 378 405 323 423 406 474 576 140 393 470 309 558 357 809 129 365 989 381 6 16 306 508 279 470 683 401 568 352 150 510 873 21 251 689 997 684 765 165 115 498 74 917 58 181 759 585 823 397 899 17 385 784 750 14 235 294 854 853 597 433 659 878 919 919 502 41 691 889 375 306 997 177 30 649 369 114 292 51 964 91 876 526 834 359 955 540 234 130 350 342 65 101 513 309 316 849 514 917 301 875 731 448 224 646 452 988 360 796 41 342 81 803 848 262 914 65 713 259 348 208 316 604 415 550 216 330 909 550 691 706 892 936 284 132 490 788 443 894 615 590 651 856 789 503 338 263 936 26 334 30 323 539 698 627 814 996 358 102 963 25 124 310 778 464 326 186 491 586 70 271 307 227 659 734 983 759 68 952 465 416 593 544 303 679 580 391 690 985 910 795 191 852 593 594 203 590 401 374 18 39 138 508 945 240 782 935 295 886 751 118 652 617 453 307 373 978 641 738 316 37 1000 942 617 245 486 711 680 997 467 398 432 312 740 816 460 596 690 497 710 922 328 233 310 194 353 526 659 673 63 341 449 271 716 289 103 155 64 636 930 392 470 691 477 227 461 122 310 525 621 353 459 834 500 372 755 556 830 460 227 760 348 947 711 388 183 557 277 620 444 750 602 586 441 505 352 888 89 836 844 48 659 936 188 104 736 163 978 823 843 403 988 907 467 156 483 863 107 175 434 473 867 360 436 859 443
679
810 934 859 930 379 349 65 60 207 353 242 148 740 352 752 403 395 921 789 447 271 602 424 633 803 176 498 47 585 813 919 398 404 871 183 137 816 968 660 709 800 966 445 614 714 368 43 115 232 888 532 354 122 956 509 178 761 11 268 925 20 191 123 610 367 990 83 392 145 818 677 802 742 428 526 631 228 592 546 557 951 116 931 63 466 198 454 374 250 743 148 545 87 957 51 454 572 747 148 863 531 360 389 273 133 229 979 597 97 119 745 683 295 400 377 126 245 597 799 51 736 354 997 302 927 413 822 754 279 319 698 942 687 47 913 474 760 31 586 582 886 69 90 140 994 819 534 687 419 269 934 485 559 996 342 444 980 610 19 367 103 533 219 23 977 751 53 6 91 247 934 695 790 503 341 98 46 138 250 453 702 564 736 380 194 824 828 929 727 808 617 174 873 497 163 872 936 627 720 134 642 987 245 449 814 558 194 530 634 637 996 988 990 789 36 266 684 273 638 327 183 693 670 257 76 515 738 26 576 787 609 404 883 482 457 741 789 663 118 453 601 457 955 425 20 399 554 560 358 50 980 484 234 734 711 435 16 691 638 384 242 902 392 620 515 727 753 948 242 992 574 117 14 764 392 161 647 433 376 580 138 512 411 432 71 375 265 643 714 989 623 86 226 261 122 623 383 341 74 476 308 726 34 816 317 154 566 433 147 273 162 921 92 141 683 128 453 656 971 281 150 505 720 566 755 382 188 126 170 491 528 359 867 797 351 600 868 746 756 451 320 363 831 524 726 282 260 426 807 218 311 671 662 568 87 777 521 171 628 886 170 114 223 935 556 490 700 697 569 123 327 219 383 437 215 729 334 839 197 299 705 285 787 53 826 32 164 325 521 978 637 378 167 77 770 485 667 386 826 920 542 108 91 318 434 654 203 223 560 383 565 568 651 98 600 414 810 740 330 662 824 177 305 921 940 695 900 552 16 344 697 427 825 950 900 520 837 787 206 668 40 105 808 706 77 513 848 860 747 777 545 110 928 691 322 219 204 454 238 769 506 555 907 148 585 303 39 630 621 394 43 265 31 411 786 115 814 136 489 990 56 93 451 479 661 574 780 596 214 649 25 397 439 983 874 453 269 471 147 948 452 685 234 518 702 79 232 72 524 523 192 845 956 830 640 103 899 167 99 669 710 818 133 258 944 410 288 531 10 572 936 244 38 113 209 693 690 222 950 974 250 211 242 936 590 428 395 691 726 86 554 158 440 175 376 361 165 57 313 45 939 73 218 241 889 683 176 1000 21 113 552 815 660 717 885 401 127 579 313 897 90 892 619 310 344 623 752 752 14 485 298 510 710 774 885 530 601 998 419 784 782 196 318 760 917 199 879 53 819 243 180 730 975 427 833 605 603 109 590 165 750 316 459 393 380 371 238 78 977 859 201 241 14 659 286 71 453 965 254 209 389 480 821 713 615 626 528 593 915 596 810 167 42 238 643 406 766 728 583 368 994 145 395 503 101 318 396 951 220 53 642 864 728 873 230 511 224 789 812
66
864 34 655 541 244 815 816 801 326 838 306 307 617 436 550 460 625 63 524 929 698 81 651 266 391 1 536 661 748 507 151 908 229 209 661 8 5 951 439 761 94 910 838 152 134 717 389 903 441 908 5 290 99 188 517 123 527 252 197 843 194 280 702 832 673 732
298
951 255 921 933 337 158 194 224 585 485 869 104 260 896 909 522 347 608 95 684 350 532 947 194 296 747 578 86 885 694 560 383 786 266 982 170 962 60 79 966 616 999 784 253 294 562 269 154 910 924 835 157 480 96 855 523 712 923 613 85 103 879 745 816 954 65 712 799 366 689 804 751 319 228 914 745 51 608 410 64 843 388 927 988 761 927 810 410 637 952 345 319 735 324 233 192 187 671 261 776 273 270 174 513 582 99 453 556 25 537 128 636 607 220 53 226 75 427 446 550 185 492 789 322 695 978 384 759 512 134 301 873 455 284 94 950 377 105 418 956 190 303 966 686 185 95 235 363 427 403 896 293 547 722 149 152 134 306 485 499 10 684 267 851 311 553 623 857 77 277 105 534 190 929 109 459 977 554 657 616 333 122 921 950 52 531 156 329 488 141 895 276 110 630 867 481 880 780 566 202 588 584 538 430 502 209 664 804 198 189 923 313 366 445 419 357 672 13 753 685 962 715 794 973 506 843 592 630 943 825 38 89 158 704 204 330 793 696 278 133 103 234 633 938 424 201 289 64 851 330 535 175 478 167 902 470 897 74 676 990 499 156 676 434 211 60 235 307 281 785 361 928 184 445 737 900 604 289 717 899 247 742 60 397 754 194 605 203 899 235 318 117 980 406 496 555 371 47
980
499 169 62 353 950 954 297 19 751 67 105 183 975 33 455 504 43 711 381 791 589 176 37 60 378 733 718 304 892 326 709 544 75 746 813 656 723 395 526 461 105 359 426 945 997 67 55 438 818 449 694 597 140 755 154 579 3 646 140 813 490 817 638 838 350 638 777 663 437 489 201 774 365 638 695 701 981 759 749 806 365 799 716 176 351 863 165 161 339 178 323 579 561 754 59 254 896 632 367 101 333 716 962 738 495 9 20 897 191 804 115 212 691 45 128 100 828 753 550 44 765 967 313 228 977 752 260 451 664 515 481 499 647 776 6 613 319 514 865 557 609 100 257 963 847 112 191 601 69 103 398 735 206 425 888 522 9 36 994 940 605 756 950 1000 328 913 10 367 656 437 83 728 129 154 301 683 824 964 498 216 64 748 717 732 386 83 645 687 57 717 201 243 229 738 412 56 104 831 504 235 821 789 47 442 678 73 339 376 345 477 191 700 296 143 833 973 850 418 405 373 535 69 262 332 30 39 694 287 139 533 937 47 347 427 437 182 31 517 183 986 780 518 787 109 722 340 224 956 540 534 726 943 632 916 54 382 797 337 209 899 627 763 5 129 780 657 582 549 187 560 674 197 257 829 519 218 337 506 976 693 955 22 573 13 636 150 839 20 640 738 3 529 912 102 346 440 29 109 697 682 314 691 638 222 99 597 419 109 264 574 601 335 595 81 130 648 334 935 551 329 974 169 132 892 959 272 856 800 371 201 714 483 157 352 968 310 690 618 972 476 282 698 42 379 829 601 946 495 610 467 239 523 312 347 413 956 247 606 747 732 213 498 700 474 358 958 269 813 696 992 931 945 402 546 704 32 799 780 54 489 926 392 938 420 312 803 934 390 884 650 847 246 979 372 214 849 515 201 238 111 495 251 192 427 97 385 84 273 233 977 834 855 636 695 798 976 382 127 935 556 385 115 20 666 31 318 717 163 198 350 833 627 983 900 452 177 254 232 430 144 441 218 635 566 489 97 2 437 34 783 929 219 472 56 105 936 751 913 937 699 60 757 251 5 266 666 326 778 139 888 897 364 20 106 197 679 341 328 889 461 917 926 405 307 445 42 605 306 128 872 416 5 404 961 472 286 592 390 151 33 614 697 592 841 192 691 977 504 973 675 625 97 319 985 57 285 264 383 582 914 120 26 309 915 349 685 923 739 728 520 404 490 470 833 584 379 119 350 628 391 91 463 950 188 589 830 276 52 401 54 918 737 216 898 415 598 936 826 991 250 558 73 832 844 666 670 794 713 931 446 187 540 310 343 967 513 460 876 102 393 28 462 766 831 79 349 179 158 458 995 355 652 950 880 223 299 152 209 216 225 430 765 279 613 167 499 169 458 173 157 101 308 483 906 599 753 911 622 857 352 104 617 448 617 241 499 977 462 22 355 553 560 304 823 160 861 477 301 716 730 471 671 159 883 359 86 726 265 763 60 207 877 788 71 911 432 342 524 683 491 462 86 562 144 306 245 696 375 270 960 335 321 675 236 513 845 830 933 439 193 945 534 829 153 948 982 198 284 590 1 146 719 621 28 926 242 871 506 48 943 167 459 295 804 484 60 779 685 737 313 672 570 450 584 266 120 504 576 378 29 135 833 272 734 996 926 122 313 398 940 533 311 494 803 339 458 937 378 917 528 332 362 524 11 669 624 20 417 608 807 405 507 783 90 459 769 260 343 17 355 124 179 492 31 884 282 611 507 346 607 346 220 445 264 522 475 439 363 997 84 514 332 364 123 380 303 177 892 181 678 517 713 631 226 196 342 764 2 136 903 743 594 873 571 240 869 904 351 135 257 886 77 122 426 970 363 477 723 320 321 757 943 766 899 321 346 580 179 668 624 741 239 92 914 887 795 750 790 691 887 851 403 918 387 958 748 721 922 708 671 890 923 977 339 195 488 269 698 198 953 143 281 383 210 477 672 63 975 770 119 438 810 424 609 849 889 58 127 980 476 425 847 272 449 767 390 865 237 531 284 257 122 902 836 505 148 637 995 419 802 990 896 807 346 674 568 114 402 872 209 941 9 162 7 100 953 530 904 30 665 237 821 389 154 431 870 922 879 206 805 383 415 7 890 488 288 609 622 858 247 871 858 710 991 885 787 863 459 223 954 248 222 149 346 638 77 738 966 832 127 209 712 87 520 620 71 267 989 823 854 304 838 287 243 777 824 129 960 679 263
468
729 871 13 807 109 852 731 697 945 703 482 483 97 407 898 843 708 497 638 883 133 388 41 86 303 180 35 238 981 387 837 614 261 218 381 336 66 793 922 378 854 410 974 587 396 446 742 988 304 261 445 249 828 714 836 59 11 835 375 909 837 491 638 22 768 973 433 323 916 480 295 410 19 754 583 639 793 551 325 159 39 869 951 949 842 731 928 539 573 388 552 737 499 923 684 22 911 918 146 641 998 610 835 565 128 613 643 401 171 41 492 413 710 106 220 789 550 992 544 402 131 696 500 919 289 157 470 986 747 506 449 240 231 105 136 117 55 447 114 930 501 775 614 643 921 352 832 223 295 170 157 318 892 546 157 778 826 395 481 328 374 363 897 596 82 536 605 225 979 613 481 944 255 329 866 172 407 816 95 885 140 548 788 181 673 552 321 761 916 84 581 492 898 438 605 813 644 908 31 405 966 625 513 915 808 62 783 107 284 596 891 839 63 680 677 979 811 430 593 454 630 451 631 579 637 102 495 61 63 26 54 692 162 805 277 725 86 716 413 185 472 802 926 256 381 322 328 191 735 725 286 481 254 347 472 133 983 199 705 871 910 837 847 84 793 285 876 663 601 206 981 827 382 690 901 49 222 891 64 171 504 613 901 367 135 498 163 202 984 582 249 995 572 508 417 553 137 257 610 712 86 772 650 519 187 801 84 908 398 231 977 534 357 745 688 443 460 56 952 197 319 636 827 595 724 194 48 203 828 251 787 374 712 925 717 492 828 103 810 690 606 988 844 202 102 694 698 345 595 616 957 140 48 168 771 706 619 142 820 178 591 822 301 314 135 393 456 573 493 270 664 907 871 193 167 550 387 145 678 370 88 218 459 499 654 14 698 870 920 258 225 62 577 188 54 187 909 243 736 960 451 207 153 945 566 673 752 794 597 629 79 556 210 695 493 617 608 673 229 947 940 908 886 384 861 410 415 937 615 898 252 358 29 349 190 115 358 743 540 420 857 972 935 707 86 609 99 970 416 90 378 656 487 962 938 49 215 673 974 394 519 689 76 305 978 34 793 329
376
35 103 164 636 687 546 854 154 980 615 211 758 823 556 626 294 710 360 850 590 49 731 962 450 887 52 408 341 761 453 951 507 368 627 468 523 134 358 107 33 223 75 42 308 177 830 309 761 513 523 124 292 756 783 842 810 963 110 394 462 773 945 796 205 971 710 758 642 720 157 107 743 488 258 510 432 103 693 174 178 326 943 197 261 230 810 92 352 291 798 379 795 361 156 918 933 115 661 162 413 459 824 4 205 997 465 893 219 525 834 921 505 847 278 115 109 425 61 273 216 229 135 624 529 795 231 973 997 898 980 329 875 822 978 476 437 447 857 966 851 500 473 103 143 940 916 874 797 40 436 397 790 347 264 181 372 201 258 151 428 241 62 637 428 989 916 847 632 971 878 883 732 125 674 734 174 685 915 607 48 920 544 559 150 971 970 328 520 793 761 339 279 123 141 639 160 160 787 89 975 694 518 407 834 26 251 939 975 769 760 556 246 41 856 431 51 177 367 464 750 336 156 85 175 858 980 867 196 894 781 181 350 612 782 765 383 645 529 305 58 171 129 320 258 912 562 246 402 704 622 891 26 924 4 54 729 239 282 461 968 108 609 454 854 131 65 122 194 23 167 547 557 524 459 11 597 727 83 554 672 280 864 295 557 250 313 243 794 989 843 369 218 694 45 128 142 731 783 339 951 237 962 924 798 336 490 962 74 450 391 56 319 638 910 819 844 847 166 775 758 107 563 453 887 159 137 856 249 162 998 127 568 181 154 768 838 535 162 432 351 528 667 815 430 590 951 90 652 796 742 650 939 767 270 935 844 338 197 539 171 231 253 420 179 943 193 581 493 32 138 518 228 302 439 379 480
812
555 452 628 22 700 208 288 572 819 474 97 125 65 146 527 401 287 556 494 384 471 550 481 323 65 117 812 472 597 389 499 773 61 382 836 836 952 107 460 784 102 198 377 329 234 973 7 425 691 754 504 109 644 130 484 532 869 519 247 454 445 109 896 465 326 945 919 690 197 45 86 207 563 433 319 195 791 312 510 400 965 2 511 109 594 257 505 780 758 986 714 172 999 949 14 546 699 816 906 251 345 175 29 131 73 766 320 559 892 135 975 365 322 613 182 165 680 217 193 855 731 351 366 204 367 787 783 597 496 179 456 669 296 907 168 856 723 798 769 881 82 771 138 450 402 60 454 336 386 140 327 316 880 354 452 829 255 424 962 327 899 513 831 889 352 89 265 85 308 238 839 316 709 919 862 35 711 668 273 335 973 351 552 745 685 769 181 204 797 715 266 339 737 501 252 665 779 526 532 720 963 588 206 975 244 796 395 518 73 164 519 493 857 410 531 250 685 360 669 470 198 370 513 625 522 965 75 560 842 64 46 9 756 253 308 276 863 682 471 43 747 388 535 763 879 903 109 19 577 14 907 218 172 803 416 828 130 300 758 771 131 520 690 147 106 700 465 209 270 151 359 264 445 299 542 206 231 762 448 605 935 284 503 88 375 85 254 388 773 379 30 357 718 838 212 256 249 599 190 777 737 138 274 438 89 939 187 640 363 573 173 530 677 304 116 410 269 15 856 354 423 509 993 602 242 80 946 510 703 533 829 44 28 944 344 208 782 612 906 571 312 289 966 102 530 745 200 752 648 883 375 927 477 22 36 41 648 130 84 258 997 871 184 156 842 764 14 73 369 259 914 215 804 199 514 452 875 854 964 286 833 89 793 449 17 449 1000 101 224 974 764 134 924 584 543 582 154 7 667 62 531 911 535 371 522 804 446 617 127 847 416 333 101 665 269 544 543 187 707 248 968 604 604 859 413 456 482 212 646 511 814 802 827 413 360 783 865 223 320 11 205 724 786 963 601 851 237 496 422 433 61 956 915 288 913 488 527 357 254 824 912 620 223 464 480 937 462 19 952 587 723 17 229 149 907 248 842 517 13 4 177 289 201 140 941 177 733 378 698 494 8 902 116 9 804 650 801 751 162 2 676 742 332 877 237 500 315 588 397 587 692 601 674 139 505 862 565 748 654 740 505 316 679 62 929 961 632 476 82 658 827 876 23 786 721 160 675 679 194 301 518 966 800 504 571 116 469 768 937 739 459 972 656 785 145 579 65 39 976 649 719 896 251 649 511 815 518 832 926 742 328 395 116 148 611 923 363 527 28 185 62 611 743 769 588 59 309 955 772 930 3 724 107 455 848 473 713 962 22 389 357 626 740 314 77 443 733 462 350 865 517 837 460 763 380 193 999 253 447 1000 460 128 678 872 740 497 988 167 69 607 999 150 144 62 236 66 285 698 572 957 298 238 722 588 185 105 660 676 389 963 156 658 231 430 611 111 76 689 256 52 641 747 816 597 532 929 454 36 577 861 78 777 184 324 774 387 870 128 760 176 88 946 427 462 165 952 41 471 610 132 696 197 422 969 448 346 543 856 982 555 51 303 253 736 406 600 16 336 291 414 136 312 339 719 672 644 758 93 630 593 990 398 721 177 717 364 769 22 213 39 417 861 133 883 174 705 775 464 697 989 484 104 900 385 40 400 969 514 172 556 892 368 908 419 909 914 438 921 603 219 262 975 458 962 788 170 29 207 246 732 959 347 735 230 700 655 451 674 93 623 297 177 513 113 679 814 727 872 965 807 456 695 269 69 138 179 284 632 789 515 796 546 665 278 403 199 120 571 909 137 131 483
206
191 773 812 865 99 820 216 861 206 874 904 700 574 517 645 669 699 883 391 18 881 534 39 510 252 620 947 941 179 823 913 969 759 641 997 141 353 808 917 321 209 989 428 51 313 944 934 462 990 240 957 733 552 330 28 297 627 76 490 571 418 694 819 590 235 682 856 986 444 325 568 101 117 391 201 761 187 175 821 697 656 451 254 628 478 118 131 131 90 879 978 895 137 946 307 809 816 508 514 723 33 205 306 913 286 777 426 481 528 668 454 844 617 508 443 638 155 428 562 73 794 535 298 969 875 283 719 31 768 364 251 579 849 909 932 256 893 182 554 673 11 620 498 117 793 615 890 4 714 560 366 115 349 639 831 55 721 89 458 433 253 601 664 533 345 399 924 463 154 41 864 621 313 109 957 632 901 711 920 70 888 323 331 952 61 533 586 235 691 206 562 971 15 774 114 788 533 717 772 777 537 300 637 685 245 650
194
164 796 686 975 505 368 912 633 23 100 680 381 11 835 813 10 938 174 422 737 658 447 336 668 63 354 631 348 189 376 790 740 433 441 526 882 160 536 835 521 30 15 141 200 166 316 561 657 103 506 316 104 892 743 49 113 902 603 410 208 49 43 825 476 659 777 802 83 955 42 469 856 140 240 392 173 944 255 758 239 474 197 51 817 607 487 565 784 190 570 637 893 280 591 621 526 61 883 8 346 126 111 505 92 387 4 374 183 883 140 881 556 714 568 761 612 956 809 305 25 659 555 658 75 652 887 276 49 30 641 713 130 803 537 470 198 560 32 799 751 8 650 87 654 988 675 972 239 476 240 14 41 917 559 874 458 279 520 777 128 193 816 778 36 795 34 221 941 552 607 851 196 717 395 76 64 19 496 922 697 692 837 59 397 883 928 854 85 545 21 20 851 92 81
951
360 270 447 498 284 112 535 613 183 97 117 460 257 955 16 826 32 367 272 133 582 294 403 550 738 486 705 629 732 221 683 967 262 854 440 656 93 742 261 173 611 41 568 602 265 11 831 459 704 875 706 931 301 795 994 125 555 661 978 721 901 658 230 563 304 47 616 528 141 638 772 781 930 10 195 177 763 101 900 972 694 481 345 840 125 705 330 762 980 994 820 543 143 224 88 469 315 719 417 640 44 771 620 482 618 835 292 259 519 834 240 396 77 415 527 140 897 137 226 1 138 579 998 844 615 302 621 519 88 607 789 497 59 3 593 613 20 862 456 773 749 682 201 450 366 321 389 655 279 530 714 280 527 198 802 145 637 331 206 40 795 720 585 570 913 99 910 13 322 900 556 411 221 91 809 419 750 854 951 413 492 290 293 126 808 619 638 274 560 173 220 942 401 56 477 963 860 394 729 574 109 443 881 677 714 578 86 923 585 374 266 266 517 910 313 252 240 647 415 756 859 453 807 487 773 73 841 258 863 25 124 523 494 591 468 621 604 238 466 15 56 840 563 14 658 332 333 825 761 331 412 362 688 949 866 883 715 838 440 478 397 500 689 878 590 552 27 227 679 609 327 625 743 86 289 496 318 545 89 242 608 3 111 699 904 847 520 563 462 500 948 307 293 951 343 330 263 583 696 196 597 936 812 322 819 285 422 584 249 303 924 732 989 454 331 569 868 762 450 261 52 773 99 677 662 334 165 846 986 597 568 401 307 153 962 170 332 633 224 836 631 627 596 291 676 974 667 704 283 495 639 253 660 19 737 238 690 416 945 267 779 672 628 606 159 254 656 362 746 515 520 971 230 97 457 778 806 69 92 104 179 711 507 821 503 974 937 764 439 687 490 463 814 431 835 944 629 478 919 798 842 85 262 963 477 138 120 604 209 882 823 953 403 964 239 366 237 651 286 95 690 68 530 946 492 144 557 298 504 291 535 714 773 180 744 845 775 876 942 177 146 309 474 40 470 150 219 648 300 750 431 229 758 360 471 899 482 774 630 967 861 11 436 70 975 690 753 564 841 344 827 703 228 843 689 436 460 170 456 545 879 990 216 15 672 737 407 804 625 547 445 924 92 186 647 936 761 278 719 626 206 496 79 929 958 923 800 986 864 501 862 439 358 448 578 715 787 382 144 770 318 841 329 652 110 655 695 493 430 481 933 919 229 209 727 4 141 217 755 717 825 335 866 9 871 413 245 158 555 683 427 219 570 702 449 60 377 985 793 825 461 866 592 726 893 975 976 384 609 244 877 879 491 382 401 835 275 201 649 919 847 896 187 96 102 402 879 842 544 984 311 704 753 408 366 230 334 675 964 936 913 978 278 560 652 989 63 577 109 169 392 198 402 48 341 472 785 810 257 638 508 292 330 271 631 34 307 97 488 503 601 161 149 501 429 542 614 208 34 913 689 905 948 98 438 31 684 633 691 816 446 281 609 410 747 75 638 146 485 915 862 86 407 674 810 855 648 642 469 793 390 161 636 113 47 471 763 106 923 221 985 71 349 708 33 403 921 604 549 264 988 905 702 877 133 761 931 916 559 143 735 511 787 654 191 817 472 919 242 191 833 595 334 232 781 502 625 751 760 352 4 975 163 221 829 421 379 701 854 1000 301 642 53 649 337 178 277 54 556 105 380 921 228 116 532 886 869 630 185 500 826 269 481 949 790 990 875 995 554 460 83 86 416 276 29 689 407 343 642 146 369 923 124 893 537 691 90 833 300 969 763 133 364 636 146 875 538 654 277 853 763 788 798 435 965 333 1 471 697 621 777 165 847 922 181 165 651 944 715 409 675 503 478 289 660 341 867 581 247 174 952 528 474 8 369 953 178 459 285 530 478 314 917 528 139 310 883 235 74 728 454 708 942 742 504 514 166 774 516 148 520 841 670 159 852 162 225 22 344 759 529 296 606 928 145 28 697 713 580 417 841 566 437 429 282 877 122 881 355 868 868 500 863 126 651 855 439 298 870 857 691 19 72 247 92 135 375 102 141 246 780 635 620 797 50 557 648 427 517 882 448 597 589 174 42 558 211 964 788 752 499 937 613 963 978 869 826 220 200 672 748 52 832 32 248 365 386 599 328 573 460 832 183 188 747 176 921 994 456 149 807
617
846 611 366 530 846 397 40 503 849 956 627 611 366 989 484 820 306 304 187 764 812 60 507 790 569 105 423 667 484 957 119 969 254 856 571 243 455 997 301 159 262 101 179 182 650 335 815 633 780 360 187 527 486 637 749 764 941 309 491 832 245 256 29 218 352 647 849 544 330 315 917 34 938 294 363 88 41 428 266 38 80 299 171 91 893 47 357 326 96 146 690 744 453 847 814 806 298 637 535 188 613 813 715 909 430 183 386 193 615 529 789 144 21 538 379 192 804 498 631 228 811 289 640 659 503 31 853 73 490 161 407 219 182 226 669 373 751 40 774 870 838 546 455 415 126 623 691 204 260 545 62 352 953 453 580 782 444 234 583 45 723 542 605 57 152 300 202 732 402 171 571 327 413 811 881 478 355 619 863 393 546 400 758 971 245 120 947 754 530 936 114 401 100 228 299 191 680 640 659 623 878 653 867 285 587 664 508 662 594 238 468 139 610 479 843 126 924 9 605 411 723 937 271 870 4 578 397 270 322 577 67 686 159 214 725 160 644 266 813 553 574 928 653 481 367 480 996 615 812 489 874 990 863 451 517 330 804 73 957 557 542 336 959 874 49 522 13 841 770 95 166 679 278 552 975 240 637 267 711 719 69 510 948 836 433 203 648 525 784 521 308 842 539 224 546 400 647 948 856 988 828 213 327 567 214 395 490 176 763 794 234 585 778 299 63 322 363 787 77 299 616 537 604 4 273 233 487 42 379 48 127 160 437 941 971 583 804 123 907 537 153 802 393 794 735 550 343 939 1 207 632 445 654 179 463 196 355 115 492 259 517 842 960 268 74 355 361 808 814 916 226 836 610 972 334 620 393 83 609 233 703 944 814 749 61 862 948 169 573 916 263 230 150 107 412 535 281 443 110 21 919 991 706 87 640 822 513 669 407 345 775 60 446 91 856 670 830 364 165 152 274 758 600 299 514 958 730 925 24 861 160 793 322 588 251 587 438 346 682 135 284 299 500 595 485 794 863 576 204 970 610 870 6 752 802 535 719 66 974 831 63 647 291 124 770 87 993 473 405 892 307 854 869 455 501 47 768 335 705 890 43 791 982 117 366 564 85 865 899 152 490 730 912 812 960 127 600 741 25 878 274 234 159 408 968 876 56 604 541 684 637 272 946 18 721 704 926 213 99 852 924 738 35 410 438 509 236 553 301 412 682 892 56 61 205 874 745 872 638 887 103 943 746 31 343 926 565 415 419 335 984 970 621 144 644 220 748 212 353 715 995 181 578 701 644 736 307 562 403 285 365 141 594 887 132 915 687 454 135 902 171 167 991 953 501 430 262 819 959 560 656 661 749 213 123 437 965 446 398 128 339 812 384 978 137 33 413 940 987 318 698 852 778 519 333 314 520
95
159 322 900 377 963 891 157 359 87 842 529 375 938 95 285 42 987 168 781 601 659 828 330 372 333 531 213 652 14 247 388 878 464 862 857 651 118 290 690 589 697 322 47 215 877 459 945 79 614 11 313 59 719 461 575 796 787 171 442 727 759 759 383 950 577 355 990 207 776 567 955 565 652 689 835 24 901 562 506 568 260 312 560 368 138 211 303 623 72 441 96 140 924 464 862
169
109 896 792 929 212 835 944 236 683 201 560 882 343 77 956 533 280 67 118 749 130 147 592 680 101 695 561 286 198 798 600 533 458 684 159 339 122 790 817 309 216 765 63 465 985 48 402 420 102 701 562 833 873 184 609 613 159 705 633 549 399 488 806 471 309 852 376 632 463 570 456 339 660 698 25 34 630 834 339 638 523 184 317 5 664 921 23 40 675 873 604 601 766 327 672 565 830 649 11 377 319 134 443 746 951 256 315 731 624 41 687 66 82 924 778 347 135 361 748 469 886 643 900 332 392 767 353 614 330 753 370 265 664 694 55 793 653 389 379 989 632 997 948 112 421 183 808 733 888 319 963 472 256 433 112 636 73 580 275 148 476 815 610 70 903 140 659 191 988
557
887 255 928 169 396 150 774 181 422 296 704 870 391 556 927 661 681 268 73 172 173 497 654 152 26 636 652 625 269 510 835 695 249 466 933 102 791 33 735 275 463 425 382 831 314 204 917 893 666 696 113 593 875 934 385 808 22 489 50 270 641 266 605 720 652 583 78 29 260 174 106 732 504 547 386 267 76 229 268 566 566 425 993 786 526 785 997 899 316 458 254 799 95 657 422 882 932 113 622 604 759 562 322 205 412 228 93 264 798 812 39 674 293 792 92 687 599 843 941 318 985 762 669 873 175 310 814 111 531 737 342 824 482 367 928 532 183 425 366 421 764 960 633 499 797 917 904 433 258 62 695 581 762 549 400 254 229 259 388 144 850 573 339 144 507 399 68 117 823 46 538 732 128 453 9 963 991 105 934 621 751 28 736 348 197 163 327 193 991 763 557 919 102 275 351 305 878 326 499 209 758 760 613 125 873 760 815 279 904 318 319 687 97 382 720 119 218 586 14 358 700 943 675 946 11 133 179 163 305 197 399 552 773 210 796 83 898 626 61 487 5 367 206 668 497 965 694 486 573 455 124 201 711 739 822 716 349 977 204 574 365 622 197 678 474 120 877 554 441 36 487 770 213 102 753 342 599 949 809 344 700 696 303 749 679 398 135 251 692 809 809 894 491 407 446 907 434 748 340 639 894 268 111 612 803 839 975 335 159 93 762 755 702 235 990 799 872 107 514 929 31 619 3 609 690 672 607 243 683 143 899 773 371 212 3 491 310 97 903 203 263 91 647 332 803 941 946 370 479 545 145 358 344 366 201 874 759 815 298 211 634 282 37 996 891 520 683 694 139 813 725 619 891 369 808 691 660 853 121 116 496 60 734 90 116 715 5 847 252 734 762 707 428 317 429 221 706 117 669 928 257 638 760 364 430 646 562 281 491 162 78 430 460 399 977 350 119 858 178 156 604 221 206 26 513 826 813 791 792 188 475 360 579 523 942 845 670 351 762 228 839 885 733 248 44 654 789 601 833 613 419 816 763 131 849 883 437 496 80 647 310 129 527 636 598 51 83 256 219 654 397 17 7 210 731 992 979 864 122 258 86 194 789 811 118 405 28 461 130 1000 301 576 943 609 421 732 682 827 461 65 999 572 914 163 528 836 207 145 875 225 264 637 841 581 911 515 437 341 33 124 912 741 478 59 578 939 703 526 643 668 843 143 221 389 810 293 334 355 9 407 476 892 255 758 74 779 247 632 678 754 662 824 554 595 94 349 75
518
842 608 947 973 741 536 25 503 535 970 985 707 905 851 542 440 853 153 12 499 471 604 171 404 604 616 729 734 649 946 577 44 922 874 671 648 375 169 88 335 447 178 968 109 346 210 737 69 20 846 295 925 106 535 838 655 24 744 611 969 674 5 708 657 662 155 858 522 896 977 91 752 687 991 315 39 152 874 121 635 592 856 468 12 629 166 105 370 802 14 861 246 838 423 89 938 965 817 59 159 260 331 749 512 268 754 652 273 530 448 909 531 259 288 843 137 289 862 437 181 184 182 988 893 928 346 210 306 581 829 493 899 792 368 220 471 602 876 460 611 429 841 110 60 628 185 476 121 994 857 680 678 197 202 50 462 69 582 573 65 284 184 485 638 905 687 697 929 689 542 600 586 229 744 288 851 128 157 500 305 862 876 533 186 963 189 893 478 509 884 229 5 360 328 643 966 742 568 129 991 766 1 880 292 883 207 45 471 64 538 291 206 182 747 719 182 489 848 402 212 913 655 794 429 58 767 913 867 501 802 881 826 615 155 219 620 547 849 720 800 611 493 766 929 279 693 5 498 184 353 937 206 480 244 50 705 96 116 146 218 432 375 239 260 811 694 362 234 312 529 429 101 715 655 312 818 164 687 87 955 494 747 191 654 974 78 351 249 972 797 452 707 249 994 130 194 880 896 187 912 307 888 621 843 177 401 890 647 500 523 981 336 103 683 982 436 225 766 25 443 103 558 632 724 330 759 975 287 216 306 770 369 987 147 377 776 718 961 915 1000 673 93 846 799 810 908 916 355 183 530 264 300 63 649 544 322 696 551 735 355 298 273 128 142 349 579 37 771 547 179 439 10 924 949 145 452 1 276 536 434 583 996 911 223 291 533 603 872 583 777 552 383 676 363 321 441 352 156 487 827 139 716 2 921 708 921 167 843 912 154 169 282 155 285 366 233 103 900 210 390 810 819 953 84 604 120 331 48 225 977 160 880 550 907 893 245 551 865 159 888 956 85 239 773 692 495 410 943 864 557 693 879 549 265 718 931 853 281 828 595 941 109 962 60 421 313 313 591 217 243 463 900 121 556 648 712 774 584 715 877 222 254 354 698 689 693 842 991 977 864 654 369 475 720 232 187 855 913 604 309 468 270 444 735 770 951 706 654 29 774 614 519 724 219 18 875 373 804
770
693 700 661 714 23 174 909 675 214 638 153 690 384 947 117 899 715 660 160 285 495 423 969 919 203 228 445 99 415 7 542 805 637 581 832 769 216 75 335 373 838 861 778 664 61 883 312 167 204 657 922 932 900 540 427 501 182 299 92 871 315 715 440 632 800 947 937 683 947 50 993 12 632 287 1000 826 762 466 984 971 42 181 328 302 531 176 346 644 194 532 731 542 546 509 952 788 546 272 770 543 708 120 749 945 442 182 346 210 953 500 436 985 780 459 304 918 453 457 857 817 499 937 491 604 725 246 717 779 52 624 569 48 293 586 882 337 110 311 782 558 254 434 57 331 335 817 804 851 917 668 892 159 507 913 320 432 590 649 286 468 568 981 418 485 647 177 630 698 737 723 311 148 54 454 113 859 968 887 245 607 638 164 688 513 296 724 584 506 957 129 631 955 959 436 761 700 901 323 648 750 642 590 664 788 788 347 639 900 746 280 650 985 510 60 291 400 772 6 525 28 952 903 468 64 908 113 313 850 79 35 610 188 279 88 936 430 906 303 613 457 657 700 458 419 368 683 929 535 728 382 354 881 536 76 548 36 218 535 107 9 976 498 457 310 396 597 724 543 63 492 391 179 810 725 970 542 812 125 546 986 334 99 845 737 527 418 122 976 424 62 976 882 269 40 499 641 4 873 220 962 927 84 456 955 853 562 852 836 869 549 952 694 589 351 807 934 710 931 686 604 607 192 694 716 994 876 445 179 494 9 485 310 550 475 393 724 36 46 306 774 30 562 922 536 370 337 977 845 495 803 185 752 373 685 295 210 379 62 537 38 201 445 760 691 387 258 910 90 900 560 871 742 456 41 492 643 6 21 151 618 900 1 544 674 899 154 8 899 867 94 306 349 488 308 428 158 611 681 254 16 735 168 278 627 24 289 871 204 819 842 902 568 587 362 275 880 540 90 63 697 702 490 186 43 556 1 107 166 205 816 123 465 814 216 75 845 193 676 345 556 475 760 958 453 54 744 865 968 628 386 434 500 869 446 137 305 926 747 820 433 72 997 172 89 82 523 554 421 482 320 886 572 630 588 265 480 17 526 446 736 306 324 237 664 503 309 266 956 177 426 640 568 58 951 493 138 614 555 684 308 877 232 979 648 281 858 168 574 663 818 339 466 352 259 280 429 64 495 113 520 91 916 504 27 129 337 764 716 830 80 512 143 348 330 408 362 531 345 730 210 61 23 12 550 520 438 684 223 221 192 523 437 412 842 524 842 968 460 580 121 745 317 814 947 734 602 692 465 256 420 203 582 194 466 491 739 324 678 610 418 116 980 259 415 704 146 268 579 703 891 885 426 686 722 681 905 532 361 251 237 355 165 613 686 284 202 121 527 676 976 876 404 395 759 403 389 775 508 125 686 583 481 891 682 641 738 699 272 436 211 259 278 462 674 8 342 489 104 189 554 664 239 208 543 104 283 446 812 529 439 188 794 13 461 560 828 431 298 383 280 297 381 51 734 277 654 998 484 800 12 822 886 220 2 958 915 897 455 496 186 2 50 292 766 186 880 893 817 147 337 529 196 40 408 782 552 174 401 349 42 663 725 772 516 12 639 894 299 365 419 179 346 549 850 221 649 106 805 620 190 682 280 931 697 269 962 849 808 16 668 812 682 907 384 588 56 809 502 772 956 787 739 129 134 942 331 150 902 546 995 463 356 824 50 147 104 374 322 931 267 81 662 823 216 699 707 744 490 505 644
853
471 851 31 708 326 103 950 923 686 106 583 143 986 973 941 463 612 147 141 385 664 367 146 717 601 622 507 779 339 652 202 586 579 435 188 992 828 838 122 350 366 837 625 858 92 618 886 110 536 914 599 784 723 263 256 235 22 424 855 873 135 36 407 503 415 495 634 822 397 92 998 447 664 127 382 575 681 284 963 853 63 699 754 42 846 347 31 910 305 18 150 237 896 570 303 87 684 692 504 378 363 160 73 730 818 69 82 754 616 530 728 791 981 985 592 119 758 885 668 858 154 592 179 172 629 591 147 868 686 314 669 983 994 569 574 510 210 102 624 161 709 458 255 367 401 352 219 669 30 265 424 263 641 613 914 376 702 137 621 683 645 755 796 897 91 837 34 46 915 231 567 781 372 771 460 701 418 716 664 42 67 698 937 204 781 130 980 615 296 43 526 106 641 831 814 569 841 274 798 92 862 22 733 63 301 602 241 127 61 731 954 530 462 33 613 95 640 729 123 193 157 453 595 786 388 217 744 275 570 980 515 730 321 166 438 266 802 834 137 713 65 837 143 630 206 315 185 717 752 320 720 435 652 897 448 743 826 783 745 75 341 920 847 949 413 612 134 945 31 546 873 430 303 960 665 759 603 357 252 210 36 808 637 59 140 217 861 275 945 429 977 54 327 507 240 604 378 367 510 875 255 738 846 589 650 26 90 704 797 4 97 181 710 184 65 530 280 312 793 837 352 577 226 106 272 2 957 703 681 949 403 453 587 844 181 126 276 911 157 165 310 40 358 388 17 981 57 327 293 605 848 107 15 666 751 522 803 190 44 707 385 664 541 897 791 575 11 303 252 211 612 594 910 811 619 538 5 931 127 848 408 319 733 587 933 984 847 668 483 547 646 37 855 673 497 127 746 556 783 319 892 823 507 887 946 669 463 26 442 872 701 95 600 52 635 376 91 974 334 202 834 74 621 198 312 836 350 989 272 61 107 752 649 391 76 128 442 558 451 857 273 320 601 157 177 837 856 886 701 114 701 536 900 582 586 34 296 874 805 645 699 817 236 603 69 843 911 104 309 519 305 385 477 963 767 72 699 696 348 222 294 763 297 963 350 80 354 79 251 366 168 925 957 727 934 588 767 945 801 874 394 836 1000 297 84 801 416 388 901 156 366 174 779 186 249 846 612 961 287 676 288 751 7 487 238 13 562 748 704 544 874 290 329 406 765 313 508 225 281 142 893 185 225 278 630 860 101 639 256 454 555 904 189 20 707 933 901 872 957 712 980 475 492 599 208 57 87 724 629 194 928 272 291 25 927 511 35 993 433 190 221 843 267 399 340 973 226 808 970 934 46 720 293 686 793 860 168 534 35 732 858 639 40 855 178 152 456 645 873 241 415 887 708 259 60 240 335 691 939 669 823 686 570 72 156 850 227 627 318 951 65 611 323 473 180 724 623 558 553 473 16 958 113 259 283 742 999 19 175 255 59 42 765 456 486 327 545 507 99 489 239 384 19 233 392 743 367 606 133 306 511 827 577 703 528 136 498 276 832 21 622 308 353 725 789 576 509 626 789 257 75 47 865 145 97 787 220 608 252 92 898 139 943 458 542 460 813 946 385 791 735 897 613 422 818 762 560 299 204 447 634 472 28 725 370 185 517 149 710 311 621 891 940 463 820 120 165 573 209 610 181 505 203 850 289 510 196 781 59 280 124 322 54 125 956 329 564 969 682 760 655 65 195 114 931 258 684 308 894 857 650 598 122 547 63 407 611 505 748 32 487 10 801 596 508 758 870 821 907 169 268 688 196 524 637 413 619 187 414 790 356 342 687 905 410 294 571 124 942 218 88 814 293 964 344 865 582 877 794 29 146 627 427 12 421 670 859 128 149 952 365 566 298 474 114 720 296 434 246 515 845 321 799 416 680 854 823 719 657 188 932 21 85
890
539 19 500 362 451 665 393 118 770 620 641 495 246 783 414 986 904 650 790 797 790 82 55 381 716 639 144 380 796 992 822 355 152 443 115 704 143 427 12 187 598 467 614 758 558 262 166 971 771 234 131 78 445 758 372 928 416 229 207 93 518 729 730 134 898 844 910 46 732 875 714 746 950 479 430 909 480 28 747 52 902 532 972 368 574 701 674 548 561 24 139 238 228 921 481 842 402 853 913 513 283 178 697 117 201 526 5 55 710 805 143 648 687 153 861 557 557 912 991 264 337 367 942 346 786 868 583 706 134 750 770 270 639 508 427 808 132 200 382 353 5 630 138 919 858 504 743 471 536 451 802 966 764 268 154 962 13 928 759 141 410 909 399 480 469 830 482 410 566 488 365 891 956 490 621 27 177 730 118 794 107 564 840 850 227 537 156 291 777 813 538 25 779 753 649 627 206 414 141 969 840 113 987 715 9 466 847 911 669 949 648 954 945 885 163 232 595 39 461 170 202 280 52 776 332 537 304 832 139 461 117 325 743 254 21 569 384 634 534 855 98 184 648 577 574 991 860 340 566 510 163 746 204 963 894 893 319 662 412 452 218 114 898 683 586 723 303 469 909 888 142 373 929 184 462 758 649 327 351 562 512 449 64 79 316 77 765 398 295 541 494 863 353 607 417 698 867 574 596 532 338 907 325 671 113 107 466 314 971 837 157 159 193 688 99 170 335 819 781 151 455 666 576 38 299 638 162 272 225 203 311 687 78 357 37 517 777 952 760 34 889 91 320 755 112 998 412 118 368 830 637 941 672 907 154 517 213 339 848 832 242 394 608 329 760 737 103 858 509 948 639 764 265 250 40 720 474 636 427 918 560 289 170 788 669 264 471 714 21 695 669 69 671 268 21 434 531 356 977 560 501 475 980 986 424 757 407 870 921 444 673 357 326 907 696 499 845 92 791 302 28 845 170 396 184 960 857 954 775 753 565 850 348 958 845 495 236 65 35 151 67 774 311 293 997 843 41 938 173 731 601 185 72 897 934 96 274 677 733 121 846 51 491 182 600 71 811 943 345 410 67 538 147 601 499 760 129 825 569 265 99 252 930 236 10 560 609 119 164 545 931 784 687 58 217 657 237 641 47 430 963 457 559 232 801 827 72 373 45 707 504 107 143 45 345 511 373 337 233 322 939 824 965 295 374 453 876 359 355 24 722 238 118 454 235 298 429 221 411 34 404 617 544 746 536 267 696 18 432 704 582 914 147 313 654 117 428 318 140 613 218 183 610 997 302 341 3 200 618 230 951 70 342 347 406 126 711 875 277 24 96 515 527 406 946 16 833 375 96 792 554 360 955 552 705 185 649 82 868 364 550 430 641 921 308 550 965 3 487 41 679 707 164 523 361 400 36 94 853 22 961 793 73 617 676 961 428 256 150 896 821 43 572 159 267 94 671 156 964 834 687 307 955 349 671 151 694 609 58 542 66 51 48 904 271 862 893 102 697 31 371 293 319 262 804 711 644 819 223 757 922 66 358 248 492 963 450 342 819 938 497 545 38 75 285 562 206 364 97 889 150 659 546 942 285 499 393 834 248 22 893 828 80 583 135 290 564 796 41 376 118 886 708 69 65 198 144 837 339 539 88 479 802 478 157 729 864 516 253 397 722 843 325 658 716 388 228 864 417 128 913 533 312 5 370 505 745 171 180 380 246 610 121 505 149 531 57 212 909 337 768 117 607 996 536 943 64 617 960 916 538 625 358 479 561 441 988 257 222 179 595 824 745 504 364 869 615 539 102 684 949 74 911 616 66 489 851 630 637 709 359 117 235 832 338 793 211 346 973 181 913 555 304 408 407 711 183 282 382 343 61 27 615 794 268 982 723 901 331 876 533 85 563 103 351 280 476 43 965 978 792 115 100 797 775 804 467 565 300 220 315 304 357 286 558 262 422 598 185 659 386 124 382 142 233 116 503 796 328 58 489 947 143 270 477 114 321 384 463 515 961 140 174 915 104 996 629 373 817 730
519
981 194 914 714 951 602 805 565 532 991 266 412 444 249 784 200 174 59 531 134 378 708 623 878 929 177 179 217 41 982 711 573 895 258 783 898 778 480 844 370 754 442 517 474 454 321 205 122 237 859 203 603 264 541 637 151 992 784 338 578 284 668 36 941 425 689 496 163 249 27 778 822 79 816 982 43 753 606 117 875 422 519 353 371 69 543 390 55 206 804 1000 646 186 152 381 196 904 693 250 478 461 618 177 659 274 986 243 661 697 444 320 576 323 383 52 883 282 927 739 255 321 255 687 669 524 122 798 918 361 69 11 941 25 680 805 871 796 567 799 922 742 117 919 936 28 874 636 952 841 566 946 90 442 547 619 978 200 983 63 381 289 760 861 995 624 731 796 377 518 175 912 112 645 389 899 705 470 507 977 685 9 428 885 174 333 82 464 549 944 512 723 427 223 544 693 956 549 600 122 711 691 620 783 923 210 617 290 808 853 473 9 753 420 203 141 180 876 72 688 942 39 588 219 380 438 825 394 991 590 817 494 257 947 383 796 858 77 795 609 312 816 593 206 768 409 256 168 920 131 458 660 674 472 736 173 868 41 625 527 662 426 966 472 136 908 87 505 826 32 586 436 528 580 344 853 874 797 151 229 8 585 806 438 524 90 170 589 909 40 668 147 207 762 771 658 812 282 560 394 90 775 825 192 988 99 955 639 441 504 698 55 908 162 543 29 18 745 96 471 324 709 79 472 857 577 48 679 215 699 453 429 729 57 618 206 622 587 947 561 311 735 444 272 100 312 622 467 310 852 830 1 470 419 44 348 511 588 678 951 323 986 751 980 766 609 881 91 436 506 785 928 540 706 413 999 83 286 293 500 76 28 433 556 410 951 364 748 880 539 443 738 451 403 961 470 493 806 255 476 785 20 308 348 74 577 507 676 55 305 976 756 164 223 833 342 771 608 476 556 966 417 806 609 237 622 898 373 926 367 275 221 460 428 254 196 68 674 634 166 813 257 775 619 701 403 936 391 403 920 284 490 155 94 59 809 858 102 248 822 439 15 564 304 548 366 79 626 727 327 900 964 288 9 801 437 911 978 516 887 423 135 27 309 186 398 234 189 59 287 560 746 643 121 199 946 832 909 844 258 9 309 145 58 709 533 206 155 28 831 155 874 271 948 254 382 374 468 58 725
709
546 818 327 513 889 952 791 994 751 250 213 597 849 478 93 874 649 7 633 547 916 181 701 708 364 968 248 639 612 273 395 144 361 924 642 514 86 178 627 62 570 966 151 939 309 774 696 659 266 171 867 957 636 185 775 910 807 190 420 88 953 1 835 598 967 493 864 581 146 552 765 53 634 959 516 555 567 713 58 301 14 312 274 367 739 152 55 647 479 199 620 734 599 218 924 19 490 821 478 269 601 959 929 986 901 306 914 639 412 103 503 43 321 601 217 175 475 319 613 526 906 397 424 331 59 329 613 923 401 771 12 115 511 329 770 912 341 727 485 212 474 555 413 923 320 592 426 834 539 199 651 561 107 705 612 240 352 129 310 929 563 420 639 59 32 183 514 864 510 499 190 994 238 726 800 241 862 964 137 853 337 227 321 987 70 536 255 728 582 559 179 922 596 308 384 693 228 192 95 6 701 951 282 533 421 445 126 754 81 624 402 539 429 924 370 792 385 474 296 484 619 404 406 463 967 646 303 932 594 287 407 218 997 664 933 241 905 625 884 911 453 54 206 117 555 344 658 187 295 194 714 481 379 302 569 704 464 915 883 214 674 491 615 96 574 147 480 844 906 540 731 593 344 418 782 478 560 518 854 433 329 334 452 928 602 639 565 503 266 730 530 78 922 810 185 417 355 634 578 868 281 919 611 461 12 521 281 101 706 907 459 181 630 528 871 181 175 147 369 629 296 814 418 469 162 756 243 149 44 633 851 910 987 425 400 161 885 101 623 988 284 643 266 437 495 649 689 826 946 241 390 286 276 526 467 79 936 250 570 339 53 821 116 735 570 350 346 366 607 729 695 966 316 869 547 185 107 995 58 765 910 560 237 794 467 62 176 613 927 755 340 22 744 63 18 158 226 695 785 52 958 416 749 767 96 357 826 1000 757 234 579 169 243 659 415 724 670 471 734 552 99 989 656 111 963 231 4 479 131 1 140 549 136 666 753 135 196 747 155 738 22 379 313 122 103 967 303 93 438 144 720 845 327 457 467 402 828 625 535 490 689 157 727 842 201 479 673 421 497 687 47 159 740 345 537 992 837 256 921 132 325 504 982 677 902 69 20 553 941 869 570 665 900 571 246 471 896 775 681 107 575 998 837 64 479 303 703 356 72 565 633 851 791 488 264 363 673 126 601 726 672 632 57 38 378 979 95 775 918 12 816 760 449 915 485 12 707 668 658 634 147 211 238 574 292 97 943 29 911 82 667 455 962 791 404 530 818 102 97 761 189 950 821 5 491 324 334 954 110 16 623 78 471 229 644 690 404 672 257 887 889 24 431 839 853 623 672 871 915 716 34 3 446 160 165 235 268 154 171 173 88 601 896 841 65 724 23 556 551 721 98 715 459 12 408 120 13 307 854 701 66 71 380 90 261 706 708 81 851 357 931 759 412 746 704 833 18 239 552 656 347 45 183 420 775 844 591 338 435 34 896 684 565 669 471 999 818 851 411 693 82 851 911 96 598 895 842 551 133 850 530 908 212 588 290 611 435 314 999 133 650 310 258 698 358 121 15 305 376 667 319 909 920 133 890 136 670 14 899 191 669 95 890 368 244 711 793 842 74
391
830 123 26 416 464 349 305 818 846 936 136 939 414 10 242 434 11 892 753 294 242 659 946 576 230 75 51 319 199 522 302 998 680 450 390 101 249 683 897 786 407 742 874 422 107 231 283 969 174 96 207 828 381 362 436 805 881 279 410 56 422 712 696 372 257 233 652 845 936 66 578 925 608 263 188 495 53 847 173 172 20 299 836 799 605 519 531 43 329 762 694 250 265 581 120 378 190 527 677 531 338 864 684 490 985 451 418 646 767 998 958 202 490 201 365 908 794 788 513 655 229 820 340 968 63 189 811 538 578 604 447 162 402 680 316 161 748 115 581 158 667 7 333 955 12 502 184 1 787 739 276 467 613 434 741 666 515 867 401 974 220 958 331 560 530 734 434 897 952 524 146 825 493 441 334 735 98 405 676 158 901 671 681 524 258 825 522 487 585 465 584 3 239 950 688 668 133 606 215 287 154 168 812 693 118 793 716 811 582 464 342 612 798 148 239 389 615 517 974 702 276 63 949 376 519 181 203 462 300 864 732 366 110 51 229 686 13 7 840 745 835 885 364 14 886 325 864 312 380 391 807 12 522 77 194 849 633 225 94 355 771 963 457 394 908 974 717 543 781 693 444 225 373 157 309 366 83 520 14 925 802 519 510 899 154 468 726 970 652 813 725 881 544 524 540 641 602 333 853 303 831 403 202 595 358 913 456 380 454 62 239 549 759 879 741 68 809 577 815 76 423 4 656 570 201 591 781 312 8 326 665 771 404 376 17 893 803 13 898 584 404 246 642 361 225 414 424 101 954 727 217 161 349 114 160 981 624 563 508 557 792 594 941 430 249 704 357 825 977 568 402 569 519 488 441 281 885 255 862 47 32 780 558 992 390 349 311 586 369 128 297
57
696 31 777 818 689 545 972 354 10 73 153 220 705 97 430 776 194 460 373 132 642 968 901 549 269 640 754 206 893 200 658 849 751 282 580 916 14 477 186 241 596 900 891 271 576 609 217 7 297 640 54 828 964 430 31 28 940
161
888 210 36 874 305 854 55 441 256 798 160 462 946 932 938 232 669 502 16 508 193 252 664 512 6 992 449 564 486 283 305 983 68 552 328 610 704 558 415 407 795 481 490 329 576 174 646 914 217 489 288 319 756 830 409 969 15 86 205 183 472 902 23 269 461 109 799 23 676 340 335 719 509 729 787 171 885 763 914 422 487 594 616 118 509 743 562 690 951 519 846 39 64 628 851 224 52 183 799 191 746 609 597 786 5 812 796 238 693 890 54 410 437 249 599 654 628 238 343 876 628 564 713 419 904 366 31 549 97 846 894 518 637 692 905 803 995 891 669 229 691 492 404 112 540 816 547 915 65 973 66 756 284 613 531 652 89 669 353 691 958
253
342 26 989 525 530 908 482 992 683 658 787 494 290 15 507 254 16 177 994 90 837 144 470 501 59 218 89 296 295 111 609 519 798 899 102 568 410 347 623 601 738 846 712 120 620 281 235 909 953 612 306 605 423 519 72 819 835 654 302 105 490 491 101 618 544 874 13 25 501 1000 677 574 799 114 464 417 888 823 716 309 343 122 355 24 648 982 292 573 533 561 88 829 816 332 294 510 247 392 367 659 613 42 707 725 492 59 462 445 459 517 382 900 925 511 376 992 285 526 546 419 541 99 835 277 585 293 844 775 256 479 522 219 642 164 884 928 184 24 77 111 822 845 122 50 954 840 390 737 229 197 828 663 952 565 179 785 202 315 949 241 840 34 655 854 343 464 847 346 39 791 66 821 669 375 443 639 298 345 595 723 637 438 304 492 280 904 680 915 638 928 237 428 890 734 188 214 655 229 398 897 128 176 761 62 370 458 775 582 328 595 277 653 136 716 301 287 590 294 887 474 127 791 619 711 506 323 852 739 390 932 713 970 291 920 623 91 813 763 243 637 589 886 218 42 299 772 852 614 903 708 334 246 99
475
183 355 226 844 766 762 334 29 856 285 251 855 459 749 722 689 553 914 399 381 470 665 10 736 410 581 235 539 387 451 899 702 754 681 412 864 308 57 18 296 819 123 348 773 830 376 335 198 324 102 402 887 990 183 959 531 902 143 720 348 564 77 102 31 873 622 12 468 520 750 768 999 4 880 186 852 19 584 357 774 514 938 844 916 4 315 879 949 662 234 424 493 381 493 673 503 18 509 926 742 190 842 59 967 260 745 865 929 848 18 164 544 12 63 977 676 984 981 234 714 73 576 979 88 785 489 206 836 718 120 710 443 954 612 193 419 836 690 947 18 254 30 758 249 2 148 3 673 333 731 558 817 774 120 50 297 828 196 935 739 327 915 109 267 82 449 711 205 48 315 986 308 358 216 577 443 205 248 521 941 35 931 883 147 180 328 325 173 20 629 168 289 433 377 125 52 800 318 1000 829 66 25 371 536 542 721 596 612 304 371 537 359 536 649 176 962 918 128 41 516 537 921 990 358 666 162 884 128 162 991 126 640 401 240 784 971 870 410 682 800 113 629 994 903 578 837 560 523 599 660 626 794 140 784 803 549 683 164 645 912 889 377 861 469 481 887 91 994 428 10 950 731 21 979 704 958 50 993 589 371 983 359 258 635 538 893 572 4 876 911 641 495 13 197 862 145 753 181 630 933 509 28 830 502 902 412 882 284 664 969 182 659 940 916 397 956 765 827 630 182 823 363 23 702 345 197 692 920 343 242 374 720 351 230 773 177 876 690 412 700 582 937 399 31 828 822 837 911 274 858 4 392 803 416 852 269 737 879 333 486 541 547 703 549 559 937 38 929 650 882 112 759 581 807 503 690 940 940 983 997 186 335 147 347 622 233 602 593 266 617 364 598 833 373 121 121 652 386 389 288 794 960 401 547 729 410 565 208 339 904 315 710 473 860 362 855 197 563 638 940 432 73 1000 63 637 846 889 508 141 825 737 952 115 368 762 308 749 644 581 529 388 849 676 739 6 403 537 408 411 185 143 576 629 159 438 891 905 757 163 852 891 433 91 173 492 130 541 468 837 607 655 867 970 936 994
605
805 95 744 395 979 46 791 155 504 687 399 966 583 588 533 818 900 936 989 787 956 683 658 302 873 885 137 794 732 747 351 487 608 556 346 281 249 35 1 830 135 483 951 141 849 959 524 485 96 433 513 712 840 205 657 139 749 990 647 109 302 132 859 640 281 448 472 984 694 714 684 624 814 811 633 243 60 129 682 881 835 67 629 292 148 644 840 785 949 821 924 453 677 938 941 223 225 150 940 758 720 362 304 83 442 829 150 359 262 879 355 561 690 173 317 719 585 768 564 730 813 783 332 44 901 796 166 250 62 780 719 93 120 735 398 36 836 675 799 805 250 744 963 684 964 337 979 942 394 459 179 565 790 444 363 309 444 886 721 287 925 148 430 592 712 332 732 155 608 947 594 383 998 622 141 297 494 201 236 461 774 382 460 157 548 569 472 458 147 467 9 614 544 301 260 706 294 475 769 201 486 302 372 680 513 605 532 945 406 535 524 358 497 223 811 283 461 822 918 575 522 139 332 3 584 558 600 714 498 142 862 775 937 215 647 84 129 937 664 361 488 275 314 665 195 372 288 438 947 881 799 619 573 377 293 492 44 508 269 185 200 297 224 702 88 773 911 624 592 688 452 868 586 912 961 261 80 475 251 635 959 483 95 562 923 115 602 549 610 784 579 746 514 155 971 103 146 206 80 603 234 397 796 380 102 72 20 827 451 417 684 879 502 666 958 333 622 277 572 598 121 490 545 393 779 13 356 915 525 388 989 738 289 365 429 642 769 438 368 215 485 440 447 189 284 299 641 636 852 217 480 348 929 463 617 510 566 501 933 48 55 31 574 88 99 919 578 288 157 230 493 520 162 392 916 858 202 458 483 968 837 524 687 297 697 307 804 941 508 870 336 502 765 293 661 619 59 766 153 964 199 33 485 301 875 90 841 402 666 146 257 454 141 205 500 497 909 855 482 271 775 471 24 340 347 336 595 612 899 445 171 567 232 865 823 40 962 928 908 112 729 89 717 63 458 606 163 182 846 86 210 271 431 777 874 668 127 26 900 27 888 50 30 618 857 95 316 713 979 802 357 381 906 802 94 133 345 910 613 971 191 612 766 795 142 502 581 653 889 320 113 825 938 639 171 434 67 715 346 634 102 920 804 54 657 34 656 297 220 426 663 459 561 677 548 414 900 359 390 464 290 117 416 722 987 531 666 28 673 364 740 644 617 986 880 726 480 599 574 684 709 215 974 511 551 274 547 632 70 693 965 904 95 247 712 544 554 151 262 177 252 615 807 520 916 919 173 544 771 805 31 614 408 95 89 96 139 235 342 927 855 768 613 73 159 735 290 828 185 456 567 470 449 936 675 583 936 180 523 398 293 681 526 761 451
765
268 309 246 798 319 658 581 940 646 706 546 758 516 700 966 609 471 129 158 399 191 651 151 439 889 525 929 673 606 24 110 238 764 769 944 929 703 701 130 650 210 94 874 792 643 888 763 146 780 142 580 281 930 300 675 500 802 916 729 751 600 898 107 16 270 526 323 861 924 531 60 4 385 630 397 67 712 462 868 199 319 455 939 232 339 269 514 60 500 9 237 194 312 959 490 694 2 214 260 822 978 14 175 800 193 581 289 747 367 415 774 869 802 781 434 780 393 697 395 86 315 974 953 802 379 430 530 713 141 843 921 581 504 352 950 395 41 295 806 446 122 662 705 882 714 415 170 435 158 447 580 729 664 779 57 151 572 591 520 206 900 655 720 877 934 88 879 200 581 143 47 324 466 617 924 644 334 675 67 247 220 365 177 293 547 219 227 219 740 144 998 129 851 285 383 185 886 916 575 143 379 995 360 479 241 650 454 242 771 631 696 838 461 986 92 464 283 755 906 962 798 470 963 853 451 570 667 780 630 283 490 287 902 188 938 721 480 379 628 579 133 135 757 306 644 854 31 856 190 30 605 761 716 518 131 544 919 63 433 631 449 685 491 64 186 776 596 830 87 379 319 285 791 711 801 676 373 427 972 319 508 933 976 529 329 74 319 240 107 665 239 577 343 871 935 64 862 770 274 846 486 915 884 352 82 825 366 853 82 25 755 565 295 726 299 172 975 539 85 404 24 905 587 466 433 519 136 848 770 127 599 396 99 420 4 337 37 610 438 331 284 946 415 703 819 954 114 476 837 356 302 818 256 318 217 193 509 131 42 10 842 122 101 644 997 92 353 139 741 430 83 64 761 904 113 538 248 360 24 712 364 824 821 303 98 53 77 475 643 369 177 822 899 638 579 81 559 485 41 557 190 982 218 801 275 757 891 301 606 302 897 385 844 775 70 940 421 149 946 801 82 476 298 990 381 742 989 78 727 908 460 238 864 838 228 256 698 44 695 627 644 386 760 769 267 977 668 524 729 469 785 827 622 715 614 231 671 747 838 599 596 68 683 522 701 556 934 184 769 115 973 259 350 60 11 466 562 565 25 665 697 97 967 901 322 624 508 997 977 751 244 969 422 99 774 831 738 510 432 135 702 857 977 598 451 887 859 607 925 394 8 389 966 433 807 210 430 601 610 512 421 185 644 632 185 964 500 519 277 890 315 320 254 214 252 829 451 472 657 998 447 110 572 64 902 199 343 348 362 564 815 615 150 7 428 66 400 501 178 307 856 615 820 978 51 829 715 891 835 351 630 605 987 866 802 585 5 217 792 416 198 750 599 547 337 337 767 948 602 565 445 711 223 174 266 198 608 115 279 736 383 764 1 420 808 291 375 447 774 856 772 678 917 99 917 603 112 898 857 705 571 338 427 225 795 649 533 501 773 626 114 329 252 228 740 52 42 168 309 32 502 157 13 977 840 168 515 458 954 973 886 44 381 888 553 355 392 466 126 930 471 733 375 376 932 906 937 333 207 870 444 103 153 809 151 680 227 388 954 862 760 109 740 78 335 817 976 406 912 372 260 25 668 890 17 84 609 887 258 224 843 106 410 953 330 60 421 165 852 894 138 25 415 613 852 160 986 435 840 532 272 674 464 69 998 51 203 846 963 301 169 265 597 513 411 747 998 799 930 578 593 229 672 319 937 426 945 513 641 48 339 103 794 70 173 729 326 363 716 713 720 877 938 327 359
560
647 967 403 711 534 476 39 357 824 887 89 542 633 461 809 409 353 957 491 342 796 659 1 128 412 340 765 188 60 211 54 644 194 658 987 400 975 663 903 598 706 527 398 718 873 458 73 35 49 936 225 251 833 148 878 953 84 677 217 261 728 284 769 780 760 459 195 759 580 291 291 355 817 656 432 652 148 145 732 933 944 706 333 932 258 912 430 518 460 470 286 176 448 881 523 819 510 221 110 64 371 6 730 454 479 195 821 22 747 140 451 431 271 428 312 460 388 4 717 702 332 917 626 491 636 500 425 987 298 206 216 200 308 296 207 84 406 322 945 555 913 198 332 545 157 982 742 659 11 560 779 978 340 653 425 708 37 10 425 31 748 689 403 807 570 39 632 11 524 970 143 237 851 658 377 143 528 242 132 424 424 468 376 588 572 357 760 858 899 714 234 453 145 374 7 639 478 686 357 964 621 945 9 807 29 896 750 653 459 451 171 393 354 10 814 18 809 413 465 753 149 228 600 525 193 196 909 392 958 45 123 412 381 336 618 214 369 952 23 484 883 558 431 426 82 95 164 636 493 74 139 883 34 334 28 939 857 53 667 661 131 836 380 314 288 99 980 217 909 734 735 979 242 493 815 267 685 955 744 183 144 891 238 49 736 489 778 549 855 863 184 85 741 835 356 727 598 742 786 736 335 368 21 403 776 196 359 877 749 537 137 389 805 657 865 526 988 52 661 952 161 506 637 263 581 626 42 24 578 456 764 64 450 87 370 406 891 784 487 175 449 46 922 803 98 804 505 228 228 566 617 84 312 266 656 956 261 733 596 997 630 806 55 255 601 497 722 77 894 503 57 135 700 817 942 278 625 675 333 409 77 606 108 515 86 584 857 149 640 367 339 842 7 813 307 527 10 509 198 31 333 542 289 935 778 534 604 901 727 212 899 227 738 143 140 117 502 340 458 396 978 460 457 493 650 951 79 475 177 988 640 481 472 683 753 222 376 27 172 279 309 292 505 150 188 869 200 452 910 288 822 735 955 799 882 233 262 853 301 185 555 508 963 492 941 834 623 377 60 890 274 833 905 511 585 45 842 636 66 831 666 81 148 788 459 890 309 863 238 770 124 674 890 94 937 125 369 501 104 486 642 774 981 486 141 781 694 484 310 354 769 122 677 998 947 905 659 446 21 105 658 153 485 75 913 309 1000 644 73 665 915 501 1000 495 926 453 773 265 706 368 361 783 420 302 45 422 901 898 385 437 869 251 820 611 808 177 456 391 74 592
971
259 406 535 106 664 245 14 439 128 869 410 912 157 650 375 106 842 462 677 622 215 697 178 719 534 449 173 228 130 975 893 650 536 461 282 838 584 390 788 86 659 974 797 813 786 130 319 448 675 67 58 337 651 488 41 267 535 951 253 42 120 540 117 911 81 509 757 853 264 764 481 584 346 170 384 643 609 794 451 107 179 107 440 234 807 646 543 793 239 53 554 943 714 781 335 849 10 270 153 312 833 597 414 263 462 21 170 764 855 314 305 761 310 465 919 893 826 368 724 201 245 752 59 358 63 156 139 482 239 188 286 599 765 470 612 393 302 174 705 801 986 822 964 497 185 616 222 267 530 191 522 492 471 767 331 76 376 963 265 894 667 126 385 982 952 316 739 97 818 991 811 961 542 876 809 526 471 522 387 436 596 626 543 458 247 754 287 534 615 617 898 95 113 841 854 468 244 983 692 552 463 334 852 598 102 680 437 95 73 650 524 351 614 411 624 242 353 156 654 393 440 651 448 722 296 916 112 964 799 784 282 524 517 870 340 538 472 757 15 180 924 276 843 404 886 289 360 612 53 30 993 901 416 576 494 572 808 37 982 356 213 320 24 36 236 888 939 363 970 8 394 507 474 989 374 770 454 640 173 843 48 368 566 148 317 759 56 74 384 32 783 633 749 131 873 603 558 37 487 692 109 852 898 111 964 861 550 609 411 62 296 845 207 643 631 697 924 863 541 348 499 141 185 677 7 462 739 113 178 492 388 94 203 680 248 453 172 323 739 612 3 141 135 865 870 430 650 580 870 693 322 846 541 296 536 834 511 386 945 742 192 345 945 27 232 351 564 631 7 487 13 168 199 415 962 527 615 880 350 416 623 992 983 231 386 477 805 250 91 48 351 772 417 133 994 26 181 95 338 883 730 131 474 397 906 425 587 464 806 300 644 817 416 61 652 799 453 798 264 3 580 463 853 971 718 460 945 725 728 610 176 65 445 745 282 938 734 416 401 57 631 122 835 15 568 249 648 59 255 901 350 578 173 567 849 603 99 383 315 189 859 935 358 69 388 349 400 906 123 968 846 183 715 596 305 642 927 224 996 557 321 440 398 864 270 531 603 817 240 627 301 94 731 14 252 306 996 107 691 527 124 386 616 720 334 656 8 378 156 362 596 689 126 255 859 598 45 957 847 501 637 456 349 736 135 651 602 72 799 522 958 171 668 661 512 662 468 617 80 86 761 799 219 812 538 934 85 517 446 229 365 261 471 377 15 171 685 169 608 151 990 138 795 739 284 561 409 169 380 916 202 747 591 91 701 389 917 375 209 957 856 802 33 579 26 666 582 845 550 803 191 893 913 890 841 339 410 743 624 365 80 484 247 835 550 107 431 893 64 615 813 685 200 948 172 970 353 712 982 825 349 905 745 779 609 16 519 801 615 908 396 817 9 941 233 502 870 220 856 72 572 501 471 133 745 339 184 107 634 668 329 792 13 665 220 862 84 497 972 357 224 42 88 511 721 426 557 732 623 803 180 627 360 780 477 30 834 839 749 943 232 387 546 670 893 66 622 555 922 202 419 655 37 685 488 391 468 709 665 961 558 137 428 625 183 739 601 323 233 572 680 879 156 568 978 390 213 853 877 183 418 190 946 632 801 12 177 890 905 849 373 349 752 528 105 408 873 352 52 516 186 290 733 688 822 553 196 340 49 463 293 86 43 65 971 184 264 882 77 893 260 829 47 837 971 591 993 336 383 569 231 575 536 649 996 361 490 244 104 581 651 162 78 93 578 815 766 412 978 895 501 525 682 110 61 747 969 378 637 722 204 750 405 420 938 648 951 216 975 563 578 674 61 630 265 755 280 2 29 881 324 242 783 678 175 499 194 560 871 98 540 249 749 741 446 845 299 882 968 432 977 798 270 204 275 144 280 549 887 568 653 386 667 41 79 563 723 887 779 568 524 885 891 934 613 263 407 35 709 649 215 688 899 626 125 177 723 841 809 253 845 538 231 21 380 64 587 565 615 589 745 518 322 190 921 563 910 242 786 294 233 206 816 42 426 469 933 410 856 547 483 954 366 927 580 224 956 133 838 108 432 138 762 8 582 492 339 547 534 831 741 488 485 625 219 257 661 260 836 285 171 417 314 523 736 638 466 968 54 421 585 144 141 999 921 306 299 619 870 234 380 370 52 849 299 644 533 498 357 302 111
34
568 844 455 872 326 906 144 87 888 870 897 729 855 453 273 676 977 650 980 934 939 87 901 870 811 351 579 632 61 997 392 691 532 497
289
399 728 709 750 500 877 404 729 69 14 722 179 515 365 482 600 76 453 121 960 987 210 461 94 930 632 281 291 80 447 33 947 350 350 35 944 541 979 89 754 767 862 993 370 747 162 378 774 954 276 885 21 689 313 866 455 326 991 463 636 568 406 674 755 189 829 87 189 649 859 223 921 862 812 86 415 472 562 201 461 865 158 97 752 108 144 530 15 427 471 724 273 966 679 485 207 943 663 692 384 388 142 509 98 610 940 749 320 819 314 995 553 279 428 359 891 317 399 918 592 439 964 176 748 418 724 637 1 848 747 216 252 828 939 129 179 287 963 179 566 297 959 641 228 241 151 943 936 421 606 345 750 362 685 830 928 167 136 117 575 17 115 368 489 817 937 874 500 162 115 355 367 201 433 651 72 882 365 292 738 324 677 204 393 22 360 708 300 570 558 908 63 988 135 323 955 571 906 469 849 913 378 253 11 748 760 756 190 225 925 173 614 868 292 68 61 619 993 156 617 552 186 283 405 585 775 827 301 667 431 910 635 606 179 546 681 402 155 714 221 128 878 761 468 548 240 61 860 36 76 445 54 4 524 302 367 220 104 702 647 899 844 308 891 437 604 608 920 8 364 15 574 686 914 748 832 227 706 676 892 111 208 912 111 715 976 882 889 454
980
653 473 34 539 4 577 95 195 90 107 171 966 125 17 522 691 104 401 977 18 833 211 832 222 902 713 854 635 550 347 641 254 35 618 111 50 493 894 389 942 75 864 932 109 935 747 95 164 850 128 425 859 660 417 863 43 75 253 968 212 969 744 137 724 588 981 846 468 926 118 434 873 10 295 235 99 892 143 897 281 871 709 61 589 528 662 326 579 908 675 785 628 680 990 74 222 280 638 626 371 480 57 431 298 112 412 726 243 443 82 134 531 792 560 856 967 290 335 244 597 94 581 849 923 685 292 112 153 253 959 804 834 818 789 230 778 695 28 229 669 381 431 110 155 729 276 887 185 982 635 276 444 151 585 586 856 186 128 477 917 46 981 904 840 467 587 328 84 538 377 895 792 966 616 53 143 710 939 248 849 273 253 406 499 976 153 989 632 765 254 65 395 582 163 388 366 42 564 571 326 767 834 471 663 734 130 250 316 939 373 953 223 947 804 512 978 979 850 534 300 599 429 667 588 472 233 144 444 670 465 576 815 4 988 53 170 877 785 326 195 157 870 310 654 401 623 961 264 72 539 773 384 87 174 114 17 360 70 265 175 275 766 658 402 70 552 346 330 290 149 708 53 135 659 66 19 556 414 657 370 348 46 479 804 604 99 880 712 40 373 10 523 428 976 883 714 218 558 228 690 27 291 67 766 66 642 166 33 897 733 947 111 919 731 372 663 392 397 423 780 3 49 32 168 316 306 397 873 456 88 46 127 884 235 433 763 400 301 515 942 488 4 382 517 785 398 464 522 641 955 740 30 16 599 723 893 392 438 181 468 765 678 308 373 191 478 635 659 769 591 154 159 349 954 526 92 609 395 265 768 451 532 128 304 129 409 716 348 696 282 305 85 981 967 10 64 189 520 981 701 331 300 788 879 710 746 144 464 383 644 943 548 776 887 182 990 554 664 875 875 522 287 172 845 104 94 848 488 554 676 366 674 669 576 122 895 649 363 634 286 111 640 389 802 380 939 182 476 121 953 36 811 467 649 43 404 627 896 19 493 587 9 633 88 490 893 873 987 459 32 220 826 225 696 738 215 959 560 407 213 924 36 596 569 730 676 947 143 533 961 724 727 795 39 901 855 764 288 715 376 904 423 894 882 521 125 219 210 187 146 243 425 295 693 407 528 210 619 654 512 985 828 221 354 972 410 903 854 176 954 623 814 139 397 943 282 78 371 893 512 869 18 747 663 489 393 643 908 198 621 785 894 729 627 368 48 630 727 520 552 611 653 782 375 749 438 210 798 108 29 380 554 798 11 70 520 851 831 900 536 884 475 784 134 509 183 921 970 751 275 603 189 569 972 774 529 276 50 897 552 898 515 337 772 737 735 468 298 329 609 678 296 470 788 625 789 157 635 397 625 626 801 58 339 306 30 873 172 896 83 400 885 872 883 957 61 774 994 905 833 105 396 828 654 580 131 980 282 949 474 683 420 818 386 494 123 255 893 764 590 638 777 545 202 867 217 254 949 188 647 919 497 664 829 484 110 424 11 434 991 379 926 767 791 663 586 18 384 553 493 71 226 633 186 170 659 576 63 61 335 425 390 41 517 674 566 709 486 397 656 294 78 259 177 818 920 910 321 838 604 813 521 798 46 872 206 205 976 358 928 109 507 389 234 559 768 417 832 419 693 702 925 26 70 911 641 17 269 818 84 989 782 234 935 828 98 955 812 260 993 330 384 572 646 83 413 10 761 755 479 747 442 335 412 524 572 726 521 435 666 121 897 524 879 654 770 568 722 499 72 153 46 235 752 442 869 933 753 396 198 350 410 877 293 32 348 53 478 286 365 282 668 781 743 259 107 141 48 169 246 774 684 815 328 894 790 759 643 166 319 552 910 237 76 237 878 793 159 18 231 740 746 50 598 832 610 517 621 980 851 634 68 25 714 45 137 540 173 549 192 42 431 27 480 727 309 868 419 628 630 744 741 221 558 979 72 340 745 210 36 3 322 220 675 948 218 781 327 930 875 674 244 669 969 691 350 600 941 317 479 477 842 572 352 431 99 89 339 717 374 830 722 394 138 436 807 152 794 859 455 599 809 842 841 72 19 266 687 559 231 576 363 619 627 26 979 426 297 495 549 927 983 547 134 61 148 169 49 721 218 595 54 583 879 189 447 710 941 986 653 417 886 453 416 662 909 552 595 243 691 590 848 968 335 578 506 702 312 795 847
388
149 952 556 293 150 62 778 837 49 579 88 768 436 826 649 322 576 174 772 707 315 320 483 813 100 16 721 749 893 23 592 192 528 881 317 824 752 672 943 324 504 694 50 674 141 983 116 716 681 246 614 718 71 829 427 373 233 389 279 952 265 292 83 673 742 592 161 894 983 852 333 991 928 202 991 457 733 708 298 907 945 574 256 992 706 75 218 629 562 358 322 453 112 904 387 141 606 41 640 951 664 991 790 777 45 692 929 944 164 716 521 951 958 895 555 740 681 564 144 89 265 953 724 14 162 798 364 494 753 980 221 930 673 530 349 139 994 560 402 106 871 242 394 267 729 639 476 52 996 697 754 830 356 209 443 949 76 158 827 820 5 550 593 19 385 47 599 2 604 1000 327 458 612 17 754 570 515 753 726 918 145 353 909 645 382 972 468 747 34 216 809 794 404 594 541 947 812 579 729 751 792 186 770 984 27 499 369 36 754 762 716 57 882 782 802 761 965 682 361 943 992 953 812 167 465 839 189 749 734 850 344 467 123 115 206 940 149 200 247 131 769 831 786 5 196 436 895 772 462 700 454 335 138 478 639 807 316 862 20 415 636 212 336 444 226 943 899 162 266 483 571 228 858 188 549 406 977 666 981 61 40 259 14 696 888 168 505 575 924 834 781 743 896 815 617 872 392 373 833 502 225 336 171 332 302 441 225 707 544 742 297 67 700 481 705 664 437 731 192 559 468 180 789 725 652 615 341 572 93 376 622 531 227 681 346 159 445 712 941 11 327 721 54 712 66 987 677 302 673 602 63 557 755 586 554 324 271 504 844 712 276 208 82 649 251 638 712 427 973 649 283 785 547 423 97 112 308 793 294 832 706 986 64 333 242 642 399 745
963
623 111 656 266 833 830 499 115 71 283 883 514 195 895 326 600 792 169 359 47 805 481 728 215 51 745 195 913 696 291 138 781 932 502 390 41 477 39 904 96 972 673 191 893 558 704 908 360 432 233 998 376 381 994 56 713 14 50 209 728 908 555 620 907 372 699 535 439 622 525 360 15 766 998 732 563 995 800 724 365 127 243 839 226 745 678 818 793 271 30 942 656 659 403 475 95 18 311 958 67 211 743 385 716 54 439 20 258 398 362 871 259 848 717 993 649 178 21 983 956 393 673 672 725 315 773 798 736 958 926 859 656 416 275 865 904 389 431 264 790 492 536 374 535 203 834 442 817 897 521 299 97 769 448 156 424 415 483 224 700 351 324 870 218 551 447 955 858 768 695 701 94 242 66 43 130 455 268 315 360 274 364 671 800 527 513 886 80 791 496 504 501 856 940 114 770 885 295 703 807 628 49 651 116 788 705 456 769 374 74 72 246 495 526 369 502 507 205 768 324 646 620 62 30 441 543 418 124 460 328 120 807 369 81 568 236 265 759 589 893 639 437 247 320 576 154 981 843 45 775 389 823 216 443 618 349 365 451 795 895 873 59 321 606 326 9 771 976 856 370 661 593 1 710 140 811 735 937 722 659 281 591 742 983 872 376 749 112 284 212 678 227 981 508 955 533 935 909 291 407 340 680 823 617 445 562 153 182 118 762 203 49 117 939 497 261 49 59 492 673 183 769 296 704 81 665 243 818 273 857 698 742 76 223 546 184 809 549 7 315 875 190 619 277 286 694 696 133 217 701 82 808 670 906 230 453 870 882 269 192 56 635 871 611 610 95 971 289 568 448 829 995 500 520 74 600 514 791 687 939 601 933 389 603 167 254 740 161 648 591 648 209 894 21 198 953 356 609 773 129 851 652 342 910 780 507 334 240 128 39 590 277 933 933 85 939 894 841 50 419 409 160 467 50 989 380 270 258 419 94 912 357 267 270 149 515 562 608 407 501 339 453 117 386 41 506 429 552 742 282 225 515 741 770 644 462 262 88 289 998 484 83 648 499 250 918 997 377 455 262 496 726 800 788 992 491 84 670 212 889 999 660 319 229 93 991 175 65 291 645 975 127 218 546 56 269 872 353 569 551 603 585 894 519 282 774 229 39 608 635 324 748 913 137 885 825 947 959 505 704 298 219 398 221 789 687 773 387 921 318 846 62 240 50 615 687 831 970 30 506 137 559 548 743 536 52 941 486 668 906 674 143 792 207 307 917 347 534 120 30 162 790 63 245 237 485 626 507 752 730 25 894 687 49 142 811 363 963 702 812 553 744 631 24 118 942 659 377 676 109 546 293 468 915 660 646 680 402 140 497 846 89 62 521 188 203 111 22 108 58 303 152 968 166 189 844 596 903 638 530 413 485 971 236 93 572 48 773 238 399 750 981 103 315 770 554 300 130 248 219 152 207 809 533 661 649 925 468 69 347 818 106 526 33 313 219 276 634 408 494 91 857 548 488 639 581 96 405 28 741 498 925 307 165 876 767 213 834 166 918 560 223 525 168 723 920 475 241 296 342 249 337 721 441 74 956 995 581 138 279 6 300 968 45 630 505 457 503 861 815 667 146 669 734 291 537 567 169 610 959 783 505 257 1 93 949 338 897 77 408 220 923 500 911 69 854 85 107 496 538 937 827 238 308 308 779 719 516 538 61 761 777 159 85 545 673 803 919 206 894 667 669 77 69 378 964 268 99 59 983 455 662 758 70 182 635 693 262 277 688 174 926 617 361 300 158 15 46 556 777 52 465 624 52 826 748 756 616 356 687 352 719 14 998 148 23 22 533 287 946 945 110 172 850 448 8 109 82 147 391 729 155 858 202 278 477 733 152 754 825 132 131 812 494 79 893 483 176 8 712 222 801 659 524 181 632 363 566 548 224 658 13 543 887 535 950 776 702 743 37 766 644 135 779 946 476 512 660 835 540 772 788 103 83 383 595 14 94 299 174 964 323 578 833 895 333 441 916 710 236 883 979 283 889 896 613 958 978 553 806 398 908 393 807 646 107 605 245 743 160 586 59 390 958 439 917 790 836 370 17 264 15 832 17 933 131 99 558 890 146 557 88 969 691 146 437 763 878 247 115 289 18 841 145 87 702 837 474 790 649 423 645 741 106 706 305 533 294 973 560 262 687 936
814
883 528 559 345 263 227 616 491 424 797 609 733 746 897 141 263 654 686 40 357 942 331 987 487 97 850 206 937 212 512 153 460 785 470 394 37 775 653 103 170 551 35 391 450 833 75 574 458 343 546 389 551 992 457 871 93 854 386 86 596 946 373 345 840 878 533 427 154 810 847 176 748 721 326 614 157 837 720 808 562 815 474 331 612 799 402 670 970 406 866 819 197 225 461 746 826 843 192 41 149 12 393 271 2 756 958 547 552 860 885 509 826 702 203 408 459 13 796 530 645 663 654 917 415 233 901 973 686 352 577 972 369 736 854 541 846 913 708 498 278 749 46 165 38 868 486 539 86 312 731 591 880 995 524 967 862 45 92 919 422 901 919 596 659 895 105 781 929 97 823 342 643 245 922 726 219 141 275 598 861 777 367 391 712 798 948 936 599 240 63 60 249 261 576 473 91 329 942 202 864 103 760 386 47 333 733 464 232 690 808 999 566 563 517 636 173 705 442 114 593 375 853 474 653 344 842 642 236 656 344 809 759 88 145 439 638 882 841 988 538 850 629 66 93 570 950 139 69 171 854 862 110 478 352 184 947 744 910 878 982 146 93 242 593 66 817 940 769 238 965 759 592 873 133 610 633 45 835 261 884 777 235 293 97 505 11 464 552 34 236 479 667 163 395 697 682 409 196 113 766 546 221 290 764 529 435 530 149 296 889 405 721 606 43 733 11 514 719 762 831 350 675 815 650 529 5 485 263 811 205 266 673 248 531 298 223 668 618 497 155 143 287 735 660 699 328 297 189 302 366 612 341 371 136 273 913 541 791 138 717 626 298 561 164 947 500 268 895 178 593 698 656 418 481 247 162 243 67 213 430 974 851 99 635 450 875 827 142 526 29 18 573 280 899 519 219 289 528 27 837 427 459 195 323 956 316 644 84 404 871 912 421 199 574 388 416 265 985 292 499 291 743 92 312 588 127 396 332 485 731 75 40 704 590 812 212 242 572 164 875 818 936 693 299 76 398 815 470 869 531 883 901 781 237 953 993 387 131 441 698 833 516 66 643 652 721 53 984 179 692 399 776 952 955 457 913 322 521 493 433 782 622 116 407 438 758 922 605 820 59 143 359 719 867 116 324 101 372 448 999 615 817 582 761 313 358 56 663 179 53 341 692 531 465 221 151 827 93 306 483 766 171 604 293 260 855 145 968 666 802 782 546 193 221 945 501 739 642 946 601 292 405 466 912 545 735 278 342 633 942 659 243 599 479 683 604 326 622 300 8 167 455 32 286 921 243 264 972 725 533 460 204 820 731 171 184 538 907 438 559 537 769 148 98 645 135 661 713 874 215 193 260 229 807 14 455 599 573 284 149 442 631 880 657 769 12 263 769 813 499 681 691 453 810 663 259 971 80 992 64 596 88 6 603 212 749 839 108 455 877 626 549 214 36 438 372 144 1000 429 352 723 444 897 533 635 289 553 796 605 273 666 90 29 516 550 974 77 237 528 952 168 530 165 428 862 533 723 755 254 654 988 345 623 394 863 35 354 848 657 649 366 922 686 127 647 235 195 494 538 500 306 32 719 159 10 477 735 647 815 19 545 434 847 874 134 369 257 267 380 205 890 463 350 582 705 911 332 688 736 303 339 484 529 340 254 946 173 380 101 293 650 569 904 495 351 362 861 845 530 214 299 516 491 91 144 156 661 454 989 443 523 491 596 679 269 317 699 306 22 732 796 575 595 367 46 987 991 154 356 556 815 982 168 978 429 827 329 196 7 993 981 119 161 288 411 426 696 549 403 833 931 269 56 255 418 599 18 468 365 343 316 535 516 951 759 103 913 27 958 902 975 905 917 983
648
684 444 419 986 128 855 983 714 505 709 815 96 273 238 674 891 422 904 79 3 130 71 398 311 328 775 82 624 918 455 652 433 180 130 562 291 322 10 313 837 621 712 209 484 98 108 314 996 490 18 762 48 823 869 659 107 536 978 415 347 343 883 578 718 844 183 216 404 149 242 82 829 847 181 730 685 349 200 258 393 410 204 691 654 195 541 217 165 63 459 35 188 770 408 282 704 569 707 467 669 869 656 561 180 174 346 298 210 244 890 341 17 993 202 920 600 554 365 281 983 40 348 958 226 702 904 425 349 304 164 750 850 200 336 778 259 886 281 257 306 808 562 271 537 413 752 217 460 951 803 83 916 705 205 869 137 930 352 150 310 231 960 595 7 770 419 113 491 112 254 216 747 375 280 921 70 966 495 605 441 174 579 411 663 600 151 658 110 491 405 941 734 405 831 887 371 785 106 215 535 756 399 939 553 798 377 910 395 206 536 113 5 774 239 289 139 646 484 179 113 825 182 889 731 296 872 912 182 241 27 398 953 331 794 21 640 108 161 852 575 527 820 378 896 733 672 248 459 900 533 649 848 894 853 176 949 672 243 717 609 297 583 870 38 792 396 663 324 504 746 450 310 576 879 64 676 844 580 344 414 914 628 205 250 161 273 685 449 341 682 567 311 656 948 621 561 291 464 90 815 305 477 226 189 550 893 497 755 363 13 360 217 202 557 47 797 950 475 929 358 235 853 951 642 483 481 601 364 264 871 177 605 793 787 172 950 517 580 1000 203 895 449 538 804 47 22 812 667 754 466 729 55 644 187 675 640 399 131 446 708 641 786 117 132 484 896 840 476 908 117 935 341 429 416 970 209 719 402 257 925 724 224 737 544 183 358 551 914 572 165 192 286 5 438 865 785 132 405 403 982 383 897 407 208 407 431 730 496 952 870 515 450 673 105 39 46 973 452 502 774 536 319 661 970 706 469 202 152 120 55 560 864 260 728 339 889 213 989 775 453 651 452 848 472 428 222 54 584 992 147 14 92 410 985 181 921 257 802 343 456 845 912 916 991 940 323 1000 839 669 779 631 491 880 789 136 992 18 38 81 223 152 125 447 311 1000 765 32 791 392 7 888 238 23 354 253 522 512 131 235 915 525 998 460 848 255 871 997 91 277 516 717 696 623 598 184 762 68 488 863 919 288 422 560 476 999 191 275 484 72 459 305 494 42 989 972 833 452 46 150 39 919 336 356 913 919 35 251 811 469 109 28 244 181 862 440 235 470 208 658 936 521 326 447 114 898 286 602 867 80 344 756 320 36 491 789 827 205 892 232 116 181 578 432 852 814 808 467 535 175 121 132 748 597 825 516 90 205 423 572 379 209 638 70 831 851 439 75 954 633 68 16 185 543 819 683 918 28 300 278 237 465 397 256 424 925 963 281 300 18 624 325 960 970 272 158 549 756 897 180 377 465 344 103 312 273 251 965 797
871
548 827 961 707 788 527 58 135 754 914 527 236 848 602 62 698 77 608 663 114 44 390 608 603 708 434 405 819 957 551 410 860 591 73 262 603 391 538 275 873 635 275 999 659 119 382 109 564 844 762 242 756 886 889 977 12 232 646 733 846 734 155 532 209 368 492 796 462 725 787 891 529 696 492 846 789 155 542 392 591 308 364 831 618 284 78 484 610 883 818 472 992 911 761 58 292 170 588 139 434 892 148 433 167 241 945 49 158 162 853 674 331 725 400 578 429 734 903 480 92 610 415 759 939 40 16 702 84 451 112 451 364 291 321 754 314 464 353 861 903 324 276 133 375 711 133 835 539 370 796 536 479 570 85 264 840 230 991 648 933 481 319 406 36 473 678 55 344 571 845 181 76 788 199 531 736 750 678 284 205 78 497 683 59 133 845 981 706 838 696 442 187 595 474 110 122 71 760 18 404 56 383 95 729 153 945 357 528 381 222 821 462 1000 666 32 136 817 757 14 124 914 121 972 299 173 390 617 503 591 805 737 728 70 613 771 832 156 911 109 66 335 388 891 978 868 722 923 711 366 745 890 11 519 653 257 801 289 832 487 608 231 710 315 926 139 326 102 354 895 993 614 190 377 269 332 216 270 75 790 568 605 75 670 420 198 951 733 662 237 27 784 341 83 41 157 503 435 752 705 791 68 823 322 96 141 105 449 168 553 221 482 522 198 744 127 494 117 699 795 324 619 646 342 73 986 190 349 212 668 822 580 33 804 181 140 200 998 574 618 47 429 180 623 819 727 81 763 726 784 21 791 248 915 306 787 360 835 88 523 960 856 74 543 57 133 100 726 328 61 915 359 43 700 124 420 84 823 106 315 448 217 532 268 490 898 454 698 305 433 810 167 1000 649 54 536 145 202 292 219 81 436 599 915 753 539 63 127 897 674 193 355 566 939 818 853 423 231 311 791 143 828 73 246 724 741 997 476 920 818 827 25 534 9 322 448 148 284 474 197 214 73 71 892 542 823 918 986 437 107 43 115 365 662 201 328 729 320 704 623 283 400 874 321 193 751 19 169 161 78 344 46 883 308 900 409 236 262 752 7 296 288 884 136 391 467 143 761 82 351 527 463 659 50 590 202 754 631 985 369 483 978 173 908 45 925 205 469 12 904 541 233 402 22 388 21 906 812 519 562 455 954 449 315 922 812 260 114 497 744 924 731 656 829 423 670 54 496 818 252 129 829 989 49 972 835 762 632 702 280 50 922 552 91 613 885 240 374 972 238 75 514 919 293 309 386 946 41 868 783 623 427 176 996 349 92 202 464 580 548 723 748 155 530 103 8 641 246 665 147 855 315 244 241 753 404 706 962 768 213 966 535 405 988 386 732 746 497 585 608 995 901 404 23 474 278 860 432 301 599 213 816 200 355 671 981 103 772 964 556 414 97 154 82 84 938 464 130 304 710 929 806 228 145 267 521 550 215 234 97 148 47 255 530 857 230 230 247 31 394 325 237 23 175 701 871 106 621 700 684 844 186 317 515 103 364 693 859 746 385 72 694 745 740 346 684 80 325 627 437 933 36 636 551 81 989 737 41 695 29 849 758 375 563 426 62 283 483 536 778 835 437 866 732 85 205 40 41 103 558 500 915 784 579 973 214 125 441 777 681 837 395 240 676 688 684 430 158 276 888 2 206 210 224 452 150 591 700 530 434 717 518 144 568 364 668 411 489 617 250 790 167 551 739 357 176 374 637 441 217 197 730 564 215 319 902 503 490 804 443 89 155 306 469 362 439 834 76 681 815 221 161 899 827 306 442 611 442 433 903 223 965 301 104 50 538 587 699 583 859 102 105 877 494 446 610 993 660 700 993 439 331 880 639 282 668 780 968 36 277 865 155 809 270 372 164 508 936 746 344 85 525 628 896 30 807 422 364 356 606 288 298 620 58 945 914 462 999 727 106 938 523 457 910 493 887 739 526 775 901 163 575
243
371 125 505 939 393 845 95 573 908 913 378 964 904 345 121 955 976 582 244 14 563 624 237 627 609 142 457 921 559 761 964 86 940 945 552 4 975 391 24 333 826 411 943 504 843 178 394 15 765 628 650 796 965 351 783 271 298 172 559 215 883 121 187 516 768 393 167 573 587 495 264 469 360 976 524 397 129 733 499 272 51 18 890 244 11 127 984 146 793 220 750 939 698 185 626 244 643 639 409 206 644 474 222 574 875 978 460 649 137 762 598 370 799 290 643 204 705 606 809 809 342 94 515 40 428 874 594 968 285 163 825 699 16 863 723 65 121 787 130 186 153 132 688 308 344 995 472 104 34 22 784 651 699 82 560 570 818 666 515 353 841 750 151 909 926 496 156 143 617 127 428 871 660 794 146 595 974 372 479 361 480 293 466 360 439 838 996 367 512 169 656 361 565 94 179 305 617 365 18 640 349 810 464 64 71 622 358 734 906 917 390 366 56 853 843 210 516 678 386 271 824 373 341 250 51 934 5 449 18 987 262 152 691 159 685 665 819 876 148 382 256 391 31
436
168 316 388 654 188 221 655 634 85 817 403 960 42 878 19 45 287 891 26 525 513 269 316 495 802 105 485 807 767 38 719 542 283 432 742 56 761 308 176 26 68 1000 658 256 393 639 152 587 828 48 624 244 637 485 85 386 201 290 641 762 781 200 857 643 92 752 148 292 91 99 176 191 956 393 783 763 504 821 682 354 347 545 769 733 360 286 776 320 955 594 950 587 947 884 233 458 694 525 705 727 63 723 773 597 859 592 277 840 993 95 582 743 17 433 228 682 556 875 65 425 908 95 163 758 179 768 200 229 41 661 611 757 258 810 113 777 41 898 647 822 837 113 872 375 159 251 41 539 715 310 861 941 477 915 512 960 44 30 137 665 269 244 218 481 875 484 739 800 824 190 673 188 793 732 588 291 76 748 913 502 246 124 831 881 242 510 114 369 452 43 611 540 882 831 870 911 786 268 431 660 9 105 294 640 204 491 973 226 569 358 265 976 940 337 221 182 469 953 501 611 99 629 648 187 343 263 267 962 798 386 985 241 659 852 618 195 379 482 358 379 520 332 484 388 964 889 826 385 535 83 415 546 845 858 827 316 989 882 744 432 41 696 826 839 84 439 595 53 195 932 992 412 689 324 139 294 468 820 227 364 852 732 227 350 676 289 733 605 450 166 864 876 224 87 392 601 717 149 235 939 194 940 657 739 86 770 845 520 49 386 980 423 717 521 819 654 458 341 703 928 298 661 921 186 695 451 871 136 774 804 250 953 80 739 395 849 571 362 116 620 134 717 127 678 496 973 211 342 593 909 766 590 618 548 439 2 950 624 78 197 394 777 157 921 267 905 394 484 454 569 961 491 509 732 12 530 390 375 203 773 969 87 405 444 475 515 734 449 680 73 33 389 231 913 443 595 273 485 316 822 489 62 559 615 635 427 325 729 833 910 990 359 954 67 811 651 792 751 221 170 179 255 225 418 369 908 419 891 774 854 842 721 825 704 921 11
396
903 1 736 541 776 428 938 558 227 721 1000 198 123 996 50 489 554 341 501 539 148 200 754 475 826 142 531 359 495 195 221 212 549 581 98 48 845 475 139 209 970 898 82 324 744 165 14 154 230 344 632 531 313 557 166 190 240 188 943 783 25 285 805 288 310 507 769 95 56 927 941 374 360 756 865 205 546 419 952 583 422 77 485 732 399 360 535 156 909 237 469 267 557 674 551 715 979 661 786 376 115 540 189 664 446 4 748 549 824 608 821 909 39 614 397 924 498 367 346 765 74 15 132 355 461 292 180 321 270 885 570 786 115 263 249 1 15 172 369 589 235 496 670 316 408 89 374 986 662 297 10 213 334 600 169 146 620 724 24 865 819 382 734 403 749 957 916 26 627 299 849 667 965 758 945 452 281 200 661 790 305 540 181 385 845 347 631 432 648 714 681 876 280 626 272 724 195 564 200 129 992 433 202 344 228 803 341 991 126 17 835 697 735 330 558 890 716 487 231 271 804 991 23 910 761 290 448 167 270 44 381 331 889 970 101 172 473 51 596 169 908 48 959 274 605 122 551 228 991 200 901 281 927 636 457 835 101 551 2 499 94 798 415 743 397 524 586 97 335 759 835 633 420 399 723 769 242 909 302 574 321 49 112 444 64 413 269 11 818 808 138 752 843 415 90 897 458 880 313 734 204 358 702 750 24 885 297 62 990 825 981 929 723 67 559 339 489 726 961 422 185 797 109 651 931 300 476 520 846 472 561 715 89 159 984 353 245 230 347 81 839 319 924 274 197 873 582 101 498 884 297 400 112 279 269 641 341 778 820 699 796 854 354 177 974 821 728 246 965 311 560 88 891 67 676 852 200 357 174 275 235 827 74 500 426 167 783 938 532 483 392 363 220 797 159 551
624
1 99 436 609 222 464 487 247 684 436 56 395 30 990 958 949 70 10 652 426 613 977 359 191 836 574 175 574 382 82 439 811 615 468 26 123 648 382 407 288 841 598 230 382 124 840 865 252 914 509 595 764 253 12 389 465 397 245 219 330 534 148 344 656 608 568 533 412 339 897 267 983 628 139 974 342 931 864 770 175 148 531 110 77 218 803 268 346 972 663 631 113 804 212 346 896 169 669 894 243 981 120 765 20 629 409 93 224 429 974 393 319 441 609 323 499 207 53 26 510 477 953 382 769 190 7 125 950 72 801 455 743 621 319 435 128 115 535 523 972 214 57 142 825 494 161 354 12 866 822 946 948 761 750 706 835 565 458 652 309 983 976 715 288 533 77 416 853 377 383 573 83 784 261 880 700 949 352 155 424 5 942 14 167 1000 624 700 902 847 906 674 845 330 920 298 581 49 832 683 574 71 54 402 906 761 550 428 140 3 695 376 593 973 763 865 448 803 627 563 716 161 322 635 855 473 496 935 389 641 842 142 934 917 175 26 695 554 550 593 711 292 686 934 934 420 787 452 169 642 953 731 766 737 448 530 771 297 325 852 357 416 187 343 769 4 380 819 843 433 930 749 276 412 670 733 748 685 441 30 299 980 943 800 237 787 662 958 251 756 566 122 508 294 913 447 479 439 180 37 758 797 936 242 631 381 297 498 730 907 828 148 150 971 181 361 190 502 806 539 586 41 895 604 698 827 960 784 235 728 817 111 717 577 621 316 226 594 603 125 198 968 117 998 547 447 559 4 795 672 414 444 556 859 251 779 247 457 227 955 426 366 762 887 694 370 485 315 631 820 438 790 91 887 15 195 988 368 812 36 765 713 864 69 812 238 894 87 595 253 752 501 494 898 779 708 897 312 733 180 448 892 483 131 988 105 212 759 438 863 117 792 467 934 428 430 964 820 412 641 262 879 46 184 99 14 228 829 105 936 879 530 453 755 594 810 478 109 569 300 127 356 284 920 649 430 415 188 41 430 929 210 899 944 102 927 63 428 620 993 436 998 795 403 154 867 10 495 463 758 573 507 655 125 953 835 858 967 343 339 862 780 155 213 218 901 34 106 532 712 334 945 93 580 698 529 119 665 901 194 543 420 925 842 977 159 247 425 464 995 942 345 606 392 410 149 397 436 34 928 4 949 104 960 596 309 313 882 361 97 799 740 308 544 682 842 335 424 492 164 325 148 92 830 879 450 749 729 40 714 304 689 290 306 495 55 541 652 68 6 299 650 406 569 829 312 790 918 216 178 492 931 425 606 948 69 462 129 737 370 966 411 38 400 832 95 264 198 512 777 606 619 560 659 289 24 106 511 3 863 652 320 307 316 826 805 211 658 955 158 251 736 13 274 854 593 633 70 369 559 153 404 976 776 92
244
367 554 914 228 990 814 263 817 96 185 28 514 409 45 205 992 670 914 570 669 313 682 303 380 317 460 548 570 93 351 947 591 446 363 837 713 982 753 698 537 479 186 553 213 984 385 857 172 223 930 375 639 382 628 282 778 4 595 783 131 518 889 316 493 366 197 169 93 692 37 359 611 98 586 834 738 779 248 263 740 361 489 142 556 450 28 913 224 904 228 290 801 255 465 745 761 307 891 577 636 213 657 485 674 933 225 525 50 311 910 102 857 971 42 739 20 658 677 687 565 309 826 863 525 136 160 592 190 392 465 24 221 141 996 775 128 243 682 515 435 637 228 842 852 375 917 993 118 383 135 560 177 248 415 739 300 716 198 443 906 995 320 519 323 191 606 431 602 551 795 822 816 178 736 712 512 900 594 756 248 197 656 728 783 7 148 374 805 612 420 443 103 650 76 989 604 653 462 320 748 666 356 725 543 426 113 571 672 633 783 834 193 174 418 10 698 733 776 305 286 787 695 293 3 209 364 759 773 454 350 336 745 579 446 940 267 657 213 225 504 987 655 427 352
346
318 982 961 797 644 731 315 118 948 518 707 389 172 725 125 480 379 836 259 133 324 918 610 869 512 605 694 1000 353 1 575 244 924 463 135 113 811 884 17 196 494 884 918 895 867 584 10 161 282 54 392 725 503 701 848 961 52 207 246 723 614 698 540 412 274 123 284 444 333 776 783 480 341 168 863 643 271 805 143 666 986 142 953 403 767 78 305 234 970 894 851 333 307 220 635 292 778 570 962 238 95 673 489 770 380 790 296 85 533 780 858 194 367 61 250 627 156 471 905 196 562 915 470 405 653 428 44 918 830 311 334 809 158 826 724 434 757 920 760 794 871 171 43 617 841 932 87 625 716 131 861 26 627 471 762 725 485 156 566 958 894 162 733 85 910 371 972 446 364 44 293 186 339 945 242 946 752 883 805 313 939 40 1 50 655 617 510 404 935 308 520 594 159 889 246 971 705 66 30 349 424 195 820 243 67 20 210 402 990 386 158 617 925 630 582 334 417 749 699 383 626 878 768 333 560 685 871 861 166 468 127 467 766 433 837 400 649 894 319 2 911 31 752 465 217 794 709 28 375 420 920 639 364 127 309 346 578 897 714 211 930 705 555 479 583 43 632 75 943 330 613 825 534 105 411 564 480 349 780 692 320 506 153 510 121 539 289 16 989 477 277 20 221 351 33 623 595 649 859 881 100 275 168 931 552 254 490 32 580 206 45 790 146 652 293 625 325 454 631 666 590 829 908 878 736 599 230 540 659 885 268 309 93 735 101 477 53 899 655 246 342 519 915 936 35 476
728
996 497 315 8 148 960 164 818 274 776 327 350 269 316 726 563 213 119 282 545 553 36 51 951 871 530 897 811 252 386 732 946 713 226 784 49 370 500 299 464 411 458 781 305 994 150 282 639 977 550 958 445 36 429 79 523 18 821 652 742 869 45 419 15 949 394 605 99 54 892 679 394 380 980 633 25 99 677 708 343 158 735 979 767 745 961 586 582 213 812 536 136 213 536 771 644 118 879 577 721 191 930 24 234 941 684 794 711 960 223 884 774 354 157 934 641 210 135 992 989 656 516 347 409 564 97 440 831 852 975 880 708 758 865 149 500 9 376 28 804 351 959 165 596 341 705 706 638 312 590 657 159 133 375 471 921 280 283 947 689 444 12 288 984 416 492 638 755 182 363 101 724 871 104 154 401 535 52 760 429 759 673 956 356 994 493 442 477 271 151 240 730 903 908 732 39 638 713 166 40 218 428 422 896 178 473 319 281 863 661 461 734 758 184 271 239 851 258 978 533 476 592 64 571 691 882 60 270 285 878 91 894 388 710 255 546 123 160 994 548 400 510 794 381 192 622 267 513 845 917 787 771 511 489 399 663 962 453 724 572 1000 733 24 369 838 525 745 252 925 279 528 423 673 429 783 228 598 739 321 399 637 81 6 41 337 2 9 347 396 851 390 405 789 356 623 720 196 129 335 646 810 354 435 109 765 428 21 220 673 912 931 204 881 26 771 487 188 561 802 40 310 407 665 802 69 942 141 406 284 211 355 271 824 246 483 756 905 33 181 495 71 566 7 450 68 302 867 667 94 835 182 872 394 464 780 265 460 755 224 923 774 826 685 622 665 809 656 691 79 86 113 316 949 547 749 200 273 739 482 562 636 125 163 33 479 607 584 17 78 248 336 583 991 110 851 844 399 302 439 325 129 11 137 622 800 392 665 146 227 783 778 9 185 132 609 821 768 754 494 123 331 364 565 941 948 403 276 972 809 531 838 120 316 716 870 195 299 549 511 905 29 488 1 194 935 770 225 164 612 737 623 143 697 279 71 309 163 959 67 279 532 85 602 543 113 600 526 18 787 340 310 66 118 878 809 190 467 410 577 401 369 942 482 91 219 773 323 248 566 832 953 901 911 245 247 1000 462 559 741 313 589 588 18 701 742 671 582 202 938 845 583 708 485 175 785 512 234 812 530 505 86 851 352 965 431 736 460 169 778 82 722 623 798 698 839 386 459 767 357 622 329 250 83 218 445 665 632 922 955 675 400 39 468 353 281 121 708 912 385 697 517 315 434 295 496 14 925 299 33 448 236 186 242 61 111 510 513 845 832 822 632 849 800 203 888 27 292 760 615 638 971 237 462 40 522 247 622 84 103 601 657 147 712 509 956 525 616 119 595 605 323 831 370 962 622 809 392 738 432 366 527 351 538 77 676 116 105 843 67 715 595 863 855 899 274 668 331 840 596 609 725 532 817 39 125 603 777 501 539 546 637 482 84 81 640 619 258 295 21 759 707 608 646 151 110 765 102 274 792 11 420 230 55 377 310 343 555 620 517 888 188 492 550 146 820 969 427 625 913 451 943 170 661 637 501 789 895 255 473 432 41 466 661 190 895 329 159 935 847 889 681 264 15 377 331 87 739 293 114 374 251 412 106 543 702 237 75 379
950
506 36 749 596 541 896 731 660 800 458 313 387 731 706 501 30 761 855 160 731 943 882 410 305 372 589 116 58 502 310 307 929 270 255 897 728 870 648 333 970 395 911 283 719 421 422 129 283 976 651 28 334 521 825 460 200 767 507 358 169 258 420 96 340 669 860 801 942 720 559 344 821 58 899 855 857 831 586 600 509 840 180 65 1000 940 110 157 67 358 472 581 704 381 522 337 994 946 600 292 925 240 798 899 456 821 358 37 858 823 44 878 128 722 608 518 614 999 344 213 109 503 305 542 957 76 935 246 803 886 478 983 236 956 11 251 567 43 679 775 753 903 348 866 165 46 902 536 617 468 557 686 199 190 44 324 90 891 497 685 596 261 285 597 147 813 47 884 147 630 561 147 654 690 118 232 688 717 520 532 967 282 442 55 85 921 113 477 225 389 891 477 773 608 994 185 903 662 951 128 841 604 405 331 184 714 484 665 353 185 798 732 730 823 637 754 145 417 814 840 916 138 939 755 962 723 149 179 658 376 80 857 806 406 673 631 577 420 270 105 800 170 898 580 319 369 820 260 750 16 364 102 546 644 180 595 820 805 241 859 434 190 219 528 549 405 834 301 504 427 86 71 934 362 895 589 505 631 333 884 570 673 103 853 220 626 366 375 82 420 614 868 666 944 128 995 633 243 31 729 941 25 936 302 500 839 991 272 924 708 583 723 962 348 705 895 721 567 467 635 163 996 297 225 856 872 620 356 392 806 240 437 719 52 872 197 457 373 512 685 306 87 860 629 540 698 844 564 466 208 137 244 799 302 620 592 211 160 744 114 186 163 64 783 254 964 343 839 423 502 663 359 18 858 190 622 944 565 648 498 461 533 568 469 435 365 373 523 156 89 291 848 300 662 806 924 550 650 728 868 85 566 664 329 354 450 145 486 851 145 744 771 95 491 116 430 240 944 999 876 228 155 941 150 316 124 923 618 308 421 359 46 572 243 892 572 963 508 318 554 211 655 554 673 168 73 392 692 695 861 757 884 314 395 2 222 296 407 627 406 452 74 341 232 827 644 85 666 861 302 738 743 922 315 444 489 727 627 364 577 144 619 274 230 693 231 516 598 496 570 111 102 300 965 657 435 897 207 205 502 215 12 479 352 380 293 398 28 123 593 961 612 82 706 472 546 765 525 92 349 33 705 781 301 338 514 1 409 611 770 288 588 684 539 400 289 703 971 402 342 698 395 793 68 686 308 700 294 865 80 460 999 700 540 309 910 192 836 685 926 551 239 598 999 903 692 645 988 798 946 897 557 402 533 806 474 319 649 386 759 605 485 188 983 281 81 719 55 293 557 319 856 336 855 453 947 927 728 265 186 591 912 458 277 808 821 887 522 319 668 681 33 394 339 733 556 435 671 940 596 488 684 94 334 474 676 78 494 306 245 518 624 446 875 630 429 717 326 484 408 923 283 993 958 36 328 967 836 470 99 754 802 749 935 35 50 559 188 481 607 440 922 79 883 212 517 846 854 971 233 22 39 362 266 452 459 879 286 478 111 156 498 185 561 626 989 141 318 660 978 754 811 982 311 239 617 827 132 743 78 283 910 309 174 41 984 265 111 57 124 968 714 925 543 398 437 755 240 648 547 692 49 727 52 337 573 120 281 949 29 206 49 380 688 532 882 432 994 62 68 753 170 584 570 588 107 919 678 843 710 487 538 260 963 698 714 666 176 260 655 396 604 171 745 264 562 510 527 208 77 411 241 555 23 458 804 9 450 833 3 30 829 88 1000 666 734 934 381 195 483 792 28 479 866 152 680 937 366 698 830 482 795 908 939 900 719 468 130 982 471 217 648 684 927 967 915 103 951 860 675 500 725 415 182 983 614 9 489 284 387 505 655 671 106 818 474 61 546 65 458 47 683 172 535 387 928 655 526 861 264 955 183 843 523 137 273 198 12 999 569 78 793 942 411 191 645 239 838 678 836 758 793 344 681 440 668 623 197 13 639 115 306 532 19 565 259 683 46 85 245 193 245 126 845 135 161 844 548 907 454 909 719 557 349 588 175 124 172 789 33 542 433 949 51 322 513 696 61 844 259 29 954 528 945 135 138 32 34 148 956 688 380 335 895 225 765 882 777 877 964 738 150 195 329 968 275 570 647 323 780 313
501
939 172 945 863 15 67 713 947 252 377 715 694 173 990 211 813 187 371 335 573 90 518 753 298 140 251 686 394 86 590 786 230 316 52 448 833 69 708 953 246 273 136 221 17 354 672 918 394 10 190 546 378 353 665 198 83 44 893 218 791 372 418 967 511 972 785 451 129 195 570 581 825 22 131 907 196 759 614 110 74 28 231 630 139 542 717 555 552 672 276 298 242 549 51 679 386 853 465 926 863 524 664 114 764 183 801 631 406 329 604 360 185 212 386 414 444 6 222 330 932 847 658 270 180 791 778 613 987 897 255 219 803 556 826 379 527 450 42 116 895 676 188 253 408 977 345 157 17 285 884 48 63 176 798 872 32 598 432 50 215 318 259 335 176 651 426 205 164 700 892 410 846 597 338 423 581 321 841 888 742 650 797 193 794 828 395 650 207 952 561 686 985 366 529 81 571 536 81 839 811 305 205 781 675 240 104 662 335 368 447 14 49 812 621 443 625 358 651 208 775 617 271 803 9 903 439 942 217 321 444 655 44 788 661 982 101 890 483 807 688 111 887 849 417 399 560 113 627 443 682 125 767 651 719 421 237 294 163 797 668 229 273 429 413 326 745 369 557 225 376 487 666 402 857 926 385 212 1 646 222 145 193 736 198 722 58 560 608 630 757 501 902 608 167 456 319 940 952 312 294 327 417 261 149 50 331 608 799 588 93 493 17 276 68 647 719 854 337 365 441 416 591 776 638 902 483 777 189 41 775 276 360 652 18 499 88 795 809 994 444 3 737 255 683 899 375 921 233 264 37 662 145 119 648 706 812 995 560 453 892 784 60 541 827 448 835 378 122 390 203 614 365 592 494 416 472 137 307 694 5 954 322 763 87 700 401 645 488 559 755 500 902 335 825 723 663 50 816 515 897 688 284 35 189 587 604 154 930 320 154 795 775 887 59 620 465 698 160 115 739 7 721 912 500 44 740 280 441 924 239 644 14 726 972 776 706 445 115 27 340 616 109 468 865 318 704 882 449 489 757 108 568 365 450 36 836 26 137 558 382 599 541 526 348 825 831 968 475 97 499 816 119 921 91 556 514 632 640 452 480 176 256 574 348 69 952 803 950 968 175 112 57 638 782 917 350 917 701 746 686 551
986
29 246 133 864 519 566 463 662 762 447 354 40 907 734 515 134 5 315 399 977 52 601 246 379 363 81 567 450 956 166 901 184 969 905 700 743 353 341 466 648 920 445 859 360 348 829 649 483 8 953 994 664 133 7 961 892 633 571 677 974 463 921 569 979 777 209 642 631 978 658 71 259 255 585 455 861 639 381 361 112 713 587 285 540 670 543 166 875 869 626 727 463 529 719 826 871 256 944 261 18 142 861 590 756 978 3 13 226 188 532 286 585 391 727 126 472 835 907 878 392 58 589 750 130 860 795 607 882 78 839 843 376 664 815 647 74 992 210 348 306 978 548 961 764 869 719 718 146 734 638 581 223 299 422 714 825 243 910 682 341 176 166 553 245 915 461 674 642 137 403 441 887 279 271 85 405 776 398 900 758 160 605 308 739 219 542 920 992 880 511 627 334 527 227 918 82 87 140 327 30 858 560 921 539 654 74 851 713 478 323 956 758 835 865 956 811 431 548 777 653 365 100 826 422 819 397 847 12 552 881 768 963 287 824 154 3 802 539 847 498 9 268 991 77 106 803 189 330 428 544 467 561 321 10 66 897 410 5 140 772 801 928 46 404 100 119 533 509 218 175 740 427 95 719 792 15 742 76 768 157 114 83 473 760 234 239 482 44 62 166 799 193 312 176 378 732 701 200 322 483 74 160 605 926 125 574 728 989 638 700 198 109 293 782 657 600 587 428 44 826 788 118 776 240 853 319 520 793 306 50 501 691 797 56 106 893 407 183 962 37 641 469 721 469 2 428 395 274 6 318 329 201 62 326 153 139 161 727 55 469 290 640 418 285 80 121 444 195 6 349 505 939 779 601 695 837 191 963 650 726 486 49 644 340 808 279 1000 57 38 901 395 284 592 424 538 351 536 341 967 448 564 328 695 699 944 590 374 964 291 766 622 840 113 96 125 582 359 964 646 537 29 113 755 146 979 694 759 268 282 867 250 359 64 77 702 384 568 705 955 103 850 917 578 251 66 9 599 285 978 2 857 369 865 234 275 591 433 588 670 360 520 552 903 774 465 448 234 367 972 596 861 320 857 633 300 893 598 500 650 523 621 886 12 70 28 21 302 247 847 150 37 707 192 342 844 812 496 441 601 331 807 176 412 562 630 587 16 868 798 768 759 955 379 7 369 648 355 567 971 105 745 510 750 880 550 113 421 348 507 929 314 638 506 357 730 147 541 959 781 197 685 763 251 332 312 603 144 889 24 60 76 849 895 687 264 657 120 242 523 504 881 127 295 191 431 703 960 865 20 608 565 395 707 766 509 677 805 599 6 655 105 189 923 610 480 954 168 442 688 535 900 320 802 313 332 447 46 658 170 225 462 9 225 296 54 755 193 786 299 727 653 995 884 214 53 335 510 275 437 531 841 132 123 293 745 497 417 108 238 201 589 555 901 485 162 582 63 344 125 401 22 29 82 330 839 564 43 525 817 83 73 585 563 865 373 271 696 511 107 712 708 71 647 310 386 517 324 926 841 306 776 697 241 273 75 989 731 277 492 951 389 146 214 182 357 38 326 625 698 466 539 475 408 621 7 763 371 258 721 233 996 941 831 860 862 860 204 188 102 247 196 131 579 759 263 698 315 349 52 849 462 534 122 838 905 975 754 468 737 205 275 544 648 482 441 111 293 103 887 997 250 276 841 516 324 296 370 203 881 615 428 488 58 392 185 126 1000 563 928 801 160 692 940 875 970 243 77 886 887 77 468 413 894 772 719 338 238 58 541 469 14 963 323 6 374 361 400 858 339 590 328 695 512 1 888 446 159 210 132 886 309 75 353 685 275 129 929 102 256 268 832 90 950 972 439 240 407 296 179 982 178 239 80 85 915 912 843 307 170 212 565 80 499 441 72 764 565 670 44 269 509 780 109 632 760 348 961 157 290 906 561 591 515 353 185 732 67 346 214 497 910 491 959 124 683 302 850 185 285 432 149 888 842 955 811 177 403 134 290 8 879 799 388 255 85 978 417 555 600 983 429 668 998 207 98 449 777 74 485 642 895 33 291 185 149 133 657 486 712 430 983 288 469 686 473 802 922 261 365 925 623 464 801 139 47 565 72 489 763 335 161 76 806 440 396 210 547 452 343 787 120 324 769 439 738 810 220 880 774 126 361 558 535 742 142 938 738 774 180 468 776 167 577 620 418 2 180 417 693 849 394 179 365 774 476 413 706 612 630 686 470 538 387 65 383 6
254
307 654 915 784 554 62 292 92 766 369 751 510 564 336 725 121 1000 722 710 53 853 846 979 955 730 155 227 787 9 95 185 163 30 852 274 444 156 747 806 641 976 562 48 826 964 237 719 312 333 657 27 402 33 193 818 733 551 345 166 212 41 746 643 307 707 766 163 347 448 11 400 684 320 161 318 551 128 143 891 276 259 772 61 165 113 635 556 952 87 335 475 784 303 336 131 604 801 862 578 117 938 194 688 119 562 341 286 297 849 337 559 707 405 339 160 611 907 66 219 997 449 256 693 100 486 147 313 673 446 192 989 751 122 519 645 128 260 735 297 922 971 590 842 731 208 23 444 127 663 232 636 871 95 528 245 386 870 128 826 234 309 82 272 312 643 563 465 999 921 331 333 693 776 562 346 634 948 157 877 498 716 819 20 738 970 723 114 760 59 458 522 122 816 943 217 841 377 324 676 306 371 409 530 900 491 799 223 155 829 833 177 575 240 687 744 206 619 812 526 491 531 219 862 707 91 831 660 818 904 715 631 683 282 644 14 166 321 389 520 473 684 118 744 28 510 532 338 159 441 921 285 647 612 431
765
422 105 991 295 846 745 899 576 625 416 576 62 941 946 152 209 896 533 473 318 692 706 966 583 114 639 435 76 542 502 585 227 854 683 999 953 350 381 312 532 771 791 772 871 354 584 742 272 374 943 288 512 383 921 415 900 486 161 274 142 610 678 980 679 365 300 337 352 192 978 527 566 449 194 453 495 428 912 974 471 745 486 630 580 679 30 201 336 38 141 38 467 284 948 780 850 35 836 930 464 754 924 21 977 494 334 521 572 966 399 749 717 86 495 369 540 80 828 817 978 677 148 131 781 207 948 526 805 324 93 614 222 562 198 719 543 667 824 905 800 96 875 514 433 770 781 635 913 498 621 48 15 875 200 171 613 844 130 726 345 782 32 696 499 345 249 655 175 114 527 470 978 573 236 610 740 399 283 857 783 822 738 556 466 4 856 171 419 910 970 165 521 694 601 543 627 645 333 740 307 316 115 772 788 399 513 310 786 689 355 364 503 593 331 107 331 479 513 504 285 768 485 59 680 186 849 122 271 936 986 944 599 716 655 627 812 336 299 485 440 504 820 959 339 187 149 285 454 647 47 928 142 511 911 991 117 698 645 33 656 502 277 155 479 22 550 166 359 77 579 948 712 619 780 347 79 737 622 127 134 654 491 406 342 831 21 914 964 655 743 385 158 227 543 946 497 249 542 405 804 206 824 858 500 89 192 759 740 52 748 100 870 735 927 696 226 366 617 415 198 269 976 277 182 78 72 786 731 551 197 133 518 735 870 187 943 369 581 80 826 817 538 65 475 463 506 691 673 845 343 99 234 745 732 104 938 2 217 328 581 122 344 82 86 758 78 417 777 338 647 567 736 675 922 251 20 29 457 263 884 699 813 685 18 921 584 133 466 637 101 427 762 230 142 293 236 841 609 251 715 809 834 641 509 352 299 325 850 502 198 289 97 956 252 906 927 326 716 74 950 111 268 88 995 497 307 535 21 365 293 438 368 244 890 938 655 286 694 722 439 782 566 424 790 385 713 417 9 667 194 794 297 273 611 392 659 538 605 955 498 767 864 464 257 145 148 699 241 76 925 308 144 114 186 458 456 30 310 853 577 594 989 708 840 981 608 248 623 503 372 919 148 335 509 640 353 484 903 556 167 40 205 922 864 282 211 352 551 327 793 381 858 497 198 990 421 858 769 709 375 707 831 989 932 984 507 413 224 127 196 936 925 18 882 877 651 120 642 700 910 338 189 439 365 497 652 735 493 886 803 587 322 869 89 430 416 683 822 212 410 453 758 680 903 632 990 146 335 379 512 657 264 872 404 367 464 371 536 559 228 601 48 217 248 784 375 368 262 666 11 439 923 462 372 533 300 695 776 616 353 171 163 968 747 761 867 921 825 845 949 2 221 104 181 750 595 781 898 493 429 302 647 821 904 161 420 401 961 509 192 189 320 86 815 549 579 170 866 616 981 981 994 990 525 5 598 842 704 314 312 678 283 998 383 834 181 990 86 816 142 510 297 753 806 599 999 475 74 389 564 504 383 791 918 337 179 322 246 693 504 838 891 677 688 806 745 628 155 399 734 180 770 862 283 156 156 39 999 268 747 940 42 745 389 909 99 609 673 666 513 455 44 224 914 471 6 429 390 741 670 147 191 53 32 111 726 452 889 102 585 397 714 380 337 688 54 256 855 431 141 24 423 71 177 179 596 72 454 217 753 865 597 970 867 590 514 99 752 247 191 157 3 339 384 790
127
309 779 702 543 848 122 437 728 108 793 78 140 454 442 157 890 201 481 233 528 204 290 86 175 785 479 622 979 374 65 880 329 285 363 961 929 845 400 702 745 288 505 615 503 322 364 991 882 805 968 713 637 971 599 801 345 287 651 680 768 928 331 496 714 315 795 563 939 644 364 84 351 229 48 118 653 20 238 534 243 646 400 342 50 515 527 416 928 485 308 695 776 939 16 327 46 25 538 461 958 995 130 853 13 615 191 831 449 866 232 212 183 69 636 356 822 654 699 238 172 598 194 230 420 358 507 921
631
300 224 694 532 739 964 788 30 704 522 990 993 769 43 534 609 922 936 322 825 248 753 440 160 662 778 4 573 104 237 952 405 712 382 99 946 392 299 96 442 539 160 304 633 729 121 444 944 706 309 895 446 492 26 74 783 87 292 164 932 986 611 57 135 16 658 44 634 969 809 889 943 460 940 622 96 726 73 28 959 10 667 24 482 985 29 789 972 114 811 594 598 822 26 357 43 518 651 243 649 531 540 102 537 230 50 499 60 475 830 710 902 645 191 211 609 276 655 59 139 533 540 393 449 181 518 942 791 114 973 474 91 269 833 644 428 682 408 89 610 200 187 786 613 959 926 513 606 54 519 213 880 268 129 224 421 195 834 985 297 621 268 891 801 396 60 967 620 98 406 536 156 409 808 418 74 424 627 776 471 474 535 987 345 952 42 118 336 625 70 34 401 194 955 360 245 137 910 424 187 984 940 219 180 526 19 624 705 962 117 821 361 941 169 849 987 164 378 844 838 420 356 22 235 538 279 633 62 917 750 422 511 473 785 163 854 136 122 747 664 767 726 866 418 829 252 383 891 729 348 732 179 328 770 961 449 260 498 98 681 146 845 69 179 419 886 180 378 657 694 848 378 111 470 958 443 235 460 44 238 420 694 289 519 207 421 878 512 314 393 716 717 694 238 152 801 121 843 318 919 954 473 750 542 869 795 21 515 916 321 611 709 110 866 348 685 778 450 864 321 901 359 810 936 994 187 795 420 646 543 298 779 312 554 936 13 437 848 169 547 442 547 4 472 256 482 850 181 820 504 981 62 936 675 970 176 159 283 103 168 56 749 304 704 14 696 816 964 404 988 842 276 944 315 121 643 478 385 404 960 244 447 368 671 94 360 735 978 623 992 333 271 351 71 936 313 19 769 622 107 459 485 534 498 125 689 87 636 835 557 28 782 784 1000 137 506 795 77 328 454 632 516 243 709 587 214 747 296 549 259 217 550 344 676 389 450 924 987 719 180 873 354 752 102 270 195 345 928 841 158 760 930 384 533 421 555 839 469 290 225 386 226 35 791 875 108 371 112 846 491 266 805 264 687 513 658 612 661 372 381 888 311 211 928 479 305 523 728 739 192 554 460 181 340 716 684 823 889 420 410 11 765 760 73 801 803 128 808 216 931 729 692 622 940 373 775 800 889 195 405 236 385 173 541 874 669 98 679 923 184 892 296 485 522 54 841 277 965 396 97 35 9 711 685 816 921 705 190 18 286 288 291 674 371 654 531 663 708 521 336 465 317 964 93 612 245 154 212 235 861 60 935 698 645 614 287 84 890 10 509 464 976 702 205 278 361 263 340 336 196 462 92 707 606 518 366 471 986 889 784 77 252 411 576 431 168 158 266 261 316 688 663 378 217 224 79 914 44 849 367 655 816 346 826 642 204 818 734 473 675 322
460
440 181 309 827 703 44 419 909 837 661 390 994 453 1 556 604 123 469 817 777 880 848 566 96 1 632 901 788 689 202 981 860 626 399 850 276 541 53 928 84 706 274 434 249 393 568 340 149 518 652 706 558 739 722 251 678 772 596 513 722 707 640 509 63 144 36 228 958 565 112 481 507 121 261 167 285 987 819 952 793 530 361 22 245 608 732 313 803 564 500 119 309 185 614 863 590 19 210 648 495 732 584 679 736 648 571 419 450 343 92 429 190 363 550 821 70 910 410 861 195 636 592 337 77 90 714 436 891 757 312 884 267 382 826 781 567 267 143 527 966 380 973 890 288 309 583 619 309 618 351 650 524 970 98 179 375 940 377 939 495 813 325 774 620 643 23 189 730 434 981 992 496 104 688 167 60 169 797 774 9 758 431 525 311 989 232 178 408 706 857 121 879 357 9 357 608 774 360 944 855 772 302 364 899 291 622 299 496 601 947 935 892 179 178 978 664 693 74 837 251 265 945 255 77 672 753 466 48 15 926 9 81 12 295 716 494 163 263 865 235 992 481 237 26 703 363 22 685 700 874 349 106 118 255 980 694 618 20 982 196 869 328 483 724 153 96 932 861 509 288 217 629 643 100 950 984 18 886 528 755 282 367 260 708 255 711 900 480 99 221 746 224 583 927 742 142 827 350 502 160 129 946 976 232 520 954 447 937 127 773 833 367 110 348 158 901 251 47 279 914 324 705 572 183 773 405 86 759 900 470 689 48 876 397 471 739 265 421 816 177 733 932 537 206 657 155 318 875 878 790 559 250 528 752 375 315 476 700 483 229 292 263 347 801 652 422 235 8 980 896 959 322 917 835 838 153 597 645 320 598 570 589 519 124 667 653 64 701 178 572 509 372 330 927 408 713 814 305 108 930 574 446 256 224 258 722 439 511 268 661 889 867 878 274 620 393 153 793 899 505 882 719 293 719 888 861 265 942 293 557 543 833 848 701 240 264 295 338 800 675 675 837 189 636 739 796 793 157 295 215 231 319 112 403 49 689 913 402 840 266
450
607 512 24 330 762 792 368 943 461 953 538 124 379 138 901 949 726 268 877 342 6 46 99 511 634 156 297 439 189 296 551 491 632 951 768 502 662 762 397 910 539 919 56 423 177 983 503 59 716 691 999 639 536 139 737 350 939 143 578 575 646 988 654 546 259 888 871 794 518 920 979 298 125 375 773 900 623 650 555 205 344 232 774 587 661 744 624 713 925 347 424 645 140 299 219 753 137 279 406 326 949 507 748 578 3 944 722 171 741 375 107 931 541 568 777 323 635 485 764 310 991 307 283 483 290 656 246 63 455 561 139 755 891 976 238 568 903 106 39 952 125 551 81 416 582 479 906 42 361 696 866 413 171 581 106 476 388 33 680 393 121 479 961 82 451 427 120 150 774 860 979 140 728 447 378 776 687 538 813 450 555 965 64 424 386 191 742 751 78 576 867 455 200 849 520 828 768 423 44 484 34 653 973 550 764 662 339 259 217 137 129 733 916 965 71 186 513 827 168 455 505 50 823 332 104 501 977 714 529 10 761 41 255 417 14 217 689 259 183 371 804 560 371 79 455 567 423 538 457 157 144 72 183 124 915 366 155 823 858 790 557 417 2 600 421 158 445 675 506 633 88 150 321 872 703 233 142 779 788 600 173 358 574 334 846 35 537 624 241 121 379 256 638 883 824 304 642 40 301 609 956 877 349 148 342 620 329 619 219 825 320 116 891 826 961 607 748 208 172 158 803 479 923 346 377 170 685 860 111 720 974 259 429 109 828 282 651 183 276 599 203 167 186 432 39 43 832 1000 184 101 951 340 214 431 22 485 390 701 925 142 204 531 3 382 600 934 398 26 563 931 875 315 718 654 804 991 45 795 298 194 229 736 856 795 478 462 20 398 301 765 326 978 387 759 497 193 59 53 800 513 153 350 301 226 60 999 556 336 902 689 893 97 236 178 698 510 192 250 595 52 543 649 8 705 868 565 69 892 342 717 481 585 165 165 648 27 435 168 122 552 272 67 272 186 956 679 408 905 62 741
709
711 47 483 287 765 655 217 611 828 799 801 897 721 258 632 270 157 290 994 161 199 110 153 155 304 920 74 910 269 779 870 232 487 774 498 951 13 84 483 858 183 879 287 916 698 976 161 127 420 348 969 67 368 407 92 986 897 515 572 311 847 414 288 496 614 239 524 900 979 176 925 360 967 961 766 717 206 112 61 504 506 554 439 864 797 985 888 293 658 679 660 175 45 352 353 324 568 813 197 507 314 661 767 706 583 853 766 52 391 800 849 292 797 766 232 565 785 576 682 5 237 270 864 904 270 816 411 821 958 747 415 827 497 173 506 982 837 556 193 715 935 747 549 836 654 468 773 385 504 157 246 823 620 492 768 289 226 321 149 15 834 159 389 895 538 116 303 508 388 80 857 531 29 500 786 8 648 613 407 993 618 61 719 822 624 359 406 336 829 448 620 939 444 389 221 42 402 29 447 602 334 107 380 866 437 229 641 15 826 636 882 89 703 304 321 995 217 770 363 954 361 848 290 805 114 292 544 44 348 746 737 417 160 857 633 838 949 987 649 882 556 122 465 731 538 345 829 929 521 479 835 585 745 684 45 61 851 171 871 252 344 132 543 545 945 265 964 39 193 33 525 514 63 858 229 910 700 518 594 179 680 265 863 813 537 379 140 351 639 665 781 611 340 901 931 81 351 907 762 253 268 374 67 937 786 292 470 642 426 141 905 144 521 625 415 580 182 108 972 884 574 281 181 663 193 668 479 326 707 63 796 175 602 892 637 396 419 789 987 759 136 258 375 578 884 474 409 519 413 129 135 263 950 349 368 691 401 991 668 200 1 651 319 456 809 915 108 19 846 165 536 314 13 936 388 120 923 865 644 521 289 319 990 154 708 611 922 196 667 380 509 952 290 174 534 520 669 432 475 224 309 828 388 220 628 1000 776 810 264 237 819 899 87 60 338 302 34 823 59 353 784 796 851 525 347 305 801 780 517 942 222 805 588 712 580 288 796 333 359 838 450 513 92 359 369 831 703 166 275 470 500 194 693 561 337 783 892 384 34 689 982 108 185 25 873 848 451 539 713 558 336 694 107 958 185 123 125 917 798 88 944 526 365 954 778 549 459 56 937 705 433 512 434 567 813 720 344 99 330 989 320 774 308 371 121 439 398 461 786 734 193 721 641 953 226 361 745 144 346 577 785 247 406 65 570 949 104 482 771 296 865 719 37 700 907 866 561 900 53 612 562 458 100 985 603 236 199 286 587 887 927 618 201 227 550 190 790 431 334 517 723 54 823 608 392 295 237 674 25 523 995 508 651 411 49 766 899 131 299 518 456 80 822 270 114 438 798 999 878 430 698 355 433 952 467 452 774 794 475 644 497 783 653 640 275 124 500 746 225 129 32 504 22 258 812 533 165 704 257 493 292 433 183 586 386 804 878 451 668 337 450 622 720 931 133 907 666 887 1 411 322 53 959 845 493 450 41 953 968 452 572 64 832 22 872 416 809 535 887 985 1 524 827 784 794 234 704 398 249 790 380 958 180 271 989 954 947 542 927 550 150 22 417 531 98 121 725 559 734 514 198 853 688 253 885 431 945 626 714 516 915 724 334 501 43 867 106 692 477
762
212 637 166 787 16 391 887 384 766 106 816 833 872 441 581 123 496 242 333 130 266 907 788 812 242 760 772 169 385 863 845 297 23 279 69 290 152 289 242 810 285 905 885 884 610 199 946 646 831 629 294 609 525 12 943 631 142 225 894 498 784 937 851 882 792 389 1000 788 863 815 473 555 618 546 389 117 587 703 980 657 174 472 358 494 442 729 84 381 115 480 958 1 980 503 908 493 316 840 173 643 313 37 818 243 151 787 779 758 844 858 952 289 354 26 974 835 835 85 786 127 708 744 228 76 377 383 803 653 92 60 522 939 709 152 419 329 263 378 871 743 185 14 70 141 734 278 900 990 971 751 177 54 406 237 442 145 850 3 114 525 184 992 386 127 189 418 946 767 477 664 8 194 802 140 261 565 52 854 577 843 691 657 258 214 673 923 344 225 9 778 245 309 607 901 29 359 223 848 994 508 49 360 213 275 864 846 820 257 632 607 428 501 570 866 269 31 484 806 376 306 388 716 67 302 454 311 579 567 351 408 157 558 254 682 303 255 807 434 840 248 396 206 661 685 962 122 960 212 931 707 274 296 527 660 559 267 749 197 628 149 141 802 802 826 49 698 514 90 114 447 576 179 240 520 26 427 318 114 636 107 954 612 621 989 575 233 531 213 3 280 365 107 805 159 946 527 876 493 386 36 538 744 826 448 446 598 333 616 866 94 989 185 579 349 538 842 543 545 716 194 214 96 67 68 649 310 983 919 487 19 490 217 687 649 645 6 448 247 196 546 28 653 384 357 441 152 952 930 91 643 998 400 547 690 624 41 285 254 774 590 394 736 312 929 322 1 119 401 81 763 60 1000 442 824 707 610 760 17 874 788 268 117 814 290 933 76 643 6 184 190 866 81 444 213 366 945 298 581 899 416 601 598 772 564 458 847 876 217 906 190 25 158 411 520 41 778 837 346 696 522 38 957 679 787 406 127 534 492 694 279 890 883 476 744 914 666 492 329 134 180 246 864 356 346 966 653 450 827 810 68 414 108 4 737 954 119 605 912 949 540 300 64 410 211 432 589 931 36 303 760 835 351 828 82 33 775 303 428 667 2 703 360 168 602 226 330 336 154 390 126 351 355 818 740 642 34 357 847 663 17 629 319 398 90 546 589 475 94 266 781 496 216 251 56 944 931 166 545 284 749 112 122 771 539 555 576 107 44 799 943 171 450 233 364 760 498 635 337 431 492 918 658 904 883 327 326 497 16 98 542 45 821 906 902 493 638 841 523 820 667 262 52 961 437 845 387 468 628 717 401 777 794 859 58 258 615 101 182 109 38 802 604 596 166 905 19 652 768 262 476 708 445 576 120 890 433 422 553 926 113 598 493 701 264 102 174 260 929 960 679 862 146 850 939 43 236 486 847 725 667 394 658 883 642 18 478 770 148 161 386 940 155 314 433 769 322 839 907 426 995 10 111 818 264 823 936 510 497 376 443 676 379 715 200 165 1 862 992 526 365 985 222 78 287 183 602 725 528 414 934 728 88 18 541 914 620 458 702 66 675 909 102 501 277 808 15 364 201 42 286 996 958 40 457 526 59 502 633 844 451 868 931 368 85 750 909 812 982 355 962 659 991 860 440 980 624 668 994 364 302 397 660 8 984 815 582 747 945 350 934 826 982 177 205 888 594 341 478 4 757 341 287 1 1000 329 195 107 20 628 418 67 138 659 792 99 231 115 401 880 845 110 714
59
910 837 495 5 848 263 137 499 893 176 195 935 28 912 633 850 929 757 246 303 150 334 589 318 394 663 67 596 478 866 651 864 310 249 678 860 741 725 994 329 639 144 31 706 919 491 214 725 668 272 548 907 55 733 644 394 585 742 810
556
994 82 85 451 665 173 152 423 506 82 589 837 302 565 325 329 932 54 812 415 526 428 188 551 170 924 196 747 525 143 45 541 632 859 665 865 371 866 983 137 164 648 98 911 295 722 103 939 515 421 590 699 215 564 147 701 128 962 829 709 870 804 971 109 427 857 307 922 545 273 8 780 650 305 969 565 185 499 16 165 855 130 209 755 459 806 252 699 548 320 437 306 565 657 2 354 975 515 414 615 839 469 384 381 418 675 808 711 605 290 513 61 915 582 767 785 745 262 578 324 710 809 388 785 896 881 596 420 73 60 402 602 723 205 753 958 27 962 476 828 760 839 867 859 223 942 682 138 351 480 186 644 59 805 993 814 216 562 30 756 400 975 928 757 149 34 47 318 478 665 843 280 388 8 200 299 510 264 314 521 642 590 985 216 570 11 583 734 835 782 82 129 277 579 54 880 656 59 87 746 941 847 469 459 964 377 501 564 130 164 571 584 837 40 62 660 459 289 871 430 163 342 361 162 12 737 332 79 597 431 503 299 516 467 126 916 565 595 358 735 224 133 479 357 613 500 527 503 591 644 889 671 636 906 490 192 303 820 249 644 199 303 660 396 909 696 109 984 902 700 134 951 807 707 68 881 962 98 464 559 402 187 789 409 43 807 572 276 910 677 689 806 47 714 281 823 74 874 304 277 727 503 267 916 92 95 369 921 416 601 537 648 482 776 752 83 263 433 316 151 870 883 390 738 601 298 398 912 872 271 400 501 436 946 41 142 14 504 641 189 180 332 264 15 702 584 214 49 840 189 853 311 930 667 263 410 195 848 715 982 60 191 19 534 296 135 362 397 897 298 380 411 794 274 582 489 195 476 462 760 495 772 274 807 853 977 846 389 619 763 28 492 887 78 243 794 786 728 160 670 134 283 265 521 480 336 850 576 66 532 514 66 778 593 886 371 190 878 193 401 372 225 391 41 220 188 471 42 250 125 613 595 674 108 984 796 607 995 541 327 428 374 804 951 163 870 993 150 769 753 652 688 583 1000 72 774 306 822 228 45 489 698 672 925 838 590 32 835 165 283 640 490 968 618 641 703 11 864 263 277 878 655 221 487 673 634 420 139 850 144 160 421 541 120 24 124 348 457 153 518 877 928 193 219 491 472 326 26 432 92 195 222 478 131 93 833 347 144 623 420 674 6 726 911 548 550 265 661 26 504 174 571 352 508 234 799 267 687 609 568 227 323 330 609 804 361 495 958 196 263 728 569 318 89 764 748
945
658 478 225 596 899 324 89 881 717 877 698 645 282 910 31 234 575 374 589 433 73 362 161 953 89 551 891 503 513 189 374 747 321 655 206 295 520 360 336 489 745 3 154 118 939 380 977 415 49 25 723 169 741 561 456 185 785 874 904 694 545 351 221 548 268 114 289 346 888 481 888 773 848 809 476 469 391 76 155 588 467 794 440 948 752 122 983 659 357 521 898 790 639 911 842 659 49 847 41 151 336 597 501 432 217 271 674 462 154 491 341 821 850 840 215 223 313 248 720 801 172 725 203 356 449 451 828 151 10 476 297 613 802 615 887 906 630 509 61 632 795 20 126 340 765 648 562 211 88 17 109 335 478 629 401 511 35 118 831 543 589 98 10 178 66 806 630 557 792 958 460 789 798 515 526 596 741 840 26 85 897 662 402 607 361 424 459 424 663 397 784 999 781 132 776 512 842 423 245 42 306 407 313 38 330 106 598 818 332 644 803 198 149 932 921 127 183 497 721 430 416 328 232 366 63 348 833 904 729 536 745 242 935 377 246 920 494 50 400 355 46 745 902 160 40 484 465 304 859 164 865 967 541 419 561 201 313 804 799 674 829 418 114 553 363 560 259 681 407 492 748 627 686 143 518 307 858 141 48 405 228 983 731 706 768 116 851 530 279 11 771 571 70 712 152 517 335 447 585 610 358 355 776 434 744 396 291 290 290 595 644 330 495 58 643 879 219 748 473 348 34 602 12 968 273 58 622 237 659 753 376 310 268 865 763 674 598 356 3 54 544 814 879 659 545 212 985 996 295 393 809 116 900 632 385 488 321 651 287 690 86 763 986 6 679 847 343 218 903 731 176 275 333 90 412 428 17 951 485 929 347 959 991 548 916 619 471 862 655 155 883 771 536 142 724 181 439 115 468 365 685 287 928 701 347 300 354 430 923 723 46 337 101 130 668 70 417 566 438 839 825 980 985 950 243 66 576 784 979 58 867 95 162 254 627 107 166 18 658 793 154 964 33 793 694 510 212 770 924 338 968 668 732 891 129 737 541 149 674 400 495 102 932 774 520 663 158 16 537 270 74 454 36 25 734 994 649 777 311 777 494 855 676 135 477 312 771 423 459 6 711 624 989 318 683 764 102 873 41 747 377 201 102 195 417 237 875 603 193 826 250 413 601 325 541 745 903 986 748 635 868 988 66 327 763 626 928 844 141 342 896 572 40 736 847 927 51 216 387 499 555 20 5 169 419 73 685 517 539 831 985 518 942 303 390 680 380 346 198 694 59 710 700 190 88 565 611 447 583 342 391 920 99 851 323 598 881 650 589 827 992 775 442 430 710 127 823 965 804 348 349 804 785 85 290 107 290 338 990 704 925 812 845 395 218 62 486 948 162 985 128 80 546 426 256 840 848 632 570 759 269 861 253 440 863 446 411 867 370 740 198 50 912 68 263 219 479 157 446 598 153 252 516 823 957 281 693 599 962 107 84 256 506 339 898 411 789 660 242 330 809 831 22 108 312 412 383 548 892 652 294 159 58 770 402 831 837 702 689 372 727 352 262 172 354 184 289 281 25 264 947 934 104 499 25 173 69 330 272 436 429 469 440 662 869 678 735 271 58 405 926 96 507 901 472 894 21 78 54 715 602 451 176 893 595 526 409 695 915 617 733 993 620 435 725 331 829 687 491 431 568 858 512 521 239 913 204 437 951 137 742 291 62 408 53 856 812 58 586 927 219 996 621 570 941 731 370 502 453 905 838 570 523 429 127 194 883 698 738 161 360 464 877 298 735 323 722 571 947 29 333 970 444 192 860 485 807 404 124 623 262 580 660 941 564 89 235 642 910 29 321 766 349 757 355 183 173 798 46 37 76 975 566 248 99 55 850 982 170 859 322 557 681 220 773 123 899 185 127 685 992 822 953 230 477 435 394 9 417 737 868 189 676 557 649 826 769 435 379 904 503 796 226 988 864 232 970 475 398 147 661 87 156 633 239 257 593 803 771 842 452 737 60 5 214 881 430 914 197 251 355 777 128 285 977 10 947 541 570 378 789 3 674 574 406 992 801 455 929 462 667 49 470 499 203 654 191 78 726 32 392 478 876 966 672 96 372 988 330 492 117 946 713 574 368 459 98 992 575 301 816 313 935 79 610
184
902 206 909 379 369 614 533 647 175 422 247 14 865 677 193 942 631 407 469 757 292 106 639 925 115 960 781 596 53 510 951 846 264 503 991 520 498 42 642 619 778 211 199 405 765 132 139 104 489 585 590 671 160 514 701 587 275 674 172 102 190 316 770 246 735 964 529 895 241 706 177 396 364 974 110 508 556 173 819 991 963 423 684 173 448 680 846 541 171 848 350 572 931 176 774 872 875 255 916 572 638 594 46 292 256 620 859 485 524 12 657 116 981 202 469 121 910 480 804 178 162 357 302 55 35 937 791 306 941 811 748 11 340 665 74 15 690 759 621 785 339 16 8 738 166 844 774 586 886 895 735 625 401 489 489 591 703 786 228 24 190 877 110 986 33 887 220 231 487 381 567 308 983 668 942 475 754 501 368 362 32 842 657 380
875
571 251 239 412 39 458 376 950 266 383 350 285 338 545 241 170 467 118 12 465 449 311 564 277 658 363 173 125 354 872 525 155 135 145 636 177 525 904 525 916 988 458 727 414 65 863 51 231 947 485 87 699 717 446 46 334 6 167 497 23 387 284 526 487 597 364 720 83 325 454 513 262 767 106 534 698 4 141 300 966 79 87 525 513 954 219 658 30 165 7 76 758 167 908 702 5 49 108 771 341 499 99 877 100 411 887 459 649 238 862 805 764 83 513 880 42 216 864 252 750 169 235 4 191 575 923 870 844 989 690 37 834 224 346 221 352 291 240 205 887 958 283 657 114 608 42 360 598 765 511 45 147 205 701 277 313 668 655 466 233 308 564 62 894 564 542 531 576 398 309 466 93 648 963 460 688 909 345 755 194 831 366 683 400 138 609 393 174 634 210 370 361 413 244 486 558 439 275 54 435 198 379 215 647 692 744 141 448 610 770 255 795 340 430 543 671 568 192 569 92 811 542 405 81 935 58 535 486 439 621 123 615 49 855 537 539 379 271 167 656 435 755 498 638 448 357 557 664 271 162 846 688 759 557 333 108 843 645 537 618 959 928 138 546 779 908 520 864 543 835 339 557 415 542 508 590 684 118 226 283 415 145 416 215 416 726 864 527 310 180 357 920 947 281 416 142 551 1 669 545 77 120 257 937 48 209 624 967 246 945 174 265 32 561 258 256 777 730 666 181 24 308 210 218 743 109 776 704 744 326 857 780 929 21 961 812 727 755 4 335 330 247 952 466 838 488 845 610 645 387 728 333 23 439 633 498 687 134 65 314 118 653 34 143 506 900 780 721 990 523 228 761 788 18 401 217 910 907 822 764 329 583 632 442 359 435 575 730 112 457 340 858 43 838 68 147 739 738 417 645 244 758 701 349 695 392 800 859 464 627 578 242 945 902 317 68 163 685 760 970 899 278 682 470 484 635 224 192 716 455 998 314 988 349 319 14 806 882 317 443 469 987 485 784 977 396 503 601 111 131 96 112 582 740 651 968 986 593 485 44 22 676 99 608 87 593 294 883 853 966 710 194 749 46 676 293 83 366 381 610 712 532 897 333 493 270 619 633 784 644 521 709 961 569 368 952 186 726 993 975 196 588 428 619 567 833 856 740 732 729 968 732 421 287 763 945 134 916 383 717 556 953 664 858 134 950 857 949 919 670 378 269 201 952 498 680 354 408 344 810 464 444 171 929 142 63 677 311 203 825 50 943 66 892 852 205 943 771 237 726 367 918 61 536 872 794 908 65 851 525 50 872 257 473 956 69 398 392 77 870 281 365 603 764 736 803 618 222 907 581 550 964 744 857 328 721 914 193 828 533 736 367 103 836 550 635 629 699 414 559 716 639 963 13 889 416 391 225 848 524 55 483 372 376 532 199 800 839 26 142 710 44 69 829 517 365 493 135 272 302 759 997 103 10 144 837 772 546 326 279 440 591 451 317 375 275 147 395 463 836 628 39 668 279 299 589 746 676 289 970 541 528 385 804 950 786 899 787 555 85 613 241 68 198 934 383 863 115 644 416 59 107 799 260 75 357 490 504 564 94 247 693 339 216 404 872 278 368 303 574 282 343 121 953 578 813 56 436 205 240 542 846 469 805 804 645 808 267 441 805 313 589 790 94 518 309 164 58 609 224 218 711 5 129 106 686 940 266 249 651 663 423 93 370 874 474 775 427 917 53 867 261 117 553 550 694 99 727 437 444 605 511 712 549 249 72 408 67 410 548 635 793 518 878 934 508 204 78 843 530 756 108 92 473 588 435 288 968 512 997 534 819 21 855 401 915 449 206 881 218 13 536 75 336 940 606 528 473 14 193 106 759 969 465 90 97 936 989 756 629 128 24 694 98 857 442 464 489 582 486 67 584 325 387 678 493 248 115 62 729 809 502 281 930 82 56 835 303 660 360 828 362 201 572 507 401 193 766 831 515 754 136 858 493 768
123
268 577 114 975 164 291 697 723 113 921 915 491 18 867 438 393 572 154 164 28 24 609 274 303 629 207 213 88 669 951 365 669 218 576 336 998 462 142 752 515 929 716 389 154 527 163 438 718 451 309 360 566 183 395 777 646 952 925 405 882 35 995 852 126 40 173 734 650 733 984 76 110 904 5 689 322 912 410 25 511 366 334 652 991 21 940 980 925 853 223 247 399 746 837 895 380 449 600 541 584 316 669 681 766 826 963 891 73 696 392 383 613 434 769 811 131 32 529 812 30 828 885 848
946
184 894 263 891 582 938 594 728 476 626 230 639 311 829 343 156 479 915 348 789 429 515 138 627 342 252 191 963 616 428 583 312 635 344 212 478 193 443 202 536 514 469 295 165 29 457 806 398 771 84 535 511 885 153 968 869 996 477 405 135 983 973 519 496 363 602 940 196 234 218 447 256 85 570 9 922 519 246 470 926 726 332 178 433 110 995 377 594 467 259 976 825 484 922 278 382 946 553 334 30 257 289 481 999 357 190 942 890 771 822 445 619 889 152 61 169 18 920 826 324 691 539 937 54 852 389 268 794 449 243 579 146 846 464 352 343 743 22 740 930 601 517 897 545 911 900 469 412 78 273 191 453 999 858 778 874 491 254 880 827 833 91 298 898 111 470 387 70 723 661 755 480 531 376 525 379 143 727 160 143 561 2 830 812 81 476 37 122 851 449 114 907 70 428 787 745 654 753 94 149 463 616 670 219 251 691 300 287 276 967 755 941 888 279 401 748 546 503 407 847 639 75 364 838 300 543 246 264 164 394 224 607 284 696 359 313 230 566 292 694 686 650 501 994 484 76 997 928 76 53 379 967 908 101 346 25 286 498 813 683 928 790 507 392 2 311 597 807 760 692 442 284 580 721 227 1 265 637 761 793 647 259 437 749 684 877 248 624 931 806 686 430 80 622 284 306 403 466 87 263 439 649 442 423 791 305 862 28 990 318 734 584 4 787 276 228 761 959 441 246 540 62 303 521 814 695 472 377 463 446 560 370 738 908 813 354 473 80 943 598 70 968 33 45 808 593 501 988 522 327 337 390 893 872 357 4 439 662 948 648 774 800 75 406 378 419 128 82 103 527 157 59 854 459 118 603 629 478 186 866 433 374 896 707 853 290 404 686 742 886 205 63 505 535 349 47 765 525 112 123 838 393 376 174 943 966 977 654 20 729 215 215 842 739 695 625 658 216 776 896 475 810 852 430 607 264 245 742 243 194 38 850 704 505 725 553 7 19 660 878 867 379 450 588 750 22 228 972 365 446 570 543 957 392 74 333 872 429 881 445 893 885 148 924 331 62 99 475 838 236 31 394 152 941 872 31 269 980 481 956 917 315 901 461 62 351 166 411 400 453 328 51 905 645 368 972 387 517 815 617 115 908 146 447 320 859 532 595 964 190 882 941 309 565 901 977 61 934 541 640 691 599 164 907 642 198 364 621 492 619 633 522 209 446 687 692 305 498 149 477 462 973 914 648 753 373 364 545 874 823 622 844 264 916 347 791 355 629 199 563 713 581 631 194 486 562 829 702 839 101 765 217 292 323 645 252 482 196 995 900 450 157 73 737 149 914 209 749 628 891 891 212 377 82 500 465 836 830 437 702 732 525 218 427 294 916 208 738 136 784 130 145 678 624 523 869 651 636 778 175 886 368 346 541 369 551 174 644 258 334 295 464 78 60 177 616 309 603 938 638 306 356 881 155 498 299 663 904 941 726 235 859 541 134 54 750 791 117 655 380 465 73 981 661 170 243 245 355 79 635 965 184 520 381 116 445 280 525 572 303 908 940 881 478 61 314 156 870 629 938 565 353 970 639 960 278 55 736 255 172 252 325 488 239 525 526 94 201 86 377 496 813 306 324 993 922 128 487 224 705 206 874 697 437 923 318 153 87 135 31 28 30 735 402 165 605 371 699 915 822 965 2 194 730 976 405 338 341 498 137 32 735 687 564 803 840 525 374 905 455 987 608 369 149 620 334 718 697 732 490 231 901 425 923 689 534 503 744 29 556 998 18 6 579 626 138 341 576 421 507 222 142 652 486 526 915 322 230 437 841 444 919 767 82 725 453 920 21 142 831 176 669 899 212 199 643 129 190 93 266 768 133 929 317 413 158 168 845 974 559 999 878 67 117 904 815 578 633 966 618 649 739 324 648 987 401 304 535 396 172 268 300 904 192 228 985 727 316 701 82 305 807 882 788 819 818 440 302 992 522 423 905 578 104 153 357 8 507 266 767 938 831 792 384 745 501 24 217 51 928 555 248 614 852 399 139 144 446 100 5 849 283 379 797 490 519 943 760 382 500 260 597 913 158 526 566 138 697 129 970 731 277 367 537 591 108 259 299 970 779 480 564 687 204 655 402 867 385 617 561 517 531 737 66 768 801
695
664 647 372 805 759 968 669 966 641 195 329 369 448 533 958 939 289 24 19 200 131 504 981 293 995 468 752 835 937 734 442 60 681 114 969 629 769 255 253 142 261 371 620 156 691 339 980 946 314 34 739 643 786 90 589 489 527 894 124 781 411 328 468 894 183 81 677 731 429 812 838 718 831 652 369 260 708 852 700 768 876 843 655 695 997 208 227 879 507 132 18 13 981 388 212 438 917 488 927 286 472 472 816 715 658 956 680 619 609 379 753 12 462 573 61 978 330 223 214 697 660 177 736 163 706 177 656 985 518 695 891 298 429 888 347 905 345 614 905 501 139 884 909 962 391 980 980 89 548 815 120 226 633 378 556 27 801 394 107 916 286 952 2 981 180 422 474 155 895 767 656 835 501 732 822 167 427 249 672 413 756 381 503 18 195 627 345 30 661 350 324 96 130 759 595 372 818 844 126 356 460 436 376 388 402 102 885 413 417 889 606 153 636 745 370 2 250 600 584 290 858 559 819 336 350 64 562 169 376 152 678 486 235 42 618 409 435 239 881 740 294 546 102 29 471 373 510 305 81 331 182 77 665 576 15 250 139 731 970 335 788 958 923 682 734 747 654 229 142 386 390 346 417 399 483 796 24 236 171 876 367 871 651 312 521 838 249 492 40 113 241 582 367 925 263 193 452 696 277 598 852 179 269 108 753 883 966 947 580 270 793 232 167 215 81 520 460 269 852 772 153 765 483 778 107 759 71 744 386 743 407 952 180 708 331 551 644 434 157 870 604 37 627 222 587 202 389 472 386 945 971 457 845 481 473 730 829 202 59 913 635 929 566 640 14 79 358 804 670 498 349 871 876 188 270 814 838 622 619 199 640 963 956 686 577 469 951 220 600 121 936 795 519 997 161 192 155 911 38 841 591 969 113 833 92 809 451 980 864 732 999 783 248 581 737 684 921 511 848 604 617 265 611 827 189 796 303 306 413 780 961 90 930 243 577 357 57 544 246 372 176 39 489 932 162 552 397 710 822 317 547 17 893 370 58 301 495 675 955 44 615 449 970 59 10 70 853 985 546 638 923 569 161 259 710 571 737 632 558 396 811 439 269 125 654 296 183 386 741 517 941 882 768 875 83 303 502 967 474 850 29 649 780 836 239 393 788 817 136 818 671 215 737 228 798 726 859 458 274 36 956 243 221 181 552 527 150 88 363 133 188 816 513 583 412 651 817 354 90 855 493 808 813 239 353 853 111 172 837 511 188 795 106 601 780 696 40 378 976 165 672 886 714 740 943 743 759 123 247 176 568 993 385 424 707 688 422 983 683 59 859 68 939 205 534 380 43 561 66 519 923 37 649 173 407 611 634 484 871 340 874 370 327 588 115 734 150 718 850 269 184 517 254 730 332 216 253 832 822 921 600 550 776 422 887 121 610 220 977 800 563 883 421 812 563 908 477 439 267 305 206 445 384 264 962 597 942 350 467 28 8 859 131 408 671 472 951 377 296 599 696 557 737 455 677 249 324 821 431 387 3 652 324 579 744 689 680 314 604 487 684 618 657 16 883 206 327 371 235 610 11 307 485 973 480
463
346 910 983 652 310 825 917 639 402 213 406 979 599 64 713 22 455 463 406 796 11 423 700 659 569 197 665 304 621 923 312 497 88 634 564 184 995 711 424 553 622 326 704 8 351 641 735 598 540 222 879 901 717 530 709 446 319 28 968 297 939 735 521 229 713 460 363 675 507 407 391 609 443 65 902 756 243 541 895 245 5 654 128 315 114 380 366 845 940 367 850 418 316 804 748 341 4 161 634 525 347 808 472 621 230 714 44 368 805 196 72 38 250 782 884 879 459 806 808 581 575 836 179 346 299 950 575 936 471 617 93 979 707 449 744 872 582 437 395 319 998 196 624 204 900 595 152 509 176 167 827 256 930 533 303 585 864 365 193 224 770 16 790 95 443 882 606 548 317 467 94 12 845 846 79 556 634 119 615 497 162 908 976 441 716 916 308 279 506 217 984 614 643 299 939 913 837 279 957 399 928 823 469 367 650 103 830 633 526 183 607 332 535 563 942 155 734 892 949 429 239 66 872 91 576 10 835 95 609 914 209 399 544 706 357 871 64 903 351 161 158 963 659 495 369 368 714 278 873 945 330 412 938 765 115 936 263 731 239 930 931 403 686 242 388 480 529 836 282 432 347 119 752 264 115 78 772 530 79 888 975 245 649 301 711 594 278 649 22 15 7 685 235 678 153 172 237 390 275 982 369 716 461 461 507 141 701 465 911 726 534 576 611 193 356 584 597 59 483 120 91 965 261 905 887 54 699 255 842 151 195 440 501 340 132 109 162 665 217 115 991 585 912 677 517 992 43 894 864 77 952 55 107 121 379 467 225 474 764 728 772 769 448 248 599 706 474 983 955 832 372 263 588 801 921 42 790 285 709 522 823 979 716 26 36 518 591 954 869 329 777 145 208 863 686 427 441 806 910 773 726 930 616 306 776 573 946 912 34 266 266 155 680 915 735 259 237 336 463 801 639 685 383 440 82 718 424 68 973 186 947 869 426 697 751 359 202 267 958 867 102 636 852 5 839 555 977 102 483 300 899 774 695 585 301 378 151 721 181 961 578 484 489
284
678 792 442 438 34 610 683 696 151 363 981 916 218 557 240 81 76 904 23 170 754 664 980 615 681 669 805 532 688 440 705 673 421 5 958 197 417 963 7 821 603 3 730 788 298 722 307 969 876 709 388 5 313 483 424 452 71 506 310 383 371 900 382 557 958 550 1000 658 787 4 437 346 2 402 707 592 501 129 556 262 996 613 56 675 572 404 100 992 661 123 203 75 141 685 383 128 41 598 993 765 359 155 650 883 386 119 150 874 269 399 625 397 185 312 975 181 782 946 239 947 642 915 510 302 196 634 295 724 827 956 72 611 699 547 775 563 905 711 858 459 134 25 309 351 874 78 870 668 720 360 31 573 363 84 832 53 97 444 948 469 679 370 27 42 341 735 400 792 596 131 214 852 375 522 67 303 116 131 446 631 93 4 606 854 526 8 980 74 336 755 469 774 785 929 980 998 90 829 123 383 181 58 440 18 331 888 847 723 635 206 997 53 859 288 508 162 37 770 615 691 637 774 322 208 318 713 226 572 956 812 720 161 48 560 127 323 80 239 129 898 553 10 53 231 493 341 978 458 814 802 363 847 111 135 242 1 643 339 357 922 613 959 470 869 354 90 433 989 784 504 198 770 548 145 722 488 837 733 540 995 981 244 576 23
721
779 419 359 313 720 815 362 204 8 684 792 212 992 121 74 994 105 714 841 841 195 840 244 236 82 504 58 374 869 575 130 602 256 458 851 6 693 204 730 356 645 136 243 886 264 564 667 87 789 238 100 944 615 355 135 427 967 814 726 65 416 248 931 513 382 6 97 229 811 607 358 716 234 212 556 57 693 227 641 206 136 117 256 565 317 339 929 920 259 491 186 569 415 429 465 164 148 28 538 9 77 752 548 239 930 702 799 346 919 181 621 999 674 214 963 969 458 242 160 278 213 263 49 170 695 704 660 448 921 585 78 594 120 199 279 163 394 757 852 394 415 59 353 783 848 60 805 409 157 4 813 596 881 205 32 775 737 341 282 587 834 481 126 188 200 964 94 435 330 516 549 686 739 134 633 207 774 257 62 784 555 405 282 320 528 284 795 10 737 454 561 919 756 348 769 533 567 364 442 581 129 992 295 243 798 550 46 158 853 737 631 7 26 321 879 135 887 644 636 873 54 328 971 781 132 876 869 342 399 113 104 346 436 679 623 133 231 945 946 25 162 296 433 147 440 907 938 476 616 191 844 980 544 668 127 372 369 391 606 489 589 529 145 917 551 542 587 725 988 349 271 186 418 718 703 883 177 126 551 818 254 683 973 44 937 290 262 381 33 672 702 251 947 143 357 969 872 89 912 147 831 186 635 48 279 539 209 205 288 132 548 980 624 259 145 966 231 982 431 337 575 314 192 59 701 621 100 279 778 885 946 101 638 401 684 736 449 452 745 778 258 578 530 497 542 924 454 289 568 236 468 142 242 619 233 408 278 450 540 763 550 152 379 729 221 665 268 190 506 474 910 792 301 240 458 979 539 392 421 8 788 469 872 17 215 879 603 195 625 184 278 978 935 680 941 52 729 364 325 53 419 710 787 296 361 994 909 784 711 699 98 873 54 484 489 606 964 202 240 62 439 626 832 319 717 846 365 696 514 190 517 918 471 837 612 46 805 630 304 161 59 640 989 456 538 531 885 471 750 568 862 379 880 392 242 390 110 425 168 962 226 442 341 981 51 992 37 234 545 525 713 731 558 399 147 618 209 996 865 297 716 812 837 476 466 495 273 236 655 287 781 467 739 742 44 51 530 891 443 130 431 522 32 556 835 338 176 256 2 742 455 104 411 200 399 903 460 84 646 107 512 982 763 130 413 181 923 173 644 399 525 618 581 925 50 17 7 249 917 934 531 713 335 569 484 211 839 153 522 659 885 738 259 134 858 252 279 759 652 280 27 539 953 358 366 426 215 826 860 496 103 87 902 406 208 388 25 882 147 271 627 220 874 855 577 473 925 940 810 728 345 768 531 936 404 870 970 979 102 727 16 565 153 3 250 764 467 246 353 840 941 742 979 95 96 759 617 668 637 72 162 979 118 182 421 80 493 946 762 751 172 100 602 294 502 694 64 3 953 551 330 494 60 683 47 321 66 403 980 177 369 664 108 924 952 580 43 794 419 402 721 670 825 66 775 446 19 971 460 137 726 930 650 275 731 649 302 426 450 237 606 831 969 10 474 217 11 55 340 139 206 89 149 197 593 298 969 986 151 857 171 653 8 452 329 957 729 258 286 849 988 621 807 814 554 518 100 337 642 290 82
946
619 869 890 418 621 129 458 793 727 315 648 226 690 730 508 865 499 863 23 840 568 837 489 21 792 233 475 802 831 78 681 617 104 259 803 145 295 233 865 70 833 150 583 317 371 124 827 527 55 698 973 631 826 78 103 113 682 744 384 527 415 377 129 600 887 868 37 987 808 153 878 422 372 974 183 342 548 688 632 754 800 863 288 429 472 409 136 457 324 339 402 975 445 864 284 558 307 918 56 251 351 920 567 530 676 68 558 885 206 996 651 790 786 364 824 523 504 284 402 708 598 697 263 943 719 798 594 521 879 430 302 745 560 11 175 546 481 259 852 383 929 194 41 579 667 274 460 838 381 648 140 343 133 881 34 432 684 374 57 55 862 821 577 676 714 573 127 357 971 214 481 887 216 116 825 57 939 124 605 405 905 880 878 297 854 636 525 473 911 393 640 193 219 285 382 742 727 531 977 419 980 991 281 143 840 371 561 840 851 993 967 904 320 576 573 79 439 368 12 422 610 983 613 981 955 392 122 719 169 485 631 246 642 482 51 480 107 502 133 306 133 343 108 323 752 175 539 969 815 330 58 435 653 110 555 588 7 183 988 575 456 453 300 570 594 37 121 125 525 164 484 167 975 523 76 331 143 623 429 380 339 781 278 940 416 438 659 879 70 736 412 709 708 710 634 765 632 173 675 441 547 376 76 833 540 951 987 802 520 659 78 507 99 590 731 962 588 28 239 796 449 825 574 664 721 505 289 518 276 7 38 625 496 701 311 239 624 133 16 270 621 171 395 233 530 473 542 864 15 875 941 483 488 931 355 458 168 333 402 825 598 540 317 781 227 468 411 393 872 875 668 713 203 445 572 423 31 922 689 197 139 50 624 247 158 318 803 24 421 904 467 540 514 229 239 72 514 599 292 528 846 981 527 503 531 209 195 506 970 755 284 422 510 228 285 516 397 151 154 742 631 199 328 524 240 776 757 622 682 766 7 354 908 621 123 9 366 881 873 417 933 165 14 291 559 32 819 164 599 522 8 687 446 526 858 515 487 72 357 366 27 845 464 981 664 431 347 627 542 960 793 510 463 854 934 425 860 946 699 782 635 367 989 914 251 834 938 859 63 389 443 783 673 497 588 916 958 218 471 533 40 488 685 243 236 836 414 307 867 927 495 291 798 83 38 886 981 569 180 176 718 689 652 109 817 380 940 983 552 981 593 264 992 795 455 532 510 596 976 336 573 593 337 919 723 85 219 463 252 271 373 895 881 1000 683 216 632 697 350 811 178 358 328 726 554 365 897 533 265 722 851 428 916 584 428 132 618 285 966 431 454 820 451 497 865 420 328 535 393 902 836 64 851 627 996 837 8 919 411 120 887 623 295 925 661 553 661 118 983 509 742 861 714 746 384 701 360 7 120 632 226 816 317 303 214 30 877 662 174 539 852 604 156 882 59 782 590 521 548 409 337 696 737 388 202 873 341 405 912 737 282 312 642 958 738 332 169 41 781 975 55 753 566 716 481 869 893 596 910 933 244 182 809 447 183 29 496 146 223 664 626 782 850 889 390 181 478 979 999 837 675 953 583 4 977 92 298 962 818 13 526 179 243 354 919 158 265 506 921 833 166 378 567 292 229 513 703 411 92 994 101 192 10 369 642 625 173 686 590 947 564 768 980 425 467 19 495 974 398 183 782 535 889 391 126 206 862 852 614 181 219 710 58 22 148 366 535 715 998 678 472 786 717 887 918 478 861 616 671 529 94 305 605 44 831 535 16 825 465 516 710 558 68 32 5 979 691 974 573 588 916 30 1 895 560 892 258 241 33 423 428 511 772 141 663 127 271 331 842 402 817 735 39 551 578 336 487 291 242 916 101 91 165 921 215 640 721 877 187 809 824 902 664 410 529 358 641 555 962 809 744 492 911 894 870 151 541 357 779 535 243 712 934 454 514 434 907 269 621 23 31 561 232 22 380 979 967 617 701 482 441 442 468 820 656 783 794 950 602 540 197 935 751 479 419 238 601 8 569 447 971 542 631 107 914 211 377 325 605 557 402 467 191 310 115 208 451 644 884 332 150 735 863 864 921 624 404 530 953 197 373 96 763 170 392 505 453 198 909 952 757 652 183 203 830 687 951 482 82 614 362 184 464 150 496 556
454
529 697 875 289 845 722 143 522 481 653 42 965 938 187 288 18 196 324 595 485 694 448 900 116 716 326 165 338 798 202 113 588 34 50 736 694 325 374 120 395 485 107 109 502 686 207 250 833 894 33 836 96 218 661 762 783 21 494 975 785 842 596 879 197 474 354 550 317 337 66 532 250 384 888 346 43 846 315 54 961 398 274 541 933 132 167 251 91 890 241 60 494 114 642 967 143 952 727 176 930 598 501 39 131 164 908 67 627 731 987 17 463 182 351 364 439 858 221 80 690 260 739 370 335 232 685 375 984 416 180 919 219 657 153 779 748 277 258 882 286 335 555 803 149 891 574 727 993 648 875 190 671 897 422 123 776 787 780 531 352 440 741 197 152 398 770 64 526 279 278 850 42 527 950 941 197 774 27 980 982 836 381 870 39 43 330 690 830 166 982 202 168 128 539 324 304 466 656 972 995 739 644 712 279 782 160 263 279 939 447 800 60 95 881 340 554 275 537 639 692 364 419 850 268 567 429 887 410 983 559 341 34 576 100 591 970 711 375 941 250 519 540 582 656 436 843 369 805 794 800 744 617 305 833 613 49 244 490 200 662 445 128 926 566 978 643 221 4 984 889 682 445 217 241 551 333 803 710 941 955 768 507 513 96 956 298 700 607 751 742 808 788 36 380 898 992 104 798 932 187 650 163 675 636 915 770 623 861 937 994 197 507 778 282 173 689 47 765 142 113 658 999 225 581 178 739 406 246 607 509 926 276 274 951 779 385 930 933 515 371 851 815 634 266 590 302 934 886 541 451 482 35 873 537 279 9 340 584 505 346 516 600 807 446 143 619 80 527 30 747 121 608 258 414 549 779 390 476 301 871 862 208 488 828 271 912 668 200 365 924 308 752 267 390 305 870 813 700 685 256 508 729 359 971 479 564 444 541 978 175 97 341 609 920 646 980 516 318 548 203 817 433 705 338 834 337 522 954 257 883 225 633 38 848 791 869 373 488 405 532 488 847 880 350 852 245 295 732 40 872 250 844 437 517
960
183 700 261 668 514 349 876 258 633 745 146 469 867 844 92 281 356 320 505 530 771 180 812 685 219 183 397 547 479 781 691 413 505 833 326 451 168 531 66 463 318 593 880 714 906 301 806 931 645 121 557 582 626 975 473 709 880 686 694 908 238 500 212 502 734 856 333 882 377 175 286 369 606 488 39 376 157 752 50 578 81 414 998 359 220 762 245 783 481 466 258 601 796 510 352 79 409 231 430 637 71 896 656 253 584 716 38 38 650 130 691 303 124 235 772 477 340 469 136 816 310 851 786 358 837 843 178 555 525 549 69 874 592 228 925 620 173 504 112 146 428 104 634 354 235 620 347 404 665 185 597 990 405 1 621 195 591 978 218 789 535 64 874 798 420 950 183 709 939 127 922 89 374 978 554 259 298 254 395 395 28 552 949 18 731 745 447 555 972 652 526 814 694 132 167 324 186 412 715 111 678 703 658 802 560 242 938 246 13 903 124 505 123 826 698 774 403 591 571 249 681 652 864 785 969 548 337 989 151 858 988 674 439 371 389 325 793 417 111 665 662 537 218 693 679 54 762 807 132 961 260 102 828 556 89 571 372 571 293 948 893 404 973 187 419 199 407 953 351 113 735 793 178 42 802 934 270 779 563 101 718 142 841 622 46 204 387 746 981 282 688 979 420 44 213 699 608 685 666 659 879 54 217 596 560 718 539 810 321 437 453 498 21 815 667 903 87 707 437 213 761 449 317 538 566 703 684 107 880 213 626 454 131 241 271 557 660 286 724 886 421 531 201 565 175 354 384 582 990 299 902 844 452 246 370 475 347 954 511 712 56 991 287 59 728 722 563 935 732 805 950 5 457 324 427 591 769 382 108 112 373 584 372 767 915 353 71 448 436 787 615 942 317 153 268 435 846 530 938 111 390 734 219 301 790 519 311 903 101 996 226 943 398 441 980 55 276 218 478 610 636 777 403 339 152 968 626 576 173 949 988 83 794 886 198 240 687 287 100 976 34 17 584 48 912 947 333 558 685 376 351 491 306 649 652 927 693 438 194 92 606 479 544 393 798 927 114 390 145 392 319 636 94 449 157 79 745 525 184 676 821 15 451 714 284 325 186 350 104 814 765 652 897 896 237 291 102 531 999 431 963 405 934 536 297 922 287 214 780 661 330 388 580 450 801 979 487 77 546 624 668 754 531 749 322 873 694 663 81 835 971 827 565 541 380 44 628 369 316 575 274 767 452 328 477 573 996 715 17 409 192 480 663 741 562 998 759 398 199 914 695 478 382 668 535 891 266 207 499 864 232 986 656 886 723 322 860 188 529 789 991 59 171 897 628 596 913 204 750 32 282 844 689 165 875 410 607 64 838 879 341 663 795 591 119 107 18 872 826 90 355 409 769 846 118 709 229 52 175 547 537 76 860 76 758 109 963 412 584 892 196 107 181 326 135 283 88 326 413 86 566 373 43 467 4 374 490 243 305 265 6 137 754 429 588 802 773 723 673 678 831 519 516 758 162 673 8 974 538 734 40 48 489 511 285 865 676 490 360 235 2 760 780 85 958 563 611 474 65 202 854 110 503 123 99 715 39 833 197 116 942 361 919 122 841 383 591 551 11 355 610 244 551 441 629 793 775 273 485 128 522 973 352 899 818 286 105 227 788 342 624 131 92 354 792 894 483 946 244 371 108 332 202 231 785 941 621 871 933 18 600 129 983 352 590 494 910 861 829 172 555 745 415 74 737 481 981 572 677 655 176 894 802 721 322 750 240 980 360 454 788 940 749 367 10 628 68 983 560 192 508 842 62 483 493 465 775 665 467 447 88 268 999 304 312 275 398 809 89 845 899 117 57 697 710 272 93 28 73 906 576 282 607 178 936 460 81 132 129 364 977 563 35 934 299 325 182 107 853 1 942 679 236 362 684 225 190 242 690 294 177 862 531 187 210 523 137 724 729 710 742 758 2 712 153 660 34 142 821 37 445 182 214 14 606 740 65 929 480 619 164 344 670 892 386 89 982 644 508 248 873 132 145 294 629 692 79 843 378 877 245 281 577 207 681 945 176 289 274 55 518 456 833 135 55 774 578 896 339 529 988 68 72 893 43 268 197 457 392 722 486 35 544 856 544 806 804 996 609 634 493 963 274 934 131 638 237 979 446 695 777 429 593 251 146 240 165 908 342 227
240
729 704 207 674 907 196 620 827 902 254 722 888 126 407 622 620 559 556 676 542 280 908 838 85 880 19 130 232 962 369 352 996 727 343 514 982 847 721 636 812 820 462 589 301 599 417 916 268 366 408 457 928 447 989 871 946 56 553 249 125 116 998 4 157 432 265 454 373 525 777 556 37 609 912 315 68 622 678 156 258 873 551 973 806 625 918 807 513 962 739 994 970 474 227 591 425 678 844 249 408 26 213 625 985 89 449 326 30 402 228 163 455 48 232 317 964 13 150 804 688 506 240 813 26 26 192 608 818 180 325 119 354 898 903 148 745 205 959 155 750 754 416 185 632 221 252 758 985 405 620 90 430 137 552 537 7 696 551 943 144 594 569 185 745 180 923 484 590 121 816 963 858 289 818 582 225 755 323 777 284 930 702 639 344 919 3 704 63 70 367 929 867 699 845 941 734 253 756 392 875 216 297 704 521 346 366 701 528 261 432 714 15 980 246 543 679 105 389 319 244 38 61 718 257 702 761 356 174 501 377 607 944 409 551 42 847 133 943 471 483
841
536 156 180 733 669 688 225 640 676 772 305 297 286 487 623 142 223 920 695 977 559 599 199 725 785 613 875 736 261 650 872 181 459 466 65 169 826 417 622 581 743 654 953 476 963 447 378 124 657 620 838 797 513 309 480 775 842 496 690 440 53 562 260 427 715 358 28 840 760 391 175 352 807 781 273 518 497 423 499 142 280 374 511 855 512 260 994 941 408 50 13 161 548 39 778 154 385 723 559 379 196 430 806 585 235 899 431 787 404 948 585 605 534 90 418 158 8 9 156 168 92 863 23 934 628 496 296 889 525 75 928 764 695 356 695 195 183 349 345 157 95 199 527 355 857 951 185 458 169 571 649 35 390 335 923 590 413 274 853 776 394 725 78 117 630 385 694 779 634 471 625 864 248 525 157 305 47 957 403 227 673 630 101 453 260 862 925 88 13 562 279 996 494 961 758 549 493 56 406 477 851 321 126 962 570 915 748 808 159 962 371 604 737 11 872 638 908 707 575 163 285 651 184 762 467 785 289 589 695 627 993 581 741 951 694 48 419 546 278 657 994 325 687 696 938 601 119 729 810 535 602 248 748 748 219 433 140 985 142 451 862 189 772 975 334 24 712 383 738 756 639 25 587 471 20 587 947 365 49 80 833 734 133 402 354 136 516 716 355 965 179 742 141 769 142 823 891 350 755 616 343 73 36 684 370 36 459 15 458 636 867 848 874 108 997 790 206 666 22 508 364 512 295 65 738 91 984 232 125 926 823 231 912 742 44 633 668 294 566 654 977 615 260 968 707 246 122 765 936 416 367 511 602 716 654 795 846 13 465 838 35 163 153 565 468 974 244 34 753 682 199 356 484 694 904 424 39 533 447 650 188 5 947 703 325 597 731 707 774 988 743 705 255 571 33 878 325 642 406 545 575 150 420 415 695 246 746 794 839 976 180 409 26 218 397 620 527 367 515 122 959 637 728 987 465 237 229 758 887 403 324 696 206 341 557 4 188 73 540 634 189 587 49 993 61 73 449 679 557 105 506 348 434 656 238 616 513 878 122 885 464 8 915 671 474 704 327 246 334 385 668 648 682 445 133 218 235 567 739 870 926 760 193 498 833 163 255 38 512 638 339 402 121 884 815 522 396 560 945 981 132 504 918 177 21 206 596 746 349 202 412 139 369 619 794 503 72 495 290 139 58 937 612 272 434 88 891 529 242 14 725 334 406 66 236 26 195 307 524 941 23 486 798 985 566 396 948 582 434 360 234 709 924 117 952 812 448 187 702 779 112 393 663 467 16 636 733 234 385 848 707 922 72 595 742 242 101 508 858 887 729 263 289 610 262 75 562 438 71 957 836 114 7 430 937 273 976 120 251 77 576 77 624 78 110 495 930 691 680 203 120 191 709 180 756 931 795 285 152 712 925 584 429 622 974 445 320 419 673 453 316 767 621 607 193 141 259 198 147 717 481 132 264 128 335 187 587 829 775 418 228 133 580 238 483 360 64 126 889 763 380 743 131 847 103 617 877 48 333 365 788 161 397 437 776 263 218 69 168 377 860 454 83 797 364 748 939 388 969 616 190 776 405 940 777 518 112 157 85 906 594 716 445 553 844 864 539 351 680 510 471 837 184 87 522 984 687 236 818 745 91 316 188 561 196 345 157 73 907 314 18 100 227 22 164 624 336 561 907 790 208 69 518 144 21 179 281 420 506 646 511 506 895 667 660 482 70 927 254 883 400 1 600 459 993 382 766 220 651 884 100 757 371 362 946 877 695 524 565 917 626 955 659 426 822 763 424 727 332 947 207 186 828 549 241 524 919 404 376 819 795 236 102 410 599 705 94 289 742 678 342 124 672 472 273 37 643 346 338 538 549 245 494 518 625 360 543 364 183 229 487 480 625 409 466 165 27 911 141 644 281
301
414 837 95 196 640 546 345 45 488 320 298 163 629 225 164 368 663 593 117 619 902 236 862 856 488 309 989 952 853 62 7 320 510 171 576 7 582 1 359 228 650 808 434 800 355 44 419 920 504 251 794 992 872 72 225 972 508 657 802 251 876 815 414 410 866 190 717 392 889 284 445 117 248 101 142 68 390 805 941 831 537 781 308 829 366 621 23 838 546 257 272 828 276 677 460 859 206 332 609 699 351 67 597 78 616 213 421 953 672 148 472 17 396 425 492 594 397 489 941 565 275 510 283 184 221 562 670 420 509 127 529 401 120 465 582 792 567 77 876 682 980 773 918 634 774 403 392 827 127 734 917 668 294 271 547 510 216 800 58 850 181 751 240 937 249 590 45 141 339 982 831 422 77 624 208 16 994 68 323 407 555 34 424 481 43 521 20 219 544 775 403 851 30 551 582 403 82 387 491 1000 292 124 163 457 93 854 306 571 264 730 540 102 557 162 706 658 218 497 606 642 541 973 105 170 306 355 338 642 337 495 267 389 354 180 157 18 663 668 106 48 772 832 302 393 981 38 405 832 22 919 926 962 953 632 212 230 135 962 66 80 721 417 784 216 429 440 279 31 409 353 850 510 890 208 899 744 6 392 636 502 431 685 422 126 567 578 125 7 75 731 708 193 108 915 462 551 61 990 879 107 433
313
833 348 74 596 525 490 988 596 831 829 485 659 658 360 24 363 348 324 651 29 356 756 811 225 603 695 234 170 388 697 630 843 557 387 74 832 655 876 684 830 917 209 872 985 423 804 345 841 126 76 567 97 518 198 230 87 372 865 395 623 886 580 554 474 607 384 929 746 530 668 438 513 447 632 505 616 76 97 335 759 721 704 924 833 138 477 252 731 399 907 786 27 486 30 956 780 319 13 891 791 557 176 3 432 458 376 25 862 717 995 796 272 180 6 682 210 746 157 974 54 5 703 57 43 906 402 234 975 192 692 549 166 29 641 892 615 436 148 866 505 94 194 692 163 503 754 553 859 265 616 411 715 61 312 368 394 1000 713 542 409 866 410 235 869 788 15 197 603 327 809 822 470 12 353 601 649 77 917 155 701 179 290 33 868 304 216 8 469 94 800 802 609 53 526 130 482 340 258 981 451 527 953 80 732 949 80 311 223 628 882 495 16 685 705 98 173 334 866 597 570 388 729 280 765 280 442 160 579 54 224 658 971 26 511 845 983 816 560 239 257 620 992 854 126 921 586 769 202 928 358 118 118 309 156 67 353 702 288 376 87 515 359 781 268 528 109 123 736 588 167 783 603 690 972 104 156 757 496 215 912 520 602 698 437 131 575 703 988 431 522 519 197 374 9 123 743 374 194 581 390 937 287 446 480 436 164 238 851 299 179 897 38 286
758
105 1 449 859 33 109 756 752 131 639 887 38 403 864 890 104 187 311 61 778 752 356 857 661 549 492 493 525 546 34 597 675 685 525 555 705 859 271 480 199 240 220 278 200 965 442 892 781 763 822 30 796 560 339 92 158 804 942 122 923 80 562 297 316 357 722 188 801 446 364 859 835 695 924 18 443 101 181 19 959 703 563 426 906 465 739 851 807 422 164 582 368 640 450 307 804 123 311 436 213 170 339 330 41 665 246 804 186 890 990 531 769 226 700 112 418 284 688 657 607 684 606 686 679 321 937 200 434 809 381 878 745 388 512 30 48 460 20 216 172 586 262 786 914 580 630 849 662 19 946 391 570 21 915 3 153 205 153 522 325 568 245 70 614 52 108 158 535 577 63 630 634 356 583 515 792 861 197 301 535 64 286 762 285 874 185 444 348 560 120 975 10 772 40 451 906 23 410 138 805 358 988 417 854 679 803 971 485 16 221 698 931 161 486 37 296 45 309 62 275 411 978 44 543 447 42 665 407 739 916 36 304 581 104 644 536 969 745 105 51 908 783 466 727 329 46 74 63 627 421 671 330 512 319 408 277 544 64 318 917 515 40 342 827 961 311 214 410 610 441 286 191 307 574 640 844 662 705 32 206 177 795 930 810 235 76 274 566 451 218 20 685 274 36 20 978 720 210 174 241 797 391 108 186 729 356 335 858 466 16 99 990 259 390 253 459 368 443 996 36 945 909 657 681 556 106 598 194 963 66 820 30 617 902 965 613 977 986 331 403 675 811 631 601 982 192 543 54 634 971 603 487 394 89 13 729 605 879 509 798 440 151 906 926 325 350 426 14 191 171 214 41 581 157 29 288 98 327 394 306 83 508 904 66 143 800 104 696 284 368 180 93 607 953 827 34 85 236 280 591 501 563 910 130 841 110 561 744 175 233 508 84 851 668 883 92 820 418 422 805 449 857 264 675 10 103 86 577 699 142 666 788 969 285 670 564 187 404 813 282 222 312 452 673 94 45 799 802 604 723 26 482 407 588 430 301 20 848 860 128 696 337 986 542 620 238 583 177 697 190 51 432 862 239 141 677 762 871 421 479 503 651 603 245 324 649 114 670 221 903 730 153 885 988 462 600 189 200 76 364 894 242 533 46 835 92 352 260 450 820 893 974 202 668 768 554 598 537 423 418 291 345 828 420 965 474 445 39 816 429 13 351 423 871 182 799 674 857 890 744 282 61 95 308 751 305 391 935 564 456 547 706 259 916 204 84 491 584 346 648 269 505 690 293 556 19 324 749 774 54 652 489 980 169 229 696 578 178 278 412 918 280 273 307 742 53 568 257 50 404 484 974 707 657 151 985 554 880 666 863 416 810 996 145 121 764 900 70 498 997 156 316 385 990 677 758 278 974 786 966 561 609 712 474 266 149 502 813 832 60 136 479 759 524 993 632 319 427 535 139 72 117 773 565 591 312 916 545 348 414 593 924 700 291 865 254 666 539 249 104 828 967 441 249 490 874 924 393 956 74 464 310 323 244 37 279 852 641 26 630 405 808 594 510 190 660 841 436 751 128 268 389 108 320 666 656 243 127 408 529 196 454 346 384 588 622 879 146 799 951 891 852 393 822 414 662 91 402 874 945 249 106 891 568 505 696 317 520 262 420 293 523 933 632 395 37 732 384 411 315 607 62 933 150 782 841 622 230 586 893 936 506 719 104 30 553 161 32
582
996 493 116 230 250 273 63 782 354 464 873 261 237 235 461 588 897 674 689 297 197 730 351 699 170 587 774 390 462 664 346 366 595 32 256 493 433 216 22 56 794 490 766 521 45 588 22 184 389 147 36 317 690 749 931 651 955 948 38 697 133 831 350 62 798 644 971 636 163 191 417 136 937 211 478 381 885 454 766 637 423 232 363 807 573 203 711 882 885 935 135 385 882 777 754 851 317 723 322 483 429 166 724 466 852 39 14 208 904 404 633 555 284 533 754 107 57 950 160 256 949 437 765 268 699 177 846 384 320 388 596 67 611 346 76 315 751 96 316 297 534 929 406 349 177 265 99 265 970 299 327 450 160 746 867 870 491 554 625 15 666 160 379 691 228 434 790 17 944 359 656 315 694 565 814 694 969 527 664 678 692 976 723 210 494 621 213 118 259 140 444 330 593 92 477 735 226 715 437 687 604 155 18 50 842 925 7 148 604 282 78 648 135 432 486 350 821 154 77 246 618 807 24 700 387 662 656 30 438 466 723 864 889 910 803 56 809 424 945 437 516 957 235 259 48 893 247 300 713 455 629 841 800 747 925 367 612 514 901 193 729 337 735 480 873 9 84 254 771 377 366 886 27 917 623 402 113 925 741 769 131 154 758 536 880 503 741 799 103 32 556 874 799 480 139 176 160 653 403 706 402 792 739 191 54 980 256 298 193 703 398 41 766 659 391 907 828 396 695 264 38 941 671 160 44 942 400 805 881 305 122 472 262 868 619 306 902 177 374 131 139 508 23 867 359 983 320 433 12 202 880 342 966 655 23 703 130 997 687 277 302 658 204 726 52 581 194 774 642 454 368 59 805 980 414 350 148 641 86 669 208 594 45 775 279 612 385 137 609 244 307 408 32 5 612 233 760 155 888 279 680 486 73 711 712 294 769 749 408 234 462 560 8 159 845 735 385 70 396 539 225 819 541 861 55 720 329 310 2 611 303 323 209 466 1000 853 80 4 628 175 466 35 673 677 404 393 960 844 457 486 977 232 116 127 456 473 756 749 706 464 452 82 208 804 392 978 843 425 216 606 739 142 5 594 881 669 6 927 574 589 467 921 686 468 523 382 606 106 2 378 225 716 822 476 651 446 267 207 750 285 1 793 519 493 869 852 91 28 927 262 869 964 987 727 807 92 921 179 199 368 220 277 971 660 291 533 225 449 959 286 972 912 555 982 622 492 825 989 213 628 969 32 143 494 370 184 611 433 344 269 580 245 473 597 982 46 890 513 129 879 107 807 818 150 310 150 144 182 889 925 382 266 623 235 225 602 935 505 280 919 513 48
903
253 823 918 52 115 279 844 247 957 790 801 868 687 40 100 989 879 740 453 811 634 259 722 72 87 545 312 701 697 272 716 951 155 803 267 505 654 177 791 463 551 887 56 133 368 528 632 971 158 995 177 691 961 554 500 507 932 981 448 554 241 820 811 668 695 272 699 874 92 61 94 477 475 936 245 208 289 537 307 970 435 115 64 736 951 287 636 582 759 80 419 840 386 61 150 807 674 886 91 316 39 539 106 53 53 981 113 425 566 968 582 211 538 379 126 722 313 872 665 443 913 339 986 858 634 102 854 593 595 877 155 857 788 321 547 594 659 74 887 737 232 561 345 147 426 676 322 934 833 374 552 706 313 340 834 755 862 710 221 107 362 235 907 14 394 691 80 266 696 830 535 258 72 145 147 963 178 27 533 28 157 241 769 593 872 865 428 11 65 492 324 260 337 355 673 546 959 916 105 496 144 383 104 307 352 348 975 526 366 571 490 538 203 278 622 655 56 88 202 455 633 477 511 555 772 535 438 356 842 202 728 79 136 850 52 524 841 1000 437 760 449 548 376 959 205 317 566 414 688 645 382 755 115 266 637 278 72 216 421 763 168 622 292 338 752 275 735 528 441 67 730 586 241 416 735 480 539 388 719 255 835 255 230 451 403 62 109 910 406 354 305 876 773 489 672 688 350 837 269 765 24 414 344 310 303 17 911 44 676 810 777 566 78 729 265 608 575 422 849 178 565 38 714 306 643 900 959 354 894 199 834 730 804 499 831 929 543 802 374 866 457 769 136 163 681 644 310 514 397 14 502 665 357 887 530 589 819 793 628 738 320 293 908 776 341 891 772 482 300 353 273 908 311 803 230 483 504 566 948 361 397 39 740 712 635 444 110 19 375 460 963 950 935 126 812 714 477 418 72 815 985 920 733 32 839 513 681 196 759 222 383 634 460 150 26 291 337 523 169 94 479 906 379 294 507 6 667 923 535 916 481 942 298 676 476 323 269 368 322 129 101 758 115 883 106 916 941 341 173 712 892 271 53 875 145 137 534 1 580 19 605 309 663 800 190 679 819 887 929 829 637 535 127 230 176 356 341 53 648 40 361 704 941 233 839 690 582 718 516 123 255 812 618 738 953 347 616 576 457 370 839 429 152 452 641 370 536 565 385 910 166 589 787 79 978 229 879 310 192 446 990 655 365 927 563 284 829 982 684 161 216 856 150 229 257 818 780 43 551 650 736 655 90 21 838 526 260 356 952 778 928 45 48 373 933 74 98 354 414 448 784 114 707 979 515 360 595 497 425 136 947 227 497 540 541 136 421 284 719 56 535 897 572 455 869 941 558 401 860 200 125 817 676 151 1 713 731 360 882 462 527 464 667 362 315 243 654 164 54 475 63 944 299 558 852 912 224 265 809 227 341 967 859 845 542 655 264 284 283 477 641 683 293 998 750 96 153 138 759 852 527 338 955 256 264 23 453 715 334 749 927 874 541 609 9 684 470 469 788 847 164 52 156 76 748 260 861 409 726 202 38 934 8 539 82 296 159 203 547 738 820 607 650 286 45 645 365 39 480 88 707 777 123 485 530 130 157 829 846 992 461 524 908 792 142 977 928 878 24 612 878 166 253 271 650 518 136 66 609 989 137 112 336 223 122 659 234 705 539 481 145 740 145 82 493 434 506 850 117 752 884 814 422 56 795 401 87 568 644 838 129 132 989 965 678 900 505 632 909 456 476 158 539 755 246 809 952 777 417 751 874 438 67 411 767 818 525 32 198 732 936 552 235 263 377 910 397 405 966 465 702 888 832 767 308 152 955 391 685 366 759 445 526 182 164 350 945 604 801 807 879 335 908 790 3 886 828 564 604 604 791 525 876 461 442 122 884 740 24 511 445 410 278 970 48 771 489 281 80 945 497 171 965 638 864 750 408 359 666 690 366 355 542 874 149 760 613 219 66 368 560 371 598 366 852 883 673 993 277 886 918 489 550 353 929 891 844 104 162 594 404 155 234 209 907 615 764 809 700 438 806 773 72 513 784 122 946 320 237 865 242 412 134
511
360 973 325 189 860 682 865 38 85 221 780 497 48 483 404 425 702 948 467 946 101 660 683 225 815 71 61 831 734 797 883 220 6 88 211 594 716 865 412 604 875 748 620 638 149 469 392 153 589 161 831 860 993 745 639 623 76 964 915 951 886 750 532 35 344 214 963 27 575 637 691 279 552 701 815 821 977 678 506 712 140 251 418 757 111 467 216 593 275 405 729 327 862 191 931 809 785 920 272 143 124 797 782 312 955 918 888 103 901 92 858 947 746 395 707 817 991 468 980 808 220 725 909 819 943 717 558 684 339 974 469 622 839 973 378 549 861 349 538 480 495 124 95 420 240 423 853 960 723 879 612 498 679 707 868 79 408 858 176 22 839 590 654 99 994 713 88 570 157 439 337 938 358 367 344 550 23 422 358 673 240 55 78 830 520 69 247 528 564 50 466 362 226 270 161 679 911 614 562 878 113 526 985 999 381 755 732 436 350 133 364 166 156 597 566 460 696 640 554 405 296 274 893 655 324 572 72 663 193 585 435 532 772 911 172 956 937 571 47 727 542 68 363 333 28 515 745 913 851 511 807 547 559 776 972 625 906 982 553 909 981 483 832 486 708 254 110 882 213 1 946 297 897 575 655 689 569 740 915 350 213 345 74 300 608 851 294 476 365 313 173 766 902 875 961 676 40 591 78 464 719 334 139 729 517 921 261 91 377 141 56 992 737 223 531 554 147 325 943 736 147 793 868 654 299 417 156 188 282 22 511 971 245 85 715 868 327 216 277 129 712 298 795 928 714 282 674 968 505 851 88 616 219 54 307 723 169 285 153 636 826 316 746 566 793 81 317 250 272 835 499 595 968 798 782 152 620 62 287 644 945 976 306 528 14 818 252 265 507 713 165 346 842 46 503 791 566 215 421 960 914 467 392 997 735 434 41 99 782 852 724 150 901 687 909 580 790 994 709 783 56 88 882 550 765 379 571 675 278 784 922 165 468 584 426 658 495 69 178 138 625 146 843 590 249 983 456 532 410 827 812 97 902 318 433 725 274 276 374 194 23 504 638 816 505 306 906 74 55 734 755 679 817 167 666 375 50 464 732 101 333 676 271 699 652 391 448 370 348 831 694 12 791 639 152 874 891 407 696 155 800 616 780 562 626 34 281 91 541 202 526
911
378 449 78 102 559 911 939 342 845 419 108 451 712 567 199 782 690 876 633 46 26 630 520 333 438 688 884 75 760 709 428 385 252 226 716 353 419 781 733 576 950 617 716 863 644 528 567 681 963 855 45 317 592 796 564 926 993 265 520 336 902 972 583 279 557 826 339 496 284 433 226 671 189 564 391 406 656 512 423 782 432 44 804 342 611 346 881 631 593 588 589 925 540 571 449 377 208 586 377 462 710 506 67 391 202 335 689 12 50 121 273 544 203 837 503 378 168 106 304 638 718 362 605 97 230 719 922 556 478 896 340 555 51 427 444 878 181 87 341 601 277 434 194 482 308 349 543 378 773 566 936 162 647 323 683 986 682 258 840 65 847 953 533 560 214 81 604 754 462 213 251 570 277 617 859 133 613 734 735 289 278 882 398 621 465 221 561 737 28 85 33 37 480 147 67 751 594 251 977 618 648 416 633 686 1 285 286 241 399 817 864 11 245 795 306 244 622 667 498 810 432 244 197 199 514 964 264 556 711 617 536 77 497 52 182 702 989 640 471 65 939 561 144 515 12 234 541 124 888 68 40 842 222 850 820 62 774 151 609 521 494 798 59 583 723 896 282 36 77 256 877 974 700 797 312 747 642 892 680 34 375 442 674 474 411 536 288 182 382 801 350 247 99 67 937 254 225 884 281 527 72 804 780 679 212 547 206 590 679 295 567 225 952 199 42 178 216 572 782 576 321 28 255 833 720 463 867 33 130 905 844 764 85 418 648 176 425 711 687 582 763 653 897 620 869 562 222 487 72 683 219 558 339 527 228 330 887 881 903 785 448 605 874 2 292 672 70 208 71 844 142 764 687 220 500 824 549 684 733 943 368 479 531 848 924 815 564 399 934 388 648 176 914 629 182 804 587 108 885 941 301 354 634 243 405 909 959 309 857 421 126 527 745 455 2 682 501 949 514 34 444 423 74 871 489 855 926 901 466 469 235 539 95 26 220 818 604 705 810 518 917 581 474 463 856 972 307 397 513 192 882 487 20 231 54 980 443 340 137 128 20 682 543 817 994 394 132 539 945 534 994 771 308 564 300 614 357 596 570 466 953 740 757 605 221 799 305 571 69 298 59 90 906 426 255 901 15 575 707 800 419 452 367 635 455 202 885 749 323 201 461 324 769 257 993 453 488 532 200 260 681 807 59 476 289 680 53 712 216 393 507 329 882 742 749 406 115 938 5 357 378 767 865 235 959 745 117 947 954 227 418 656 621 291 2 573 672 282 512 881 508 444 197 74 843 187 829 547 98 325 310 937 783 93 850 124 625 286 584 230 226 786 374 562 54 875 882 962 485 59 439 241 432 761 286 588 123 766 112 236 981 725 279 390 318 398 881 732 865 275 59 641 663 911 233 724 702 851 938 925 251 379 153 112 55 82 400 870 106 452 942 263 701 698 418 532 746 305 385 811 81 743 6 338 700 2 784 879 873 515 800 831 868 688 258 658 65 171 730 201 551 601 521 542 428 777 174 33 45 89 904 607 130 536 68 471 67 824 994 537 306 341 932 349 519 508 914 796 884 801 628 388 858 104 792 875 671 498 892 141 217 914 463 798 288 777 514 645 784 836 320 364 653 663 686 790 593 949 261 801 987 747 520 63 366 890 711 40 693 221 108 303 174 702 85 960 179 897 693 835 403 646 558 289 276 224 234 806 587 522 495 40 276 274 11 157 143 911 171 90 849 594 902 398 844 223 801 297 888 368 278 744 493 582 345 208 550 129 938 150 623 468 429 379 82 851 226 670 708 444 310 104 444 87 84 474 8 113 609 455 593 567 303 732 811 425 749 422 725 938 597 243 463 977 470 792 236 486 449 523 110 627 394 857 676 341 674 528 845 293 254 84 169 265 515 889 787 266 154 842 844 275 69 866 453 484 560 123 171 656 470 130 235 586 351 872 148 77 605 718 375 39 40 799 606 407 479 921 539 679 286 200 510 415 536 393 317 867 626 619 115 979 996 136 831 294 546 653 232 500 528 48 61 398 599 409 182 65 952 207 163 810 932 372 96 570 325 442 207 136 261
177
269 624 975 372 579 210 652 37 62 37 687 596 194 850 326 2 631 625 367 59 323 419 728 270 64 117 626 238 606 714 581 164 375 56 78 521 651 388 129 659 465 323 158 553 996 499 558 83 462 883 262 818 228 740 160 144 944 116 91 54 357 127 972 685 707 383 614 398 24 390 805 5 36 911 837 499 384 928 783 904 884 584 311 92 46 569 917 262 122 981 20 753 887 103 163 688 980 108 661 4 5 57 922 601 132 201 112 46 461 866 695 480 64 520 970 161 804 881 666 616 113 512 396 241 288 12 334 403 779 905 839 781 405 152 132 190 93 591 184 25 30 506 434 121 240 226 383 730 639 156 149 71 19 344 115 305 774 294 134 707 655 968 235 978 128 644 283 648 803 54 276 472 418 360 39 304 466
718
437 2 635 871 782 866 193 456 757 569 49 442 264 108 217 624 775 185 87 745 19 802 32 658 18 483 470 964 331 473 826 342 601 216 770 482 822 324 450 106 826 219 826 603 767 639 899 920 981 411 21 228 201 782 149 983 568 317 894 459 385 759 468 632 514 213 513 420 53 264 721 260 948 267 977 7 424 935 400 888 750 813 546 77 550 708 456 534 596 561 774 119 149 791 310 582 482 721 584 280 766 204 330 648 279 422 601 232 504 181 235 518 842 396 517 709 594 159 484 599 197 940 778 316 215 978 782 76 717 704 104 750 568 860 808 580 78 473 393 729 409 999 903 852 316 103 56 727 975 886 994 628 864 904 288 33 263 814 60 769 19 686 164 904 53 843 593 954 647 485 33 754 834 733 94 78 89 80 742 310 380 453 425 558 247 137 630 705 709 521 797 635 88 208 661 862 311 161 472 508 1000 200 631 604 71 745 949 282 455 390 943 31 124 164 610 118 921 38 252 894 728 155 826 732 226 61 954 523 59 954 558 562 672 543 214 263 238 902 917 883 215 804 519 278 694 532 867 296 805 882 399 473 449 102 921 184 258 867 853 163 840 507 411 528 682 687 610 214 510 446 299 642 664 46 882 268 219 424 229 352 223 695 698 219 8 733 257 272 359 679 817 308 754 287 368 447 745 191 458 584 282 433 646 941 606 468 741 364 49 803 491 479 520 320 561 541 554 879 873 400 43 973 505 858 881 12 888 963 586 167 938 157 355 500 469 771 185 818 500 943 193 552 152 442 943 82 533 949 376 594 771 28 255 569 705 218 417 16 897 911 651 868 991 630 191 435 117 328 868 893 466 517 483 133 185 428 181 400 467 34 715 32 501 872 825 131 204 161 692 147 24 683 442 783 604 273 35 607 863 111 625 287 288 664 707 92 817 553 277 619 447 785 264 34 839 459 993 703 68 239 67 169 620 14 306 131 395 265 60 645 405 851 415 513 488 160 645 518 675 459 571 170 452 133 372 766 660 371 503 723 989 283 663 877 960 741 273 590 60 622 453 844 159 740 599 230 93 580 684 244 839 254 832 605 72 779 884 537 236 326 475 450 362 764 763 257 901 969 914 129 148 32 717 593 476 11 482 528 48 293 58 37 644 734 747 623 720 179 677 844 515 905 862 187 362 150 903 314 893 793 523 872 797 357 252 241 357 281 789 345 689 955 872 99 88 423 546 325 565 82 970 458 385 684 713 999 690 960 519 670 899 269 843 200 176 223 335 448 499 784 902 336 918 971 913 733 375 579 359 888 782 564 848 268 890 845 562 753 518 179 275 788 672 581 967 690 955 144 873 99 391 463 298 24 707 414 181 151 831 210 959 253 447 539 787 523 419 308 916 638 991 666 612 949 738 479 431 76 735 124 803 216 225 189 159 297 876 851 310 143 663 594 318 965 919 547 137 642 662 287 398 603 598 873 598 430 664 730 53 893 105 410 484 926 434 834 505 104 999 230 771 808 245 155 832 427 189 816 725 866 563 785 618 243 111 777 100 443 11 203 993 937 149 898 807 471 745 148 26 95 732 581 531 611 374 554 287 183 952 79 527 170 789 171 856 995 138 896 161 144 85 193 320 185 392 937 995 401
971
79 580 742 353 490 813 557 813 161 827 60 533 855 409 808 445 415 16 248 780 510 406 358 414 175 943 231 172 338 313 231 382 207 560 827 446 939 544 214 75 331 758 572 77 591 19 80 708 317 763 822 362 326 314 393 553 268 130 79 280 414 1000 59 83 174 849 558 789 209 863 702 828 455 297 389 915 818 680 5 500 113 114 737 713 454 25 404 152 462 416 85 957 61 146 586 364 58 313 724 241 824 944 675 772 611 769 145 260 942 635 696 560 518 860 46 97 627 900 862 306 560 920 8 266 299 961 86 630 58 707 733 144 749 270 370 985 838 143 17 490 686 281 463 272 536 171 534 797 863 491 810 833 554 841 847 803 256 442 995 987 608 645 16 327 819 980 573 981 588 299 588 303 411 586 683 818 224 735 769 300 94 491 588 823 173 616 80 463 106 243 188 522 607 730 214 880 733 402 751 606 383 654 96 291 808 268 585 508 634 11 43 848 583 644 302 23 118 856 950 979 983 441 439 899 622 461 356 442 408 342 907 229 53 55 869 879 338 449 116 889 944 652 479 134 486 616 664 241 559 384 27 672 53 611 405 158 559 288 824 499 159 853 437 3 292 352 20 931 501 759 409 800 253 967 272 532 9 721 700 374 261 298 893 468 221 622 104 836 67 645 269 7 793 675 202 876 552 353 177 282 608 220 175 851 498 645 760 803 690 619 143 31 310 631 531 345 399 658 563 428 816 5 967 902 509 100 30 341 775 365 104 339 123 796 742 326 300 797 707 115 79 532 680 145 368 280 795 308 626 374 379 581 440 29 722 550 382 745 788 917 215 549 631 751 492 461 560 970 86 39 817 451 786 669 152 911 974 182 703 347 228 671 878 677 971 294 387 63 736 684 475 491 98 152 996 803 174 219 928 944 833 82 45 754 249 908 34 331 82 710 102 419 250 155 781 443 988 871 538 816 591 474 818 855 431 660 410 357 439 189 53 135 812 866 555 980 653 553 525 316 865 492 875 594 381 502 434 389 909 304 740 711 841 928 517 555 783 281 325 116 152 89 744 361 226 621 175 31 314 315 278 592 652 111 709 118 985 89 824 180 220 787 246 422 298 561 603 388 71 300 975 191 723 116 341 767 339 78 207 760 281 251 789 239 317 534 777 948 347 314 207 815 508 584 28 499 992 556 906 433 563 547 436 904 678 8 348 478 666 384 645 321 512 314 302 848 841 901 557 323 721 181 121 871 429 570 764 706 318 738 292 84 506 695 85 34 624 911 38 621 941 646 999 613 504 517 728 78 194 154 945 333 191 313 865 988 855 198 608 982 844 985 204 815 809 16 825 922 831 462 872 58 608 178 835 922 107 505 289 203 151 318 515 644 443 631 944 427 557 91 230 644 456 407 805 811 188 105 413 81 321 15 822 789 427 929 521 211 117 961 337 211 973 352 504 186 382 649 172 454 870 989 141 861 344 700 345 253 399 777 85 973 25 859 261 395 246 76 195 940 599 17 637 327 203 812 518 670 735 211 604 761 481 305 483 75 670 805 176 38 689 600 476 841 442 970 671 858 53 169 767 750 242 316 619 178 15 511 733 475 308 274 201 162 105 471 132 58 399 660 426 98 918 175 141 600 55 167 302 850 385 144 450 131 958 560 564 304 216 829 712 931 488 155 336 974 563 742 805 736 238 193 74 501 614 45 879 288 203 461 251 470 87 211 696 826 916 901 319 197 961 809 792 146 280 916 114 803 214 740 467 246 942 378 822 849 85 912 159 943 885 687 751 510 557 707 409 977 239 614 657 717 760 226 248 540 929 76 807 345 626 411 975 564 984 60 376 696 437 15 731 134 457 219 373 867 401 996 873 488 749 821 577 117 429 490 576 109 306 205 959 994 880 174 379 787 499 971 275 37 348 379 141 992 608 196 411 883 353 393 367 122 287 161 474 547 12 543 680 89 497 975 488 671 398 12 790 516 18 606 2 309 572 807 397 557 9 835 175 836 289 53 69 793 847 132 679 137 970 64 119 486 113 212 584 310 148 315 788 24 190 128 938 900 284 172 306 847 653 479 241 634 985 402 150 458 166 609 673 988 352 321 617 701 662 829 426 735 318 573 42 259 658 26 476 423 603 436 665 831 663 171 444 495 114 238 688 961 851 42 824 794 310 31 348 783 83 837 230 189 262 219 387 352 978 789 156 385 53 476 122
672
803 386 119 195 826 919 460 87 612 387 744 42 77 528 591 336 835 668 453 16 713 755 695 734 712 473 658 537 702 336 264 852 53 607 623 58 663 887 253 683 228 801 678 878 157 232 965 24 468 30 881 774 647 606 973 25 101 165 680 858 444 821 15 140 759 296 564 297 234 587 918 487 555 276 951 987 827 130 744 865 238 947 919 621 324 174 516 111 755 527 235 989 624 280 252 130 669 379 738 802 639 505 977 158 835 875 90 616 553 327 463 629 7 863 355 695 423 784 360 232 280 228 830 555 965 551 962 263 136 105 483 806 791 269 241 846 808 702 798 204 996 170 419 37 672 674 122 24 83 260 219 574 469 968 186 253 923 762 495 542 157 553 950 419 106 883 7 514 544 75 967 36 300 74 364 510 852 263 530 756 354 874 315 568 651 8 152 33 788 47 46 138 877 663 120 975 505 943 964 979 666 827 741 285 550 792 137 307 248 843 203 40 804 145 428 615 603 262 484 863 343 775 466 447 816 595 740 148 526 182 108 519 690 970 427 215 163 628 734 949 109 838 221 362 250 468 454 54 335 272 672 400 980 47 442 958 768 643 794 169 77 551 384 534 906 620 159 114 196 27 650 400 442 352 69 42 538 198 924 185 443 534 287 798 408 232 986 891 126 964 17 388 637 792 851 349 155 205 672 578 62 443 419 73 751 837 273 396 2 278 133 586 386 235 848 594 58 788 788 44 999 948 366 616 116 307 287 254 477 28 428 828 609 950 849 633 423 446 137 327 763 891 909 117 86 976 542 648 600 503 379 954 151 350 885 673 265 932 321 320 860 530 344 952 958 102 662 133 407 446 198 982 299 909 919 228 614 390 222 338 911 565 5 721 704 711 938 570 196 613 616 574 56 818 550 932 27 715 161 995 639 743 189 772 229 972 514 208 644 694 497 473 524 755 479 227 889 988 50 506 614 638 422 887 424 619 748 588 527 469 519 942 543 185 982 96 57 155 145 691 563 926 189 202 884 418 435 442 238 312 381 66 778 758 800 337 808 294 88 101 711 207 603 170 673 652 152 134 234 311 128 50 834 859 84 743 951 948 737 181 981 853 787 667 67 602 41 891 419 301 238 74 125 670 676 365 913 508 209 601 615 303 598 457 343 619 65 668 247 18 739 870 26 870 623 361 334 820 105 961 170 761 103 550 906 187 98 389 594 706 577 549 417 962 336 879 462 610 800 236 944 327 446 139 778 985 185 354 552 579 702 697 897 670 114 83 916 819 451 778 227 536 187 684 490 222 437 87 950 309 363 747 84 477 145 856 793 432 246 829 592 256 594 284 365 846 905 442 155 295 645 337 507 592 743 858 255 472 180 302 226 55 600 338 672 191 569 190 293 23 124 297 758 464 35 194 935 554 968 286 348 858 842 44 713 605 284 241 623 39 171 177 129 625 308 809 544 945 989 140 305 774 735 127 967 839 903 563 600 230 272 702 28 703 221 130 52 101 3 557 11 494 579 640 317 975 999 685 257 863 74 735
341
471 607 840 406 790 652 732 527 53 602 728 796 66 504 503 741 403 512 168 193 561 532 997 641 627 13 223 450 649 236 759 181 984 890 611 617 197 140 731 332 812 949 775 969 612 355 563 246 827 744 186 833 945 152 391 134 361 499 191 911 973 831 193 402 31 838 994 180 579 576 212 368 120 868 858 136 621 821 629 961 161 979 287 971 142 333 750 904 383 814 726 77 853 47 921 880 239 560 250 823 253 585 306 857 992 454 621 397 182 922 701 593 574 110 144 313 485 756 339 488 805 732 737 120 804 551 567 25 845 254 813 469 907 978 618 820 170 448 794 176 573 10 959 160 72 881 261 285 399 361 779 656 358 304 16 487 106 475 303 694 813 937 66 547 770 241 414 493 542 588 644 783 100 110 353 909 322 444 551 601 527 650 917 275 848 798 182 409 299 783 868 441 372 337 798 426 421 817 992 811 836 943 790 380 211 575 594 905 999 960 296 30 456 715 634 255 161 270 807 267 666 693 260 183 79 569 246 58 676 757 389 969 183 593 306 397 122 508 879 55 848 708 81 430 591 671 897 963 638 263 299 163 457 952 154 854 54 122 263 126 305 70 852 326 77 162 359 805 294 143 394 500 995 663 986 279 55 596 513 375 666 879 152 277 875 191 535 440 977 27 56 719 971 261 49 189 609 778 663 368 518 362 172 899 906 274 142 913 162 978 985 325 724 978 207 118 326 864 221 52 59 618 747 288 787 582 160 91 399 689 77 632 873 855 334 717 473 124 820 202 785
272
716 277 147 38 387 532 91 406 797 552 17 835 966 381 183 815 685 976 248 192 788 239 444 694 475 397 204 95 785 531 981 199 223 112 527 385 273 300 627 770 118 789 135 796 850 940 708 363 564 556 235 923 698 689 598 610 100 504 356 401 501 355 989 263 488 143 467 503 923 270 491 56 995 949 697 191 425 892 624 65 970 202 691 178 975 895 578 379 329 277 348 616 588 626 466 40 669 531 428 592 625 789 419 24 966 74 349 624 372 281 714 819 445 256 123 742 265 98 376 32 209 797 321 347 328 628 843 789 239 845 425 35 288 326 202 817 954 930 23 38 109 866 479 377 262 197 785 894 5 61 580 587 737 107 437 798 391 200 646 644 408 679 568 844 382 554 397 686 995 400 946 364 339 683 808 970 428 648 653 147 761 904 680 249 948 57 70 304 562 50 468 700 33 635 224 164 452 208 268 167 590 189 97 875 462 398 373 893 284 563 496 539 277 426 200 936 316 978 535 240 170 558 386 422 230 134 973 117 16 634 136 788 788 642 766 341 964 480 602 5 171 596 82 26 361 727 252 2 563 753 45 414 238 424 713 331 568 144 638 513 123 213 2 531 568 845 477 485 502 409 610 972
608
627 64 25 293 114 117 559 92 403 748 97 867 335 837 850 203 958 281 966 688 400 749 130 595 355 628 87 293 890 626 896 175 424 92 104 931 329 5 412 838 360 895 618 630 436 850 859 769 422 509 756 735 739 803 285 577 447 176 986 675 91 188 883 187 430 377 849 590 160 957 780 776 473 944 913 348 181 899 250 744 391 766 219 482 504 872 523 787 373 945 967 192 487 804 717 437 745 385 223 10 180 347 822 550 798 208 424 845 354 580 361 967 823 718 780 682 325 633 541 602 338 285 933 127 89 9 877 721 760 518 77 205 691 5 6 825 969 805 554 3 1000 194 771 512 295 75 905 72 13 262 513 442 843 8 925 348 120 204 397 829 61 759 540 641 59 943 575 602 425 199 82 380 169 222 629 868 281 742 238 228 751 136 911 518 154 289 608 742 198 656 490 588 599 915 558 919 692 573 682 64 296 555 273 683 248 465 953 829 194 731 972 787 893 602 501 361 256 582 274 640 64 445 378 800 986 223 143 326 654 205 812 197 959 667 939 813 797 420 604 774 163 479 95 907 80 228 186 113 869 75 979 609 461 279 364 849 459 447 990 429 76 270 591 991 680 722 816 674 281 956 180 866 802 393 179 721 727 192 853 454 986 37 525 658 554 241 27 230 454 826 383 2 886 563 880 327 653 67 794 461 203 365 902 197 807 374 930 136 427 732 180 374 407 24 604 372 848 753 493 521 65 697 757 43 524 249 747 352 20 824 659 45 283 749 668 36 894 898 63 513 889 292 203 489 225 114 76 50 658 412 958 618 954 594 562 758 370 419 569 434 152 513 280 864 903 877 858 927 956 146 103 865 356 784 631 411 216 603 599 105 283 283 225 63 886 474 895 971 518 30 278 777 922 483 228 805 131 441 41 370 567 24 21 199 234 854 898 620 160 276 89 710 597 962 399 178 422 584 980 941 344 346 391 480 746 688 929 736 389 338 807 514 930 449 829 254 223 248 611 931 340 309 391 159 752 303 109 227 552 650 210 170 958 725 429 252 243 29 548 687 287 517 689 153 755 480 814 958 880 146 889 946 664 145 806 686 589 995 540 864 189 580 413 952 539 978 655 928 334 934 682 913 891 593 847 913 855 275 764 337 635 443 935 386 821 907 259 966 632 911 464 856 382 858 56 452 740 957 814 67 514 46 270 782 401 29 404 980 786 327 201 864 381 71 1 298 346 317 802 326 824 387 787 699 622 17 570 883 846 711 387 366 897 791 979 824 918 752 434 202 328 619 745 751 398 248 552 668 821 131 772 76 422 362 905 361 39 893 397 149 291 223 527 441 463 442 206 354 453 897 660 761 148 506 824 642 917 367 843 530 732 823 891 137 688 365 819 247
117
136 536 412 222 18 483 683 116 757 567 881 244 555 338 437 600 413 268 221 336 185 885 408 798 438 196 197 768 355 739 349 834 301 896 902 307 205 526 27 739 954 97 316 123 344 384 473 589 383 946 331 908 854 602 422 235 247 732 920 901 928 906 929 607 50 590 668 352 241 953 300 350 930 414 11 558 305 876 435 100 848 649 435 566 95 303 695 575 255 807 386 638 247 231 692 55 136 778 119 442 877 559 173 766 2 379 415 800 338 797 134 203 874 386 192 706 218
810
412 708 100 940 229 751 301 99 947 801 364 158 197 115 552 31 868 358 281 922 946 272 646 723 533 577 703 767 279 961 588 335 750 361 12 166 906 593 390 687 155 392 45 727 891 742 462 611 946 509 11 927 721 887 976 437 804 114 39 360 977 196 992 498 789 100 787 156 717 296 187 117 896 522 408 685 950 709 276 270 471 793 538 402 458 201 278 949 682 630 357 970 387 776 830 890 693 98 114 169 843 644 701 968 132 71 627 507 614 778 199 890 776 407 312 767 206 893 1000 153 823 827 109 992 440 545 339 146 200 735 3 285 21 515 451 848 246 64 876 237 560 364 230 816 284 512 452 765 45 927 5 481 94 124 234 678 974 730 306 81 276 494 812 766 362 163 600 425 184 410 357 519 587 706 557 827 904 390 66 93 899 783 186 507 404 408 815 194 808 530 889 640 103 364 969 726 599 157 402 714 382 500 460 303 392 744 184 198 641 613 570 716 932 685 668 961 874 776 772 237 219 239 674 458 184 456 163 161 515 843 744 440 531 316 894 106 481 736 107 470 984 790 535 580 506 150 458 517 758 684 397 170 7 46 648 42 429 836 797 980 898 504 250 261 462 332 427 731 117 65 181 446 251 205 343 392 615 76 829 162 798 913 532 757 329 738 216 850 152 941 613 843 647 569 737 518 317 912 464 413 2 422 755 25 590 39 610 388 466 588 282 459 466 860 209 659 918 77 511 440 395 877 658 114 924 85 830 470 649 1000 574 614 940 432 15 815 965 834 405 680 496 56 691 662 436 412 978 694 889 355 215 898 732 241 254 877 710 136 83 815 67 414 35 286 915 577 55 344 182 653 134 860 336 514 819 659 661 378 546 357 79 168 363 813 587 308 876 641 878 367 645 525 447 39 625 986 79 321 539 732 394 784 717 444 29 367 31 693 329 778 520 854 961 461 240 231 539 162 788 418 188 270 339 380 924 347 245 532 223 96 101 872 688 579 645 612 536 252 48 661 800 211 402 249 52 499 366 849 600 597 126 248 89 681 638 190 246 673 744 868 870 641 134 509 809 137 862 21 476 442 561 748 847 114 92 545 358 58 71 987 153 319 633 622 289 463 29 928 511 173 216 234 791 666 32 487 102 417 264 545 296 674 412 590 725 180 389 999 54 850 974 569 247 319 681 629 19 375 128 851 262 929 562 942 903 266 174 249 653 209 990 232 697 828 502 176 72 457 601 35 613 895 55 835 835 814 361 795 721 643 894 242 50 263 891 280 382 134 584 105 705 689 133 663 166 987 646 972 70 855 432 677 45 940 676 951 964 61 779 200 865 541 259 984 469 285 293 466 282 76 888 360 825 422 436 11 646 477 906 512 490 933 857 695 760 686 119 487 331 503 290 707 431 840 463 582 119 909 999 782 681 732 904 944 401 435 482 475 333 430 212 592 438 712 43 69 899 474 184 250 745 172 430 98 628 577 694 829 101 189 627 645 560 523 317 951 582 797 509 498 433 56 482 398 585 107 785 779 854 471 151 913 98 312 320 291 847 436 769 97 696 539 663 970 721 629 889 688 672 244 820 73 172 324 785 513 63 502 319 923 841 397 656 813 842 476 549 940 774 440 134 67 508 435 314 372 486 445 62 489 38 105 44 883 685 964 369 336 22 825 782 178 809 741 734 839 881 779 803 714 272 873 129 821 710 929 638 559 755 573 217 335 529 572 719 83 4 955 186 660 302 522 231 691 222 210 803 405 650 639 280 230 588 812 188 370 308 208 231 791 932 790 14 994 8 702 281 457 321 761 618 564 322 510 37 994 433 496 561 601 975 328 550 840 638 454 28 35 388 547
159
298 800 248 3 351 496 574 698 348 244 310 7 85 562 820 443 373 834 129 703 484 125 513 112 945 190 651 903 846 904 7 658 941 748 559 383 801 143 985 247 324 969 517 688 976 335 824 816 744 152 425 730 44 152 31 374 420 272 661 96 769 956 455 568 486 209 390 752 835 719 68 587 500 742 98 385 748 456 862 570 282 807 909 75 523 390 800 353 598 473 972 863 954 459 511 423 254 173 968 196 705 410 690 140 786 983 389 292 100 123 282 257 871 145 156 868 522 440 211 556 745 810 243 545 193 882 408 292 692 457 720 220 743 291 690 307 195 356 421 926 86 347 997 577 901 524 925 947 515 261 276 251 690 523 237 960 440 844 457
810
586 504 435 285 841 372 106 860 607 270 165 361 589 378 467 952 462 9 89 665 80 982 742 152 155 202 173 405 864 631 227 663 427 222 15 913 879 665 525 165 29 973 204 366 638 457 941 971 65 789 487 202 196 630 60 824 885 58 446 384 663 425 413 350 465 558 230 829 497 108 95 237 100 388 23 193 274 876 845 518 418 2 25 712 432 929 772 162 759 499 665 199 79 917 786 395 407 828 978 197 248 368 118 740 511 501 596 907 256 764 184 32 421 158 441 744 167 632 532 18 868 616 333 216 434 879 908 397 387 965 422 175 400 313 83 642 239 761 733 997 887 791 833 441 207 104 952 124 311 818 591 90 381 111 207 139 898 379 818 460 853 206 757 194 691 133 973 195 755 546 846 822 128 884 799 846 417 835 722 985 856 125 712 153 305 695 821 556 783 887 312 26 290 916 369 740 403 527 102 570 209 710 856 607 774 944 771 387 223 495 138 570 341 92 761 651 392 912 445 878 572 304 241 726 579 903 317 888 636 576 160 271 447 228 580 778 994 942 810 641 576 245 956 846 178 934 707 31 343 653 647 410 963 878 224 400 432 961 1000 238 844 599 834 480 129 815 271 946 572 342 323 95 26 995 278 622 16 436 754 862 199 237 609 457 353 292 303 549 937 99 831 422 433 479 669 168 605 451 114 874 430 798 874 512 864 854 938 739 570 990 475 860 233 650 665 112 499 89 301 88 386 271 704 127 405 352 808 598 59 862 171 46 915 3 601 960 623 375 818 991 613 785 59 98 817 235 780 715 764 550 364 806 986 123 959 1000 615 422 990 698 626 13 891 85 248 94 329 247 370 572 70 817 741 845 863 512 657 281 725 660 18 2 712 631 9 419 940 548 659 834 287 39 95 942 866 306 246 588 1 159 350 469 233 206 370 317 798 939 481 18 424 749 723 599 384 421 432 166 308 797 887 979 309 198 455 583 616 397 44 771 465 737 636 396 900 5 987 592 646 192 195 293 75 405 807 645 783 732 171 125 219 665 129 834 214 157 40 303 586 646 70 177 856 369 81 718 801 385 216 840 975 175 413 191 112 270 241 239 731 415 454 853 784 313 613 391 214 418 719 784 670 190 253 686 946 811 969 513 832 222 803 478 168 3 767 668 106 222 518 978 44 501 832 708 95 156 963 272 526 988 763 175 733 153 91 984 134 106 297 388 577 962 256 30 345 610 502 865 662 769 878 526 37 125 875 55 12 431 879 836 266 835 946 640 922 628 95 880 97 143 491 186 673 890 350 687 840 279 4 232 981 689 790 916 394 768 159 899 883 297 295 119 86 939 13 863 374 908 995 120 568 443 985 211 575 984 845 609 886 553 824 434 692 972 321 871 267 195 418 71 820 764 334 462 5 445 563 422 398 606 977 600 722 692 222 611 613 745 559 956 543 278 923 903 864 534 433 704 38 716 7 843 494 907 27 687 721 402 435 593 829 840 538 642 507 646 398 344 180 923 521 375 269 445 272 83 80 247 405 325 402 310 885 197 709 266 643 64 96 859 347 972 543 811 936 232 877 782 549 353 895 784 4 353 100 492 926 30 775 307 277 648 321 603 83 266 415 803 371 178 757 521 543 69 156 460 294 960 352 515 908 138 214 270 555 764 503 190 520 938 597 411 681 538 741 756 318 679 79 915 544 877 847 366 731 740 424 998 371 319 926 185 27 339 76 84 17 721 189 798 428 333 935 333 128 567 766 162 115 39 396 136 961 200 143 496 123 474 120 405 709 987 969 822 47 725 221 378 782 448 260 487 36 93 267 687 856 464 607 519 858 133 351 540 884 865 977 786 141 49
530
257 438 80 530 270 380 919 461 788 332 115 110 877 823 775 981 348 821 95 45 744 364 984 820 841 29 706 554 415 32 493 321 487 66 695 927 321 435 337 21 950 58 311 21 837 100 639 36 913 640 537 418 946 83 859 667 158 457 347 565 561 736 258 570 890 418 300 554 703 774 181 503 238 296 283 866 92 901 502 471 45 624 298 5 850 106 194 580 213 490 82 153 423 412 850 89 368 826 107 892 548 153 684 217 674 779 474 18 66 406 820 633 506 349 621 897 987 922 64 473 774 844 354 996 725 519 601 510 866 752 40 789 444 745 602 625 439 483 53 216 655 716 12 345 715 385 387 604 229 602 963 212 401 501 471 35 49 18 455 862 521 13 872 98 939 798 434 713 673 764 675 855 691 59 138 367 116 890 602 395 194 113 701 101 573 135 90 832 635 336 700 133 417 210 83 696 255 392 892 767 840 988 269 547 855 723 881 722 509 846 35 70 614 604 778 616 368 186 185 330 359 214 274 600 994 404 546 140 494 271 757 680 601 90 533 205 302 802 507 287 627 833 207 58 483 137 603 457 997 955 124 550 619 898 936 220 684 752 928 194 20 108 283 894 266 798 1 319 446 361 971 564 79 919 66 703 818 942 810 898 142 565 46 271 156 245 281 748 1 314 570 260 335 791 350 793 922 827 361 59 497 129 885 757 407 193 676 625 414 161 367 501 384 866 554 746 557 306 316 967 457 433 640 117 7 304 419 113 774 297 908 513 290 395 798 140 685 840 814 453 775 964 702 74 21 461 696 288 224 564 697 421 966 231 60 281 268 65 502 288 137 215 878 413 538 279 737 797 83 333 710 274 901 449 584 625 753 350 6 768 739 828 380 608 287 796 50 484 171 786 594 445 354 560 221 122 48 992 742 91 142 696 620 798 912 906 366 859 646 29 281 976 661 380 150 698 528 391 761 244 35 274 575 608 663 23 952 662 451 293 699 537 201 209 136 915 427 83 683 990 794 181 225 963 239 880 37 771 410 729 462 652 546 651 587 751 879 1000 785 488 143 792 867 129 306 451 841 938 659 57 220 144 916 578 187 844 171 7 237 730 651 871 295 69 512 220 549 228 761 22 776 990 54 309 92 335 289 310 315 177 694 829 594 986 53 217 272 19 664 986 905 159 511 853 346 673 598 33 151 965 601 787 689 418 214 179 877 874 621 721
414
612 539 627 638 279 784 199 806 607 174 647 552 364 849 61 676 184 100 903 747 466 58 665 756 71 957 666 561 27 672 183 946 93 202 927 706 814 204 34 682 249 2 980 582 848 397 440 764 462 973 408 732 803 325 162 37 620 832 496 4 150 551 194 344 120 858 672 840 833 303 517 700 706 869 24 546 942 201 615 467 449 462 416 472 366 483 98 267 412 960 853 119 230 790 82 282 447 650 79 402 167 714 313 695 292 699 803 167 431 926 181 398 828 413 883 468 647 884 919 383 944 314 112 376 128 186 818 527 149 75 96 95 377 596 457 873 401 369 911 913 420 263 771 337 668 798 425 809 650 338 258 113 41 864 52 327 875 911 657 836 862 860 819 894 533 545 224 92 499 6 549 403 846 537 41 520 686 596 810 650 46 439 757 522 774 409 656 797 415 412 122 992 53 547 180 744 920 661 352 331 748 493 923 904 306 343 873 763 290 138 808 891 230 724 23 777 336 272 183 369 491 682 303 60 849 223 736 933 36 665 18 880 185 110 737 354 656 707 672 739 448 556 876 559 891 96 981 897 985 964 396 728 114 514 356 972 422 842 225 923 154 407 189 382 74 191 552 722 975 110 289 643 149 710 522 462 840 724 441 33 874 214 319 645 334 752 288 657 434 526 583 367 936 547 154 992 41 160 262 54 803 310 246 440 309 459 469 146 825 645 293 298 741 562 118 716 947 148 702 470 714 197 72 548 222 929 291 992 610 883 946 646 367 389 954 199 680 699 419 392 143 648 313 648 848 369 717 106 122 274 796 487 834 470 349 740 386 248 33 913 817 40 349 540 299 353 730 142 203 757 675 178 133 652 258 901 565 562 141 305 447 730 986 817 375 374 168 751 219 180 237 834 181 626 97 643 23 502 375 993 354 408 64 762 118 707 892 377 642 261 315 460 537 57
883
625 437 527 438 282 84 28 18 346 302 753 130 432 980 630 488 331 1000 420 288 281 543 763 592 91 709 630 252 802 681 734 697 806 982 438 577 279 803 697 43 719 645 849 119 233 70 378 2 770 996 926 82 550 600 447 613 655 5 936 313 93 212 776 893 19 70 762 923 379 677 744 963 19 524 941 728 798 77 879 549 869 191 405 668 934 398 792 384 592 102 536 108 613 940 479 34 210 334 727 152 732 750 998 404 367 887 547 750 842 262 440 588 880 263 792 430 733 543 816 804 783 48 253 937 388 764 648 519 613 299 43 60 690 868 229 266 600 485 606 139 813 434 39 398 314 457 612 113 939 273 409 786 85 720 463 660 586 353 637 237 481 842 316 901 867 578 116 910 210 882 97 381 371 727 235 495 846 643 470 858 876 979 897 279 484 481 326 267 175 469 841 501 814 649 160 834 989 453 428 430 608 381 359 179 637 508 367 390 949 362 795 469 724 142 733 823 547 253 333 500 188 94 120 119 22 829 185 842 965 445 611 550 515 576 327 158 234 584 775 134 961 971 991 659 24 365 306 784 893 812 277 416 57 516 831 874 42 929 100 917 125 143 900 162 277 130 995 152 818 600 485 833 793 771 918 613 417 713 360 868 919 964 923 388 878 507 665 642 678 392 342 781 841 800 160 222 729 976 573 269 695 180 536 432 414 165 798 273 603 423 118 45 392 812 60 370 959 483 806 366 285 73 90 921 199 784 296 377 301 774 814 428 219 486 362 948 374 117 717 133 200 622 66 605 469 8 359 404 91 596 80 149 853 736 399 389 692 399 486 705 46 90 3 441 125 687 729 279 199 660 865 358 279 6 969 836 965 140 715 188 226 899 4 712 734 987 814 474 624 760 475 295 834 627 787 291 455 849 620 40 663 296 817 409 464 514 548 723 801 365 362 830 86 668 935 355 618 929 662 964 462 140 395 613 934 348 524 198 258 413 97 371 555 503 337 947 382 272 131 890 578 483 741 234 194 580 595 276 153 674 406 718 266 421 121 270 686 450 403 6 783 1 113 838 645 837 435 238 78 143 403 80 520 353 379 92 17 244 733 373 744 630 604 866 210 656 624 856 578 360 899 500 122 49 788 765 281 802 40 601 64 833 325 359 408 703 268 724 312 309 608 278 206 378 683 190 420 185 257 94 947 325 717 495 490 981 620 654 606 835 336 404 483 727 152 379 313 121 755 238 870 804 154 336 551 464 44 424 54 806 625 46 303 729 688 41 879 651 768 997 854 112 922 183 819 297 933 455 139 745 96 468 974 319 459 387 23 809 499 307 504 302 470 704 481 896 478 653 187 360 84 367 26 765 102 994 600 672 176 845 601 371 817 271 667 957 444 288 365 298 462 868 307 645 124 690 636 465 303 978 871 840 673 833 214 549 509 920 721 468 58 763 120 615 639 540 233 52 150 598 889 552 514 107 800 935 758 621 164 110 728 727 620 797 74 67 298 767 504 540 185 55 921 368 153 139 647 116 892 205 208 586 5 764 54 922 562 984 235 232 879 489 136 592 47 389 199 906 511 896 860 722 325 691 556 925 131 413 277 667 133 907 661 101 385 260 442 69 50 775 746 725 522 979 381 863 99 58 548 532 198 380 462 102 531 818 746 563 774 406 887 420 118 767 644 131 870 994 123 716 181 784 515 549 241 770 174 420 330 856 495 194 45 270 772 470 256 705 317 495 807 887 953 871 78 655 109 413 985 298 727 524 267 152 854 302 873 444 434 504 184 83 454 398 720 95 873 949 70 613 680 599 733 995 701 7 386 592 312 561 980 778 820 378 203 375 923 221 198 573 379 572 656 767 429 208 372 88 724 470 87 442 795 426 675 212 779 557 46 14 367 919 924 217 56 92 362 796 584 119 253 178 191 896 54 629 272 266 567 87 220 854 293 420 347 883 476 669 323 628 493 999 681 477 791 396 949 628 669 835 875 491 933 948 61 10 933 775 498 704 389 399 340
313
808 43 36 314 49 270 687 451 718 150 433 449 359 183 337 765 208 534 963 398 204 644 247 419 755 640 557 131 243 197 5 410 964 525 336 538 418 147 461 248 750 106 762 593 529 840 331 633 65 610 802 778 442 634 638 476 434 683 923 855 380 933 187 792 651 231 254 184 170 121 178 462 301 613 67 926 679 865 216 290 337 616 182 518 41 634 493 557 296 87 503 954 392 522 64 991 173 919 265 45 969 8 431 431 97 886 775 815 100 92 666 302 137 653 128 827 988 324 984 480 727 496 19 583 48 937 825 421 626 719 815 416 346 284 374 834 213 596 847 915 17 140 714 986 764 720 321 10 504 345 216 379 204 278 395 723 543 967 892 598 333 331 702 329 468 923 235 125 861 366 441 675 20 595 164 870 199 13 327 873 541 669 889 673 218 365 471 203 216 572 647 247 120 817 775 201 217 607 384 33 562 576 644 861 234 73 858 656 340 283 639 509 528 85 335 174 680 129 579 37 795 838 536 788 142 93 824 570 143 560 389 890 344 443 24 569 465 661 987 98 846 13 454 402 442 922 239 409 432 908 352 967 373 349 507 413 438 154 963 229 802 974 74 665 324 117 300 472 964 847 679 697 886 811 83 619 86 544 353 853 489 731 357 148 384 887 416 531 337 363 355 790 862 742 202 810 85 25 509 318 422 637 924 396 36 468 743 346 212 80 326 796 170
829
778 160 362 611 453 400 684 404 440 371 967 904 953 341 61 47 743 522 4 336 919 368 362 551 362 616 869 496 322 268 514 494 816 750 382 247 464 963 683 86 209 841 860 972 807 2 995 627 196 212 917 538 23 844 323 39 69 596 852 989 941 476 516 286 788 610 341 938 890 500 252 417 167 401 325 645 943 608 625 934 402 546 952 924 323 444 357 842 536 288 308 184 302 126 345 712 227 183 722 808 53 848 8 517 657 525 82 988 427 806 798 7 469 206 898 774 292 613 307 250 603 494 776 1000 830 992 285 14 449 187 344 736 782 915 142 286 300 778 803 998 647 826 406 67 355 916 944 512 597 186 105 757 604 833 76 805 699 98 460 673 858 297 181 508 920 46 494 128 332 862 589 641 955 278 841 61 729 12 185 987 578 346 561 735 16 64 435 611 27 657 646 931 433 805 163 853 188 997 622 244 118 34 736 145 998 143 650 478 67 810 686 548 483 435 701 1000 3 73 397 369 555 375 661 669 996 143 93 399 742 593 301 729 906 369 566 650 173 645 266 66 276 985 423 607 952 792 28 950 717 237 36 498 796 545 588 740 300 226 791 437 237 302 324 382 368 110 868 308 773 686 692 759 660 113 245 764 753 838 785 650 2 784 381 707 462 166 373 685 160 663 791 182 945 297 271 330 399 739 393 944 7 610 591 802 279 70 11 119 46 480 840 238 687 976 154 208 639 289 200 790 430 955 930 675 799 227 355 263 999 36 186 165 596 565 129 629 382 838 259 329 577 286 700 976 187 775 135 811 247 377 89 703 25 897 91 981 68 881 523 434 418 990 447 611 75 838 218 887 814 927 34 814 994 817 937 337 357 962 267 819 101 407 875 979 645 13 353 188 349 556 620 699 190 529 25 944 803 976 887 274 321 471 484 728 212 574 739 494 295 996 366 528 484 587 187 527 163 544 199 101 842 66 191 137 404 409 814 326 932 626 922 520 948 340 711 848 603 987 53 607 467 409 760 266 946 340 43 986 436 388 408 64 701 421 804 797 676 240 684 276 74 172 74 100 931 184 337 812 917 319 106 843 896 588 740 9 4 748 280 584 792 325 567 756 685 251 386 408 309 382 806 409 708 801 641 202 474 852 132 175 199 555 419 912 875 119 386 530 170 732 47 576 165 910 950 139 182 216 795 535 481 705 794 430 539 960 79 364 28 517 194 552 387 376 474 620 518 669 676 591 993 324 72 626 130 527 522 554 925 520 526 117 155 3 891 393 542 740 106 688 343 339 169 829 731 339 857 512 94 403 935 174 120 495 65 221 500 385 175 394 49 367 761 8 58 907 19 726 566 191 702 5 461 239 870 54 452 482 493 48 695 285 387 990 349 316 77 49 906 728 177 782 485 259 114 359 269 420 847 247 152 874 504 838 791 328 890 833 448 93 527 588 608 314 278 24 284 72 83 294 48 292 680 693 554 909 29 695 56 983 996 291 526 959 535 641 326 221 85 792 8 555 570 835 538 450 92 195 899 171 799 254 936 470 132 295 612 711 804 241 554 734 352 811 684 799 881 345 808 620 765 702 989 359 678 616 918 431 612 175 366 902 280 114 648 42 563 320 677 899 189 754 857 735 402 875 73 982 598 629 302 759 329 806 340 981 642 88 348 114 542 116 916 550 301 657 510 844 664 740 893 366 581 220 700 154 191 267 768 627 370 866 195 381 643 870 473 106 495 428 598 274 32 11 988 459 397 262 914 68 456 482 916 495 798 38 349 464 249 206 820 639 640 771 969 706 901 296 760 89 521 76 866 356 219 40 129 341 674 889 565 607 29 941 151 678 466 498 879 871 881 601 23 115 300 85 911 680 213 825 959 413 836 203 259 159 263 473 434
990
527 404 527 986 387 599 444 678 605 299 68 736 46 955 918 5 536 688 564 445 1 304 187 782 461 482 850 389 476 688 907 804 366 981 970 498 185 757 475 222 439 803 54 41 568 411 622 300 25 473 179 713 755 287 345 447 899 698 369 37 905 777 10 53 970 571 418 23 908 651 718 700 957 398 129 354 451 106 183 767 569 730 906 920 913 493 727 681 30 165 932 502 695 401 635 910 677 123 609 14 736 103 980 967 310 38 87 162 762 199 108 463 826 436 667 647 4 934 521 496 435 666 683 793 277 128 928 861 653 849 124 936 795 13 594 2 632 782 596 188 237 69 715 602 820 785 218 37 609 197 283 923 185 709 190 686 969 164 976 766 724 149 288 654 521 527 216 19 130 545 753 336 784 876 554 313 214 92 66 185 660 436 175 328 603 991 394 436 639 837 673 5 381 436 359 537 487 750 285 383 227 988 606 63 104 967 826 160 507 440 220 513 65 90 224 823 924 33 996 203 938 455 300 4 640 7 260 665 408 679 17 959 869 110 545 696 268 633 100 417 824 581 735 664 717 965 195 628 17 597 399 96 498 206 790 595 546 229 912 686 185 513 247 513 996 374 778 427 225 938 120 966 767 42 608 245 259 632 774 58 848 207 714 451 184 409 635 851 346 889 283 891 432 974 443 413 34 47 821 9 530 734 538 142 360 17 447 277 501 154 558 759 845 36 328 226 533 79 345 747 605 770 451 894 187 269 521 364 394 999 64 769 483 679 260 542 855 836 244 214 342 479 804 386 394 982 231 417 114 901 569 974 687 9 920 568 97 277 189 231 763 527 279 280 518 865 398 465 23 934 68 924 300 928 583 32 767 262 251 352 313 778 61 247 149 744 300 837 599 815 359 418 405 610 128 884 489 220 820 954 464 353 909 216 409 621 204 96 382 558 866 618 963 315 395 457 892 900 426 628 96 482 622 625 506 707 430 81 971 358 794 153 186 715 172 131 724 246 590 934 718 617 38 578 31 528 22 27 757 870 611 236 6 726 374 580 497 600 23 914 137 300 133 124 430 800 704 426 80 996 481 371 191 795 55 768 526 81 208 816 140 785 513 417 16 71 750 252 994 352 211 770 176 264 382 401 109 501 458 945 355 316 92 512 219 42 488 368 608 329 679 967 191 893 264 138 104 823 328 987 990 146 202 325 92 339 1 889 854 76 201 904 243 596 65 935 992 524 795 237 71 939 215 394 455 364 929 375 470 155 267 170 299 213 960 673 379 513 145 720 397 257 796 333 461 916 841 904 749 224 588 817 427 833 700 230 992 777 99 197 113 17 784 334 703 359 587 861 529 162 190 382 644 526 763 29 16 573 636 615 710 355 243 881 572 442 595 387 146 992 898 988 623 218 431 966 49 591 642 958 33 136 188 28 690 341 681 378 794 860 694 235 332 482 821 516 306 722 138 505 748 485 729 722 457 600 602 529 250 43 575 439 183 269 492 109 876 421 91 227 378 760 919 882 328 546 820 729 665 756 526 689 463 921 106 407 172 352 492 14 376 579 654 652 972 591 27 533 11 909 307 538 71 454 817 72 346 152 561 747 41 88 598 679 118 799 157 928 304 817 456 691 979 368 1000 384 174 110 19 167 796 563 639 555 861 253 632 642 337 906 274 816 221 998 199 118 494 277 723 819 207 959 695 909 597 786 29 449 444 358 207 507 732 579 640 495 171 94 33 877 584 152 1 381 812 10 707 694 590 116 10 716 650 558 942 65 210 420 593 732 586 842 521 69 626 898 718 303 801 924 779 878 357 768 29 784 638 303 853 548 309 854 568 85 297 648 837 106 847 319 148 623 712 870 357 839 977 420 608 499 28 14 777 241 687 652 486 909 739 646 408 165 248 917 18 801 674 511 997 142 971 235 740 844 758 347 541 505 17 136 946 333 849 943 803 221 125 468 46 595 211 34 389 700 968 425 175 327 657 453 358 843 25 688 837 718 536 166 718 279 73 590 830 74 94 179 386 796 299 182 686 292 997 729 241 506 98 775 869 223 74 775 94 71 404 615 263 276 169 102 416 4 216 738 707 525 639 464 566 86 470 288 834 201 377 347 238 125 424 122 682 307 11 85 109 777 263 876 215 535 666 291 87 727 802 465 101 181 914 537 890 78 177 919 524 595 545 621 531 524 441 816 576 312 407 655 436 205 963 584 561 802 826 476 770 908 519 356 164 803 306 878 896 896 919 67 323 224 997 187
990
317 358 983 102 284 22 222 112 221 634 42 80 716 207 392 480 118 287 320 990 792 400 370 709 947 772 696 232 795 843 128 241 952 255 923 747 811 791 896 163 888 626 844 578 120 584 233 782 774 924 613 841 614 817 834 668 888 424 744 787 64 232 89 934 44 275 827 715 667 143 899 463 59 428 361 237 705 740 463 205 976 500 227 693 343 738 721 230 718 887 670 504 476 268 259 916 804 171 296 534 730 84 836 22 927 103 395 59 498 614 426 355 405 107 475 959 82 894 974 41 613 327 335 148 256 58 518 961 802 822 258 847 980 919 553 309 989 944 182 693 485 581 995 800 321 297 924 335 612 685 910 584 883 329 712 626 621 101 361 644 671 618 291 485 144 443 390 810 648 543 884 743 786 629 464 185 47 229 627 938 122 895 850 483 135 281 494 70 735 337 353 165 879 566 427 747 525 714 525 28 86 904 993 912 130 452 894 928 914 873 915 273 294 386 652 740 198 520 571 741 413 493 523 667 72 792 128 680 48 258 104 757 768 681 726 226 653 505 381 382 151 398 909 615 761 206 122 501 88 435 835 932 955 944 559 426 844 861 432 966 533 470 636 509 665 761 68 612 996 884 283 830 364 566 314 280 709 721 836 756 540 133 216 499 445 632 228 103 174 799 937 902 296 474 520 512 830 910 932 10 738 981 422 973 528 705 411 494 484 881 250 221 628 84 979 308 590 453 729 880 886 16 558 897 421 99 320 977 267 643 714 746 804 948 977 828 869 864 129 757 298 912 479 332 613 940 791 652 493 594 270 896 417 224 36 529 593 218 546 957 299 207 894 780 513 281 560 648 309 945 359 490 313 151 767 346 196 881 10 128 556 159 137 598 995 204 706 318 361 723 229 886 914 129 679 250 962 764 479 293 16 397 504 79 396 437 666 753 174 561 997 11 38 630 847 970 365 252 815 626 359 300 929 645 56 723 817 960 487 89 966 975 541 343 2 517 15 420 858 165 737 633 507 754 122 362 16 490 608 313 365 970 670 163 148 760 698 11 352 261 804 919 480 397 908 714 58 85 100 305 889 892 169 123 526 999 519 998 934 451 457 212 415 390 445 715 667 373 651 990 149 812 143 396 906 623 747 395 78 656 395 425 492 171 79 707 333 81 480 717 194 382 654 636 293 542 175 876 905 949 423 593 746 495 677 654 502 184 846 947 1000 842 359 63 188 136 595 14 249 71 515 436 492 247 96 308 163 246 930 957 528 565 711 310 208 367 267 252 847 419 804 183 899 658 52 519 989 665 506 808 499 570 373 297 5 584 627 142 87 165 613 258 826 212 68 127 102 82 353 909 69 906 80 895 651 189 704 913 13 264 835 755 271 234 226 195 171 684 706 235 267 325 654 339 312 84 106 61 363 877 109 943 756 386 902 875 851 110 190 962 698 189 955 852 854 235 321 667 679 530 572 518 747 349 148 671 670 961 264 806 618 655 366 593 961 618 508 626 222 972 487 184 158 568 483 658 575 767 813 283 97 928 805 227 507 71 906 841 986 714 700 451 742 308 125 448 303 61 398 84 384 139 906 717 495 963 985 450 779 759 738 524 66 594 750 590 447 247 266 406 884 901 208 13 491 573 727 575 663 308 529 540 514 535 300 802 948 215 714 713 980 626 727 883 135 24 311 794 86 994 453 25 488 748 230 623 213 465 680 613 58 56 555 199 332 663 848 161 330 440 747 526 443 765 912 176 569 328 241 466 709 717 830 242 15 705 219 274 304 974 522 106 970 83 890 71 803 882 770 483 926 493 367 861 961 45 250 361 419 744 884 641 231 250 280 531 53 337 315 203 983 458 519 808 482 581 437 964 12 836 269 632 271 58 41 673 70 36 528 474 788 41 645 452 20 339 720 850 563 817 728 505 206 273 279 77 951 419 534 276 689 475 650 5 861 435 776 557 339 955 128 862 342 821 654 803 95 102 130 604 713 999 533 412 586 679 353 210 44 133 887 549 67 117 890 690 246 93 398 180 838 479 559 642 215 267 115 964 537 623 970 927 996 960 188 215 674 262 311 868 835 799 637 538 47 787 247 548 134 702 878 70 248 741 611 574 121 601 926 520 653 405 58 742 251 922 404 222 279 160 925 178 267 786 712 426 276 333 593 531 150 260 163 128 192 517 733 946 815 506 439 243 906 266 457 321 616 74 10 65 45 625 466 307 836 549 123 619 894 525 661 264 855 214 973 901 338 153 272 968
248
141 90 972 515 481 306 503 352 392 850 980 474 661 182 975 232 413 113 684 685 517 968 587 171 514 480 887 328 412 588 909 943 528 376 64 524 460 91 359 885 922 478 127 484 683 860 55 119 556 651 458 672 970 412 54 48 508 745 39 929 289 422 61 728 487 384 113 316 352 453 691 817 391 396 639 873 609 726 299 141 603 831 262 313 521 89 621 962 961 66 327 313 428 545 651 103 144 475 865 709 267 809 71 761 827 688 964 368 759 635 10 20 306 902 636 191 489 261 442 487 976 601 944 321 981 159 30 980 11 575 763 821 700 679 91 61 12 499 884 46 430 271 782 47 706 687 50 181 827 611 591 620 153 282 849 546 392 292 261 979 947 96 808 923 207 163 417 925 435 921 219 632 890 857 515 383 825 20 455 847 524 472 106 828 581 873 890 193 152 784 944 125 825 808 753 594 151 89 916 392 273 230 806 468 125 783 860 886 364 660 361 914 389 215 619 487 408 859 796 740 32 582 697 543 780 78 120 446 327 903 231 534 593 262 88 548 717 643 504 675 322 557 480 3 363 471 511 310
752
37 776 570 505 410 904 565 253 546 7 979 202 965 553 820 773 874 303 818 156 592 639 939 108 330 22 301 603 522 343 670 567 546 484 932 63 470 355 986 184 382 205 913 986 267 137 945 81 91 895 848 646 651 817 84 290 992 570 294 906 582 649 612 981 355 728 649 330 772 68 782 720 826 708 826 307 723 847 83 481 11 485 386 239 154 422 827 740 924 164 911 719 199 357 395 185 810 519 546 881 285 367 107 72 405 517 1 435 955 642 563 648 504 811 600 166 318 403 75 870 955 393 471 592 93 720 127 202 364 642 597 21 368 317 592 289 76 335 587 551 511 767 607 79 53 514 293 1 436 536 179 315 953 842 824 388 283 452 618 979 895 239 117 310 547 361 994 3 425 704 284 582 943 834 799 10 231 409 317 155 695 118 682 306 698 177 397 3 663 133 240 737 146 416 61 163 960 169 511 667 784 407 914 436 85 78 344 854 849 211 518 733 49 806 335 48 463 921 537 345 238 688 24 988 780 130 897 495 120 40 547 879 778 66 860 466 249 955 624 584 46 178 991 891 924 5 566 194 254 267 105 270 363 376 18 146 667 455 540 406 36 121 749 157 454 828 318 945 710 651 59 276 469 773 636 781 410 450 747 652 474 724 732 811 436 860 838 42 938 719 385 64 503 323 184 491 84 144 827 336 62 951 237 108 894 33 893 200 720 820 836 378 504 372 443 563 314 117 236 168 461 494 792 696 305 343 762 249 191 960 746 104 333 37 377 106 694 110 262 279 789 565 222 706 720 166 700 540 938 78 258 514 629 97 913 70 93 762 216 613 66 825 17 345 4 372 884 565 189 74 483 265 736 228 615 805 563 848 847 124 195 779 390 557 739 382 396 388 606 397 110 278 55 360 394 795 110 994 533 539 503 243 653 718 845 114 338 857 557 234 845 557 826 988 708 765 995 38 187 823 723 473 632 293 392 432 628 79 658 365 558 909 854 387 645 372 19 423 463 403 595 52 960 19 841 68 29 985 824 424 461 626 223 983 467 372 743 420 698 838 899 894 878 796 620 967 808 122 651 116 504 395 394 403 64 193 766 212 755 238 904 380 519 247 119 868 511 510 250 733 320 762 111 604 28 927 387 133 57 668 758 366 705 52 948 536 180 257 7 449 702 776 662 449 154 905 670 461 208 932 331 626 396 666 917 984 653 138 426 524 778 95 319 298 149 177 798 959 969 475 610 144 390 606 771 551 166 415 694 229 121 562 525 441 679 151 46 834 940 591 980 1 797 848 476 96 901 569 281 802 756 360 65 417 581 168 386 550 743 437 638 659 386 22 263 948 430 649 388 303 310 697 20 48 988 267 664 169 232 520 221 457 567 707 791 983 261 39 129 747 136 941 496 603 305 949 760 838 883 305 231 939 855 642 149 894 780 830 75 811 878 445 281 304 489 570 436 25 967 578 158 447 197 76 694 952 890 950 540 607 22 297 339 609 726 526 767 980 548 539 907 237 793 32 147 802 125 588 825 427 471 175 291 299 98 114 398 528 347 310 118 345 134 834 100 63 387 690 417 353 338 519 130 34 842 221 738 105 199 460 921 495 9 895 240 114 827 914 570 852 724 326 600 923 301 856 485 405 469 558 171 22 278 871 988 905 92 669 435 928 298 803 167 886 767 89 603 545 489 912 625 646 33 726 123 449 959 853 620 228 221 103
65
66 337 760 470 46 103 462 454 141 145 385 221 274 62 200 178 770 281 464 523 72 816 328 877 832 158 379 661 332 670 360 315 714 230 747 45 476 354 223 463 95 178 298 572 924 149 317 552 57 562 836 461 884 664 755 301 284 932 497 259 919 523 827 908 154
584
66 901 718 770 772 861 612 408 144 43 385 782 343 936 139 98 957 618 278 801 240 892 650 595 732 912 819 276 366 887 45 328 181 324 734 908 830 217 547 676 300 183 12 292 553 104 16 493 601 10 593 819 748 209 577 422 399 903 716 613 586 697 102 540 656 258 188 900 12 849 327 598 224 257 513 522 860 415 549 511 885 936 862 136 639 702 25 712 652 37 194 585 76 342 77 102 625 630 239 235 539 789 451 553 8 343 819 912 155 508 644 923 457 746 59 3 130 131 602 744 45 137 203 991 913 536 650 947 141 908 436 426 143 380 91 957 342 688 630 704 902 106 51 186 256 57 3 86 487 558 867 835 834 656 657 144 430 521 484 617 815 624 201 302 158 68 847 276 782 592 697 401 51 21 770 853 304 56 361 27 378 173 251 394 525 342 368 51 746 926 127 151 103 781 899 88 587 321 997 875 167 594 208 163 492 326 223 854 246 891 511 690 544 65 958 734 106 484 771 610 694 440 101 83 22 683 355 796 7 810 824 974 99 189 92 287 238 118 649 403 973 14 45 714 627 785 3 537 101 886 299 395 231 166 738 915 766 388 542 181 23 318 373 717 207 893 485 515 480 592 154 167 290 291 216 325 169 981 857 429 683 280 683 802 501 863 9 50 158 373 49 124 639 128 285 374 818 637 699 140 13 789 50 576 674 419 512 660 860 844 227 516 614 689 696 639 176 97 569 515 946 669 136 947 529 617 849 990 780 75 461 124 572 276 618 469 336 957 707 121 741 535 289 678 643 779 368 867 871 272 874 14 516 904 642 693 820 155 464 831 108 774 859 740 996 212 190 914 51 923 700 274 924 834 940 532 756 150 938 18 238 134 485 713 933 393 685 992 293 5 501 711 890 216 45 548 732 470 909 740 925 854 597 836 193 786 811 966 29 524 458 94 17 668 557 751 177 631 6 481 465 161 174 48 930 278 308 904 905 939 78 234 346 912 937 577 428 891 394 902 942 781 272 499 627 459 181 394 389 916 92 167 910 717 234 952 824 717 375 186 585 987 909 753 67 290 94 30 112 174 545 600 48 300 708 2 252 958 449 399 731 891 401 755 22 805 619 79 699 702 292 842 751 420 500 519 461 940 380 653 926 147 162 250 783 442 173 998 882 320 488 955 75 388 968 287 926 91 160 501 351 749 887 484 6 815 749 604 571 437 759 309 210 997 551 792 20 396 951 703 716 866 407 155 43 481 885 531 333 456 241 112 714 732 775 797 332 936 152 885 708 247 777 596 473 662 216 18 600 801 822 492 7 47 783 212 526 309 38 362 555 154 300 642
106
428 382 520 482 595 938 708 394 952 768 476 884 656 929 106 103 687 883 822 150 534 761 591 19 35 932 85 231 225 142 606 668 58 299 255 476 960 927 283 938 415 615 739 830 129 489 718 632 257 303 597 499 123 285 453 278 75 810 873 223 359 775 278 934 351 895 769 653 470 135 19 846 873 625 463 304 424 888 453 437 106 1 450 141 18 344 992 36 663 230 402 999 400 734 534 513 917 518 189 450 610 297 242 519 960 680
850
722 227 319 699 251 885 385 119 422 127 659 944 755 232 646 176 209 182 177 635 567 15 573 646 849 721 169 849 922 989 284 960 105 267 301 361 37 558 996 716 358 683 961 569 810 497 91 201 566 927 61 970 795 941 355 228 113 508 330 391 890 1 710 1000 853 72 35 289 551 678 452 501 419 974 63 971 413 84 742 110 484 550 435 393 109 409 639 795 941 219 934 403 265 978 626 769 383 713 509 749 534 807 189 10 578 310 857 684 230 973 21 880 226 334 405 302 936 163 333 879 413 325 111 399 740 274 628 986 601 959 784 626 52 842 314 347 212 1 42 160 209 980 468 555 828 325 349 840 1000 848 309 50 421 301 574 825 432 283 841 739 767 462 639 247 2 298 774 342 165 972 500 526 197 837 620 892 269 35 664 742 89 901 50 436 39 710 147 319 68 202 199 743 498 861 986 700 75 503 518 839 521 821 638 990 536 30 977 526 99 167 869 135 94 717 9 280 738 329 270 340 880 187 764 165 586 41 934 361 367 917 588 381 793 104 819 823 354 460 34 989 333 220 511 740 718 326 131 58 860 500 521 49 857 788 72 67 551 713 429 582 685 641 741 776 486 748 755 325 442 303 991 924 747 49 91 530 838 548 975 796 333 420 14 51 737 46 343 683 28 590 376 350 702 909 310 88 152 932 778 782 219 766 126 91 466 291 367 572 873 835 709 794 118 515 787 967 119 15 503 576 901 391 830 296 830 481 525 36 750 201 80 268 775 865 260 326 34 615 779 340 638 924 860 327 240 563 833 862 464 952 639 874 828 23 786 199 128 870 16 990 361 706 572 934 664 527 648 352 759 978 67 776 53 58 505 526 198 302 219 498 967 417 595 216 777 992 503 348 305 526 566 670 208 360 415 416 837 80 765 790 840 544 122 523 319 195 715 222 81 652 396 503 773 959 878 726 801 786 734 855 169 139 133 584 66 255 354 872 595 933 958 13 548 789 249 715 214 72 445 831 249 491 355 160 458 315 259 767 122 205 905 461 533 666 90 763 265 586 762 369 784 596 619 400 790 664 921 839 219 354 573 536 795 760 530 252 262 767 738 252 525 695 420 268 152 503 291 707 161 659 802 573 21 949 473 3 429 792 251 458 921 154 489 634 873 35 787 129 1000 612 767 440 7 248 349 472 412 988 38 725 381 119 100 627 281 648 572 458 943 38 772 993 630 686 249 118 266 354 830 297 836 83 77 482 1 594 953 484 409 810 8 326 951 455 973 20 667 506 943 158 93 918 832 716 70 493 250 704 43 915 633 340 109 250 533 778 261 403 19 984 903 866 520 580 376 944 650 923 119 142 970 802 5 725 940 549 85 959 265 630 372 295 856 307 66 433 12 982 341 903 549 741 899 158 680 158 571 593 638 573 640 590 661 335 874 905 401 829 926 950 961 352 230 148 80 21 4 69 421 446 866 629 290 135 624 826 962 151 716 490 610 342 491 224 901 420 830 94 947 488 84 548 979 240 239 699 277 336 191 931 115 818 164 753 105 731 139 456 895 463 755 790 384 492 491 546 477 150 146 87 546 116 534 481 492 521 661 648 987 753 846 241 210 35 446 928 458 233 103 541 905 90 58 574 453 837 361 851 801 967 147 393 535 1000 692 422 494 389 572 453 100 212 617 153 258 554 369 776 815 769 927 522 549 366 625 864 929 48 993 714 689 628 51 646 809 886 967 950 140 358 635 765 714 171 503 170 132 90 442 555 509 916 39 117 49 286 301 640 760 615 24 101 529 782 591 244 88 731 150 357 951 546 203 872 738 852 581 585 364 130 920 490 795 792 974 857 121 245 932 895 224 33 566 430 710 615 767 561 823 57 980 229 375 480 505 782 99 50 853 257 583 40 503 495 774 977 311 264 171 875 847 808 366 727 138 802 807 417 573 552
720
363 209 100 544 231 412 265 41 891 852 754 288 877 38 83 334 990 985 640 122 880 658 496 729 562 440 210 996 669 204 890 173 200 130 304 619 652 423 701 723 153 201 425 468 177 811 180 277 253 29 621 22 672 498 238 833 521 987 172 116 632 213 558 417 845 622 624 458 712 760 870 81 214 518 54 963 301 211 155 444 986 565 225 960 348 33 705 338 631 461 961 309 534 37 7 233 706 637 767 103 347 862 132 169 714 494 362 377 559 205 174 782 651 384 894 30 607 22 67 660 466 221 547 879 317 563 407 197 150 858 400 840 59 286 19 791 839 32 320 480 410 686 682 410 116 393 558 127 357 20 739 636 515 173 909 584 763 523 2 836 980 614 241 419 155 957 243 403 14 343 902 984 363 246 29 357 338 186 349 580 313 577 166 917 456 335 995 242 22 394 746 952 5 216 997 664 212 107 382 469 202 13 516 899 806 821 998 81 563 280 174 306 13 944 298 604 913 386 343 647 704 251 898 474 349 908 131 760 686 626 838 313 46 826 688 8 639 805 198 558 10 382 527 871 940 832 249 880 240 605 982 79 724 658 156 244 994 403 238 701 364 467 786 625 44 838 251 788 695 989 359 35 97 986 256 599 701 668 91 745 31 152 676 366 914 518 968 757 144 716 735 728 554 657 450 54 806 260 238 916 495 467 437 134 590 887 951 629 30 280 784 555 644 233 870 907 565 659 345 645 81 882 925 365 408 108 897 410 927 982 301 920 588 978 429 124 967 539 50 899 430 676 823 514 125 764 816 275 267 63 328 227 972 339 550 964 178 595 778 505 361 810 718 786 467 994 696 439 570 364 195 932 668 41 611 972 338 308 209 383 362 15 241 478 18 575 261 347 990 949 47 303 577 441 916 496 95 31 60 329 985 725 541 843 846 657 698 929 593 825 276 953 926 881 502 266 52 64 461 839 168 30 285 493 719 849 998 287 617 604 887 422 745 532 54 389 332 228 553 169 669 945 699 192 140 670 1 988 170 17 956 910 942 580 241 234 621 60 318 648 65 925 632 333 329 309 713 619 664 853 407 875 427 837 394 400 336 220 321 168 436 253 116 288 750 971 519 435 571 113 309 158 390 403 394 351 136 376 832 88 281 657 477 736 692 63 956 735 489 957 113 911 809 434 318 628 605 255 681 898 995 61 153 908 24 243 940 485 218 921 183 507 459 348 500 61 520 718 317 65 986 791 505 734 564 186 850 272 942 610 845 56 727 368 948 677 458 798 97 356 390 768 531 486 169 293 376 431 346 854 77 637 223 164 384 147 396 433 153 156 895 974 227 802 984 901 653 522 596 689 753 355 67 682 750 491 770 316 913 122 637 792 706 145 548 964 195 63 392 738 533 888 342 442 66 173 731 272 474 272 856 475 514 356 329 777 155 203 916 909 504 841 442 246 49 594 78 162 47 876 312 723 457 266 4 492 871 963 771 982 476 583 844 555 531 988 874 664 813 590 545 320 411 185 237 289 771 200 84 615 578 855 209 904 691 513 554 960 876 582 629 391 104 301 842 520 165 780 568 205 383 485 81 493 207 833 360 153 201 590 319 90 377 656 75 183 556 436 220 565 776 584 119 140 339 862 11 807 404 372
501
123 528 936 337 646 510 32 726 882 259 656 885 262 38 577 140 580 716 301 160 168 878 671 482 602 570 946 955 201 398 517 804 431 839 63 313 899 782 402 837 486 213 994 612 874 651 218 963 95 984 631 950 827 583 311 705 158 217 775 643 978 999 903 896 507 523 763 88 594 806 498 529 973 609 708 994 328 111 1 16 239 827 468 677 686 290 265 938 991 760 603 792 116 47 483 644 125 135 8 917 83 57 556 113 81 124 484 671 886 593 869 410 262 382 888 118 261 606 118 9 784 669 39 462 276 515 733 648 414 15 135 561 562 259 773 34 651 21 571 296 928 376 670 189 480 851 745 166 906 923 604 727 61 127 798 117 377 792 358 142 658 260 245 668 208 961 257 554 139 752 468 888 757 665 737 405 1 665 944 368 955 236 40 63 8 120 767 865 18 999 531 23 586 531 678 788 125 734 230 833 482 513 365 799 320 887 225 763 285 182 621 419 553 193 742 521 973 994 886 739 514 19 601 71 724 992 113 548 616 753 928 963 233 614 918 799 930 917 500 396 477 401 35 731 209 521 12 825 180 248 528 758 278 72 828 590 770 728 294 922 461 490 458 220 629 516 390 492 619 729 1 397 537 358 839 554 76 239 13 427 754 976 892 960 231 102 153 806 248 928 885 704 285 896 371 10 869 418 69 812 746 393 334 980 911 938 977 393 216 978 388 697 458 160 822 250 495 127 528 651 859 276 26 523 690 397 19 822 538 267 572 554 410 309 656 786 468 350 734 19 328 143 105 559 325 301 5 671 676 379 970 271 963 410 651 660 172 135 947 209 37 289 972 78 471 391 420 588 958 895 596 92 705 405 785 91 728 201 387 99 488 474 290 835 555 922 295 184 236 123 934 820 131 256 371 558 39 293 342 98 522 796 845 217 393 672 455 291 672 925 970 250 470 901 28 78 506 675 806 271 157 287 472 502 698 495 723 598 168 335 243 269 122 498 976 252 1 524 328 794 622 853 824 523 51 854 730 212 953 162 708 512 636 599 852 258 208 245 838 413 627 930 7 425 434 98 58 39 314 828 59 248 499 647 833 949 294 757 465 476 620 604 752 331 445 158 885 990 401 284 695 397 52 77 653 966 766 518 943 105 8
95
843 216 247 754 809 174 560 527 99 841 678 259 296 9 426 898 835 838 487 650 113 441 79 584 520 859 371 75 486 921 99 486 158 262 85 792 803 822 839 375 256 477 851 764 587 708 878 91 115 361 698 786 476 514 705 75 598 317 922 129 917 935 904 226 20 683 221 201 1000 195 404 767 171 233 254 246 133 540 869 374 893 442 146 712 611 197 966 223 520 121 487 502 624 712 325
907
806 191 679 312 87 427 622 52 568 710 847 790 524 746 120 907 208 849 116 292 840 523 70 959 421 683 774 492 752 347 593 818 493 829 782 807 380 819 195 935 100 623 673 42 926 239 883 456 530 15 72 534 955 491 35 220 885 3 509 324 868 192 20 914 787 503 734 910 662 431 629 946 502 300 806 930 614 870 879 494 139 693 592 903 332 715 615 37 895 385 486 457 199 754 857 202 380 971 477 90 339 331 636 266 946 850 678 280 565 889 465 592 981 92 105 589 254 919 132 675 332 860 84 944 635 15 228 861 481 781 354 380 338 835 369 572 571 433 538 646 46 803 246 742 979 240 851 142 106 274 732 807 486 937 257 978 565 791 699 280 321 569 633 165 827 674 683 720 510 477 371 694 595 106 77 349 770 810 187 149 190 567 220 804 576 591 863 906 224 839 131 857 533 613 906 63 512 26 306 144 428 633 172 353 515 563 571 319 190 799 846 874 239 945 186 834 329 176 375 931 353 444 615 29 581 721 415 994 323 440 923 207 674 291 76 345 621 936 236 162 97 728 725 297 799 715 573 810 742 483 484 820 605 563 188 283 964 157 806 707 353 26 302 614 528 563 377 462 49 523 329 604 27 680 161 420 256 68 907 313 244 6 902 312 988 783 703 613 470 5 323 988 249 119 650 150 823 218 142 635 893 139 958 719 706 633 359 238 511 378 759 814 763 793 926 81 375 812 748 971 1 479 845 703 549 952 254 422 961 205 847 851 679 877 777 598 84 595 216 700 497 618 117 363 551 812 369 510 22 580 93 277 200 860 275 79 991 907 972 711 340 833 302 284 996 420 773 172 871 781 498 53 726 812 88 762 238 556 720 632 401 212 302 330 987 928 478 85 860 944 938 614 567 80 898 229 701 782 714 744 706 726 836 176 320 305 874 258 912 226 964 56 876 254 36 614 877 597 505 625 389 228 55 607 964 982 664 463 326 818 908 686 960 497 905 994 211 406 827 84 448 71 948 479 234 936 992 762 452 145 877 16 781 511 176 813 222 658 39 939 964 19 658 866 623 948 725 571 4 842 808 560 713 627 547 794 845 767 409 801 431 554 381 723 816 225 329 658 222 338 72 13 919 795 394 714 269 284 965 987 278 837 976 461 146 26 814 482 949 340 454 775 797 38 957 760 44 290 482 881 434 65 693 119 993 388 877 639 650 445 34 22 32 536 351 869 263 594 21 178 631 230 937 373 997 420 126 246 580 586 595 433 716 783 571 656 973 767 866 35 62 330 296 93 125 368 60 550 896 344 294 957 361 248 83 992 652 465 829 91 232 933 68 91 800 690 865 338 952 369 994 99 784 616 481 416 502 408 982 904 661 811 891 214 645 288 722 729 601 334 365 338 738 610 42 574 524 963 166 991 403 869 732 936 905 845 483 358 531 969 649 951 114 354 397 859 499 940 433 700 808 100 594 890 115 973 410 282 794 168 991 652 309 628 326 722 238 816 181 505 680 18 508 68 79 887 720 579 660 331 818 240 21 800 128 882 448 987 920 874 38 315 127 236 819 997 650 628 925 725 38 992 21 662 108 694 334 537 436 69 141 327 425 505 87 771 896 576 309 274 528 330 758 871 542 274 953 182 354 969 605 836 589 415 426 266 364 462 513 669 960 74 691 784 764 536 538 932 448 531 4 73 318 452 624 166 921 318 58 853 301 556 155 137 189 129 424 768 953 884 615 124 426 960 941 20 809 657 984 365 991 353 818 629 799 175 328 705 716 384 285 702 148 704 350 399 644 40 553 392 152 85 763 460 265 1 541 178 857 706 559 103 374 986 986 883 415 937 485 674 846 241 260 830 439 739 881 6 617 982 941 892 627 467 321 926 309 900 937 125 126 145 100 683 726 173 348 774 128 519 211 486 636 315 902 90 478 203 608 642 707 286 779 143 840 997 742 202 839 452 161 22 9 367 39 949 249 535 19 98 468 485 339 763 650 83 601 560 33 620 962 626 568 571 724 369 140 503 624 612 920 43 825 102 355 781 76 983 286 443 410 250 691 792 728 333 692
284
114 930 549 583 172 854 626 975 399 99 480 10 414 466 836 110 354 882 945 644 721 49 730 419 959 409 892 921 311 915 73 135 433 722 140 163 247 78 681 155 637 457 991 49 281 258 186 622 487 756 526 190 134 149 776 644 64 357 607 405 720 492 562 70 190 396 422 724 314 32 416 599 681 935 381 621 863 956 475 810 54 940 581 784 939 183 927 618 612 709 618 666 92 52 313 236 133 378 964 630 204 493 757 397 527 788 719 669 229 851 337 174 252 389 271 382 521 1 357 422 845 141 63 956 835 995 567 66 22 141 730 268 186 689 357 676 985 108 385 596 956 941 294 502 920 102 38 129 686 287 261 760 952 447 642 281 812 800 254 658 18 848 21 213 98 223 437 925 487 366 393 169 549 416 707 536 971 516 870 100 707 25 592 196 148 651 597 838 301 169 3 42 154 442 458 469 175 393 136 788 209 738 778 803 728 846 684 620 358 133 50 113 784 90 704 424 233 248 520 173 286 485 667 108 884 32 20 763 249 223 190 764 964 597 33 906 61 806 894 332 176 420 948 345 608 801 871 609 256 844 202 85 4 998 522 335 37 885 833 438 370 483 421 383 857 861 215 350 344 317 831 796 511 954 129 242 125 818 102 690 921 680 116 901
714
888 613 474 379 359 46 97 104 169 435 307 666 585 467 78 923 940 346 337 506 370 910 776 807 528 903 38 900 136 88 546 701 304 411 73 429 401 370 12 146 407 24 453 151 700 355 409 414 732 535 150 834 756 813 345 702 213 637 779 543 489 184 850 371 602 94 544 54 685 494 337 497 155 731 518 199 351 753 764 940 971 388 370 184 165 165 224 82 71 397 745 956 901 898 567 36 982 878 630 756 193 904 716 269 173 249 649 310 85 272 992 648 972 173 737 609 371 157 152 356 673 134 655 164 610 723 451 626 252 383 752 107 887 744 12 52 372 726 508 326 166 999 939 949 915 96 18 155 183 237 159 243 219 610 642 893 193 634 224 981 267 723 199 41 811 64 36 955 856 312 310 801 121 114 600 552 521 942 432 275 670 704 414 250 44 568 724 965 751 290 801 414 645 617 721 758 802 963 583 885 144 910 828 626 73 338 510 525 920 245 821 14 505 557 646 788 657 772 399 932 892 328 95 317 423 499 525 737 653 209 879 517 31 780 534 784 122 896 216 513 289 726 719 340 126 342 536 801 595 84 495 100 809 199 686 912 335 594 890 405 817 264 13 101 748 779 36 96 207 360 927 432 247 57 258 250 794 576 331 583 684 91 437 203 932 780 375 534 51 484 25 539 771 604 54 879 931 281 947 809 415 431 432 803 353 875 30 702 377 955 4 463 224 284 52 723 393 36 157 253 287 776 516 366 767 448 63 178 555 406 339 466 19 40 836 34 874 680 921 156 817 388 23 60 897 954 520 821 989 610 497 987 547 990 374 187 293 153 967 170 720 315 602 397 154 725 393 44 475 35 891 466 41 659 479 620 12 336 821 921 3 312 134 889 430 316 977 69 774 142 83 446 348 600 741 728 448 744 146 139 910 703 400 611 801 68 986 477 79 888 692 334 498 725 730 908 892 936 124 768 987 287 454 294 687 12 161 442 896 334 408 691 571 237 217 877 6 25 44 49 95 613 168 134 519 439 385 906 798 499 272 839 392 107 428 322 831 422 570 639 866 620 8 1 591 812 351 799 935 322 116 390 597 500 16 791 832 260 214 359 7 670 265 77 979 741 986 173 526 319 939 782 686 395 498 621 356 442 768 353 97 921 183 68 118 723 504 503 771 326 527 727 951 539 972 342 536 372 321 10 491 189 265 355 237 445 239 789 76 460 898 695 995 148 751 128 671 679 322 47 404 598 659 788 902 175 614 16 428 355 899 9 263 571 832 363 364 870 246 357 114 56 276 643 228 917 653 151 664 86 216 192 255 873 467 385 923 317 663 812 629 594 426 40 544 41 163 372 475 652 778 851 248 916 754 304 28 644 367 638 837 901 39 302 318 534 128 532 898 285 153 523 542 659 297 584 201 325 937 823 78 603 48 758 466 318 997 124 109 159 497 925 3 971 655 15 343 6 159 740 852 656 136 806 306 70 818 175 605 587 737 499 937 15 487 597 656 178 45 559 741 335 203 625 227 701 745 722 787 826 651 376 589 888 886 467 661 981 227 41 503 814 315 348 503 965 6 15 749 851 930 716 221 824 403 273 913 30 844 131 576 123 598 94 967 853 29 22 734 824 516 342 503 139
898
527 829 320 28 21 121 509 882 352 380 786 432 958 730 125 304 672 768 579 887 334 731 52 777 665 969 334 335 633 456 736 192 105 802 484 398 14 590 696 603 335 127 268 253 739 422 932 108 865 588 304 96 618 206 683 792 4 369 934 158 290 804 441 927 23 472 90 167 112 713 933 590 535 494 107 433 298 90 131 681 985 356 333 650 739 919 903 124 943 715 572 911 130 138 185 755 86 508 560 187 390 763 98 694 66 42 76 687 7 621 748 642 251 910 250 338 396 38 253 940 957 921 822 376 476 659 943 278 536 137 19 831 683 160 324 705 509 425 228 665 125 23 241 946 33 999 949 359 72 473 650 980 395 330 389 574 538 494 155 300 390 402 601 923 590 30 996 959 325 523 197 471 466 560 483 64 591 79 304 210 317 668 993 751 299 803 229 686 137 896 36 791 940 290 592 464 454 8 607 286 761 843 946 442 583 566 125 908 253 636 526 332 326 570 824 765 769 66 416 93 190 529 791 620 615 80 264 65 731 976 215 408 732 689 966 410 766 909 265 666 890 25 169 672 455 224 490 803 899 871 663 820 735 235 30 605 650 718 575 381 404 958 946 648 220 691 202 990 214 385 363 512 768 965 51 132 609 148 731 237 303 394 891 247 252 783 304 884 886 923 521 860 81 363 186 220 561 416 310 43 333 226 521 707 17 585 349 332 844 795 710 117 603 357 920 173 134 806 182 366 660 442 447 808 827 98 882 664 705 974 512 962 641 481 884 802 91 533 972 252 492 331 695 911 791 597 255 307 239 725 58 861 379 93 288 340 859 299 261 51 100 521 761 387 180 364 704 774 914 695 275 283 169 266 482 365 466 342 798 667 425 981 312 75 823 292 42 425 879 549 155 939 301 905 244 596 197 486 735 88 799 87 177 602 215 132 83 600 289 453 634 283 726 639 735 805 514 854 915 108 410 187 406 885 74 809 836 608 573 217 32 631 504 970 290 890 686 932 309 900 652 518 195 71 467 666 733 566 291 984 267 3 601 579 293 850 260 486 751 947 37 371 188 939 672 153 564 271 124 640 114 409 50 348 697 153 406 494 461 952 595 686 457 953 194 653 193 741 478 536 385 401 223 696 203 685 38 865 337 708 858 94 171 348 823 130 935 277 570 993 282 905 285 994 779 186 804 765 24 414 609 301 605 715 895 439 358 123 674 722 867 733 178 876 468 584 803 368 401 668 488 631 734 109 720 356 151 74 368 998 788 718 105 950 507 704 690 582 871 157 604 492 926 244 785 982 641 916 993 722 378 800 873 814 220 740 215 253 33 578 114 579 343 550 345 894 408 492 252 341 990 498 96 654 684 982 604 757 581 23 254 516 804 989 134 649 67 525 229 427 769 430 991 773 225 446 92 877 897 648 140 216 135 546 900 87 915 924 227 693 342 256 148 590 96 678 776 171 359 136 220 781 322 569 575 336 757 512 464 151 753 747 586 392 510 582 582 362 897 871 502 811 38 550 905 526 470 855 536 741 357 604 179 529 712 30 495 955 253 997 607 967 637 94 469 143 744 803 148 349 145 843 435 584 9 664 468 70 552 206 796 13 176 198 50 716 302 734 848 684 689 302 589 166 834 519 820 412 582 400 465 36 869 844 931 111 437 17 167 656 732 935 590 480 846 420 1000 712 237 549 507 402 423 906 591 116 712 335 922 925 814 449 371 103 11 986 234 515 444 7 393 694 208 701 766 728 602 569 783 403 712 325 104 436 145 543 265 212 194 31 176 401 780 601 36 659 348 905 345 660 975 279 303 370 621 238 103 91 409 981 324 118 967 419 648 924 743 262 11 342 101 621 895 93 259 643 412 310 143 931 434 932 273 498 756 964 800 197 651 503 775 419 606 276 848 695 966 354 804 859 571 231 643 461 922 408 941 695 468 834 370 121 85 619 195 908 426 695 682 938 266 259 395 300 653 489 938 460 446 849 584 40 77 935 315 72 116 548 717 277 362 365 159 527 121 503 674 869 514 872 635 708 291 353 322 887 574 155
194
672 912 281 135 783 995 352 752 522 27 949 324 882 893 408 674 4 578 984 656 942 103 245 438 607 397 60 289 381 656 20 459 289 335 230 985 248 480 451 490 608 965 177 300 29 689 849 574 222 305 243 573 281 68 195 228 361 296 455 289 299 183 8 918 301 357 268 325 514 812 732 184 467 37 981 538 698 589 566 197 19 309 509 759 403 947 993 859 830 275 867 260 491 551 416 512 395 879 248 70 620 797 153 445 17 366 36 184 263 336 664 150 333 984 634 793 671 494 344 229 485 7 113 951 855 922 218 376 606 655 493 738 942 946 129 78 53 754 808 707 272 416 281 756 132 610 221 464 71 125 547 114 384 419 389 47 220 871 997 332 489 970 503 549 634 141 979 424 182 21 87 903 738 44 521 67 503 740 83 961 200 48 320 839 56 711 738 608 160 294 959 981 265 593
338
253 259 683 205 828 12 482 156 1 157 981 77 662 916 260 835 614 956 384 38 364 302 432 161 750 544 128 705 245 390 690 757 892 506 807 402 169 928 776 635 436 868 475 522 834 934 899 934 449 663 263 634 541 642 361 869 162 900 856 151 962 766 366 117 339 323 161 108 609 652 460 951 573 545 634 354 319 351 918 289 923 992 450 513 942 56 17 905 8 897 618 479 198 165 391 389 433 650 898 182 143 23 959 530 952 181 634 854 694 559 312 54 442 78 10 86 20 196 269 439 615 408 14 284 735 989 272 613 83 990 548 697 530 749 571 231 2 947 832 195 515 347 45 280 323 761 948 393 796 219 79 816 442 638 265 415 967 308 976 41 167 144 791 625 78 56 546 246 801 929 227 349 338 847 147 361 511 839 587 561 861 522 929 706 613 720 881 497 516 536 974 366 33 602 849 47 385 128 135 228 950 565 693 649 523 502 198 530 517 894 489 156 843 684 998 634 818 818 380 911 994 999 83 552 449 584 276 646 805 344 272 199 317 853 332 473 740 372 937 589 351 460 489 977 616 183 74 690 54 254 420 292 659 298 649 859 987 531 558 829 547 658 726 400 571 952 542 747 289 634 959 936 195 949 132 616 558 358 750 493 65 162 938 979 366 359 502 417 546 839 666 66 147 579 938 470 409 158 281 463 498 870 453 612 336 474 44 414 775 929 967 197 228 404 833 595 867 265 738 244 861 371 519 734 702 32 295 591 540 649 746 72 269 484 309 336 679 131
546
292 579 752 778 758 603 788 134 124 899 42 26 997 191 210 936 305 771 256 857 913 256 292 740 615 306 705 95 489 392 732 290 476 841 965 538 273 313 499 236 913 343 413 968 67 966 254 71 289 779 268 812 521 570 731 566 355 111 683 653 423 806 246 987 91 43 774 188 881 833 687 744 350 58 177 927 599 212 896 920 478 440 670 375 460 33 147 126 677 215 746 546 247 906 863 626 57 48 524 61 1000 782 510 338 33 840 941 648 888 551 968 342 841 615 288 104 853 824 586 823 514 597 692 37 406 326 639 819 151 270 672 743 446 971 143 90 298 81 807 764 227 979 367 795 314 912 479 534 319 433 625 945 837 596 899 567 918 883 541 922 544 725 960 305 758 803 726 265 415 717 556 456 479 968 126 834 730 159 220 309 873 136 50 6 327 580 348 988 427 822 960 78 800 480 164 572 479 752 821 926 422 167 36 669 864 512 578 169 441 643 947 166 440 229 927 229 829 349 47 17 307 264 641 40 436 552 1000 994 842 656 389 319 175 941 156 542 874 789 151 752 401 978 987 907 678 236 85 141 760 26 541 864 489 719 860 944 488 702 510 645 550 166 911 378 991 727 427 632 604 763 444 526 281 365 648 518 290 652 308 615 261 593 555 404 355 546 274 286 970 347 176 391 11 839 267 919 851 737 448 453 103 914 17 233 364 723 363 446 695 934 676 697 700 796 373 728 479 396 939 167 943 316 309 638 117 684 618 467 490 610 191 802 436 299 303 329 141 99 346 483 566 62 650 228 719 350 993 849 633 63 223 744 684 517 554 379 792 456 656 316 510 454 764 520 348 35 540 761 759 71 64 420 334 306 673 312 62 965 187 747 767 715 724 598 822 60 400 487 956 589 609 54 185 77 635 64 779 656 992 699 365 557 223 710 831 879 332 292 733 467 458 253 288 712 265 484 928 148 410 989 455 582 286 788 962 243 655 484 868 93 557 957 347 470 822 90 769 677 811 69 884 628 418 861 80 599 841 756 289 155 508 359 31 748 46 316 589 558 316 293 564 929 16 146 474 787 888 577 983 57 647 890 856 265 19 913 308 533 77 417 898 95 989 957 752 610 488 928 564 896 918 640 582 470 575 239 328 743 754 355 790 749 986 735 221 944 738 619 239 352 532 857 588 526 838 26 200 495 536 619 354 203 946 958 900 142 858 291 89 823 801 700 856 549 67 854 913 148 467 938 999 218 196 808 275 192
319
716 317 950 814 88 857 25 374 198 848 967 108 695 58 947 495 320 695 891 677 891 536 892 508 519 972 591 366 936 20 223 723 462 155 666 893 197 140 967 650 606 965 112 661 270 625 946 96 879 720 961 119 985 986 189 472 97 284 687 651 753 988 473 260 576 81 834 974 81 648 177 428 845 541 932 717 232 554 556 874 747 977 186 636 712 132 326 600 873 245 306 53 969 149 381 267 904 162 262 389 566 38 357 665 708 881 825 53 824 774 842 456 19 400 858 818 564 323 455 895 746 263 549 577 679 311 568 668 711 569 991 836 710 384 496 596 891 205 381 494 83 436 340 294 304 725 803 638 188 948 859 363 19 787 442 487 904 778 176 594 746 96 474 51 611 888 141 634 218 128 28 486 553 368 284 253 487 669 811 927 10 365 632 582 515 246 725 409 800 395 106 159 494 990 903 486 400 778 621 152 812 462 640 102 829 151 812 926 452 307 46 57 792 19 245 649 723 635 849 398 749 720 725 368 126 729 294 363 979 684 530 981 416 437 974 729 762 175 351 866 538 363 240 267 676 133 350 742 848 443 551 620 341 585 132 830 288 698 85 743 400 222 196 720 955 718 575 565 793 392 315 486 195 155 730 569 189 129 145 443 893 644 883 776 226 99 766 957 169 966 736 928 64 10 967 63 634 53 254 584 503 229 191 218 409 315 226 301 359 732 13 738 778 428 117 343 687 735 346
881
855 45 62 151 489 661 469 219 393 579 772 789 126 730 477 370 117 47 95 696 103 583 202 653 715 43 446 198 730 734 461 952 537 190 520 732 513 221 526 634 761 795 640 568 507 447 426 737 235 107 921 759 681 600 937 599 447 752 465 675 121 565 730 189 690 161 101 423 837 942 271 492 48 108 493 954 826 897 789 778 649 477 114 347 571 512 233 252 653 338 627 138 284 897 810 324 111 425 190 379 307 204 564 199 894 327 759 312 116 47 409 170 351 579 568 801 399 139 162 621 901 356 140 289 498 176 183 253 650 503 884 870 407 647 902 348 284 938 366 420 838 392 800 625 887 542 387 156 656 75 584 757 770 434 716 716 764 111 111 989 497 636 111 619 207 400 137 554 67 527 645 762 692 101 780 420 643 355 516 809 549 129 904 533 989 358 406 66 321 560 891 182 307 996 497 713 298 749 361 872 54 195 719 88 196 460 465 569 3 411 572 992 424 550 379 686 375 88 35 467 564 467 478 982 38 804 577 948 772 174 983 40 804 118 561 853 727 186 471 168 977 807 714 252 414 727 981 394 876 663 133 305 600 743 576 116 810 447 414 259 836 302 84 504 933 193 719 534 956 197 601 581 892 711 730 792 859 712 32 624 624 727 663 225 24 714 888 507 138 561 171 663 171 428 533 275 97 347 150 88 511 452 295 274 461 937 211 463 674 663 836 609 702 522 747 748 2 19 577 118 246 312 49 533 31 327 901 126 4 509 592 798 125 50 971 120 252 468 448 763 965 8 415 426 768 853 824 858 546 167 690 802 443 748 680 261 415 147 817 914 950 32 74 703 498 641 860 33 132 207 357 610 495 469 893 219 935 885 830 87 420 780 89 936 897 573 996 1 462 607 110 216 199 449 470 579 383 591 981 885 24 657 721 703 950 130 483 904 720 596 904 361 690 806 510 776 288 130 278 448 60 639 895 742 998 759 628 185 591 628 533 347 705 536 44 195 37 848 346 968 533 346 136 623 911 834 492 7 448 107 73 169 121 215 265 394 781 880 21 479 636 683 382 21 729 520 870 865 673 429 835 955 561 706 293 193 901 690 875 472 465 962 847 526 223 978 977 711 699 223 137 873 649 775 269 830 65 441 350 467 957 383 879 437 938 523 315 98 411 416 391 378 466 285 217 62 933 518 234 255 104 385 762 313 438 387 78 231 154 832 700 644 324 999 289 24 666 727 196 381 307 894 801 992 525 710 514 771 825 21 654 100 554 971 560 926 507 106 784 227 548 779 775 460 652 774 733 576 476 133 485 577 249 688 48 739 107 752 532 826 845 163 540 364 889 855 281 391 44 674 111 100 173 274 248 572 89 444 94 112 995 514 688 627 532 490 261 953 21 753 813 769 887 349 528 615 495 717 182 392 148 89 734 215 259 843 559 246 465 911 933 236 265 189 866 80 338 552 822 140 169 600 232 139 216 235 98 873 185 51 159 438 302 922 265 138 374 864 115 153 913 647 919 698 177 309 659 587 859 450 4 323 664 663 210 729 979 611 601 14 913 281 883 968 727 944 293 76 924 730 871 693 45 24 841 623 410 559 477 379 757 703 408 775 942 111 427 127 295 861 33 251 548 45 251 148 884 415 591 799 534 711 269 519 780 136 404 131 288 980 961 194 930 888 306 934 111 517 411 541 141 3 116 105 726 23 620 99 10 180 633 430 715 389 774 174 849 176 48 83 639 535 211 42 732 993 240 877 878 755 618 397 572 320 17 90 618 453 510 582 799 290 959 350 574 552 716 643 890 310 774 910 734 311 182 657 149 901 282 879 41 125 687 176 4 297 620 950 716 663 935 888 848 451 498 335 250 320 199 966 270 874 426 779 588 912 305 979 208 338 926 342 851 292 734 876 558 784 128 100 731 691 50 269 132 587 992 454 983 831 518 731 868 545 854 665 927 590 474 531 848 468 935 253 598 142 991 760 42 90 221 678 321 7 752 799 821 231 390 189 483
168
79 368 300 349 843 174 874 956 47 737 920 528 502 934 62 508 512 173 430 325 853 121 973 430 829 40 341 445 361 828 3 137 722 357 779 806 33 616 612 76 130 205 478 974 855 514 663 251 141 622 801 430 472 886 490 926 307 765 654 624 722 49 843 937 389 905 262 19 817 277 695 316 932 276 899 867 190 354 592 583 664 468 314 10 991 431 83 612 817 229 908 750 667 722 864 367 615 870 100 744 936 179 385 90 422 343 383 374 427 559 684 540 588 596 172 316 407 414 869 730 277 827 664 956 945 261 587 885 509 370 390 74 358 195 187 441 398 213 217 925 720 779 750 110 228 307 456 699 642 503 796 42 174 37 834 884 713 935 516 253 957 894 71 601 122 626 829 460
720
383 307 566 188 131 79 580 90 861 576 298 751 471 563 429 181 764 455 16 416 949 622 898 473 327 116 768 799 267 611 399 597 891 776 940 396 868 506 704 757 357 496 609 283 357 26 207 464 874 669 76 780 783 436 488 636 461 79 893 861 535 874 408 451 109 583 159 615 376 508 25 971 552 678 446 842 210 597 573 75 740 930 316 151 322 570 261 374 406 818 463 680 874 232 363 398 73 39 131 246 166 705 987 679 599 379 153 632 855 799 168 79 299 975 447 903 147 403 924 137 348 802 969 229 387 380 207 25 488 409 307 908 835 120 777 604 869 865 89 280 227 468 324 987 372 344 796 872 749 585 404 246 929 319 285 152 774 713 66 189 65 106 179 30 193 69 654 695 562 937 32 392 678 21 970 774 327 485 532 957 61 562 950 70 273 750 676 224 788 769 434 337 448 688 484 468 476 612 631 337 744 949 953 616 341 527 272 752 663 128 367 905 98 241 706 65 83 642 745 50 739 955 560 127 994 687 221 315 583 235 331 498 537 634 304 853 786 385 927 14 943 30 811 701 425 52 440 700 836 690 489 892 869 588 308 441 604 950 636 480 288 373 42 441 717 611 461 946 483 433 959 895 264 875 103 732 710 769 646 388 656 40 939 526 438 421 940 7 606 185 136 273 261 467 296 554 742 187 293 413 431 20 1000 62 182 152 593 772 427 282 266 759 443 51 891 428 611 536 527 855 283 198 658 771 88 213 778 966 946 89 554 583 812 345 598 132 296 283 627 529 876 599 326 803 71 4 381 631 6 917 140 45 970 752 126 944 385 793 760 678 450 26 674 889 527 833 691 844 312 247 950 52 872 44 784 608 877 179 417 460 864 50 690 853 76 27 671 653 117 436 52 841 60 258 657 878 337 812 197 835 902 420 748 283 81 486 729 263 896 989 718 438 566 222 38 714 492 304 753 789 563 410 789 378 81 16 20 803 925 946 472 71 201 765 168 340 282 941 356 227 505 461 970 943 955 671 173 139 495 165 897 692 8 170 844 398 225 543 256 25 40 98 911 263 774 681 421 270 852 186 598 357 407 869 510 416 763 420 947 418 162 811 719 243 75 367 266 786 982 496 687 539 713 405 855 31 175 186 448 873 484 544 19 113 391 865 824 439 527 856 557 501 359 477 494 359 529 341 432 791 987 150 99 765 304 45 504 522 380 168 455 180 42 51 16 40 297 161 72 528 720 931 229 356 923 588 290 197 361 232 545 773 190 178 247 821 819 364 256 622 770 458 868 132 325 456 895 897 718 991 214 190 855 27 296 385 297 737 376 533 419 156 608 272 110 445 148 98 384 525 578 836 78 450 422 99 543 5 242 787 360 712 831 447 881 403 892 374 779 899 313 747 722 731 706 750 433 640 272 700 173 308 202 170 705 244 84 628 619 275 268 345 158 398 489 308 785 232 444 838 191 262 871 558 611 770 215 520 896 281 430 537 699 408 189 943 795 503 29 151 133 939 11 394 488 545 606 296 405 488 371 785 622 315 488 314 408 317 132 100 812 885 940 38 187 229 595 358 820 166 574 760 12 49 931 19 76 923 824 550 440 55 139 237 93 91 337 645 915 747 770 917 483 693 717 134 173 832 975 911
899
19 276 461 963 626 928 514 970 683 326 782 940 326 465 150 145 992 291 304 140 633 454 348 577 77 865 892 286 436 573 106 73 803 879 608 984 73 910 212 689 222 478 14 302 813 638 648 238 640 327 826 213 790 488 183 294 417 322 8 115 946 345 747 422 846 565 799 652 957 872 464 122 896 750 524 133 3 152 774 852 349 899 502 730 339 391 600 572 913 490 458 334 841 675 468 36 182 296 145 682 528 167 731 499 169 938 140 510 720 546 173 913 706 518 69 567 883 902 947 53 89 39 434 202 228 587 177 269 802 34 238 174 639 74 1000 737 719 326 633 645 12 231 667 941 132 15 409 529 171 352 561 852 95 988 710 570 451 966 578 355 430 781 166 217 937 978 77 645 976 391 535 176 727 743 523 62 635 367 253 955 226 67 309 164 734 783 50 821 466 83 482 917 537 446 682 854 447 152 958 70 921 245 805 632 527 505 863 148 53 990 771 76 240 440 643 632 328 282 555 83 575 947 717 564 296 563 98 843 663 939 464 16 272 159 266 288 527 637 456 23 545 428 912 837 333 326 843 660 222 193 738 252 466 761 342 487 118 404 583 67 176 635 696 824 761 312 538 135 307 714 988 332 842 996 782 744 133 511 641 159 700 396 923 224 282 44 974 194 85 71 939 754 518 580 987 894 569 717 806 667 573 971 239 976 574 380 969 396 413 196 279 315 285 421 4 510 148 475 330 266 659 939 621 765 642 364 658 678 52 374 740 483 387 485 552 630 828 600 988 801 790 638 45 956 207 610 940 509 105 93 445 563 254 648 813 356 219 120 44 572 139 67 84 428 814 898 948 230 342 863 601 783 896 759 939 225 228 820 922 866 723 355 129 537 23 478 880 551 798 924 414 121 580 215 589 27 932 6 887 2 126 269 523 604 73 180 813 458 738 479 898 648 449 419 737 818 531 349 66 486 606 97 299 617 472 933 288 342 807 884 846 524 73 925 405 813 287 941 666 231 731 215 831 407 838 546 833 67 268 477 885 844 599 241 225 355 885 965 747 754 495 57 805 280 124 217 482 825 277 672 985 145 178 89 50 837 621 406 688 832 431 746 67 494 567 640 37 890 149 20 377 605 658 745 861 243 429 850 476 294 332 363 147 482 494 377 992 516 923 203 631 27 606 711 92 241 147 572 536 411 445 271 962 296 448 721 202 170 778 907 215 509 24 210 867 254 620 893 316 604 660 539 676 46 865 370 126 880 435 164 237 717 236 314 68 214 249 115 281 85 164 761 628 257 139 175 568 255 452 853 385 815 444 171 227 950 627 682 526 97 739 317 296 853 637 842 444 368 252 702 774 977 19 95 652 274 283 43 461 61 160 144 582 728 614 150 537 491 166 69 975 996 666 553 895 946 874 7 585 77 851 747 658 847 838 755 900 327 749 428 886 328 599 220 604 442 375 562 486 446 821 416 557 749 19 400 171 472 959 44 767 556 751 791 307 280 562 34 709 198 411 366 614 262 546 99 516 331 32 215 653 645 128 567 460 871 685 438 943 952 257 501 255 45 519 195 341 340 369 43 645 969 18 784 557 898 976 608 351 861 758 340 399 172 267 198 578 353 802 573 185 382 515 287 910 603 476 106 936 874 115 776 865 782 151 396 672 883 993 472 493 349 24 147 779 881 208 103 909 535 33 187 22 34 818 846 926 53 930 534 220 298 128 763 458 223 738 741 967 641 753 89 278 125 809 623 525 624 595 32 456 275 792 119 7 355 892 394 267 158 390 754 456 503 516 821 497 916 710 159 703 424 238 34 512 262 457 837 619 710 997 207 436 376 387 878 507 283 452 447 418 741 442 6 406 915 553 478 641 449 846 665 818 686 551 559 454 651 293 603 907 877 737 880 549 748 300 997 597 571 300 348 22 633 181 580 7 658 815 100 639 976 949 637 651 161 624 388 308 304 257 532 689 873 631 928 230 553 987 547 825 171 814 247 646 721 276 184 928 313 737 811 607 789 881 334 366 424 367 120 876 200 502 273 815 167 977 506 440
518
24 631 61 478 913 977 9 122 397 673 235 792 708 159 928 262 383 23 193 363 894 301 336 825 100 494 195 200 775 374 50 611 538 894 999 767 409 231 278 979 766 196 762 837 427 257 983 238 926 773 220 222 205 442 39 796 32 209 56 689 614 347 333 644 161 641 475 952 301 864 97 909 673 615 69 130 738 295 524 484 624 298 921 118 428 729 429 722 95 541 834 641 693 253 421 756 85 335 28 753 119 196 621 943 167 259 946 539 648 803 92 67 631 345 476 534 916 614 35 828 169 763 838 734 567 430 942 169 215 29 691 365 6 877 786 434 80 951 19 744 896 588 466 848 523 894 916 880 148 376 947 579 687 984 315 741 662 297 981 896 704 101 430 188 973 452 999 631 297 80 344 770 883 215 458 17 412 865 569 360 194 925 95 435 491 827 845 640 442 411 956 930 473 499 775 561 978 134 131 812 348 751 236 618 840 684 474 840 768 879 655 356 983 689 188 915 642 540 89 192 301 715 504 523 751 552 612 250 783 344 964 494 832 27 319 316 907 602 330 401 121 837 301 587 4 806 612 349 765 681 659 594 926 814 630 635 623 168 168 649 85 136 58 330 482 574 998 723 541 858 390 466 416 572 490 682 510 930 106 59 287 744 435 629 665 545 477 221 509 689 255 108 656 573 548 428 523 598 74 538 427 452 98 792 257 198 844 838 923 789 684 108 626 271 6 997 751 89 974 70 58 839 652 24 633 481 253 57 80 489 994 624 654 124 668 593 32 30 564 772 358 638 913 60 676 849 299 425 964 508 95 123 725 440 680 350 193 766 850 783 644 529 353 137 252 402 597 882 523 975 670 50 589 583 189 580 372 867 829 847 16 559 270 812 32 471 542 409 860 999 322 390 403 889 833 991 450 529 665 659 723 841 847 552 472 71 201 854 535 853 528 968 70 1 103 128 96 429 267 369 626 73 30 500 203 627 120 700 681 747 115 358 505 610 493 243 267 757 395 579 495 751 611 559 341 153 523 132 843 297 695 644 351 93 80 351 714 389 809 26 341 255 207 654 37 750 64 570 977 776 750 6 907 874 566 785 813 506 876 16 40 393 332 309 350 516 144 906 448 79 825 704 740 479 135 66 106 23 64 780 673 542 498 955 862 867 349 85 533 744 120 743 360 784 460 698 946 166
132
861 151 151 389 31 673 396 202 24 565 340 501 278 35 36 173 396 399 912 691 144 242 197 687 991 791 809 862 223 888 112 226 684 437 53 928 544 528 319 120 558 487 28 122 278 778 842 920 35 625 946 900 554 670 640 191 497 287 108 331 470 45 29 203 526 949 669 385 824 159 607 513 66 797 920 967 158 331 388 433 357 713 804 545 733 981 16 842 408 575 756 994 294 981 627 450 901 541 146 176 290 428 141 48 491 305 270 445 268 834 176 341 256 560 945 823 725 962 130 153 783 549 257 574 130 267 476 836 762 946 663 925
830
105 588 436 107 419 851 731 525 962 722 567 40 323 990 879 448 265 109 505 864 404 261 966 664 779 888 652 1 615 401 171 515 766 639 643 722 653 142 117 584 119 201 505 468 378 499 378 296 226 685 801 161 452 268 61 112 158 623 273 469 470 276 446 770 306 191 892 412 498 323 179 141 483 466 686 395 350 79 746 860 116 948 874 106 686 664 218 764 485 624 307 306 909 989 111 243 497 678 803 808 228 961 672 485 107 780 486 468 639 960 392 103 195 515 226 643 226 666 912 655 886 700 99 279 721 463 541 956 589 947 280 87 236 700 932 295 976 24 273 220 997 362 189 860 667 692 195 865 461 321 917 408 465 954 504 870 520 819 385 989 487 712 78 47 873 882 902 168 184 140 299 599 935 182 933 690 287 664 226 255 359 967 867 923 591 930 298 337 203 9 539 388 773 309 745 550 928 741 170 497 147 954 388 41 478 70 708 722 353 886 221 721 633 80 163 67 926 123 459 182 568 649 137 825 482 512 539 129 211 12 456 592 539 457 971 202 439 754 258 407 998 588 953 152 19 582 80 581 961 212 52 892 823 781 741 821 957 628 695 798 544 513 336 448 551 248 744 849 892 557 294 262 329 239 140 869 267 226 567 8 117 655 567 678 536 792 675 658 551 837 640 410 485 542 548 685 29 277 840 34 18 360 965 961 458 736 126 614 78 300 88 656 729 122 397 91 412 12 18 545 446 79 488 763 617 694 601 422 866 187 848 556 595 885 96 133 974 311 42 393 292 321 574 121 101 725 426 661 849 584 49 680 131 368 966 760 318 722 814 264 548 231 166 896 649 584 869 566 49 903 259 520 147 620 407 590 232 218 250 648 563 21 899 233 494 562 665 494 478 678 52 254 94 844 968 220 131 306 754 629 550 514 125 844 249 202 289 485 886 627 918 146 360 226 532 271 911 569 985 687 245 206 743 669 355 474 610 483 372 802 202 743 565 916 656 906 604 45 589 465 818 837 859 299 508 339 833 315 150 119 410 938 779 394 118 267 567 118 520 714 209 440 961 335 105 844 882 391 964 50 495 770 538 709 7 809 909 516 229 316 256 982 888 32 80 105 953 541 110 466 822 32 98 352 95 252 207 435 497 684 454 188 907 367 784 572 923 949 455 357 616 860 789 374 622 474 1 493 904 688 514 213 48 164 141 574 89 558 318 416 575 767 461 794 936 955 909 767 720 322 180 442 413 116 273 487 557 18 719 528 217 982 359 320 564 732 18 165 416 977 369 609 79 405 55 276 477 92 399 119 915 607 538 240 771 328 689 292 592 458 446 50 911 379 637 86 884 927 393 805 150 145 530 755 209 54 45 618 677 212 319 475 993 585 252 742 958 193 804 804 659 94 335 536 642 638 541 614 626 696 867 640 563 429 386 422 866 150 177 570 330 727 535 619 291 393 649 800 939 548 452 141 599 244 413 897 415 65 744 890 13 48 142 364 797 690 307 339 709 542 395 705 82 343 687 71 913 559 152 996 742 237 107 832 994 277 443 675 405 564 689 505 866 378 300 566 906 528 389 271 509 371 38 201 721 603 883 110 141 85 605 115 860 254 458 242 427 696 509 547 890 815 534 416 643 38 259 582 430 699 646 366 768 554 544 606 173 498 762 256 811 116 119 763 582 868 255 706 397 41 563 429 415 603 940 827 482 245 34 430 401 104 480 7 875 95 139 982 890 783 382 882 26 124 197 510 628 576 97 208 918 513 516 378 276 415 497 963 862 899 703 176 735 386 350 649 609 456 995 952 953 207 611 444 977 644 784 971 154 887 153 179 582 501 645 819 990 173 125 730 969 541 735 756 491 94 236 281 115 95 32 67 735 356 198 334 494 803 344 618
940
914 32 120 610 319 567 323 248 368 536 705 665 15 660 856 264 595 572 635 236 110 985 623 339 987 470 365 345 241 549 574 133 927 606 53 447 98 397 79 766 491 769 824 570 360 484 284 292 352 748 677 363 420 480 611 629 13 929 546 371 857 153 69 92 864 195 160 807 763 418 476 430 284 284 339 465 203 402 632 441 599 613 986 486 74 947 148 711 634 26 468 814 88 4 860 61 846 618 538 334 591 613 118 944 943 776 700 564 589 514 589 907 750 975 63 974 788 667 673 774 634 151 829 84 108 402 821 238 7 918 374 804 122 561 667 422 167 884 575 118 33 289 683 662 791 70 144 95 614 865 782 177 668 623 271 5 483 855 239 191 835 148 285 829 96 466 438 648 865 999 790 158 384 500 16 619 408 325 450 952 998 651 915 381 102 395 940 341 291 48 246 827 873 211 852 351 644 432 659 102 113 430 327 700 739 996 258 80 759 266 259 134 709 149 662 235 37 902 339 624 914 357 117 761 887 417 368 967 846 841 215 39 772 5 995 948 687 639 161 196 274 695 875 167 332 849 195 261 311 130 992 257 477 333 686 874 719 750 927 309 915 322 311 828 875 31 997 847 146 863 658 230 301 297 424 804 960 37 928 133 547 838 324 422 619 518 335 971 120 338 737 54 342 417 675 873 180 470 356 556 295 652 841 844 774 901 102 899 503 852 307 399 607 288 148 580 989 911 140 883 769 886 436 646 41 163 878 861 685 587 270 398 606 524 958 352 925 788 477 47 721 385 782 659 966 571 471 714 710 670 558 912 928 399 335 740 391 240 747 927 906 931 368 166 972 137 267 145 999 802 241 429 914 853 841 155 411 931 395 447 924 787 996 861 29 4 432 683 978 859 447 980 503 287 900 965 346 790 827 218 33 96 323 417 214 188 846 392 868 991 220 424 316 63 928 832 911 259 638 718 878 482 296 218 90 301 625 665 416 116 380 941 586 913 269 163 770 134 696 614 476 901 634 92 656 107 261 554 894 679 596 949 935 763 740 283 193 814 863 412 553 743 126 605 863 566 567 381 366 43 588 39 705 995 329 763 345 777 621 120 37 122 250 421 223 459 792 265 944 891 480 166 46 670 217 864 834 163 105 303 9 389 340 641 653 748 599 601 436 396 541 745 600 270 168 482 600 146 835 197 515 205 945 868 895 260 186 277 585 537 812 726 299 483 321 212 529 328 646 603 500 794 87 589 742 967 394 471 136 91 269 908 393 319 198 539 129 88 190 814 122 496 793 200 428 240 478 689 785 925 344 562 170 119 696 958 74 615 349 911 527 253 674 10 365 151 94 612 297 487 445 954 664 569 830 573 26 867 599 383 768 221 905 60 355 358 708 904 512 518 606 635 525 763 808 509 246 720 279 241 357 894 60 782 860 246 468 67 306 228 591 875 375 3 427 779 470 798 534 808 658 901 986 808 649 365 231 588 809 152 744 263 462 279 990 159 901 553 504 530 40 31 135 632 497 72 134 900 438 481 590 465 249 420 941 578 130 146 269 90 774 938 785 494 318 172 158 680 126 740 929 850 740 301 336 641 892 401 906 992 666 205 837 144 940 671 102 842 963 706 473 996 784 765 79 990 368 971 567 276 269 895 615 673 237 185 418 410 506 724 399 470 429 761 365 720 272 822 493 856 994 953 432 513 949 535 485 988 416 656 282 962 938 137 66 146 100 557 8 253 671 915 269 574 567 403 560 987 618 16 799 619 536 559 359 323 344 859 136 429 403 553 443 416 780 745 113 211 804 502 176 47 701 543 499 967 108 239 249 551 309 359 12 480 116 562 132 551 517 828 183 531 668 179 431 191 218 630 38 714 823 82 25 305 445 444 111 561 532 946 661 854 185 723 803 236 440 726 487 653 575 314 416 759 255 357 110 152 153 646 813 385 768 26 785 981 548 529 502 969 640 496 968 767 911 337 439 320 213 699 324 285 196 278 831 121 604 751 49 578 669 474 106 708 152 590 435 709 503 879 144 312 858 631 944 222 452 884 982 369 909 301 402 155 874 415 86 645 834 876 51 53 251 32 282 428 741 988 424 134 198 962 942 76 180 264 409 930 576 461 16 756 327 511 799 899 406 664 544 68
766
123 954 470 716 209 690 435 120 256 940 161 440 245 365 575 816 224 36 918 428 200 791 109 262 754 129 466 77 158 186 513 544 914 997 395 725 189 300 812 47 487 131 486 262 603 257 931 895 48 816 99 826 268 868 856 813 840 23 550 30 506 626 152 593 463 307 970 931 946 347 543 268 725 133 465 448 627 864 25 411 219 938 584 163 534 31 49 263 164 127 361 14 422 988 103 491 155 21 919 259 514 543 148 808 687 561 300 138 331 634 94 208 581 549 74 269 411 221 781 90 301 860 599 220 643 535 286 545 946 771 584 553 213 684 454 935 688 17 727 384 116 23 166 604 636 449 999 186 653 925 731 852 747 212 431 104 267 279 910 114 540 919 387 12 904 129 987 217 464 270 154 433 324 490 354 608 475 417 365 386 49 997 111 362 258 647 124 924 125 668 186 492 354 22 708 62 767 91 286 907 253 191 54 544 85 840 703 935 261 373 252 290 806 858 759 537 192 179 751 255 48 387 203 300 171 550 795 770 601 522 653 787 69 618 713 202 51 399 883 910 714 711 132 278 707 604 737 227 871 324 756 625 524 29 491 729 499 641 260 20 768 427 730 756 963 907 303 762 761 714 793 235 970 614 213 830 429 566 611 406 610 833 93 755 904 12 498 292 288 955 10 242 800 400 974 813 621 770 836 336 252 917 681 911 297 437 425 325 533 362 119 955 477 772 802 827 599 352 577 190 900 8 519 325 482 981 613 366 189 425 94 115 588 158 652 711 999 470 561 406 28 264 313 330 844 584 263 701 814 72 626 310 749 720 878 1 477 854 545 357 762 246 60 625 889 424 465 116 118 695 904 359 421 499 727 309 760 80 88 768 77 581 497 216 476 492 804 232 7 447 615 469 941 905 335 295 24 337 162 318 269 697 299 142 821 319 59 576 761 567 924 189 244 559 2 221 680 342 809 68 105 782 398 316 543 75 863 205 292 646 57 74 69 299 279 262 55 277 667 353 885 804 674 462 280 653 806 616 304 877 241 318 86 334 971 436 37 877 175 847 281 185 774 990 956 795 728 373 735 701 927 94 522 209 331 46 257 511 153 402 957 873 390 831 143 499 872 369 519 194 586 340 566 288 938 837 465 874 846 553 552 663 825 617 228 407 614 469 518 100 96 32 417 470 646 626 678 74 856 923 698 653 557 277 514 182 478 219 399 630 48 8 460 992 454 967 853 540 985 467 908 639 139 369 493 158 877 737 555 424 489 290 141 215 438 4 848 280 625 980 730 382 529 298 698 774 543 156 402 691 382 362 472 753 376 670 182 521 655 438 406 299 76 884 756 979 515 398 191 74 713 404 672 193 796 986 187 102 639 214 983 500 227 161 83 412 202 826 278 50 482 675 338 624 572 183 85 259 168 99 605 552 9 811 304 711 767 491 642 835 218 324 302 994 454 974 608 998 103 354 546 515 200 543 29 380 259 949 453 232 638 11 409 481 862 586 762 884 484 915 740 892 420 715 354 236 837 763 576 860 768 175 893 470 220 858 776 198 734 182 313 248 856 214 981 449 52 969 564 950 763 830 277 688 461 8 952 496 119 791 781 677 466 144 140 679 392 40 63 498 821 814 126 71 432 454 585 725 472 486 427 273 419 336 691 593 232 697 518 158 95 937 129 884 857 560 642 503 881 24 843 108 13 805 803 301 940 424 422 10 447 933 615 667 608 487 241 6 536 782 782 904 215 874 164 673
188
560 350 798 717 552 521 88 846 481 542 783 178 629 359 749 854 792 239 647 452 72 959 604 608 453 236 806 799 649 493 176 586 538 520 894 507 398 701 857 708 918 928 765 630 26 672 762 941 407 181 87 255 830 347 333 599 74 453 416 131 119 322 85 419 485 220 375 790 848 696 337 277 30 149 381 740 346 891 592 230 778 935 811 712 316 261 69 470 658 665 376 402 498 814 276 911 88 957 346 248 494 945 910 38 151 838 319 182 846 753 210 289 718 691 188 558 931 3 639 175 336 924 21 377 788 1000 131 547 692 349 688 848 343 34 497 311 107 486 890 756 325 427 882 274 280 632 41 334 485 365 604 297 522 756 887 696 119 609 282 369 214 622 847 475 1000 767 531 153 618 169 718 49 489 95 818 177 979 742 756 335 495 774 223 706 60 346 484 625
135
160 942 189 144 468 574 534 580 253 939 333 87 26 884 9 485 869 688 619 880 362 776 708 735 856 638 667 317 142 448 623 264 745 643 644 470 300 656 466 1000 560 63 859 533 878 424 388 220 113 769 551 456 627 418 568 694 230 699 852 306 880 879 145 532 788 903 883 758 470 871 988 303 933 186 268 93 198 660 92 13 66 747 75 991 235 987 591 379 755 329 165 346 538 800 510 86 156 571 660 426 185 918 947 36 60 779 841 886 272 659 97 352 653 27 209 724 507 786 937 658 748 883 917 567 126 49 372 914 626 31 613 356 753 265 175
535
766 958 299 556 734 593 739 180 138 902 369 9 111 985 622 520 696 479 17 142 154 44 525 88 318 701 807 702 903 573 139 399 519 943 959 610 178 604 635 172 74 900 703 983 464 163 827 221 835 368 80 156 953 418 662 288 437 20 195 283 575 673 716 215 123 717 596 325 914 464 278 682 821 94 636 886 399 564 101 78 845 653 866 309 215 375 491 936 71 655 844 9 370 927 29 180 722 809 888 438 777 366 93 766 354 276 488 873 142 359 775 667 555 341 464 898 299 801 34 713 957 805 27 604 457 725 776 783 59 822 45 824 697 50 873 921 793 999 228 140 749 94 135 810 366 875 677 466 525 95 921 529 234 115 534 383 709 629 419 999 943 412 848 69 85 34 443 998 166 668 682 149 21 470 284 42 266 379 976 885 745 344 479 117 999 792 254 366 231 685 605 231 192 816 578 138 72 615 231 653 928 913 90 531 488 373 882 421 77 423 431 983 163 332 339 673 995 967 697 763 466 563 304 481 93 387 65 640 753 742 787 334 243 191 981 600 771 722 392 748 912 120 566 224 589 815 568 685 940 534 862 236 206 708 469 481 652 40 249 222 303 810 280 527 132 40 298 557 749 944 352 102 102 511 914 57 385 774 951 990 21 56 573 506 335 863 194 861 508 700 103 135 506 428 619 632 819 151 334 312 511 267 876 19 765 226 116 255 184 846 389 67 628 675 229 31 939 119 48 504 794 41 77 545 343 744 721 356 771 995 227 717 201 164 346 792 984 584 450 302 71 809 479 404 908 596 285 450 834 39 681 159 43 977 71 891 314 502 680 723 827 514 522 342 333 729 602 792 210 690 461 542 207 123 252 950 210 509 731 225 792 160 880 529 204 937 868 77 69 107 191 147 140 735 687 959 661 24 455 629 252 347 394 427 142 123 842 821 636 491 954 103 220 612 380 951 852 938 828 848 95 915 357 626 868 690 244 778 898 68 397 397 350 372 280 217 754 506 530 347 777 426 703 727 829 187 183 778 699 644 277 841 248 952 965 246 308 507 175 493 767 899 119 29 819 232 390 986 196 286 679 262 443 867 235 985 602 330 458 400 405 193 769 167 488 494 423 415 84 605 640 219 839 724 725 728 520 932 98 28 429 315 644 872 962 183 509 802 566 641 215 554 372 25 784 717 941 986 119 809 742 569 174 392 913 642 451 927 353 950 427 606 519 812 27
31
845 172 318 961 602 390 23 202 680 274 974 196 771 291 407 430 304 329 619 771 329 45 942 499 563 506 861 710 214 859 928
645
701 729 793 685 633 393 324 477 545 876 84 293 582 74 970 581 220 810 798 252 439 728 663 31 602 569 990 790 606 863 78 838 115 339 357 346 418 41 70 303 364 499 2 612 108 208 785 129 84 96 4 80 130 283 158 841 194 588 114 409 375 984 565 339 333 606 703 166 988 97 540 218 766 242 132 320 575 928 214 893 876 625 847 603 131 960 838 425 33 1000 546 481 188 823 357 640 518 47 219 974 24 799 278 230 141 853 234 536 605 991 653 263 6 413 192 419 660 566 702 502 150 52 243 765 888 520 67 491 523 817 175 241 921 129 999 147 603 143 321 812 806 57 509 325 53 698 420 104 984 469 839 828 567 376 120 552 235 932 611 58 125 555 692 394 471 547 241 916 445 114 933 727 54 929 148 708 92 34 442 712 21 766 128 260 432 703 713 932 730 861 683 798 822 5 578 235 52 547 799 326 220 248 171 711 499 766 304 235 664 703 781 694 175 790 751 649 951 97 168 887 860 283 659 105 195 161 449 412 296 91 570 239 213 185 214 472 498 93 609 472 884 561 16 366 444 409 200 597 161 644 658 632 371 698 681 137 103 519 826 262 11 428 49 968 796 471 608 153 459 754 472 506 339 424 61 711 884 285 774 544 666 834 665 282 246 959 751 194 458 784 351 441 352 443 109 924 346 990 434 815 380 222 940 912 219 500 908 118 965 661 322 824 938 655 792 783 74 15 966 445 803 203 149 965 894 492 649 148 210 770 551 976 626 862 683 11 660 962 682 388 982 112 785 761 275 247 775 8 414 485 791 749 567 290 954 830 210 365 487 198 92 830 881 730 877 367 557 993 26 226 591 967 682 162 370 860 873 875 965 705 642 808 520 383 236 42 410 508 159 46 471 122 684 423 677 944 735 785 604 379 277 642 507 731 864 924 591 675 161 641 58 958 663 823 130 27 373 339 44 467 976 987 75 318 242 269 778 213 125 775 992 566 375 29 169 319 992 865 612 901 993 460 874 437 351 169 57 5 341 174 22 776 625 832 878 276 701 126 408 454 23 907 576 593 669 372 180 179 985 111 231 794 841 841 597 154 442 545 944 625 312 756 404 312 105 195 788 805 335 896 637 361 468 653 923 564 144 211 428 723 177 170 188 791 823 759 405 874 550 73 409 251 323 779 58 187 909 509 308 872 42 305 923 108 650 962 944 182 936 797 446 44 210 492 412 579 387 782 636 801 376 187 390 854 859 556 411 238 905 572 670 297 401 597 869 593 882 585 220 919 289 390 678 181 492 850 784 651 821 413 926 750 871 631 203 9 969 111 404 895 908 796 712 449 536 475 700 598 381 942 327 300 838 478 541 547 133 828 932 821 393 429 927 978 655 991 67 882 505 819 27 588 255 681 364 107 441 232 543 158 613 147 767 942 900 296 986 159 503 59 569 661 403 260 521 924 938 22 938 579 949 92 468 494 157
771
316 351 337 552 610 993 606 928 872 442 49 326 59 165 159 364 245 641 60 694 215 847 471 273 722 760 109 145 593 401 42 796 755 976 944 508 559 678 926 940 198 371 603 934 887 175 918 220 439 585 819 203 141 723 86 257 955 650 517 390 136 533 469 666 468 412 930 401 784 645 862 749 892 369 733 241 798 480 403 773 895 897 148 468 1000 539 596 433 338 695 917 257 304 454 434 990 6 301 756 866 903 55 792 758 770 940 965 462 784 496 382 841 553 986 157 308 235 288 753 283 628 315 40 69 971 880 721 613 456 747 525 456 497 914 759 127 942 45 624 47 341 643 628 599 439 395 970 780 149 577 92 320 502 69 405 14 93 959 490 994 135 139 510 219 848 647 6 398 506 585 577 634 815 928 346 226 194 667 89 607 432 153 374 856 702 719 301 619 798 605 833 884 98 464 693 972 589 385 26 635 289 742 729 958 387 898 377 936 836 1000 87 494 647 451 992 623 58 304 852 706 325 402 963 249 595 741 944 958 503 563 548 907 906 171 576 126 854 737 590 110 138 745 586 314 723 515 967 396 79 79 169 40 635 467 257 329 914 102 369 709 522 544 436 198 526 518 510 744 479 1 24 394 249 302 567 418 893 776 181 869 903 520 728 573 69 783 802 867 241 214 185 918 95 612 819 658 641 974 818 354 110 812 147 697 985 76 906 617 88 185 867 282 418 69 656 533 548 437 668 207 814 126 758 67 904 290 157 307 289 429 712 381 101 492 753 102 195 967 781 98 76 655 54 599 891 666 704 412 186 882 495 427 617 673 4 463 666 181 421 776 765 407 103 118 668 335 379 676 152 648 25 920 717 214 749 415 878 585 248 920 543 969 51 277 921 836 909 219 462 811 646 102 847 522 296 353 874 764 193 707 640 127 342 274 266 213 400 990 832 445 658 533 502 391 498 15 77 829 853 856 575 340 866 215 925 912 148 751 86 952 430 696 259 86 653 714 979 404 4 250 214 79 721 869 556 5 152 669 811 514 532 670 43 456 737 467 336 41 87 153 456 10 283 608 495 305 460 417 184 90 482 407 958 337 168 570 206 967 251 684 913 27 545 518 745 568 594 351 975 76 655 937 733 843 742 637 877 148 849 781 253 937 653 120 820 383 390 751 995 196 212 762 500 166 411 662 541 768 351 641 633 156 105 935 583 149 212 890 839 67 959 590 547 799 394 423 400 904 47 662 398 506 298 538 286 419 690 336 969 702 20 456 979 577 640 279 278 981 544 709 685 588 627 949 850 834 806 902 259 530 527 754 214 436 182 330 844 485 449 451 242 438 823 161 903 978 897 829 57 494 300 648 251 865 547 846 813 425 919 990 321 783 681 264 5 254 725 867 190 477 479 223 93 789 242 761 290 132 408 431 865 84 263 731 994 625 949 367 324 708 912 66 498 403 993 724 279 488 398 61 359 857 414 621 167 753 948 620 147 329 150 972 287 394 108 949 499 437 394 418 853 919 270 112 713 571 454 212 517 168 985 420 501 221 238 887 919 335 338 673 78 905 650 19 716 656 825 893 861 47 444 592 743 307 518 573 957 380 763 116 634 432 435 749 665 914 987 491 239 188 824 589 241 15 600 262 559 345 250 638 820 37 226 960 638 432 161 902 62 111 130 241 953 153 834 651 980 205 486 482 426 844 232 583 706 263 806 237 742 292 998 227 377 167 743 329 332 752 954 731 4 32 554 18 952 2 910 188 665 160 838
53
1000 692 497 170 229 833 429 446 30 265 246 822 404 27 41 700 387 211 649 863 417 839 545 519 587 41 104 678 612 363 551 458 196 162 675 75 156 472 417 651 966 734 549 465 518 41 514 46 750 968 592 865 427
893
995 998 234 560 877 535 233 13 406 506 45 564 681 66 304 327 876 533 625 723 280 775 460 135 221 896 96 128 36 93 407 560 389 372 736 528 282 931 814 723 685 222 91 699 806 765 976 126 277 111 687 628 906 178 846 113 756 738 596 566 552 56 263 92 813 241 284 890 842 628 779 880 647 197 895 295 484 950 272 184 378 935 489 997 934 751 838 676 985 813 352 324 276 452 162 119 745 568 344 170 505 974 270 643 249 693 866 143 339 860 684 350 14 614 7 567 722 874 869 360 614 980 456 408 193 187 268 289 647 199 327 760 240 914 755 567 577 169 72 883 858 994 773 684 776 646 848 321 469 242 969 963 706 828 145 704 425 293 566 327 556 592 835 109 408 361 351 136 11 472 769 998 925 335 914 690 78 154 395 234 480 153 721 391 594 130 755 490 181 558 897 984 136 967 908 374 181 528 361 561 414 909 267 447 766 541 49 797 947 618 404 252 955 894 284 112 27 239 892 560 39 524 824 100 639 839 709 723 408 321 79 548 351 100 778 460 553 838 995 939 658 520 325 912 805 294 848 467 11 734 218 663 18 557 186 446 279 118 923 495 162 468 379 642 736 221 80 833 998 998 485 932 464 437 434 948 460 212 829 115 854 3 647 437 169 650 502 387 555 436 553 896 412 121 426 865 83 363 608 904 131 282 788 804 423 385 800 888 633 887 554 631 716 284 660 500 160 762 160 933 149 596 931 310 88 760 199 89 648 215 761 61 249 594 813 434 310 42 635 755 355 299 705 368 361 834 639 845 961 426 619 492 340 550 427 33 605 364 63 626 697 529 875 783 241 947 320 446 828 227 902 353 274 557 215 204 808 611 291 63 255 157 558 855 642 780 943 873 824 896 803 134 292 314 640 112 741 265 130 18 465 347 858 167 434 391 791 516 212 839 133 104 740 105 97 701 15 717 490 765 738 202 201 672 286 358 42 525 742 296 204 297 450 732 834 181 484 334 284 964 941 544 355 308 213 484 652 766 165 887 728 59 860 113 155 816 212 537 299 601 961 879 231 65 304 791 273 694 391 760 65 762 841 624 949 880 336 831 896 527 929 631 594 985 243 337 805 827 476 1 446 541 893 462 604 908 223 108 354 247 520 252 995 179 16 338 23 556 515 396 110 153 106 933 7 629 157 189 580 467 880 125 946 102 288 136 296 491 108 318 990 474 758 500 828 217 677 403 12 511 207 459 427 867 372 155 407 107 493 458 807 165 379 519 791 946 626 458 860 712 871 781 537 623 281 888 909 758 825 379 660 612 576 974 330 128 323 878 26 435 993 400 576 350 602 80 931 766 137 514 547 105 885 654 505 818 542 698 967 204 576 716 2 727 501 152 171 318 116 339 93 59 117 143 4 947 85 344 411 272 815 129 211 859 590 103 357 892 940 246 786 264 723 934 829 227 672 72 681 171 74 692 784 35 386 118 770 849 443 982 683 489 5 782 231 786 903 678 111 199 31 667 884 636 982 410 573 464 674 778 426 565 32 991 652 439 56 846 923 537 724 92 932 218 780 34 51 904 399 588 244 477 57 212 689 712 125 951 692 404 527 555 272 416 167 304 674 683 122 598 52 167 677 930 186 47 895 722 93 283 757 819 602 653 814 892 237 453 768 17 128 137 853 695 439 10 130 892 182 781 680 747 917 216 604 367 29 378 87 468 780 808 565 992 565 452 374 700 300 795 703 302 117 882 73 773 346 377 141 20 406 245 254 442 998 417 461 604 997 614 52 477 693 900 415 28 603 378 830 851 133 564 378 739 898 64 916 329 94 605 165 242 898 772 416 151 302 886 118 609 13 392 491 617 17 461 708 362 982 586 400 564 273 354 204 965 816 738 762 795 462 68 136 595 128 37 78 519 986 623 436 391 8 279 309 499 491 154 465 416 751 72 39 455 932 111 37 218 344 745 412 518 669 540 981 148 271 618 138 616 99 128 565 887 106 209 82 1 742 824 522 608 905 972 430 327 247 703 442 50 152 612 459
840
963 485 32 158 379 106 619 580 266 662 218 20 494 800 15 782 705 563 768 369 744 165 876 735 791 724 238 267 26 991 59 999 317 855 741 987 592 496 516 163 315 854 381 261 106 195 712 450 10 910 256 207 653 654 595 677 788 217 965 784 258 627 678 664 84 832 296 509 895 632 435 870 931 369 964 101 757 856 968 306 811 122 864 997 269 671 481 414 911 891 432 892 519 349 762 419 477 995 542 575 696 556 905 510 297 342 767 932 417 218 725 3 347 16 117 277 628 620 394 135 412 150 112 206 58 607 822 638 611 926 868 289 250 882 284 44 49 799 264 169 603 881 896 910 624 213 982 709 869 302 203 950 831 19 206 178 692 915 630 842 854 679 559 137 659 116 969 948 413 772 835 391 201 464 182 293 467 608 602 462 659 831 953 296 160 772 884 264 177 58 587 505 119 909 206 22 778 771 308 418 157 258 309 188 706 979 578 466 776 451 137 466 830 806 452 343 801 519 165 953 725 780 598 909 206 582 346 320 195 627 477 745 365 348 932 651 626 45 545 867 247 239 473 960 816 924 662 394 132 526 125 683 464 151 377 335 139 350 81 915 41 138 974 210 371 116 389 980 383 212 375 8 640 685 9 17 789 510 194 486 111 887 682 199 405 919 226 612 704 442 733 360 52 26 129 308 966 77 231 982 892 688 312 158 313 948 80 612 444 195 980 668 574 368 470 761 895 802 664 262 582 596 502 277 363 228 342 758 958 518 71 288 998 910 340 883 196 563 127 264 794 123 660 580 155 431 696 77 874 203 521 609 747 845 237 462 761 505 859 815 970 961 492 820 500 307 935 582 790 780 957 455 160 346 878 854 439 428 418 999 278 204 466 707 533 21 389 786 833 533 950 910 934 824 593 28 803 224 813 338 519 393 553 684 86 542 853 184 837 575 637 333 776 893 144 443 761 537 914 593 844 715 99 632 811 361 511 35 385 422 228 755 705 525 14 92 45 311 356 919 654 627 33 762 172 332 588 250 910 65 221 745 672 585 877 986 884 37 297 20 865 431 671 34 93 869 522 809 892 641 129 763 985 17 87 50 919 774 169 185 968 434 303 888 254 617 965 996 808 517 557 185 753 519 623 776 370 504 673 316 461 4 204 694 304 405 201 205 919 525 153 126 550 47 465 15 23 735 752 894 844 407 551 35 657 613 5 411 35 268 820 161 271 613 133 833 21 623 625 494 1000 711 265 543 731 999 447 584 232 821 516 376 638 697 735 271 326 902 458 929 983 832 361 358 5 33 125 301 383 707 319 554 27 162 291 289 96 484 800 297 143 877 506 82 771 536 829 762 836 254 762 927 970 98 708 303 1 913 732 75 382 811 583 679 599 827 207 723 905 939 372 454 297 292 293 708 218 590 560 579 634 889 83 978 775 481 520 195 61 198 160 945 841 705 637 639 885 402 594 693 826 940 156 79 504 574 134 838 478 818 711 735 29 645 482 272 72 57 998 732 72 339 178 755 497 874 311 432 563 787 77 203 442 73 469 513 877 803 568 65 324 97 672 464 773 480 467 738 871 629 634 944 96 109 676 640 104 311 962 45 978 350 467 67 117 11 337 249 659 347 374 682 772 115 688 779 277 924 418 322 910 735 702 274 381 923 609 320 640 836 352 54 892 696 710 693 961 180 961 620 91 945 924 259 938 93 512 971 415 801 482 664 92 451 678 624 670 744 33 274 695 21 558 986 701 995 399 933 449 132 456 971 810 444 926 936 500 938 294 841 843 690 274 993 922 553 427 103 264 876 476 735 106 548 55 590 417 999 782 950 859 15 62 784 367 984 264 603 330 964 525 155 731 157 193 973 708 599 7 53 440 250 988 251 458 959 155 610 931 270 834 632 786 945 218 674 932 457 475 670
457
608 323 527 650 223 268 142 957 804 845 612 68 311 313 568 654 740 144 642 577 436 595 203 902 871 144 949 912 610 435 964 587 328 440 943 220 562 500 255 213 641 402 530 264 69 176 177 423 252 350 222 177 387 358 25 791 820 159 876 687 75 705 516 83 947 822 189 635 406 275 280 614 309 485 963 389 543 389 174 834 498 821 231 83 208 120 525 676 131 564 795 664 159 665 545 77 234 682 991 317 565 35 697 112 716 818 7 794 685 437 476 855 375 802 149 442 757 300 281 754 410 353 932 149 101 701 685 459 971 37 592 631 345 821 711 6 716 546 192 575 624 485 194 571 459 988 142 591 313 101 42 373 433 569 934 651 163 667 887 836 348 591 226 707 913 599 184 528 763 212 564 775 289 189 280 653 526 473 106 620 864 441 11 892 575 935 221 90 384 170 734 417 669 503 255 740 505 924 847 679 726 605 584 838 79 455 238 364 271 821 568 471 303 408 274 491 128 586 2 458 641 688 81 358 917 683 837 663 247 547 506 956 851 305 530 510 693 155 700 630 22 502 663 937 661 967 998 575 501 633 518 253 55 657 835 165 7 249 489 522 505 766 516 452 26 273 998 299 976 802 474 866 908 606 371 152 316 216 274 352 269 721 732 718 197 278 865 791 392 191 46 439 504 156 194 922 677 927 609 94 385 438 357 374 786 287 577 516 549 592 416 651 73 183 510 365 919 262 965 766 349 500 939 3 99 344 600 831 988 363 452 783 974 863 712 732 334 413 94 586 211 725 752 806 415 416 927 939 388 766 552 636 456 439 473 64 798 228 845 100 877 926 137 289 661 619 599 678 832 965 894 294 973 449 483 970 488 298 918 703 439 134 651 738 220 118 607 725 377 50 764 395 844 619 381 587 331 724 500 980 389 664 922 555 700 260 182 389 95 685 253 773 158 750 240 289 255 585 63 262 16 372 998 686 180 201 555 825 823 247 296 939 89 81 182 758 393 625 834 854 483 141 939 798 172 317 750 222 298 329 950 213 725 784 401 844 35
871
808 737 810 344 704 418 378 877 470 256 561 146 451 140 602 395 524 261 280 985 686 628 663 496 939 847 239 629 861 851 462 811 962 689 77 260 27 405 588 369 939 707 662 757 73 961 318 419 178 996 506 153 934 223 812 150 671 830 538 674 914 783 778 944 702 353 710 17 492 654 380 538 589 926 502 464 615 276 340 173 385 301 575 289 821 429 450 436 933 764 991 618 999 587 526 599 508 165 987 641 767 749 100 87 842 783 464 14 218 763 228 709 412 910 964 903 502 470 966 501 615 892 517 37 161 299 888 583 608 477 429 180 779 526 397 447 363 985 361 211 65 441 890 709 185 20 577 147 240 614 550 915 382 383 681 348 257 483 179 770 697 959 678 217 152 866 399 668 384 272 95 292 989 276 923 651 331 861 888 416 173 791 238 602 304 662 99 399 361 875 839 601 539 326 189 446 124 812 385 379 265 215 445 188 986 974 54 256 617 253 470 666 494 525 497 612 533 926 19 913 832 545 816 402 70 432 233 73 235 249 428 879 804 789 493 62 950 283 659 980 816 532 946 997 274 593 92 852 328 481 416 784 888 306 606 970 835 15 731 48 774 24 498 711 837 599 184 703 64 226 232 757 397 369 246 524 335 391 792 10 326 444 83 151 203 24 636 925 646 646 721 245 416 348 154 823 650 998 240 505 166 846 360 57 859 529 527 934 726 823 20 476 66 35 304 41 408 159 70 761 480 218 904 380 681 620 518 355 903 331 884 708 658 723 60 498 767 342 310 94 700 838 941 457 979 750 763 158 615 965 63 86 863 381 179 624 443 680 477 290 875 79 314 498 559 228 623 372 768 857 267 629 250 644 685 463 617 826 83 193 658 119 903 847 288 314 994 14 989 378 559 603 316 279 682 839 63 793 251 882 437 696 850 244 827 939 532 766 875 563 472 918 55 788 431 638 861 13 788 274 309 232 245 81 531 616 926 334 482 466 923 686 804 458 887 970 172 257 336 638 403 732 614 8 581 190 691 724 925 322 746 856 721 834 736 311 77 913 155 794 101 19 12 972 861 135 173 849 129 58 704 600 116 331 94 677 953 958 454 338 60 831 903 386 854 714 106 4 369 115 393 937 191 870 709 158 711 312 411 1000 746 646 988 216 161 289 740 690 247 306 792 354 3 727 388 307 12 39 286 902 99 38 384 431 482 605 137 628 384 85 97 834 711 844 40 808 822 790 196 975 907 193 596 544 93 383 655 775 957 643 770 951 233 383 442 34 388 92 535 485 692 6 228 413 850 1000 72 923 941 278 44 69 577 308 453 834 656 278 146 676 926 924 728 750 768 555 131 657 297 265 560 786 501 305 54 533 775 313 253 165 887 800 959 45 543 941 764 492 635 26 839 128 722 412 700 279 837 167 278 766 862 540 786 523 432 685 762 804 380 906 906 659 969 472 700 83 179 937 620 480 845 413 676 965 946 675 489 341 828 792 157 306 893 617 763 16 158 976 823 512 423 63 287 6 131 499 941 751 744 189 534 179 652 927 414 755 657 507 361 308 865 664 769 556 787 524 992 123 406 120 819 808 780 940 263 803 124 485 356 51 976 476 431 139 716 544 403 382 791 722 603 612 470 987 519 812 927 290 982 561 433 697 899 225 394 405 830 397 481 538 557 600 60 836 295 205 107 818 837 560 346 193 537 612 938 508 487 919 46 175 865 143 877 270 991 473 906 712 121 68 849 852 14 780 896 258 17 756 857 112 739 213 795 713 592 114 264 76 76 317 244 167 422 994 750 433 297 678 66 585 740 85 986 822 285 965 827 11 925 577 583 981 546 361 884 606 161 294 518 945 461 222 793 198 633 450 533 383 529 333 261 386 8 368 84 697 765 326 463 470 583 44 827 812 665 113 132 160 127 568 564 648 254 633 176 156 143 56 632 146 9 442 548 22 856 71 770 535 685 923 935 466 526 55 493 29 686 865 416 757 659
751
381 468 231 49 378 883 518 841 417 1 147 622 976 65 397 611 837 586 1000 387 709 377 930 678 102 726 122 931 579 750 349 916 696 110 293 506 119 818 434 872 521 833 919 147 540 566 432 394 748 854 549 295 98 699 55 188 447 187 92 321 453 353 828 927 965 110 501 323 782 664 444 609 751 51 320 523 489 109 294 420 143 156 693 460 174 774 825 67 872 715 649 596 363 516 401 570 996 747 611 726 469 865 195 375 803 493 897 690 914 9 232 764 379 808 760 174 322 577 603 827 649 388 625 947 781 396 279 416 704 409 109 699 779 802 590 761 598 583 900 845 681 460 57 180 858 20 923 574 432 382 760 196 54 848 204 322 842 802 795 433 892 345 237 785 146 533 876 886 832 692 124 538 688 120 126 76 937 886 65 146 470 970 884 858 30 647 937 320 6 515 498 18 67 441 404 570 237 731 636 290 523 31 632 541 323 772 456 199 694 461 521 496 799 65 208 860 698 476 615 577 489 531 973 612 880 976 545 770 363 569 679 405 844 978 513 767 775 185 941 779 467 462 805 987 871 617 66 111 846 109 357 63 727 846 277 623 28 199 188 637 536 169 432 247 977 387 925 318 528 387 542 878 503 231 433 44 89 217 828 270 58 942 755 629 366 623 472 214 677 200 943 90 184 132 843 221 302 837 39 62 366 754 81 229 307 450 397 738 686 348 292 636 520 848 131 203 575 239 799 303 123 318 351 97 418 392 398 572 314 991 948 827 741 423 351 167 169 372 185 550 641 297 722 354 70 590 242 519 210 667 167 425 117 140 524 852 579 716 192 921 587 658 887 999 574 1000 543 275 90 783 479 257 678 497 706 805 34 207 547 754 705 865 93 822 344 370 822 569 111 529 507 637 793 949 948 559 274 286 751 501 640 498 737 296 194 610 971 353 557 338 815 347 777 733 226 329 381 429 881 744 777 25 50 232 44 384 111 818 355 743 806 244 340 22 855 972 78 772 569 42 534 58 813 58 828 238 585 623 944 362 605 199 312 727 718 776 403 802 592 573 317 575 931 388 516 583 420 30 491 671 99 540 200 687 318 376 685 472 53 903 993 387 969 66 618 138 334 796 65 3 451 850 444 558 732 831 194 689 226 696 541 502 293 985 940 599 411 320 960 765 597 115 421 707 244 753 369 163 856 194 463 724 464 744 79 513 744 277 446 816 175 739 115 29 578 566 355 863 752 86 778 733 343 767 964 798 287 255 829 196 943 983 437 135 564 971 469 420 690 692 685 626 602 346 198 503 986 244 257 548 875 333 298 629 630 488 365 938 92 674 723 530 802 76 491 773 213 156 465 811 559 633 168 222 223 656 501 950 611 218 84 674 301 981 410 546 810 376 640 364 697 342 913 401 177 473 727 226 439 182 72 358 495 270 535 56 740 481 556 625 658 730 410 854 942 593 464 811 922 258 91 609 786 847 339 348 97 886 672 410 219 607 386 834 285 429 392 371 638 922 930 5 91 652 399 66 686 810 223 521 942 45 970 895 876 319 877 867 758 378 442 389 43 905 899 576 500 615 571 986 700 878 124 152 424 937 969 674 867 421 520 483 7 910 681 624 973 375 588 796 430 328 756 715 863 998 259 960 602 585 176 226 306 559 824 376 700 826 690 671 36 520 980 49 28 676 583 363 275 547 669 624 780 741 491 123 71 94 333 721 594
185
843 123 544 437 854 237 118 482 992 67 562 298 539 186 569 485 898 143 730 297 424 827 792 761 968 673 430 957 151 11 515 435 488 300 568 762 664 700 107 278 675 228 554 538 51 571 643 639 9 522 871 915 479 937 527 883 104 57 353 314 143 351 168 995 841 148 538 985 212 880 583 90 573 938 244 705 213 501 168 376 444 493 51 778 877 78 611 434 924 489 717 544 379 982 588 93 300 694 774 648 859 93 570 125 148 934 530 776 614 86 89 597 705 159 792 344 443 726 646 110 222 324 752 618 237 938 737 272 158 534 813 299 215 305 148 474 56 186 993 365 372 621 803 763 181 294 187 443 156 232 638 829 236 986 843 801 637 615 214 742 850 678 663 689 236 164 765 738 439 559 409 614 328 382 316 710 334 944 592 79 291 484 113 160 335
863
485 114 204 675 45 262 137 824 915 521 702 226 413 395 292 992 814 948 432 79 829 748 196 126 512 691 705 239 504 713 133 200 844 720 38 367 839 703 191 923 786 827 554 240 837 35 15 159 97 778 614 683 748 342 768 654 969 143 408 833 979 613 186 390 465 959 702 253 983 31 265 387 944 657 467 48 408 594 744 418 350 651 286 98 272 272 93 315 743 283 845 507 850 457 793 519 996 565 273 118 252 191 586 8 750 612 853 856 50 158 23 926 680 730 114 401 412 36 871 278 662 802 555 393 833 203 257 322 920 151 182 470 949 711 553 753 666 168 490 630 386 621 871 99 903 319 990 108 974 393 393 96 460 686 687 300 934 866 806 912 997 347 616 866 823 249 633 2 971 836 506 518 666 946 452 15 787 361 630 182 612 235 477 838 316 598 187 326 113 415 766 634 854 124 600 70 669 761 220 903 543 642 172 928 779 845 550 49 226 288 465 962 343 89 645 594 649 580 816 182 242 234 694 912 703 167 925 90 872 299 309 132 515 886 483 679 791 510 640 283 921 584 87 423 839 436 328 182 423 785 80 564 330 256 193 52 949 20 65 715 160 799 909 870 600 707 487 40 940 130 201 238 838 5 264 523 644 21 763 27 90 969 546 432 943 131 257 706 826 77 713 782 510 483 290 326 421 878 898 977 380 590 743 289 737 485 362 379 392 548 432 624 276 569 593 193 556 568 245 576 284 39 384 382 308 969 661 578 609 75 753 368 454 341 955 304 857 109 957 681 69 967 218 227 819 473 824 616 753 243 160 205 514 499 685 879 991 883 680 28 211 95 794 923 827 75 778 53 924 76 158 567 831 261 497 129 228 826 867 98 660 194 836 344 97 351 807 179 282 924 608 485 946 96 843 382 642 594 77 779 158 929 92 757 866 699 154 939 113 675 530 888 981 827 47 349 588 850 808 357 491 674 364 70 509 883 611 282 94 705 35 539 234 768 385 924 30 660 650 665 476 383 655 408 621 170 487 554 857 29 227 975 613 616 270 775 203 596 378 939 363 439 920 996 686 633 654 136 385 756 478 500 487 53 600 196 959 812 621 777 936 989 213 395 92 125 975 77 567 442 313 643 953 809 262 12 472 172 243 334 434 868 769 533 12 98 969 195 306 742 500 106 507 561 923 903 980 660 599 894 147 519 527 416 719 412 251 725 843 561 546 675 515 415 484 1000 662 408 856 738 907 934 906 87 546 168 404 394 265 563 489 35 490 720 948 152 566 308 544 17 514 187 488 489 641 716 326 890 722 756 807 389 385 739 933 958 706 141 599 909 868 62 245 640 495 71 504 929 275 316 7 835 283 109 529 853 976 889 111 445 854 199 305 801 728 577 913 412 230 222 702 583 477 507 714 195 171 440 808 774 158 119 684 312 692 577 558 518 873 713 203 776 314 365 430 158 250 741 749 322 32 791 887 750 332 210 491 376 348 73 105 214 623 692 190 503 535 688 797 844 309 421 278 431 732 336 450 936 231 242 977 999 511 864 870 236 407 912 310 522 967 221 579 600 255 685 322 224 172 403 289 83 526 808 532 545 378 632 170 235 772 98 585 883 922 235 18 818 169 969 261 126 731 547 776 993 305 354 556 386 888 102 618 464 266 442 874 184 648 937 741 128 19 976 264 592 525 63 178 26 869 598 141 961 143 135 379 319 273 442 988 139 940 556 153 292 52 667 865 202 792 979 566 917 233 782 349 533 937 951 670 756 778 77 97 675 27 897 620 444 67 135 225 925 535 956 449 357 580 898 546 645 294 873 309 796 673 848 665 91 742 421 331 855 24 100 215 904 323 152 958 229 207 503 702 304 782 616 678 473 356 1000 330 263 570 983 895 788 756 970 78 517 230 647 871 866 51 875 76 877 286 486 341 217 278 446 116 380 523 323 111 160 487 329 270 770 128 581 478 226 402 92 484
59
575 457 411 195 542 814 347 803 369 423 876 188 786 406 70 450 639 143 718 363 185 5 373 365 355 705 181 453 711 368 527 153 425 652 439 913 469 747 249 813 492 656 37 95 655 357 513 668 605 28 360 136 261 558 482 154 56 447 699
255
522 288 353 27 33 961 548 527 419 853 330 67 948 285 967 47 342 182 757 606 653 797 544 692 560 229 817 865 203 217 910 369 823 585 11 295 385 840 235 287 338 630 778 767 86 425 580 612 640 211 240 273 930 202 71 764 747 709 562 312 846 894 579 690 703 402 96 800 964 725 773 190 58 703 814 399 253 344 762 158 47 775 766 320 848 876 551 758 44 874 703 997 936 896 767 406 680 392 478 654 347 293 255 407 401 629 432 501 408 817 105 239 180 967 873 888 855 797 467 641 897 260 807 503 946 331 780 565 863 552 796 713 447 520 187 956 470 188 982 179 828 519 574 650 568 443 17 500 446 728 864 247 833 668 94 686 896 151 627 558 294 91 223 748 786 306 896 782 733 3 425 991 558 219 900 130 565 938 618 670 882 684 368 433 982 901 591 704 762 521 262 383 867 509 580 543 86 958 453 669 962 88 33 115 669 218 444 409 936 659 74 15 855 87 997 195 74 857 742 501 512 178 28 859 658 299 907 847 386 444 325 864 395 815 995 321 334 325 204 839 601 660 589 628 574 909 272 981 916 55 250 121 211 241 987
820
868 474 721 870 368 362 406 677 73 168 506 332 638 85 935 267 875 553 57 112 206 50 420 78 949 87 987 476 384 541 975 620 403 787 252 549 661 931 654 67 589 841 114 814 107 107 231 341 192 789 150 964 195 96 898 23 465 622 557 123 41 198 939 487 693 219 198 91 966 915 223 727 11 427 940 700 369 690 486 308 51 204 723 295 26 403 327 515 690 205 291 765 220 245 618 896 169 769 876 312 824 377 891 795 197 769 313 558 993 679 88 717 920 238 316 505 827 31 447 368 881 284 848 230 541 879 122 199 891 68 77 236 345 875 673 273 516 678 77 661 401 629 233 202 826 731 230 45 18 773 913 67 115 218 208 159 319 462 262 411 569 237 249 66 589 942 299 767 936 213 989 169 154 330 460 25 595 775 966 576 749 418 736 330 81 446 359 311 477 714 776 597 991 80 685 838 203 761 959 644 356 935 607 874 740 556 892 569 360 529 71 566 146 738 78 454 918 670 230 329 920 403 627 745 246 51 408 987 92 920 94 449 62 842 839 514 435 366 77 432 180 51 543 843 622 265 156 191 564 397 460 826 742 842 920 686 173 707 854 682 605 624 668 824 798 495 382 13 732 558 336 360 839 949 104 673 4 58 307 413 891 510 522 619 48 825 533 443 249 144 973 345 319 854 352 567 488 853 737 306 260 762 387 918 286 364 938 537 934 578 512 316 104 214 760 950 438 611 333 748 321 212 484 890 461 811 889 985 368 612 527 681 569 63 728 884 289 176 838 414 272 556 292 76 522 262 435 779 160 458 752 892 855 669 61 952 264 549 162 440 883 48 822 198 997 108 694 443 752 106 318 578 526 804 528 289 102 803 899 878 909 678 944 480 665 216 647 362 553 537 445 119 565 653 918 976 381 167 252 99 231 263 325 806 972 764 991 504 534 744 726 103 665 424 822 970 351 761 100 491 166 85 188 170 517 705 734 530 948 192 924 249 308 384 919 415 182 111 28 883 237 454 822 480 608 436 173 650 737 791 949 715 965 435 675 745 898 535 662 600 845 518 941 781 45 914 318 497 312 668 863 668 53 389 233 654 389 185 421 159 706 385 348 870 116 973 368 429 318 564 903 457 744 581 10 26 779 308 365 927 451 966 886 268 156 222 521 755 506 917 719 340 985 614 978 935 488 95 838 172 958 254 653 831 881 917 308 996 864 597 607 84 58 696 900 42 596 314 709 817 243 359 890 913 356 689 322 270 148 146 80 809 791 900 661 917 158 355 352 124 515 140 30 522 575 336 998 300 903 373 619 868 946 568 811 179 606 693 653 837 938 464 911 39 224 332 374 602 709 574 250 818 484 546 93 574 426 60 241 367 989 510 312 237 188 597 386 73 179 995 815 485 978 52 625 743 159 456 197 711 486 309 876 819 301 454 443 73 161 960 98 436 914 661 69 405 591 625 589 522 378 86 755 161 4 474 174 127 249 289 23 781 17 196 890 111 992 213 718 827 95 968 368 200 96 444 309 680 392 931 267 340 827 468 439 738 515 295 111 14 768 293 575 904 695 794 76 907 957 785 742 455 73 306 469 972 445 360 65 654 774 700 926 833 355 112 302 521 482 535 796 401 615 474 199 383 523 84 956 664 457 344 465 580 912 305 203 465 354 765 791 688 729 925 107 458 80 626 867 282 444 347 966 679 424 499 17 449 10 778 388 869 454 683 158 123 322 96 148 514 153 958 17 526 763 472 482 395 568 974 26 772 944 67 326 92 342 925 238 388 666 610 856 468 686 191 717 504 862 338 871 749 695 743 166 499 434 803 340 139 183 274 482 160 410 350 154 692 361 248 74 507 169 163 980 407 429 826 971 98
956
737 655 328 635 734 767 489 476 450 906 28 476 897 141 837 132 160 573 249 365 11 334 740 510 294 381 974 620 549 912 680 529 166 542 585 92 112 673 418 848 376 558 13 639 862 91 557 392 237 877 213 744 387 889 445 823 253 621 316 877 306 592 742 92 739 471 604 942 484 663 957 451 702 536 691 96 945 485 310 659 317 894 190 713 656 206 889 894 633 505 942 575 112 418 693 387 92 189 926 211 910 382 241 552 612 701 869 686 964 54 663 989 464 960 631 383 647 546 39 5 318 685 669 305 560 155 672 766 670 971 458 914 940 675 317 452 439 605 639 537 320 614 950 127 352 736 919 799 430 49 856 88 76 409 40 861 299 628 6 57 72 273 378 692 959 833 754 69 895 849 882 818 786 885 159 997 189 314 422 222 265 989 522 982 590 521 78 908 564 400 775 380 404 753 78 979 281 569 801 635 669 197 531 860 500 348 799 816 105 366 693 988 778 513 564 885 327 593 604 671 986 367 119 625 264 980 174 258 111 988 715 153 132 108 238 550 709 994 175 694 972 828 724 299 14 761 122 767 974 278 928 894 174 223 102 124 246 159 849 470 591 877 480 393 42 595 952 768 68 91 240 657 818 16 460 805 417 544 782 104 373 249 195 721 188 581 616 937 790 541 283 512 849 996 254 229 885 901 295 941 867 838 65 476 24 726 250 954 758 537 378 640 889 778 237 914 115 23 445 981 814 42 238 72 940 660 912 27 122 310 343 833 399 467 350 339 957 381 103 410 908 538 549 136 227 868 440 611 834 380 45 776 230 362 112 195 250 944 359 285 550 427 34 790 486 751 681 299 47 718 182 660 362 687 409 801 761 378 138 618 747 955 154 771 279 575 335 462 807 319 273 364 265 196 877 995 413 118 101 94 980 948 364 506 245 636 760 762 46 174 632 850 894 846 87 453 502 588 907 908 471 131 542 454 597 424 703 400 149 625 100 410 94 905 545 817 874 718 601 449 157 29 348 658 8 499 236 49 145 242 501 206 619 115 153 533 115 271 152 940 837 453 854 238 475 309 488 665 35 131 488 813 177 901 824 306 605 983 740 948 369 392 829 632 3 875 887 171 134 220 53 504 766 642 45 552 493 687 975 457 871 52 7 599 371 225 605 986 109 570 922 820 992 212 45 564 862 82 834 757 320 363 885 424 28 747 15 126 994 88 105 918 150 529 360 96 37 400 95 292 76 357 260 363 504 592 553 383 920 900 140 535 586 980 208 578 52 989 14 8 783 306 833 30 219 603 371 457 991 387 652 235 785 820 406 473 230 601 274 710 940 794 748 634 178 119 35 530 496 987 307 356 204 760 690 941 824 142 66 679 968 237 407 813 843 815 451 116 644 848 71 823 331 471 931 263 357 331 889 774 580 52 645 268 944 397 617 320 842 819 262 457 954 42 703 776 556 375 190 741 634 377 527 137 296 587 904 133 600 596 246 798 423 885 87 769 817 856 903 963 193 823 57 223 992 719 364 629 316 408 239 747 950 965 46 456 422 932 202 598 352 121 796 164 295 70 703 973 68 18 830 929 431 239 187 557 966 7 296 421 119 736 16 440 929 302 950 507 327 548 911 804 518 717 116 358 716 382 951 670 383 510 144 528 273 905 783 320 926 173 784 583 974 496 614 330 352 821 578 650 974 808 558 466 454 11 507 421 413 376 646 115 294 265 404 199 907 22 924 446 657 764 500 16 550 794 723 864 442 778 457 926 204 798 429 972 370 755 275 112 104 790 439 355 894 959 900 483 440 110 897 19 389 998 844 458 391 882 605 998 230 668 328 837 179 244 220 752 203 349 660 446 436 8 903 222 129 423 22 821 676 210 873 81 258 872 259 944 12 439 123 216 22 545 773 543 824 937 989 709 691 909 378 548 596 999 897 335 54 155 806 799 769 865 144 731 510 312 685 344 693 61 452 876 846 906 167 66 820 776 376 627 310 671 34 14 342 481 449 10 213 411 743 633 591 49 404 465 802 874 642 434 447 235 413 184 162 700 902 480 239 505 339 271 26 179 448 546 482 815 740 955 805 487 867 637 552 298 604 81 142 155 598 461 865 554 425 396 191 573 81 657 758 359 41 47 676 152 761 400 570 731 986 249 128 795 661 25 712 521 513 961 391 207 403 396
268
293 390 798 300 175 164 309 92 510 85 303 235 812 825 352 651 658 140 187 733 310 113 377 563 659 843 906 575 169 265 480 597 965 210 981 793 335 210 372 100 704 104 341 549 102 340 864 699 985 692 587 733 85 616 516 529 893 839 122 960 1000 302 176 90 440 867 551 737 781 933 42 525 962 748 284 167 853 385 439 33 914 662 141 197 838 688 214 36 131 792 887 304 538 157 149 885 343 22 700 555 522 250 332 198 320 32 18 821 782 45 104 174 753 949 434 90 898 295 106 184 147 419 127 587 239 720 5 68 306 466 634 363 904 36 139 553 643 145 416 836 834 462 630 428 105 758 901 376 387 502 967 389 584 534 877 90 320 326 406 499 836 450 488 889 164 239 380 949 524 278 792 153 135 325 280 334 323 833 331 110 867 491 108 717 251 54 482 53 881 397 945 396 236 256 724 775 805 7 697 659 942 900 968 685 306 541 727 489 337 362 329 788 635 1000 689 21 229 837 285 30 811 887 765 324 990 921 800 669 300 532 747 854 824 577 835 837 155 577 843 104 494 485 132 934 403 381 501 620 443 56 236 994 941 105 785 894 702 978 910 525 811 796 759 316 73 163 530 866
402
235 349 930 426 554 538 44 53 235 1000 913 866 859 567 512 663 939 597 641 607 448 731 670 3 86 201 532 257 282 99 94 8 183 344 443 372 706 749 720 271 251 914 790 533 20 589 866 540 908 63 20 298 734 13 374 396 333 788 661 106 494 642 439 910 29 127 57 141 903 64 125 814 894 18 80 965 218 444 825 52 981 567 579 413 122 313 933 68 712 7 897 470 113 621 630 170 244 441 480 359 359 274 774 617 665 904 740 836 415 549 659 936 910 230 138 160 895 78 38 166 692 283 300 875 952 44 744 357 602 803 697 697 332 998 546 460 900 366 278 207 478 699 892 384 711 698 821 708 140 583 378 365 553 198 708 558 480 995 492 17 491 109 339 845 226 858 670 249 10 652 731 717 67 32 660 438 511 349 139 866 755 137 846 509 189 100 653 223 363 677 725 259 144 637 878 448 443 615 69 648 284 615 287 219 467 74 579 820 884 75 435 971 456 999 415 191 765 927 952 955 903 43 111 846 381 168 22 409 337 122 289 262 318 146 382 51 149 397 323 845 327 697 381 810 30 14 71 794 455 537 889 103 826 622 788 351 90 328 14 243 531 533 613 485 253 605 143 786 182 884 587 284 616 882 137 815 187 865 10 430 129 304 192 278 596 390 761 129 971 613 383 356 219 572 682 634 805 634 39 200 508 163 764 223 913 785 130 480 244 203 91 885 709 115 547 307 573 629 534 283 213 183 775 191 345 570 726 687 969 497 374 866 131 48 93 724 914 658 769 559 730 626 406 238 561 754 663 360 951 8 450 290 266 668 875 575 255 335 968 869 258 527 883 299 407 769 846 590 521 88 582 217 749 919 41 370 3 890 228 294 349 604 848 843 243 156 814 747 806 439 967 115 429 910 54 950 651 835 642 889 566 18
878
133 311 316 310 816 62 392 97 943 243 628 251 669 781 380 297 812 623 746 779 720 768 553 964 959 158 133 145 861 268 2 920 376 539 641 894 90 381 443 177 863 812 534 1 108 939 32 486 546 28 218 952 63 896 485 53 321 524 219 136 889 303 850 858 496 197 884 968 228 668 99 612 128 128 36 174 254 192 795 93 471 722 936 457 795 85 527 398 287 596 630 404 324 521 430 851 639 4 450 809 216 36 214 258 535 954 825 892 990 727 55 250 732 624 934 587 62 848 531 966 787 15 431 818 912 887 353 932 808 26 579 339 163 396 294 979 36 578 156 400 746 147 144 768 81 413 233 860 528 598 493 224 578 811 228 496 860 970 852 98 847 610 612 331 735 264 527 235 348 462 743 283 876 548 405 381 455 399 844 885 296 653 989 391 599 841 354 427 252 245 193 294 263 668 638 746 963 925 546 512 106 82 874 632 73 304 266 747 948 205 589 481 431 6 198 925 187 664 327 421 261 477 365 571 449 562 445 319 963 768 878 693 734 569 381 418 7 46 351 587 858 330 661 449 235 168 133 639 644 116 486 469 64 487 747 181 73 780 30 42 972 496 860 94 765 43 751 144 356 740 428 129 691 563 635 577 406 707 992 920 631 619 225 896 377 921 273 702 841 186 819 564 156 456 643 31 92 233 588 977 687 600 778 585 256 317 517 198 962 341 862 759 765 704 762 429 186 860 141 445 465 56 678 631 788 143 869 987 807 453 313 559 984 576 724 14 813 219 89 174 215 547 67 324 90 594 603 365 811 744 616 585 894 49 363 609 515 598 293 406 100 402 435 828 577 851 840 655 264 218 31 578 910 652 327 794 214 943 212 822 889 109 348 349 225 52 551 592 782 240 528 840 738 991 220 925 942 596 557 502 265 743 897 536 504 12 704 945 699 307 465 501 589 875 731 187 634 860 534 237 503 282 258 238 85 3 864 535 154 279 328 793 888 119 75 328 511 72 723 466 893 610 864 910 915 302 878 814 835 51 634 911 640 976 474 979 67 880 636 921 513 899 775 14 460 631 564 589 898 115 769 312 690 316 727 393 645 685 898 576 653 534 838 955 442 368 998 803 875 924 361 833 495 412 921 409 302 210 173 853 708 526 410 911 908 314 432 638 217 490 354 51 409 250 448 779 521 343 642 745 453 971 339 715 814 901 366 639 331 265 322 17 370 670 339 156 271 427 169 512 751 851 374 10 737 889 3 442 635 994 438 646 919 368 710 950 353 133 330 191 524 969 822 453 265 686 378 888 563 837 717 304 194 807 843 130 178 688 262 772 11 390 386 379 76 791 414 870 546 756 341 401 831 480 200 792 625 208 676 654 241 623 966 549 526 78 381 754 379 144 731 730 497 384 83 690 275 430 176 614 817 883 893 776 204 360 866 66 735 510 343 591 254 561 185 653 748 951 754 36 678 881 213 188 702 604 698 567 82 976 432 624 200 223 479 233 519 731 441 992 369 919 211 632 896 916 493 961 181 895 10 375 952 949 699 350 240 596 209 606 43 447 200 244 735 24 651 555 16 504 90 25 509 429 517 255 71 959 914 255 903 236 321 456 498 700 616 160 32 124 571 282 693 115 89 106 537 262 828 246 583 164 736 459 942 894 305 933 163 412 951 704 885 597 231 504 1 99 843 888 801 664 774 989 467 728 193 604 770 97 51 305 875 650 914 79 202 880 567 699 43 348 952 181 354 741 248 765 619 665 149 151 820 436 990 958 897 1 352 473 163 276 475 830 885 181 667 415 335 347 735 134 795 441 590 322 718 155 684 212 189 725 271 161 506 222 101 42 204 106 101 273 602 323 440 726 882 11 342 40 763 212 809 805 494 938 219 816 314 668 899 1000 439 657 283 709 845 986 743 549 78 119 131 321 120 97 863 138 303 353 276 34 755 263 421 607 444 729 757 79 661 255 172 391 452 713 980 328 772 877 915 820 141 592 528 605 423 288
242
140 664 541 56 500 429 853 921 446 132 586 145 913 250 818 889 430 872 783 526 423 182 318 11 241 238 333 829 804 240 188 272 367 210 514 781 438 348 543 763 696 746 656 800 243 250 155 244 668 47 366 705 653 7 989 230 743 454 444 216 299 95 538 908 929 673 841 870 977 994 227 588 587 589 477 43 980 493 143 972 775 760 302 438 233 985 275 918 678 563 59 938 565 984 574 687 743 973 847 247 639 722 115 147 237 840 216 995 681 775 871 981 341 847 731 340 65 856 853 561 476 729 199 77 534 993 657 925 320 958 431 757 633 842 662 956 82 772 866 184 472 350 171 621 883 304 729 969 157 325 625 770 510 429 627 887 749 764 336 72 43 407 291 962 488 598 627 449 317 246 587 72 395 267 954 324 96 847 356 157 216 217 971 176 411 748 913 949 68 690 945 538 817 698 796 366 527 122 295 853 139 480 594 459 770 636 424 379 707 431 519 277 271 546 715 964 234 991 865 553 46 918 99 347 970 581 952 162 967 179 337 586 767 132 748 457 118 632 613 148 956 53
496
145 377 840 742 108 874 342 558 756 341 890 69 861 588 103 413 52 150 448 639 852 352 940 428 68 437 675 323 206 47 765 290 953 191 797 353 327 725 553 427 913 288 290 178 702 391 3 368 250 819 983 623 42 131 504 618 250 517 204 145 794 822 411 365 423 5 574 993 933 643 843 227 140 7 935 340 8 639 71 664 254 112 561 81 936 810 270 620 131 977 125 927 142 844 986 98 634 985 347 884 435 652 146 718 243 446 435 441 407 969 1000 423 16 310 601 901 758 533 123 890 789 719 962 160 270 643 314 454 902 378 4 465 872 143 778 381 734 122 49 17 188 179 416 716 395 449 484 979 706 61 16 361 997 848 371 59 650 431 994 617 849 620 373 831 728 420 465 945 447 171 337 265 682 191 317 397 176 13 114 218 881 446 348 485 45 723 998 292 565 22 797 134 183 535 632 883 960 380 989 353 953 127 152 14 840 438 42 965 609 544 82 820 452 196 100 161 823 81 415 617 601 988 696 327 929 848 37 938 544 190 482 361 754 682 846 515 482 719 467 332 549 707 537 274 412 445 139 290 299 739 682 944 727 522 892 172 935 706 29 785 273 831 626 582 851 826 204 308 742 463 833 661 764 839 137 646 39 715 828 747 234 990 401 597 588 317 782 1000 442 779 796 54 304 192 152 159 990 850 152 523 502 776 808 372 288 633 190 858 455 945 641 936 471 589 516 641 390 333 238 777 382 287 436 513 862 361 335 305 712 510 801 500 21 513 248 840 574 500 417 256 381 388 413 391 434 710 539 883 528 351 239 211 331 807 601 617 429 30 608 327 253 640 278 300 867 616 99 290 440 116 745 648 471 444 758 762 633 913 91 513 704 480 459 729 168 694 8 965 993 392 498 502 542 482 553 446 847 419 662 332 704 612 19 499 739 226 430 889 143 809 208 833 28 846 661 233 719 515 151 181 611 985 380 480 52 90 984 479 12 498 85 814 122 117 694 503 110 886 535 468 408 171 444 427 406 607 676 695 439 552 16 440 188 343 256 634 587 76 797 712 733 407 702 99 86 600 160 810 272 933 605 683 578 55 765 293 172 942 114 494 585 520 965 899 957 475 276 315 342 701 335 655 400 507 924 146
29
88 562 655 341 946 558 126 904 24 229 365 423 189 958 454 710 850 629 314 414 661 106 104 69 396 122 573 695 521
607
792 267 370 557 28 271 609 805 303 20 993 162 424 107 817 217 117 224 654 214 658 886 406 189 627 227 282 896 519 110 785 66 937 638 559 259 309 380 369 269 466 981 216 307 958 79 845 196 302 7 592 222 975 755 297 464 901 282 120 616 811 613 664 3 517 506 240 443 27 819 794 3 854 469 850 760 845 274 107 556 33 588 15 252 690 208 674 619 69 221 892 434 657 837 503 980 657 504 13 466 209 539 658 268 544 497 851 797 113 980 913 851 827 442 832 803 385 983 700 925 550 364 454 254 429 66 260 287 604 496 184 572 876 52 697 342 397 921 383 317 960 313 342 609 629 929 604 264 907 16 397 494 470 300 25 671 889 847 22 743 107 971 741 594 281 446 300 186 879 542 220 287 253 726 669 685 438 764 331 752 714 487 599 509 678 889 38 819 594 130 33 588 692 870 221 754 4 411 278 919 614 279 30 573 326 459 590 556 385 301 803 971 618 413 999 930 366 217 493 817 240 668 748 11 11 726 873 351 668 682 496 322 192 135 107 359 411 949 715 366 300 755 704 891 234 824 210 144 894 348 556 329 788 179 600 334 800 495 483 649 232 486 772 417 641 930 449 325 206 712 518 228 926 821 953 607 596 318 673 719 44 601 942 425 770 19 514 862 448 49 852 952 67 494 61 462 735 552 760 334 207 696 556 215 567 382 984 80 871 647 452 119 367 15 539 615 819 32 535 184 576 671 438 149 488 357 110 837 417 47 68 935 106 651 724 979 467 473 184 320 614 906 823 966 386 143 613 835 221 459 836 499 976 859 40 9 509 203 35 204 49 618 859 711 462 127 978 957 72 605 768 996 494 29 196 455 313 307 229 399 736 653 548 460 923 979 113 876 457 124 817 281 568 836 885 951 917 550 210 567 593 592 654 328 448 630 1000 187 191 722 548 3 244 748 856 330 289 957 650 936 118 47 881 251 610 985 3 302 978 449 25 550 232 903 221 438 870 200 23 552 139 503 851 684 121 142 29 749 458 432 262 408 614 474 219 981 396 306 21 798 875 361 958 329 708 327 130 288 264 339 687 256 410 593 842 461 896 937 150 210 774 256 173 830 705 711 396 320 893 236 554 203 601 477 895 76 101 928 712 93 528 613 79 754 891 600 299 678 405 778 765 134 645 67 180 328 330 887 270 37 319 651 204 537 470 406 709 461 608 619 451 445 196 949 728 531 955 9 53 233 731 471 357 241 846 859 456 215 589 474 892 912 769 482 777 31 208 24 199 891 500 845 666 520 917 570 285 657 2 581 786 192 943 297 240 927 395 119 1000 243 405 381 812 489 796 345 425 407 168 467 761 617 50 277 535 807 933 256 756 406 460 520 466 771 172 60 395
128
400 21 422 490 729 223 539 576 411 263 635 896 563 318 260 695 536 449 667 662 109 496 963 592 792 687 754 993 87 601 180 781 111 801 761 88 797 71 169 27 202 965 992 250 8 455 28 120 172 889 946 489 54 66 468 641 906 835 698 72 770 30 223 302 342 906 28 645 758 751 479 551 852 983 316 255 266 695 175 820 679 813 973 936 375 649 292 575 333 618 635 323 62 117 159 402 168 431 674 978 25 84 910 754 668 439 455 708 747 619 323 79 658 220 406 476 661 739 317 857 406 14 217 947 398 451 719 808
772
977 468 690 961 938 247 167 620 367 206 310 366 23 5 934 448 405 940 35 743 331 256 592 2 910 441 852 824 748 216 91 794 235 336 485 846 947 605 783 631 77 173 647 486 190 185 945 729 285 361 483 949 346 763 440 492 323 680 64 485 218 783 944 878 4 861 880 450 190 656 815 227 412 448 103 546 782 319 809 506 759 191 270 230 157 988 178 905 156 949 345 88 630 477 327 624 59 988 392 787 885 994 303 513 171 502 501 598 752 901 545 166 244 309 674 768 750 233 474 935 175 359 521 78 203 132 836 684 12 395 612 100 398 446 542 909 568 42 643 499 122 410 888 618 306 912 8 707 639 40 775 94 735 61 596 913 279 893 955 934 32 775 870 739 215 422 161 67 939 912 723 176 137 413 116 338 963 971 93 411 580 546 983 796 262 23 265 165 346 324 611 68 112 692 316 884 334 327 78 2 888 939 699 773 925 603 787 538 169 54 126 183 18 155 945 705 473 36 613 113 916 649 789 115 484 695 204 651 688 55 367 186 534 247 696 775 852 997 556 243 542 748 218 661 433 957 718 662 970 159 74 193 908 578 288 822 716 196 377 199 942 138 796 429 429 994 168 800 939 877 485 748 272 885 428 706 847 281 375 242 590 47 326 413 353 119 796 288 689 356 719 910 239 579 767 156 97 298 174 703 408 773 994 355 816 983 736 934 448 705 449 26 842 424 869 997 381 695 622 441 562 845 15 784 240 11 557 147 767 531 728 344 222 20 416 11 880 550 484 211 605 402 611 63 710 50 140 45 270 207 17 631 406 89 228 805 577 37 109 850 13 907 261 317 146 902 946 383 506 474 602 5 959 715 795 416 461 401 897 564 702 133 525 564 283 575 389 998 107 325 80 440 471 661 656 773 320 584 183 761 7 942 139 291 309 275 37 228 403 649 362 81 664 728 400 561 751 504 407 951 399 570 455 604 327 131 336 121 452 162 644 290 546 547 393 714 886 736 111 71 992 289 160 632 298 167 186 442 200 155 721 101 168 751 718 6 585 817 572 780 613 497 252 731 730 106 375 661 907 677 150 371 226 282 517 228 975 822 564 819 439 743 685 859 981 175 944 459 121 531 732 757 176 907 270 43 577 573 849 933 831 505 218 350 480 389 950 458 693 915 673 727 859 871 830 53 170 242 846 492 590 465 978 388 441 49 736 730 788 873 374 13 835 138 836 769 969 278 3 280 423 909 378 272 846 735 838 309 757 453 727 426 282 455 929 845 548 738 289 182 698 292 837 475 411 247 985 126 414 647 175 328 78 792 444 689 594 650 276 704 569 228 516 4 289 224 10 725 306 896 181 870 575 839 881 980 218 389 382 631 775 820 442 526 361 934 590 140 54 765 879 685 427 538 956 600 186 772 879 762 535 511 798 742 724 880 322 346 153 900 667 97 500 687 350 49 859 276 1 306 148 263 891 99 639 536 185 540 57 787 108 988 489 179 842 184 13 787 15 756 653 9 386 95 828 60 249 776 369 483 363 918 816 675 867 830 360 261 444 251 670 497 226 326 112 508 985 973 964 844 560 583 116 565 111 860 602 560 135 532 264 923 755 95 517 949 462 108 932 314 878 705 705 768 666 16 839 123 291 314 129 296 251 398 480 552 820 398 494 837 561 535 823 204 916 35 982 537 731 118 311 443 860 243 956 66 327 92 87 367 186 541 517 161 168 294 335 598 916 146 515 591 609 931 563 897 432 869 570 958 330 428
854
956 6 611 984 999 901 678 615 946 413 476 687 888 458 101 306 583 290 945 696 20 231 957 904 713 161 144 513 188 974 691 783 942 101 444 481 148 150 733 885 669 788 947 486 566 738 904 421 694 885 829 544 273 72 263 515 327 678 261 779 129 140 927 893 939 580 48 568 69 93 160 240 716 548 867 472 507 95 450 701 749 818 98 22 598 458 430 247 191 645 906 817 678 14 361 305 747 978 814 619 683 155 490 431 569 183 67 116 799 360 9 497 455 730 655 868 702 881 275 358 343 840 695 493 475 631 494 412 354 526 132 456 450 417 888 697 925 988 833 797 248 637 835 799 499 183 234 562 359 562 422 567 189 75 501 289 667 433 872 112 292 562 12 642 121 743 17 906 387 536 265 598 786 970 285 753 813 336 225 608 321 996 149 28 376 777 466 594 360 492 880 598 488 165 362 914 552 564 9 529 700 880 234 897 736 470 80 149 179 919 74 58 240 728 16 456 328 905 459 980 926 892 708 831 452 825 408 137 555 667 322 522 279 312 445 909 399 317 74 9 279 21 22 664 848 210 986 683 417 847 896 676 619 826 961 420 522 394 79 74 858 620 376 600 21 76 985 490 180 788 69 783 191 471 67 928 34 723 684 87 159 690 279 61 175 758 177 434 598 504 571 2 105 232 132 274 626 284 652 587 3 482 215 95 455 977 712 85 693 489 546 85 815 793 438 68 857 981 972 5 268 736 533 695 565 259 324 733 71 324 1 579 505 4 217 250 423 333 837 895 854 99 914 35 975 727 2 518 606 902 79 857 847 103 440 782 910 959 392 603 144 678 520 301 933 797 171 301 611 927 343 140 678 400 900 990 750 670 323 69 957 56 644 236 668 238 696 288 562 152 664 362 516 182 138 136 380 442 485 235 949 970 486 587 304 737 750 321 156 965 919 470 875 529 889 311 488 253 696 766 720 420 348 679 200 856 48 802 299 459 784 696 960 923 152 7 432 539 962 971 621 912 499 462 850 28 948 686 494 617 780 146 855 351 835 238 297 345 994 846 720 696 622 103 496 207 533 998 413 384 829 733 944 790 435 659 46 130 82 746 517 784 141 699 212 115 54 518 537 242 123 437 694 836 542 63 538 565 814 287 591 768 124 160 274 579 100 229 232 845 837 935 119 531 630 223 879 17 549 172 259 751 369 936 990 586 700 109 96 642 284 420 920 585 578 765 868 942 470 730 488 439 418 207 147 721 162 470 941 28 793 554 933 563 210 527 754 400 282 979 170 761 505 421 463 894 117 908 227 263 639 511 211 974 71 163 291 620 468 230 903 114 277 55 626 17 749 904 791 836 207 320 381 268 850 933 970 529 567 615 843 75 559 459 14 935 113 638 153 336 189 966 380 66 597 461 28 186 612 970 830 888 1 930 335 749 204 765 632 480 955 158 20 627 375 248 791 199 385 36 733 42 789 287 467 839 226 796 689 11 814 675 985 973 756 284 566 207 832 209 963 871 956 561 169 68 861 796 886 993 26 555 32 929 292 217 331 770 264 515 525 543 111 796 725 80 904 710 1000 100 421 528 621 17 377 365 382 465 633 678 492 51 173 174 794 740 471 179 550 715 182 372 410 199 447 947 348 695 882 566 844 840 227 92 112 877 941 79 994 475 816 515 303 981 263 336 311 595 663 915 225 278 996 467 36 130 742 867 472 876 403 334 136 547 206 735 552 293 972 323 306 887 989 309 734 89 120 282 237 73 365 253 146 120 907 688 904 662 481 154 251 355 545 749 940 593 307 992 226 846 259 657 368 161 66 657 931 980 772 951 942 555 47 601 75 47 728 982 343 30 291 738 558 406 114 374 923 597 67 86 796 511 26 324 766 372 94 784 355 384 262 745 160 260 755 186 13 425 478 573 699 801 141 257 640 307 843 53 894 389 653 604 94 499
238
853 298 24 801 62 41 729 869 945 690 261 942 711 404 803 537 203 797 451 516 232 283 902 998 118 688 335 257 399 93 265 630 814 894 147 403 238 752 781 288 590 477 362 656 517 258 326 604 637 288 198 491 399 670 87 936 407 47 985 969 479 580 391 545 263 258 557 179 123 366 462 763 398 607 551 936 388 416 834 202 911 665 619 475 782 508 298 172 991 955 907 676 521 135 556 871 963 596 950 189 749 998 932 109 387 478 136 793 34 481 760 5 471 484 635 808 103 718 457 951 641 126 535 775 937 172 961 219 136 276 69 80 393 506 50 840 664 455 12 852 102 367 122 965 563 635 557 688 84 695 587 230 647 391 859 963 926 441 50 898 218 233 824 694 231 59 2 966 177 383 24 985 687 290 129 967 952 685 632 896 809 375 244 554 225 793 421 619 757 581 284 660 647 395 218 903 451 191 474 9 901 48 416 481 725 571 901 388 486 23 951 528 569 324 354 155 539 313 663 72 756 895 140 25 603 818 23 300 388 725 3 462 778 339 543 638 386 252
751
48 855 89 352 269 82 274 580 115 446 223 169 583 27 322 347 230 208 767 822 679 625 779 785 498 658 774 184 891 636 1000 222 920 319 621 844 305 321 17 38 825 696 192 75 97 298 656 551 848 19 850 988 238 967 485 493 965 379 670 687 207 730 353 235 803 142 619 996 123 334 258 250 528 914 179 564 262 939 823 938 525 119 763 434 103 292 197 56 198 547 812 338 679 523 705 236 757 652 597 760 849 963 910 564 582 564 317 606 193 279 732 118 742 322 317 778 453 123 309 425 84 32 381 639 389 648 21 917 745 165 976 961 534 537 904 662 735 61 197 921 585 941 981 62 86 222 147 172 99 748 795 149 756 581 791 655 383 958 466 590 430 586 148 819 55 636 453 585 593 230 597 715 489 770 919 748 903 915 495 23 303 636 496 705 687 372 89 644 820 829 85 360 367 621 773 46 635 242 619 191 692 732 354 228 55 376 502 652 187 372 604 721 236 380 217 725 126 743 322 667 704 99 983 944 476 453 324 338 449 33 370 500 994 827 476 516 416 938 596 90 733 26 902 656 832 40 594 237 898 992 148 38 293 635 213 148 148 397 142 890 976 361 800 820 530 958 152 126 995 59 606 5 444 858 591 256 634 324 500 12 347 844 249 35 76 342 2 192 454 701 708 878 677 881 593 400 311 728 355 717 162 581 531 691 702 535 357 806 696 861 106 942 268 95 811 82 158 825 336 179 688 533 458 165 808 570 593 193 195 741 161 584 718 890 454 471 705 340 583 252 621 709 260 823 262 21 765 541 369 34 966 689 367 993 808 255 914 978 392 749 628 335 112 149 330 830 385 316 258 880 340 504 483 162 539 604 884 752 389 795 95 491 699 812 960 240 615 207 935 839 248 868 10 741 989 330 60 960 57 944 375 664 406 920 24 904 683 277 813 170 242 986 701 649 725 887 643 863 575 686 547 740 591 428 474 856 401 399 913 145 704 421 184 21 174 639 793 10 199 108 412 207 408 432 29 912 473 202 876 84 897 185 735 549 40 722 210 935 777 443 434 472 454 676 329 618 576 677 117 245 862 825 789 399 312 362 418 427 693 764 23 880 589 443 870 928 693 407 467 626 790 415 341 165 858 206 572 547 519 687 853 720 565 340 284 214 165 379 790 787 120 613 683 774 898 767 942 346 914 717 573 204 288 193 64 440 525 373 572 273 142 565 166 96 3 967 45 198 168 968 79 207 40 582 974 758 590 231 710 905 333 283 983 532 772 931 294 666 925 404 373 558 293 519 604 980 634 891 589 991 772 105 184 755 968 846 18 568 923 169 481 278 742 969 514 382 342 664 354 724 159 526 422 958 309 91 884 630 132 827 811 242 267 181 855 707 349 852 805 325 668 453 751 760 389 914 782 109 939 696 721 789 455 809 486 596 909 945 233 565 256 968 449 7 550 622 500 149 325 962 284 224 245 57 835 484 319 363 215 743 279 199 521 885 313 252 13 148 383 961 698 224 115 63 352 703 937 305 681 520 217 238 16 566 117 14 775 611 97 839 408 865 520 548 133 974 832 854 201 3 869 616 831 311 200 213 929 219 598 374 690 277 935 341 309 688 281 636 567 690 221 732 963 834 719 543 462 927 871 470 492 26 63 917 199 827 64 145 602 494 516 893 618 319 243 192 322 744 630 618 396 835 230 745 388 599 365 743 501 39 984
37
963 731 572 799 84 143 172 827 909 465 930 550 618 236 972 543 117 32 642 935 443 336 123 826 17 141 557 57 538 601 496 236 234 363 556 267 579
490
635 630 600 484 877 783 464 976 476 144 494 969 783 965 527 820 450 972 8 355 250 161 367 267 931 900 898 950 175 227 131 901 43 627 167 5 338 830 791 695 627 569 792 121 248 828 269 596 809 897 900 505 560 676 400 796 129 177 852 740 764 585 311 453 293 263 830 986 616 145 736 903 671 517 321 547 143 665 469 803 294 721 679 637 319 777 157 423 211 913 826 183 988 430 476 160 429 612 385 238 133 65 559 401 756 923 463 700 420 824 578 449 950 367 405 733 558 970 108 634 163 615 510 707 860 263 260 514 74 372 52 499 914 949 788 756 121 968 971 94 299 888 233 493 497 533 387 947 176 203 520 257 234 682 905 750 220 82 632 458 4 399 852 198 423 805 484 822 184 833 444 415 837 341 251 870 407 400 62 404 64 374 383 532 733 472 503 227 115 445 309 77 745 960 961 196 849 399 524 979 861 959 765 319 59 549 239 557 650 644 126 172 540 137 238 141 518 154 863 42 508 384 252 998 567 239 433 807 821 530 251 430 210 358 298 621 84 71 364 962 338 950 294 944 563 600 205 337 752 538 984 409 441 11 389 96 979 568 627 269 22 537 614 255 973 830 695 194 711 535 180 466 637 24 988 267 737 922 948 890 825 427 583 68 605 618 445 701 125 815 542 845 870 348 540 860 185 769 553 584 44 569 449 401 605 733 392 442 699 645 847 102 35 220 715 483 752 659 326 47 103 200 898 69 209 728 962 467 74 116 676 266 458 830 422 353 722 606 68 424 937 342 690 699 369 180 891 738 891 142 710 258 558 1 73 804 619 224 28 829 540 902 836 886 553 717 882 657 561 656 117 390 119 956 579 480 997 963 823 464 204 424 245 733 312 238 653 245 328 10 175 860 33 832 267 524 816 257 159 858 800 1000 59 239 659 654 224 976 674 824 146 288 466 66 323 544 468 754 149 349 439 725 701 853 318 328 507 461 455 684 129 428 150 992 917 843 180 605 534 542 7 740 115 560 810 122 1 338 229 42 701 237 5 750 837 909 191 235 359 163 774 755 899 106 452 261 822 631 759 936 492 720 558 673 166 434 280 716 972 659 284 151 225 173 30 508 760 936 690 122
432
397 202 600 688 347 801 665 461 894 300 573 383 181 470 921 781 656 530 755 39 516 871 179 695 513 190 498 679 250 196 264 313 569 3 630 900 432 523 851 849 215 432 812 436 337 810 300 805 908 975 714 887 686 197 216 398 183 498 806 112 507 860 867 14 43 704 842 395 905 156 172 689 710 740 213 517 29 645 12 846 896 731 867 735 966 434 20 184 367 41 159 508 652 72 964 740 762 958 216 265 366 40 850 595 127 309 434 48 855 410 759 345 864 450 122 267 723 114 157 367 351 29 751 915 971 253 362 416 274 162 754 291 556 677 675 50 226 689 620 299 46 286 718 700 492 89 828 44 489 937 540 463 111 352 946 429 163 364 969 582 405 550 49 239 385 596 486 836 207 267 30 78 225 484 956 180 116 685 535 496 884 966 589 205 517 884 383 865 272 467 693 280 86 215 173 186 505 491 499 863 162 514 284 470 503 625 681 538 916 566 283 949 526 923 859 586 257 13 265 778 443 822 864 792 216 409 289 786 2 899 517 809 949 912 255 748 32 72 502 740 439 900 210 173 344 305 313 448 452 412 632 596 658 27 157 89 912 672 649 877 584 54 618 828 886 178 351 324 43 409 549 292 633 879 239 73 620 905 453 393 361 547 170 219 790 549 379 435 143 495 416 962 79 692 517 17 715 194 80 285 616 401 352 263 909 931 447 592 419 700 795 830 550 230 835 935 485 310 28 298 179 15 521 381 111 553 242 572 813 672 957 73 34 213 84 194 48 600 794 30 564 370 552 369 495 172 402 344 88 959 444 385 681 961 131 710 748 858 251 176 91 857 243 653 298 281 361 808 179 597 169 791 778 899 167 539 993 708 420 855 266 990 900 98 770 862 990 269 431 16 638 730 584 493 633 879 487 569 18 224 249 934 44 877 972 58 820 764 337 996 720 611 756 986 231 731 132 254 7 31 652 813 83 930 607 43 457 490 201 242 538 845
846
786 903 749 256 773 424 268 460 3 712 245 801 51 235 254 457 373 448 348 940 173 893 529 412 394 549 454 644 155 588 635 497 144 518 352 236 636 38 629 935 425 850 798 427 202 353 917 718 600 890 725 32 898 937 78 464 419 277 496 230 534 61 936 168 838 203 642 15 286 265 174 495 625 40 462 719 254 529 193 214 482 706 579 206 877 285 582 78 451 595 676 405 443 543 413 21 102 250 184 111 106 411 600 123 29 705 890 706 253 943 44 322 777 595 329 573 444 915 14 53 606 975 351 887 318 204 100 212 428 806 456 902 661 867 759 631 725 694 889 174 758 238 130 386 640 526 737 25 524 758 490 641 394 673 494 158 64 682 79 470 68 961 106 840 943 301 508 352 721 617 566 798 199 524 524 983 109 526 608 292 338 515 19 175 189 576 208 779 713 292 810 552 849 866 463 489 433 251 343 974 47 218 580 990 875 66 208 263 814 563 151 605 571 522 631 877 398 717 25 306 415 883 331 114 889 720 894 127 925 186 277 545 610 30 820 316 368 993 973 584 272 475 226 395 451 430 453 793 806 106 504 479 288 177 527 928 398 222 507 513 492 748 575 515 834 427 500 727 135 229 757 101 801 413 333 998 940 908 403 90 525 395 962 860 803 171 346 585 146 364 361 521 420 671 622 533 376 842 759 512 727 147 1 438 116 216 972 737 95 509 52 125 356 77 657 30 657 690 503 118 806 69 694 994 591 212 976 897 440 916 580 260 632 456 11 372 241 799 658 241 349 691 249 652 921 487 616 794 622 335 276 543 978 332 716 576 201 415 176 663 836 720 889 382 757 590 485 336 813 822 440 951 535 114 68 87 128 658 245 804 209 745 35 306 894 405 286 512 45 713 614 367 641 208 621 557 602 930 532 103 508 877 348 558 396 834 174 779 538 992 826 82 763 954 871 706 958 878 657 183 178 856 965 109 944 165 486 611 342 267 776 530 454 86 167 898 126 611 639 565 897 960 960 773 697 468 460 859 758 273 54 352 579 63 598 670 943 28 567 944 508 224 991 417 771 460 38 101 784 289 870 982 373 264 670 3 851 328 623 764 672 518 576 149 737 382 739 169 310 87 426 973 808 578 321 739 712 399 355 577 394 469 445 727 964 279 206 637 52 722 1 163 437 712 572 580 707 301 195 412 962 294 117 105 151 820 770 865 184 423 519 772 225 824 539 856 609 427 407 39 165 102 645 882 829 42 759 711 485 184 194 379 158 535 502 126 547 461 724 74 149 866 642 6 143 506 799 388 440 198 810 688 602 602 228 638 874 201 887 801 191 162 100 513 668 930 697 701 113 901 756 672 420 88 342 271 362 73 288 473 625 639 973 532 477 685 662 172 911 156 18 986 589 238 931 98 236 193 51 138 782 344 467 187 875 442 394 650 920 67 967 549 423 185 941 664 847 657 966 753 572 625 720 704 799 402 673 750 233 316 965 906 309 179 848 147 785 115 713 592 239 583 972 206 803 58 724 995 43 748 749 380 537 229 272 149 582 258 989 339 670 14 211 878 831 572 218 9 405 221 405 120 929 168 497 696 735 605 251 996 387 893 492 335 189 782 961 68 701 421 617 204 379 682 52 304 441 100 765 31 553 15 894 223 183 251 826 626 324 443 300 206 224 715 646 191 324 910 610 205 952 84 324 165 976 678 989 129 41 498 209 734 567 926 915 213 854 416 53 663 220 375 38 800 951 197 994 147 690 572 157 265 268 499 491 219 915 304 628 11 740 63 394 855 95 469 485 388 502 210 436 992 991 839 718 382 954 996 349 382 111 847 883 702 594 317 991 248 583 472 99 54 55 616 197 696 231 854 520 149 499 141 7 688 595 617 467 232 938 50 285 13 898 425 676 809 34 910 729 2 973 787 444 369 723 318
934
956 900 375 606 828 853 183 75 640 205 168 684 874 32 445 818 695 343 845 427 652 786 630 801 112 392 790 497 685 131 54 567 204 495 24 135 136 349 964 279 714 318 1 575 498 996 309 622 111 4 711 190 838 870 201 509 250 167 342 820 517 479 982 890 192 77 779 890 649 108 882 71 709 970 710 621 369 695 861 281 488 438 852 328 310 848 898 369 271 165 262 326 957 255 302 57 70 238 204 258 943 778 876 725 552 426 423 750 929 776 931 726 273 340 273 444 179 355 990 584 946 869 832 919 70 86 295 21 320 567 952 154 895 868 808 926 844 274 825 998 83 170 560 374 791 124 325 834 63 811 591 765 218 923 676 762 313 737 602 773 738 255 704 178 807 384 403 413 841 213 54 727 547 143 976 653 729 126 522 343 401 86 559 188 108 181 805 670 255 769 59 128 68 573 582 129 348 262 722 630 795 950 946 263 930 950 556 903 169 932 590 629 504 284 864 837 771 975 534 527 96 622 388 613 905 661 80 179 971 467 569 92 415 492 805 504 768 541 680 522 562 453 680 312 628 777 375 118 137 51 33 125 563 700 938 240 612 847 416 221 172 207 367 269 304 827 240 544 435 896 912 151 371 433 778 550 310 576 695 235 135 547 750 43 324 460 3 201 262 283 738 969 204 980 539 331 355 487 195 959 2 510 298 448 168 476 241 717 932 65 515 295 552 59 156 135 310 268 326 299 74 316 895 15 261 211 332 157 531 798 905 922 690 333 952 280 98 677 97 715 703 991 388 989 437 48 405 828 227 847 824 584 192 812 196 278 63 361 879 345 680 897 351 940 189 331 282 830 168 335 454 30 248 55 552 409 172 574 135 8 906 91 457 87 273 468 534 101 949 739 630 672 287 500 407 184 887 763 148 850 731 867 561 649 274 6 502 638 14 464 922 520 883 467 246 465 415 771 276 666 892 767 708 958 653 956 328 729 667 95 615 953 924 955 177 421 230 133 908 438 736 199 226 738 617 382 568 742 327 20 455 398 734 339 61 858 568 782 643 855 532 586 298 591 590 933 984 571 435 870 384 538 791 885 47 986 101 880 429 271 466 556 923 227 121 892 904 25 778 346 504 999 128 520 732 366 978 642 290 521 707 4 949 873 846 777 504 421 593 317 832 137 163 289 699 800 601 314 599 477 325 877 368 861 940 520 852 123 833 258 633 370 31 428 708 46 968 1000 814 501 491 71 316 461 716 740 142 571 926 803 803 928 988 765 191 287 435 840 184 661 427 475 690 970 747 702 916 922 597 516 863 853 429 826 583 389 711 607 80 499 962 440 211 820 725 138 46 753 93 228 932 368 260 901 536 558 805 468 704 922 315 37 472 902 559 873 571 5 622 683 445 516 955 323 895 380 725 139 302 909 465 285 341 236 451 868 135 733 888 490 330 512 806 395 811 94 429 882 329 383 412 965 412 266 884 63 420 980 642 517 294 865 249 951 417 469 488 751 244 194 635 119 82 876 273 974 403 672 661 583 275 789 149 652 83 943 100 846 350 955 755 190 995 575 104 275 960 239 770 488 983 167 54 300 40 656 929 528 179 698 196 176 98 635 471 684 136 195 990 740 916 487 161 638 321 836 143 167 80 23 397 575 424 716 170 344 51 334 727 926 569 887 271 109 884 387 236 938 327 741 609 874 726 409 435 328 685 637 95 314 225 246 768 551 750 798 391 323 70 468 239 467 129 54 979 642 170 251 621 395 234 733 381 205 584 716 767 209 604 546 387 246 994 562 570 407 482 697 469 397 5 583 830 126 922 817 557 179 349 823 744 5 498 436 894 199 804 8 927 527 616 328 677 493 552 990 10 326 981 410 87 823 536 757 401 240 357 37 395 10 522 223 719 337 102 5 204 329 174 578 528 987 862 69 591 855 867 537 818 972 200 441 917 389 229 921 838 93 823 956 203 440 449 623 806 398 652 854 550 837 130 631 262 971 177 435 710 697 579 427 842 272 295 493 310 77 175 955 734 835 214 149 904 196 80 620 805 602 663 360 832 758 757 850 448 224 38 881 277 92 683 291 573 483 412 224 300 981 862 162 51 550 430 680 991 639 99 82 435 97 827 619 213 709
804
840 324 293 977 548 994 960 852 453 404 781 668 631 133 560 10 71 639 380 110 379 14 457 781 565 893 453 287 187 742 10 780 566 319 618 707 149 725 288 690 966 424 42 136 591 92 232 692 737 12 948 206 509 375 277 974 873 679 321 14 502 484 559 453 624 483 57 597 325 997 635 534 873 108 281 566 645 451 846 720 150 866 431 909 398 139 276 815 259 58 605 452 790 854 354 822 744 659 732 442 165 562 28 930 795 660 599 315 41 589 122 435 803 122 880 440 412 252 183 150 53 498 555 164 52 345 914 666 13 884 566 234 989 702 292 839 567 101 647 760 20 34 817 1000 777 62 6 800 484 2 981 449 576 549 756 618 965 59 413 131 500 299 588 587 599 142 784 984 858 483 511 682 512 12 133 569 939 147 738 415 359 904 595 792 744 230 440 581 491 378 472 43 717 354 367 291 549 579 270 321 72 544 687 559 398 570 711 222 892 692 695 102 920 635 151 26 992 105 52 886 755 891 3 658 441 354 921 303 956 680 243 386 336 498 426 898 18 736 840 713 121 155 488 108 436 95 354 446 961 322 107 18 117 410 84 939 904 20 641 85 252 186 185 910 991 462 8 515 444 671 422 626 311 160 391 53 207 809 351 799 525 913 567 816 126 293 520 168 192 580 798 866 439 226 250 732 825 406 166 447 178 683 749 905 753 946 954 976 961 117 665 371 177 100 399 452 417 421 172 125 938 904 616 76 434 679 33 141 408 202 485 775 144 522 899 511 377 539 241 115 750 303 180 898 743 323 552 632 308 898 28 649 661 519 703 474 664 641 230 213 693 893 646 344 536 478 478 230 614 901 501 554 138 28 693 484 374 53 804 129 182 433 74 238 587 629 145 788 681 732 417 503 255 222 200 358 218 261 136 16 519 278 763 493 889 813 894 612 596 407 633 587 328 186 576 131 415 268 688 719 787 195 473 607 322 167 334 672 585 837 331 512 394 917 622 948 322 813 272 96 485 277 132 787 861 335 769 229 977 129 922 247 446 683 774 717 264 883 289 912 491 338 649 202 445 86 160 346 926 320 210 756 262 47 701 420 763 704 379 190 738 118 121 19 220 747 794 754 511 105 409 182 519 982 901 220 28 504 779 631 290 13 801 532 577 753 201 248 212 461 836 39 532 27 473 328 717 957 752 734 609 140 912 347 950 756 279 406 913 796 499 347 236 730 922 67 37 928 613 730 149 485 806 273 87 920 48 225 803 219 447 777 681 200 139 746 241 818 255 241 704 85 426 76 314 430 237 154 981 163 295 267 503 418 146 453 849 917 117 54 285 384 847 217 934 940 407 141 578 483 952 167 55 902 171 100 499 451 781 126 195 918 459 484 834 324 654 473 884 629 617 411 523 494 374 832 474 896 29 673 894 800 835 146 496 897 966 727 78 469 756 10 411 953 130 587 720 164 83 525 340 352 522 432 214 495 793 51 808 991 576 370 734 629 168 201 301 133 577 716 68 250 146 900 987 770 886 765 941 317 681 187 377 178 305 462 628 347 670 89 196 436 276 415 347 406 20 972 308 108 748 400 60 458 886 513 500 796 394 360 52 353 11 674 763 461 282 691 648 484 489 781 536 710 742 345 765 994 155 948 59 769 411 671 392 95 720 23 782 509 773 574 467 843 360 75 391 903 75 274 210 881 814 274 807 7 428 243 222 835 658 606 137 756 760 70 533 291 530 98 982 368 684 246 871 885 340 617 88 35 566 123 518 811 659 866 219 220 407 985 398 440 915 700 16 328 787 901 75 82 682 402 267 396 85 485 123 591 676 419 605 275 255 444
56
434 583 78 94 389 639 59 633 941 261 40 50 839 474 94 690 865 760 950 805 509 793 240 83 136 87 637 892 600 492 228 223 277 615 457 552 414 408 83 860 675 308 91 745 422 753 941 765 571 331 147 717 46 66 652 711
584
739 377 195 479 279 260 644 998 329 397 829 700 179 421 520 44 441 725 578 403 910 592 425 17 684 925 258 444 438 569 282 657 100 571 925 5 238 861 284 356 243 459 468 909 843 853 386 93 138 636 711 744 566 173 42 551 203 117 170 674 151 120 83 197 480 722 309 450 883 433 82 296 191 233 660 190 591 129 574 337 695 632 226 961 720 694 64 444 846 402 252 308 352 752 20 772 935 711 270 917 99 994 821 245 524 826 673 390 155 278 503 561 948 222 436 687 979 602 152 223 284 367 817 929 409 835 421 356 352 221 124 87 366 16 635 470 836 542 675 745 521 778 808 868 882 556 987 254 92 674 763 60 376 271 846 950 783 852 873 944 634 308 873 967 990 376 903 885 322 732 977 87 497 80 203 332 665 725 944 380 266 111 809 854 139 367 983 980 708 62 408 159 325 894 113 411 107 766 427 510 90 573 523 513 522 870 763 563 867 948 37 214 840 864 947 257 542 976 612 290 553 771 52 546 143 415 486 56 589 139 790 58 960 738 945 677 472 599 208 204 117 397 118 54 299 406 597 914 910 247 609 38 659 321 133 397 97 906 202 488 739 533 247 981 322 474 316 66 32 47 556 614 380 668 678 998 503 253 843 797 882 41 938 150 782 489 157 414 398 850 385 441 181 539 741 915 288 819 831 347 328 411 991 509 939 897 784 176 85 486 998 374 649 974 670 4 463 489 461 388 758 242 726 958 204 67 39 839 543 861 713 809 867 390 516 171 88 943 614 839 250 473 105 43 504 818 739 277 421 959 255 390 699 405 21 99 906 804 458 89 254 492 435 412 341 206 259 142 280 386 392 217 931 749 562 552 838 397 632 835 713 716 160 265 974 684 924 292 709 910 984 945 801 939 308 108 210 534 164 170 901 668 949 350 646 189 755 661 91 360 557 452 365 815 473 648 968 224 845 618 549 785 35 650 362 352 55 909 69 485 522 456 714 97 531 262 865 402 260 626 329 514 70 601 538 154 627 673 951 129 26 590 295 353 963 123 565 94 969 293 201 914 834 262 516 260 880 667 71 623 216 264 469 39 768 293 927 586 302 949 529 5 976 219 436 177 355 476 209 399 533 97 906 505 646 921 462 533 835 464 581 525 4 480 335 15 39 775 593 373 374 199 701 99 435 365 207 757 31 307 60 188 860 300 925 471 142 399 255 518 339 12 605 416 965 597 18 512 875 378 372 483 311 746 78 437 636 376 734 974 754 655 620 468 502 669 734 714 378 876 832 971 557 815 121 715 22 829 889 534 429 839 120 967 496 182 90 583 480 444 114 575 531 186
588
985 875 922 909 60 72 76 243 917 487 642 276 417 21 946 735 712 530 311 563 358 170 534 567 827 328 222 172 729 398 325 717 674 662 433 229 129 42 139 5 829 380 557 233 208 432 146 92 748 245 798 255 560 466 430 413 80 325 286 204 595 289 702 795 129 837 343 55 664 802 444 525 948 198 777 993 56 476 848 18 40 19 362 432 79 269 726 292 159 996 216 478 818 236 56 764 511 701 311 201 618 607 245 989 849 527 742 206 797 932 565 317 464 502 83 400 791 279 406 47 627 717 232 55 776 369 313 133 675 44 364 783 81 400 635 104 815 346 539 261 232 751 718 348 747 847 984 421 845 623 184 335 144 875 232 810 334 613 825 307 753 965 485 272 261 970 126 890 265 348 868 472 529 289 323 927 502 822 68 960 803 507 622 682 199 632 768 982 966 439 984 198 178 699 767 22 822 644 803 681 379 601 344 339 46 685 766 561 583 581 273 219 842 340 48 274 180 460 893 772 818 417 207 6 480 239 249 732 313 997 125 553 638 647 114 533 740 234 932 525 569 687 573 72 345 676 976 283 785 494 857 213 900 362 86 833 763 891 888 598 721 846 616 613 185 306 424 279 901 675 788 937 629 761 666 713 184 361 167 129 670 594 351 791 605 987 254 44 541 648 665 276 293 732 615 235 611 30 841 844 117 617 201 329 88 497 319 877 629 971 364 310 903 76 936 581 766 401 595 772 667 199 42 131 63 470 305 554 807 19 533 71 729 838 271 13 9 119 755 801 631 981 924 647 117 830 501 848 965 727 826 886 751 10 207 107 685 903 288 267 668 204 547 257 103 620 343 69 877 459 495 852 904 357 564 905 575 886 781 703 224 231 609 564 992 196 544 895 28 270 967 137 650 286 211 41 931 393 791 188 25 651 699 903 142 382 768 44 241 774 87 686 129 493 777 533 645 565 653 546 765 212 462 884 176 392 521 471 697 399 501 937 723 964 632 710 1 151 325 476 132 44 328 697 135 304 617 333 883 380 229 65 735 984 747 102 83 887 4 548 444 509 197 260 92 131 257 550 973 236 303 659 725 401 895 117 416 134 561 504 879 329 180 41 773 587 148 288 581 303 440 763 261 569 696 877 281 685 173 767 536 436 986 948 48 505 7 254 165 830 305 176 161 67 229 939 133 278 243 182 33 418 101 481 928 21 373 339 692 517 926 877 272 188 850 816 629 535 871 642 594 686 55 804 560 857 964 310 30 357 704 298 798 32 901 417 754 452 704 894 477 11 388 956 951 441 473 301 378 196 238 364 624 723 904 230 632 349 938 618 432 590 585 952 267 37 86 75
363
398 250 201 340 784 689 558 903 261 795 614 75 165 166 63 763 278 214 474 308 786 182 776 230 961 318 846 73 467 61 558 534 996 192 861 142 80 935 876 977 731 514 845 558 602 591 285 116 910 339 61 204 585 284 51 764 15 725 118 637 951 266 424 523 928 488 640 850 986 971 172 228 884 224 596 50 623 997 208 281 615 693 493 715 748 106 130 617 899 913 918 949 623 20 112 225 149 332 274 100 25 731 631 959 257 177 241 427 253 440 48 96 34 806 937 409 920 335 6 809 221 455 71 227 488 548 841 704 870 294 505 840 494 576 713 641 492 714 654 5 625 344 337 739 736 91 679 384 856 424 39 792 711 855 518 422 775 839 830 870 791 833 215 663 142 597 736 628 40 202 423 68 521 413 472 576 808 372 827 116 4 190 849 967 800 637 635 268 280 430 9 657 255 322 120 418 573 152 473 271 647 395 66 38 619 613 726 864 160 814 659 812 691 936 732 641 692 782 884 792 835 556 325 469 735 839 119 751 666 883 434 545 892 722 97 301 366 317 339 187 614 480 44 163 10 310 457 814 142 104 575 867 142 398 433 279 210 266 157 740 949 786 202 73 505 703 689 867 966 18 105 386 780 214 350 861 22 364 688 651 313 864 937 485 287 434 673 971 20 911 67 440 838 339 705 14 785 858 722 461 675 764 539 204 220 45 818 615 536 725 228 243 635 938 162 853 336 67 426 859 444 872 790 215 451 99 287 569 308 537 607 70 607 109 48 476 123 449 587 113 382 816 791 911 267 768 427 450 584 764 796 352 155 487 995 901 483 478 324 708 990 635 180
557
108 294 925 215 463 961 456 360 457 493 943 993 401 186 549 228 311 257 514 207 43 234 32 443 385 346 19 298 308 736 850 177 683 386 893 571 853 660 757 815 626 786 680 239 643 121 916 236 893 470 499 15 591 4 848 113 535 259 435 117 46 128 868 799 473 271 221 991 241 879 672 310 815 973 647 732 931 728 885 615 572 522 678 772 608 876 729 850 653 382 665 849 377 343 219 521 970 890 995 222 368 105 566 941 881 263 124 185 240 887 362 796 349 24 829 633 126 737 480 673 557 174 3 411 45 417 544 335 189 614 640 934 737 297 399 349 69 636 784 258 547 444 214 856 651 687 671 956 833 963 856 391 574 259 150 531 849 474 266 591 422 883 395 627 989 540 217 448 858 912 802 646 935 621 934 365 336 397 332 258 650 576 216 446 253 575 232 302 651 537 656 993 692 333 831 311 184 407 277 275 957 381 494 663 650 369 861 60 199 986 687 286 477 434 900 733 938 592 644 720 449 406 797 844 945 263 570 762 686 985 216 35 704 520 935 336 537 782 77 237 981 399 325 955 772 697 586 522 158 6 242 873 709 421 532 411 682 796 632 381 31 759 503 353 924 852 169 892 772 656 432 239 886 718 577 577 200 742 176 626 686 786 639 23 463 816 569 277 277 928 41 714 655 140 94 9 492 200 949 428 2 301 359 479 962 822 208 214 373 223 350 469 244 660 854 310 225 702 221 396 57 935 565 72 755 314 799 307 989 994 195 54 903 907 901 221 219 212 516 225 595 756 494 130 882 735 138 337 854 877 191 725 926 461 89 713 353 360 100 342 63 200 871 228 947 967 596 312 806 862 143 517 675 603 362 459 438 634 60 219 823 989 900 744 802 688 757 1 277 949 777 884 276 73 530 477 260 217 504 662 616 872 598 119 580 525 122 891 395 410 568 792 63 155 571 133 178 883 294 821 28 108 909 119 188 364 278 90 149 280 178 306 422 767 816 509 591 294 960 4 597 463 71 286 865 538 206 821 791 922 122 661 958 86 153 350 647 571 506 292 6 963 218 465 741 387 438 225 685 406 792 546 268 152 376 166 357 489 764 707 83 560 241 929 519 129 711 365 616 31 459 250 269 134 65 351 303 561 911 300 32 151 483 660 196 254 105 179 772 356 67 387 314 590 414 868 310 743 134 146 220 470 680 92 940 745 766 962 983 349 106 714 172 440 191 101 534 49 389 25 404 213 349 536 293 850 617 73 498 437 777 286 494 291 319 566 234
416
407 640 752 94 806 57 993 245 169 472 168 317 15 120 407 583 895 267 707 423 730 304 202 790 896 936 234 727 484 169 897 997 260 234 16 458 927 670 640 587 345 538 539 502 468 514 334 434 946 315 27 75 123 103 29 381 99 455 569 829 244 478 905 67 808 140 388 840 636 382 849 436 290 613 293 681 894 461 726 897 55 620 445 413 547 516 636 227 160 48 21 182 687 647 418 180 816 370 589 370 669 889 832 307 880 550 79 864 192 743 522 693 372 565 476 855 646 942 66 214 197 786 717 872 374 686 90 623 897 923 189 78 862 680 918 751 81 602 250 419 760 32 485 363 895 322 795 506 918 979 198 982 887 358 429 491 329 692 174 960 163 632 20 463 755 770 446 38 944 780 777 10 339 797 80 890 378 568 723 292 802 206 346 235 424 514 455 116 760 392 746 892 149 931 806 38 88 142 90 583 510 821 921 178 759 704 980 701 58 647 885 509 673 613 619 859 357 702 299 11 196 785 128 16 189 560 728 300 850 991 375 118 191 73 824 698 755 197 886 756 682 508 457 769 776 31 12 545 433 226 524 923 746 194 226 357 380 104 967 817 5 370 362 828 87 277 350 664 894 75 779 53 765 393 12 940 892 165 29 777 168 860 306 759 742 955 564 455 778 801 358 865 187 964 33 308 786 204 477 818 869 433 716 841 557 27 828 799 962 167 469 827 784 384 231 271 977 219 387 208 519 259 74 828 365 88 315 512 882 811 133 292 815 141 627 293 838 645 323 545 317 843 445 958 489 83 643 502 615 819 228 734 473 570 796 566 118 775 792 356 177 399 3 875 92 397 615 723 910 573 583 62 544 913 940 128 195 907 896 487 538 813 307 798 764 562 782 63 769 653 616 438 101 186 224 987 306 83 275 254 542 787 194 905 952 199 615 784 672 936 912 788 812 301 481 87
240
745 556 274 622 658 432 351 476 869 989 935 818 153 965 229 955 377 145 664 894 797 935 593 538 126 678 837 480 940 759 119 812 990 320 58 18 382 30 330 765 956 432 142 69 160 392 269 284 539 902 320 980 12 313 148 374 167 479 575 863 491 677 750 832 235 724 842 390 170 934 825 146 699 502 277 876 363 965 385 763 143 458 747 228 203 316 793 865 982 801 988 592 799 670 562 699 900 682 53 820 836 592 829 391 19 768 401 807 975 451 925 874 578 408 760 61 229 665 315 678 24 180 549 309 286 314 954 934 27 818 979 744 505 600 647 550 828 353 282 860 257 460 927 354 220 864 732 965 529 588 924 653 702 333 77 372 73 117 773 139 929 223 128 875 36 213 639 384 683 101 379 324 194 316 217 845 66 440 354 732 931 7 51 742 153 955 156 993 321 684 571 382 450 290 132 842 701 448 559 1000 320 850 901 237 853 115 349 762 643 840 544 712 124 789 319 478 669 158 70 696 126 914 1000 268 950 290 232 269 607 406 529 40 812 693 452 595 927 121 790 195
450
945 9 833 832 812 454 851 196 325 221 589 720 567 490 491 588 611 914 489 230 192 634 955 298 46 481 283 207 213 275 478 423 382 711 586 871 815 269 113 347 834 220 439 103 239 754 604 803 813 308 76 616 240 931 748 789 199 202 393 406 56 478 942 926 452 200 648 850 841 931 156 104 209 335 482 277 107 15 743 85 263 551 667 634 476 268 494 671 678 204 279 389 330 378 647 963 331 409 765 904 726 680 893 375 365 755 120 633 497 132 29 656 574 160 287 715 59 804 618 271 481 993 937 497 593 579 810 222 608 18 651 845 386 23 895 764 477 422 836 44 137 220 822 584 345 899 894 400 38 894 172 909 196 792 240 447 907 283 48 928 885 928 537 619 958 366 610 166 469 505 79 695 679 308 430 794 141 244 952 895 214 596 49 279 789 237 180 884 456 994 46 178 796 329 322 83 952 54 707 116 531 723 18 914 756 458 436 87 75 201 954 767 797 443 676 670 110 773 612 120 578 91 392 865 215 38 666 230 487 481 768 464 934 414 51 778 506 679 241 653 759 400 501 737 269 273 743 805 308 296 396 185 995 781 392 930 399 378 216 504 840 794 656 727 514 611 637 725 822 803 228 234 307 343 258 201 52 569 129 314 600 161 216 534 756 641 702 42 518 468 983 301 977 268 91 709 835 977 655 864 142 751 500 125 565 923 275 884 867 232 300 702 264 761 288 680 696 272 558 970 823 545 441 50 839 426 65 354 56 215 857 386 620 342 891 145 459 185 39 41 218 534 144 697 891 109 601 665 835 379 893 201 755 382 818 745 768 994 849 976 622 269 275 909 420 914 721 222 807 663 102 984 648 266 741 402 665 539 411 787 591 962 866 768 26 127 741 384 279 111 263 481 268 368 752 836 385 754 631 454 973 390 414 641 787 20 200 932 725 930 52 304 627 356 987 809 586 800 46 349 807 955 659 774 332 691 850 313 56 656 465 884 815 44 212 522 476 422 346 350 16 847 957 608 610 499 725 917 446 35
165
455 137 547 784 534 919 313 426 131 550 493 791 977 324 457 640 199 13 353 567 87 207 342 82 885 386 533 406 274 988 269 304 995 590 414 685 982 868 273 453 331 269 290 384 223 459 541 120 555 623 743 393 331 30 595 248 951 443 330 805 153 539 89 825 685 418 352 959 978 503 265 205 432 651 977 352 76 888 884 756 83 857 827 96 399 626 965 410 357 962 97 449 288 731 979 684 335 831 514 776 605 621 332 318 623 535 254 115 232 851 991 336 304 336 253 258 320 64 369 790 390 616 55 710 924 516 910 301 417 991 237 154 141 135 146 193 676 583 551 176 799 644 753 150 975 140 354 89 268 19 483 847 196 325 870 225 383 281 654 319 30 438 617 349 23
247
895 949 607 498 230 258 996 608 665 834 937 290 472 25 97 777 802 739 636 576 324 932 518 60 92 449 292 648 702 212 412 397 801 356 831 302 568 934 185 906 29 604 990 851 76 312 569 175 911 517 268 597 567 971 907 448 509 240 64 369 160 222 575 640 115 34 350 572 678 264 839 862 174 661 44 871 275 758 906 763 936 719 429 619 31 654 420 111 723 389 227 139 46 494 76 779 43 527 408 821 936 111 922 222 424 673 437 528 620 461 210 728 490 2 402 949 49 394 406 398 976 932 787 637 917 161 331 895 449 540 460 907 460 748 946 875 620 782 655 477 743 839 975 399 944 567 637 927 983 484 135 232 243 259 235 426 66 289 646 814 446 897 647 138 340 987 95 618 119 709 281 208 329 835 544 737 558 516 204 941 753 901 52 176 504 135 896 875 229 652 327 293 260 387 819 665 295 739 427 743 789 3 591 939 61 376 591 613 698 602 970 792 193 942 555 625 604 249 650 612 150 923 257 241 224 144 248 106 196 963 472 421 609 894 802 401 746 762 223 133 589 730 242 568 591 986 350
257
501 901 998 625 745 298 803 302 259 65 261 799 415 98 854 238 310 508 947 921 339 206 536 24 113 360 637 279 463 376 228 187 3 886 542 260 415 627 399 795 66 385 924 670 103 267 972 560 941 555 174 463 624 547 587 794 910 771 105 594 367 908 433 378 769 708 428 258 982 193 478 538 857 958 924 377 967 783 404 919 67 908 239 742 447 471 715 581 732 99 378 643 583 835 499 769 347 457 287 537 144 757 54 358 336 907 772 788 410 149 597 866 338 680 835 220 322 623 420 488 828 260 181 407 905 593 330 584 508 804 894 844 619 463 471 856 429 433 88 767 297 416 417 111 172 668 851 746 746 534 214 129 413 544 452 423 912 994 274 119 795 128 238 237 576 360 646 263 396 628 493 819 119 591 531 978 679 864 40 372 744 643 951 816 420 271 176 766 838 400 698 653 307 702 902 858 223 658 113 92 191 279 354 890 732 537 850 178 161 319 801 223 825 136 719 954 35 245 729 342 310 944 735 115 865 318 273 702 626 528 300 65 361 400 935 461 41 771 898 483 392 345 298 54 852 673 487 649 427 36 207 220 800 568 633 729 984
167
576 3 167 529 878 396 509 262 218 488 509 597 526 913 971 248 494 608 953 231 181 632 163 301 653 341 185 238 963 877 462 26 942 767 215 222 698 141 561 288 391 739 46 184 907 580 202 438 947 225 276 342 665 290 896 696 950 185 581 387 608 689 887 691 282 343 975 52 412 991 781 625 741 200 629 601 53 748 921 930 739 86 343 248 408 206 80 561 475 113 270 954 936 691 738 18 936 268 766 232 54 15 187 725 253 991 432 185 695 271 400 454 781 641 492 585 803 26 177 177 7 546 601 461 62 4 709 767 92 15 39 23 364 800 325 830 741 402 537 657 291 413 735 302 570 29 40 578 90 925 159 171 896 896 75 992 572 368 924 969 815 5 56 264 283 730 34
260
191 660 430 175 425 876 463 238 430 370 771 965 824 795 459 95 378 627 58 230 742 45 298 834 671 43 616 577 27 81 1 444 622 53 990 412 599 288 233 773 281 890 857 963 626 124 445 185 527 265 604 205 443 60 322 824 851 497 380 798 490 442 196 792 585 174 725 825 641 119 811 578 654 685 710 115 975 240 655 451 89 763 343 655 594 266 986 934 536 248 230 416 62 805 794 884 105 454 285 194 894 622 965 837 849 129 337 880 441 71 751 688 493 643 474 318 991 752 910 718 105 815 484 654 587 604 186 491 749 609 358 843 520 129 722 426 67 646 109 602 373 924 40 615 415 24 103 641 606 123 156 732 678 950 249 705 60 366 607 230 537 250 87 433 185 436 534 161 694 888 134 576 794 827 311 836 389 945 475 328 778 426 279 365 508 641 542 829 256 714 819 421 545 457 759 402 231 52 420 850 793 472 231 134 41 358 185 336 437 960 221 585 263 62 727 490 714 835 262 130 572 728 151 441 437 856 332 732 381 836 100 952 476 785 125 272 762 19 542 715 612 807 992 307 332 476 139 264 923 211 305 277 783 670 792 700 911 972 966 527
401
287 849 149 995 191 640 782 483 460 622 217 604 453 301 919 450 387 296 593 628 556 533 406 251 62 748 384 797 603 674 312 194 499 241 688 106 383 197 45 96 268 405 265 740 137 206 206 891 446 304 451 784 430 707 617 871 705 148 577 81 560 155 616 616 441 79 693 841 596 196 787 408 7 445 629 462 143 128 772 999 654 691 181 717 666 807 636 792 881 531 273 662 171 514 143 809 872 27 351 567 524 711 140 831 348 944 919 970 471 479 265 584 825 345 423 506 66 256 178 112 730 962 265 844 705 401 54 607 949 857 563 36 90 865 290 97 383 77 504 173 51 356 695 890 181 809 635 268 749 238 150 312 682 751 531 428 641 374 958 137 141 451 472 879 488 350 888 107 360 308 198 188 154 490 172 269 681 478 697 996 498 38 210 168 307 174 585 465 766 70 620 623 81 346 410 264 740 864 712 537 30 337 893 719 523 211 543 879 668 250 194 479 886 138 997 704 838 890 713 432 724 514 419 650 785 54 142 749 474 460 255 413 355 212 350 971 655 713 911 881 459 16 323 77 169 401 727 277 985 812 412 663 331 790 597 150 417 942 670 226 199 739 634 180 719 675 440 468 816 939 635 446 98 151 604 33 919 28 583 911 483 499 631 736 867 264 964 440 904 184 330 559 174 149 866 870 899 238 683 632 346 886 172 761 47 675 749 975 950 822 811 338 628 17 602 997 627 673 197 870 223 185 510 392 742 452 609 190 271 739 949 122 16 776 398 625 888 159 815 746 983 243 703 741 905 582 652 91 369 445 172 447 289 385 333 609 145 918 17 350 633 80 996 548 290 119 274 813 683 910 424 145 228 906 927 656 624 994 646 752 310 47 730 752 418 134 984 764 901 832 307 324 17 205 309 231 214 852 801 268 363
885
646 30 546 273 321 528 623 225 545 912 969 78 943 190 37 924 295 288 465 473 320 554 904 680 84 2 283 972 469 577 337 642 652 340 278 352 871 741 104 716 260 928 53 121 545 863 15 619 108 446 102 917 500 573 742 65 599 993 544 757 664 573 861 432 527 901 945 883 64 948 819 802 387 66 907 432 556 442 483 996 486 95 646 249 62 507 797 184 405 198 81 160 392 820 347 546 492 26 908 65 436 25 329 55 708 748 510 660 850 846 9 449 970 538 591 899 897 179 686 964 331 962 961 300 944 299 473 71 801 380 597 759 990 599 238 214 999 306 869 759 164 70 555 611 420 736 345 487 508 97 578 791 765 604 824 329 580 144 973 998 276 304 302 640 956 406 983 323 851 862 421 197 721 837 981 289 209 688 504 135 639 196 287 348 86 642 243 620 274 488 167 688 431 738 669 142 3 93 545 319 721 733 563 499 130 531 154 946 206 234 585 230 244 754 400 95 923 449 297 250 517 548 959 908 936 549 849 318 176 558 137 205 537 221 695 113 138 895 903 940 22 300 221 54 336 405 149 368 297 289 160 219 844 427 602 469 724 836 546 526 994 339 299 501 783 636 474 331 801 97 493 612 397 7 950 427 470 940 447 24 86 260 151 505 163 5 685 697 486 330 415 824 107 716 999 169 548 622 919 787 187 658 145 146 739 160 728 763 869 859 331 806 783 782 596 221 215 135 125 2 889 530 403 546 856 935 987 35 795 819 100 26 753 386 889 557 209 840 542 341 484 702 765 655 505 753 197 997 869 128 857 60 919 335 325 392 624 935 125 102 743 148 439 62 925 265 463 832 574 850 662 966 664 428 237 36 463 826 51 636 263 753 569 318 151 322 137 801 283 987 240 549 751 963 864 595 321 232 356 936 262 618 243 655 46 773 994 271 582 356 873 933 912 752 731 152 236 511 629 414 676 687 170 26 712 167 816 114 740 139 775 2 855 632 847 363 984 619 174 767 639 346 845 515 276 157 523 390 158 845 772 963 766 55 249 949 747 743 577 34 527 638 636 302 657 398 14 531 948 264 692 635 826 6 935 285 346 989 216 685 278 551 22 166 360 237 160 322 621 693 381 272 829 307 688 91 267 836 652 635 182 550 431 865 797 592 712 100 665 124 710 539 668 909 223 132 396 91 924 94 183 972 637 601 394 486 337 683 958 685 233 927 602 488 634 422 731 631 686 773 827 781 801 557 684 644 789 829 587 281 698 428 205 76 149 917 900 839 166 994 73 122 94 490 551 389 197 218 704 912 951 798 196 252 833 968 500 607 335 529 629 536 792 550 1000 835 722 329 744 575 197 338 497 348 660 723 480 914 708 452 139 981 597 173 371 771 924 61 345 201 4 61 40 757 219 866 211 225 609 395 471 71 724 182 130 192 598 250 261 249 732 637 982 401 329 945 564 975 654 747 203 951 300 890 804 253 265 532 569 70 729 12 324 172 47 614 77 254 796 997 504 180 931 436 59 28 45 8 846 754 12 666 898 525 499 704 993 303 380 613 150 102 535 136 849 764 197 405 22 976 550 468 652 803 270 394 830 922 15 273 549 886 823 736 784 122 253 516 800 251 912 822 431 220 29 477 922 606 537 363 234 440 639 631 32 510 402 623 142 716 512 709 86 674 938 923 75 889 281 888 301 515 689 495 507 765 691 932 977 846 287 534 87 187 843 614 804 332 501 438 286 865 972 745 126 590 128 476 955 336 999 772 481 674 969 781 995 200 739 10 306 341 689 682 49 388 591 567 769 17 883 214 966 311 546 195 2 129 554 810 977 704 955 626 551 905 377 579 950 954 566 781 248 341 811 537 877 365 618 459 988 831 404 631 562 404 958 98 911 918 583 267 100 686 271 546 783 589 95 268 480 405 375 602 610 28 191 508 91 328 915 585 297 223 925 1 868 955 527 569 228 563 961 633 262 68 968 837 852 521 482 951 134 570 509 242 510 199 276 659 469 127 587 954 587
25
219 319 643 711 892 839 945 343 734 554 256 138 339 755 942 225 931 934 63 944 12 298 832 148 453
760
13 309 430 872 387 22 642 906 490 204 950 190 897 204 330 653 658 808 956 515 35 227 612 510 166 981 499 55 260 527 759 532 393 739 132 1000 277 334 674 756 476 259 544 902 331 108 478 661 721 193 667 712 220 773 889 319 106 512 323 107 399 152 699 156 2 128 917 456 570 1000 795 144 352 355 825 207 911 652 542 228 972 96 707 834 946 441 770 616 569 702 317 681 762 216 293 105 201 352 14 44 901 14 99 420 436 719 434 166 645 704 337 241 153 578 429 738 923 117 657 819 616 233 810 555 442 388 933 192 195 963 773 673 965 576 476 695 122 175 71 725 857 265 753 737 785 822 814 521 877 847 784 167 928 49 702 438 95 401 159 191 584 496 728 749 537 826 481 261 793 758 690 256 163 31 117 774 194 651 537 518 440 998 500 551 501 344 736 35 934 746 910 973 531 761 619 593 746 902 779 423 718 419 374 56 115 673 369 563 523 212 881 375 566 858 254 60 401 760 853 300 193 462 736 773 179 490 371 524 936 370 367 732 847 327 325 48 335 492 76 722 32 776 63 720 212 910 537 980 16 172 153 357 788 705 761 919 980 134 829 479 504 747 757 999 380 900 941 769 884 875 330 683 151 222 348 997 32 267 352 333 210 447 331 15 48 144 82 908 456 545 712 438 314 128 797 253 412 169 348 754 922 267 663 193 794 741 609 102 610 726 436 777 954 552 150 638 513 208 956 257 563 727 960 82 223 915 167 726 536 915 312 75 995 78 790 801 304 643 587 791 430 757 178 881 98 589 334 464 403 402 294 841 649 495 914 181 909 699 771 765 270 465 257 189 203 472 794 523 941 468 426 709 370 644 519 16 542 228 470 180 206 673 670 650 482 768 656 242 453 176 200 302 368 810 132 983 618 559 23 784 390 636 266 351 799 936 325 788 621 3 861 59 346 602 618 546 343 696 904 287 892 270 955 317 446 55 513 755 825 210 487 331 577 719 434 485 347 381 341 112 302 773 31 186 429 413 286 830 380 126 295 53 461 512 344 988 814 397 744 830 79 119 370 29 394 175 73 926 954 527 562 529 225 545 290 451 158 326 542 707 63 189 16 139 476 798 483 883 250 919 711 777 194 946 923 455 246 165 968 767 893 807 184 256 328 397 484 299 955 629 355 237 907 568 315 538 436 353 914 164 595 484 545 236 421 813 38 13 624 703 380 924 119 36 699 239 296 385 978 326 398 458 20 38 713 197 970 124 775 788 39 374 39 315 907 943 657 823 52 46 394 225 503 837 858 828 13 528 866 132 871 884 354 69 385 536 746 430 564 444 696 984 620 798 405 260 734 14 910 612 122 946 593 614 889 794 909 332 682 62 250 507 412 402 807 380 120 813 724 200 497 158 296 664 419 423 422 988 705 676 198 683 329 528 759 655 800 131 817 853 464 136 456 98 235 881 936 252 8 975 992 299 585 823 564 207 781 195 456 721 320 485 193 331 609 915 557 23 518 975 706 86 40 453 408 507 400 686 345 214 284 465 722 855 174 668 402 756 983 519 806 150 949 641 295 950 572 811 819 290 499 361 96 244 541 432 777 393 297 349 649 668 828 422 516 448 227 343 719 178 23 559 12 767 782 198 359 517 189 170 461 911 136 604 452 729 949 253 845 153 865 496 705 204 692 691 992 561 67 170 815 104 547 7 324 703 679 904 206 956 673 812 82 114 498 16 434 487 248 547
671
864 763 819 473 10 102 444 610 741 838 63 714 220 560 737 959 374 148 118 998 448 323 923 592 120 574 628 515 270 812 343 664 473 343 480 83 228 222 640 527 323 184 482 657 429 160 303 287 969 120 417 137 159 540 251 659 514 831 402 150 83 280 508 521 739 195 927 210 73 136 260 988 358 613 151 362 240 604 297 710 915 828 591 371 457 481 231 972 761 425 491 173 608 545 685 167 757 181 281 630 673 338 213 815 233 499 382 212 629 203 322 339 709 551 62 438 120 232 187 104 159 949 591 464 204 583 309 760 258 71 496 422 403 760 849 115 149 942 187 436 127 999 287 774 2 705 88 213 268 647 696 776 824 353 950 674 136 45 216 783 185 143 210 343 315 120 514 170 419 406 342 334 509 891 231 302 16 439 283 349 196 764 325 20 521 879 723 631 336 737 75 130 905 377 950 52 990 804 770 759 618 642 536 722 783 335 740 427 361 263 918 507 516 698 27 398 528 892 373 310 270 213 628 281 161 695 629 234 729 674 302 500 662 248 334 931 603 397 546 153 693 92 991 855 571 555 785 709 7 957 46 110 181 722 996 209 386 364 701 585 771 513 914 619 826 861 426 874 214 368 988 321 941 475 683 243 843 823 40 845 992 838 413 268 872 580 907 405 767 643 319 152 182 276 169 351 998 387 442 742 409 961 749 546 922 999 168 258 113 1 914 567 683 869 442 297 930 495 609 691 912 46 36 619 643 663 61 592 962 847 791 779 531 514 292 840 220 502 14 882 334 956 336 878 442 558 501 358 781 845 975 453 455 294 579 732 243 817 842 10 756 832 767 456 385 337 367 174 985 446 907 817 332 942 258 179 393 450 478 563 733 637 586 839 499 865 118 726 786 343 595 724 17 222 279 341 983 136 595 368 360 467 495 951 664 293 552 679 766 397 400 324 843 732 947 456 449 55 369 595 276 536 465 753 740 590 224 724 510 558 318 684 385 282 664 157 929 554 952 608 516 12 896 987 734 998 630 907 61 302 391 274 560 309 998 178 643 575 433 300 19 634 741 761 147 267 756 123 158 36 575 932 703 354 26 292 955 737 138 150 575 174 890 208 111 587 357 944 271 732 561 405 786 193 785 428 992 515 263 651 947 608 718 107 253 262 46 560 208 290 524 206 399 415 135 199 699 871 497 916 463 49 965 545 345 205 800 968 375 824 722 410 436 242 378 986 756 353 276 627 104 963 947 69 785 920 961 860 899 743 369 491 971 970 170 299 247 216 198 512 922 90 559 158 336 389 788 688 533 17 296 989 38 903 329 717 900 354 461 600 129 248 477 849 459 189 384 460 938 833 296 749 577 735 458 424 838 130 610 598 486 619 386 402 758 620 836 395 827 235 598 458 45 268 901 326 792 996 1000 924 198 357 518 504 503 121 568 24 464 948 720 505 517 925 241 825 295 881 326 232 992 52 959 200 649 300 840 370 886 972 951 493 326 987 429 972 105 545 822 697 885 215 960 910 72 403 203 91 664 522 611
833
819 116 230 616 298 967 9 367 336 999 809 609 621 986 437 635 751 434 197 838 890 629 819 65 606 811 680 914 611 84 775 495 266 990 469 735 542 976 391 290 916 714 939 415 81 902 862 349 269 575 23 50 981 958 165 531 29 117 925 436 911 833 53 755 24 75 918 100 147 165 29 848 620 634 382 788 839 915 605 186 227 687 970 868 125 68 609 609 538 876 647 227 651 731 127 295 485 557 329 501 505 338 983 960 865 563 309 303 780 692 612 383 810 322 736 130 124 433 226 376 504 498 432 964 728 793 623 341 513 416 245 559 661 109 75 95 836 673 583 966 721 169 262 723 422 491 538 745 651 805 983 367 510 574 875 993 293 693 281 382 313 43 845 420 567 952 351 244 269 841 809 1 645 78 352 36 597 770 136 401 864 606 41 974 289 152 549 363 717 248 129 530 787 279 344 455 310 203 591 396 830 690 203 871 119 333 132 91 898 989 680 946 159 31 880 359 911 527 475 811 126 55 81 363 548 593 421 596 845 518 719 797 170 237 525 456 487 45 248 896 657 128 61 737 478 82 265 231 160 46 824 489 267 115 265 17 693 947 183 302 34 817 120 604 402 966 760 295 850 172 77 4 496 634 152 425 447 279 661 41 268 6 165 721 612 672 998 209 909 175 193 694 306 989 370 333 234 283 572 426 497 617 657 858 582 793 92 511 940 374 448 141 276 392 139 743 118 279 475 634 722 383 308 375 587 523 590 248 57 495 865 416 854 968 696 422 336 111 320 271 826 339 3 88 257 39 283 722 486 27 658 913 428 753 215 812 411 526 70 987 844 818 872 38 673 319 734 430 952 796 956 764 133 775 315 911 202 171 27 584 198 712 923 492 498 50 54 500 870 756 745 861 189 756 912 103 559 216 199 618 31 921 620 621 842 95 861 613 301 170 828 861 49 412 655 33 521 601 649 90 475 425 150 801 190 522 320 163 182 647 446 62 523 305 765 401 205 713 543 545 1 529 452 433 730 842 173 937 9 385 367 152 539 257 170 35 60 924 160 19 190 191 587 114 239 973 85 665 866 390 57 128 138 216 261 571 620 285 686 716 885 99 386 403 628 972 740 702 724 298 420 595 881 413 953 144 784 867 299 710 545 994 259 533 726 89 133 640 459 605 472 435 286 102 801 251 174 167 75 489 583 351 32 56 188 975 712 198 567 28 601 162 957 562 557 758 312 942 391 33 860 251 300 160 83 892 522 36 372 508 630 38 487 845 587 418 567 319 150 635 362 27 826 936 977 916 173 815 933 840 352 416 907 481 266 370 482 282 470 408 834 595 974 952 9 498 491 132 40 781 838 12 19 786 779 425 540 978 766 935 476 301 550 527 230 45 147 656 669 179 2 620 691 956 906 697 256 644 660 927 154 687 967 818 755 783 613 538 266 60 866 150 767 438 218 699 340 520 681 46 791 887 197 700 191 334 180 348 528 633 803 543 590 283 272 925 368 455 486 101 710 103 365 573 172 185 92 174 405 508 131 884 135 109 10 275 415 451 104 337 306 944 70 646 225 590 147 236 851 830 437 93 702 785 340 33 481 854 693 192 944 330 307 642 386 263 967 223 227 670 864 26 141 253 348 612 490 717 50 538 413 710 641 663 43 504 876 604 526 741 762 36 518 88 901 922 671 325 960 695 817 816 711 83 515 894 839 595 326 132 156 737 676 147 486 11 316 6 660 842 940 973 485 621 204 256 38 258 538 151 537 697 843 667 406 986 687 858 744 858 482 684 394 845 709 260 303 303 226 526 270 323 790 70 565 724 517 971 316 94 853 219 768 55 538 444 699 468 447 445 421 107 420 903 492 856 600 260 875 336 993 163 346 169 235 62 340 462 141 253 598 927 600
269
850 798 771 244 77 809 118 840 257 676 634 386 189 152 985 696 719 60 699 698 141 907 807 468 35 610 453 299 839 467 257 823 587 713 146 21 105 932 266 540 40 668 865 443 6 494 683 556 97 883 883 223 85 378 506 778 856 360 177 771 66 769 753 124 31 81 452 949 599 615 776 40 908 289 756 461 858 431 699 716 151 48 395 960 344 456 914 172 717 404 172 423 584 454 800 860 801 497 984 369 415 830 894 14 428 953 283 92 442 475 34 567 878 231 261 707 285 846 534 740 887 973 237 745 649 710 961 953 711 423 630 653 136 425 205 673 853 405 645 936 175 75 830 79 684 814 631 719 408 126 614 789 420 926 408 766 786 166 979 639 172 75 787 873 118 564 536 55 234 848 554 304 98 595 923 871 372 687 194 902 504 19 20 70 483 121 805 487 354 97 304 130 126 858 988 771 955 756 771 380 642 778 837 957 437 833 498 525 319 172 713 86 397 57 117 706 194 806 145 321 748 714 990 871 153 631 24 608 62 125 995 387 459 154 83 323 74 346 219 714 869 81 331 602 994 218 141 234 339 179 934 307 741 161 374 232 633 450 373 618 337 468 481 155 993 555 476 221 665
994
151 901 611 512 111 675 209 494 303 430 773 723 848 210 907 497 461 51 670 956 65 904 868 493 362 348 806 172 385 605 460 675 661 408 169 320 81 407 496 196 840 681 220 694 325 786 323 230 863 160 114 51 843 850 764 732 326 794 599 959 690 996 526 609 57 950 200 340 148 446 779 59 649 225 562 50 664 445 289 590 566 792 490 349 791 101 636 496 110 476 678 404 278 419 17 765 781 739 283 956 348 137 187 929 989 268 955 867 691 313 671 360 403 503 938 299 19 160 441 417 928 557 58 150 485 787 946 874 308 391 862 995 986 928 924 931 349 767 556 770 207 696 886 721 30 935 979 263 946 131 272 64 615 842 267 978 998 418 849 634 556 594 135 99 388 283 429 948 596 561 410 244 538 1000 564 532 212 687 504 972 246 888 138 905 634 293 835 743 374 123 169 603 467 934 750 827 230 758 881 175 481 564 856 253 342 243 484 830 880 238 989 797 488 426 41 967 264 424 799 958 242 729 892 71 817 179 645 715 67 321 634 982 804 972 525 201 96 286 331 194 148 671 432 538 498 304 654 131 35 311 121 102 157 899 257 70 563 386 973 995 6 165 225 831 753 403 72 327 443 668 75 92 31 125 963 58 674 257 517 884 506 503 906 962 984 881 588 985 229 137 323 439 319 999 211 832 864 706 629 569 670 857 675 786 573 173 430 750 343 282 844 632 505 501 154 202 596 354 848 300 129 580 676 517 934 584 582 466 928 337 25 64 622 960 648 907 689 613 474 267 75 854 978 223 567 641 466 152 378 496 983 804 6 925 9 882 789 742 670 99 515 402 675 509 233 87 170 96 729 756 296 799 873 529 171 815 417 160 827 173 673 535 94 580 414 169 956 618 312 205 54 795 303 529 584 735 113 556 974 203 439 760 247 595 454 370 128 917 51 785 893 25 18 616 765 209 758 967 81 566 602 978 103 448 736 920 844 38 194 999 637 738 291 731 124 900 404 431 795 834 831 119 971 799 401 552 912 364 686 49 199 884 729 887 582 989 770 202 340 122 785 887 583 627 440 515 485 751 108 689 460 64 952 309 331 848 640 103 983 516 881 143 152 481 575 5 230 344 96 851 547 41 935 278 255 270 79 306 767 371 530 833 897 610 562 195 532 380 671 924 369 90 958 512 443 637 627 792 497 381 780 769 519 411 136 812 809 568 628 326 166 868 488 412 404 794 519 856 715 40 25 143 538 71 621 362 246 481 673 687 954 595 371 806 872 840 222 958 161 64 591 15 125 32 31 704 806 592 805 169 495 889 961 509 333 813 648 137 903 64 203 11 622 574 66 534 263 888 858 403 900 67 748 596 73 381 462 504 295 393 287 293 651 9 157 543 956 257 957 759 194 129 458 311 29 474 226 295 113 573 249 680 275 790 929 128 145 800 486 925 650 144 619 137 774 327 839 64 609 681 756 886 538 220 953 105 657 163 599 932 908 16 990 8 207 219 407 898 628 587 65 817 538 635 648 117 917 999 700 484 203 323 423 719 306 112 529 61 567 531 88 38 905 81 201 146 627 785 186 893 548 323 502 399 172 313 828 630 691 366 886 629 141 739 547 630 497 667 226 563 909 661 972 399 242 891 178 799 303 545 189 424 55 504 230 448 858 798 149 545 809 120 100 829 789 423 991 171 954 295 178 519 46 645 612 141 612 507 431 962 963 362 329 16 225 919 939 833 34 623 875 443 888 856 700 229 176 689 532 265 65 695 103 140 919 571 384 499 961 151 610 898 457 924 521 328 726 645 668 386 35 83 950 744 558 199 407 148 567 64 338 867 484 145 362 508 200 995 100 755 577 461 445 110 900 834 416 20 803 529 116 100 873 231 675 23 526 892 30 878 34 792 89 887 123 656 236 176 140 68 973 119 460 180 657 647 319 953 105 512 293 851 301 83 373 861 183 499 680 401 328 910 759 852 664 895 350 866 153 771 869 615 157 467 230 439 565 679 485 40 175 669 479 157 384 574 345 308 389 412 911 681 385 368 993 441 831 268 562 262 322 942 399 129 542 249 185 818 810 631 503 977 338 616 291 886 453 956 921 413 441 740 295 321 694 63 292 777 410 249 57 589 854 118 230 246 71 914 13 247 731 55 633 298 560 29 436 850 827 308 358 166 384 322 340 336 811 607 1000 266 139 892 64 262 192 856 564 947 756 496 905 461 648 920 874 540 616 670 323 395 913 972 389 994 156 440 72 184 223 106 932 526 473 14
171
813 863 95 502 331 723 865 796 531 51 724 830 827 781 803 595 592 418 589 766 746 673 588 750 25 905 558 821 335 648 755 278 826 146 15 752 526 331 697 744 489 756 626 692 916 775 765 542 380 943 294 404 863 300 584 991 273 820 117 172 625 391 882 60 855 475 427 123 572 524 967 332 576 904 882 825 579 440 462 647 580 620 574 244 139 616 856 720 51 31 392 866 634 698 630 947 420 572 365 710 95 7 546 288 20 902 668 225 272 84 755 282 449 235 966 462 442 897 193 594 612 137 491 988 207 332 458 231 519 430 675 836 730 765 383 384 359 285 92 416 251 967 618 371 646 292 621 117 347 954 597 438 270 462 560 163 78 905 727 573 298 711 388 336 561 542 812 857 500 206 830
601
717 359 537 357 269 693 979 350 978 263 37 903 560 977 11 871 931 681 853 220 886 241 769 629 480 70 574 746 364 225 542 375 216 506 451 659 77 827 286 194 682 479 540 333 782 680 187 163 132 899 288 751 23 976 565 61 698 329 5 42 122 112 111 552 938 147 289 639 232 254 911 205 193 173 267 819 563 141 379 872 951 718 251 271 578 250 772 31 53 49 64 487 594 876 379 624 936 888 246 3 582 413 78 167 51 908 195 617 733 295 915 862 818 923 792 255 985 468 628 164 104 186 340 346 316 117 254 299 988 519 696 881 61 26 578 506 685 306 815 202 493 666 933 469 83 413 177 570 526 442 458 478 623 288 187 362 864 660 826 901 683 836 897 879 144 220 460 307 59 62 891 195 328 459 384 45 797 823 829 708 505 575 320 138 344 961 531 619 67 435 193 826 923 885 562 1000 16 636 165 180 435 986 883 897 374 798 438 388 316 222 866 580 38 839 479 145 136 397 678 798 101 244 587 570 269 598 530 236 92 719 690 71 889 605 32 8 589 136 145 995 133 124 695 903 6 441 910 399 769 360 523 860 614 997 451 584 633 25 683 558 13 980 46 702 241 91 789 973 218 132 590 609 723 110 827 775 968 507 304 995 622 445 109 575 391 864 271 318 880 530 683 704 16 616 917 425 531 933 221 313 269 81 331 475 996 521 93 75 830 713 342 460 680 833 810 818 547 846 783 407 55 81 556 529 625 137 372 620 639 966 625 866 545 521 117 752 716 210 176 26 510 436 145 527 749 17 189 391 774 623 601 748 263 519 321 260 111 65 69 184 706 595 101 250 67 7 640 621 199 113 694 952 424 164 431 555 903 417 619 514 26 390 816 356 197 647 686 541 421 560 807 388 808 665 767 438 78 661 369 115 328 926 357 32 851 660 2 293 296 349 339 702 624 400 904 150 81 232 283 623 254 679 960 69 752 600 389 831 907 87 554 902 528 774 778 478 811 929 109 994 74 235 133 9 690 400 859 719 329 565 641 163 6 90 976 604 31 390 638 937 548 494 222 846 696 542 896 43 628 570 852 445 887 739 703 282 265 785 780 98 59 797 99 149 925 129 152 251 979 27 120 571 329 55 430 143 846 656 779 282 4 638 248 213 54 568 21 332 366 116 828 16 5 315 395 762 975 971 492 504 2 293 798 699 960 858 101 97 707 980 400 334 79 138 876 287 607 846 632 878 973 590 542 712 745 473 389 430 519 139 95 109 883 687 417 349 378 771 185 460 313 858 342 103 552 450 938 553 842 106 826 108 593 320 794 880 69 306 766 865 992 545 583 959 737 889 612 311 639 61 993 892 981 766 199 543 695 737 655 389 615
575
705 960 67 92 836 722 350 708 179 938 296 848 797 529 835 255 485 204 313 530 816 588 511 962 255 215 271 761 648 709 353 836 598 322 909 917 655 266 67 48 716 631 342 777 144 860 39 592 207 116 425 262 10 321 330 1000 847 778 317 938 991 734 174 624 979 123 304 753 82 412 450 309 394 427 391 677 134 560 58 881 289 314 694 997 559 341 311 689 755 58 857 616 517 357 117 250 142 372 240 333 883 862 15 482 990 422 348 190 618 844 211 679 740 639 437 657 506 44 222 416 570 396 307 890 755 204 723 119 173 95 361 236 616 385 162 14 107 736 714 785 437 675 571 169 508 436 62 864 222 713 409 759 307 781 597 635 10 552 263 598 145 200 143 518 966 55 83 574 929 184 152 544 585 146 499 38 323 224 852 991 365 489 595 128 201 879 764 61 182 185 279 290 632 570 376 803 580 879 535 330 326 484 895 232 164 40 976 758 546 799 430 667 557 476 350 355 361 804 303 935 328 745 252 660 145 327 83 155 173 991 214 790 748 356 4 282 915 998 712 270 124 654 713 448 592 355 948 416 695 63 203 731 846 462 332 793 7 767 490 244 560 697 300 478 891 601 799 657 966 432 557 363 486 91 647 181 167 718 383 282 544 785 18 120 778 328 20 494 209 523 802 212 70 199 918 648 337 993 615 312 348 81 383 781 259 836 179 465 54 777 564 736 481 8 17 561 917 350 398 516 793 888 739 201 735 610 979 670 373 865 109 701 303 554 137 528 99 401 746 61 78 206 342 417 1 990 786 208 777 648 223 21 964 844 403 634 616 864 770 647 174 319 696 885 642 887 35 107 375 95 443 573 402 842 312 459 305 647 57 436 54 210 962 218 722 670 357 410 28 417 463 348 214 285 656 373 791 529 980 330 733 453 866 408 727 348 563 712 404 61 931 495 844 422 388 110 25 481 239 396 547 286 796 231 490 235 504 146 504 946 93 137 500 66 966 767 245 372 114 896 149 480 348 404 335 336 23 242 147 734 739 802 739 302 795 204 770 882 934 12 324 518 919 824 967 870 360 301 908 98 426 786 311 916 42 253 895 240 166 994 641 87 221 574 211 907 867 825 412 274 866 751 45 606 90 968 776 759 720 587 579 3 851 450 95 490 904 873 631 352 737 7 502 749 25 337 613 573 565 666 152 690 51 122 209 380 162 850 134 892 131 946 777 328 308 429 41 729 50 997 266 679 170 743 97 529 143 286 393 961 993 371 815 82 894 342 714 760 895 499 666 258 904 212 44 685 467 222 15 95 623 876 611 404 385
461
190 579 498 883 317 887 253 815 779 295 312 49 594 703 282 756 11 48 376 294 405 921 501 949 69 140 790 468 985 459 997 325 507 348 241 856 481 366 485 469 20 788 422 325 528 136 898 565 599 63 749 420 211 816 749 556 295 933 661 616 607 507 745 873 45 253 713 172 799 542 53 883 827 637 184 997 768 488 214 749 620 359 608 255 572 803 650 511 600 384 725 776 923 939 402 783 302 393 230 137 322 880 292 637 333 723 966 690 994 730 849 74 840 840 242 761 418 239 244 497 608 737 285 203 40 726 488 818 634 519 998 719 380 407 160 370 643 496 59 188 568 21 417 392 528 987 112 282 551 518 625 868 529 335 219 774 81 527 181 630 688 694 338 46 435 481 857 446 481 638 650 580 368 18 247 165 453 472 702 488 830 475 112 572 507 232 319 845 9 108 326 294 339 15 119 891 484 971 462 156 350 64 507 614 363 903 31 360 827 165 21 285 319 753 142 284 336 95 98 966 497 350 838 513 46 461 8 498 707 204 47 223 119 998 956 414 160 406 360 431 500 146 365 562 896 4 622 58 64 932 15 826 922 96 517 756 892 828 132 661 757 499 186 638 48 696 551 764 279 792 432 30 481 32 371 303 702 393 239 841 144 925 617 420 828 57 550 19 507 988 887 121 763 769 251 707 977 891 699 749 87 645 371 461 699 282 108 728 705 215 220 855 870 959 174 914 692 973 871 680 521 470 856 770 532 459 361 710 749 883 607 55 106 101 14 833 945 165 344 690 519 73 653 475 663 280 547 347 490 248 828 892 14 506 881 777 676 341 224 503 41 478 628 759 131 235 564 628 932 417 86 57 25 715 921 389 28 997 911 377 864 15 284 974 918 31 703 871 266 383 943 425 138 918 501 874 610 397 657 763 148 436 478 815 795 661 934 431 351 118 845 465 597 121 161 152 157 712 518 898 663 303 386 197 319 333 610 581 26 422 793 859 155 392 325 240 15 466 959 620 951 260 905 569 516 392 26 817 778 402 215 121 117 293 911 710 987 636 611 925 209
857
530 225 921 346 493 848 285 825 810 918 577 733 161 441 557 119 663 435 536 199 428 527 751 753 58 355 359 133 369 353 454 881 567 389 900 648 44 775 709 767 293 131 831 413 930 892 910 94 471 922 197 644 631 103 454 525 547 113 486 743 497 926 157 996 277 798 672 729 125 46 683 78 620 370 851 814 844 849 302 794 472 495 663 655 521 257 856 921 756 176 462 963 411 54 794 152 544 608 540 927 779 844 872 225 334 648 706 730 737 972 324 76 22 940 335 151 702 500 594 16 566 512 503 456 19 652 614 54 353 225 949 120 330 383 769 395 291 682 69 99 61 22 584 793 406 444 526 718 88 534 599 760 556 433 518 38 277 207 77 650 636 964 300 779 735 774 32 11 278 338 190 492 434 655 481 825 685 591 747 787 469 461 249 222 36 762 24 58 472 749 581 829 558 153 713 201 944 298 321 444 844 227 299 798 687 185 47 535 274 103 401 715 675 710 701 468 745 912 785 131 620 222 582 895 115 163 218 208 988 770 572 209 751 17 957 274 230 184 481 116 383 995 672 806 334 409 701 678 985 152 370 78 684 150 504 154 703 356 257 914 358 77 401 891 567 257 271 583 746 646 920 87 75 590 21 203 507 999 310 922 444 941 647 469 635 354 372 283 918 16 517 740 830 703 407 287 96 27 949 326 886 297 711 240 319 184 272 581 752 778 690 730 207 925 192 864 466 556 804 263 477 985 413 277 426 731 344 708 299 852 277 980 232 64 740 706 381 341 496 866 678 165 682 278 590 186 543 366 703 296 71 976 763 957 556 467 502 289 790 840 578 622 603 269 406 706 123 769 444 987 755 354 796 289 572 694 950 189 163 792 356 748 659 581 892 248 935 494 813 681 316 85 273 480 429 34 410 807 776 918 783 74 54 331 754 163 913 7 249 989 737 421 833 438 32 156 792 620 680 140 119 493 869 233 99 519 32 459 188 405 996 264 648 711 796 712 66 818 562 245 81 573 842 56 4 937 577 497 918 761 526 985 823 581 687 982 583 151 609 441 400 289 675 70 28 898 767 102 565 205 765 842 323 944 112 847 510 166 509 970 643 305 98 72 936 358 778 979 639 690 234 280 680 110 575 256 172 685 668 779 720 42 700 814 563 875 883 43 186 59 144 23 202 883 168 694 75 937 857 809 562 861 767 203 63 90 352 715 453 914 986 705 696 368 319 41 35 504 645 248 540 706 210 852 332 76 54 529 72 520 474 318 411 912 607 486 57 275 42 158 799 438 583 749 967 320 377 107 406 527 466 832 84 476 814 8 190 69 429 922 539 994 20 891 620 247 963 650 940 661 820 256 983 873 907 202 984 272 700 5 923 208 629 261 822 781 643 685 133 126 518 449 804 983 483 82 690 862 899 198 248 414 588 194 413 871 974 279 591 629 1000 640 213 850 60 620 101 265 259 990 73 801 876 495 136 47 53 642 116 793 451 144 204 948 128 535 248 621 885 553 687 309 693 263 590 806 125 137 764 259 391 543 691 365 711 914 529 503 763 755 925 972 543 49 975 346 239 426 709 153 475 760 905 241 436 55 299 73 570 441 677 890 852 734 759 162 694 481 198 167 319 959 448 535 738 164 474 176 520 507 209 69 961 894 713 574 223 581 89 422 455 617 696 845 688 721 656 582 139 351 74 612 683 768 194 96 489 309 228 637 367 354 676 964 352 482 760 485 178 328 367 655 288 861 161 753 443 494 980 689 540 634 520 703 633 339 830 796 457 642 447 234 100 126 950 502 961 683 570 98 863 779 643 85 755 559 397 322 277 732 973 98 861 350 876 801 584 812 941 505 987 705 848 732 247 599 335 890 642 690 203 675 933 765 228 35 708 469 453 504 530 172 239 889 649 797 82 732 146 142 55 785 881 43 734 43 862 891 443 450 306 99 17 269 345 16 502
216
923 841 529 767 338 98 547 77 143 41 18 866 232 553 436 443 162 735 923 927 920 441 74 494 409 801 805 511 161 61 950 690 129 130 518 963 173 497 682 364 270 239 998 928 702 81 369 403 760 778 598 559 644 16 93 821 275 671 206 220 463 558 302 539 401 288 969 39 100 240 264 452 72 875 495 113 350 82 439 602 256 564 598 613 355 125 6 684 611 862 237 7 957 265 77 639 46 220 349 690 214 914 350 439 312 238 349 367 455 409 375 979 888 703 600 5 977 148 80 92 414 874 43 542 967 835 675 747 796 852 626 111 104 717 109 636 274 276 453 54 130 678 432 849 722 312 274 915 532 269 53 469 20 752 75 786 464 61 919 471 425 744 211 674 482 462 537 954 439 357 242 967 53 413 495 424 827 953 707 196 723 928 508 241 201 630 595 71 985 309 10 161 81 33 487 969 241 296 152 543 395 668 651 430 296 599 461 525 423 175 565 441 924 742 903 543
84
862 204 113 767 276 377 540 842 371 483 452 665 860 351 936 323 91 904 610 458 798 598 42 149 901 728 715 492 350 197 565 677 626 195 257 691 785 628 617 138 224 754 493 505 98 681 462 758 574 464 704 896 320 955 278 329 77 885 820 558 288 357 317 385 742 535 676 121 188 216 398 696 827 264 707 253 118 100 205 466 168 923 301 77
677
996 975 508 762 41 596 855 754 678 370 301 542 168 926 9 621 171 97 749 628 197 929 576 491 900 91 687 545 615 842 244 818 778 652 507 814 112 361 512 256 329 796 991 35 508 60 245 663 80 757 56 531 419 462 507 133 785 896 559 386 650 617 755 60 720 559 179 984 109 706 407 838 836 274 156 195 905 475 413 837 657 347 527 31 788 709 452 552 259 596 955 273 482 348 715 250 716 81 590 221 864 635 116 749 656 936 740 505 277 959 685 193 800 222 415 755 354 680 300 207 566 365 274 519 862 693 692 581 498 275 737 604 523 442 378 629 629 244 253 652 990 273 703 340 784 219 740 997 881 449 639 525 200 253 628 259 806 435 953 835 710 781 499 638 178 938 359 280 469 8 576 93 849 601 32 551 54 351 904 280 665 736 408 839 59 963 807 326 677 270 586 770 928 171 557 977 231 524 24 69 77 717 647 641 996 30 576 273 294 185 423 897 236 690 911 641 39 413 32 516 605 876 571 247 109 588 887 771 506 523 494 785 848 913 386 86 29 147 893 91 741 90 815 883 54 207 371 477 293 804 424 657 458 932 330 779 872 146 360 3 332 737 513 134 609 687 995 246 204 70 83 134 161 898 78 919 896 51 268 601 493 434 632 544 193 978 779 229 587 37 700 491 652 285 560 243 942 941 851 498 539 434 952 527 298 922 41 936 805 17 564 924 526 376 406 332 412 806 32 248 660 423 583 720 693 612 494 283 614 800 889 587 540 878 622 101 421 181 541 647 439 563 67 414 259 793 781 816 565 657 41 734 448 304 276 914 38 351 519 813 248 630 683 689 338 991 224 416 582 758 906 364 231 351 510 300 605 6 151 238 447 543 723 713 821 966 618 490 547 388 170 308 493 921 311 956 584 525 282 678 300 343 664 987 886 699 390 530 322 964 416 129 26 136 641 317 781 463 417 165 639 847 647 441 210 298 600 450 460 168 149 191 160 222 849 824 174 657 835 151 737 4 421 766 142 416 495 823 115 597 446 535 398 865 539 667 496 885 610 978 130 15 808 879 204 301 631 967 464 481 94 239 151 509 302 886 666 524 695 307 120 519 970 268 661 855 808 132 184 904 879 937 494 917 668 905 381 238 518 825 306 674 947 632 303 773 75 172 465 819 58 84 880 371 106 307 322 881 854 596 554 239 130 397 765 609 319 44 253 623 472 969 809 995 46 806 516 42 334 131 973 444 86 234 456 410 1000 11 858 651 89 621 260 884 938 583 941 597 407 175 638 75 461 962 991 128 243 557 102 740 834 482 930 694 672 48 527 367 349 40 979 733 823 448 720 894 367 643 991 358 164 304 791 175 799 155 210 126 576 896 838 153 355 107 637 458 458 436 942 678 69 160 583 584 569 429 614 937 894 920 1 613 915 149 515 879 261 425 240 656 109 704 373 778 154 50 255 713 569 94 976 796 179 413 66 145 406 637 138 168 308 510 937 979 202 589 339 825 966 121 378 698 113 624 994 977 692 957 568 256 491 380 561 618 245 830 308
329
51 65 151 707 95 557 469 219 742 879 822 968 299 414 147 232 462 926 529 653 657 302 759 432 934 361 173 283 732 959 343 182 667 240 436 857 259 322 532 564 980 799 332 201 268 185 73 98 243 58 693 156 763 197 438 976 924 49 476 506 493 118 665 414 934 673 700 760 320 400 694 251 808 952 141 930 52 950 543 304 829 526 703 824 535 112 813 425 352 980 145 16 997 850 562 821 291 328 863 228 15 109 124 461 553 595 301 311 523 297 443 464 165 870 906 981 133 795 801 25 622 546 716 832 430 729 869 197 492 950 95 274 100 452 730 978 983 857 792 987 744 423 276 301 287 107 284 216 812 514 516 387 414 297 457 18 868 732 226 528 464 956 293 880 511 327 339 174 730 105 706 977 338 26 276 801 186 424 895 611 800 791 876 239 576 939 190 158 912 514 727 847 62 991 158 255 466 739 925 244 201 332 561 465 908 669 681 692 36 216 311 844 966 773 565 994 289 779 988 371 285 76 537 135 811 666 644 562 294 497 314 837 956 67 227 156 938 909 92 563 646 978 743 190 438 920 360 629 207 189 830 649 334 461 708 46 148 828 435 308 973 966 95 995 425 150 837 799 97 384 321 623 736 504 354 720 236 68 390 923 68 944 966 5 207 829 804 182 227 24 460 118 267 608 802 743 267 600 980 161 560 899 628 978 85 818 552 874 432 24 424 493 289 258 427 898 403 88 824 340 302 205 205 902 607 443 844 732 415
267
710 524 405 202 848 432 467 525 191 964 45 784 710 909 214 726 304 385 295 763 27 281 258 155 631 578 756 194 628 619 760 151 141 219 762 323 189 517 151 888 843 889 298 301 425 73 221 181 304 243 183 913 950 526 255 538 972 625 447 927 663 5 809 353 161 978 91 815 860 963 976 160 572 419 84 760 355 880 453 602 571 200 894 986 210 207 993 426 374 199 22 522 239 923 919 764 439 683 436 20 867 279 647 866 952 703 772 584 803 661 310 243 145 653 723 50 114 28 823 268 525 320 259 557 81 438 185 746 208 348 804 380 887 996 223 372 315 317 348 463 277 693 729 272 709 915 807 41 273 489 850 944 46 638 901 442 232 577 751 476 1000 425 327 886 678 257 25 944 24 99 994 91 138 370 489 681 837 535 153 694 867 728 433 741 309 774 629 369 883 800 277 950 969 490 595 489 152 369 288 941 632 450 113 284 757 276 228 140 244 839 1000 568 925 55 900 443 353 974 383 535 562 889 665 37 190 194 18 428 896 718 905 346 394 278 270 713 749 339 60 660 185 3 457 684 267 72 938 591 891 112 508 695 951 453 420 237 168 734 710 432 958 390 530 135 914 736 162
850
49 209 691 299 925 910 335 771 30 671 407 497 227 445 41 732 757 230 252 428 457 284 641 328 952 82 952 355 808 590 720 493 40 34 153 782 39 221 972 537 629 115 34 921 717 255 191 533 549 775 871 244 635 46 916 73 321 12 823 213 883 300 514 813 719 241 725 764 272 941 861 820 502 247 253 133 860 267 787 822 97 538 467 56 640 572 545 224 728 345 9 616 921 805 700 987 315 259 803 186 612 72 536 922 60 152 971 506 447 520 97 131 858 125 755 718 1000 65 406 861 208 563 447 427 264 977 824 640 132 259 924 56 609 620 929 167 244 7 312 765 219 42 342 3 448 667 415 350 934 441 331 825 199 246 747 356 912 428 481 449 812 138 368 428 165 582 462 572 437 797 401 145 540 144 420 636 315 78 650 146 372 506 287 107 477 687 27 673 873 279 132 944 918 931 35 171 565 628 607 814 917 594 344 617 762 401 713 462 663 68 236 659 536 891 178 712 191 772 273 651 823 102 160 735 679 46 470 123 190 503 991 153 52 160 360 673 325 597 113 415 347 990 50 196 466 40 155 109 810 624 217 611 886 754 518 37 659 248 673 902 93 374 377 944 207 6 546 237 877 390 975 412 870 248 150 633 974 361 299 481 514 568 84 845 447 781 895 624 302 967 637 46 308 700 382 102 11 776 453 47 282 698 792 174 981 281 227 145 9 694 628 311 607 812 664 345 458 939 908 883 3 876 230 42 386 950 666 183 355 287 302 763 149 503 59 292 144 983 770 958 99 150 19 696 267 89 884 68 978 178 316 455 809 820 48 44 122 764 646 434 857 256 228 349 72 61 419 488 384 311 975 13 146 537 899 328 160 389 372 334 493 626 114 999 535 832 996 814 975 312 131 32 449 140 695 567 317 797 608 998 108 729 558 594 850 818 58 891 994 3 142 266 90 200 43 649 277 119 212 323 520 321 466 918 528 358 786 41 231 589 432 333 473 137 537 626 425 676 439 559 396 829 882 809 199 343 46 162 789 142 691 744 96 537 977 994 223 56 772 797 394 64 463 963 333 760 829 963 153 101 156 163 229 481 522 702 147 639 8 309 756 331 488 320 414 57 486 78 235 974 212 652 325 46 338 505 836 951 983 218 888 742 936 839 936 879 569 796 918 467 719 11 130 868 70 679 595 424 222 149 947 273 562 866 18 600 935 64 340 14 81 397 980 247 163 18 630 24 602 443 587 357 780 770 910 153 259 842 651 193 549 938 927 731 503 447 318 509 112 903 185 416 203 669 504 240 723 27 299 74 82 556 490 756 171 688 917 182 311 828 624 967 854 952 733 418 710 782 570 860 688 872 243 299 706 475 441 612 752 45 14 130 551 260 425 295 934 167 963 637 690 217 904 867 585 512 744 450 429 495 524 565 229 153 855 98 346 597 296 23 929 627 526 60 493 737 570 875 518 811 311 968 460 507 410 672 161 24 127 728 855 573 248 822 320 311 351 784 82 134 133 221 962 365 436 82 183 983 395 601 796 697 156 475 723 264 279 248 633 316 621 894 359 43 13 244 845 67 587 21 765 598 434 893 554 565 520 492 406 796 528 861 845 1000 763 419 105 673 362 642 365 641 591 89 589 90 709 96 222 182 391 705 681 433 863 654 859 781 644 713 867 626 577 203 486 448 524 865 448 736 91 758 778 543 326 816 958 915 421 202 2 772 325 156 78 379 109 419 320 766 175 676 227 784 692 520 621 637 996 74 542 798 275 176 42 997 512 790 975 20 293 297 196 505 288 934 233 814 293 422 665 638 926 754 7 530 534 324 521 452 500 253 59 25 1 704 267 236 688 336 288 819 210 932 556 585 378 858 424 480 744 319 786 39 480 42 986 967 744 906 592 64 200 932 385 7 33 217 1 683 921 767 282 86 618 819 256 355 189 851
321
567 318 361 545 535 760 316 468 909 411 386 983 644 873 269 292 555 936 29 357 347 81 896 673 643 699 752 271 993 331 839 338 454 955 886 337 706 23 856 693 874 666 697 643 730 9 206 425 449 793 451 266 770 303 403 680 567 734 352 845 271 828 846 190 436 538 252 706 361 208 771 141 268 405 610 358 141 812 433 548 584 468 881 636 200 111 447 505 663 927 95 289 983 713 325 223 829 655 494 482 251 210 484 891 691 857 242 990 785 483 630 148 469 283 342 418 205 704 621 723 84 420 756 740 512 46 779 895 817 192 928 671 453 664 608 406 963 4 560 129 170 179 181 531 557 65 248 833 793 689 866 47 84 946 820 690 778 561 389 426 90 309 960 39 382 271 656 391 8 32 439 56 367 157 585 110 4 578 80 568 134 93 385 14 684 721 789 162 491 485 967 930 520 805 667 576 482 658 169 879 485 859 318 196 87 855 983 861 15 712 77 940 602 901 519 826 905 145 421 458 762 225 842 808 750 732 462 1 690 275 25 682 323 257 267 720 287 919 745 830 105 728 614 616 677 577 530 939 910 251 829 862 61 634 403 914 815 576 699 267 465 504 879 439 496 968 686 841 428 522 547 24 462 350 78 714 719 123 291 128 490 989 5 890 202 592 847 598 541 108 881 443 423 91 56 470 213 737 865 170 335 435 433 645 96 86 967 799 835 826 389 878 419 842 546 991 281 375 84 312 740
232
230 357 569 566 659 261 178 400 789 97 511 298 99 551 828 285 792 899 152 538 314 595 313 463 357 593 631 747 687 496 900 477 416 603 424 773 496 713 931 131 790 747 380 516 227 892 330 276 636 763 13 599 791 460 82 558 764 666 254 443 840 315 152 804 743 645 12 460 736 150 792 519 748 625 376 310 525 147 703 459 901 66 822 62 768 849 760 797 265 720 887 975 966 196 485 386 109 500 486 831 56 520 617 604 222 885 33 375 964 904 351 608 472 677 527 645 632 412 982 859 375 366 423 51 605 203 194 623 6 152 766 926 34 767 484 413 309 765 320 700 47 9 997 394 745 132 824 867 364 269 533 385 53 368 650 410 789 291 655 805 950 787 798 752 78 421 181 691 208 110 411 778 299 145 267 262 700 185 624 599 572 319 576 928 156 942 954 926 594 8 320 731 796 87 660 799 139 344 286 518 455 24 195 803 327 744 140 95 556 768 229 646 469 638 212 40 291 606 229 958 477 253 796 413 211 246 911 381 370 139 135 155
343
313 701 840 897 666 505 571 909 572 227 134 882 927 389 238 672 826 379 246 208 817 83 793 233 635 652 982 899 753 399 604 827 239 650 163 624 173 954 784 774 954 537 168 524 184 829 59 877 725 30 58 743 724 941 680 26 936 989 471 619 981 524 723 282 727 493 184 389 877 745 420 411 911 206 578 976 263 355 497 329 89 116 824 579 599 922 864 382 162 72 734 18 874 628 288 813 401 186 166 911 861 6 337 876 674 186 886 709 234 185 132 422 679 170 731 150 665 291 611 338 167 994 367 221 658 618 561 88 964 756 130 691 594 235 441 471 403 565 793 74 790 207 165 703 4 637 370 385 982 822 269 399 927 977 246 518 888 204 210 191 973 15 679 588 353 891 395 186 256 495 511 7 121 144 641 582 820 768 259 949 6 143 813 7 177 822 397 723 959 544 976 760 492 99 990 682 99 421 240 28 462 357 573 403 828 204 25 321 4 415 283 663 504 824 596 93 632 934 385 138 274 554 608 163 132 878 241 105 401 336 171 604 679 271 576 632 302 799 36 378 436 451 20 933 751 192 571 202 8 179 792 101 728 654 520 964 357 885 58 604 406 247 427 191 852 832 408 485 332 775 838 180 962 89 528 105 264 923 568 373 221 335 830 242 464 687 58 154 727 722 656 675 451 97 639 791 978 590 171 768 343 318 719 269 252 800 645 854 780 763 883 588 667 291 631 129 785 82 291 650 670 712 46 242 993 153 225 449 990 680 740 921 372 732 659 243 103 723 591 488 430 332 918
313
689 865 38 708 801 761 221 398 689 57 848 956 66 751 201 302 549 69 106 207 419 889 448 138 851 620 357 948 930 811 342 457 152 241 5 699 391 191 68 16 39 73 263 555 951 461 640 817 680 329 853 290 32 612 482 436 493 79 450 100 836 745 623 737 337 570 336 59 803 208 773 659 37 370 152 34 23 928 582 314 18 169 171 859 425 209 398 169 742 81 882 742 189 617 180 713 80 171 387 687 9 87 786 554 614 733 807 367 545 909 66 859 80 325 768 203 461 298 880 709 667 615 760 883 207 814 386 310 912 911 31 321 211 186 159 459 671 87 688 323 915 267 160 233 588 601 993 447 997 861 290 259 179 526 129 726 902 450 883 979 238 990 641 32 485 315 269 667 155 24 56 119 957 517 882 48 20 211 465 846 298 67 288 883 435 471 597 21 152 719 839 683 245 989 113 39 783 844 246 672 79 590 832 883 584 988 595 638 13 154 177 260 546 780 433 108 230 949 291 86 923 119 111 948 333 740 755 792 919 623 839 536 933 831 712 287 422 998 798 668 70 193 457 37 746 576 35 430 861 928 571 768 467 693 282 78 545 491 301 849 294 500 173 655 786 23 263 539 166 262 991 671 579 853 668 732 985 513 318 37 67 826 892 44 576 463 910 76 112 306 614 944 456 308 584 414 562 993 258 399 788 200 709 211 785 727 789 447 39 17 581 254 637
692
67 154 994 226 189 387 60 2 595 297 995 178 890 287 73 511 289 687 412 712 116 939 318 388 167 34 918 205 911 279 600 552 557 838 968 385 902 963 752 519 718 543 91 489 75 250 993 113 897 359 282 587 640 579 711 716 320 772 484 629 337 334 724 124 705 947 679 296 608 461 993 209 87 908 299 545 269 976 765 796 194 371 496 30 517 792 310 172 142 895 460 520 628 153 647 400 392 959 206 284 856 693 572 805 523 811 855 683 784 452 427 855 698 985 736 981 655 255 716 389 463 379 209 662 309 700 394 961 704 633 182 681 962 811 320 589 741 667 568 835 199 120 379 576 953 653 86 589 681 296 657 505 274 147 858 776 8 144 305 990 123 142 432 331 34 445 318 246 498 436 513 668 582 690 613 155 121 376 197 826 533 971 325 747 478 327 475 983 848 922 561 68 80 464 679 488 185 932 655 515 475 802 785 426 988 839 926 881 424 493 638 348 556 59 56 719 307 771 848 334 827 108 733 12 922 962 853 957 811 716 326 678 518 559 257 45 674 607 876 617 321 391 722 441 406 201 563 888 876 804 751 159 283 885 849 963 143 544 109 906 170 542 139 949 336 980 646 862 579 593 138 445 914 502 226 422 986 282 484 518 35 601 893 330 808 452 529 103 712 309 284 509 519 924 667 73 994 850 447 106 981 232 421 474 949 232 966 166 807 176 653 664 782 64 358 474 173 726 970 833 112 976 830 983 949 474 4 115 906 545 141 929 149 382 328 520 737 707 280 811 10 802 941 463 350 418 77 281 389 128 656 682 205 931 399 849 883 330 272 650 510 678 77 532 731 304 966 891 537 252 284 703 873 136 190 829 933 590 43 850 300 638 561 968 846 948 513 52 145 710 638 244 181 565 349 681 359 351 650 258 177 112 643 257 837 925 191 39 224 218 361 711 379 997 461 868 174 197 536 927 215 428 306 164 766 348 626 316 291 481 880 662 356 867 376 395 149 728 296 108 65 650 148 33 623 735 125 48 632 281 260 662 389 915 468 326 476 785 402 930 25 359 762 644 927 997 199 877 898 43 812 58 283 494 281 169 229 238 447 876 413 558 13 949 146 836 930 242 536 482 335 445 235 530 891 844 406 150 684 518 435 714 738 339 636 546 186 336 840 508 236 806 8 517 796 989 465 735 805 64 1000 905 552 668 735 465 275 431 118 633 716 360 583 904 349 942 353 122 905 105 147 661 925 596 5 97 437 268 698 793 628 862 693 137 186 428 64 312 929 810 38 638 116 224 893 282 115 197 40 554 521 277 129 575 609 252 249 820 66 947 489 195 692 713 459 179 102 247 597 104 740 756 715 849 699 414 187 379 760 97 794 44 752 473 286 66 164 451 732 379 973 347 624 274 376 840 324 534 714 10 155 335 551 617 80 381 321 485 783 179 720 442 197 724 460 91 1000 226 836 44 166 757 686 382 727 297 770 988 465 309 988 459 495 225 661 108 158 110 117 668 342 188 3 337 433 443 82 819 62 200 476 892 432 629 938 403 593 112 827 238 448 580 132 702 49 736 43 630 257 996 48 840
806
124 757 150 104 209 499 514 734 306 913 482 95 923 128 842 94 82 205 590 276 376 822 579 945 167 902 341 626 962 445 121 342 501 904 859 526 233 373 214 409 808 844 490 230 631 682 170 131 364 156 593 762 37 882 17 295 375 463 675 823 223 600 160 887 527 14 365 211 298 659 414 101 432 36 411 995 514 153 652 260 476 762 419 51 462 891 203 88 687 213 584 221 736 194 368 864 607 851 633 770 791 557 705 648 6 328 855 571 136 115 186 315 866 548 833 78 106 514 986 71 256 204 524 15 748 621 896 696 659 68 906 816 539 649 630 226 499 480 465 736 66 588 87 833 759 94 66 557 761 294 893 755 918 392 315 800 690 285 911 610 596 724 60 768 891 6 722 427 658 689 755 815 419 15 394 666 613 842 639 907 697 453 441 450 28 726 224 341 323 291 99 399 750 866 8 470 418 670 146 562 459 851 178 94 758 736 524 236 42 211 409 507 677 236 364 903 582 140 913 824 711 305 867 940 188 194 164 927 808 673 463 334 670 415 168 698 983 186 233 738 221 366 493 818 6 794 528 600 187 496 200 519 593 270 348 641 595 70 6 354 683 361 424 244 701 157 582 530 265 177 167 169 613 970 925 276 94 531 934 278 379 93 634 691 747 77 219 147 64 31 531 211 813 585 949 106 420 669 207 196 233 558 164 161 704 541 32 54 645 962 507 564 353 999 37 143 497 695 956 65 435 477 798 949 107 687 116 344 123 55 113 170 192 189 494 282 373 502 197 714 641 108 509 569 596 11 172 458 841 386 394 657 270 72 742 607 673 687 981 610 365 205 374 36 897 916 474 474 210 995 189 110 7 396 302 568 761 417 550 803 319 353 404 108 288 11 803 317 784 825 857 720 636 215 909 265 764 448 584 226 263 380 333 995 467 622 229 940 235 33 289 734 783 186 686 812 495 894 221 519 167 88 723 233 876 308 300 892 305 173 890 488 364 134 392 113 347 389 147 269 191 776 587 126 390 477 628 979 696 200 366 40 308 177 558 950 992 733 43 464 528 369 330 31 705 510 416 500 513 73 91 712 182 812 626 93 74 140 351 704 739 363 236 793 221 315 963 702 230 975 857 242 983 556 815 38 355 131 529 199 705 797 838 225 641 780 468 552 314 763 798 49 527 614 801 274 85 396 104 664 89 385 316 29 953 290 421 376 31 453 10 257 952 216 214 944 66 611 640 1 615 435 828 200 444 168 123 432 298 552 435 861 476 997 906 467 562 299 757 802 194 479 898 730 601 608 173 708 74 908 840 155 120 72 888 78 861 161 488 321 87 772 151 589 166 767 767 559 976 315 887 237 920 528 304 791 883 805 456 754 467 277 182 830 992 247 897 41 414 340 17 801 467 357 100 721 378 922 854 192 247 894 624 889 453 683 97 21 553 714 872 62 216 910 644 832 268 467 669 740 891 32 986 827 269 119 557 609 947 638 65 337 371 857 61 305 127 631 319 352 73 502 787 620 117 802 973 295 111 619 237 369 376 493 787 520 985 135 165 106 245 186 563 374 604 730 26 884 191 297 645 569 668 395 157 599 338 77 439 857 639 875 907 376 61 747 267 700 382 414 415 66 663 993 357 855 387 109 493 799 84 32 14 328 840 763 594 436 167 320 344 691 189 970 609 192 77 44 367 18 948 944 793 903 905 264 598 948 277 336 532 580 224 168 665 715 130 795 7 863 51 456 465 241 452 718 620 883 452 171 662 628 264 457 173 763 559 818 968 690 537 704 827 792 753 450 826 876 23 826 815 764 368 549 424 706 39 744 975 789 457 556 791 360 709 281
460
970 381 136 370 581 840 128 89 721 929 519 261 200 813 865 777 908 565 529 277 788 905 309 721 983 144 542 967 592 592 167 169 838 232 470 12 87 20 926 345 633 128 421 371 610 69 621 265 188 455 582 754 118 3 262 603 115 558 394 980 499 290 974 162 698 615 588 121 771 576 341 735 568 997 510 449 12 895 376 620 257 912 637 851 16 509 971 536 946 856 183 155 56 608 960 241 691 274 136 545 319 260 462 512 938 312 235 72 143 717 341 230 56 446 266 632 416 641 598 96 527 783 701 846 359 680 718 397 284 441 75 872 902 682 685 745 478 421 902 622 990 405 519 85 436 760 324 45 864 549 857 185 234 729 659 415 602 577 593 297 355 553 785 812 836 192 102 870 445 729 342 160 425 712 143 752 157 922 599 239 203 65 302 256 50 840 731 728 172 949 381 871 317 508 224 521 212 718 321 841 896 951 77 593 307 911 989 339 414 804 911 44 872 456 17 513 130 246 713 132 924 281 209 306 203 305 511 173 279 328 989 292 353 826 767 128 339 239 106 367 830 536 41 868 813 654 601 704 695 140 512 951 889 462 741 350 959 808 932 519 267 539 88 402 330 694 563 438 661 236 111 633 817 435 36 794 666 201 280 653 910 211 265 10 42 612 326 989 659 572 158 152 790 197 292 586 708 174 319 412 789 726 219 506 965 127 777 318 35 650 68 693 780 91 318 37 771 192 322 486 741 125 582 240 860 323 996 216 712 379 547 550 215 100 690 585 562 775 766 823 194 401 543 160 538 741 99 755 192 452 722 431 964 743 134 569 257 524 917 875 224 144 374 78 783 363 2 88 513 812 41 836 468 947 392 433 755 496 221 697 92 435 333 939 68 904 398 569 443 995 386 708 459 947 144 448 605 508 652 573 901 45 111 416 786 819 623 685 425 24 680 715 891 549 427 635 849 205 427 106 662 745 145 488 535 447 673 450 792 428 381 411 829 356 678 350 670 841 891 837 532 388 351 713 968 854 834 355 460 889 97 203 620 795 318 227 382 708 501 618
396
633 84 837 318 295 908 512 544 80 469 484 790 400 747 764 276 172 328 917 917 403 529 447 185 896 94 743 264 647 255 865 184 964 714 926 167 640 924 545 972 341 101 803 27 679 358 449 926 463 855 204 972 216 841 47 653 387 949 881 643 945 510 631 463 72 55 386 373 743 694 721 436 88 305 772 278 46 226 821 841 879 323 302 21 796 829 330 192 474 599 431 123 955 860 889 172 985 136 250 276 17 872 909 469 732 339 519 347 874 11 58 882 54 998 839 472 62 462 897 792 896 876 593 992 893 307 769 863 550 570 765 493 860 902 265 836 107 208 329 825 928 908 342 148 446 491 350 226 829 231 99 519 118 257 212 686 516 702 751 642 621 57 265 136 180 454 515 715 145 612 437 84 665 70 844 756 954 784 369 277 591 39 497 517 179 19 136 269 337 786 745 751 948 565 66 164 22 641 59 63 65 122 764 33 163 707 583 651 852 319 476 247 466 369 523 32 603 51 332 490 463 194 676 433 840 775 866 260 780 368 925 419 982 413 970 954 6 989 10 480 439 642 752 521 191 320 826 810 42 174 13 722 463 639 731 65 288 879 960 89 209 330 525 937 670 450 584 415 978 889 633 67 276 581 269 365 270 420 138 274 647 331 61 516 925 772 137 989 501 657 534 188 804 959 816 175 614 166 869 563 820 372 877 1 360 626 485 634 708 496 285 951 659 648 994 762 932 485 842 200 738 973 349 379 497 190 166 713 483 920 718 429 867 693 918 634 614 852 780 632 897 143 412 865 922 647 721 919 199 912 73 11 386 380 743 828 400 827 877 587 50 532 306 615 124 859 310 688 716 873 76 141 807 219 136 683 158 476 414 850 852 276 672 947 857 420 751 616 497 646 257 527 187 695 284 511
406
283 867 789 59 739 378 337 181 547 145 797 825 977 840 223 491 652 883 945 294 508 252 223 898 345 61 111 78 293 532 499 725 410 70 906 138 300 288 295 868 173 68 142 365 925 593 381 431 982 233 527 400 46 197 602 680 679 189 699 44 37 335 408 653 808 509 293 658 796 463 676 755 575 782 365 43 937 604 338 744 102 364 212 671 422 445 161 755 663 812 691 547 158 141 804 795 327 943 932 122 96 431 477 523 871 892 179 600 568 543 272 933 234 929 448 772 230 880 125 352 108 109 890 811 934 319 444 565 105 593 536 523 686 863 898 259 824 694 538 343 590 1 68 951 52 460 830 752 881 363 910 127 605 483 983 974 125 648 216 538 657 783 44 581 732 596 253 477 253 156 549 262 119 189 162 510 249 346 202 472 356 492 843 716 379 655 83 973 726 968 207 815 597 309 693 907 703 873 491 181 446 308 215 715 45 239 172 382 469 822 941 440 486 749 25 594 800 978 486 59 587 90 54 561 272 536 602 797 60 826 617 990 768 475 59 229 477 259 533 635 44 135 436 431 439 937 183 328 467 1000 617 312 919 765 801 148 103 794 69 616 87 576 330 483 39 513 721 892 684 86 58 85 581 215 507 828 411 846 782 236 703 60 749 165 11 861 251 765 991 547 861 721 286 645 481 426 299 245 863 557 73 695 69 824 94 492 3 308 666 624 384 187 989 845 113 560 456 296 303 967 573 331 557 470 212 506 516 163 851 970 518 15 709 830 987 33 320 353 553 943 581 307 273 321 150 739 347 887 575 78 492 460 372 442 787 516 319 367 473 849 464 334 695 787 219 929 524 738 132 106 265 929 273 655 690 427 621 128 632 155 276 857 880 290 922 82 809 780 420 520 172 312 491 156 658 660 572 116 385 796 246 589 550 993 546 504
194
220 798 234 992 260 125 337 665 383 931 670 18 564 488 168 765 35 268 515 696 264 806 101 606 776 556 712 116 298 175 596 441 952 256 613 28 884 225 355 915 917 730 739 183 721 35 443 84 604 960 717 214 868 482 246 5 884 27 996 114 452 110 192 988 783 143 432 988 981 293 16 27 570 888 47 906 846 498 718 33 842 917 203 894 77 70 604 230 485 489 684 793 129 472 772 448 656 841 985 243 134 14 355 222 296 183 9 813 350 721 139 301 547 470 532 543 755 920 55 831 371 630 583 409 643 951 145 848 842 506 876 990 467 74 218 952 117 266 425 267 424 741 151 187 120 586 737 663 426 774 372 381 935 619 448 155 959 895 693 442 641 93 660 457 194 734 634 135 840 105 675 439 155 908 900 336 882 447 716 839 702 678 295 525 673 106 663 219 577 161 814 971 220 973
579
667 34 991 370 540 113 229 649 189 945 365 252 791 615 384 457 79 327 160 100 321 112 762 33 494 737 626 67 630 17 426 384 633 360 36 882 428 377 510 172 275 137 443 265 744 344 770 593 600 841 572 20 971 950 406 279 273 395 20 291 880 672 870 719 49 43 680 647 806 828 756 991 995 200 831 400 38 131 647 265 196 219 158 320 305 167 560 457 173 709 194 771 349 749 233 178 740 841 192 88 605 944 103 53 460 924 209 472 693 417 955 729 988 194 141 937 295 512 672 874 126 6 709 79 975 841 280 936 803 726 842 45 904 238 234 136 146 511 819 497 542 371 407 385 781 657 234 36 438 714 732 583 421 469 714 85 442 495 93 231 189 724 786 927 197 142 428 902 462 662 949 966 181 318 342 527 55 24 66 729 55 161 955 111 425 491 547 742 278 627 360 11 126 627 21 937 1000 164 121 221 134 856 310 689 668 708 710 953 781 856 647 406 646 412 851 575 113 964 326 783 86 761 985 459 261 77 478 510 969 597 270 652 504 190 768 433 766 814 941 613 620 764 489 96 781 453 667 969 61 874 154 89 684 722 721 299 654 838 646 902 305 512 33 804 537 18 124 938 629 430 419 258 954 663 47 237 82 928 900 237 109 595 407 928 658 963 983 640 926 343 694 309 214 495 494 482 952 931 605 319 610 100 213 430 375 796 361 595 623 231 663 213 260 418 458 304 456 881 830 575 25 532 86 60 302 668 22 444 564 248 161 650 463 711 968 758 576 86 532 343 578 877 666 393 120 597 328 930 822 177 38 523 811 745 45 363 62 44 449 172 53 654 81 645 484 696 447 182 889 476 663 640 724 39 182 454 79 992 473 775 633 499 343 926 451 628 591 640 688 480 112 77 308 608 613 430 741 388 212 664 22 675 968 532 297 422 558 890 481 108 268 851 628 243 888 684 924 754 648 740 694 920 543 447 83 806 859 52 231 690 666 10 462 196 805 258 300 692 767 121 188 242 897 507 342 40 203 684 396 166 446 185 91 786 224 736 813 684 58 541 20 720 759 825 543 79 925 173 881 796 778 91 684 124 846 529 267 56 860 690 545 365 193 328 778 259 596 251 519 834 584 365 795 38 359 239 300 471 842 730 308 725 869 885 902 677 553 250 803 143 300 826 614 613 28 945 361 243 900 153 344 120 473 326 815 76 789 483 472 388 948 562 845 261 888 799 767 722 15 938 400 849 267 628 521 304 707 568 291 505 289 3 962 647 813 760 605 270 983 393 387 316 893 657 452 746 650 260 159 464 73 798 43 926 225 110 57 182 146
804
259 550 334 328 808 560 753 222 72 282 722 395 945 486 632 567 279 238 470 136 172 925 605 575 99 26 970 184 13 838 515 255 23 661 382 443 187 606 869 656 22 322 843 875 359 249 792 879 926 799 333 29 308 977 271 298 806 878 845 568 612 507 13 365 563 879 288 27 463 657 690 766 360 611 552 909 907 868 859 589 52 64 223 885 272 245 279 238 875 280 558 983 479 947 338 359 980 355 141 501 632 447 356 260 119 505 309 980 358 150 634 82 3 350 271 764 806 392 129 247 343 247 462 511 660 893 196 613 182 603 881 810 183 793 514 113 66 142 401 523 214 357 640 466 825 536 623 350 50 722 830 814 369 118 595 502 449 173 924 942 417 883 911 809 674 640 968 277 234 936 424 865 370 979 703 692 666 690 391 82 142 269 856 586 726 779 55 808 280 440 721 265 412 312 873 85 778 408 154 680 137 520 985 656 662 613 994 79 842 507 967 970 897 405 411 33 1000 302 531 172 111 716 87 951 4 912 967 474 789 176 313 456 495 9 953 751 85 479 879 302 123 555 269 312 988 396 172 782 22 920 809 296 584 129 740 555 269 816 519 330 994 417 968 92 611 212 926 831 851 657 881 862 746 526 784 748 740 643 471 654 75 461 323 202 364 456 60 385 278 931 59 239 896 749 770 496 183 25 62 300 441 450 119 10 984 149 915 987 73 374 457 953 741 757 705 139 894 949 44 657 723 274 477 892 791 356 81 997 6 165 31 241 411 68 273 6 402 283 16 344 663 391 790 810 722 168 402 345 863 854 128 486 290 422 245 980 562 424 123 85 198 531 994 46 786 96 39 783 670 821 93 124 877 474 619 232 882 162 547 422 173 374 359 276 346 136 804 95 636 885 547 687 725 106 244 863 666 625 742 13 731 492 350 948 645 410 789 146 530 191 205 217 592 463 831 598 685 956 589 267 624 823 923 308 341 422 128 333 184 538 861 27 722 373 874 535 997 137 703 121 84 924 550 634 440 876 549 902 580 228 698 309 630 622 763 464 183 341 287 286 752 578 565 802 300 73 191 601 212 21 403 795 362 969 261 504 556 458 908 579 774 229 151 389 153 641 367 136 35 279 209 934 997 885 953 954 658 523 430 234 783 657 657 152 892 690 137 310 644 596 275 828 226 762 868 561 183 329 701 120 275 759 407 257 502 596 391 85 593 762 437 560 718 865 135 522 42 614 501 532 312 977 940 259 616 366 218 554 522 868 585 703 362 213 556 192 99 150 475 809 490 183 733 640 481 309 755 571 851 780 733 75 534 614 19 746 35 743 287 535 396 750 611 703 931 138 741 214 179 376 9 299 347 867 892 938 143 896 98 849 137 918 616 154 412 970 585 914 119 922 392 661 796 40 988 556 469 266 369 655 726 374 338 222 232 4 921 283 280 7 507 982 561 560 272 187 612 781 722 722 678 118 462 867 543 168 526 640 386 90 43 858 593 130 637 480 161 748 530 311 735 701 907 491 118 869 629 854 181 661 951 546 43 179 896 438 992 222 822 881 911 118 524 647 878 686 327 656 324 263 304 992 232 867 883 354 202 785 784 239 794 393 16 384 858 630 57 139 264 835 353 361 230 310 469 39 874 651 486 9 935 968 882 121 336 125 137 350 250 4 306 752 869 807 537 695 736 797 897 550 464 675 375 59 484 811 259 295 444 169 521 132 150 971 138 207 308 355 503 812 168 670 518 315 732 811 858 415 257 443 542 519 93 665 794 496 269 922 824 225 478 936 188 989 813 977 370 352 564 756 153 422 617 299 1000 765 497 297 370 28 887 215 494 714
376
259 611 415 990 29 701 688 951 937 436 653 921 962 932 430 6 660 210 974 343 323 784 320 128 307 525 460 21 345 462 78 892 20 587 927 638 432 226 945 670 930 779 984 527 188 180 370 842 263 132 657 615 847 703 540 788 688 674 206 725 556 663 84 373 568 556 85 265 706 409 541 459 935 309 334 748 348 691 243 659 20 387 129 118 49 431 99 205 483 678 131 910 197 35 399 821 343 332 62 838 792 844 160 207 871 350 566 777 741 395 954 168 161 914 307 635 319 539 229 417 441 978 765 871 519 80 204 19 683 786 247 54 753 533 439 176 855 469 676 476 879 473 799 862 233 454 719 797 510 564 785 157 106 528 902 580 699 374 825 768 297 21 518 152 284 505 595 842 875 297 834 873 457 719 667 980 121 159 221 332 577 592 609 345 131 938 915 85 24 338 561 127 633 239 427 452 555 788 5 831 64 104 49 172 284 463 808 880 778 368 666 107 573 200 571 445 975 369 163 851 610 183 54 284 942 779 417 800 888 935 581 192 749 533 445 561 606 245 500 865 777 435 794 67 157 353 958 442 139 641 864 750 187 293 770 834 436 912 306 153 89 986 758 928 989 316 209 67 337 744 467 470 301 123 507 909 397 73 313 413 897 737 412 679 836 580 350 234 263 65 405 584 513 4 995 289 260 132 192 347 763 225 308 722 763 631 743 432 923 971 492 14 123 148 830 152 320 489 793 411 980 506 815 330 724 615 63 273 694 828 538 919 728 234 495 607 88 47 587 87 133 247 515 625 786 387 463 738 362 139 635 74 616 280 305 879 902 119 349 157 385 840 125 274 770 988 200 217 931 320 848 88 925 234 815 131
911
359 511 168 10 988 459 440 726 625 239 344 680 79 726 676 513 920 989 347 788 199 893 836 36 495 604 580 227 713 694 94 636 555 299 948 727 330 559 618 435 887 214 511 928 304 743 372 114 75 934 176 329 360 940 65 324 566 586 130 323 874 800 493 915 106 398 679 711 425 112 509 626 857 751 430 829 400 473 359 756 469 454 511 291 537 575 315 409 304 648 451 702 722 850 946 317 535 726 885 205 697 590 519 537 748 496 48 587 790 900 406 375 897 943 495 452 196 587 453 806 13 894 747 201 702 1000 347 221 896 902 93 589 383 175 348 835 89 721 901 133 904 885 191 115 370 662 388 136 643 627 105 166 394 91 323 821 224 895 180 718 204 744 955 376 229 682 552 917 812 345 478 581 463 117 971 943 257 151 333 715 943 429 922 945 635 476 72 162 477 16 282 537 355 677 575 955 292 269 437 14 863 542 96 547 931 140 386 597 266 370 668 201 177 675 983 34 801 59 248 141 715 97 907 973 208 222 578 910 245 346 180 994 611 166 450 991 616 570 369 81 108 513 692 338 286 609 280 958 984 681 725 789 926 484 109 713 275 251 49 971 535 586 502 245 211 557 565 408 204 527 853 115 889 817 284 622 630 936 151 683 870 155 582 476 880 900 18 585 288 919 911 312 452 255 39 790 87 810 203 196 442 526 62 761 384 416 241 283 763 866 107 840 236 281 605 446 801 475 827 292 701 178 452 603 730 434 415 665 61 482 243 150 16 824 834 49 646 705 450 943 814 235 774 155 881 567 214 681 78 979 676 973 422 79 655 498 989 791 398 234 118 186 994 418 353 22 632 96 366 184 640 709 571 822 492 134 969 813 501 684 662 732 138 602 197 741 448 823 990 17 990 464 966 899 643 833 798 314 200 684 556 617 693 393 324 1000 746 70 972 130 293 351 171 363 518 574 523 576 101 602 863 743 849 437 754 690 882 600 564 75 816 687 446 350 58 452 90 375 182 715 791 271 864 511 89 250 733 738 424 556 719 414 503 177 563 422 233 996 279 250 324 174 698 825 147 877 306 764 855 152 838 585 238 781 70 300 546 540 19 115 589 556 653 227 268 827 622 975 289 863 580 824 552 776 938 28 537 585 90 44 572 935 694 939 419 926 927 450 417 869 79 962 728 3 781 713 991 638 624 419 798 194 632 408 749 701 755 715 897 105 268 715 903 97 710 138 52 82 841 717 374 707 34 688 215 105 849 259 934 110 238 947 641 839 517 956 854 553 700 692 689 305 379 620 521 269 697 524 30 238 661 584 512 453 746 68 962 20 712 688 29 205 526 184 574 939 476 208 986 385 405 96 564 824 994 866 892 110 739 186 594 413 409 235 232 628 111 60 634 700 78 877 953 868 574 675 44 467 608 398 541 297 260 816 328 862 985 465 295 665 382 28 74 98 722 404 599 577 151 898 550 441 731 917 587 967 978 470 537 18 893 27 170 158 418 447 926 4 768 965 640 642 672 180 668 894 796 719 80 401 571 583 350 512 906 817 501 308 543 180 425 154 262 158 525 500 473 927 589 4 828 57 787 2 935 797 556 510 33 841 442 606 50 273 321 381 478 776 482 456 133 84 342 111 783 744 790 430 623 451 593 171 629 591 966 411 946 405 747 520 30 943 543 994 985 834 695 758 914 320 550 993 369 885 458 461 798 482 113 10 434 596 110 670 948 318 704 887 736 121 247 817 697 158 451 100 786 465 648 736 93 964 364 884 340 709 734 652 886 188 992 919 199 435 436 845 730 153 272 285 578 480 829 132 965 18 747 331 92 148 662 355 827 500 110 273 606 584 608 288 26 38 1 964 604 179 867 876 547 195 952 192 605 380 2 89 65 481 328 539 426 813 344 423 24 323 71 728 349 308 535 629 819 669 222 289 395 460 230 417 178 190 951 1 942 758 93 346 276 828 400 266 665 451 401 659 790 487 505 189 288 357 576 20 805 10 871 145 867 584 282 866 208 167 745 387 434 137 166 893 746 396 565 326 496 824 297 416 702 683 475 317 598 478 477 946 956 875 525 144 613
106
409 11 229 785 261 307 228 831 602 339 66 482 733 780 243 646 132 330 803 799 136 588 233 975 122 988 744 64 169 716 211 775 758 219 719 157 178 456 439 427 601 536 600 185 80 605 98 880 634 251 757 567 836 214 938 453 195 603 212 220 155 663 393 979 122 321 619 885 541 694 770 732 51 357 832 571 888 566 166 584 553 583 672 706 215 416 319 218 98 653 698 237 523 638 809 359 922 289 47 741 775 94 745 276 737 953
809
478 220 875 656 365 931 896 283 96 72 644 457 563 572 344 135 887 972 886 429 188 184 431 206 496 991 337 612 582 549 715 429 235 235 527 261 153 310 68 941 420 479 799 696 734 654 367 198 327 616 163 433 502 587 846 602 819 364 89 521 277 88 678 743 144 595 371 111 46 475 496 889 14 116 172 541 17 760 539 656 641 273 824 481 674 411 272 586 702 439 860 588 335 170 730 950 910 5 822 161 576 677 182 862 832 132 7 783 135 416 558 334 126 770 355 298 404 961 56 683 451 30 637 373 891 803 348 82 511 570 606 104 662 642 518 478 375 702 200 257 653 767 688 379 831 757 634 862 415 631 943 580 587 275 87 685 142 302 371 261 573 576 669 686 785 792 742 340 548 642 520 513 745 864 861 912 436 364 368 433 59 919 466 372 441 874 402 145 708 84 644 280 812 729 970 801 583 482 280 882 133 934 963 213 36 2 710 572 102 787 355 143 324 252 708 752 278 905 592 777 923 439 949 513 34 165 540 851 40 240 839 186 801 761 472 348 491 235 985 318 895 880 262 743 528 535 624 39 992 830 91 199 428 124 254 685 749 516 175 371 580 772 315 833 261 878 615 277 755 754 585 954 560 564 351 38 609 799 442 330 397 25 347 514 261 911 749 571 400 999 888 801 427 82 308 491 199 782 948 7 679 123 792 77 428 123 711 970 120 343 590 167 31 85 11 73 642 632 487 998 828 39 212 247 5 390 222 94 221 536 250 332 176 430 727 350 443 480 274 447 278 234 738 859 268 100 527 50 145 783 210 543 616 863 798 241 209 984 591 382 389 718 95 39 557 660 665 164 573 139 868 535 23 66 480 832 122 601 262 845 775 826 693 38 961 453 212 522 217 505 762 676 77 757 317 538 562 881 229 651 433 996 186 151 145 92 174 718 277 548 193 124 611 219 28 9 487 452 492 786 443 385 19 215 246 648 982 902 755 678 6 134 821 591 412 266 330 213 263 854 309 223 553 270 812 462 381 663 706 549 397 173 145 571 661 690 607 957 369 449 892 268 175 794 269 419 693 886 540 29 564 226 126 225 818 254 450 305 17 272 300 108 652 267 525 590 700 901 300 945 791 813 415 938 496 100 767 277 10 693 325 113 383 906 998 791 383 256 521 913 941 788 463 490 287 929 620 230 947 179 250 981 53 105 511 279 500 160 203 662 232 182 451 260 991 372 926 189 400 435 978 53 433 802 893 931 760 161 706 502 457 963 777 71 470 167 630 367 144 254 409 130 732 306 775 928 96 112 841 10 103 164 356 919 992 210 649 521 941 763 399 372 914 606 874 999 120 155 115 296 439 627 872 145 712 124 10 894 539 965 819 252 51 25 49 980 836 238 732 246 688 593 763 443 524 231 791 493 86 881 757 718 92 870 281 394 815 197 707 483 945 441 432 838 616 162 232 923 653 13 191 834 841 383 772 145 132 973 136 609 92 159 873 157 946 591 936 774 756 359 494 960 596 512 850 885 733 587 258 411 651 141 979 684 812 740 211 317 889 841 174 387 605 777 226 256 489 351 786 706 208 346 729 231 318 27 491 135 82 891 1000 486 848 489 410 67 109 330 408 574 274 939 691 546 689 570 653 114 771 66 657 843 900 535 745 234 373 249 378 162 810 727 297 859 632 325 406 657 964 163 711 323 639 648 765 881 949 700 131 283 125 580 959 564 406 646 534 525 155 788 416 19 174 940 245 477 95 742 940 46 210 118 582 542 728 482 962 932 647 680 406 452 484 576 253 944 359 302 611 1000 115 137 488 878 701 630 597 99 873 246 523 773 773 996 533 379 600 950 606
730
851 439 135 388 90 148 162 923 518 899 797 318 420 121 789 569 779 878 812 840 352 958 143 498 677 933 376 743 995 897 566 698 50 38 953 858 339 244 125 137 148 156 648 663 526 321 138 87 791 241 418 229 132 389 391 733 912 765 782 22 713 419 525 738 896 799 171 304 98 435 287 842 209 215 152 631 465 454 544 59 699 368 153 740 651 97 828 60 161 728 489 543 583 591 40 447 93 352 243 390 405 864 48 157 255 747 533 442 898 657 74 78 561 618 431 499 677 83 5 264 906 231 821 308 106 895 821 764 222 555 651 561 411 4 86 943 838 587 597 452 254 26 947 250 167 448 840 741 624 243 903 72 40 570 464 914 69 563 3 837 80 446 504 374 265 746 551 407 185 315 474 268 361 10 88 78 316 158 43 383 983 793 50 59 71 206 772 382 810 326 86 786 550 564 127 25 806 668 98 581 621 715 58 80 832 499 436 123 817 144 693 166 733 640 365 224 861 315 38 457 782 97 41 119 778 749 31 594 137 715 256 238 364 737 899 635 317 81 402 922 775 157 90 653 852 158 87 174 3 748 471 59 218 787 794 404 627 852 553 875 157 698 352 209 903 67 404 637 877 523 532 620 993 133 13 17 253 449 333 334 370 59 505 322 138 758 142 867 970 186 901 264 23 560 712 369 445 881 760 334 706 126 858 831 754 938 740 461 459 399 643 810 353 379 770 926 704 86 270 224 114 793 894 16 854 977 156 56 547 237 954 805 483 856 68 359 280 320 910 359 390 337 193 905 798 839 635 570 290 73 514 436 132 946 114 731 824 886 398 981 513 318 420 217 990 479 630 815 928 640 391 563 671 958 622 776 416 775 837 669 765 667 771 87 909 819 525 734 403 221 658 578 996 131 417 584 213 301 890 394 469 839 474 462 833 673 791 297 897 305 419 726 946 467 748 109 589 154 95 82 915 366 691 303 852 144 245 940 582 869 431 482 275 76 947 857 481 314 549 908 670 150 212 602 698 398 895 300 656 624 204 580 20 990 325 9 259 823 186 142 730 750 334 717 978 570 409 396 787 746 57 822 74 720 785 667 679 468 903 422 184 551 165 449 925 356 217 187 85 719 216 721 708 494 762 118 945 438 783 193 646 154 427 124 65 564 300 614 748 322 353 395 751 956 780 812 757 495 103 123 175 548 586 977 89 989 739 578 951 16 320 630 34 651 65 754 396 746 578 193 314 364 266 610 574 917 869 636 491 24 28 930 930 222 475 817 557 522 920 773 596 833 851 763 841 935 280 582 812 34 925 326 199 775 454 48 602 93 337 284 280 616 411 377 144 995 743 953 778 325 102 786 257 860 105 965 384 891 612 376 765 982 649 387 120 447 319 989 88 257 176 277 824 312 174 795 433 9 975 275 594 238 337 929 27 145 569 442 417 438 211 592 832 264 911 232 940 826 727 311 12 624 823 178 84 702 325 194 490 89 543 51 73 464 409 423 167 307 271 64 931 70 536 441 903 293 759 148 479 608 623 677 53 342 27 75 86 651 845 421 532 984 898 297 131 474 340 870 865 583 251 498 518 458 421 235 236 487 122 256 858 652 432 856 357 116 965 340 120 557 181 950 646 498 555 479 469 648 880 608 895 170 204 519 828 400 839 291 300 626
256
607 284 637 836 761 731 105 111 611 744 827 452 882 398 797 97 974 49 54 157 428 372 764 703 618 970 541 620 133 137 923 23 748 396 795 706 291 538 715 819 855 70 151 844 634 58 672 130 699 445 931 491 597 485 930 763 695 616 671 476 293 387 607 603 935 107 888 983 881 876 456 873 643 845 366 847 520 635 351 73 380 845 37 129 386 85 171 452 83 700 222 269 718 431 760 967 142 562 706 654 495 613 565 439 741 319 72 170 388 342 417 689 347 569 293 57 556 431 2 459 428 753 995 315 949 743 769 393 2 744 792 551 369 833 152 392 742 860 280 245 321 93 293 856 535 632 445 929 54 297 193 261 370 346 910 325 759 930 898 404 315 11 163 559 649 567 265 317 652 274 274 984 138 535 124 447 112 357 554 294 350 115 931 113 718 723 372 225 494 571 539 532 991 367 153 691 478 915 837 127 372 73 388 731 126 522 59 265 15 568 518 84 111 205 530 847 704 164 542 446 674 80 799 503 548 143 787 415 434 538 20 672 984 816 348 823 711 473 678 763 765 51 995 391 359 304 333 753 72 114 25 947 457 197 587 735
614
247 303 113 939 553 807 164 224 646 261 125 139 867 985 579 946 150 112 998 876 36 193 711 525 193 979 725 752 540 251 732 279 154 913 631 409 621 825 400 307 278 1 325 333 432 628 481 916 483 675 661 36 807 590 743 647 592 127 809 586 304 47 15 821 896 763 379 487 498 601 963 919 295 953 844 493 239 727 458 955 140 754 855 28 340 825 398 395 873 702 820 318 435 902 265 539 120 988 653 614 46 938 358 58 134 13 360 8 791 12 756 644 840 822 401 335 419 14 742 382 211 86 331 328 359 407 443 309 657 912 91 866 54 973 84 288 948 135 19 201 764 298 376 238 735 628 40 672 284 19 219 34 346 471 112 560 675 315 985 37 407 417 498 834 436 47 773 802 738 535 307 492 352 849 998 704 447 751 880 984 803 998 156 69 4 254 962 701 643 981 89 962 829 231 630 154 787 719 393 162 535 896 795 947 163 818 430 467 950 36 991 348 164 765 329 812 638 915 177 898 459 422 394 255 759 598 56 205 77 881 588 941 446 401 867 303 747 122 418 173 355 706 534 191 829 393 472 348 282 407 429 671 246 889 857 456 331 875 62 456 44 22 638 820 43 168 244 404 976 755 163 661 462 675 850 527 144 69 465 908 850 323 952 12 790 999 609 361 287 621 320 532 865 902 750 115 652 107 350 92 1 850 559 63 329 978 812 569 230 120 562 252 831 10 655 698 236 291 552 947 65 555 578 413 654 855 598 83 114 170 928 830 846 822 96 856 748 616 669 196 90 252 43 890 554 225 627 813 217 646 976 582 381 994 807 357 194 830 58 180 299 673 320 20 550 329 673 680 24 877 710 184 846 209 834 97 887 478 804 733 866 522 490 48 295 944 994 834 193 793 524 995 794 785 951 467 820 113 174 65 371 222 533 803 980 157 806 630 529 723 741 364 306 86 356 738 888 294 726 645 919 127 825 208 67 574 280 796 408 224 271 917 184 178 223 687 555 686 532 785 605 903 669 960 536 186 346 561 865 249 992 707 103 114 709 573 424 548 237 661 25 967 732 544 581 814 830 327 631 723 283 393 943 698 910 606 973 854 661 803 355 276 236 613 104 10 688 348 419 667 511 222 911 516 199 565 268 182 714 21 638 615 169 703 889 440 30 645 755 363 540 480 236 651 625 614 151 391 483 456 456 476 327 351 637 545 275 348 341 387 543 806 34 408 219 710 524 445 661 113 129 534 979 685 708 802 771 336 318 566 766 393 796 314 134 56 455 505 694 817 201 27 340 544 135 29 413 511 423 234 691 533 347 372 138 457 24 284 76 244 195 180 517 629 105 101 919 929 658 866 956 775 525 962 936 403 491 653 336 337 569 39 939 477 391 438 431 812 176 477 22 121 241 77
194
272 87 978 669 859 578 751 568 258 638 651 1000 638 890 563 339 19 627 589 342 281 871 533 251 119 874 295 255 612 345 336 510 352 915 368 752 299 145 879 954 1 643 297 599 262 816 464 120 395 68 624 932 864 703 671 924 12 640 988 119 70 565 159 339 230 301 485 756 760 484 748 454 172 389 76 486 542 724 439 338 341 848 922 385 145 566 952 105 224 339 148 282 951 369 953 671 950 486 649 14 290 525 362 46 40 258 143 686 717 694 54 308 743 706 992 842 348 832 539 41 242 100 86 746 367 852 951 28 53 317 88 211 809 827 585 875 468 323 320 53 619 294 752 479 105 527 197 546 649 241 268 212 442 830 869 948 753 974 570 384 152 265 270 417 203 415 579 726 313 659 947 258 914 653 66 106 457 722 728 246 926 245 798 390 864 373 590 587 129 386 6 293 95 335
787
929 316 671 481 681 837 32 706 736 33 718 54 504 131 75 756 325 14 572 667 298 378 200 378 34 104 654 556 777 200 955 629 613 942 779 833 982 243 304 21 129 873 657 969 576 68 51 780 920 276 42 437 119 648 903 256 534 386 322 843 879 244 905 974 849 524 723 645 24 687 103 952 424 730 447 955 579 37 956 139 587 35 419 27 230 557 184 913 313 489 777 213 172 919 477 430 147 482 862 428 373 81 324 791 203 833 601 701 813 514 196 535 56 343 33 955 881 866 111 512 793 154 316 769 102 468 84 645 230 330 431 758 879 916 226 382 380 184 220 384 453 142 646 782 468 893 493 760 920 270 191 39 983 765 196 275 802 584 586 848 713 933 158 935 661 158 945 529 435 526 65 306 577 667 364 401 382 180 550 122 564 965 93 738 422 198 149 865 558 302 380 629 602 567 6 639 875 823 548 605 104 918 955 419 387 722 248 429 623 100 838 645 516 549 521 31 460 426 717 336 819 798 755 563 93 465 232 340 336 126 755 593 484 570 331 83 935 183 674 908 895 118 769 130 191 308 937 996 408 690 619 71 116 426 170 977 52 717 204 818 530 152 965 899 868 911 11 407 148 304 217 659 705 906 692 162 558 979 780 731 886 544 701 318 46 69 121 852 588 770 159 210 852 632 234 167 409 923 150 197 255 985 429 927 105 889 639 841 973 399 784 559 679 397 439 305 76 517 959 295 997 122 812 659 703 625 420 855 926 454 36 114 294 937 206 335 785 246 831 793 963 439 295 371 438 661 710 361 125 549 186 325 260 371 297 671 471 342 454 963 96 273 158 687 753 922 269 633 462 292 75 777 449 247 436 993 606 849 391 46 442 480 192 340 750 816 215 115 472 225 23 568 407 317 563 659 9 50 330 985 960 775 421 427 154 131 782 486 708 223 921 414 475 673 287 476 164 896 433 457 721 36 270 279 447 373 913 6 295 55 307 760 368 172 351 568 419 975 50 922 657 880 274 152 455 423 341 234 248 151 218 903 903 183 249 778 625 735 66 560 20 804 780 961 949 129 366 125 218 936 985 758 217 367 538 848 908 920 10 89 641 332 292 609 551 874 303 607 910 619 235 79 196 77 785 380 70 289 570 934 99 372 274 331 68 218 312 755 358 398 56 61 439 467 501 486 935 751 347 550 166 901 297 26 139 896 751 564 546 811 318 593 973 496 912 23 349 305 549 590 218 850 493 764 43 150 244 407 154 5 96 846 496 459 121 276 76 172 619 6 839 651 512 887 434 413 523 622 531 679 851 863 562 495 226 595 481 354 54 42 416 850 159 384 500 401 802 367 635 856 217 844 676 975 940 842 776 784 587 34 187 359 287 769 263 46 162 168 850 978 287 424 867 600 148 836 455 469 704 951 846 983 714 545 771 104 617 62 141 441 340 325 947 968 964 103 773 452 248 141 997 766 686 499 198 974 823 353 22 442 921 497 16 283 736 475 715 462 898 775 871 640 935 505 132 96 970 940 375 691 44 829 834 278 780 240 919 499 439 234 91 540 377 951 848 206 106 613 767 118 791 947 254 658 828 199 188 758 748 225 379 972 199 514 234 107 421 906 268 437 794 731 250 52 170 3 919 498 733 738 505 191 553 632 738 683 710 777 240 122 444 735 179 522 454 923 714 566 738 53 294 394 801 604 909 905 530 639 802 320 915 577 755 184 174 249 686 341 690 186 547 665 287 481 191 550 647 797 809 923 403 174 924 561 321 414 7 759 944 987 708 414 729 469 970 403 369
345
667 637 284 472 791 389 342 597 19 295 649 836 226 997 373 592 920 22 15 317 280 337 738 561 677 71 945 957 245 313 474 276 301 452 675 912 805 555 718 89 308 937 92 915 688 632 947 288 374 122 256 226 238 538 695 202 234 958 572 235 729 193 672 543 964 388 364 422 679 9 398 503 432 912 161 397 36 809 637 322 365 285 805 637 503 34 747 742 460 171 213 146 968 614 594 73 412 344 66 665 597 618 885 318 711 916 103 344 846 578 467 39 625 279 893 61 583 705 820 685 152 966 993 286 83 112 857 113 344 705 120 864 162 658 969 510 167 73 813 820 991 188 302 974 416 679 270 440 884 766 426 873 282 30 50 683 145 719 294 679 499 673 391 920 746 157 98 557 435 506 502 743 867 63 776 718 983 256 245 901 93 45 574 10 663 511 458 471 620 334 669 388 83 420 580 979 612 344 801 871 529 606 913 549 511 962 531 261 314 722 400 771 502 214 404 109 795 751 218 978 774 688 284 170 594 372 101 116 710 243 179 936 247 80 200 432 495 642 84 783 704 30 149 766 361 433 907 287 43 179 986 684 859 298 730 453 630 9 498 710 981 367 233 687 231 542 555 385 987 981 710 595 146 653 496 460 375 774 835 234 329 775 301 837 299 836 485 489 273 524 974 226 673 712 5 131 729 922 982 284 557 840 491 19 445 116 271 845 514 187 561 703 114 964 884 512 118 47 937 366 650 955 964 78 292 698 946 100 965 770 729 491 214 56 942 449 922 519 505 782 76 606 181 210 849
943
360 403 318 374 272 299 342 125 46 905 534 475 316 879 482 629 234 29 505 60 780 163 446 332 10 880 382 322 691 388 716 852 204 273 873 731 129 21 517 962 223 143 377 668 426 22 8 894 199 886 399 478 79 685 190 449 580 276 25 15 157 359 354 237 795 792 594 29 909 35 877 295 553 532 246 946 460 399 102 270 78 868 505 676 478 433 888 923 328 814 553 303 485 45 755 718 374 575 688 488 232 222 145 603 473 527 33 483 845 570 213 681 686 567 587 151 362 244 986 561 940 39 333 124 607 231 703 41 934 307 204 592 586 333 600 201 415 729 337 202 881 111 739 184 866 492 277 902 115 949 539 291 49 376 34 329 942 118 233 50 224 634 380 641 201 196 161 749 178 581 5 124 424 132 197 544 904 209 523 612 574 643 751 160 678 927 870 575 953 979 989 551 986 695 740 102 381 136 699 766 36 12 307 163 383 268 110 554 298 739 960 797 182 247 466 391 138 155 878 635 750 680 492 447 307 331 798 56 744 622 478 571 506 566 305 644 407 773 317 908 713 759 868 163 827 112 441 858 747 344 239 390 23 906 860 442 453 336 642 526 814 141 292 727 338 370 687 485 270 183 991 680 323 193 563 636 411 395 714 441 248 612 47 350 746 47 620 794 522 744 680 979 575 250 447 539 891 664 6 772 976 338 617 142 252 558 923 666 655 966 174 806 983 551 94 410 881 311 690 40 784 826 934 439 966 465 376 719 466 493 297 878 984 582 552 196 960 1000 59 266 152 909 566 253 574 750 620 704 382 675 258 415 190 273 571 965 658 594 347 296 102 983 867 247 805 366 87 951 71 343 289 198 495 356 622 715 208 23 412 903 758 824 375 664 374 159 882 512 829 193 25 755 742 836 726 732 98 538 660 751 365 231 426 418 46 757 456 900 385 108 284 699 226 158 578 657 921 591 51 136 974 800 180 703 54 773 137 47 993 848 155 216 616 674 610 50 216 507 546 662 521 700 22 262 177 854 612 585 7 233 781 265 37 700 168 581 270 439 929 680 555 775 629 934 631 764 224 508 890 797 328 87 649 100 725 238 266 119 701 181 930 110 819 205 997 486 651 807 237 769 593 358 103 416 290 91 788 922 371 366 434 137 518 217 164 959 245 982 214 66 217 169 149 637 422 396 207 161 712 503 898 618 465 888 589 652 223 837 654 407 344 928 151 277 541 140 549 424 536 497 8 279 311 884 847 132 975 366 528 296 405 82 752 2 991 739 404 258 209 350 173 373 464 697 886 605 405 248 399 127 429 646 624 529 37 839 495 693 511 901 268 884 543 422 804 985 861 762 534 847 930 671 874 656 351 207 273 76 962 749 417 264 443 299 143 709 279 675 111 925 953 833 889 329 963 849 841 469 993 193 19 269 576 627 441 723 620 391 471 270 65 580 190 900 5 15 66 748 829 180 553 88 827 269 108 774 841 542 439 567 517 985 501 78 62 889 257 339 761 486 596 667 548 55 888 523 734 979 16 290 773 669 903 463 512 88 41 336 118 35 727 597 165 501 9 948 456 504 375 218 809 619 111 963 845 945 872 867 749 840 798 228 42 133 166 336 677 922 271 266 732 718 60 371 423 929 777 501 843 916 738 554 971 532 915 52 466 79 22 353 937 560 159 290 172 937 849 851 564 242 534 248 467 225 470 303 679 716 622 543 810 329 799 80 744 589 435 10 845 169 589 738 152 869 416 292 950 168 54 565 242 479 377 830 703 537 483 60 46 740 872 518 865 958 430 414 252 937 835 993 69 816 911 854 80 19 784 928 715 920 648 132 657 937 390 465 80 364 604 800 982 927 715 229 8 343 364 922 179 947 276 34 293 45 433 791 795 95 401 243 218 98 461 959 565 248 295 358 371 330 114 639 21 594 559 562 58 706 52 47 146 155 274 785 245 587 715 125 323 183 673 773 641 148 660 462 686 427 118 42 421 13 392 990 461 787 451 596 247 990 570 23 884 527 148 275 605 699 793 336 697 419 110 716 384 685 172 230 719 480 705 784 146 496 713 446 312 482 159 639 29 676 129 979 531 248 862 980 546 276 67 40 251 254 999 517 585 260 542 73 363 983 30 320 816 316 585 649 265 247 827 72 524
589
636 34 679 970 859 660 661 912 275 350 538 251 760 254 601 327 813 464 189 374 956 313 28 588 176 252 674 841 316 894 97 868 410 381 215 948 871 446 779 664 12 534 819 293 434 212 989 75 445 488 618 422 836 906 247 17 801 939 67 614 306 224 857 704 772 338 664 690 506 630 901 596 687 233 669 858 657 457 873 127 493 266 877 745 412 877 96 675 462 728 551 883 861 651 441 451 169 904 392 392 965 945 893 255 981 373 393 209 760 972 663 864 298 38 574 990 527 506 84 978 957 502 125 430 523 680 168 603 405 576 480 982 822 395 890 345 757 426 130 25 137 607 547 911 433 970 347 683 352 508 166 790 533 254 34 684 298 642 947 336 220 378 450 640 587 122 208 6 705 492 456 97 942 359 445 747 888 820 890 300 522 286 623 581 734 334 226 345 177 240 802 55 743 720 522 328 560 580 909 744 696 306 508 159 942 830 258 194 967 783 381 173 718 947 157 271 193 434 474 57 751 425 630 52 43 891 477 833 103 322 368 346 379 892 392 177 724 402 463 765 893 615 684 325 763 806 1000 248 156 101 599 955 721 670 286 556 616 885 960 265 106 935 653 309 287 504 482 545 299 375 505 714 376 776 677 562 273 263 968 275 951 797 377 372 260 258 752 785 726 374 20 144 75 609 126 768 612 15 519 392 990 785 912 476 175 918 196 978 838 538 310 146 364 188 540 930 601 207 476 505 303 934 583 837 161 763 324 47 894 768 155 796 299 717 73 97 181 875 658 30 101 171 74 803 552 656 196 500 449 209 336 331 586 910 367 5 574 564 282 641 31 603 241 493 211 351 530 242 72 161 953 952 449 289 501 666 58 410 930 535 740 444 971 845 248 913 692 187 310 82 420 207 565 193 382 551 729 487 619 910 686 889 315 96 955 215 323 280 945 677 133 991 485 506 500 562 223 75 997 901 448 510 257 961 540 88 90 614 249 234 949 751 215 902 699 549 875 872 559 532 836 962 924 699 561 376 103 116 93 195 145 573 83 878 315 694 695 314 139 499 156 421 2 633 234 202 444 108 843 718 152 172 497 716 871 707 898 273 38 178 630 924 902 920 690 487 467 955 266 285 626 17 822 371 652 628 99 491 447 848 811 866 350 5 491 272 435 686 829 147 584 229 553 988 296 136 49 339 503 539 279 638 47 241 673 987 509 449 608 390 295 35 135 216 307 227 728 234 666 271 966 512 557 336 967 172 442 569 471 641 898 604 433 429 619 910 638 163 620 851 687 844 908 605 599 913 611 619 919 900 196 603 837 598 17 927 947 100 421 550 897 261 196 377 732 769 244 237 480
189
738 135 958 363 596 261 111 147 344 719 159 518 465 92 747 480 663 999 611 25 797 81 173 306 813 29 635 507 349 241 264 89 943 551 282 850 625 495 120 755 243 484 356 841 614 479 586 350 370 948 988 954 682 20 393 790 150 317 930 465 918 324 395 614 117 945 728 790 443 395 415 107 575 67 976 673 251 467 146 781 131 219 629 870 969 547 911 690 905 266 756 874 745 900 745 93 449 377 588 808 490 342 467 272 493 445 773 508 299 728 463 115 164 499 693 780 35 38 23 176 422 12 921 68 882 537 914 95 436 638 864 353 501 153 796 355 237 543 969 560 423 165 607 824 387 722 558 36 695 98 237 763 282 853 299 524 562 703 626 89 21 467 365 101 8 574 48 597 425 37 736 63 572 242 545 896 119 416 75 268 507 20 615 108 200 883 251 413 542
335
583 791 345 210 480 656 274 190 157 318 346 568 915 806 217 525 707 430 390 208 69 13 452 616 740 497 18 543 105 207 560 687 868 593 338 832 543 448 297 79 935 704 806 348 554 425 97 720 511 44 876 353 76 558 673 111 611 36 181 601 295 311 106 991 32 34 78 762 329 279 932 498 492 948 162 906 72 332 558 96 722 853 455 549 134 56 636 415 973 72 253 120 444 29 673 695 299 137 687 384 89 120 385 611 456 806 189 174 942 626 333 174 949 879 301 293 721 687 368 829 328 201 612 154 612 632 820 498 28 462 531 414 449 499 481 694 221 42 675 116 743 122 114 505 685 316 684 546 561 940 873 786 804 283 175 501 285 741 17 614 963 129 533 791 17 886 183 437 238 296 706 15 979 873 894 492 493 346 969 200 206 428 640 870 556 332 354 769 179 488 597 827 401 117 903 590 389 91 303 851 617 434 475 545 619 85 563 925 974 405 627 665 118 65 639 332 814 744 321 452 514 13 836 623 124 751 178 965 292 34 362 390 171 482 541 423 990 150 823 82 52 491 670 104 273 407 523 581 646 935 419 146 545 79 705 39 139 615 764 137 132 810 415 654 374 741 868 244 196 437 263 674 80 890 716 462 553 318 94 723 92 471 889 763 967 866 275 976 687 729 783 594 631 762 583 882 462 990 925 709 292 230 161 708 577 190 633 936 88 224 321 129 803 948 599 560 422 624 61 923 692 341 637 388 629 69 418 821 74 503 109 218 949 611 956
376
650 219 680 53 254 213 10 843 305 823 594 506 125 661 48 472 588 652 350 2 948 59 585 872 902 713 683 519 412 709 46 746 65 551 174 740 116 667 787 348 627 607 855 702 514 139 312 617 399 812 103 770 365 857 372 991 412 118 135 317 724 725 655 322 722 90 492 4 900 385 203 133 906 252 737 55 866 861 917 659 66 959 669 975 184 851 65 879 724 119 442 946 156 692 436 687 502 226 843 150 592 394 821 473 784 264 684 490 624 719 934 793 337 43 453 966 23 190 527 580 127 715 734 523 877 882 914 495 87 524 926 462 77 312 223 204 467 370 812 4 130 230 359 320 13 729 268 259 268 228 952 167 833 389 771 441 312 595 955 708 759 254 153 307 799 887 50 181 795 178 656 615 337 533 424 938 993 318 986 796 184 233 3 775 508 379 367 710 291 356 632 518 773 738 546 338 651 555 885 305 34 424 165 151 638 528 907 17 405 297 624 954 758 401 817 615 524 583 145 620 689 230 151 431 112 944 337 1 68 89 454 83 351 921 933 338 309 57 318 848 337 213 77 394 244 716 662 690 767 620 387 360 36 338 510 366 609 136 350 76 113 136 196 365 204 36 289 193 620 833 824 7 854 388 586 410 926 816 68 586 176 284 108 728 837 875 580 558 577 891 49 992 53 491 606 298 543 474 547 332 329 307 774 107 902 756 253 890 589 546 46 537 885 502 378 65 958 651 551 335 825 702 949 138 128 330 610 235 537 213 218 480 412 187 802 591 345 160 788 9 645 640 805 29 534 95 881 106 192 878 902 602 767 243 962 865 83 769 226 194 839 776 292 783 729 397 528 939 287 614 653 237 75 1 8 745
234
857 421 794 85 374 943 560 235 581 9 395 403 198 339 740 715 124 942 911 849 967 204 384 372 63 736 797 892 947 33 669 592 689 848 670 431 123 414 957 242 839 696 426 977 775 261 526 439 988 654 935 560 531 117 225 469 188 963 391 893 59 122 614 346 413 793 593 971 340 892 828 809 771 3 37 597 417 747 550 671 17 99 642 384 220 271 657 700 714 683 840 32 44 999 857 143 889 487 425 900 828 177 15 875 300 787 71 369 644 307 838 989 520 348 673 480 118 410 665 183 719 379 897 952 805 757 530 966 194 776 672 716 111 363 254 526 566 558 899 326 165 680 407 276 175 582 918 721 131 499 448 66 749 761 521 641 429 289 87 108 130 415 206 120 47 858 446 854 408 453 828 513 726 697 990 642 949 124 857 657 406 576 779 52 135 579 132 191 94 877 489 355 858 8 398 940 72 807 438 461 459 944 879 934 606 912 15 689 94 18 904 61 891 66 226 116 358 503 867 815 396 193 194 596 948 808 576 475 632 35 807 609 294 70
756
898 609 971 778 377 644 304 828 971 580 298 694 613 743 878 666 332 86 655 715 378 750 337 873 338 272 873 934 241 964 11 546 627 963 107 380 308 487 861 307 629 602 534 247 413 727 81 101 324 520 270 215 303 585 478 247 292 483 168 991 977 664 619 18 578 678 791 675 314 112 405 247 830 422 992 267 747 566 980 779 50 327 422 256 92 578 323 333 149 895 863 622 737 361 470 854 829 618 868 722 732 713 149 544 220 574 405 930 211 133 741 129 140 30 557 568 290 384 697 354 505 176 676 135 516 569 662 653 172 722 26 453 628 388 326 391 761 939 263 919 542 907 818 113 4 31 968 63 527 833 266 446 455 172 184 329 789 373 92 246 672 786 489 218 963 618 148 200 787 581 870 8 998 404 686 250 528 904 345 293 991 530 309 572 895 628 189 610 160 212 121 105 956 657 453 720 332 41 275 545 108 322 852 568 739 6 360 633 909 734 340 289 161 489 645 968 937 752 736 718 79 41 798 556 809 749 820 807 558 137 249 625 130 35 663 644 228 293 599 179 960 508 381 662 755 714 101 629 543 523 841 726 432 419 683 953 357 152 686 481 892 272 166 610 493 296 583 440 45 768 950 542 177 153 998 790 788 351 959 393 449 443 534 268 395 919 273 549 218 687 520 935 743 74 773 645 567 307 237 478 390 507 681 143 576 123 107 699 220 968 275 941 803 183 854 967 534 512 555 246 758 523 367 693 588 832 555 958 186 340 975 963 25 356 276 576 94 769 818 392 716 247 669 310 389 348 512 268 998 856 746 465 611 356 240 379 887 371 963 397 805 373 97 16 976 681 37 383 373 357 394 736 657 136 460 544 312 279 216 911 549 777 848 878 252 912 200 36 767 47 8 900 3 797 13 134 575 791 780 599 622 979 801 70 305 888 227 720 27 863 76 672 950 340 281 973 296 996 123 486 695 133 646 492 225 319 437 180 726 357 265 92 324 877 233 133 975 332 124 873 279 184 398 67 413 621 600 60 732 600 87 35 357 770 242 422 600 942 544 484 126 177 929 771 795 856 950 527 843 586 551 209 953 63 575 879 83 776 159 361 112 623 498 951 287 903 637 493 189 196 688 318 116 424 636 957 535 131 14 76 973 468 524 617 796 100 966 539 916 72 770 768 130 948 640 451 209 801 32 666 497 487 716 445 768 834 335 815 208 842 1 121 228 228 173 765 803 50 962 780 722 99 578 754 793 596 330 689 312 937 511 164 580 684 414 669 849 568 974 991 514 842 243 24 181 77 959 455 222 477 454 488 265 382 185 768 269 864 683 613 366 625 951 917 977 652 619 600 892 885 148 946 498 3 341 269 257 942 657 123 628 10 792 35 858 79 834 432 448 663 27 778 853 150 604 356 576 982 586 421 645 114 121 227 670 67 604 847 656 362 108 75 622 359 591 745 555 74 171 754 888 218 376 765 248 406 554 859 144 111 856 833 960 733 764 13 339 679 402 821 993 29 105 722 504 515 783 593 409 326 140 654 571 362 229 563 626 720 11 9 317 644 492 471 470 347 332 754 525 152 52 551 461 341 10 322 210 678 175 706 114 292 855 539 555 461 759 881 705 346 588 247 240 415 252 320 462 917 773 758 152 712 143 650 903 271 467 682 436 113 769 785 680 590 329 576 656 165 822 242 739 429 257 133 385 662 366 851 754 231 833 765 123 360 207 47
156
853 356 458 435 235 729 641 35 416 936 255 707 361 494 194 828 871 36 878 609 5 344 741 681 696 658 391 732 925 107 127 848 364 25 171 380 146 449 407 556 315 3 23 823 194 961 826 802 179 157 626 596 293 425 335 48 231 33 703 502 361 786 622 355 126 647 90 458 657 82 16 171 805 892 304 700 395 461 755 737 911 532 31 456 470 515 455 241 211 903 866 510 30 794 78 895 985 651 768 202 165 488 107 559 455 592 281 778 399 944 236 96 48 743 566 533 531 381 529 467 40 145 800 832 349 821 997 453 50 379 482 502 681 342 239 750 662 488 615 556 824 511 919 440 935 52 501 96 897 414 243 631 307 974 958 263
476
383 144 608 448 359 189 670 726 895 801 857 984 475 224 259 51 940 179 171 229 498 324 821 544 905 967 830 485 228 769 382 181 441 84 480 706 353 763 251 115 962 670 356 169 461 784 754 463 684 550 523 997 320 902 612 768 385 768 874 842 309 559 566 190 442 350 296 594 783 690 934 559 530 628 719 196 326 945 70 732 98 513 991 237 190 324 667 906 680 975 679 241 355 429 746 620 380 397 807 767 352 760 346 805 753 316 34 96 756 372 338 468 196 66 790 506 531 650 736 54 928 148 621 184 772 21 80 795 552 849 424 736 69 844 992 719 427 54 795 600 285 129 61 298 831 472 679 329 958 758 556 870 828 23 182 665 265 580 931 827 887 810 357 541 469 936 381 675 811 3 300 62 130 931 461 713 517 547 270 940 795 446 944 555 654 276 51 279 679 767 384 553 98 733 336 981 829 963 924 488 176 428 917 280 482 272 991 471 47 818 203 902 383 816 2 940 440 237 213 520 441 123 487 249 674 601 981 243 642 21 912 151 279 228 505 97 549 781 128 69 690 969 546 195 999 545 698 312 959 148 893 189 598 696 112 823 296 93 812 669 78 514 341 877 579 524 950 928 560 486 253 99 367 620 40 521 152 948 403 25 54 738 810 3 755 94 966 961 2 370 171 983 882 926 795 98 977 60 507 302 992 372 391 362 147 872 431 369 960 496 402 340 437 863 65 946 666 522 130 807 825 992 543 497 255 685 193 567 342 771 919 84 318 710 40 535 866 694 1000 679 169 862 979 413 557 326 774 861 897 926 136 343 855 883 878 806 868 189 956 938 23 362 899 718 751 810 387 150 240 668 468 275 133 678 416 272 815 573 691 169 923 254 925 857 932 51 937 962 919 169 967 141 551 31 58 252 887 156 567 154 131 602 358 80 664 317 208 546 849 608 823 824 36 681 234 559 507 956 839 788 931 293 763 327 94 626 36 555 99 519 903 477 563 15 411 408 926 593 225 824 151 883 935 371 597 805 254 525 756 584 514 652 201 643 286 771 540 586 731 130 595 293 65 639 344 10 258 462 727 640 753 182 139 60 892 330
800
435 192 841 449 479 991 815 167 616 213 223 948 1 798 271 62 583 545 435 829 704 759 115 370 85 439 16 111 375 679 410 667 825 151 677 108 825 596 280 340 200 516 442 693 91 160 304 800 648 56 710 199 556 192 386 624 217 958 736 157 523 721 329 554 344 487 952 626 49 716 40 766 137 563 121 903 136 591 185 185 44 729 728 834 485 953 950 151 546 528 275 483 237 680 202 686 181 123 830 808 877 246 716 457 284 849 81 732 646 791 694 983 504 155 663 516 295 205 971 82 120 728 288 162 89 20 283 647 170 771 692 687 673 694 966 17 246 342 317 272 121 342 811 170 726 75 912 523 532 994 669 182 926 615 879 198 982 636 972 444 3 418 588 816 490 944 996 908 928 848 61 801 243 52 826 112 98 170 557 834 480 500 264 791 210 166 291 362 591 391 784 651 138 467 124 157 728 665 309 117 855 592 376 835 988 750 475 113 265 511 360 804 663 704 998 942 968 472 372 932 479 811 521 794 879 855 162 246 752 704 634 918 267 212 534 190 931 390 562 101 807 559 684 410 752 565 464 466 469 611 111 905 29 183 754 987 938 553 180 463 88 691 888 298 801 516 157 665 631 305 883 845 960 834 746 360 535 137 111 724 807 630 309 935 479 925 220 400 114 877 182 884 803 326 775 270 747 51 33 551 145 513 988 77 716 514 197 843 990 699 572 52 555 221 913 593 17 258 876 464 730 541 979 910 750 101 461 562 864 664 478 161 767 439 890 449 194 329 93 681 689 39 287 965 765 566 606 920 443 239 276 161 488 270 518 842 92 548 127 624 35 410 615 26 708 127 114 432 559 791 538 517 390 285 464 51 489 729 292 168 486 941 777 248 448 801 302 703 146 592 65 948 863 6 81 31 207 956 412 473 887 469 646 755 564 173 681 530 3 778 574 328 367 856 909 852 938 861 266 495 137 177 129 117 318 286 753 789 280 164 953 799 407 833 392 64 916 111 308 736 30 78 993 859 672 49 511 180 953 318 723 23 177 373 941 342 265 805 478 181 772 631 586 294 925 726 563 52 1 195 756 921 866 965 858 149 61 608 607 768 599 431 874 359 433 963 147 977 466 454 403 298 289 206 832 842 564 227 838 424 294 149 954 41 772 611 756 277 615 107 335 393 94 564 874 3 41 152 341 357 909 111 397 269 90 118 137 697 476 393 14 713 353 950 36 712 584 688 643 904 736 308 249 278 134 198 599 803 469 783 869 89 867 920 312 686 603 1 668 190 196 517 652 616 609 96 749 413 262 266 100 428 1000 100 187 6 741 48 190 445 59 676 991 247 560 963 842 721 576 155 615 728 689 367 244 328 539 45 493 597 267 161 313 121 783 841 255 423 540 127 578 655 519 710 169 698 902 15 832 286 216 529 881 366 928 275 966 807 33 193 295 400 719 902 828 369 28 753 183 107 598 383 289 826 48 1 171 640 681 29 839 52 835 593 649 289 729 322 33 814 279 850 318 128 698 551 289 536 54 256 535 406 13 51 119 924 330 372 972 738 337 518 385 630 171 221 286 531 888 632 718 898 670 745 256 46 246 300 555 757 807 386 403 948 107 419 245 700 415 1000 819 131 963 151 598 962 122 637 326 663 309 759 564 59 115 714 873 124 166 326 793 550 170 892 561 408 39 921 258 44 830 297 278 172 972 728 495 170 847 245 335 618 368 514 134 547 846 788 607 78 604 214 650 893 720 854 559 596 119 79 134 180 598 335 226 194 803 177 847 250 999 861 912 559 262 800 404 654 932 28 936 451 90 191 932 161 320 489 342 794
690
723 76 356 112 841 288 43 759 118 618 261 956 197 22 162 157 256 607 816 69 849 121 831 749 334 774 159 418 263 386 372 226 415 821 783 102 396 378 465 998 225 863 938 94 894 268 233 11 829 791 113 766 63 718 291 56 439 248 567 363 187 329 15 169 683 932 851 577 820 412 179 123 114 410 404 964 660 471 827 262 727 896 278 132 933 755 310 626 983 452 306 168 675 532 691 334 107 217 130 836 450 6 670 932 146 120 942 193 358 918 306 124 571 11 306 789 150 743 747 703 85 851 639 81 887 2 697 515 964 570 334 817 109 289 508 537 777 153 270 200 954 384 927 546 230 749 701 914 113 543 566 921 879 66 43 775 690 602 859 795 418 881 522 906 815 513 650 568 705 556 406 412 549 914 988 44 774 740 324 446 988 430 546 217 702 190 208 540 50 499 412 672 672 570 878 227 534 917 358 650 243 441 384 436 712 470 655 981 553 566 974 863 959 945 421 278 503 487 160 567 378 898 322 109 683 875 414 618 845 911 504 269 580 549 527 308 638 799 985 719 752 474 364 192 625 561 652 689 19 952 656 741 927 647 951 83 504 788 691 631 123 657 116 809 311 489 155 283 670 22 195 235 299 357 843 618 903 258 284 922 332 429 571 433 777 372 756 541 416 575 240 90 519 200 326 55 364 862 413 506 354 930 21 133 602 548 81 403 203 462 525 494 63 780 224 932 230 374 138 778 139 587 491 279 92 530 492 512 234 391 810 730 429 885 648 293 8 515 331 246 48 716 907 396 481 112 199 643 589 607 206 182 692 305 187 745 987 100 256 937 897 567 830 594 457 891 262 256 192 164 725 799 291 388 801 736 70 474 390 803 231 256 802 413 479 254 493 469 497 503 832 981 174 401 903 766 130 590 262 277 136 43 952 461 839 820 972 774 141 249 150 640 898 298 423 691 128 808 993 400 939 218 632 453 726 997 536 557 847 987 806 782 988 799 535 811 492 773 550 723 186 629 504 927 650 918 100 123 140 463 542 169 80 333 414 581 190 127 613 692 836 546 431 50 817 781 668 254 289 84 503 497 829 660 416 984 133 910 816 400 789 38 178 342 787 763 32 360 562 982 308 214 705 400 966 478 283 485 736 11 928 675 447 884 149 762 272 811 457 865 696 652 281 560 748 369 974 829 229 471 423 513 523 820 94 268 910 523 868 629 432 18 645 12 4 504 814 965 790 345 769 817 218 669 530 639 378 594 882 271 109 932 448 616 238 795 641 31 998 600 862 106 568 254 130 641 412 382 378 214 874 485 173 871 138 913 579 999 605 440 82 539 490 15 357 998 390 356 772 981 377 750 682 431 854 862 379 770 183 86 162 698 642 683 978 991 336 107 892 269 594 336 249 510 410 72 515 182 341 24 874 539 793 197 381 343 564 637 530 582 675 867 157 80 769 914 178 124 311 361 629 420 720 916 998 921 251 336 752 112 68 504 981 160 985 467 998 424 857 307 379 703 750 200 295 564 773 748 925 324 224 358 286 252 626 607 494 127 408 998 20 844 120 804 380 359 166 863 641 752
591
367 740 561 704 443 871 663 526 769 991 682 419 161 170 407 733 206 834 418 984 527 233 469 761 268 293 32 146 192 6 694 507 428 158 363 738 106 745 238 551 830 320 831 363 994 434 655 416 904 616 330 914 273 115 319 30 410 557 772 917 608 444 274 472 497 808 90 19 625 206 144 788 217 910 801 788 793 987 991 836 370 194 426 452 326 108 552 238 527 453 118 414 531 4 543 240 693 754 573 550 336 305 321 687 599 888 766 652 540 155 628 936 93 927 620 547 789 518 647 536 606 517 724 268 452 658 266 477 2 178 975 284 285 471 268 674 737 825 949 417 792 501 407 315 632 663 165 584 182 282 694 802 399 548 762 54 487 695 577 926 245 681 895 794 237 958 640 957 412 428 275 664 261 74 889 713 152 27 180 116 778 359 709 224 921 109 201 444 862 467 305 73 350 866 252 525 616 235 199 199 686 583 50 68 779 495 658 632 726 442 912 446 322 410 366 202 146 946 54 893 598 29 802 709 632 322 934 443 601 304 151 170 65 89 761 124 950 24 922 916 897 747 762 244 788 47 916 153 816 380 501 308 798 969 493 447 341 554 367 998 936 914 926 893 460 217 987 297 213 47 892 140 66 450 728 296 646 59 446 414 30 304 505 906 573 900 379 321 938 228 754 9 835 523 923 545 757 216 551 169 438 998 763 797 149 419 64 650 976 143 357 262 929 186 748 562 593 932 498 111 375 578 585 256 731 19 435 679 83 661 389 304 570 442 746 419 153 206 590 260 433 354 164 890 239 736 432 437 709 530 958 486 845 879 63 934 24 745 437 367 568 846 429 696 714 846 382 132 447 819 819 536 411 880 544 144 80 95 33 988 375 413 336 232 63 615 722 187 721 292 529 292 302 353 617 341 397 154 72 357 15 639 531 262 158 880 601 64 1 659 167 996 307 606 187 366 610 772 244 831 701 27 700 924 275 872 741 484 119 15 295 130 447 392 270 778 580 871 309 202 62 622 912 394 764 863 809 744 770 29 770 889 252 46 122 565 964 930 757 643 83 786 308 518 69 303 86 631 436 319 110 812 856 919 904 963 259 31 842 942 706 405 221 972 488 157 11 528 156 70 93 724 117 310 464 105 345 361 798 315 864 143 786 104 995 962 807 959 958 774 507 282 256 897 104 576 689 780 417 839 261 281 542 440 911 965 492 945 220 295 997 122 865 957 496 895 719 345 788 145 152 570 448 824 771 33 759 362 124 109 235 434 302 460 829 796 774 919 738 267 18 145 259 550 476 83 571 40 590 842 548 34 48 712 268 224 886 776 609 780 940 695 206 696 615 598 320 774 816 917 944
516
684 769 603 472 262 149 632 53 743 85 764 809 939 922 355 618 834 906 822 990 357 396 40 995 892 61 898 417 308 720 17 884 687 838 382 193 612 125 902 643 925 641 623 294 830 654 858 584 628 343 707 696 306 202 990 316 721 47 788 922 289 819 204 495 16 877 957 353 93 252 898 5 513 369 945 543 802 164 195 462 779 214 850 464 162 65 26 368 194 574 590 864 634 560 332 773 462 858 87 906 308 50 438 954 868 450 737 144 240 146 738 110 2 413 27 679 985 286 467 190 884 84 310 123 829 180 795 978 811 640 851 724 132 587 935 131 27 352 321 357 808 728 441 410 418 765 153 247 393 272 836 182 387 9 17 772 135 911 678 626 864 991 549 188 226 937 619 905 272 438 677 849 543 728 899 383 953 865 352 255 399 740 193 539 804 961 278 617 767 396 142 908 595 987 281 727 962 787 831 650 758 882 803 105 960 863 972 422 79 9 197 359 495 955 451 2 431 927 218 782 347 822 636 518 478 11 619 914 336 452 2 630 303 875 157 117 62 284 938 738 914 403 452 899 488 593 764 26 175 496 15 730 428 846 624 755 141 565 649 589 861 466 237 760 376 33 109 766 64 360 90 861 788 704 910 101 836 349 325 324 540 730 587 586 825 87 596 620 680 190 337 179 890 61 339 534 592 296 236 133 403 821 901 86 370 982 364 471 394 60 483 234 880 631 919 312 802 890 266 828 607 520 183 201 857 384 910 960 569 939 605 570 976 661 392 371 688 193 836 525 586 511 877 957 483 174 395 189 340 224 219 909 622 750 211 571 124 48 488 528 108 835 519 60 16 322 693 184 19 759 156 434 366 204 945 118 388 758 768 413 399 936 176 597 964 656 771 346 466 279 969 693 40 468 544 844 817 324 443 643 852 228 868 731 807 531 345 193 913 835 63 693 217 687 96 65 153 107 801 571 267 693 473 8 231 457 559 473 603 347 723 467 255 579 436 513 869 704 87 772 828 805 959 411 351 68 406 813 56 981 825 4 589 951 737 739 56 175 805 29 269 589 577 648 966 306 726 373 331 316 66 666 470 165 610 272 321 664 129 515 977 38 206 981 493 584 183 951 728 672 968 434 665 465 977 297 981 86 595 846 908 484 455 474 940 707 523 788 848 716 815 125 593 976 364 284
955
315 984 815 929 619 275 403 476 923 838 110 493 742 877 726 57 963 977 339 519 33 14 831 896 467 198 393 317 328 94 650 536 487 584 791 385 190 879 210 588 311 579 285 23 613 489 751 503 440 320 531 515 307 787 405 619 971 52 397 93 171 961 391 933 208 933 274 772 228 579 503 714 881 278 919 926 124 696 990 851 539 785 393 772 335 774 487 172 710 850 590 342 828 232 806 547 219 982 418 105 708 803 569 931 659 124 105 531 189 202 896 871 624 472 438 726 8 379 94 386 7 334 367 164 402 724 458 701 310 763 923 494 594 761 282 175 655 778 381 141 460 674 275 475 647 334 37 202 627 252 764 207 140 216 659 97 312 290 579 815 926 785 947 549 215 403 161 951 133 838 969 583 876 60 822 276 556 632 420 650 19 50 835 165 173 818 593 332 550 872 319 301 338 601 410 888 675 834 481 676 845 268 751 91 268 933 243 777 65 72 391 258 451 984 87 295 31 823 771 137 29 35 764 498 765 522 13 485 309 418 181 549 442 674 498 978 460 556 645 109 970 984 629 631 971 555 478 504 305 177 165 584 1 315 607 419 415 789 418 61 852 585 15 237 252 734 878 125 435 15 927 458 662 112 133 193 826 624 515 620 466 766 176 532 957 545 694 421 428 977 498 796 332 87 483 627 860 174 653 373 344 900 184 15 776 144 223 175 395 712 732 718 524 207 622 659 873 666 615 213 435 520 865 500 351 483 904 326 124 519 997 641 410 552 276 895 700 90 675 697 402 250 691 518 185 800 52 345 97 934 862 184 295 260 303 65 16 768 641 733 315 511 163 553 266 678 637 296 846 121 213 918 380 224 969 274 39 546 6 965 649 958 136 516 528 976 604 133 25 125 204 162 944 201 481 927 286 5 157 698 283 31 624 178 365 544 883 937 218 761 361 157 334 145 883 228 326 766 915 949 996 571 769 314 397 498 88 831 529 548 251 933 58 700 753 379 461 844 726 456 747 488 714 664 370 2 664 847 638 562 387 328 903 649 137 553 237 471 233 249 86 196 997 719 16 208 674 174 977 428 269 8 905 81 612 577 3 708 866 332 692 15 586 274 381 727 781 825 262 105 903 736 577 598 935 202 558 271 83 727 853 912 860 62 958 73 677 979 365 942 335 942 819 666 803 118 895 165 337 511 239 707 425 886 520 300 911 728 669 82 279 798 47 65 881 323 372 918 795 119 616 3 746 970 38 299 133 777 787 311 212 19 140 243 521 150 416 784 52 654 743 214 371 307 412 916 312 635 477 363 478 71 484 210 410 474 528 923 164 254 753 704 309 196 100 843 329 175 816 837 93 536 756 772 717 978 848 296 354 144 206 357 648 737 676 846 588 222 133 763 589 774 574 762 755 633 697 829 67 727 842 368 787 147 601 553 472 583 756 260 460 909 29 784 629 744 120 415 491 377 30 90 478 244 27 10 97 292 474 289 64 915 882 702 633 714 306 909 154 332 602 237 457 156 854 709 874 872 793 364 286 399 236 17 328 511 505 102 248 580 520 66 600 559 179 908 220 977 219 552 62 110 474 491 479 259 802 826 268 198 145 227 283 774 382 162 268 916 189 679 410 632 500 539 364 768 868 127 993 101 3 364 206 951 229 352 268 966 871 841 421 834 472 120 811 807 991 648 264 301 256 349 986 732 276 766 844 976 584 129 220 414 828 762 946 91 994 546 201 794 99 343 418 364 639 635 238 955 913 696 238 341 712 452 173 199 243 264 369 981 541 622 575 228 679 383 140 631 545 256 450 402 464 693 634 108 90 691 610 397 396 384 861 518 618 444 935 123 23 415 934 342 922 308 683 600 538 172 269 699 582 642 873 585 326 352 300 354 877 179 207 767 429 326 661 789 4 291 25 717 141 323 795 961 57 320 821 544 249 387 663 513 519 690 66 619 870 452 356 653 879 712 689 77 588 513 194 517 594 800 583 85 34 917 113 936 79 427 767 933 713 337 450 151 283 460 280 301 544 782 84 925 231 181 425 419 54 62 848 135 530 321 334 395 627 383 372 774 178 409 61 749 237 878 967 546 362 988 743 687 227 820 451 874 547 958 652 369 64 681 537 628 842 230 898 350 65 45 233 837 199 893 477 806 238 705 578 911 466 900 637 595 473 588 892
518
298 946 924 166 348 781 223 503 540 794 691 137 560 532 816 692 264 450 438 434 215 496 438 800 295 349 964 522 135 915 445 802 86 31 883 225 419 199 125 37 203 644 492 763 913 871 891 35 91 309 432 901 667 346 102 292 378 22 828 128 496 445 507 615 304 784 936 124 358 724 909 152 595 633 494 423 340 543 421 146 318 694 320 928 540 5 637 969 448 385 555 354 919 645 134 390 138 555 663 840 471 844 235 888 957 889 938 582 111 268 73 372 613 264 780 840 155 320 609 83 500 380 141 89 393 65 247 452 407 321 391 473 886 275 165 69 52 979 883 71 105 579 71 960 616 277 157 305 782 264 218 194 243 931 93 929 542 544 125 41 379 368 566 620 117 508 437 459 356 571 483 927 228 113 149 552 561 985 485 274 992 213 29 796 491 243 727 795 904 413 673 712 868 620 761 844 123 91 177 900 544 929 298 881 916 972 684 600 981 821 22 945 300 825 241 92 631 610 857 429 810 579 31 272 256 651 77 137 110 512 450 35 513 218 938 995 653 6 599 71 569 878 997 489 306 267 254 245 793 161 574 523 156 455 968 219 634 2 530 351 70 231 734 760 483 356 730 996 337 646 110 388 803 437 910 466 754 844 709 5 909 901 584 956 12 895 247 187 105 82 979 318 749 103 324 660 928 822 619 626 962 125 320 216 869 252 224 164 117 207 229 501 484 847 586 239 954 200 280 897 701 257 948 718 124 244 319 833 684 493 546 298 694 145 770 82 799 992 6 89 72 266 514 772 358 468 747 576 703 436 349 934 243 422 592 157 395 41 681 995 346 601 487 96 645 113 623 844 677 237 521 395 653 781 372 601 47 561 88 156 435 142 653 446 331 818 241 197 958 655 916 609 165 884 688 991 843 592 697 832 60 818 518 660 295 198 45 504 317 492 105 532 531 980 551 584 918 320 251 416 98 112 225 375 618 541 834 500 863 164 682 727 935 411 959 920 448 289 890 863 176 582 435 719 643 429 520 348 474 257 920 786 231 230 878 883 273 324 470 518 3 702 939 598 837 811 565 452 432 824 792 179 444 735 1 27 634 832 34 252 755 286 931 553 723 816 768 567 566 21 18 76 594 940 328 724 328 493 176 367 540 290 278 453 51 113 387 276 836 913 590 225 301 499 278 740 605 191
731
400 25 832 83 186 635 66 119 617 11 316 533 595 634 608 788 432 455 133 821 872 935 787 753 56 622 969 197 88 609 326 922 586 958 494 727 18 433 86 642 130 352 918 408 1000 73 187 307 13 554 75 47 58 556 1000 16 660 737 471 862 449 841 833 844 386 483 80 4 116 216 259 206 585 539 211 364 860 595 819 877 761 518 449 384 460 39 288 166 616 577 316 106 236 205 940 884 466 616 6 104 847 963 648 960 388 675 820 958 489 648 646 839 734 216 944 678 432 558 961 50 250 104 828 69 913 625 923 295 354 104 412 311 430 425 705 429 248 11 196 601 179 874 217 406 737 35 445 654 906 57 245 323 251 259 792 418 58 164 185 166 278 552 411 909 706 232 924 481 215 797 916 745 812 398 257 783 655 414 53 507 413 347 797 610 912 844 134 362 81 735 178 72 82 32 309 281 249 574 2 636 424 47 864 809 673 35 990 806 283 790 806 123 415 464 867 59 147 687 186 839 40 669 269 442 900 831 905 530 395 322 35 108 339 618 425 54 154 524 630 282 559 290 453 955 814 106 772 242 232 551 772 618 201 668 137 994 586 1000 392 686 509 992 706 663 541 162 374 929 41 962 140 233 761 37 632 402 225 480 140 241 128 2 700 764 731 75 776 816 535 862 973 989 140 247 158 860 837 950 569 697 676 627 482 241 709 535 330 755 930 111 152 968 114 365 109 877 573 396 352 196 298 192 215 719 439 343 502 295 99 472 774 410 894 161 248 757 945 457 766 763 353 374 466 352 86 15 458 299 620 896 194 430 787 623 390 551 302 168 948 440 614 998 491 903 522 74 239 707 583 112 170 313 294 759 977 759 304 719 376 949 43 629 700 190 799 650 104 76 683 502 185 554 240 157 614 406 638 768 647 684 436 552 447 400 580 313 867 225 630 983 756 595 351 538 425 53 844 48 742 190 910 84 419 313 335 768 381 463 382 908 601 848 789 143 907 47 365 827 830 701 468 578 364 837 366 663 825 659 193 398 490 656 205 181 109 630 212 796 498 345 210 604 347 334 393 456 597 159 843 169 756 98 218 268 730 177 982 694 712 418 640 763 587 559 677 203 624 175 323 166 658 9 825 56 99 856 759 33 904 454 103 840 533 867 711 504 141 976 805 330 176 895 933 519 268 462 538 378 112 402 211 461 460 89 766 411 818 551 394 9 708 791 956 188 214 574 939 972 917 366 816 748 330 169 43 889 620 510 973 564 270 330 873 88 898 403 693 166 557 987 242 207 242 289 717 461 890 190 395 835 176 849 187 461 227 545 491 303 969 683 239 202 402 818 365 528 748 510 84 921 62 280 773 217 701 946 774 978 76 965 613 133 26 349 77 958 159 310 288 359 432 717 712 627 196 812 772 66 455 817 755 817 235 415 828 846 463 978 750 547 397 228 511 614 766 930 806 413 323 756 394 101 294 99 571 558 84 176 336 367 306 313 945 351 273 263 849 764 868 782 858 291 343 440 771 683 594 847 838 583 579 973 408 389 743 794 616 289 831 82 357 539 62 309 91 134 623 147 515 355 372 576 870 566 933 930 364 658 70 44 848 183 424 447 98 795 504 235 537 656 764 950 275 731 224 49 986 953 548 404 646 420 918 43 962 809 665 585 452 857 131
198
68 788 895 491 774 929 163 15 983 977 457 714 518 853 621 322 58 542 734 159 706 447 195 33 695 652 533 327 942 938 928 336 5 137 998 498 31 956 401 47 544 349 296 858 784 635 970 166 886 698 463 324 423 177 608 69 784 142 712 708 652 124 189 401 979 537 657 500 567 362 44 246 340 642 37 180 697 936 725 670 591 589 171 93 898 97 181 663 746 970 419 899 838 751 231 882 712 132 373 99 176 265 336 812 772 584 491 984 162 31 220 62 601 927 210 85 212 23 930 252 489 401 631 651 414 92 197 248 436 614 467 374 352 65 694 434 359 911 895 908 936 11 890 729 340 637 770 646 163 225 636 964 479 912 370 673 242 379 723 432 447 267 625 133 484 373 827 629 689 368 380 599 460 275 146 194 411 287 166 314 950 525 620 221 716 846 319 491 602 633 806 586 725 373 606 626 578 316
338
374 404 856 751 802 368 708 702 701 891 699 875 334 757 579 270 991 68 979 466 798 810 683 902 540 264 635 766 246 351 904 853 266 394 950 236 142 434 340 518 176 533 623 698 680 551 796 540 407 884 813 796 310 20 445 148 680 560 983 934 719 540 346 437 883 881 414 335 378 461 113 748 514 754 39 95 594 527 670 975 56 53 720 34 889 503 252 690 506 177 152 219 15 82 653 367 438 417 338 188 156 354 214 550 844 307 272 277 904 71 906 57 24 449 8 928 141 601 667 511 213 675 531 945 699 571 646 657 422 187 395 649 389 216 253 707 674 262 471 401 552 325 793 106 556 263 39 774 741 1000 336 586 782 756 845 455 992 714 983 374 694 718 972 183 862 936 512 607 906 116 950 145 994 685 706 344 344 386 866 17 184 65 195 726 714 894 245 388 952 704 217 20 583 431 461 668 466 564 402 799 601 65 832 832 393 402 788 987 315 334 485 698 830 496 259 547 647 872 496 271 857 450 168 287 893 770 781 704 415 746 158 269 891 119 723 4 818 513 824 220 163 356 173 432 747 916 950 189 880 585 132 146 466 681 713 412 962 97 174 917 314 612 593 331 829 400 378 610 90 363 973 524 319 741 605 298 137 978 465 781 791 704 802 534 329 989 256 746 919 500 18 583 137 202 717 73 572 34 577 430 719 927 699 344 245 314 352 528 362 635 106 197 621 555 954 1000 155 241 281 887 260 510 676 621 623 828 649 541 14 855 419 224 121 555 317 579 620 782
126
160 268 756 681 178 185 995 820 258 418 296 963 513 665 601 713 970 854 818 818 737 192 140 528 315 921 93 626 49 962 586 48 766 177 352 979 356 968 345 290 596 794 674 955 828 528 611 115 576 231 764 674 241 190 742 411 373 828 699 503 609 829 500 168 726 967 805 822 35 870 179 542 233 284 615 78 323 57 341 268 117 348 371 383 435 930 877 678 969 857 990 577 931 226 210 885 596 571 445 981 191 547 991 820 500 220 328 233 208 151 651 138 829 360 824 383 587 958 906 491 202 703 816 79 537 857
454
682 453 666 629 752 170 559 855 861 331 66 882 375 343 242 42 304 703 505 561 715 777 612 691 646 483 470 161 769 212 889 27 761 108 435 595 443 602 718 434 374 336 362 880 117 764 501 361 977 528 307 356 263 401 814 863 724 348 780 703 122 674 568 826 336 281 120 937 370 904 437 345 626 818 124 481 6 314 612 620 120 1 792 598 248 770 688 97 50 637 387 340 534 265 924 977 398 119 150 276 781 281 305 901 190 262 549 116 394 351 366 943 472 208 719 370 930 378 459 381 171 287 193 376 503 576 247 135 109 469 334 381 226 695 534 20 431 714 855 253 703 288 64 571 392 766 480 808 603 558 938 381 293 511 397 973 9 406 52 16 563 913 453 194 56 172 708 417 139 226 3 314 292 587 789 691 390 572 117 505 772 290 259 317 445 453 703 961 597 128 617 893 137 40 79 651 524 483 888 155 269 873 33 202 760 997 944 794 415 326 330 806 256 177 983 459 893 625 948 333 350 834 503 482 682 529 828 611 524 116 750 677 623 826 87 839 755 880 674 354 86 74 403 332 689 777 279 225 286 780 111 392 615 149 396 856 900 361 677 574 523 88 776 803 850 342 359 885 973 869 665 451 613 643 546 694 177 671 41 122 845 293 107 260 501 731 495 752 809 688 352 443 825 911 323 224 427 923 599 82 60 578 937 576 249 364 364 218 725 766 892 399 415 434 329 807 722 429 507 706 339 998 702 848 843 233 102 397 15 577 413 288 366 690 17 30 290 635 159 97 200 213 359 813 689 193 708 61 640 201 458 642 883 809 869 915 357 743 878 437 215 1 635 517 447 740 297 376 516 434 199 54 719 674 608 164 515 831 681 674 197 525 681 589 167 99 993 579 850 882 927 56 344 587 252 134 254 211 935 101 162 634 553 588 202 64 363 68 838 23 482 496 4 531 200 56 269 88 756 867 490 267 689 256 94 306 590 875 220 287 524 197 524 861 259 249 90 742 807 417 371 745 365 576 368 581 421 148 686 711 704 831 851 851
188
870 839 987 718 314 496 205 262 779 369 91 428 291 163 55 262 644 639 547 296 985 19 584 140 506 871 407 846 41 884 134 373 246 435 935 688 923 226 704 224 314 411 728 107 243 77 863 821 37 980 569 566 352 211 40 710 582 299 619 144 966 430 33 124 48 745 594 511 638 852 201 221 284 257 573 444 215 673 525 176 246 103 689 767 379 308 676 905 248 820 805 707 46 328 995 646 511 598 285 212 733 557 279 383 756 262 168 952 113 468 918 715 705 864 127 101 69 865 144 141 544 62 761 85 463 247 94 617 16 324 380 604 833 621 802 802 259 263 732 43 54 423 838 249 751 400 225 39 160 590 939 4 317 109 319 940 410 76 274 956 503 320 135 989 43 894 584 595 710 667 967 976 758 291 555 771 63 319 557 756 117 592 288 672 367 844 196 835
19
648 577 501 424 770 72 70 390 120 175 997 499 137 143 241 422 195 904 359
160
643 78 160 778 522 37 384 661 693 486 985 810 459 239 720 516 381 151 514 809 156 637 454 577 7 419 627 521 651 752 512 371 676 576 754 764 225 104 876 949 750 483 984 171 709 895 141 911 383 953 944 383 620 906 246 487 269 346 461 513 487 813 208 774 467 79 787 564 375 960 402 943 693 548 1 789 20 401 51 826 193 801 895 354 147 504 344 391 480 331 273 643 662 722 176 193 375 562 483 923 164 173 75 719 939 557 70 469 2 762 665 507 396 103 375 228 150 814 376 87 68 182 614 992 135 680 519 944 593 178 130 683 293 598 728 630 379 953 74 855 96 310 445 462 602 30 1000 283 606 594 164 704 84 779 642 496 397 386 267 842
673
795 285 17 98 622 70 617 373 29 708 824 181 500 931 542 834 228 358 269 350 425 13 688 255 208 937 981 176 932 682 855 54 870 415 137 355 471 581 966 255 426 656 431 792 316 151 121 397 761 699 931 312 677 678 56 924 421 439 359 384 353 609 872 87 986 95 453 97 330 85 997 599 91 160 746 88 551 986 787 429 514 342 493 859 602 761 552 221 828 956 274 884 417 107 702 65 777 583 628 443 101 749 283 42 250 904 126 133 731 8 863 41 522 696 361 816 381 421 24 363 517 930 753 181 309 42 874 848 330 740 881 152 726 262 184 61 118 272 147 75 618 230 664 484 531 15 906 634 688 652 950 391 139 995 240 781 207 461 304 270 149 242 747 235 142 308 314 196 845 285 303 19 334 896 385 755 717 171 415 679 718 84 474 294 219 290 156 777 317 619 427 187 596 615 698 459 870 759 263 701 402 509 684 671 787 166 953 310 144 884 434 863 587 195 33 956 101 739 999 854 474 183 676 61 555 510 342 694 897 302 2 456 629 925 665 149 559 884 312 402 418 173 889 728 865 509 790 927 110 876 328 289 336 486 896 734 716 929 584 179 344 108 278 705 893 737 237 635 4 190 213 960 667 40 286 302 61 349 54 606 853 832 242 925 978 401 650 451 85 312 339 55 17 449 1000 539 426 297 605 17 488 966 55 59 914 108 521 728 490 826 288 599 998 678 391 599 165 967 326 388 291 150 684 572 719 432 310 909 768 400 55 755 106 653 397 671 832 340 744 136 760 430 788 902 64 752 151 681 536 789 481 857 925 36 960 824 600 345 587 693 154 533 831 910 699 557 415 722 766 241 246 421 540 289 364 708 340 574 534 224 758 66 42 171 903 262 405 248 836 377 449 864 383 905 413 977 474 500 632 895 173 618 367 126 618 882 375 908 767 84 811 80 225 924 757 472 253 304 762 498 423 668 794 252 113 362 199 650 874 283 967 156 815 285 643 682 13 870 703 454 830 71 458 277 401 521 370 242 560 335 243 938 599 331 157 139 184 927 259 80 415 950 365 872 413 769 607 239 118 546 240 849 759 558 82 402 806 13 844 840 417 295 696 623 955 115 26 708 782 222 995 308 559 345 245 19 749 689 244 241 830 100 594 671 354 528 255 896 70 396 796 316 728 550 468 208 345 837 608 599 432 469 120 66 973 362 667 142 642 523 323 893 947 85 676 822 814 885 681 215 714 146 136 791 751 169 766 708 789 914 949 748 94 786 223 479 663 383 20 926 131 882 965 444 861 648 245 954 753 237 480 99 314 681 896 6 698 341 25 898 268 458 577 612 319 276 728 844 746 83 632 854 745 283 327 373 118 495 924 615 514 806 298 856 589 38 103 994 56 595 290 937 420 486 712 389 904 234 960 376 814 456 385 543 39 324 4 671 195 73 691 533 792 930 978 214 899 544 608 653 730 310 23 672 826 687 983 115 125 603 700 184 567 205 858 447 943 46 556 129 343 556 203 904 711 984 970 684 848 679 50 941 971
640
229 811 764 989 273 28 929 884 54 520 13 438 45 726 768 679 268 46 376 373 51 692 767 616 968 1000 165 931 827 755 239 91 904 156 378 600 204 754 964 442 692 401 149 492 353 308 700 487 855 526 530 12 612 444 407 637 101 605 306 303 400 922 711 642 877 217 743 712 837 785 727 237 710 107 37 245 811 880 338 99 286 638 202 888 1000 641 246 792 537 478 317 455 280 7 65 579 269 862 373 397 974 851 221 29 86 974 816 443 865 639 631 525 946 913 859 600 268 398 535 633 825 754 676 360 92 640 77 950 265 635 704 662 765 942 114 69 275 181 135 644 25 794 579 909 324 615 938 380 831 105 301 288 36 903 863 165 92 680 385 298 486 884 900 800 129 825 257 712 299 121 196 764 817 35 866 536 530 777 945 672 332 810 605 59 249 786 163 293 461 518 85 703 873 200 151 469 930 148 948 279 500 220 955 614 42 515 563 723 250 624 478 202 820 172 330 291 980 209 615 44 172 411 265 443 380 617 840 429 677 259 998 6 848 442 255 519 263 184 571 401 136 605 29 272 188 663 15 579 357 282 560 153 970 388 355 326 162 813 324 563 418 133 39 670 614 51 592 777 796 82 993 292 744 48 454 500 707 271 683 699 180 376 941 453 811 292 650 515 370 312 498 831 683 148 220 574 891 827 539 242 426 656 178 74 425 701 182 207 233 175 842 357 376 529 953 824 551 819 72 875 21 321 348 355 170 381 293 188 612 99 961 588 498 810 390 355 98 718 740 780 483 660 787 834 505 481 677 609 226 990 788 290 842 310 274 625 585 78 411 661 98 555 270 316 919 12 885 5 183 122 111 576 909 533 754 907 62 634 68 85 576 740 30 241 834 170 308 961 694 928 447 418 534 221 330 696 864 923 681 443 958 912 728 335 83 775 75 24 131 210 810 632 488 618 21 679 766 878 452 85 624 253 326 926 214 248 646 635 2 584 650 701 88 755 419 531 712 336 2 235 92 156 916 187 451 990 140 423 687 69 100 9 282 519 859 662 591 634 708 170 377 378 835 474 828 211 825 806 513 477 823 544 68 464 195 886 148 784 840 479 34 698 445 755 170 999 381 69 197 734 798 538 370 607 729 817 721 459 331 278 672 149 855 250 314 225 172 809 884 869 807 513 626 422 879 241 427 608 316 588 904 245 412 995 495 974 71 90 778 252 81 714 563 385 479 746 335 514 872 577 178 93 553 394 589 535 586 901 794 158 57 982 742 106 767 269 391 72 420 508 52 463 875 348 59 276 605 767 548 423 751 146 690 180 147 594 982 30 897 885 556 998 466 87 41 906 216 571 601 971 671 903 560 890 641 422 976 137 290 836 21 163 746 754 233 939 528 874 647 351 922 772 814 887 415 248 547 992 658 881 593 927 850 651 343 67 598 801 655 58 858 287 578 394 345 392 311 7 72 132
712
841 729 308 230 659 457 945 875 133 181 686 113 817 465 530 617 115 351 613 538 977 297 467 121 617 140 618 516 152 541 923 608 188 816 697 556 792 757 276 375 784 228 669 139 564 178 452 235 800 20 98 899 357 625 326 105 857 318 224 691 844 455 118 757 245 699 378 499 972 484 688 18 196 540 436 991 823 400 87 583 477 188 682 752 131 422 899 808 953 517 845 365 384 244 571 163 548 817 823 16 620 132 267 103 674 867 796 400 293 38 177 280 562 630 36 186 118 909 104 565 362 80 558 882 732 327 513 716 322 886 614 104 771 748 609 261 122 803 677 876 235 427 285 916 984 300 457 648 975 455 944 770 491 748 454 187 292 839 25 747 842 98 754 339 552 248 388 65 360 736 253 225 523 179 267 778 492 300 777 294 475 261 921 942 643 593 686 903 146 780 404 429 392 818 409 246 22 596 205 467 764 897 374 608 463 844 143 928 902 863 973 469 802 311 609 569 213 329 546 564 1000 536 415 131 324 484 551 40 238 104 342 608 388 662 300 532 638 237 787 900 769 376 717 976 956 730 485 370 819 747 985 619 78 617 506 478 436 951 926 291 708 916 280 891 53 674 360 982 391 197 3 226 800 233 105 808 15 934 570 260 871 70 468 840 126 175 746 1000 71 503 251 845 37 330 736 148 731 749 229 110 323 794 128 986 617 864 310 724 536 433 640 276 500 305 376 660 604 759 77 836 521 216 157 464 855 43 368 391 744 827 940 176 671 85 722 169 830 430 693 297 101 227 561 737 940 837 323 647 968 393 473 288 794 102 990 729 128 773 973 648 243 833 661 255 434 714 465 641 339 437 659 828 155 809 87 129 87 31 448 602 171 218 182 546 922 906 349 149 692 790 598 774 19 806 981 164 531 451 164 342 456 57 559 774 247 801 607 772 499 775 141 745 338 668 560 739 855 274 582 917 529 313 271 953 214 221 986 902 43 507 370 762 714 491 305 681 335 662 312 108 677 924 551 223 688 337 755 889 667 561 987 822 895 795 436 335 636 970 815 360 210 528 84 996 962 666 160 272 631 258 783 357 460 536 497 350 536 687 293 260 160 275 100 573 32 817 675 580 117 77 530 633 532 102 441 519 419 643 898 885 871 47 308 416 391 344 822 584 287 325 423 327 531 885 927 844 359 130 386 978 216 982 684 988 313 838 809 438 537 112 933 985 30 804 672 693 61 752 854 800 262 219 736 234 340 399 365 364 333 698 200 680 622 179 180 718 374 998 11 22 871 267 300 806 145 482 62 238 408 787 947 303 734 992 787 565 525 24 121 860 576 197 165 526 652 33 280 699 495 780 786 659 311 409 300 281 359 947 536 144 747 473 327 160 330 269 944 535 97 906 54 573 616 97 642 989 443 785 386 170 922 579 774 40 61 100 88 296 45 894 355 153 762 495 172 398 993 188 87 205 901 393 348 881 191 641 262 720 141 808 924 663 673 710 476 11 498 972 73 506 90 316 673 456 275 483 142 302 155 158 226 638 530 843 734 442 157 768 133 835 775 217 485 452 813 958 83 913 593 548 778 510 53 698 930 157 94 198 979 960 586 471 303 139 523 877 560 188 350 993 464 45
474
848 756 483 493 907 246 682 105 169 774 616 184 322 254 821 146 152 997 931 462 361 677 346 272 327 672 221 134 679 963 268 460 464 858 759 965 704 200 759 949 376 714 498 16 301 302 101 70 74 173 990 561 114 397 818 323 977 729 573 397 265 23 835 826 876 585 301 374 900 693 688 840 26 547 775 33 60 96 990 32 989 337 917 850 807 345 792 809 682 790 123 522 969 866 762 773 435 699 156 919 357 385 472 465 813 247 531 588 243 370 604 215 606 266 12 953 314 538 24 797 157 521 594 224 900 653 201 829 270 660 100 857 161 406 846 964 692 319 33 57 598 221 946 695 451 363 457 260 239 777 596 315 438 773 474 965 103 86 204 122 745 540 280 917 796 180 878 867 913 848 776 921 430 984 695 175 365 291 46 266 579 705 119 718 888 11 252 150 145 754 953 384 470 384 963 310 703 984 620 928 620 138 491 226 181 371 758 643 396 73 919 77 992 167 436 775 679 804 410 91 523 16 361 988 42 889 461 707 106 188 685 33 109 531 191 968 605 393 412 890 767 767 667 809 520 552 242 779 458 448 328 586 804 637 413 625 997 983 486 198 848 72 33 281 331 967 260 750 991 102 210 276 208 35 930 108 922 547 828 442 628 645 242 646 219 144 943 663 913 522 961 888 300 275 277 689 909 351 187 522 544 1000 988 296 15 668 493 627 499 488 666 87 819 671 395 854 157 332 900 46 202 865 432 689 699 369 391 457 633 894 904 592 880 694 184 681 513 72 904 656 419 727 469 844 524 188 631 767 37 309 190 482 519 640 808 92 366 918 682 654 378 149 544 654 267 421 250 423 811 692 406 966 268 743 126 396 442 988 366 601 887 832 492 81 193 659 469 86 195 484 431 101 344 129 984 794 380 800 892 688 48 823 284 660 867 869 824 51 358 925 636 356 689 312 206 980 58 696 147 928 130 294 737 818 487 477 565 862 577 750 12 155 411 903 498 677 754 247 404 160 554 504 567 963 463 681 793 976 236 423 243 608 87 297 675 758 21 597 613 502 250 745 836 370 291 121 807 445 599 118 677 605 271 943
292
483 509 208 764 206 245 167 537 460 476 922 966 75 222 61 356 32 804 461 673 10 619 710 293 588 158 457 51 183 405 59 904 533 645 565 218 949 86 401 499 525 619 118 787 693 79 224 716 314 988 434 501 159 745 777 662 186 189 996 784 565 458 218 159 212 114 282 751 92 719 373 75 301 91 510 368 186 473 806 236 320 107 322 255 392 657 70 126 806 881 183 156 314 121 183 373 624 21 980 189 268 424 63 64 769 674 953 56 256 483 754 933 267 238 769 641 415 1000 206 157 591 419 606 620 57 123 363 639 364 473 708 173 970 349 680 271 168 915 443 25 444 203 76 434 932 110 39 361 820 994 812 788 678 685 673 539 962 716 610 798 738 426 732 687 695 803 58 108 953 869 13 465 787 980 244 637 389 575 461 284 777 449 682 166 612 434 180 873 389 536 676 776 663 306 697 696 567 852 973 283 554 353 924 645 14 855 393 178 177 541 314 653 491 340 935 393 374 820 673 155 227 899 955 48 838 261 75 669 627 405 706 739 194 558 523 398 896 515 438 666 478 607 106 704 514 426 945 224 14 104 288 966 92 673 640 118 943 133 650 512 583 427 55 805 843 767 927 573 461 235 257 538 101 812 671 411 680 318 968 689 844 883 152 49 854 17 320 184 146 250 261 975
976
886 276 81 685 821 755 773 201 900 873 774 680 42 674 96 195 182 238 849 983 195 315 500 678 599 846 900 750 631 423 936 570 480 587 508 421 264 48 188 234 729 429 589 918 828 904 599 899 258 771 154 696 794 73 879 872 631 31 999 910 580 752 685 306 438 518 504 255 379 751 963 113 900 544 717 313 950 103 388 24 762 393 648 150 992 647 630 751 716 573 558 930 145 790 376 353 88 732 198 366 826 375 832 183 304 91 891 428 185 531 75 820 589 346 920 764 237 542 543 484 797 887 889 466 30 724 94 417 217 729 126 728 84 267 112 146 942 685 467 406 498 632 652 827 986 102 51 879 551 225 277 100 238 979 625 283 733 864 132 661 688 20 150 520 131 487 774 634 768 417 969 455 702 870 594 532 274 234 39 482 25 480 296 545 652 710 552 262 905 958 912 879 891 973 197 727 486 952 774 977 776 941 605 144 27 51 24 823 610 917 583 315 491 770 568 838 954 832 767 97 777 992 540 452 710 823 401 176 91 832 459 342 987 560 381 68 894 749 272 277 145 828 430 798 950 365 343 813 411 645 614 995 356 990 995 10 395 422 243 362 757 973 425 528 96 607 97 962 386 436 771 60 921 365 539 147 599 539 311 241 714 892 962 420 525 617 273 97 817 640 605 847 774 686 386 963 337 972 174 407 586 614 930 195 820 522 295 651 480 849 627 407 476 672 688 611 691 572 265 570 646 46 361 496 530 957 143 913 496 280 519 183 774 772 590 768 836 651 62 697 539 630 94 992 810 290 308 171 750 979 563 649 404 439 325 652 540 241 813 346 1 592 332 575 910 858 137 160 543 933 798 406 682 192 333 43 744 43 375 305 482 448 350 925 57 611 209 980 844 952 568 563 684 928 582 302 837 575 862 803 566 247 996 183 943 128 514 942 758 436 268 276 669 562 973 98 639 952 848 20 247 407 971 196 114 621 957 764 356 611 198 514 486 438 710 762 571 740 786 849 671 395 203 994 21 676 649 775 72 91 637 418 741 109 98 458 158 381 272 74 889 439 384 678 772 976 489 958 440 760 97 133 122 420 254 479 149 779 205 552 782 185 363 555 165 200 684 979 611 188 487 350 178 40 887 828 581 901 360 865 201 145 343 585 661 549 190 727 346 960 340 290 658 44 704 347 201 882 461 133 747 20 719 37 352 629 402 40 448 901 86 833 477 284 602 2 406 983 787 111 913 510 165 628 627 648 860 792 403 60 936 602 633 475 694 156 245 752 702 861 4 335 932 998 164 858 702 423 99 501 986 706 584 687 191 376 902 63 181 39 918 779 175 845 756 341 707 265 800 486 816 411 451 984 459 272 789 736 672 921 740 591 283 442 804 532 159 239 972 763 731 512 912 408 673 132 344 697 3 236 69 218 254 735 8 416 878 847 863 696 457 139 760 297 598 549 710 869 253 429 872 579 121 840 595 592 218 282 59 234 757 336 310 894 368 806 681 563 119 725 148 662 796 181 184 238 120 621 791 999 671 560 68 415 955 603 816 251 936 234 439 729 630 773 270 863 43 611 115 901 902 977 384 303 93 706 649 851 23 477 383 396 392 956 652 8 907 419 878 84 384 250 166 141 938 427 791 949 932 71 812 916 590 86 564 756 573 862 883 494 528 718 429 40 538 524 751 618 599 908 738 661 271 939 675 545 543 808 364 853 245 455 722 543 242 218 988 679 342 711 123 507 395 297 893 259 243 636 73 776 67 193 371 152 231 10 839 253 253 969 16 640 701 589 743 827 965 528 463 285 257 303 424 255 442 78 347 781 881 304 790 582 412 161 896 392 748 455 687 401 711 486 241 793 896 371 41 924 351 385 547 691 723 937 756 804 235 372 546 446 54 391 446 396 509 441 50 56 125 546 39 229 546 889 570 773 669 555 309 881 908 149 656 867 413 234 393 883 257 103 212 82 931 334 392 427 685 708 785 846 184 631 563 565 973 735 339 426 149 138 684 377 788 421 16 248 387 279 189 392 782 955 730 87 548 863 395 104 673 425 924 857 565 738 618 470 628 505 791 887 214 749 360 846 828 407 839 827 41 6 432 691 3 320 636 3 872 620 251 483 951 898 718 556 533 713 106 665 781 364 550 3 348 681 436 122 950 905 617 366 493 98 355 653 802 177 942 243 448 842 846 532 555 727 841 527 827 792 143 755 220 625 235 97 495 80
918
285 845 894 628 280 38 852 370 39 161 509 219 750 520 440 220 253 350 335 257 514 327 634 105 670 117 693 263 848 485 405 642 303 516 514 197 292 809 851 367 338 196 806 57 783 419 245 530 833 507 686 443 403 804 806 230 414 857 772 517 958 627 34 74 313 880 691 6 970 374 224 589 520 741 49 699 929 855 905 115 348 48 367 81 215 956 691 864 297 334 425 348 221 540 779 255 27 344 362 492 484 345 876 912 797 488 814 613 434 527 137 368 472 617 277 620 287 912 430 315 100 845 295 417 448 510 261 568 722 865 179 340 814 28 979 952 59 634 229 820 327 852 629 940 488 994 383 683 88 362 203 716 863 561 470 642 99 915 579 684 151 992 975 141 511 467 688 656 17 480 270 343 124 48 238 474 400 199 340 333 44 546 203 441 573 23 575 766 536 364 580 421 908 10 960 1000 825 942 501 247 716 20 778 59 582 412 844 797 752 887 106 537 646 789 480 298 585 727 114 706 887 691 76 356 738 625 951 658 964 594 661 268 625 195 918 463 737 955 804 828 22 591 37 144 367 622 426 622 792 891 64 783 795 443 880 182 413 900 124 105 172 952 254 901 410 499 153 948 672 382 659 943 62 687 416 209 110 117 401 256 248 218 513 880 352 606 310 353 916 95 15 793 826 651 80 332 688 975 245 2 718 435 463 561 565 873 459 940 663 825 311 670 130 463 592 919 301 664 515 166 762 962 227 453 320 165 140 514 150 684 996 115 950 730 215 950 801 561 321 426 677 662 597 469 775 988 424 316 642 190 73 645 716 62 712 377 660 822 770 378 40 490 521 222 771 618 523 611 638 449 283 364 720 32 782 85 126 553 470 707 955 19 317 73 936 592 562 447 333 635 239 293 96 118 944 211 46 878 75 293 199 463 864 839 704 648 571 665 558 729 431 514 145 732 5 457 776 881 759 633 803 238 397 976 8 916 943 579 270 728 590 174 149 1000 250 669 490 327 170 618 558 730 78 121 206 744 837 586 469 877 289 503 95 450 796 647 6 746 975 592 419 213 324 166 297 255 815 248 981 533 70 166 885 304 841 195 848 151 185 394 136 63 896 200 691 740 519 168 85 612 997 417 618 293 965 172 393 950 577 804 527 346 937 583 432 903 206 921 772 783 944 38 873 240 541 89 536 97 953 138 826 823 669 174 568 454 442 203 636 414 159 599 148 435 891 858 142 311 134 809 981 85 812 780 64 392 133 192 746 156 187 92 383 392 801 764 129 922 883 812 151 82 811 20 607 385 745 757 238 104 75 826 461 984 778 874 377 310 559 876 375 510 679 230 468 295 954 846 170 466 716 16 561 216 239 291 473 434 267 821 981 302 40 956 511 692 445 260 759 364 237 612 127 511 895 263 529 568 15 30 595 277 382 64 909 438 801 794 734 377 443 76 292 861 545 4 41 9 202 647 89 341 238 186 75 439 964 617 593 588 193 838 856 127 747 396 932 818 246 855 644 775 895 312 320 40 16 571 316 169 186 173 196 538 277 421 324 313 460 348 415 618 279 555 598 160 900 610 179 293 910 210 210 816 477 47 546 327 381 581 940 804 597 793 983 190 454 834 422 851 195 230 777 842 877 299 491 193 577 673 725 736 917 987 26 730 503 307 362 377 813 314 209 36 298 499 785 266 304 163 449 291 540 194 186 725 413 190 697 157 510 625 983 905 911 881 323 112 230 322 87 297 473 242 413 843 386 516 419 325 246 308 891 753 506 511 178 656 679 680 183 261 234 616 460 963 273 371 614 804 63 342 436 14 637 354 143 34 248 56 176 452 652 731 818 262 155 421 319 897 887 550 297 154 749 866 5 323 747 685 53 238 882 663 393 399 498 760 848 996 324 604 981 990 169 13 461 836 791 56 272 619 115 779 302 436 199 130 66 264 885 424 213 687 657 994 1000 484 901 272 793 623 275 874 543 613 288 302 853 212 87 88 305 573 44 681 186 521 876 446 810 236 577 918 834 215 435 923 983 791 173 512 936 373 773 771 705 875 385 188 548 571 12 140 620 97 154 458 508 719 582 975 719 72 685 446 138 590
645
446 885 556 460 312 113 816 516 421 492 342 112 148 922 856 939 470 770 244 562 587 34 620 66 531 445 888 48 863 371 866 597 782 979 460 406 289 345 847 3 988 651 9 431 987 698 465 457 136 935 858 477 47 243 432 467 33 684 158 70 889 311 881 728 342 432 669 926 1000 836 22 649 978 972 520 796 647 159 807 212 332 718 128 867 803 323 81 833 531 683 50 431 841 141 484 605 943 429 235 155 563 283 689 477 730 479 893 151 34 102 411 915 413 750 14 315 189 302 3 87 90 463 244 205 738 179 292 593 818 823 616 335 851 149 368 163 300 957 971 774 178 501 402 999 599 35 964 525 421 310 781 892 659 936 197 311 168 663 358 732 844 852 78 444 794 64 170 195 655 589 743 377 929 766 153 609 792 275 445 767 960 561 852 845 723 316 745 383 312 291 181 588 412 503 73 790 51 278 370 747 198 790 645 901 921 446 218 124 832 8 128 448 622 419 20 358 527 733 134 647 66 957 366 760 955 591 518 971 251 574 681 242 68 887 618 544 970 911 62 478 108 101 518 106 668 365 272 596 283 970 852 793 512 793 201 843 766 325 566 890 206 100 190 723 984 466 991 669 177 285 559 51 285 179 192 932 449 380 334 948 26 947 208 252 151 861 454 572 208 912 819 228 159 593 776 229 855 599 506 650 440 676 326 444 917 883 74 433 324 416 171 958 232 217 557 622 393 930 839 100 9 370 330 726 708 319 404 585 748 405 526 574 914 305 230 131 635 767 535 266 930 350 138 226 544 502 494 850 298 676 327 656 826 878 421 79 720 507 554 167 398 76 315 209 836 671 496 74 226 979 626 951 468 699 812 493 903 543 137 218 438 863 925 304 445 595 109 579 680 781 79 232 262 733 159 494 230 431 995 700 894 336 381 848 192 922 4 209 217 509 869 843 1 91 158 644 367 175 850 353 857 636 66 154 174 69 861 430 19 386 605 513 617 139 908 922 696 976 411 762 923 169 205 237 712 124 441 22 776 627 244 974 827 323 960 843 542 987 122 295 95 662 569 148 767 233 168 41 65 383 295 878 19 971 134 40 650 719 900 224 801 227 825 325 124 325 809 68 115 33 361 329 873 763 207 146 828 316 816 306 737 383 141 980 333 959 128 769 133 591 630 368 210 990 880 78 836 665 211 152 910 917 886 362 809 649 31 557 624 452 569 725 139 591 710 445 899 277 141 223 929 156 725 142 364 107 737 710 305 697 39 38 801 250 97 566 364 683 636 620 722 656 878 326 988 874 910 521 696 556 466 783 497 848 44 422 777 730 964 908 455 377 191 321 80 936 218 372 714 509 80 264 113 419 710 554 354 591 989 536 654 176 338 95 277 969 839 550 506 860 468 766 310 105 934 15 579 53 677 832 675 626 566 118 7 868 934 937 584 669 896 1 27 442 151 570 933 245 915 980 867 450 66 768 735
985
398 759 436 689 653 701 783 761 774 655 591 567 986 157 329 795 53 978 807 703 846 389 412 899 321 457 630 571 674 939 31 110 405 693 640 653 738 475 649 710 279 510 218 224 713 291 117 451 782 994 787 158 763 304 978 797 481 474 744 306 191 364 941 625 461 841 156 609 848 30 616 453 776 561 217 296 801 922 667 297 197 897 149 87 238 740 625 591 931 167 261 141 579 28 962 514 251 871 999 852 743 580 743 500 316 517 199 468 877 239 392 147 568 659 703 310 482 54 657 842 65 986 483 72 87 965 833 552 228 923 829 579 294 61 636 334 759 530 625 196 258 629 606 777 198 142 658 507 592 533 478 615 833 518 862 305 471 98 702 757 382 523 45 80 970 29 422 497 752 111 789 562 519 638 88 921 604 521 491 749 473 644 98 919 680 990 41 653 610 285 944 475 674 113 854 370 432 519 344 953 864 41 575 31 642 492 716 323 760 727 185 391 258 215 644 124 474 613 829 351 25 388 674 638 302 690 748 759 368 910 385 756 36 778 50 70 297 995 817 961 834 129 792 408 183 459 307 550 35 231 346 177 544 367 946 865 158 674 640 310 363 12 151 699 816 401 663 38 792 322 176 208 977 749 674 10 808 745 986 488 766 586 310 655 13 333 440 360 505 43 467 817 586 949 384 506 62 277 790 551 579 335 215 443 327 333 431 724 455 982 283 349 949 198 538 62 813 611 821 854 730 516 489 959 767 652 274 18 736 788 596 622 988 980 753 991 741 851 511 429 784 568 353 437 253 36 577 973 151 330 78 815 896 181 791 581 55 226 338 986 827 230 982 301 162 900 786 410 735 284 267 364 381 878 830 560 39 661 712 800 308 42 124 92 795 21 697 830 474 913 602 260 847 179 125 263 93 484 141 84 914 626 186 93 91 169 666 107 190 177 292 61 183 649 475 278 541 826 240 973 208 691 510 968 561 346 261 148 783 184 456 347 949 707 183 327 259 951 894 564 383 556 251 94 660 920 876 793 595 396 219 578 275 347 99 949 656 644 525 237 546 991 97 484 973 485 408 613 536 869 664 612 675 201 194 670 898 454 374 231 657 189 956 258 346 194 513 218 668 957 237 762 854 369 815 708 282 715 259 172 593 886 27 179 899 202 642 893 891 39 83 389 944 210 195 123 267 502 464 869 536 291 785 295 902 52 360 534 910 424 820 421 50 542 139 958 452 340 666 776 107 198 112 479 326 556 534 359 685 697 316 568 527 144 588 773 683 536 734 582 633 698 705 46 998 19 415 672 731 241 477 473 266 262 200 731 223 955 500 328 35 626 336 616 950 826 184 614 936 285 48 314 926 543 690 184 325 926 792 196 383 85 872 1000 318 675 794 685 351 983 263 739 51 4 637 362 968 811 302 687 982 83 203 687 840 163 766 913 932 881 934 811 132 9 212 120 245 81 979 732 953 484 943 814 840 791 317 423 271 803 346 978 375 682 251 596 542 951 664 749 459 568 228 442 379 246 10 262 118 651 896 735 831 36 170 902 35 624 650 23 611 640 140 582 889 59 188 697 319 941 314 528 96 464 32 280 561 59 993 328 248 727 266 381 756 767 440 539 498 770 502 419 599 454 682 524 913 689 812 800 119 384 840 892 495 311 593 589 991 627 444 394 32 796 911 328 7 262 179 906 398 945 486 628 451 207 350 370 27 4 654 927 519 611 351 885 355 421 456 598 105 755 652 290 819 391 194 363 222 274 261 855 402 342 386 389 158 741 83 596 719 277 324 782 248 525 852 3 929 222 189 897 569 386 512 950 862 122 454 544 527 13 567 278 802 297 46 32 650 263 846 537 811 951 77 763 281 533 466 452 79 482 941 344 753 832 235 663 708 862 104 818 838 659 670 570 475 111 805 628 712 308 631 883 238 857 745 509 802 363 113 127 140 635 482 848 606 333 392 454 233 923 81 87 962 712 605 448 724 729 407 920 961 13 179 95 549 70 56 842 977 333 373 235 660 324 2 334 457 804 297 283 499 601 701 931 342 2 228 735 661 713 557 749 72 524 313 639 308 53 422 563 514 844 635 881 322 455 505 847 757 684 172 666 575 701 563 34 227 688 919 968 616 169 987 347 409 581 332 625 828 535 415 492 272 723 635 163 904 53 306 425 655 983 470 276 629 115 944 225 373 475 125 719 280 709 746 46 227 59 359 287 593 418 285 590 892 55 179 135 274 927 281 296 952
167
264 679 360 781 113 294 777 190 726 236 311 442 190 243 656 3 670 677 704 712 566 781 747 774 605 30 314 540 430 330 679 708 220 946 629 278 861 702 281 604 170 614 648 631 39 871 893 103 217 810 542 311 961 100 119 922 216 157 750 178 796 269 781 417 254 20 930 492 429 363 351 963 366 586 467 797 391 242 107 556 19 238 590 411 409 949 332 593 897 585 723 957 378 912 950 708 436 792 551 893 640 93 24 464 763 588 914 460 586 449 114 582 438 727 284 111 201 446 237 725 361 483 958 770 767 102 314 863 955 484 286 380 513 339 67 590 267 548 825 601 507 246 522 14 738 872 356 764 640 707 700 936 642 448 195 491 586 257 392 850 545 470 751 910 834 282 767
437
849 437 870 179 379 312 835 752 926 298 906 869 267 973 167 58 379 682 642 436 921 236 768 85 623 308 657 590 462 875 564 336 336 257 568 399 346 235 417 325 778 897 834 303 151 961 659 29 337 195 177 729 183 607 147 401 841 821 900 625 886 334 231 298 793 259 269 52 56 607 156 507 891 122 434 993 868 54 472 566 904 429 613 646 975 847 65 366 135 972 855 773 306 820 713 216 159 807 886 991 836 610 354 638 181 99 895 109 308 800 529 247 599 731 319 815 198 457 163 198 254 859 222 655 9 661 121 769 899 185 367 791 802 55 421 938 258 669 897 423 112 699 781 862 837 274 735 736 488 793 972 398 123 133 829 428 464 347 157 342 720 355 739 553 608 78 167 919 791 693 542 636 403 588 569 458 176 220 364 723 132 277 803 979 48 954 197 229 894 46 390 829 730 162 367 737 681 998 207 940 94 62 160 943 713 924 842 660 243 528 551 160 577 268 322 993 843 905 455 182 355 48 71 880 485 780 179 701 255 363 317 148 417 42 590 480 107 516 648 102 572 271 350 495 121 433 501 48 16 517 288 714 272 167 979 608 528 627 543 297 615 280 895 552 371 378 281 296 622 21 150 555 890 455 344 944 481 945 13 728 90 223 231 585 456 312 708 822 91 155 870 621 882 490 365 719 15 639 603 740 336 727 57 924 8 885 966 291 992 842 333 442 816 738 821 928 966 473 602 607 607 491 30 168 152 710 153 580 915 899 833 117 391 310 527 236 82 885 134 423 45 920 718 151 922 737 96 961 487 333 899 353 672 448 449 675 450 961 229 696 908 553 656 57 717 214 220 521 409 817 744 788 389 63 427 256 948 965 579 966 979 367 52 1000 902 668 984 627 96 674 147 608 414 885 273 438 652 232 778 246 730 472 732 375 145 468 223 415 577 350 156 265 184 499 717 858 170 226 682 439 534 317 202 783 490 339 640 830 320 288 597 795 662 299 48 994 891
135
222 836 8 808 100 610 266 190 552 580 253 242 630 834 653 74 441 184 724 817 167 241 981 303 556 905 63 937 265 233 347 255 686 418 618 427 415 324 768 106 311 423 864 114 532 750 629 155 378 545 207 312 3 300 947 801 708 316 777 98 588 199 334 582 65 255 423 852 338 1000 205 557 192 742 753 765 79 889 104 426 168 94 348 547 951 139 532 306 25 587 583 851 624 929 751 398 982 610 812 334 8 925 307 156 467 155 421 437 561 883 108 308 650 815 448 888 288 830 467 81 978 983 206 93 445 598 483 869 4 469 255 349 667 174 736
544
969 335 438 707 705 542 74 931 809 14 694 589 966 390 968 734 173 206 638 986 28 207 832 917 132 290 598 471 684 567 963 402 750 541 553 365 319 241 580 703 520 49 387 127 762 298 175 499 556 336 178 775 221 517 720 607 209 766 972 408 148 628 732 448 534 283 380 929 946 335 278 457 474 279 729 562 93 986 603 825 775 849 619 6 945 563 737 477 900 754 644 918 324 63 807 30 604 51 96 526 788 914 540 335 894 19 116 604 705 329 697 68 953 746 33 934 408 936 438 184 204 5 993 975 563 256 94 395 45 801 1 281 25 704 298 610 171 183 363 878 76 792 473 211 239 496 994 654 108 619 87 267 985 483 410 28 219 625 771 895 864 187 666 205 527 594 403 209 452 447 376 187 403 685 511 716 506 544 735 856 875 151 222 381 918 178 479 416 283 525 44 743 598 670 501 300 831 712 159 470 231 631 374 799 210 740 166 946 15 667 389 482 74 150 439 231 29 467 161 808 621 128 764 48 285 253 89 715 458 892 921 887 251 15 836 720 283 502 776 516 332 246 44 396 76 39 716 142 401 843 761 409 787 169 403 37 212 78 301 239 506 937 124 721 530 46 53 828 28 740 282 8 748 836 846 864 332 321 970 929 256 584 904 671 495 900 288 326 285 91 900 132 831 216 976 667 922 587 115 163 70 949 686 559 875 241 696 639 168 172 946 152 220 156 372 768 279 143 242 742 739 787 961 872 238 649 88 340 638 170 1 244 289 96 15 974 592 37 831 154 340 352 928 111 359 871 848 523 307 680 213 848 8 187 513 190 775 83 312 832 830 121 745 384 783 637 267 394 336 755 389 272 166 911 392 218 392 359 696 924 698 624 948 168 303 728 237 952 447 481 769 551 724 84 729 92 704 921 366 505 711 499 58 185 446 910 90 793 313 73 863 984 496 646 65 140 13 859 669 514 763 976 980 637 178 985 41 92 888 7 60 207 957 17 445 438 217 404 714 99 778 663 95 987 762 50 485 900 392 500 734 412 330 849 86 525 988 285 357 906 443 204 785 401 39 405 201 477 631 101 460 761 467 979 676 677 396 470 802 800 585 524 227 951 798 292 826 996 160 227 491 412 457 202 601 31 192 811 182 393 512 745 715 624 876 925 169 413 40 185 620 816 820 21 883 906 799 221 179 890 468 39 249 168 3 679 227 33 102 376 816 497 693 389 781 103 162 784 434 252 356 663 347 516
497
105 588 794 638 44 444 128 942 379 778 242 487 409 622 287 667 29 940 167 991 832 97 260 181 332 517 977 887 71 790 174 639 448 347 808 8 717 90 22 363 891 653 161 179 146 510 372 856 165 259 246 619 544 967 700 667 543 554 441 745 110 786 861 730 246 223 888 556 28 251 792 842 257 792 326 416 434 153 838 516 983 30 59 98 848 486 993 785 718 146 888 842 645 480 133 515 199 104 326 608 977 364 425 498 92 849 354 468 403 629 373 912 865 446 99 619 777 540 256 423 702 832 575 853 641 623 217 459 328 395 89 370 678 528 601 55 28 338 240 239 875 61 826 606 341 505 717 167 645 135 141 133 530 845 633 143 626 968 553 177 58 660 151 930 452 740 874 456 621 396 76 538 390 922 255 148 753 135 872 264 554 79 345 816 625 926 162 745 179 348 429 495 326 188 562 545 497 614 111 451 186 882 310 353 309 793 705 805 844 174 767 742 435 707 640 772 692 679 531 395 571 368 442 560 270 337 423 558 939 304 397 662 546 280 844 657 212 427 194 135 721 779 601 938 733 391 2 140 307 39 646 943 524 312 443 430 358 808 418 387 894 218 402 119 488 112 753 907 424 770 37 249 850 923 1 378 229 21 811 11 757 164 761 3 272 16 287 761 961 499 16 844 820 236 472 718 470 627 994 692 648 331 640 281 260 76 131 358 167 349 101 582 748 47 19 191 493 417 109 209 882 143 179 300 317 243 229 948 685 710 259 922 295 805 780 903 35 855 337 751 841 453 717 69 572 765 357 662 645 462 884 681 146 292 953 719 351 586 949 620 241 638 680 897 408 544 107 644 117 378 492 247 192 485 104 953 886 303 928 193 145 955 162 923 20 975 549 729 456 205 484 14 829 625 813 936 567 86 925 417 700 934 905 489 433 44 64 210 902 167 17 963 54 732 892 232 571 300 191 725 215 736 530 188 150 281 303 672 476 896 541 52 450 523 765 25 756 308 479 435 36 715 299 605 173 970 831 248 48 321 720 660 335 625 820 971 287 727 216 582 996 672 792 317 799 548 164 370 417 214 815 685 349 509 203 204 739 735 769 541 89 726 247 511 316 153 874 62 973 438 701 283 595 931 289 328 360
940
146 443 436 483 365 366 256 961 782 972 921 190 396 544 477 707 678 252 739 539 374 178 223 204 718 318 794 636 854 332 5 723 136 8 332 692 860 508 804 466 85 971 332 999 287 193 977 414 741 597 898 291 468 864 955 134 469 150 629 354 228 59 746 598 180 840 531 176 166 93 279 773 737 67 417 325 683 94 773 901 96 661 202 464 627 488 837 210 934 112 286 765 982 746 99 868 568 844 569 58 40 558 944 497 237 154 666 193 157 688 934 193 404 129 279 751 690 321 949 861 67 495 84 989 97 690 742 718 322 530 969 700 565 513 249 922 767 702 311 138 894 390 757 369 367 963 83 875 872 162 785 107 289 463 639 712 356 93 99 775 16 20 935 998 282 924 675 639 832 552 246 376 682 293 446 984 258 247 838 409 510 909 767 895 814 588 710 718 25 517 794 447 968 460 580 629 922 766 366 134 69 545 930 31 215 706 211 458 212 989 901 809 652 17 226 382 18 574 326 883 604 418 610 184 835 636 63 528 945 547 895 197 160 774 291 997 190 10 870 180 126 777 5 748 472 555 40 369 448 35 994 605 368 200 896 243 330 614 656 581 851 265 933 803 385 231 330 829 628 819 386 592 757 956 89 377 25 471 165 305 577 417 320 773 926 203 195 836 726 232 565 772 213 413 998 367 274 505 792 555 863 276 63 996 947 369 551 672 435 460 351 114 857 611 287 601 38 440 388 272 522 106 206 864 500 739 590 610 250 989 118 422 785 715 732 555 746 61 712 509 611 826 505 663 700 208 997 366 709 215 918 783 700 453 746 480 344 717 387 362 636 552 690 865 982 962 678 956 621 714 181 931 550 815 823 316 398 403 692 330 92 240 962 854 225 288 154 29 129 900 321 537 299 142 682 29 865 678 568 613 487 714 634 402 102 595 691 130 708 702 269 921 403 865 797 699 748 317 342 675 244 900 458 260 981 460 101 591 620 81 445 216 364 313 197 653 340 290 245 303 914 872 301 408 402 687 233 609 39 645 680 211 228 553 590 485 559 341 74 834 46 655 198 502 892 831 560 217 109 726 449 553 460 430 122 234 507 607 569 158 174 84 840 843 864 986 736 544 647 567 813 400 659 373 314 469 551 549 609 717 270 602 262 347 386 224 243 733 198 559 419 410 345 322 18 161 101 997 549 707 947 675 493 756 831 938 476 277 182 831 737 371 733 330 681 498 310 892 616 953 500 312 309 291 491 725 758 802 644 436 693 397 613 772 938 586 358 224 266 918 504 81 941 516 454 841 812 198 40 892 245 489 437 822 437 53 767 105 94 874 904 575 224 303 781 499 705 380 38 797 170 524 740 231 881 557 488 448 215 375 830 28 640 862 5 316 117 89 900 937 360 20 473 145 750 88 634 246 301 39 833 834 688 124 169 328 611 531 462 202 649 696 227 389 337 917 282 602 789 160 621 109 563 846 971 597 853 27 66 610 66 685 277 375 629 496 681 697 403 983 568 640 217 286 411 975 251 211 85 496 831 911 971 379 501 972 319 697 710 995 476 599 364 182 117 32 1 919 307 339 588 726 589 248 897 896 833 788 922 881 230 761 837 24 318 615 833 686 880 666 923 155 441 523 462 388 120 571 541 709 406 803 911 575 422 501 10 901 750 201 229 855 897 747 234 461 498 185 673 374 238 932 888 204 826 293 365 127 102 353 776 458 235 811 300 958 391 975 472 574 106 937 687 264 15 289 682 728 993 34 35 436 869 294 972 182 368 800 212 195 611 301 290 749 646 700 667 131 492 135 76 674 590 44 878 463 609 454 704 85 952 403 355 135 295 914 709 170 330 983 131 779 418 741 625 450 866 958 6 742 307 565 672 867 698 392 615 293 594 750 636 140 993 112 487 366 721 486 268 107 666 377 458 31 697 319 163 415 204 538 147 732 326 997 810 526 977 930 439 124 629 358 443 363 318 684 143 177 443 521 935 606 710 946 650 237 687 527 157 40 203 3 222 466 200 567 966 72 776 851 583 74 319 770 350 847 608 648 696 549 423 96 480 986 98 879 25 665 133 168 169 793 766 509 218 772 829 605 105 354 523 324 562 322 37 126 360 886 921 784 304 362 494 676 738 849 346 583 74 648
248
908 624 606 721 287 141 179 990 389 551 761 538 883 246 204 57 853 429 957 588 245 571 47 989 449 958 471 185 568 823 68 295 708 351 676 387 636 792 898 610 176 686 789 608 454 566 637 986 730 948 721 493 839 754 729 6 691 513 329 477 266 6 852 672 72 913 967 808 303 959 459 984 14 581 227 792 670 442 667 306 550 888 837 315 377 487 356 351 795 895 184 787 540 643 40 253 467 716 969 350 812 606 992 542 835 722 492 720 826 385 123 726 992 327 102 649 865 993 808 497 183 147 560 684 428 507 690 133 506 727 639 14 859 183 335 917 161 45 505 470 290 305 986 455 60 947 133 230 35 251 771 117 185 829 241 58 929 188 829 737 233 698 820 626 562 476 818 321 85 336 705 951 365 467 574 40 241 107 503 481 428 514 917 340 893 898 888 223 9 263 650 316 335 954 727 140 218 375 197 544 726 223 774 350 422 462 397 756 595 205 651 350 980 700 127 7 911 261 622 372 446 616 586 844 533 54 353 173 848 331 576 448 857 371 674 481 74 289 81 617 98 551 624 909 265 485 441 283
448
957 192 477 202 830 58 117 873 617 729 424 949 638 106 995 990 911 101 912 572 679 61 921 632 229 165 785 973 467 54 974 993 992 355 173 138 827 982 304 725 575 601 356 477 647 580 888 452 564 149 639 868 511 495 117 130 563 268 414 586 461 600 110 455 599 416 116 166 679 858 944 731 739 917 840 913 343 596 562 946 61 704 300 125 712 768 165 542 907 94 178 215 469 981 598 597 936 628 797 123 498 536 693 135 400 572 871 503 445 929 818 740 461 953 921 660 775 527 863 767 628 995 771 340 783 748 529 395 158 585 653 833 875 392 760 957 167 212 918 24 143 923 463 483 304 357 671 98 558 944 736 565 668 299 865 434 954 291 579 703 863 156 585 38 482 109 296 727 257 149 593 786 960 611 397 731 371 903 396 567 410 608 424 901 801 326 635 280 866 775 412 241 703 306 659 823 954 293 24 820 358 847 890 683 195 863 340 474 195 629 792 767 738 334 808 22 901 749 513 789 249 568 1 617 270 50 924 259 621 160 902 366 594 991 423 925 221 131 483 946 726 808 277 377 486 522 959 461 335 831 129 638 736 839 172 237 879 80 259 985 648 195 919 340 672 394 820 561 226 188 865 126 887 851 615 101 578 152 235 360 495 166 630 156 906 720 675 113 618 378 594 675 446 928 94 505 543 343 63 864 290 62 129 213 933 918 882 781 673 424 718 705 742 23 405 925 967 125 961 653 96 584 695 387 761 861 723 986 586 507 205 398 546 915 751 702 214 813 584 422 147 625 647 67 778 252 233 305 693 723 634 476 116 933 866 268 242 103 385 603 888 533 710 117 299 487 252 834 350 892 939 158 240 110 677 819 331 779 288 623 392 461 529 771 263 826 758 594 574 216 961 507 591 132 729 998 34 734 490 244 127 2 838 8 265 309 101 967 446 297 706 578 319 628 843 98 384 258 764 130 576 913 747 540 949 266 27 961 365 898 386 780 373 42 712 713 374 161 524 253 127 445 760 928 160 273 999 662
425
309 877 95 839 891 160 68 750 285 111 650 852 279 546 590 236 471 42 853 865 978 34 803 781 323 49 941 375 405 602 774 772 225 245 299 234 94 103 287 176 464 75 307 827 796 503 959 222 973 691 918 781 404 340 547 906 52 531 900 368 218 546 298 293 513 652 332 705 138 617 558 90 483 148 18 970 580 525 552 537 754 224 555 308 156 896 698 110 462 136 181 247 487 823 950 313 926 967 990 324 305 358 568 827 519 330 534 563 505 148 615 957 97 435 23 340 294 435 158 961 658 259 405 285 246 982 572 439 485 929 297 828 125 500 84 102 942 992 698 380 136 714 637 914 82 945 383 502 640 738 73 69 503 97 906 58 197 555 815 209 683 355 546 102 762 767 91 6 461 505 409 704 21 119 589 625 490 476 721 731 738 533 823 502 942 768 335 12 375 122 325 6 811 644 705 67 355 148 494 419 653 849 278 967 247 2 509 857 611 845 384 218 269 936 796 62 494 463 817 5 609 157 122 343 169 696 56 504 199 326 264 458 884 90 570 603 356 501 587 131 36 374 91 669 509 161 491 142 512 987 130 107 669 247 759 850 300 806 874 379 568 962 736 176 333 696 1 88 948 114 897 824 596 238 195 496 735 353 964 593 442 742 331 868 234 269 285 186 601 351 363 122 743 578 176 332 11 134 348 296 197 927 292 244 943 369 229 601 421 714 310 25 637 336 925 480 934 188 14 515 215 669 448 989 253 961 504 175 912 587 131 229 374 988 237 347 433 453 546 514 392 348 280 88 312 539 982 864 883 927 865 669 257 986 831 508 990 760 21 100 4 939 783 275 562 562 793 1000 369 717 535 855 666 679 183 916 525 794 9 77 598 343 476 603 346 912 104 25 823 450 363 797 682 1000 629 327 217 653 766 188 654 941 433 481 687 239 279 932 74 814 564 298 772 215 64 255 660 620 209 281 991 924 10 405 105
118
607 580 810 843 798 944 168 557 293 951 404 805 191 255 14 619 86 455 86 3 497 523 818 768 359 987 657 600 294 602 371 720 276 488 134 622 693 285 27 560 429 143 493 438 268 714 304 932 386 527 627 423 379 937 847 217 807 667 971 365 148 100 328 935 751 973 200 871 535 402 648 282 547 772 113 158 200 579 354 369 809 63 215 228 689 904 977 39 512 661 199 95 520 293 882 919 543 299 361 289 575 387 6 737 727 988 212 828 989 425 236 603 701 864 942 514 815 671
963
707 634 679 785 133 358 215 911 752 942 363 920 195 582 297 666 480 979 216 349 840 722 712 881 966 28 218 197 987 350 909 185 885 609 500 979 211 68 358 627 662 383 453 833 427 649 395 457 485 455 889 488 484 98 742 112 792 996 92 215 642 79 228 689 844 959 29 190 521 275 202 390 263 102 143 490 227 308 769 455 638 332 261 827 138 360 547 752 103 545 963 422 989 128 211 806 974 226 66 679 794 550 544 843 976 900 310 351 95 676 31 162 716 452 564 718 641 689 134 296 118 128 484 146 738 280 251 484 792 681 819 190 580 175 871 984 818 770 491 5 630 101 391 865 529 586 314 964 362 434 927 78 33 780 67 743 474 278 446 405 987 799 493 441 787 793 156 79 194 413 744 546 730 498 356 938 566 905 8 222 808 745 524 949 858 789 70 114 392 507 719 569 434 446 353 696 851 457 130 714 92 158 436 734 659 153 533 864 289 82 145 657 687 934 156 786 440 831 184 197 271 252 836 215 50 816 50 295 728 678 557 299 367 702 806 161 849 764 668 160 686 106 765 299 789 489 733 342 188 739 614 703 231 232 676 634 219 782 662 741 305 666 355 308 973 309 724 521 859 873 598 137 865 921 51 381 267 100 867 658 964 647 795 562 18 807 234 256 844 517 482 221 77 56 957 273 255 724 606 122 987 631 200 498 148 686 137 979 779 277 691 828 338 349 109 53 469 579 867 54 605 2 725 456 93 878 928 609 380 709 718 897 628 11 42 117 601 641 253 941 888 390 713 772 222 244 666 499 333 992 418 15 278 147 155 508 613 875 196 345 744 695 195 413 318 430 511 249 137 871 782 211 936 198 423 66 251 857 626 442 825 848 717 929 742 224 536 9 949 548 148 390 203 668 643 929 807 688 818 63 738 223 974 975 48 769 136 242 690 597 859 440 223 282 113 356 207 865 143 557 372 709 80 84 627 804 190 299 899 422 926 721 147 844 768 820 617 961 296 405 119 650 259 195 163 328 675 958 984 68 401 702 789 317 98 36 472 84 816 526 768 210 612 464 892 607 537 496 194 301 498 527 192 245 948 874 596 698 701 559 93 122 429 945 815 497 192 535 673 256 909 29 229 821 529 170 159 442 433 14 926 89 26 420 874 762 884 347 792 987 201 734 505 613 410 251 460 880 618 873 608 434 222 351 873 168 334 60 633 744 988 433 249 284 304 639 342 759 39 154 598 787 173 799 406 445 421 156 654 799 924 151 87 962 935 56 779 861 390 744 295 567 580 214 123 830 531 14 798 865 326 486 447 269 963 91 86 856 37 389 31 399 980 553 819 765 551 614 736 951 424 163 522 353 989 353 246 874 429 144 92 637 142 437 1 254 43 808 462 370 476 35 809 903 226 801 894 307 729 695 362 178 524 880 421 243 383 867 466 649 218 988 884 780 122 582 838 454 257 427 49 186 350 91 102 325 808 688 955 730 879 170 822 689 859 857 261 27 616 160 896 9 671 594 66 123 443 13 983 454 502 593 460 362 433 26 813 164 138 863 683 904 623 674 558 555 135 82 298 783 924 707 847 131 382 694 389 218 403 967 256 625 956 602 213 560 379 307 900 245 599 16 343 255 414 151 754 84 940 447 564 215 888 671 360 299 477 958 351 159 790 234 259 732 955 573 860 881 543 629 479 122 712 911 836 330 478 691 369 824 219 919 83 841 172 1 634 686 963 377 599 589 694 850 891 63 389 396 356 379 397 654 577 101 974 136 420 28 779 734 301 189 492 38 770 364 522 462 22 481 903 772 212 623 166 959 505 184 246 404 942 650 422 442 859 964 394 35 448 10 867 25 31 987 691 916 335 598 183 980 455 948 759 467 473 428 428 990 361 63 578 548 3 145 456 904 614 209 134 740 581 942 303 378 347 87 569 395 556 36 247 68 136 399 221 632 731 127 266 527 544 333 474 453 145 198 719 805 135 673 288 502 455 638 563 944 324 362 324 858 48 456 674 67 352 611 379 862 622 590 28 418 439 533 678 401 959 305 942 700 775 806 20 426 648 290 64 329 265 335 550 56 388 290 745 135 839 243 127 715 390 484 413 694 417 44 296 421 285 90 918 99 328 673 421 14 320 680 288 580 318 417 79 349 687 30 969 912 393 239 71 371 124 743 518 852 332 705 122 360 223 126 890
882
285 991 100 828 103 999 965 944 573 767 325 905 870 103 725 359 393 283 607 191 357 990 683 471 172 64 712 233 368 54 97 822 647 16 962 631 543 745 490 30 620 365 949 433 503 383 469 544 892 518 628 214 253 10 669 612 28 514 702 506 795 90 88 807 796 957 110 62 488 739 756 666 758 272 660 858 653 204 330 594 882 887 678 978 488 255 410 710 616 544 550 843 395 987 898 565 105 441 80 555 798 676 387 512 644 450 150 669 216 202 117 566 774 122 241 192 766 775 23 201 31 874 894 141 302 941 33 953 587 727 454 383 716 664 124 872 450 6 770 936 654 142 747 17 90 9 239 871 676 303 198 317 916 497 452 482 425 818 26 207 832 658 298 69 471 159 648 633 353 805 623 824 308 425 423 347 202 53 506 592 467 898 634 936 486 247 133 591 751 397 244 884 677 920 238 179 479 940 260 487 775 503 833 671 227 478 635 146 820 878 685 849 980 843 152 769 160 798 222 815 753 237 144 143 401 498 787 937 716 660 906 463 7 128 398 229 775 484 191 501 242 108 585 550 182 903 710 634 552 263 194 958 453 639 60 65 972 346 546 502 192 868 631 73 456 144 44 204 826 247 93 450 134 709 580 396 599 64 501 633 17 933 810 608 580 896 523 987 968 798 321 487 25 454 530 49 849 434 167 820 86 746 222 455 977 785 60 860 24 828 982 209 701 356 577 757 188 875 215 787 233 265 289 20 597 438 578 756 7 964 828 9 842 887 77 331 964 622 636 793 424 102 836 232 693 785 824 311 315 682 876 969 505 274 230 119 122 877 202 906 326 321 233 509 946 331 944 417 338 384 102 432 71 812 940 687 525 240 640 412 759 922 764 48 780 907 542 867 247 266 998 431 110 212 833 300 326 579 765 115 55 461 53 527 860 693 200 299 806 861 457 275 491 73 847 425 443 644 932 937 162 853 55 130 375 92 159 483 771 543 99 189 512 636 836 377 893 140 681 473 431 305 877 106 261 502 902 593 985 462 615 16 997 46 978 399 909 429 774 908 424 73 37 339 672 351 491 465 792 672 891 891 290 914 769 443 488 855 225 969 232 366 600 263 602 70 602 2 713 690 504 884 966 209 244 745 252 420 305 277 691 249 714 345 864 971 908 829 202 562 325 134 634 756 277 373 367 928 83 530 34 253 328 107 325 821 290 500 643 381 914 846 640 342 398 137 322 303 292 193 479 536 46 99 385 65 863 209 928 51 125 793 919 101 696 408 521 931 28 958 212 853 212 367 104 737 381 454 872 814 914 861 876 175 280 816 56 228 229 449 205 282 913 673 64 705 201 741 230 833 300 23 187 472 146 258 134 73 157 354 478 401 913 960 552 8 443 319 301 270 408 485 351 920 902 538 711 349 274 683 758 947 177 623 764 891 216 147 845 97 172 181 953 552 364 193 637 436 746 432 683 346 504 274 715 578 869 91 982 206 49 194 217 304 455 38 445 721 331 400 892 982 499 149 429 57 106 456 431 542 366 170 304 329 807 205 489 482 670 904 181 354 984 535 562 681 74 659 459 494 741 316 975 987 383 694 475 248 717 421 933 112 683 547 70 328 245 225 313 122 689 707 375 182 20 919 990 868 410 170 241 731 104 833 215 68 78 218 655 863 23 509 87 826 181 37 105 844 319 781 652 553 174 813 401 624 505 860 857 156 976 9 641 323 55 827 324 948 641 35 384 553 905 716 302 711 712 933 880 258 193 400 934 908 795 858 918 119 770 394 884 215 760 545 134 576 857 943 856 489 981 682 136 344 863 736 184 924 691 786 349 683 204 818 509 719 965 896 873 359 462 345 820 11 492 980 923 288 239 47 489 567 279 139 124 597 366 126 654 838 568 578 930 811 223 116 125 635 258 846 704 216 784 457 667 629 719 807 829 578 575 533 138 294 885 616 586 777 659 459 966 105 710 605 146 272 577 862 633 373 79 709 945 430 276 464 617 999 732 957 537 784
10
749 874 423 585 256 501 13 269 985 873
815
899 973 575 245 752 493 488 176 66 912 655 430 79 968 319 290 136 20 914 769 400 291 446 834 496 858 598 890 962 415 1 210 865 806 535 994 870 620 16 258 224 205 116 808 158 743 772 606 538 765 888 871 13 906 322 301 870 256 969 709 201 516 898 196 596 570 905 491 982 816 718 262 851 255 851 611 829 963 210 836 261 153 281 392 398 32 597 261 974 900 217 431 325 453 541 497 601 429 218 485 827 846 236 612 872 466 796 28 36 361 98 234 907 82 752 88 286 222 886 442 639 971 489 187 81 772 442 822 65 194 611 481 40 114 182 677 183 139 305 670 378 33 690 65 978 300 958 840 534 106 86 258 715 35 707 584 666 280 544 836 438 406 893 153 834 577 119 367 419 935 637 257 953 91 298 271 613 376 77 683 172 256 21 338 435 455 903 533 457 298 768 655 687 308 80 372 754 914 895 876 261 289 265 955 668 121 782 591 954 322 368 871 760 401 847 436 890 338 665 871 178 274 344 40 605 608 548 911 846 741 511 586 300 640 397 930 409 344 47 990 57 86 875 71 659 940 739 631 761 16 222 192 21 860 632 615 547 442 811 77 568 457 137 504 940 783 199 569 263 843 355 872 423 217 889 769 451 610 949 122 65 512 606 359 438 926 894 910 657 985 607 355 383 739 491 184 16 613 318 331 657 916 474 559 692 477 63 195 943 690 819 744 451 194 481 91 28 470 108 119 20 373 961 2 194 284 966 986 888 393 427 799 85 226 724 848 458 456 99 616 472 647 120 257 481 462 548 927 698 779 444 864 353 23 311 641 242 969 345 470 621 201 688 42 140 145 762 338 127 303 492 710 94 221 904 617 644 997 424 620 755 477 486 571 195 549 535 113 572 944 387 422 199 224 81 883 536 169 193 554 576 583 296 306 312 586 460 491 401 96 156 63 78 82 178 899 670 404 93 888 797 570 7 878 53 512 168 620 470 763 349 515 990 526 372 845 85 663 251 539 38 806 894 788 497 356 133 305 892 154 779 743 192 77 665 744 232 254 381 560 740 543 364 312 974 728 977 868 959 379 486 724 618 311 805 119 767 547 576 921 406 826 899 511 85 47 160 36 92 989 40 137 297 302 225 767 755 950 533 187 751 683 785 859 96 355 482 882 760 830 56 340 283 778 84 863 835 312 914 863 445 219 567 912 214 183 41 861 762 645 293 601 199 302 179 874 279 942 648 938 587 738 418 106 242 374 646 464 61 332 617 139 857 175 999 616 860 841 363 424 993 59 222 237 632 172 310 310 601 95 268 745 291 180 775 543 309 423 421 935 758 913 250 755 603 864 689 729 544 13 253 978 456 473 872 796 967 798 550 631 299 197 706 41 245 744 88 832 698 327 841 875 689 503 638 746 165 519 496 879 334 612 724 633 514 501 529 514 336 841 656 258 904 357 67 483 803 746 341 400 650 626 714 237 669 8 235 448 881 169 463 632 537 398 994 164 991 49 139 97 686 660 251 88 114 914 170 326 817 842 699 763 449 161 136 847 643 830 502 212 386 316 871 329 759 885 61 728 110 648 747 407 192 612 605 391 110 743 14 121 57 921 593 530 980 381 842 792 766 689 817 610 231 152 207 736 80 553 901 158 811 901 88 686 875 926 790 770 591 706 350 90 184 172 951 108 823 140 641 374 788 238 455 801 541 703 896 450 697 979 24 843 464 270 914 764 280 761 74 76 9 140 251 769 420 442 70 986 720 254 149 582 656 996 121 789 336 685 273 344 932 280 330 721 385 300 702 519 845 888 788 975 936 374 978 695 631 310 610 653 56 465 387 253 562 457 3 13 155 251 972 27 316 534 717
896
965 200 318 163 868 23 831 102 266 207 72 514 595 724 7 49 815 879 660 732 363 47 800 142 267 615 251 236 766 877 83 962 468 627 432 395 47 607 178 724 252 614 686 140 50 73 267 461 747 614 24 257 636 859 418 713 594 426 375 562 602 805 176 347 227 217 554 155 520 923 191 347 725 244 701 235 92 399 218 117 321 467 10 855 200 156 537 302 774 972 122 625 985 731 959 414 558 338 636 36 84 369 940 284 831 701 474 572 333 463 488 387 463 779 213 567 522 400 40 511 176 676 976 775 949 525 162 60 201 969 914 476 601 511 309 138 909 689 789 877 118 341 211 766 372 787 736 883 288 12 890 491 795 916 169 44 651 897 62 635 125 743 908 907 937 454 164 626 375 792 23 642 731 859 948 754 234 586 611 13 744 736 728 871 34 931 705 721 584 30 385 127 449 53 757 619 766 700 125 126 228 169 935 680 149 958 686 10 710 646 422 668 357 879 656 749 630 174 115 269 523 136 498 892 602 318 848 902 611 168 680 242 338 628 893 760 857 236 267 825 559 495 26 302 124 625 296 994 190 591 143 727 950 679 169 5 996 541 219 934 841 307 437 237 131 418 414 478 53 97 224 977 546 854 322 327 757 96 50 831 683 697 610 903 496 884 746 296 201 215 132 960 709 670 742 339 386 856 32 821 674 721 307 618 622 873 549 956 527 231 318 389 12 998 170 655 329 526 144 441 567 457 389 86 188 123 535 142 160 722 401 304 816 914 278 601 568 169 843 232 640 160 334 868 755 804 551 214 898 611 616 112 260 363 187 919 717 799 456 73 156 227 177 555 567 796 292 702 300 346 878 252 964 278 368 203 98 317 80 839 853 1000 506 542 602 640 90 75 978 350 643 456 481 570 225 596 989 889 146 271 415 214 838 967 979 545 460 337 817 341 320 358 589 669 823 434 982 974 567 227 110 961 806 33 467 298 638 390 619 487 819 354 113 104 499 595 432 523 205 903 494 806 834 518 753 563 845 324 952 641 260 59 797 291 405 293 195 988 409 43 93 852 63 818 861 601 168 799 426 393 467 729 48 718 56 161 817 477 244 989 439 417 823 849 652 20 401 540 599 260 638 928 494 487 701 934 874 851 691 642 19 132 176 327 518 351 151 515 43 339 143 573 8 917 397 372 224 887 917 293 70 140 813 863 827 329 525 852 667 419 487 814 639 529 828 549 117 848 793 545 712 916 703 512 163 325 983 824 324 185 960 645 852 134 519 54 333 921 179 309 51 255 534 811 544 390 281 303 71 277 97 902 635 920 53 352 561 941 453 276 572 870 219 114 460 290 853 477 666 15 744 708 615 974 163 129 855 340 298 764 643 10 816 873 938 357 798 617 662 801 59 933 769 28 872 860 525 632 300 848 990 808 330 900 806 221 94 754 620 501 529 988 900 185 235 834 77 251 996 616 928 75 917 211 750 260 162 243 427 998 334 672 87 540 341 931 221 447 768 792 906 452 635 383 34 883 494 96 299 118 451 19 528 19 294 325 650 689 894 109 773 529 93 419 830 379 992 86 531 402 185 867 128 260 108 816 538 374 23 800 950 456 272 421 959 674 572 228 774 261 97 5 696 967 220 520 714 827 92 670 259 525 591 521 69 433 751 6 859 900 276 620 201 150 777 942 717 167 381 654 239 62 340 189 529 649 292 899 155 635 495 927 120 999 179 65 726 725 908 703 817 418 897 519 229 850 345 473 190 420 277 426 39 183 867 661 892 906 636 799 135 476 885 365 358 641 839 874 225 299 401 520 278 8 365 390 731 702 630 610 460 5 890 86 145 382 201 258 105 833 608 864 576 106 292 145 351 452 358 22 338 627 50 994 106 21 840 948 325 604 859 356 585 349 993 306 579 469 166 819 166 33 240 13 506 607 923 988 22 315 900 938 883 352 951 882 109 157 567 206 879 799 145 877 975 193 657 598 943 445 92 974 853 769 452 193 146 448 161 255 206 146 265 823 436 195 812 88 674 335 419 535 289 377 519 16
1000
518 834 159 187 397 37 627 933 296 945 88 781 175 20 52 915 992 973 274 121 799 840 440 147 552 191 910 995 507 781 295 852 576 818 968 465 268 63 677 757 283 757 451 421 607 64 479 804 402 996 524 468 903 860 811 260 556 51 948 183 920 690 960 829 58 390 462 893 525 731 625 249 595 759 535 188 641 264 947 504 593 459 845 128 383 206 390 197 171 309 974 782 400 743 403 739 60 328 391 958 843 874 437 782 714 520 314 943 286 727 252 105 454 661 702 796 111 211 690 620 687 969 819 144 402 286 244 965 717 720 583 180 91 146 742 794 529 796 436 982 787 228 388 828 243 633 445 242 754 485 621 873 601 814 4 903 980 147 257 900 938 685 842 798 776 882 336 241 285 540 34 151 10 826 49 667 710 547 188 620 751 706 919 460 676 220 748 524 902 358 737 13 933 624 52 536 571 732 724 729 998 979 287 659 86 713 303 870 52 797 939 451 284 462 284 821 845 879 568 822 983 746 224 939 495 434 371 346 815 575 998 455 218 501 90 340 725 19 569 636 788 194 279 364 119 739 703 24 830 49 604 331 623 953 715 718 424 854 95 3 765 690 42 252 397 721 480 525 487 654 85 997 321 305 618 843 143 21 590 150 843 842 686 418 201 249 220 807 416 795 346 586 37 255 830 744 570 52 473 687 347 449 207 52 231 757 75 288 486 261 905 258 526 386 950 844 901 484 381 226 81 974 888 36 652 879 459 159 172 711 744 413 295 873 355 683 218 489 210 323 405 452 573 826 694 907 321 608 961 674 63 69 19 433 58 649 437 527 100 855 374 874 428 674 29 822 163 12 795 444 128 455 935 599 29 542 372 522 341 71 116 118 182 830 856 409 296 123 612 730 311 911 594 19 763 913 774 511 420 928 654 930 36 446 840 606 865 960 892 934 859 429 333 505 968 207 436 931 675 393 336 361 652 354 744 36 420 370 944 935 278 613 195 78 852 917 803 944 134 152 226 300 334 699 447 686 271 206 82 353 783 824 712 487 644 164 217 470 972 860 926 454 124 119 857 381 343 131 585 82 245 827 891 697 242 34 979 951 69 7 287 838 27 675 768 590 982 239 209 921 155 285 424 426 216 829 553 201 661 678 164 562 431 345 748 412 590 61 903 192 535 831 516 321 308 550 603 724 283 986 679 677 759 257 683 574 218 784 170 989 124 685 252 429 5 230 60 240 124 727 143 333 980 668 122 979 584 506 506 419 635 460 350 745 702 91 986 948 599 970 628 615 853 6 291 632 764 544 308 188 866 691 741 797 889 808 760 914 820 87 161 175 582 206 218 484 544 824 306 739 527 721 111 636 628 106 182 881 713 605 337 157 46 35 547 288 910 317 902 279 743 464 78 436 85 495 447 674 898 159 273 843 13 163 285 694 350 496 272 702 161 53 409 714 807 352 954 591 795 688 175 68 561 522 108 421 664 392 499 945 87 579 720 612 802 606 969 127 23 160 671 244 870 780 821 303 634 67 333 304 600 789 700 955 427 732 471 710 905 393 659 277 971 347 960 164 364 241 6 446 598 62 467 248 417 736 708 129 299 549 837 707 538 882 519 378 506 694 182 428 491 582 888 182 159 763 724 488 673 206 600 623 592 982 251 394 612 110 455 647 222 361 975 462 318 641 559 518 857 482 407 773 132 819 919 967 683 834 639 646 131 660 83 40 820 709 811 314 28 305 305 716 239 755 946 990 277 778 155 783 555 614 511 517 126 504 4 9 992 240 340 540 410 993 109 98 423 808 54 949 57 956 238 14 59 304 787 785 647 845 267 320 866 73 600 577 326 115 257 100 201 853 305 622 980 42 869 511 855 280 211 862 200 714 235 986 598 638 901 470 50 642 531 152 914 515 387 666 688 186 725 693 414 867 220 924 250 727 820 313 260 650 99 61 122 504 817 455 548 541 803 619 588 413 840 8 21 542 947 761 176 692 45 941 471 576 131 67 956 669 785 549 479 787 597 982 662 829 989 810 108 106 830 801 330 134 435 579 803 411 268 716 182 408 520 472 129 481 99 720 881 923 355 985 225 226 103 714 936 934 141 925 542 450 382 506 175 489 814 412 678 933 643 216 661 792 436 705 860 504 384 791 369 640 248 980 831 508 31 666 712 693 718 340 805 424 536 892 148 279 981 546 891 910 565 464 778 621 40 682 389 189 63 86 94 867 621 577 648 438 660 935 579 603 732 443 378 274 126 172 742 876 626 110 95 487 840 45 672 213
892
47 81 618 100 437 859 394 83 505 305 131 568 217 807 151 333 860 624 98 709 954 381 675 344 711 710 652 842 869 642 571 469 469 489 591 531 525 82 997 798 981 979 805 738 930 668 313 818 380 643 41 748 360 351 552 715 213 729 52 17 264 81 24 51 266 52 344 928 722 973 577 345 528 322 649 719 540 461 594 965 578 825 332 691 226 414 488 448 301 916 522 904 225 962 534 102 276 881 214 240 798 353 15 410 268 698 848 216 76 572 757 23 705 55 761 685 813 782 211 968 197 311 650 368 690 734 132 779 967 741 483 460 332 408 528 7 67 415 946 521 435 912 796 948 209 215 160 739 307 106 813 804 479 976 93 583 223 874 782 624 902 225 898 769 874 727 806 833 157 298 311 526 738 678 215 977 96 16 999 633 991 201 142 183 737 890 909 5 985 757 603 195 292 16 886 759 744 75 730 602 857 309 116 871 519 522 556 693 885 763 649 63 716 437 467 513 707 536 702 265 863 910 954 217 602 608 710 752 881 941 593 813 837 762 396 545 428 511 319 304 808 804 43 548 282 957 442 446 76 72 553 996 791 495 987 761 345 239 153 191 943 229 563 275 971 304 462 223 350 482 17 772 919 739 258 599 908 527 301 529 440 349 532 892 708 780 748 828 17 337 60 788 8 264 654 625 153 307 406 578 536 748 312 66 202 14 107 293 718 936 388 962 343 154 611 605 753 862 89 614 777 584 368 515 520 459 681 747 573 664 685 715 423 616 38 20 568 975 50 933 702 780 626 856 351 169 570 495 309 142 543 843 480 610 825 105 735 368 101 94 316 355 381 829 811 416 485 394 88 966 14 607 410 118 351 715 391 968 191 86 851 670 510 501 154 304 727 232 76 246 326 12 515 401 974 145 11 754 492 446 524 321 941 981 1000 751 723 328 733 321 189 914 81 578 91 710 116 726 948 780 19 37 322 729 520 761 815 647 739 185 243 192 363 464 537 247 518 249 894 76 86 884 685 655 738 273 857 299 825 144 619 771 637 448 544 338 942 826 721 798 891 509 722 496 53 331 912 560 109 968 509 268 518 671 857 838 992 4 217 432 558 491 13 773 272 614 740 795 564 189 710 217 866 497 997 934 900 782 606 555 817 641 69 914 620 746 375 331 236 802 30 836 688 827 453 802 607 869 217 389 817 276 376 285 139 696 935 296 447 495 9 425 684 183 980 142 592 501 676 146 29 116 103 47 638 100 970 486 378 496 139 682 541 334 612 567 772 162 713 296 941 581 158 892 588 478 973 532 971 355 796 771 561 554 143 257 264 957 247 17 585 38 284 10 682 348 237 836 435 804 885 8 718 959 296 984 246 277 927 42 469 91 756 31 746 707 951 167 287 760 958 475 79 113 997 75 891 353 939 199 633 408 127 570 992 990 236 445 318 454 880 295 521 824 702 123 925 300 304 994 435 778 357 613 448 738 312 145 325 141 220 527 163 419 135 711 251 579 487 829 951 969 260 125 932 77 540 977 161 89 725 13 42 816 899 87 479 436 818 132 208 207 584 434 807 189 397 554 563 184 386 815 56 506 560 437 467 72 637 56 673 16 841 185 304 484 521 675 24 371 222 177 779 171 30 993 138 671 287 946 948 636 434 575 11 820 632 300 790 691 353 71 298 254 347 775 168 218 832 406 712 715 873 858 229 773 698 729 485 862 609 856 771 807 866 657 538 864 568 467 302 340 431 687 472 120 182 983 924 224 527 981 528 953 932 981 75 434 696 607 104 669 257 270 218 222 581 413 846 418 631 909 793 559 330 181 66 31 768 230 285 764 152 369 938 467 476 874 974 915 487 345 171 695 774 459 9 514 427 860 47 626 653 365 181 55 838 999 934 315 271 548 9 596 697 421 660 664 324 267 955 99 693 894 389 517 655 786 829 804 857 603 263 420 954 305 874 727 804 866 262 685 846 939 18 43 925 785 955 154 354 321 220 668 223 464 477 202 917 702 435 198 17 269 312 441 649 397 660 56 893 901
852
459 391 374 915 310 840 558 929 277 994 660 686 24 801 688 783 418 19 431 317 888 882 538 788 256 711 943 424 613 319 960 547 904 132 739 708 137 874 401 830 992 326 682 457 755 185 140 225 360 601 843 482 347 502 325 590 407 13 523 230 623 427 231 840 805 259 59 852 266 750 164 750 519 45 333 64 917 177 423 768 157 135 787 337 656 642 62 703 888 614 408 31 873 545 657 319 438 185 500 571 34 264 94 37 691 319 367 543 376 89 405 502 902 925 894 445 859 132 316 530 26 327 784 171 321 206 724 236 2 94 153 380 37 148 885 1 404 61 563 477 937 780 269 37 731 575 14 389 307 647 778 330 95 495 671 629 21 193 253 352 838 992 186 413 592 345 509 54 113 841 5 574 384 942 42 284 79 18 603 148 600 524 198 182 619 67 322 293 902 504 174 175 227 700 351 900 55 318 290 68 265 742 646 271 608 560 8 397 526 415 300 194 124 613 843 29 602 257 448 273 309 730 168 408 938 467 61 862 431 381 566 296 653 588 926 270 385 293 846 332 341 421 757 793 927 665 578 659 831 363 84 215 37 248 602 613 662 914 779 732 850 607 416 69 135 880 608 879 940 523 475 179 498 874 678 429 549 283 658 170 814 318 921 837 24 129 55 112 519 775 577 856 921 106 233 190 253 941 463 590 524 790 434 758 525 325 787 826 481 329 59 596 9 869 627 394 61 954 962 443 74 899 838 892 63 135 737 70 584 741 99 202 54 104 363 204 904 542 286 947 543 972 273 224 83 455 680 972 657 188 486 496 521 504 982 926 655 243 995 811 127 107 190 9 444 908 852 614 765 269 765 185 212 732 298 822 116 585 341 40 794 567 685 444 785 992 865 334 854 179 220 873 702 987 72 528 279 866 196 642 148 984 439 186 955 197 456 253 134 508 152 65 853 388 499 229 404 82 368 694 830 615 743 916 329 14 791 994 558 567 575 731 72 297 27 270 635 564 851 707 874 977 662 161 138 862 42 964 143 770 795 161 908 457 30 683 386 267 964 240 871 743 724 752 133 832 214 53 348 366 162 45 821 487 666 289 73 462 466 111 933 505 956 800 118 518 690 904 439 116 744 468 35 104 463 578 871 704 895 792 5 671 637 854 262 840 691 808 962 547 267 807 490 653 315 537 651 269 298 391 352 420 97 301 842 818 618 360 488 315 730 679 578 63 105 6 682 167 509 941 863 654 609 743 464 425 786 404 321 827 968 985 763 883 40 100 321 602 187 966 59 396 135 534 90 613 770 444 755 143 911 456 622 237 90 436 658 42 553 84 686 979 782 29 103 287 309 407 223 266 497 948 564 945 369 858 274 789 453 900 152 809 999 920 996 225 739 994 999 605 453 768 151 553 667 371 75 536 932 7 796 488 593 338 967 977 29 992 338 464 496 933 137 242 759 468 549 989 936 384 68 352 632 439 723 48 427 279 469 369 187 575 478 831 970 405 692 218 982 790 689 700 267 247 794 969 893 415 354 239 605 729 295 48 979 434 308 73 897 174 397 496 153 207 155 120 273 765 455 57 214 512 702 555 160 513 574 572 157 387 893 593 527 258 539 68 906 72 967 112 85 534 629 162 967 682 388 614 456 944 41 708 38 770 383 794 529 156 761 358 546 117 580 489 110 327 480 286 454 706 181 6 572 312 797 231 62 647 398 810 114 3 27 31 586 38 991 588 775 593 403 407 591 340 998 720 875 952 896 458 19 12 515 110 830 60 541 501 322 395 590 738 474 601 789 860 672 896 764 440 664 341 507 912 456 700 991 710 543 49 410 400 4 425 339 719 763 443 917 682 672 824 480 638 405 691 582 821 58 547 126 278 38 656 738 62 945 335 155 352 641 818 591 939 852 414 797 210 456 572 426 983 606 185 611 730 839 774 990 133 170 192
686
183 62 204 453 811 185 106 560 417 523 966 608 553 189 943 797 471 976 938 494 94 346 224 8 504 275 30 218 154 181 815 127 382 540 288 212 525 352 218 942 183 884 928 103 879 215 579 364 17 992 309 309 889 511 172 52 400 323 945 77 989 713 734 439 798 654 941 609 598 6 248 875 809 189 120 241 577 868 508 295 865 724 645 592 413 611 222 764 707 397 726 182 331 940 978 367 636 587 495 598 576 166 122 403 990 193 100 877 596 418 960 129 822 689 70 408 699 504 64 984 523 58 522 783 740 640 356 363 56 103 763 800 984 888 862 415 902 465 810 730 71 391 770 864 889 660 994 439 378 452 580 967 593 359 710 915 161 896 689 801 154 343 179 281 768 250 511 457 686 825 697 310 874 34 925 106 482 129 464 18 419 298 851 643 273 72 435 234 214 361 227 252 916 858 478 312 932 692 777 44 131 725 503 215 26 378 204 359 48 563 623 708 51 949 910 924 745 513 626 837 511 928 50 64 700 537 905 538 440 711 800 834 479 12 814 604 781 6 823 138 18 992 912 4 400 185 254 146 586 389 884 39 567 632 425 803 512 325 351 771 235 803 998 462 610 417 244 118 432 799 3 881 49 153 810 702 684 463 191 800 293 651 145 79 785 841 408 321 119 985 189 786 421 69 614 914 366 954 294 308 333 349 636 369 648 991 839 764 324 17 939 830 540 486 40 252 293 710 706 76 371 329 871 595 506 850 218 192 465 208 552 701 212 785 452 716 586 986 396 818 281 106 641 168 550 76 782 326 710 259 693 442 586 821 850 162 39 361 733 341 987 303 756 819 703 505 68 908 744 431 362 551 174 952 636 344 810 636 61 75 253 339 523 644 610 395 492 191 187 742 29 534 618 403 56 878 905 762 122 790 626 735 948 839 982 460 731 23 638 508 264 802 814 831 930 181 973 420 968 678 994 790 824 442 664 686 301 787 384 842 526 956 26 77 641 674 669 527 742 375 377 464 791 985 145 523 894 666 686 816 757 525 551 483 387 940 368 866 206 796 652 455 933 589 16 101 675 521 826 867 13 635 863 271 246 215 21 208 331 706 279 948 156 797 764 779 280 429 865 223 522 630 187 624 694 314 656 77 769 148 290 362 622 955 175 764 267 50 51 8 655 121 407 735 36 534 829 864 139 511 127 765 623 664 753 539 892 77 847 584 655 879 105 776 715 648 89 905 120 894 575 969 989 915 175 730 554 934 647 664 546 932 907 813 302 896 703 238 261 452 116 847 625 706 320 850 916 501 920 404 971 435 784 753 113 464 201 638 156 443 916 878 167 638 699 456 300 273 737 549 164 356 741 31 889 217 831 290 342 273 2 172 702 421 375 851 265 957 697 173 823 859 45 245 25 855 352 814 352 154 956 372 698 895 712 159 753 381 569 941 800 35 437 321 694 702 891 839 32 633 320 330 394 999 519 374 836 496 63 482 770 244 719 739 836 439 482 914 57 390 219 566 125 845 757 190 842 134 429 18 372 132 583 878 948 779 418 425 226 948 892 835 337 323 89 511
669
21 606 975 158 835 77 97 937 194 786 139 797 596 120 758 985 278 65 944 315 445 968 891 3 630 985 532 382 227 111 720 716 435 115 130 409 425 67 320 781 516 647 621 286 937 362 747 479 152 463 484 863 408 846 420 857 941 530 852 535 481 728 85 54 824 539 761 447 341 175 571 511 844 784 368 817 414 989 980 752 444 183 79 62 463 424 260 231 262 769 893 20 492 991 113 358 654 508 716 60 437 701 605 363 505 628 899 636 259 373 684 564 189 949 45 422 907 122 371 913 454 579 968 409 769 134 586 851 587 477 634 796 74 923 500 867 773 217 630 32 651 103 789 312 501 21 645 565 368 756 418 817 176 163 532 586 519 521 19 81 908 772 194 9 392 735 879 91 472 92 800 214 9 256 590 579 708 147 669 406 91 130 755 411 334 729 332 137 71 926 103 121 383 633 804 65 28 271 735 410 57 158 707 313 63 774 138 344 885 773 523 562 169 302 785 458 551 887 133 180 457 283 763 455 563 533 736 335 424 244 852 984 414 822 471 514 252 948 731 685 14 266 76 143 264 180 989 659 339 573 687 986 742 979 611 69 733 222 686 973 178 381 28 444 625 175 929 344 539 328 774 209 645 339 829 368 861 91 742 662 929 815 393 880 831 551 833 914 744 755 980 685 909 332 923 281 592 563 270 33 770 862 490 95 815 635 976 159 368 597 506 354 481 850 733 138 30 646 857 892 217 480 969 958 820 533 746 523 694 456 178 493 149 198 643 459 124 845 97 538 65 822 253 154 10 165 697 111 276 321 535 664 467 765 10 679 782 772 366 296 339 311 811 656 296 873 284 613 530 390 265 267 33 150 166 590 145 493 193 979 23 807 696 56 241 208 885 133 567 554 246 652 528 6 132 630 226 478 47 312 766 700 96 873 32 128 747 689 886 660 689 669 595 717 558 660 59 230 735 233 274 990 693 155 425 759 654 152 501 408 198 811 762 309 209 523 122 453 91 760 774 408 968 295 106 859 937 420 178 472 146 387 80 320 160 241 27 968 254 836 633 639 678 16 414 748 835 394 289 709 466 112 116 49 798 327 502 189 7 319 54 493 492 749 225 546 345 285 653 976 197 819 306 932 666 645 483 846 325 386 736 531 52 30 282 306 62 127 960 906 311 816 659 808 719 320 441 945 637 352 932 670 7 934 285 849 242 281 869 103 189 781 703 662 613 427 65 449 627 28 904 4 303 519 791 63 711 256 26 108 49 779 520 188 720 952 680 928 688 230 502 538 795 900 125 792 268 754 262 291 189 461 246 833 713 305 805 482 19 441 746 317 995 898 734 812 930 665 662 440 910 697 665 750 124 149 880 100 500 4 954 544 899 215 85 504 432 213 979 720 719 312 333 651 972 568 133 730 558 719 923 386 247 567 86 431 567 880 553 149 113 182 352 435 361 73 74 901 828 266 999 921 300 296 146 333 887 653 153 479 400 846 991 701 505 266 908 573 988 305 909 594 71 539 340 935 352 425 347
918
880 534 286 306 476 259 703 281 730 490 856 686 87 609 344 909 190 382 445 644 631 8 996 231 886 966 502 264 348 426 446 283 97 858 242 276 24 238 381 797 613 480 30 781 162 267 374 146 978 812 403 525 1000 527 185 727 90 849 515 986 732 174 300 693 848 331 907 129 612 247 662 578 729 283 627 408 429 31 224 936 278 801 626 395 565 810 924 998 858 807 791 35 356 519 214 716 104 559 47 750 51 312 196 399 749 655 472 8 277 802 493 420 166 164 430 137 929 638 958 37 113 960 74 827 73 733 385 730 486 565 561 71 468 695 238 335 569 59 800 296 408 134 471 752 65 613 111 429 350 957 814 301 747 552 129 974 670 8 567 987 845 139 641 230 44 385 574 759 810 877 453 808 873 520 776 467 380 634 507 441 418 859 195 477 789 494 291 459 884 88 365 279 723 216 511 896 695 671 812 38 750 684 519 833 483 272 596 17 312 156 915 17 197 853 156 605 253 152 242 355 266 377 565 176 574 559 907 954 408 910 597 401 308 802 435 264 533 224 870 349 990 800 432 299 166 359 286 78 552 19 569 537 57 249 772 813 566 492 337 994 250 368 633 349 161 230 940 386 318 386 369 978 84 772 327 454 331 390 210 450 870 868 410 601 249 386 436 536 922 528 381 741 453 675 535 171 527 989 505 131 965 630 389 612 100 783 44 742 67 912 484 543 805 19 154 883 472 845 786 983 665 754 505 897 442 513 767 297 603 462 526 368 74 769 840 827 586 492 571 687 856 72 463 879 513 660 943 90 790 301 628 73 922 288 364 899 26 88 155 30 683 730 450 819 694 794 686 139 394 692 138 876 267 553 899 182 534 1 394 509 726 772 46 979 412 89 742 959 413 53 380 217 525 750 697 667 947 233 968 892 450 423 488 424 212 749 581 268 54 800 155 755 845 273 105 446 876 614 417 635 303 671 101 510 161 510 661 273 640 925 751 692 391 845 314 972 639 202 981 649 390 12 864 987 722 547 127 339 699 360 545 667 185 779 219 324 248 746 534 440 386 192 249 896 961 195 168 482 1 927 745 967 249 10 530 765 301 450 930 387 614 323 57 227 738 50 649 26 632 199 99 328 386 54 657 183 479 891 320 754 964 161 706 263 776 765 353 341 93 532 663 404 536 311 91 770 726 499 485 709 537 611 632 784 951 24 639 651 150 948 38 454 427 847 386 165 697 148 143 604 750 727 236 8 989 242 647 706 799 496 18 350 343 537 821 730 104 41 111 774 372 484 837 180 180 519 681 15 28 9 229 810 186 741 45 232 897 284 768 96 523 499 319 360 577 495 162 126 196 193 147 580 975 401 482 112 447 21 685 645 514 964 832 587 504 221 324 283 890 828 875 291 441 310 583 254 233 756 977 88 745 463 490 167 114 948 596 614 320 456 898 33 762 520 769 606 989 300 398 103 154 729 662 642 974 945 144 924 572 773 218 503 236 544 785 398 419 148 304 839 265 78 392 972 647 867 699 246 610 527 943 60 189 363 486 246 592 122 817 146 92 833 514 149 544 352 63 649 503 997 380 257 714 943 214 21 653 178 451 975 920 115 443 704 549 718 952 299 366 910 848 402 825 577 721 403 729 508 938 290 911 187 524 968 361 954 406 217 246 164 402 507 460 715 14 872 555 938 853 783 729 13 788 17 425 109 993 245 406 455 434 501 441 522 376 846 625 285 626 738 680 658 267 50 694 862 769 150 33 8 660 259 940 677 110 772 407 496 595 988 300 305 230 725 855 349 128 572 826 998 215 683 947 906 322 804 584 684 869 848 448 794 378 855 383 23 465 49 77 664 755 403 319 52 259 561 928 223 240 86 606 157 586 426 541 211 200 825 33 870 356 543 13 165 992 68 75 88 15 717 456 761 769 353 4 157 349 985 743 693 910 390 729 65 929 430 719 587 169 740 939 896 916 914 191 963 986 426 312 522 128 358 182 118 26 581 816 460 751 869 961 949 507 328 844 866 33 26 149 630 452 264 812 310 5 362 404 71 691 432 711 552 459 849 867 791 433 409 789 9 282 853 333 465 708 600 850 635
114
713 137 560 821 886 662 301 359 10 346 697 547 490 532 428 513 916 312 128 756 750 686 151 181 545 958 67 585 398 787 440 967 814 977 20 111 134 585 651 290 652 65 562 207 164 972 163 469 73 885 247 302 343 108 576 630 832 533 566 217 293 338 200 212 230 902 184 161 474 658 553 738 858 389 848 468 971 514 352 287 828 297 985 277 701 355 682 417 152 33 471 838 457 775 596 120 49 925 969 243 131 297 783 772 296 211 307 88 16 452 234 13 46 248
436
687 13 906 535 919 220 410 493 120 21 476 827 974 489 991 343 152 569 524 686 17 87 301 362 360 482 126 121 454 815 821 371 701 217 402 14 209 312 590 45 556 813 721 107 934 103 313 159 57 920 327 433 83 58 665 139 342 158 898 281 488 20 108 882 745 723 425 602 272 358 719 522 93 530 459 337 409 877 414 606 200 278 860 733 522 492 430 594 363 61 573 687 201 180 393 301 39 644 482 456 406 990 882 725 54 822 296 934 252 193 667 122 960 631 450 334 3 586 544 101 737 327 402 495 276 292 971 612 563 209 626 589 741 320 848 592 310 954 187 48 910 412 169 25 879 814 729 451 159 230 585 785 241 375 921 107 570 913 508 621 910 385 865 544 735 971 816 156 116 966 38 832 230 450 378 206 950 485 93 869 894 172 677 373 808 259 630 161 707 157 542 697 41 648 331 979 906 591 443 817 281 896 886 258 787 255 600 35 615 596 915 127 509 387 562 908 130 737 203 694 209 50 25 165 717 31 159 484 110 953 185 653 552 39 39 123 50 506 782 429 872 584 547 179 255 452 900 888 904 231 408 726 333 654 509 33 370 356 920 782 110 969 248 940 499 387 509 811 539 501 434 566 907 54 74 187 804 579 521 725 873 587 338 19 671 241 324 217 349 903 561 766 434 193 855 890 168 528 159 322 687 69 427 443 185 450 744 118 801 842 673 130 925 397 765 14 678 657 34 570 187 292 334 462 866 583 892 484 188 605 8 688 959 630 452 578 668 408 466 517 69 53 186 314 362 263 33 381 776 242 362 302 577 656 217 413 359 65 746 945 44 987 945 411 246 362 337 525 798 966 885 619 191 439 1000 568 439 198 518 971 423 970 274 651 682 615 163 369 606 165 675 537 121 896 142 173 97 201 782 105 876 794 772 44 96 813 920 728 800 444 196 517 374 158 885 971 556 88 730 818 768 743 537 581 272 222 749 182 629 541 78 703 965 828 162 693
83
398 995 144 284 964 316 37 49 621 535 766 296 18 921 86 107 263 846 304 263 337 882 880 256 231 791 256 424 638 75 652 793 67 68 292 69 46 469 994 159 149 487 515 531 713 705 534 983 731 896 123 890 274 150 960 311 132 243 473 878 100 800 940 837 448 933 612 804 295 277 877 540 134 843 324 924 836 103 986 231 784 965 615
442
499 154 723 939 642 446 424 249 529 519 17 181 164 993 907 602 952 298 107 883 601 295 931 984 540 882 965 876 804 523 335 90 972 474 590 73 547 261 124 220 413 832 856 684 67 145 177 532 820 967 535 694 762 798 986 607 299 499 804 96 811 16 684 564 25 402 481 401 222 533 335 855 278 774 904 210 534 737 804 41 908 12 764 927 27 104 226 597 922 501 304 23 414 410 231 599 157 226 680 39 321 378 55 574 610 571 979 27 485 522 769 348 765 680 567 669 998 722 495 932 363 481 496 137 721 989 373 577 244 62 276 632 462 347 621 66 346 561 295 181 5 858 902 755 171 902 300 224 304 505 210 485 821 845 420 435 788 852 891 766 770 119 722 364 965 412 115 937 99 699 506 504 378 125 897 942 162 197 709 173 781 934 426 838 473 324 828 557 516 54 911 297 472 702 837 683 322 846 483 795 297 206 884 987 74 223 377 656 101 746 810 816 718 932 241 231 8 635 21 188 42 790 511 165 794 523 616 695 506 996 630 990 674 454 619 865 279 562 893 908 212 899 964 405 207 690 85 823 866 548 513 587 949 591 556 254 137 558 961 682 585 25 523 744 717 755 6 149 696 521 271 521 447 181 255 966 863 291 644 914 909 185 362 254 989 168 141 486 95 931 349 902 245 908 725 38 5 654 264 92 294 958 897 566 85 659 176 196 307 949 491 332 792 123 892 842 690 862 334 458 34 233 737 968 312 962 207 663 111 668 580 163 103 707 371 623 428 653 261 92 498 615 602 167 973 211 447 338 11 761 519 554 16 426 520 543 888 490 61 644 786 737 822 759 561 460 350 25 391 873 552 496 649 720 365 998 553 331 141 411 611 361 612 550 661 198 329 787 977 63 426 187 280 126 179 637 199 130 138 852 64 457 798 945 369 572 215 853 455 285 24 269 699 730 534 356 418 510 651 331 761 55 123 566 93 583 767 727 591 113 849 174 317 387 290 44 139 229 542 184 960 433
595
58 696 937 532 287 594 342 890 390 929 256 56 811 657 891 801 708 948 686 47 33 322 864 29 857 833 434 33 868 907 461 7 968 774 936 597 28 171 472 778 605 987 335 876 36 720 264 971 656 881 476 379 980 622 673 427 656 488 527 422 891 142 194 103 96 399 756 297 874 123 390 987 549 562 520 796 692 4 186 578 236 185 576 990 933 461 667 476 36 844 163 558 939 161 331 536 347 452 507 434 979 578 677 748 800 283 522 980 944 373 759 642 554 27 776 887 987 123 63 260 68 209 532 884 87 289 842 414 308 706 588 597 480 902 836 592 114 29 174 46 639 223 248 809 727 594 707 14 466 980 237 347 102 136 742 655 388 933 650 970 77 715 207 432 419 198 509 37 564 25 571 402 566 977 879 11 275 826 879 580 162 602 89 570 925 690 190 522 364 552 434 112 636 495 306 977 187 832 193 62 1 372 770 750 353 566 258 304 927 511 767 348 984 614 909 243 252 262 396 717 622 27 489 994 776 27 201 205 871 670 451 925 822 714 751 252 111 594 761 940 216 501 6 391 767 196 258 500 568 789 827 925 605 813 88 94 147 320 563 883 298 681 948 488 328 879 603 756 560 390 927 619 558 992 390 526 208 859 376 679 430 341 492 380 945 158 164 130 28 42 955 656 216 863 634 942 857 778 360 265 627 510 791 414 886 480 3 128 569 920 160 985 899 189 530 745 877 149 386 831 913 760 321 264 21 148 733 473 163 767 748 460 881 295 645 230 8 342 863 545 450 945 81 203 486 949 470 515 848 323 741 218 604 369 499 142 994 31 412 666 536 579 713 97 514 303 761 48 845 307 631 786 50 338 300 440 928 674 301 992 398 988 263 853 40 193 733 519 762 906 127 864 766 37 994 515 965 982 41 837 704 669 821 609 648 356 494 56 38 791 914 189 904 585 639 599 873 112 696 338 623 370 627 895 210 791 330 302 878 127 288 494 987 185 915 281 684 572 430 361 164 660 391 699 900 658 587 563 697 496 17 897 498 492 146 10 833 464 349 803 18 589 655 899 670 754 200 918 134 815 631 139 879 153 902 595 55 959 288 260 577 954 181 407 63 391 426 462 697 184 468 552 103 639 847 735 912 661 649 189 614 754 543 74 52 330 723 652 687 933 863 480 19 528 279 953 244 164 88 520 471 480 684 606 362 873 297 847 32 753 768 850 889 10 371 620 266 190 750 179 658 952 629 351 170 509 242 667 183 208 901 971 390 633 5 821 709 512 956 68 765 142 15 587 391 644 389 556 249 58 978 364 827 693 517 943 751 15 877 199 323 415 202 914 440 311 920 777 509 762 275 833 868 393 299
253
879 347 402 444 257 570 406 764 735 782 38 160 967 649 694 797 437 316 780 91 672 327 463 782 645 424 583 50 755 689 525 858 124 124 564 205 126 307 766 655 496 696 455 451 521 153 276 351 382 924 541 500 425 17 279 830 763 218 331 782 505 26 463 504 963 617 954 134 551 19 828 971 941 226 264 977 851 134 902 752 738 971 505 301 99 322 9 870 340 986 355 177 688 643 916 927 496 992 533 526 510 401 929 990 155 416 133 985 608 181 934 618 432 628 627 512 914 977 136 521 337 613 472 318 849 525 187 543 237 945 673 853 695 880 183 258 539 118 878 587 352 513 783 895 496 477 991 892 69 153 728 611 502 799 34 948 46 208 244 794 315 84 696 482 283 659 705 127 240 883 120 42 811 386 672 396 504 945 369 778 679 42 35 113 520 150 634 925 570 364 776 252 412 464 481 924 702 183 662 728 67 153 935 408 256 202 322 836 715 145 394 204 754 163 369 251 745 963 26 920 982 100 632 928 310 635 982 757 320 29 365 431 117 486 574 407 740 834 539 411 347 698 483 73 128 81 884 688 228 320 752 408 758
20
974 920 303 808 192 100 341 194 738 749 832 164 503 722 718 225 921 812 216 640
281
918 552 747 632 848 841 748 117 681 565 598 80 334 18 994 917 615 121 753 984 66 213 589 251 628 782 433 342 616 818 174 753 963 103 265 993 707 421 730 922 133 38 719 958 3 764 572 101 489 270 458 968 133 419 877 265 570 74 912 862 977 140 10 886 454 474 384 671 499 467 450 288 851 201 508 839 304 409 77 854 520 328 386 725 255 652 707 994 941 43 805 505 307 386 136 812 405 201 228 828 95 892 460 238 940 606 530 372 852 100 426 663 490 980 179 72 569 871 417 714 925 461 521 82 558 388 227 926 597 67 767 240 194 310 742 710 952 694 548 275 876 661 280 711 53 329 358 411 728 417 622 653 974 383 789 589 961 139 237 786 765 478 885 359 477 717 597 687 37 479 133 918 955 737 531 548 828 52 704 698 573 66 449 171 931 562 432 219 396 370 21 176 570 184 812 852 505 711 711 509 412 553 208 48 496 389 342 630 374 80 840 845 995 492 765 885 749 945 823 681 573 570 596 548 39 203 573 300 828 536 920 678 824 608 39 196 102 385 874 342 582 740 69 664 605 36 331 192 101 907 389 311 317 934 488 993 261 345 366 85 955 635 963 532 638 77 829 310 244 708 976 265 435 869 139 702 195 841 141 362 812
188
2 63 179 794 896 381 142 289 236 379 130 826 699 175 830 328 462 336 181 939 391 119 740 57 595 738 323 697 709 522 784 649 456 566 285 663 776 939 681 420 874 983 674 855 555 957 924 135 859 589 610 280 987 489 585 13 661 928 570 657 472 551 943 498 372 527 42 913 31 957 165 668 509 430 95 24 356 832 594 764 242 960 383 495 117 317 433 392 806 724 742 591 903 974 162 380 259 81 158 978 289 518 273 556 836 165 442 800 122 221 117 578 498 799 833 78 148 114 61 555 496 235 199 149 481 274 348 33 589 617 91 949 936 4 52 795 275 74 169 563 736 795 421 789 394 57 17 613 184 876 102 318 843 234 751 381 782 822 593 868 948 897 505 511 38 476 972 702 678 779 276 298 335 459 347 442 762 405 546 113 134 655 63 417 832 42 317 353
209
424 417 282 698 972 512 130 984 743 490 715 91 498 294 13 895 998 101 69 887 462 942 268 196 918 678 983 657 711 456 89 379 687 920 878 448 828 24 848 863 506 617 950 939 454 368 467 207 99 603 76 319 21 148 318 374 950 884 8 160 499 676 891 67 156 516 177 425 572 388 155 921 709 161 343 723 921 161 52 530 336 966 534 654 589 195 496 446 640 327 621 319 31 489 14 27 311 961 277 382 247 723 737 372 280 55 123 263 940 157 390 560 490 308 61 789 919 808 146 417 787 11 923 321 579 927 946 530 868 694 890 990 198 209 548 760 362 640 726 585 424 623 364 466 413 65 442 37 361 424 684 214 297 130 45 421 803 915 399 618 23 242 86 41 500 710 923 982 536 832 312 963 903 184 190 369 104 439 256 531 382 696 347 710 638 859 788 585 186 881 854 427 547 443 273 464 770 674 908 408 172 595 149 109 172 835 284 629 575
634
539 684 667 199 947 342 174 65 251 957 802 562 702 554 997 848 200 236 322 813 981 243 71 918 337 269 174 952 300 401 536 693 513 987 374 781 934 18 48 608 758 934 977 907 558 842 390 652 896 977 140 7 330 345 57 957 810 680 651 54 107 174 414 540 715 948 806 509 559 683 761 739 44 5 657 751 408 774 628 984 187 837 883 110 252 371 668 69 168 758 872 498 398 324 433 437 700 878 728 815 148 140 509 731 61 126 644 754 246 478 108 177 500 74 198 821 713 69 891 316 413 62 354 94 862 385 568 126 604 818 294 924 417 129 913 301 304 999 966 919 340 797 912 697 142 275 268 746 143 206 839 265 609 740 608 235 672 997 387 654 120 962 917 104 624 930 546 439 37 635 138 474 413 55 43 569 686 521 787 346 908 865 1 934 520 770 919 999 969 357 111 423 652 462 259 780 639 32 113 300 534 349 415 346 598 691 994 847 504 402 136 477 352 475 522 947 953 990 395 853 380 162 539 318 849 420 233 211 198 316 749 694 735 393 12 594 761 854 110 291 809 410 911 734 69 706 951 603 812 179 740 509 14 765 661 568 870 890 268 696 703 78 975 986 517 146 566 15 551 30 89 801 915 946 65 163 583 823 64 155 927 427 6 386 104 555 69 343 640 914 145 931 727 51 411 661 316 370 451 558 961 794 858 923 494 788 585 544 30 792 354 754 266 480 669 419 453 895 685 927 723 619 481 72 291 540 296 389 821 53 119 716 604 387 663 435 585 400 571 799 238 405 676 620 793 364 39 991 166 510 544 385 417 398 168 606 598 382 947 281 391 855 942 91 647 730 438 660 124 16 839 267 845 349 331 112 945 196 753 224 414 698 828 42 674 960 764 776 253 200 275 646 798 459 71 264 756 452 352 158 6 942 107 892 569 983 294 849 162 393 86 621 893 616 988 277 350 340 346 476 437 304 874 816 95 812 436 646 446 633 372 228 332 932 155 300 143 851 966 450 720 244 882 261 331 537 813 670 499 629 414 443 408 440 456 831 150 114 444 746 547 317 470 522 108 673 947 789 546 215 453 212 959 894 194 67 36 978 800 406 702 349 938 956 907 53 356 136 658 661 146 461 844 310 147 319 500 673 444 972 315 767 352 132 769 710 586 291 683 864 209 204 680 806 672 575 638 316 939 356 255 121 964 790 834 186 658 175 864 670 272 406 856 996 505 78 144 50 454 26 69 80 456 656 271 966 679 666 873 106 114 452 429 662 318 836 462 886 175 64 734 253 326 730 893 383 756 625 73 559 921 467 520 749 1000 152 90 25 747 570 763 40 386 222 879 895 563 868 646 848 558 995 125 942 419 164 627 133 549 409 605 985 338 775 78 152 264 366 508 483 35 832 915 963 141 824 849 197 299 205 515 75 404 926 449 640 22 965 149 404 579 186 379 795
71
734 67 579 402 445 152 866 742 71 841 569 42 595 996 937 626 513 583 99 970 225 596 679 839 226 48 349 52 112 393 826 141 333 512 935 688 205 872 60 287 276 750 209 568 581 566 146 575 780 150 207 471 624 744 510 789 903 172 232 581 616 492 161 623 160 999 426 251 339 304 119
342
54 434 151 546 574 851 178 524 662 123 230 411 892 771 635 594 379 705 152 339 425 706 821 690 881 379 303 521 527 737 354 195 513 348 861 473 71 859 786 910 765 771 971 805 967 678 622 649 632 242 195 641 276 401 491 482 890 120 909 883 952 777 832 69 590 327 182 588 140 480 695 206 765 487 214 235 831 686 75 150 865 929 690 568 465 676 7 159 345 644 67 703 96 58 808 544 461 671 485 992 812 898 744 716 858 771 809 92 817 458 381 629 925 666 973 612 455 318 414 267 51 213 348 445 607 418 825 198 640 187 542 25 220 253 581 136 64 466 558 762 14 460 505 794 410 626 295 955 500 191 625 742 837 264 897 272 52 480 546 317 390 717 577 286 620 826 533 965 181 171 810 370 360 198 944 329 682 875 648 771 851 40 779 46 995 280 547 648 358 486 350 960 632 572 120 77 754 357 183 253 744 350 335 489 269 615 229 433 591 528 229 163 298 313 716 387 887 679 891 192 453 447 401 841 701 980 23 135 951 991 429 200 586 86 915 264 970 492 655 831 147 658 901 563 267 708 285 643 822 225 622 168 353 28 492 323 922 578 171 560 7 336 741 44 776 536 447 724 137 842 820 100 696 655 704 39 319 574 217 108 854 751 94 816 947 509 526 568 849 221 875 446 597 957 444 152 574 272 977 528 354 540 648 996 124 300 829 614 293 186 570 474 728 638 10 756 609 725 901 412 14 333 759 608 286 570 165 812 627 860 928 91 254 743 367 638 455 829 114 566 694 496
374
584 20 930 486 282 662 396 238 132 179 941 467 512 562 234 538 203 960 55 728 290 408 612 330 640 833 531 730 647 407 811 709 107 199 370 470 662 913 239 916 426 952 219 663 619 52 109 590 649 681 192 536 248 175 508 929 253 103 978 290 782 31 327 471 678 11 819 61 58 88 771 947 913 199 353 399 160 712 255 558 426 443 976 173 633 459 317 661 576 639 69 895 988 664 236 311 988 332 412 217 783 738 636 898 523 179 307 677 349 759 865 150 844 236 42 296 833 540 625 201 515 401 341 700 576 798 405 81 505 661 660 775 152 467 802 351 483 277 719 815 703 168 662 69 741 559 107 588 984 149 716 294 139 283 930 740 22 827 465 529 64 23 821 246 359 868 14 508 10 762 798 247 38 716 182 985 117 824 500 585 865 264 393 980 285 198 283 509 185 898 594 284 805 491 115 622 176 734 68 478 319 526 118 20 38 85 69 375 184 674 651 516 625 201 522 110 369 193 772 95 271 810 382 214 944 930 618 240 703 777 274 13 426 59 833 738 87 629 827 372 796 422 857 522 481 261 132 500 444 167 569 27 972 593 212 316 168 60 981 90 743 867 573 625 150 165 936 636 517 875 855 232 471 258 692 732 157 31 548 269 748 670 148 624 983 6 848 677 191 830 594 504 519 723 806 345 966 392 417 999 478 419 615 667 548 121 300 859 813 248 426 332 312 182 852 288 576 263 792 226 509 51 527 604 824 707 999 482 444 901 701 970 69 657 505 648 753 30 583 206 317 830 46 916 154 273 108 377 900 959 790 975 951 749 158 420 945 623 332 767 495 583 176 307 158 273 772 546 261 214 700 403 325 615
590
849 215 686 506 735 988 743 834 205 925 31 333 378 491 28 10 108 971 454 33 859 645 906 931 616 769 201 323 893 849 603 891 989 452 52 991 93 766 653 830 247 166 493 75 579 339 687 53 408 849 777 188 831 632 160 96 835 793 886 79 419 119 226 873 247 211 827 630 611 34 408 427 75 694 557 692 145 896 462 879 452 463 155 429 132 323 302 367 145 288 415 799 119 396 97 255 742 314 214 56 842 453 146 899 649 425 56 142 284 486 851 19 219 93 98 408 984 106 368 991 663 969 957 647 154 346 118 811 240 813 479 865 27 902 199 120 686 868 55 204 660 421 607 59 485 13 640 18 158 760 868 294 99 216 220 69 645 292 972 305 409 766 159 182 1000 992 373 154 134 104 652 337 917 478 981 437 837 287 37 749 276 951 520 498 803 129 541 867 132 916 845 200 795 308 105 909 73 769 27 221 491 892 876 102 338 618 96 800 981 563 487 955 615 910 542 304 565 418 819 710 636 431 989 434 973 166 148 230 818 294 518 137 560 924 387 697 869 648 59 355 402 212 706 154 273 416 252 25 932 244 705 536 416 194 719 272 417 768 506 647 72 633 895 449 148 676 811 872 790 729 475 273 653 233 95 982 713 632 813 292 156 804 268 791 481 394 669 138 271 391 34 937 837 390 476 568 127 82 896 933 652 709 288 961 879 621 274 281 459 460 730 741 380 572 731 131 532 874 720 391 348 601 265 757 327 700 972 683 130 530 10 618 565 130 702 98 385 535 871 989 568 581 803 513 566 122 492 710 490 454 562 896 301 579 406 190 582 319 819 846 824 77 93 931 351 941 552 814 339 203 486 115 31 177 247 17 748 800 494 312 56 891 265 919 476 622 11 76 441 286 161 219 757 87 658 717 731 652 199 142 762 94 723 431 501 345 574 532 633 292 359 458 361 118 848 892 904 181 123 603 713 794 468 339 266 274 590 475 929 579 554 761 564 268 262 842 904 583 189 334 824 858 770 785 846 522 653 210 191 173 43 169 187 200 805 459 825 195 347 233 789 171 492 443 26 785 275 907 336 544 462 700 129 751 367 282 276 627 634 888 729 987 778 929 648 961 10 790 262 920 136 815 452 969 198 72 738 4 2 882 119 858 124 591 595 523 439 910 151 656 896 330 535 805 326 98 282 139 762 148 93 700 20 269 314 665 108 884 790 115 885 834 611 929 488 676 513 437 728 972 276 831 412 135 929 18 543 842 412 967 786 71 848 24 612 350 385 482 267 862 537 381 605 620 784 735 321 503 401 56 100 451 282 496 265 555 452 121 416 361 256 266 444 215 95 17 896 846 736 551
255
923 156 956 796 531 918 967 900 863 910 871 592 670 551 904 174 524 700 822 655 518 591 250 269 493 770 926 692 304 837 260 908 101 436 213 94 372 681 224 328 331 72 217 614 36 147 323 227 906 779 912 408 332 738 858 37 563 887 642 46 778 462 78 796 370 596 11 538 249 344 785 961 789 371 791 818 415 514 660 682 94 590 699 824 995 952 714 495 278 543 473 683 291 480 227 277 976 750 953 54 505 23 80 394 904 335 741 513 783 74 16 897 146 469 430 911 403 205 194 596 289 881 698 226 838 821 816 899 27 626 126 330 369 677 351 130 882 177 192 688 154 690 613 86 169 303 901 216 422 379 221 112 543 434 460 920 69 150 326 30 320 301 425 7 812 216 466 637 253 835 410 326 34 124 531 626 562 797 39 923 217 967 935 621 227 545 122 312 819 676 41 26 275 172 391 386 152 866 408 996 661 648 147 251 901 757 42 830 514 703 281 494 117 665 633 566 965 181 543 721 184 125 313 862 947 400 620 664 70 737 891 795 880 113 394 321 196 896 336 648 83 302 120 963 159 934 166 601 194 66 168 391 143 208 618
89
385 149 740 470 447 297 118 697 458 999 489 167 210 368 947 845 467 192 115 86 254 708 917 246 221 312 805 910 699 796 127 381 350 579 2 697 681 123 805 901 524 537 451 787 266 35 743 493 719 479 209 183 998 76 856 972 644 536 899 629 526 935 299 928 925 896 573 85 417 228 33 25 508 591 398 1 258 265 685 867 518 502 864 117 726 768 111 425 935
30
404 828 629 901 280 125 976 296 104 502 737 174 523 327 474 494 552 27 665 802 828 240 877 598 248 45 613 400 825 719
762
152 604 960 257 235 674 657 579 765 548 837 211 510 740 848 181 201 193 98 110 797 962 460 202 409 32 138 505 701 494 601 410 444 368 544 513 159 578 945 620 931 395 671 756 678 848 378 105 542 854 807 673 510 983 545 49 458 741 524 629 997 344 517 449 206 534 836 996 533 672 227 440 402 2 427 985 551 795 710 448 575 685 471 115 728 214 612 482 899 314 601 671 678 325 580 267 638 528 341 817 354 45 361 559 527 283 959 883 791 610 192 212 43 376 650 13 796 138 492 11 813 401 233 615 110 394 769 266 96 595 468 277 306 697 625 673 820 794 521 770 410 151 376 832 863 443 329 784 540 766 813 891 891 939 990 484 323 515 692 313 827 535 217 939 245 537 228 316 95 372 328 826 539 375 481 641 223 316 131 831 530 677 979 932 678 210 717 766 254 557 749 198 780 477 744 845 553 888 839 641 195 743 897 136 731 7 501 8 237 151 650 846 426 749 19 763 673 387 767 613 592 872 823 19 97 438 50 477 161 375 299 357 934 913 6 586 288 251 986 743 861 283 341 727 746 619 692 653 862 202 979 707 595 615 684 275 233 588 357 804 203 977 851 576 400 269 451 135 96 51 46 240 393 168 807 717 536 902 300 161 719 156 781 678 299 886 876 507 59 299 767 718 656 47 593 639 426 918 888 425 980 987 704 16 884 784 330 736 940 407 500 228 389 473 211 274 558 390 324 952 64 864 780 394 884 861 37 613 831 519 192 820 282 629 601 459 420 950 842 496 268 994 9 792 848 850 219 582 412 637 768 902 658 761 133 649 70 329 50 36 754 586 407 505 81 824 616 142 341 312 737 692 677 126 104 905 380 135 91 12 68 642 119 425 677 888 791 957 986 996 696 374 265 691 562 988 387 905 425 709 31 711 22 308 913 369 105 326 994 158 605 745 792 587 614 809 827 35 712 21 47 61 262 738 600 121 608 395 217 860 290 646 579 502 838 457 636 877 234 114 676 795 351 833 685 490 291 336 200 274 971 199 31 505 43 725 373 90 308 789 264 601 102 289 93 450 606 290 743 874 867 406 174 111 89 393 627 400 672 315 98 283 975 593 25 200 824 953 64 461 709 648 406 873 747 190 439 452 504 703 804 476 595 651 47 789 117 849 236 929 815 287 633 355 942 212 27 743 493 682 432 298 835 872 714 613 8 679 965 552 108 350 438 772 151 172 788 484 419 588 335 105 675 31 418 886 62 308 434 4 792 504 814 822 152 988 263 143 668 916 900 882 807 284 33 920 22 470 206 211 271 184 441 418 924 87 943 783 854 701 592 850 563 570 701 379 565 41 115 56 670 504 129 566 234 524 892 370 164 546 785 805 742 307 442 151 83 58 978 176 592 571 775 350 827 113 835 762 21 172 868 54 782 672 602 116 189 979 599 722 437 537 229 119 622 857 493 931 513 156 633 503 805 312 621 402 170 740 225 497 137 987 693 167 102 558 908 508 654 389 2 50 784 999 287 119 803 505 214 753 406 889 924 427 220 44 194 614 949 208 925 962 471 990 231 260 134 688 59 576 76 212 373 842 270 891 216 468 27 761 452 268 491 533 278 249 112 456 553 415 10 579 289 960 864 143 657 222 25 322 764 141 477 177 219 522 960 890 906 980 224 654 964 708 13 639 256 422 742 245 992 499 686 844 670 288 290 459 445 694 437 103 996 215 37 93 687 198 751 559 759 47
575
242 163 123 521 789 901 552 110 617 579 276 384 94 169 969 886 631 588 875 57 118 854 139 293 9 174 462 543 71 402 728 122 602 365 57 526 191 832 65 482 89 883 853 664 86 79 515 592 112 498 661 277 623 618 318 976 324 204 629 325 630 179 632 408 660 155 561 666 681 752 974 651 542 394 652 198 329 331 123 841 92 249 698 546 341 935 994 732 173 915 701 773 154 660 179 529 388 450 654 284 31 23 709 880 929 806 383 213 957 880 393 317 544 466 737 90 860 311 688 328 439 219 811 244 303 17 798 7 747 725 967 58 673 889 675 239 822 891 583 74 296 25 552 513 678 547 30 90 780 821 665 259 422 318 167 73 634 900 540 401 935 10 866 433 929 624 708 625 974 699 875 711 601 257 989 597 504 778 146 535 3 211 768 217 571 64 897 853 745 399 930 555 499 983 675 641 406 567 37 97 713 218 392 19 841 689 420 444 108 438 499 964 821 338 961 121 305 14 247 70 144 961 982 332 335 185 907 737 484 980 841 938 784 142 217 880 801 481 449 243 392 483 24 481 749 408 99 220 735 252 175 687 218 679 633 79 295 989 300 539 333 325 500 96 147 24 970 938 303 72 576 501 378 619 549 63 317 170 884 145 824 488 22 776 421 425 253 6 36 467 213 614 95 320 923 738 554 734 628 400 885 491 331 296 967 837 635 835 883 786 313 446 669 973 290 905 39 21 653 121 73 690 500 252 693 32 622 203 249 498 413 150 116 912 595 980 597 370 569 24 537 340 884 485 1 862 994 362 458 43 384 744 115 713 269 344 723 945 70 71 19 714 51 457 748 250 234 851 710 220 814 316 148 385 489 714 495 629 500 412 461 999 926 700 791 343 406 791 908 374 435 311 857 606 2 851 293 900 625 959 392 549 365 845 548 182 59 408 883 544 554 756 361 693 423 654 974 203 984 389 152 277 57 184 894 421 185 299 966 388 111 873 589 378 881 874 746 445 144 642 982 240 700 187 112 68 193 233 826 627 417 397 349 228 931 415 253 141 199 47 974 605 297 30 187 753 502 237 112 273 164 419 226 918 842 197 903 851 849 450 541 950 395 911 238 290 818 275 317 13 865 187 531 845 219 823 284 46 53 110 792 722 143 36 278 3 16 880 685 296 166 625 247 187 497 831 414 213 440 294 576 822 621 560 231 274 410 753 846 767 15 240 21 140 631 32 294 189 777 3 404 174 657 960 552 663 790 213 46 763 538 428 399 328 583 557 143 638 315 896 189 980 683 587 413 479 828 144 158 412 900 727 905 268 638
565
677 796 982 529 287 399 268 846 871 656 345 787 25 596 540 892 123 102 348 600 683 109 255 557 508 241 739 563 677 226 441 747 319 289 486 431 398 410 149 369 847 44 888 485 559 867 374 958 308 350 132 452 899 642 104 292 585 413 609 910 11 43 62 381 375 236 876 176 438 331 349 753 760 538 774 512 884 828 113 353 843 839 182 426 214 907 826 416 434 850 971 727 883 868 319 425 56 753 283 389 996 856 54 369 96 663 271 775 619 282 283 549 826 996 852 427 114 598 543 196 358 564 766 941 366 70 437 42 617 282 45 894 956 69 801 549 734 664 171 380 438 521 883 321 799 298 74 982 741 367 361 412 370 871 828 269 192 633 431 310 856 695 268 930 496 847 888 707 545 283 161 262 602 745 193 408 258 476 300 284 830 101 354 359 659 116 947 728 702 72 258 930 344 407 98 40 239 551 789 935 7 805 21 348 242 456 161 315 20 56 722 808 178 860 931 610 809 261 584 230 922 135 119 691 971 357 509 968 650 327 454 79 169 937 228 339 20 231 109 702 168 385 980 68 669 191 660 938 36 248 302 448 928 583 895 432 298 334 139 919 924 397 931 272 842 322 826 317 709 963 31 864 366 74 181 999 873 991 572 477 948 287 658 40 168 852 377 411 411 261 163 967 878 931 26 343 23 526 714 66 64 345 444 13 217 922 224 688 58 152 826 192 70 639 17 130 800 339 985 964 882 775 335 631 530 217 985 532 263 12 788 447 161 961 919 120 399 624 427 51 149 627 433 452 22 198 508 19 998 685 617 433 931 833 28 109 20 113 607 135 604 679 230 973 927 261 32 347 752 353 393 595 638 891 361 371 465 976 130 354 876 877 107 140 435 285 320 602 247 377 957 542 785 748 954 728 318 829 552 837 118 950 515 656 395 927 876 642 722 984 172 663 644 484 596 492 842 269 954 736 761 751 748 229 565 1 745 560 601 975 49 454 744 388 317 916 754 395 431 528 9 880 697 663 748 586 32 466 868 958 335 748 828 985 533 476 780 630 235 341 13 810 975 232 346 944 398 806 462 450 683 966 950 947 23 260 23 117 725 432 822 358 147 24 773 664 46 274 476 278 166 210 907 989 644 666 947 374 278 415 110 765 639 502 471 817 640 668 662 114 84 154 307 141 34 813 259 239 627 160 328 207 41 858 104 404 391 51 875 353 457 77 758 817 725 577 187 662 330 289 73 476 706 122 946 874 731 770 349 467 786 168 992 671 882 307 434 129 399 66 811 387 765 831 175
225
379 700 145 853 559 264 2 404 216 113 421 81 495 891 350 342 507 280 602 410 263 355 481 382 555 781 891 650 623 953 640 830 5 263 5 956 653 748 905 52 205 171 289 596 161 483 793 390 755 280 10 395 297 796 410 706 963 805 149 84 945 423 47 328 513 116 746 614 277 699 921 215 62 323 998 413 663 778 635 965 450 421 133 759 656 316 485 831 436 675 337 535 338 714 667 370 175 486 793 973 759 847 363 454 458 97 413 538 758 475 905 906 270 145 830 243 764 679 810 896 174 306 546 856 288 839 290 7 243 707 498 983 237 823 972 798 730 971 156 225 279 653 817 263 596 46 605 960 941 736 561 792 717 148 576 456 491 798 739 468 442 706 679 350 29 355 85 683 288 477 760 914 448 689 883 247 182 606 38 999 142 434 817 348 638 672 904 286 51 75 989 493 53 754 657 323 815 669 285 433 707 952 621 26 134 375 573 98 181 584 530 774 144 255 288 624 718 530 252 736 727 812 289 650 60
494
24 791 784 821 342 398 14 64 786 920 568 874 78 219 250 814 965 498 994 5 441 118 372 374 837 770 358 881 213 956 107 176 771 464 922 802 622 488 944 168 247 520 485 144 742 660 19 527 335 790 494 954 464 676 566 570 915 89 759 900 504 643 851 961 550 554 606 333 676 152 319 814 338 406 52 158 364 630 923 74 801 188 898 710 606 21 433 16 659 765 260 324 686 971 640 608 840 13 609 917 175 617 146 535 338 674 255 92 922 939 131 107 638 286 188 703 664 463 322 814 55 772 804 17 515 455 85 797 109 986 247 768 302 194 13 919 575 326 89 212 853 699 53 229 315 355 574 157 274 497 583 212 903 551 566 75 387 581 435 943 866 960 313 726 88 442 539 159 855 132 805 641 995 234 500 933 283 473 800 281 841 147 131 435 101 957 639 27 556 698 82 210 352 188 401 286 636 33 491 818 947 87 352 30 448 503 571 854 647 617 693 186 726 101 416 533 751 476 683 939 701 26 225 617 502 215 10 698 329 562 834 208 303 233 630 192 136 965 95 879 972 574 328 581 506 112 681 873 566 593 372 107 343 476 478 614 629 235 494 581 745 949 44 765 437 833 851 115 740 423 252 91 800 236 307 173 738 194 997 943 371 28 301 96 237 94 817 362 956 406 538 568 297 161 359 912 533 278 445 768 322 657 604 430 156 493 834 943 591 284 967 537 974 792 294 170 708 512 806 940 613 866 465 234 995 53 230 467 920 729 588 341 576 539 98 572 572 434 812 507 657 542 112 163 337 356 767 467 888 55 478 492 100 109 108 221 96 698 954 877 468 486 487 768 923 316 533 78 221 902 371 442 999 750 502 635 43 394 276 282 532 846 955 745 588 871 495 284 516 433 573 414 947 48 973 558 507 444 15 760 763 449 718 683 58 142 558 44 691 248 523 619 183 289 114 112 689 917 687 869 460 901 128 692 688 416 217 651 368 225 36 756 447 146 119 66 676 574 95 23 220 774 23 372 764 56 215 966 845 717 227 13 728 88 945 833 625 821 123 489 5 598 804 11 957 57 754 836 223 908 172 646 717 680 385 306 224 999 300 734 978 763 769 927 70 42 86 48 265 350 799 252 716 92
479
826 393 741 886 934 630 945 883 91 382 281 603 543 477 139 960 549 819 903 362 101 527 189 700 275 731 26 684 489 108 980 337 654 143 343 736 642 393 269 439 636 320 191 728 987 811 118 487 495 97 693 104 367 498 132 640 243 190 823 973 131 838 63 223 50 412 378 404 701 573 409 188 147 717 745 435 408 386 8 315 302 852 295 926 286 760 852 723 599 864 382 621 478 773 715 124 28 693 585 366 251 292 294 765 615 182 438 328 938 486 712 424 194 884 264 574 787 250 848 959 823 559 936 283 299 466 32 506 836 128 775 670 420 271 606 4 998 631 863 750 755 502 375 409 542 152 186 516 494 721 287 652 345 485 230 349 894 720 714 215 202 21 546 592 946 486 632 251 171 112 695 61 229 480 754 327 756 889 94 356 967 142 270 694 435 71 959 525 775 890 54 486 128 540 420 287 777 270 241 143 767 599 980 713 947 505 6 913 934 429 591 376 987 219 520 348 231 952 420 869 766 503 892 226 404 927 182 878 77 304 201 756 526 990 460 606 415 29 761 407 601 100 647 673 782 17 976 698 413 348 382 489 800 139 636 224 1 355 233 775 950 503 391 821 269 983 659 86 671 173 60 683 737 31 645 152 980 720 971 146 714 74 896 979 756 743 981 285 203 398 88 129 8 876 578 679 903 643 770 720 791 618 796 817 926 994 837 772 843 550 376 468 42 353 607 963 240 426 429 224 868 760 832 46 776 629 376 615 197 343 315 236 599 14 203 252 669 965 242 141 588 223 268 678 677 461 929 701 948 225 957 19 948 60 478 410 694 530 543 391 729 800 335 925 286 663 587 909 311 225 414 281 10 797 941 416 918 371 163 973 890 154 17 669 901 551 513 727 171 452 327 241 578 748 715 760 157 712 858 350 994 608 482 234 508 455 366 482 890 346 681 316 496 114 874 391 459 484 154 980 245 361 410 985 985 914 924 911 464 165 126 281 623 754 733 224 198 541 610 686 602 759 367 867 262 75 218 574 366 450 369 282 554 739 207 504 19 874 212 283 721 728 793 812 282 994 396 878 277 999 398 195 267 463 164 966 280 948 590
479
545 700 228 199 68 642 978 192 709 786 121 707 924 238 409 216 207 100 681 132 784 872 547 387 58 44 229 135 295 897 11 883 286 674 704 989 9 666 347 681 597 631 51 614 312 195 981 987 19 381 761 158 737 938 158 164 154 908 307 137 586 465 124 603 904 449 954 138 523 469 700 831 25 630 607 348 823 810 196 844 90 152 301 365 767 917 283 176 986 917 801 935 685 255 461 325 367 586 277 131 55 289 922 540 853 224 678 102 96 972 755 760 732 655 5 669 57 936 721 553 9 754 738 251 876 207 762 645 557 442 552 584 476 116 341 295 238 838 285 390 272 671 871 68 200 487 470 642 213 851 910 898 735 104 715 957 795 863 931 440 714 874 53 907 754 496 640 571 849 724 367 444 857 789 14 115 75 157 605 180 187 831 582 781 267 47 975 260 425 28 864 121 287 120 87 918 11 613 419 919 389 208 100 467 983 580 361 702 473 201 631 585 503 677 97 716 113 145 193 634 773 621 724 216 101 446 341 923 167 857 845 131 703 795 563 825 637 557 963 921 409 410 537 608 503 592 168 761 442 313 186 127 665 34 409 493 453 245 627 607 751 112 271 687 875 469 309 81 504 468 85 707 724 826 570 798 18 378 466 374 651 3 449 127 345 649 261 877 584 148 527 628 776 217 146 740 579 101 832 75 288 266 759 442 809 530 809 463 622 359 956 128 301 237 435 346 263 690 443 811 57 669 472 741 279 913 981 256 51 341 518 503 315 5 787 101 931 691 38 575 499 572 105 500 633 405 719 481 309 270 475 776 993 278 230 964 549 507 624 492 481 283 661 265 541 461 334 510 463 991 796 879 680 670 491 379 514 906 458 177 574 41 781 217 757 815 33 496 847 956 766 139 821 697 22 382 629 841 85 744 397 143 131 108 765 67 157 153 992 882 940 997 672 381 871 910 496 798 227 558 240 437 588 185 576 688 621 455 77 152 59 617 849 316 957 672 221 358 531 204 117 812 333 321 945 2 371 122 579 313 437 174 368 210 711 302 202 178 690 679 850 235 917 506 881 248 112 407 154 254 962 16 962 139 181 538 144 940 986
411
889 253 866 218 153 156 345 735 493 463 752 156 152 104 474 232 411 322 816 25 793 910 103 740 881 628 585 80 595 682 296 614 123 145 857 913 52 734 303 621 397 923 743 93 224 370 224 549 672 370 980 19 303 229 73 46 876 452 995 50 478 392 56 786 816 808 812 120 223 731 532 691 742 629 98 861 406 186 679 156 499 321 381 978 145 892 62 295 562 50 821 507 644 764 859 899 476 989 222 538 855 759 292 227 656 310 839 200 272 538 170 793 787 420 639 798 600 41 73 676 552 903 217 627 145 218 995 174 901 557 52 883 973 475 791 153 234 694 420 585 354 254 455 5 61 950 604 667 646 520 238 691 209 989 764 261 306 56 262 233 451 977 170 404 465 618 184 236 377 777 440 174 19 41 681 382 594 38 258 522 729 169 594 831 935 541 154 592 681 907 959 195 520 419 234 976 208 623 218 444 668 95 268 778 408 559 13 766 124 993 187 476 355 995 479 322 885 793 29 196 388 517 309 211 541 167 272 241 296 750 916 106 607 844 665 212 290 296 621 587 336 367 429 197 254 150 26 909 380 187 410 762 634 194 28 552 565 899 159 562 283 623 609 298 413 86 154 154 828 968 400 488 824 227 411 923 233 95 763 29 719 990 194 158 303 731 364 199 508 513 226 760 924 101 514 954 514 855 212 235 425 879 611 453 675 610 60 173 524 414 427 635 418 959 399 496 607 689 396 186 29 786 826 866 71 396 732 976 714 521 82 749 171 135 268 377 759 243 875 547 653 532 897 128 615 734 727 621 272 261 740 531 286 189 979 251 410 878 198 342 97 840 175 568 442 382 256 60 664 430 542 882 702 577 770 622 540 36 59 385 744 557 877 337 214 459 88 769 927 709 772 401 446 769 318 76 507 362 295 707 458 35 289 695 999 119 587 230 885 660 367
659
839 144 438 588 864 357 389 102 23 250 17 694 986 82 798 168 806 68 113 901 837 470 564 617 223 891 983 485 471 751 155 325 368 920 423 122 673 364 780 70 956 406 5 925 833 649 991 174 692 306 474 105 880 400 858 315 510 488 176 793 288 804 867 458 438 594 363 39 793 605 567 919 350 841 803 519 168 492 618 985 927 596 847 982 712 427 153 489 153 668 790 447 890 165 883 214 151 188 335 965 381 706 447 86 692 157 549 146 620 606 511 795 636 113 885 908 597 551 146 762 509 191 146 103 681 577 170 415 472 207 613 107 507 607 483 590 38 440 534 796 305 861 464 421 965 364 301 58 886 766 210 428 771 752 673 389 222 9 948 640 165 37 922 538 907 190 343 66 900 925 516 804 485 896 786 283 299 456 444 686 832 277 748 491 961 851 690 33 360 325 189 761 29 122 801 831 558 487 558 364 878 985 1 354 397 5 337 321 508 686 634 121 931 872 274 565 765 146 399 468 993 290 7 78 148 451 181 645 232 933 72 243 499 987 658 809 931 629 387 253 491 748 742 212 588 400 719 447 841 541 222 960 152 56 563 784 789 746 399 781 454 69 213 791 638 854 348 563 152 436 731 86 267 928 972 919 712 346 224 835 332 250 112 34 532 663 532 923 681 412 456 189 722 716 30 681 96 966 999 154 991 752 56 873 481 982 976 39 897 4 927 428 903 950 906 939 957 295 213 581 392 467 599 927 60 687 137 286 984 976 391 690 92 669 53 195 29 918 199 70 70 121 557 294 652 962 551 671 460 496 355 716 133 659 232 514 596 320 334 932 996 574 27 800 650 376 71 156 243 192 246 500 574 669 264 913 569 846 280 894 259 526 846 398 203 159 531 50 697 983 576 834 571 86 160 683 96 258 222 296 574 180 835 231 43 330 876 525 95 229 635 321 436 937 275 304 452 767 795 678 472 224 651 617 108 954 816 137 624 727 415 929 970 661 427 449 750 572 524 321 643 828 978 521 851 463 762 418 436 765 602 760 755 757 961 763 641 459 475 627 946 835 988 847 555 831 84 880 608 266 977 220 184 95 883 827 308 336 16 154 528 34 456 378 945 966 47 205 603 848 510 52 50 189 803 63 353 715 598 867 905 527 556 666 839 847 538 973 860 948 512 995 746 376 5 874 685 612 604 572 770 898 94 99 237 925 204 296 918 72 969 471 191 8 289 200 14 833 280 89 976 812 859 378 929 536 600 796 580 60 733 314 630 358 68 794 870 419 81 35 351 850 785 844 875 774 559 132 356 362 713 952 365 110 868 178 943 551 282 131 248 101 72 154 312 744 983 15 949 359 481 810 246 120 143 581 321 262 977 770 529 610 753 46 992 209 87 601 702 432 471 647 296 599 329 800 953 700 991 535 319 956 395 797 346 273 6 361 840 794 426 433 484 877 957 391 344 782 630 581 466 983 360 20 685 92 496 866 356 926 801 612 184 374 755 960 273 575 524
353
433 208 461 584 696 266 722 824 163 172 563 611 987 357 781 562 95 180 359 361 635 352 994 105 437 455 980 954 819 602 321 328 204 477 816 155 485 188 102 818 245 302 129 561 136 916 113 443 329 79 1 309 297 327 370 27 51 885 720 104 854 798 614 304 649 183 983 307 491 529 835 249 699 547 900 990 253 782 124 575 405 355 755 717 577 476 232 966 897 104 636 167 542 588 583 899 210 3 971 447 186 37 584 113 615 491 443 469 406 150 858 401 655 473 657 963 461 725 596 340 40 53 266 406 341 35 433 820 771 670 69 148 27 367 10 648 706 417 7 673 853 144 152 469 564 736 222 490 928 368 378 10 966 179 192 923 359 94 397 592 282 805 727 481 793 233 290 180 312 533 811 637 670 798 462 470 652 924 822 991 936 651 711 679 693 291 849 223 660 668 573 937 158 560 750 1 885 917 956 774 804 212 365 245 357 905 620 318 89 201 703 903 349 238 108 763 744 815 966 494 962 3 678 825 211 20 864 193 903 404 391 461 790 473 517 800 946 94 195 42 482 717 531 233 392 831 466 103 373 675 543 824 493 1000 981 926 900 703 203 578 116 441 525 187 590 350 50 288 645 894 386 732 448 923 35 454 221 948 87 344 246 875 883 868 83 109 706 814 221 723 257 461 57 878 750 685 80 506 916 840 722 413 498 766 659 855 361 643 838 721 81 218 598 767 499 677 265 457 781 72 82 977 364 186 890 9 319 626 751 905 632 217 50 131 211 947 104 750 21 104 172 311 692 53 318 798 602 533 760 922 771 459 138
1000
8 315 838 180 394 808 444 590 665 626 528 392 225 359 657 385 498 199 316 330 517 972 999 567 993 761 617 693 521 300 909 660 197 615 621 897 954 778 424 433 515 480 603 309 581 621 815 143 265 248 743 47 716 506 732 363 58 763 608 838 734 561 441 383 22 119 190 136 228 833 807 444 785 984 769 376 122 633 204 979 913 111 438 173 115 44 603 857 192 402 544 164 876 949 298 734 25 948 522 570 118 660 831 918 457 188 641 359 609 627 5 355 353 734 372 92 941 767 930 669 229 959 675 554 598 554 415 930 149 755 923 773 526 232 248 693 207 511 372 745 476 53 99 592 643 228 117 211 468 210 651 459 483 9 122 740 23 880 468 911 263 24 862 77 543 793 383 324 396 882 119 299 510 721 291 754 126 326 333 387 937 676 825 278 557 666 720 839 237 538 594 572 945 688 698 861 433 66 1000 376 133 478 868 627 716 994 642 177 193 441 296 313 616 932 68 718 792 615 127 157 257 591 352 729 502 698 17 591 176 782 949 421 819 112 661 396 161 925 84 473 151 76 950 415 379 351 469 887 641 348 957 548 338 751 822 14 823 896 789 788 448 469 901 362 92 187 115 251 599 356 934 78 822 886 144 602 316 500 823 662 826 358 915 566 980 723 265 283 700 291 705 241 614 336 957 970 737 402 840 792 286 790 275 110 629 26 246 864 913 589 417 184 941 264 710 127 329 161 325 796 999 248 40 52 666 360 722 21 363 808 650 423 918 58 668 179 364 870 566 941 181 447 922 217 854 475 81 699 250 281 284 677 114 987 579 810 824 746 983 517 526 522 419 517 334 758 36 513 917 547 869 718 518 741 520 458 611 71 209 128 481 526 564 289 774 132 606 557 93 185 702 640 124 847 979 650 845 356 880 616 65 449 132 800 774 354 154 93 299 103 264 719 212 148 231 157 56 204 833 5 579 817 869 821 525 753 32 47 680 657 245 80 200 337 440 672 145 612 118 560 197 289 58 785 187 399 601 824 902 934 651 47 852 302 249 457 242 512 131 963 260 278 720 878 13 724 30 67 957 42 922 729 402 249 228 932 968 487 176 649 965 365 861 212 18 895 787 784 399 360 172 84 22 367 341 816 304 752 965 191 559 813 747 374 213 293 868 37 592 831 593 476 38 605 926 611 934 297 708 836 497 11 820 328 178 486 567 810 27 584 305 859 308 894 12 728 174 850 606 664 665 968 521 199 197 891 859 165 358 340 71 713 374 518 575 446 411 960 435 908 696 682 547 184 691 670 45 212 863 689 73 829 501 68 768 209 470 163 607 909 118 595 79 317 550 605 408 147 487 820 456 440 386 501 947 303 674 171 457 11 26 599 24 623 108 173 162 910 640 566 336 783 541 81 164 895 127 639 975 24 195 177 915 703 185 869 575 762 792 468 521 799 870 693 421 293 788 618 628 21 336 669 365 957 909 35 346 671 536 213 569 568 985 67 285 691 616 110 133 22 581 60 609 395 82 693 453 739 325 306 765 976 84 872 106 819 505 127 323 311 851 618 338 554 412 212 754 263 56 690 426 94 405 904 274 366 608 248 948 417 875 376 707 446 552 970 701 927 28 694 29 95 7 482 313 378 909 551 630 749 218 979 810 78 164 196 929 96 786 52 697 979 733 817 684 918 622 835 813 392 539 987 147 244 301 906 519 642 654 637 301 658 378 784 998 762 657 686 622 455 492 332 62 243 915 655 861 435 814 147 578 968 369 153 83 831 658 120 971 488 994 407 179 527 447 154 938 168 602 947 733 386 15 334 794 777 185 363 511 218 192 36 434 535 423 773 904 379 270 829 619 280 120 11 784 676 937 728 166 111 564 710 435 714 712 814 938 851 177 626 720 277 623 547 533 821 644 356 33 655 119 480 438 201 80 604 565 706 457 25 728 712 262 447 262 391 130 32 532 737 478 729 802 1 651 484 399 84 271 482 362 616 889 213 275 161 3 375 794 878 528 108 365 997 420 888 807 164 220 761 637 718 485 286 442 892 659 490 967 857 300 717 278 295 801 217 655 516 645 180 666 902 237 599 694 244 848 618 585 969 912 741 570 642 418 207 607 394 957 412 727 798 678 690 727 357 818 18 404 544 90 326 876 52 694 693 862 828 719 563 154 168 612 661 436 48 204 846 366 137 514 169 454 646 994 113 721 746 798 723 521 570 824 30 208 142 802 683 569 176 265 789 871 505 725 94 929 869 548 245 973 450 323 131 839 819 206 590 808 18
426
257 863 461 893 340 144 217 7 204 297 670 74 917 217 240 272 774 402 815 395 746 420 245 76 900 471 878 253 726 811 290 416 795 659 576 975 715 463 767 99 641 994 865 944 604 74 727 288 801 963 719 218 762 136 258 122 393 959 588 856 697 893 607 233 988 80 295 4 176 894 556 555 557 994 362 99 83 576 394 663 372 446 60 437 594 151 534 286 685 786 624 842 782 255 529 237 281 900 3 315 204 911 598 249 491 138 725 142 77 301 187 219 793 147 905 653 36 988 201 865 24 761 988 109 203 788 181 266 285 259 429 742 294 434 680 999 411 89 330 834 337 759 384 306 326 162 807 791 81 666 683 78 794 474 142 401 520 227 67 176 769 904 943 679 468 755 625 208 996 494 900 768 517 955 370 372 762 732 644 942 191 200 935 419 769 410 908 757 223 700 223 739 320 640 105 767 769 890 586 629 52 603 962 373 603 944 138 472 246 84 88 348 727 44 511 771 410 290 179 844 993 54 748 741 91 357 82 869 664 55 848 309 860 171 324 754 703 596 286 50 291 835 807 81 991 13 970 594 601 16 667 812 313 719 804 256 122 843 723 362 634 595 494 724 986 270 620 252 514 993 508 486 904 122 638 193 509 432 58 9 652 750 870 600 119 209 482 778 359 750 574 2 879 241 152 280 403 117 922 174 737 999 335 496 404 84 737 160 569 633 490 207 473 185 607 593 349 179 288 382 576 573 265 435 876 354 91 71 223 821 596 858 31 633 352 932 974 965 674 919 476 379 153 44 31 927 951 998 707 796 388 732 411 241 396 529 430 380 397 206 275 322 159 163 837 727 364 261 407 900 951 625 116 771 199 174 261 354 892 854 981 112 576 203 85 834 623 430 225 77 892 323 146 143 526 445 67 179 261 447 336 814 35 556 965 693 58 492 669 490 36 335 449 473 410 626 92 222 297 74 580 779 300 238 562 425
765
668 526 730 599 255 569 552 929 616 607 97 237 206 435 202 826 648 2 294 431 181 504 496 433 658 951 693 524 611 364 761 609 345 430 378 701 59 100 557 950 497 833 863 876 722 715 966 162 293 491 22 979 77 233 95 814 201 359 57 750 405 987 794 414 497 459 375 317 431 874 340 789 78 249 209 82 106 197 88 52 330 357 893 534 501 97 424 12 245 43 247 537 928 869 227 770 840 835 600 44 62 320 601 34 104 154 856 67 712 297 333 904 152 505 643 974 1000 345 770 432 665 581 277 78 172 835 796 927 861 155 302 633 978 477 81 816 42 600 45 667 686 112 802 164 474 359 38 949 262 483 547 855 510 126 979 966 731 781 941 534 372 131 70 467 985 221 638 894 53 75 812 874 127 303 12 977 361 284 380 533 731 320 336 686 568 14 147 871 586 914 909 812 755 738 353 380 806 159 652 651 793 416 839 773 302 778 42 700 735 144 157 429 381 173 256 684 166 801 139 503 801 570 831 203 752 324 235 658 602 726 557 435 648 922 701 788 960 157 208 785 870 363 745 161 285 217 425 595 225 479 671 483 602 671 231 926 938 116 5 493 285 919 192 498 324 134 745 263 511 52 311 750 543 434 513 341 862 94 507 857 2 263 105 812 21 6 862 210 457 333 28 825 896 250 872 579 647 697 553 721 490 190 228 299 514 96 326 733 80 780 550 62 238 595 133 651 609 195 531 703 175 493 824 536 650 639 535 916 586 764 514 583 392 740 481 725 816 89 590 61 927 206 768 115 209 681 605 97 187 831 890 237 399 160 814 164 152 828 944 513 942 146 455 568 992 929 156 81 208 869 48 189 766 391 139 906 883 367 24 184 314 707 65 833 263 147 87 364 626 949 242 324 382 166 328 404 306 117 757 831 727 55 852 928 780 611 1 305 330 896 639 409 363 640 272 375 798 526 165 103 324 742 955 145 880 236 738 864 175 457 916 216 436 631 31 24 25 559 797 657 349 958 263 875 791 754 310 194 328 377 430 712 451 189 611 136 156 272 891 473 314 840 647 826 311 254 633 788 514 289 910 10 567 256 493 798 592 870 696 792 942 885 518 845 734 189 280 879 617 983 488 942 929 270 25 332 361 218 126 316 933 452 891 665 113 111 330 362 996 321 185 784 468 859 489 1 679 886 573 996 354 797 154 642 636 216 670 231 529 234 888 33 109 285 504 681 600 635 607 510 728 649 804 508 34 645 122 227 839 564 926 415 433 402 80 407 593 619 411 616 533 196 708 219 253 238 309 826 274 978 271 643 392 608 236 665 513 912 919 673 116 475 515 568 528 761 632 567 265 970 295 57 291 292 682 242 320 419 674 147 768 65 949 396 839 700 922 429 412 427 580 588 698 286 911 992 597 462 485 850 453 696 193 318 182 574 258 434 727 158 105 226 723 834 990 794 515 205 512 218 512 215 833 954 680 128 484 939 701 594 946 212 5 988 546 658 632 20 463 90 660 107 398 673 750 391 948 152 818 501 16 832 607 587 662 867 983 806 704 975 711 510 636 131 734 740 820 893 897 665 72 419 511 246 601 390 605 600 391 958 776 441 561 91 904 953 159 858 753 281 55 936 124 994 581 542 928 762 312 762 549 835 741 608 668 646 6 148 796 922 133 720 251 86 783 204 171 663 754 541 660 560 878 770 558 269 617 508 258 147 981 967 695 504 586 635 521 750 153 168 354 397 573 919 707
232
22 373 231 347 724 807 515 178 885 427 981 442 26 817 212 878 631 962 891 749 244 187 509 214 402 898 10 769 569 944 10 310 712 482 968 259 607 925 713 931 331 473 457 652 870 703 173 521 555 497 225 51 829 853 99 698 825 935 728 769 125 840 715 466 466 253 957 321 60 123 304 516 506 224 827 571 967 991 389 29 163 516 516 425 263 629 544 119 253 772 531 225 884 198 299 224 809 381 431 100 916 883 394 820 774 705 569 383 940 311 857 672 113 911 158 25 137 440 831 65 45 484 493 570 733 404 215 269 658 665 921 640 839 312 350 746 125 331 983 162 673 350 343 947 305 70 722 577 561 693 173 64 33 486 274 513 553 310 538 398 11 297 363 209 540 611 808 814 783 705 499 116 233 482 552 11 22 789 436 880 560 926 945 976 196 401 416 637 625 697 242 402 935 79 71 390 383 388 209 7 214 431 487 717 125 989 979 525 156 728 28 894 742 295 608 232 360 3 755 814 921 441 483 663 915 740 65 731 735 172 90 527
4
575 247 590 68
960
536 801 205 502 977 879 807 330 102 6 685 984 608 953 539 467 573 900 161 863 584 241 274 115 711 993 653 128 394 975 806 229 213 527 819 205 522 92 606 155 464 162 783 22 37 857 322 991 175 185 812 860 90 413 264 716 449 895 54 586 473 183 963 16 377 764 694 971 793 193 411 424 106 683 850 863 343 184 412 931 792 324 742 971 640 745 613 712 338 123 432 320 885 610 855 407 498 125 431 539 400 304 389 119 560 7 302 963 65 626 627 583 171 406 449 915 153 730 706 574 610 695 765 222 59 903 584 107 342 152 556 564 296 893 69 168 43 874 747 32 871 825 867 607 463 33 541 59 53 615 705 632 121 435 218 139 21 604 811 947 686 794 636 881 244 994 603 698 543 655 466 644 371 58 120 357 857 115 885 848 459 989 634 698 868 647 26 378 118 482 899 587 28 70 497 97 406 537 929 904 653 195 667 253 356 242 622 494 334 315 196 373 767 999 39 928 785 768 536 804 951 899 499 787 589 670 222 246 754 556 152 87 564 729 974 649 647 286 998 489 481 410 474 538 864 753 261 214 937 430 166 320 880 861 654 95 791 626 531 849 205 710 617 547 930 354 264 173 210 777 302 170 934 72 912 815 472 466 677 353 793 600 232 827 700 610 859 944 278 820 320 871 933 403 969 268 76 194 562 697 89 890 366 540 920 145 260 995 488 183 61 373 525 137 194 63 228 747 447 121 939 529 418 853 925 195 58 5 405 176 19 824 385 964 622 821 898 854 769 736 337 419 269 510 561 40 681 269 121 541 75 361 174 6 190 551 682 873 549 277 141 144 867 851 730 485 86 169 736 967 180 995 624 166 60 655 288 989 717 513 233 673 15 702 955 375 903 88 950 746 222 660 950 545 403 499 638 936 259 996 552 131 519 803 533 315 55 682 394 477 824 76 310 59 273 963 880 71 181 446 184 65 58 532 117 731 809 982 98 121 623 770 29 77 897 518 918 129 459 840 264 807 828 678 635 741 561 391 527 434 90 832 911 310 763 822 24 186 254 301 429 555 914 25 408 736 541 628 267 681 800 808 643 202 148 116 507 665 797 882 85 485 843 247 949 869 987 236 821 622 527 707 808 791 352 968 445 731 232 125 395 46 793 73 734 919 693 260 918 984 694 488 519 827 623 331 695 668 612 819 572 364 631 161 81 925 279 568 363 660 729 923 476 501 738 359 331 936 503 694 238 108 817 259 488 666 86 767 271 167 378 406 740 170 468 702 254 932 710 534 404 487 434 373 65 360 271 187 780 814 138 359 957 74 43 12 683 183 189 454 634 895 122 919 583 831 899 838 584 866 241 760 677 486 35 114 299 159 693 844 925 121 941 680 149 805 460 695 457 585 688 273 91 821 743 876 625 666 26 866 85 995 275 992 403 678 627 887 350 618 424 204 199 463 372 911 359 742 217 499 969 684 747 392 11 377 51 812 732 557 246 513 442 992 112 238 398 670 786 372 973 462 747 965 699 231 527 208 805 352 981 178 204 98 598 68 361 385 698 519 463 964 393 993 185 926 552 967 71 996 911 522 119 762 856 733 929 13 198 376 155 90 283 856 825 355 349 879 436 385 135 654 346 647 453 863 9 741 128 822 576 989 475 374 712 608 473 79 526 302 918 972 758 206 954 139 797 235 52 360 9 721 986 586 542 112 652 15 218 742 508 982 136 146 672 463 437 100 533 199 712 963 930 466 717 571 41 344 994 125 547 323 857 657 920 567 546 789 877 762 789 142 738 145 322 766 268 105 913 510 735 744 60 525 686 21 237 47 402 645 964 632 943 959 283 658 927 279 419 741 750 704 701 596 309 887 768 170 88 608 187 174 588 53 482 632 887 815 101 393 199 795 621 754 296 590 596 231 869 119 430 143 36 230 442 912 719 314 183 782 371 744 267 621 471 590 982 536 28 908 919 492 199 898 20 194 356 733 952 443 201 427 780 978 706 859 973 396 314 313 416 301 495 625 752 226 94 721 645 682 305 500 570 129 712 458 362 90 948 710 414 182 969 616 219 117 364 607 561 708 913 70 42 770 96 446 363 852 930 437 608 617 333 421 587 299 474 512 223 694 167 41 32 850 784 838 209 714 572 79 414 357 17 175 682 473 827 552 389 595 215 708 488 193 175 58 803 964 729 962
947
178 311 99 31 237 11 78 600 360 705 960 430 164 751 20 103 948 375 109 19 687 391 790 939 246 376 614 324 975 340 35 72 506 364 593 177 806 225 634 533 826 917 3 132 347 444 492 647 929 349 405 862 400 230 945 888 764 571 371 312 175 704 499 49 177 280 701 280 833 699 539 553 766 459 822 175 602 485 209 709 639 235 341 458 290 52 437 704 895 139 689 483 472 106 273 721 513 348 365 73 28 24 848 910 27 554 6 551 914 948 773 930 495 887 767 870 902 186 649 561 796 355 194 791 396 229 19 919 353 514 365 684 965 434 735 880 716 242 116 751 283 98 108 334 582 536 46 774 742 813 64 563 866 578 78 241 323 196 437 564 642 881 667 368 100 399 738 407 67 470 627 419 553 65 177 113 287 230 122 94 744 809 879 955 188 867 475 522 673 354 567 932 971 451 98 745 631 745 644 51 103 470 105 478 436 241 185 585 612 509 888 799 880 829 554 345 501 625 765 636 567 770 198 563 283 401 831 146 883 299 795 658 586 681 994 92 312 572 396 985 633 41 883 943 137 637 227 201 14 671 135 355 400 41 832 395 827 682 577 492 932 327 184 505 316 227 495 729 108 933 708 674 519 938 59 304 768 770 316 394 87 419 107 441 309 868 383 99 230 834 325 872 406 150 740 808 577 956 712 625 631 757 279 997 271 70 905 577 320 177 856 22 765 182 493 934 249 794 380 691 977 630 844 596 103 245 845 102 250 895 167 884 544 658 853 196 971 663 473 722 374 606 340 300 655 603 130 728 740 746 294 301 140 110 128 637 887 624 878 394 489 74 209 694 909 554 34 855 179 935 362 593 854 198 370 512 374 858 463 818 225 165 385 430 44 622 971 853 844 997 396 924 722 793 601 57 493 978 970 489 768 363 775 413 780 284 135 796 552 330 940 679 673 940 114 960 340 361 6 780 8 181 190 188 82 107 460 259 984 322 177 645 570 785 399 122 670 244 90 70 263 185 445 906 422 337 722 274 420 8 290 947 816 805 879 160 645 917 407 557 390 54 735 896 868 260 242 321 451 813 190 359 603 969 366 149 830 139 139 376 843 767 605 590 854 711 772 576 776 769 314 955 661 489 684 130 283 857 630 552 660 677 899 422 68 8 543 71 442 647 987 518 950 191 927 476 978 607 703 580 481 11 860 5 229 778 987 321 509 588 919 137 955 933 123 696 634 502 317 857 527 421 124 867 979 720 536 475 412 138 674 676 393 319 866 447 261 303 674 770 518 766 426 916 483 993 285 834 731 574 747 662 41 426 439 207 238 911 418 387 144 379 426 764 305 483 48 398 853 63 700 74 106 492 893 48 245 273 991 120 984 165 551 827 914 315 390 22 706 57 124 583 790 664 697 19 640 361 622 73 648 39 762 472 664 873 907 628 177 601 112 359 464 595 515 286 646 466 30 309 885 552 794 447 570 86 684 210 857 741 547 734 25 489 983 157 75 820 48 807 877 500 981 529 877 440 169 353 156 738 926 355 49 84 422 50 408 233 294 204 921 337 353 91 91 501 643 741 167 717 23 91 603 37 245 699 920 622 951 397 721 326 621 154 887 736 837 449 507 804 753 630 413 836 504 21 34 110 631 177 379 978 908 444 41 340 417 513 145 833 193 697 403 965 759 599 460 473 173 685 934 535 966 583 97 508 880 172 384 793 32 692 657 27 416 87 610 874 638 771 756 50 832 214 704 360 121 696 32 430 534 312 594 829 37 26 480 260 812 101 477 652 804 991 903 713 510 585 806 397 150 229 784 80 686 788 998 600 316 870 876 608 770 297 390 335 972 226 607 65 117 221 316 437 330 977 519 559 35 258 373 250 756 7 867 256 395 1 514 965 147 905 240 520 307 789 93 451 723 180 87 829 688 38 810 58 473 468 686 715 358 567 808 553 95 439 760 846 931 284 838 66 16 222 266 80 430 714 365 581 7 925 595 672 73 171 68 84 160 883 485 627 626 507 5 570 254 258 191 328 567 683 71 592 756 335 546 39 590 484 339 877 150 711 639 467 750 594 425 858 978 178 961 617 198 76 674 706 989 351 80 321 776 853 476 727 13 678 591 556 667 254 939 571 339 528 819 304 47 10 37 214 138 5 105 134 218
284
856 595 789 200 822 929 148 134 25 914 956 510 406 921 901 346 456 290 200 880 111 720 763 510 265 680 789 108 347 783 266 892 729 503 544 178 22 117 145 87 518 136 105 768 60 871 168 615 871 108 719 922 379 580 319 888 715 33 530 370 334 148 776 517 754 58 631 74 324 88 559 559 430 402 365 875 18 127 933 985 907 302 982 575 413 312 794 91 301 984 850 877 344 162 437 751 318 751 267 260 236 466 751 893 935 677 389 101 361 941 350 900 114 800 156 876 259 26 988 262 262 856 461 438 750 959 646 901 766 182 664 632 528 769 46 200 270 762 444 79 407 983 925 636 551 924 553 142 597 188 889 536 845 70 439 61 704 94 744 747 41 312 290 577 146 160 303 219 180 815 519 625 177 916 821 757 955 206 87 649 829 123 184 416 705 42 932 370 308 169 656 83 557 900 988 48 883 501 569 36 369 170 244 750 599 960 503 544 311 193 464 222 880 498 335 322 825 589 855 138 981 128 970 553 384 627 533 154 179 973 422 433 873 55 480 209 287 979 32 259 703 884 801 454 303 767 988 551 965 550 338 361 924 325 447 523 606 58 247 833 433 755 888 293 913 648 123 223 901 485 637 409 914 431 894 918 528 541 585 213 918 319 848 535
526
272 691 748 398 591 315 339 276 905 821 404 314 208 882 136 65 514 291 921 996 724 759 550 426 585 131 620 423 783 819 46 31 844 588 774 746 623 703 867 488 584 821 461 19 962 724 555 488 289 960 996 626 752 65 238 62 848 768 432 887 271 643 18 527 853 363 360 249 200 528 12 863 132 587 736 327 4 219 430 889 476 21 201 456 370 129 865 519 361 726 782 92 499 717 304 455 153 576 115 541 861 812 96 791 60 317 530 518 34 91 636 768 678 901 672 509 543 515 560 400 883 983 874 481 328 671 296 246 702 454 950 122 272 672 137 548 530 855 803 901 476 669 161 174 835 737 469 988 316 750 518 284 237 592 576 253 280 979 525 739 390 279 137 887 696 729 878 566 63 649 97 686 942 663 566 200 394 409 206 354 268 428 324 232 804 204 498 834 228 671 805 661 353 298 989 42 184 582 95 41 496 876 725 399 388 855 554 80 862 502 637 825 552 395 758 150 489 880 657 642 528 595 899 857 962 540 668 687 735 651 611 675 218 519 535 427 879 988 606 892 888 472 382 540 220 419 152 902 186 448 537 698 726 733 466 622 955 686 227 414 996 330 313 43 600 695 566 966 859 422 70 360 533 615 722 236 473 276 274 834 876 979 322 467 461 446 714 182 658 788 184 115 759 928 191 981 220 666 337 416 276 464 680 580 218 584 310 709 772 136 997 239 593 148 678 169 126 949 396 416 206 851 552 608 746 720 793 44 914 699 103 855 782 558 10 780 969 142 38 581 236 912 302 865 685 829 369 852 988 935 327 301 910 270 911 287 320 416 720 415 179 501 718 615 480 551 770 679 935 60 103 487 759 62 49 582 729 839 553 114 50 687 27 154 495 866 251 925 823 131 967 101 459 26 335 579 567 738 957 482 154 128 943 872 79 146 325 834 327 543 98 183 540 110 150 932 626 187 870 9 936 929 83 437 372 359 401 891 212 24 47 168 214 864 254 941 788 492 842 23 178 720 972 336 816 533 560 575 385 159 233 605 13 455 805 167 774 842 703 585 947 106 468 981 801 611 395 621 63 586 262 853 702 721 47 62 841 216 566 316 931 993 991 949 942 968 17 360 270 301 877 663 232 963 41 775 987 729 621 911 608 139 11 56 26 631 999 201 145 831 998 323 632 450 234 283 99 688 177 182 474 849 652 834 339 724
987
571 685 192 101 145 746 266 911 723 539 809 414 78 480 986 304 620 95 836 295 699 671 505 29 475 698 231 238 432 330 853 97 891 963 769 850 476 243 798 792 507 640 138 894 838 944 666 405 936 635 623 811 746 479 360 735 504 703 84 870 403 96 82 416 636 180 345 392 387 931 639 635 153 192 186 278 297 107 920 651 467 401 577 301 345 442 691 351 125 841 891 39 874 444 740 412 279 804 59 641 277 899 853 432 270 669 5 969 595 557 230 802 454 402 458 105 680 871 424 946 869 659 255 510 321 660 574 687 625 947 199 581 815 98 992 812 993 724 560 75 759 37 962 722 418 851 189 60 817 733 455 548 267 437 246 518 735 733 599 291 148 751 560 341 439 525 616 533 931 322 3 994 653 460 163 433 821 560 638 895 195 3 418 67 107 657 935 982 2 750 430 837 274 321 807 404 134 664 593 377 593 105 277 197 823 622 335 507 746 739 241 665 892 667 226 853 443 475 198 828 338 216 631 515 838 363 452 404 914 108 269 407 559 607 508 16 281 691 119 892 501 978 625 719 802 44 271 231 941 625 241 562 543 964 646 283 121 150 156 322 325 626 176 732 236 775 182 265 405 236 820 173 459 576 9 305 380 785 991 217 644 334 690 770 168 480 351 360 142 763 561 997 792 31 257 772 276 842 31 356 756 383 798 380 766 885 317 254 717 302 341 642 569 504 590 446 744 174 791 971 83 777 250 155 714 730 313 811 830 425 425 984 738 596 38 18 962 241 292 63 854 227 482 662 14 845 125 710 61 456 246 195 190 618 44 73 853 864 28 511 618 357 166 949 707 280 976 647 543 500 639 593 83 258 36 100 446 234 3 212 990 767 314 838 402 293 602 796 928 550 533 651 557 896 820 603 330 680 864 910 810 905 628 9 757 560 471 617 542 978 60 595 204 580 352 367 758 144 851 597 801 274 753 459 752 61 50 443 543 28 315 528 945 71 422 612 225 220 370 798 161 17 344 728 438 969 928 563 145 474 812 742 161 714 658 190 497 322 849 107 85 978 514 248 545 99 632 360 504 184 91 473 76 219 663 791 720 361 890 621 800 563 38 912 773 791 103 433 65 279 453 542 555 303 474 45 922 561 983 765 960 95 771 253 317 292 783 190 449 560 370 132 116 309 718 850 135 436 211 534 554 948 791 987 772 326 89 754 360 756 326 219 333 493 489 786 430 318 978 702 733 131 140 21 115 636 496 677 684 244 550 904 831 34 296 482 701 719 723 709 851 407 907 644 949 814 271 885 118 116 735 106 78 857 123 477 47 716 431 333 63 74 477 956 389 812 800 440 675 150 690 970 192 264 145 200 568 134 708 562 926 431 687 178 612 190 103 272 355 618 960 245 845 27 272 500 366 412 252 151 929 466 310 146 119 818 970 351 930 531 257 189 263 487 577 175 151 260 484 176 246 718 755 987 548 772 777 155 147 520 143 589 799 538 698 725 814 127 921 278 961 693 323 920 713 722 204 569 450 198 626 544 295 225 448 344 61 192 10 159 229 793 556 974 165 377 533 923 420 99 712 28 521 847 821 356 603 858 277 323 653 863 926 636 278 817 550 69 341 442 423 99 913 387 389 904 415 649 512 219 260 379 475 102 4 647 481 134 871 872 131 481 1000 34 293 135 100 774 628 243 418 609 639 163 974 324 398 658 74 236 221 620 142 16 757 128 254 460 890 500 264 832 643 345 595 328 661 121 584 333 465 522 901 707 759 641 49 354 82 34 446 431 971 277 496 507 321 357 364 665 900 488 124 877 803 416 883 440 978 159 676 822 527 552 695 729 239 966 406 717 118 497 442 132 139 104 396 378 289 807 86 530 716 426 390 880 134 762 990 566 947 808 249 762 451 440 452 705 199 849 65 741 208 587 529 71 809 210 317 861 505 286 779 305 971 247 508 732 720 599 692 721 913 468 778 845 140 958 95 284 160 119 936 850 388 213 850 345 744 984 21 802 769 392 64 404 245 483 6 408 329 5 700 160 800 972 680 324 25 923 802 431 712 675 680 696 657 964 377 880 844 35 387 84 570 11 686 525 25 353 680 986 853 358 761 366 297 350 934 702 552 646 881 167 804 480 247 574 362 148 859 92 279 924 12 145 412 529 787 756 366 65 669 537 841 722 657 877 494 187 122 920 788 365 334 886 205 682 456 354 385 357 981 755 500 972 200 291 45 170 859 952 971 636 243 495 938
998
388 768 343 705 258 150 460 863 492 942 132 61 945 608 859 36 451 61 973 184 143 840 458 627 411 329 889 531 7 777 337 16 220 582 747 340 948 879 975 93 12 450 112 199 313 217 716 739 968 343 761 682 412 891 723 796 928 364 913 46 807 715 295 5 576 244 566 773 1000 214 359 29 843 798 768 626 849 196 236 31 163 152 401 621 580 270 970 761 715 390 603 535 946 978 901 293 301 435 278 585 731 400 872 23 225 40 788 425 908 950 806 744 787 973 629 554 417 772 675 399 723 419 45 538 470 85 554 820 583 588 957 93 340 166 95 98 262 931 414 710 484 650 603 588 52 692 943 342 593 898 15 636 283 869 69 981 32 680 189 995 480 575 996 447 300 171 616 45 469 374 266 122 396 462 826 934 234 188 719 256 951 264 728 707 848 1000 723 926 74 193 975 851 200 447 94 329 129 26 684 427 79 962 793 454 540 139 932 906 458 911 584 724 642 745 32 804 888 947 670 893 965 524 305 133 263 128 703 277 275 391 841 301 269 161 673 490 314 445 821 594 353 244 287 465 795 515 591 605 6 438 533 137 22 477 38 964 543 69 892 977 723 597 583 838 578 779 158 203 137 554 353 274 958 567 354 257 262 202 995 906 193 676 594 161 151 939 748 657 344 832 756 837 502 59 489 861 903 789 7 672 140 375 52 481 771 877 683 361 793 134 376 591 889 616 673 300 786 783 600 547 971 674 576 950 49 338 827 676 789 282 267 325 729 108 964 362 468 316 475 582 25 551 576 330 921 515 761 336 819 642 737 91 192 968 766 912 536 987 469 902 44 708 104 529 544 778 764 861 550 311 265 218 858 747 412 11 536 74 41 496 153 421 325 242 509 848 530 125 490 911 490 559 735 758 7 939 84 245 60 395 770 267 156 477 933 152 919 428 108 558 213 648 178 818 818 266 153 231 716 342 57 869 616 495 891 392 295 396 551 504 817 478 432 879 178 812 162 177 29 740 317 469 610 612 635 322 787 456 854 90 716 608 354 635 541 387 479 831 822 426 524 474 59 306 617 991 915 230 257 365 669 892 366 690 211 687 920 56 167 902 433 401 225 641 962 530 623 380 243 179 217 698 818 790 581 545 788 196 364 795 263 589 190 940 344 631 310 384 27 195 959 593 90 349 447 596 38 20 807 117 689 661 402 468 428 315 82 640 29 789 979 193 240 578 874 3 183 732 282 10 263 338 154 372 60 345 424 506 312 651 12 837 408 789 431 178 457 116 72 571 442 593 955 917 941 969 764 23 959 935 95 450 117 997 989 563 602 497 432 329 771 314 806 215 398 386 375 413 768 279 548 510 567 699 237 218 624 918 936 203 219 938 442 798 283 108 486 203 601 371 704 664 483 808 761 46 233 953 880 172 734 881 716 240 190 344 144 507 879 953 350 741 969 587 914 416 674 312 188 625 405 232 474 753 71 979 522 214 263 725 354 233 854 296 409 460 496 784 130 723 620 336 799 453 999 541 232 150 70 216 827 66 595 242 50 971 66 510 561 660 847 887 624 558 865 457 553 349 731 735 989 980 224 509 820 834 20 971 605 696 70 618 208 724 123 11 975 806 76 229 820 694 323 954 983 563 725 439 723 592 7 691 492 50 88 990 661 666 267 747 364 732 308 249 115 335 859 440 234 829 824 888 962 905 248 747 315 164 262 870 312 718 390 253 731 791 981 642 807 793 181 546 513 323 606 257 565 514 747 710 513 469 650 456 114 124 62 990 997 181 634 204 1000 452 484 795 245 485 977 671 20 548 305 866 822 63 356 608 294 819 333 816 227 797 770 287 777 573 882 763 462 248 777 882 358 288 581 588 402 791 194 551 477 881 325 548 611 646 831 434 412 384 616 817 748 534 200 76 609 997 393 606 335 257 228 73 751 570 518 521 214 890 291 945 207 824 941 456 416 338 613 606 920 897 146 222 549 375 598 521 595 832 310 740 193 466 352 357 381 662 377 177 765 240 635 458 817 727 62 343 803 151 162 599 323 704 244 237 396 167 642 130 844 215 817 765 979 676 965 362 387 169 160 821 309 797 907 26 215 106 464 736 923 870 794 291 640 450 129 785 225 177 258 664 228 210 87 934 551 441 407 340 973 822 558 872 423 251 100 945 997 82 692 956 661 941 404 959 965 853 177 607 973 872 968 433 851 612 563 178 25 141 662 642 417 635 623 164 610 41 660 836 559 452 851 580 526 343 672 33 171 889 282 75 647 378 890 7
