999
85414915633666791124 844937348141686769442475491149195453131936292871535676268161241661
46656399884739292168554926618433877696451539422997168436897263835148335932367748197289 4431621878694583734341269743371451947756142647675573646669276287889769154397
9141498814484982277543828412968522495485789768442363543141985425431434421 26592613178961555943766636836667191712977845
1171526226841676352824959875627137641312397 554237
32658732 9459411987964513782282756354213
1898274664227663114734561657 8743781426267865958131178919411141797558566888937725488673554369379289274466946777
17947529263 933288152284636383581244898232865691221833248749415176857993829675438
459275745659177827889135696463183512713896262583388461495439591194547441 6
491 831911849428132769554262319778726
87315229314897845481536867 693167827825741786721492343
428358866639597883291464714447883381559261461868152773756365 844241984718817572926488921391682545162
5187175132898935749836111724837271972121673673732812581316288626193121 22569427497639362916474713
13722384125754132231315999219156657861819763827425497514875532974917 319214
21556526534899184267945118239151484629344261433786632127443316572113776684 78619595798918316247969149868
5118844351393286414943652373717571856949726428922439542579222833382368386 3924593886674172837728248423
73531774337744697622292488455486233452 6112674763368856389234545718998164771679379217323165488282768156912631788427
81688267 38419352776568729525257629769171547471469569295185347391373426256
842798895623782762211394214687862658697757477418279193432132293477 82829147915346
38672216779284118773333157525583231517661617744255314163996954629749248435117139 1243471139547448425637275249569467292895294714311136718336615797442824211962575417435735
1888893931898777891544532 85127131591466339138185437491218841216298485223292851636562694898558333141118216
22454598536998649279762331948415957451596793598471589821114898228974322287494152136536 2389554178596646222955
962215354826413444737654956725488534887174239862445428542985917192 327645988188932746811391948481666631644795562589854
46476711736365967329651213757642382348872744572854638194864661452596393518339128615811257582469 368228112986439137222835446956888148597268967378145
59865169498351173396776516761625327155734582914722448125164815561543793995253 893273839274522238739174726895168985394421716964883611852525117743711689746432
7428793549412345785819672311363591775113658182516378438532756473228958145 11419451616444116455216127369969825124355715833229773648543333647255741417588738
98636263113315798347787281658449 8316999246931462927126798
956466393959712551823151781732595621961236599442814565158842442881298481775792457557 734461598
2722664678393682853434143863717588 146656241483118882988293585126619635635718566773319197682796
9888983531385211972187754337217376384239591693122497571859 8468
124474359 396747523363217286713453393126648
772814825143939176452221817754197794616572263498764 389839573841214923587767837246455471545729285517846515433762748624437359
7677836747737233897451628677166643616223575158272663911522153844265185716558857818277 7228733117433521122913577739
2734436512972867287961546114796694313298 193931193453561924891553689661419357488674365961438355132141766334179359225318894
83492373227322446261873244594982836539415 6123816351872974354664566991712995215842888528631745711855929624871183581823175379885
77172834282844931311957931471341468841251266947232762383756757 85958875629536362277275211429279243847827237169218141934373415926558761967297711
12351448793815475187451443547827623859595354366893113577123416212 179742636737326987384849479471897299614125241699629649185927377665397726325921718529285862288618236
72495135273981499399438545953389881 5971249292735118556466528713446692891968954149594
5936884421345161989247112592281396797712856955257488452296 1333
38727499543168978529992175941354752239 628813568723317
42957295616228529542652317538644919921157991822222892415 2619597674498497272156332916985516254395224612334431791228327777616553291894553531653911696581
3418341966543313169985231911191727474584813284614274412627321768193582942695893936156364 611557758551173581613286763195189378293196128759497
989462365725714456673537523 8639832369763731627546719985151753628982495478932139245517444783993528847645926564294712846494942255
5796671285125457642825681658188616819677642282185982465726854914412571723915 42552699213437
94667297989148546 1596845565153725443163258859379831927826166855681133374929881544643232446336372691199391566267183
277677873993442342173716656963573264893546786148888911971851347 155573566526947876956465912
395129699525541891173652932934497164485123388311188946723961421477569452359352334 46979116963122623378951944577812488593674389122232294568391793954796597479765127744251743675597
32256284288373 6738397464575353177436
677251816767284257874131981821721567324122616483957459468497 19628751795586721989459478228549868237592296256662358141156992
588841797681365 154116389842772445946611931186637688575271
4385652367989 23479785891129496378318171445357232592818666263893367533837
5285257343196916766784218792358987236378458948616543676183119697676144893362516836477459499664495117 1335976412
8863135539 5297685122717834138872698594128381742426442544177263342252716891111867964862
7125498458351837132788 79735798179393438493464635195397754
71245526597661352165194773256232525949863876696 7696591712449226397349533135774586988891373424232813661458535
341578168357231665632884557443694817647786795867 68779768944494269349222292252451133833985572897233749775886683647
3622832756458467449398141611195527878769387545762369435428378739455 33
85844513298163927192728922286292977261547 6358499521561658324613194817931265398844883359364
642815644346662994831992514238786 3719485915769728168242873343783691983773876478154493984413573543671312575452143169977857987237263
398924191871128946917531353821163461533368 1327962
9892859811971686381657831433622452969551351248986467425625488968519746785172478928 7125137122694522421578274818344814423426411359327215581232135494738232285624242295961
151475458537527679558576861655411293467332 12742793225393419918115872197647366222147292624288286762732466872712156846217736284882334989194942
56335783496281779893682522619834 6858315291143389534539959232161852991999427
239853856311328388189 6467648514895213777595179977413879174795256131261781512267344825757189697197111841976778
1925895362495639854227826637931958938585127776643811927828523734741798913229418958434588335362 7694387936828791461963398697779769998324343359582916
2584241574773498773675255386876947335231317494673288967212635377166831857 375312987343391711167338861291
223912326352126435129497 87561272912766
7218794158593347648959629688814623764838723258163416158748486143698382661824992217378125 9248645811156685446511327158124569758335534831423462759971161724979794
792491211763872513219516762583181519858173996614439517848472 5641974157637848715761554152743759939751467625781283739346785696286312
3985674665759 825911991892442899744582138365373257946298992787251988385294773222788299614963899934854178391898
5743482997663977448368251843271451956423462871235195143822689 4952417788958581646
948348748898684639897178438483732756241832973469839176819632743492234689452 521318421577886
4131977228597316432923118988955945911127936674685916166713156672736388783154456575636766444116679 1796841618726542976363282111274
4319411411375423536192469224236945694819792957951873247349494951565169648516381 8766651939153963888327762922668267215824827225614
964218139485278882545937297791686 5799823769414568394343245835124245728293336533828555899293978938818338369226
1541729986324265899853124597931893967218428219155266666778879369381194959556545358884579216474172 274957881122321511542922
645755899585512933114459846813821622719993318 4636462743652619755127965746588543545467693421517129695
85347796272659946576577433629919742946932344884353172 8478374434268352592159467234154734786942446315213
71475 5124186273765829119768795747986276
93682271666149777771367327911739763 753272481628559514695332815987489464698481
2226496582157744887536443459545527587669954877493788685168651525 92658511969657485336731111713815786978141122214738492497336551298668116866266963292777
48641124662428175391436782394887337 5134736534184599315573996897657974249685361731114585356513671192927927267
124398437699134315628471917193461959869535588874158919232658711799394681763369228831562977861 343591453242762326379737855349365425494294842778977685482376428374286549416984825
86172829841823787324428337799661628643839882858646679546693663964255221838136331648838347916453 377388849815555846293199935936723968656128293895
84145481698614983292554 25181655861
117452126839756376268885581978269461968415557599834472652569541525898175731543799939689669116864994 4639151689482558598152
52317634875131799644811 87745398592399739315772497645515613583797258166275195686832345246193425723
734845384926868234765765738269967471491141123154769824867775647665976652921511658649163243543 8983
66438558884171271577 13261938989479642364712842
61933585 481293235998278925172716575866856392411191865266653826628552
95562135 7172599977269398598151936479832931975
4923534328449572 186548477368948894736632813942422582178219426551314366117472278954353853369329511526793948375
78951857472563668785918719 84618323399839714418744694755795635461167862833841224578682366754898237135946
999764315359141729666612589165793 269161223565997534678449144221145794477
647 622369392946885164938386319889869418179919956324285246691748715527484525689944
3957298611969949111144234893153976882857164172422918 31662186935557383741733893361533611336755446461616158684963336391253245883
7399377691497144364122831948132993948645 73622286298829865256975852542527585868726167473496248366119421265431547662357347172962637681
564 9838
13383749923963289391463868156492858358482559566383635 271118538548846415953848762726333
64194 45536952196471932476168324994557195558146119192982881622286573557731229965653116
144236342 1724713679114192593612929682858295753652853622163732449361948866
7819337383265821351774521743997335957486648183646325145747554263565 663736526721359915688948854952986511861742529416972726453335121936186719893
5698851 5415293886326669446411198198778378947635996291222275887371592937235155679
24 99451173897486274843911598211934173954575942911227
34118894361369286518815926216193 25747465369869552648629772386341698711496378152418942684621829895393796291224761272645423871344
77249393711369115111766283549978888679595958946558286486437376999296342848 6783822152311994231473472778133949594724364716239
15689335278615895566266 96365215533167713524599585548211915816161368368915584172326683983923552233
2761346218656922363139295532873486488928181 173963684271352874267364695364413284879295
3731518792358718758559448596483277119 8685693945184117553433765439927344233624385658714119471327335918335548818514921384
967871679284965556618462598645167199159659631518823913291968556589127951 24457261318865913383972934662274245192842619
24 2523274553875944492381163381489246884566999575283953657
6371345271 26488683696463368
7742263171749346146487415511621423665845559977725954567285995 943987368149447933519435237547657455186
114952514546387332325427436265412983725 8795645951423588215913599514762851382768276154117871192182118597294538659942632937941334765362
229489596266415479 22136496118517553825981754934112989927516747212536698738388955166137321917
846892742976247542598297767543758854617625731537659161962896924696428521493132 675713231372959216448968998312798486
995 363324857447
2581427582465666731454235112655142819844999749714452457725732726889188492246961581297271576 6739496153481419253884
173923685569911119377934338335948368181584356546672157238956186757418129321 8468632419828428492873839
349914993645795425872156228335938 546276159
98249588575252171719829199137492492363536752687 14362117277468482788815451537711524881182972515199496233731625826385344453923587
36712458771588539369957514786938253169358169333153886489631266987511651771837577881842491 57835229976933878859755
3625687259798584549486816143562997829666322273343147372628612439792643159958377766465951888361 769844715372994273634458252474
5297818414743387571383855221211514274782131444897782158842772 1244953887349292832335165851463941954734353212855697
99553972219893348292964598393121954428892913494579513572474185966266922771 5327845537766467263877153349735574233791958853849
6343635917995372375269335857736124374516956326921122256169177437894534221413981625152663 81899463649937839816912778264924765674337
8544116698374892457182724186546224154581331544723687363959831682496697153471625577218559592491233 762328431589963762428336712
8665733179423913765338795658839349358196926894641229399841498457664716 64177126148967352432519225651366759571565411373
6699775715298879483869657129215469858226482717776 17221766763952839982558979838764881856755588341194313325623465214423951188
125252388777145695836611965119681155396294519417712829987571271411671285367 6885255711725369976182951897873838499155588526996853826866822172719236724363898275952769752
32594236675574941715622523212277711249453312836772481437 57776222441738873464537146281687248165482779274678519867217727553194277281853194351665473
7723487179982436338691948431776333248319885683996321723589697874897658786473374 82773558
55255461251462175 98883449195125957752999112815921789787471435988565613628226
51764448582236917784446232165 94735716537798968756651927556679498561389274628193631575743936268
7932746119 8624472884177492823224211172839722811862862586
792232756395193559589392574347994239192577668534986176847854 73219
77318298675894583489529871594173615283751461693443915176 48178818213139789814728432295217974826479562139633241327296675749748124324416618758347918
4533952178234696228417587699676211477213711832842514372438614787173431436315779282566127653549 5685249178819883826934579985187275276611565467735216868585264348315868944576
96623824428838873389685689977271655137262168 548726825562658489172681587717932226229254837482972225952839698445866337293494673696539
54983525987179291134612996639 473819636725111972725356777
845363321848817195535736919771615256632546943328176611534827281151619913372753545543572897433694 342864342332524375671893582632193
7817513717581184267471542462558456459388377452666675196657882674522597735824674182325234328374 757274516689856316957328631225635396814814546
82563212138992233585224 61185994
4549739485486354427244734454991621156413766966591548437559596783775822647524141945348668842733566842 7422385296834911
79323424249718956945933446529625353863622642529819741977886995718877848 134196537667286335326322186261647361831882788969483532335198783837688312163457333
812786234719774741235986 43356813535833831677233874997498762123768869482937598312424365842946649363862774966
92475895433523199529659958171985582354236265617 198
4795595993521861671877285741877461395774 166158791141663882374152322783688441797488413852151988885942885626514713941518652259431
5667422117255695263634218474419186782481791291225132967523216196253836775786189493691 82371829398995934711167386313793112781715161858633872
1123483431578996586212977451439931762913297857423924 935186612961391386353427866865419164
922583953747351493116937133 623668416934716484875546477635145437187763415325318725897541772336768974166775759135267945
44679789157625554793448254819939252827776458935815299443751472112794638477673 637377443683362993696371222791697991413335472638486639637674
34224567583 9374775468199766918931563876891844596316972145465867266654838272112474575375442734745841269139
397697413798337326 7493261243724214864283721833
56745872335575933321211131283444115989729344437731586614159882197426934482962831537145789477927 7869244565248894231798691266455
57599946589732155394722993443542289526554253493966 92841858916267987326946
69596292253292278387232154782695777711569869815932733276182483121948284 312371514242
581529115138723492673818171 7526424855
59618286655923444276943881386714731532411442888742231112545469178 79635225618664399937571432622841112774397326625725579953943283
73993436551545137651984839244393424494291128459695566322134798269847878684746416569492324578936563 91361132278224713
67542218936467957439495892888677755128683755183326 188846652553872767295586426487
2711496219774588 78311246432151497735685735634957296965326498251873
42324782815223131462321 48434242773513594691671154591169362885473939267736317839434
2857622352952768133365473843457889948521442746252766974525848322 67198833739395271877456839122974271871211634179
9427 61418152834798624943819554628832
672824318681846128776514867833523133274524824653494172621579478997299459764686 3538459574386776343925448221991358
112944811914524668381257775685927983975487554185998 6673151121247973117689396581232831392641827447939221954764618838655797748193777581184
591758363638717421117852 533764754429745315123766349632981232686487383794
274312717913748561697784992468391332958518638438125547114539442 1436585863282739356183152976229819455323617439915744483628219862814558528612
44875346123912958533753521792338395422515771181286382167639982586648147673264813678984358976 785379
1351279947427433273525381246448741 1738249275493454946726154851219436862334754834223992246257619166286338339526
45878368773612963538358739272821387488838471774922221872251644168579428 9768854286
47131544421296297859671331435222452662228828298754658638644425573971761716221 262468341196515755342963164172582221913967893297211569172867695129424978449
76994947315727956258136742746327717995122297166319289563158279288782627943125361916254343735 93718559433431115738923347527392693679815193425
63457175744287954353632218325897867351227355965842318355988426793319113228561119 969791828519355129831839937414787746
45283354999327598294261938827152668767314519216592544934729314471367 52136771675898437815336676665767562175468969314218631891477
299127692964656519612989994713468678686493913172317682546 579965733123767754656841791721343963166566673692819131827352647524815797999882374383749131728977593
684781634875776332 2874449684746463979884411445375387281689454771363997114
526311584342799116113276169922992681831187 2315987639693544781
19355876184822896651377345938532375653312711372862249 1252584191981714177595991652213561887311111
7579956784497919539561484258653764494838962487755185 87689312313496695619447345414285773552818538943279858743821542524354828249223538468592577188782458
58893331164936262615315 87265378348
73627816726211656162287899988189775747394768628296259794111978659747649966357191791736345176 2978624329944211767918763971963655457426189876355117661722118144221
824327348274919758821672229566756221658451785445528557719511941965736832413 6512771573897438278461673313192592499456635958444486486317115
924443323364729792259682266364785149442287294879772356 669639525913626412279962636346961433154139833851613566
757445991819891141194472893584848599822337814578897977694966977191611373837989675121 9756281183426551251694772315324998292348599952693715857697
2774828438194984491721487286893739147649 42148483874656328541966212416758921221679232543739735
11387725228821389458115158546646647653836756517274379388 96791527748315518572244883552754484354377785277815182364625744621395746397576518
9718252212835282369545729737652394324727127266672241622358188868439621911 3345946641916557125
83444317715373836373842457617429485772358637848619455281161683778383387467 7971211131288743825981878231496782465499612611972136969176562888856576168
8647541999731211856796532238783 945715795133747827
934557764197325913332458157697813367592321155673543 8957256197937974451479252926629759143782457341124136614845249529517641638599764271626735
5271549138438448393988396572 93478643583648644668555889543787847424933158928237417865964995774892164784537287733686747
358456913654938 4521439735157439247554224178651738463872729642629518853168292872656723144221649466731523
239392938612452598264571438899158869573412799422299982 6793579692743323648778941134963929386679181451764743936983194367676
622185861276852835531396365179552758591479118721351385785147938978649846182739452375168184 484717281712962371171868641451451158829439139114636137121189861469424722319245398
684618969885962762162963767468351349733886186764297314986324789219137 417256369245981457944568451943592841467584165653969256495429144525
7475345422871257994635213867358896873264669868449245259925827958293939685589948516218468194649854829 7545957832377565252763774482535721657845471145894877761661134731353117253525922192215167
668287325819876629788556867479217362683844213655246731734463743322557712535613675577872457373496674 7281562733378192279866773417894168942557545329692683934752635459394434482435152746581829892853
865353934289216326315642543737 92252328811841
38219372336126473856695873831942 6437932435897357464321789
235881893641187987678737929 4489526874846818315262392995336664
72363162669459549682146 3527748148111989392175929653556966446319982747992756485681175321
954159929926278189264731449575137 67251663
7657412349471899368764367727822564816124792687778754686723599616482432919 65139371556724963587
273317693569517721188 4166622398874918322645755381583564963611111826575
1933866753676945172639179335199122279249792474916717482319116748812988284988299974467661817742739763 332715541697381692513355761469674795881223
71766645467983312695569494125415947871 9725961214119224131244654821227472213919
135256618967728288796792 812916328283495399445616744716354358945181556928
213636658316753379 181883714736763554264126766854896117415333464422581991594946
79451372396867828152183953236576457149317177368823396192416889333571279431277285289943549791296759 88667629993522728223392767
3698489675673217642994611515779922143626467211599214137531478382287 11475419688393628184
5846413816319428643298263514474237277239554421557334265584455633978817612873658472428124248425 69278631549645616566
322 1762482386224498866796669155847189451923766478575752982359178791373628862111
3311616977845744161794955555233773277647243 533854276163472197113168282648335114
592759868281 448733991116679873236287465
28726956858753696725966383372412514928288382534278423241463688928657248118397639 139885122211926495845325612295225353448353924674721598642216265331925628147999
239243684693261273398622362677951447345733174567285275384111182265358 9769646139516718868127923673836592993346446849221823651
8433937625178512128952527992311551946594249674914843288296 6699271367822764969886865398889224551173482236987486154345728697512836594233222265728877637546854
5271339154313494389355273449272835749328259485222993728168132876456184754451359817 89873914548251447895559856978679516115654286624197629621219644156835195912899379
53466857975239294733732624948935848649489897751578382227287499 31246691877484632454221176438226295782146554864
754939942899797666659762741191433495415374372144369 3295376116425363548144239367576398189815864999298423451878919819822117
27127783198547825224355548348119124722779888847799541765 47543992435949385968425426331844568873458542217662664199363299836825
74328382 8963761277313
313338166275896762839852183882 91595392
29571762563218716437426512927434364769252398997587433421798 2141933667311394896643429918196575419657434965172273756961812566
97292533449987725184766668 36578381675531191665215317212978523197671
91761553943659419136754231346671258163537898398597129473534 9472769614597722749669754
8832683711477344167778734832425466299695978283648314694624151261822983742413378515278727153623683 64191399462112214147879379413995176116463489963353117167
32746134843234651279799837271135751973724752181593849193189719341162456534919186633 23771454761715776752897461242268113385135457188881427755229415195745155
22339537416212453111766534339844769684572937461158951515447635568699 43573232
5679296427293 21968384837673186592687894573862383552296358285874713196941
661832668829152551534134366817618682877925534299539114345847357961829321689252975 6498944435789611513751843793658243997148739826453814746376719236964266861854
1437986498913388812342248322671949599434977877953857762814996827153967317662671751544187 7268378363543413559513553967412322193755715657983851913813398228143334183167459685113
5892713782843397516559738188926853921427262 84857255764211728279559417559115345474775431725938156717111735497562445791583628792149311542612383
7131613912265116169934151685564616822756777395713624234382616466224761112444558452417934811 9578474116528534325679626144125799514631587
763671263576593 138159311822644757114911485112257275444868876444273174759882754315852529452313
712924369654 921292715768516569512
998847861342377883393692253776743749999487922574856577658391344788774263454619571634232486493 78422195
92535157273547549339994424958 8525279642381741227379321296925639186449789122236665951493663357911549914516756336776659574258828
181721251382797665357293677335418795 342829128817745189117928654787135673356724
98743471357149652726442771769769565643539 352595271545912344
7 4666252756391512952345847165173816355146719791122589626911846391
51 164173339121199484687886766191
771734881914874365897368761787246797139879111749547663454932539113125281159537621945882589148243 94278923799463926247669598935436936929635483834931195877647263127443761797
852738528222327 1552444395313824242476774382837275839549324612652639434327157415627779549636981255472176329
38682359922238232453969934437754236742389629476698554927389717 93857593676
2219245235783199 99379
566997444995117164432329376384121588139756691722742386297912644466651929852731452635192626849217455 273761174685347358583514153664543636
64575838922637223635248878332471277786478581184724892537715542363787577588525319 7772755967528485647696711889783116783
3865875959552877364254947144678132459442734275168996135292394684 321329544963959953211829897247512742446442235111679256229996
4325462322592127923335658696767718356199952784 67356448288459879362541379618819391479392473476223591299839856
78677125794688341621797554646649141749298892866317272849 429673182794662375738136197179719593677641133221613475535751846738527556548593275135285673762
9194515846824941452218444453485563553636461874772592656683842628742999125873 243993223976246971577462371868324261945661
9377141927777695265878979872568792636181254324143527468961972541295692 4858448855116645966423147413227286474165558147532236854121484287649164969443158592327329
7314493826822697932173296735213398796165527782181111997743233793848614147378237584643299117 229212952328
25246319 81669941186
99592256343252613343965541264544423789524 3295314624471131188266633412687133828139121617749497666649969891613949892359439
63823733447215344758 4314758887492651
61669714485536935441625421381694665983684865811743392724859285852187259168773951211 18171451436346153124631849143
474752313363799793632862329986991682274636536136543594898281949865696651413365137 32467177578363158918633734784179734421782192458785
3771667419439379233817478869781931 3296532552922955178317
862224634838857996627836329696474499837233921194881994969168331 5686518749939694276744792613266483992948722495977514917372467764768723
3334255354138299814328755256795588275621439847488915523 72287653975135289671936397432971772192559243722221961533279987775637744413995431979513643
21893 65295966393113266774969523769789367535372683845996464567993939396562888185566576949551683228829713
3594921462183426712679974724316561154337913765811588276487323299225925218414476484753417917668123 752683653333999184278283
2824812914187749424695917632575298539734135124655351636819731188293784387 213587838848763656739838749278963661314942746292719516979472695432489478338766356988752
85775434376861686832115993269981877727229283396562811539781 1916
2969842931676742773982 115754748
5696952419216331743629592221859213529362556 66936327253671434642742149658575664174612943178932498697167667
21617662 497917325789534665963514534471145
339554 69923471838632539258698233927394611785527596442918957458757691139813751722618
62825295847422621611672128521211359 92641665778627
778878892458641 22261625482438417147892542
5546972 54637669199654716555965388981273413339524431133958233472588129473369914885841
82156893766412652734455738681737978624786456635138287493222135297442279337414459853485311232575 547758693153
94183115561169459349394626448387817331429775267268514769832411429622256949957999 966832688453417869736331259224767686839384495745517818
17984918453296242461929621616253178121667789337431843122789973341712691 159991336945296
99987786838284456762191651278343539731219 78792158967349514387532679625222793996261549619
441289553115282254476 5817667672443791889
89298373764886593587955735181351343869824554585879772456718456932293 9896794555193749541683746662739957379411183497635865777759625522679198533452138265
6974159528198285449243432855856333 886359268324988536783987111439755959895195374835245727697335786991268219993833187149734963744
93463166142841786638793119887798129218531897634867944611993493766363964558357824972671176299 158292
8765739246799 855494432212787466262477237731342152387429965663123726112417253985834568595341853864
254528211325553956735116363621712694584714848858973418491759976469813523857314984916783278487193 647591967417189715331399695233726557588688816958332738998465373243321679232
1466526731988334754386452219588595849117478331915737875325993125553 3626351125355935187871972415184264537871231852238117976975912
69132313326981872 8125537357528973785
84963198659917297682645623782246794569453626831698915999661 9256981788321171717988681577356134184416251234568722277452158989674695419
26533251969638536983417 7177834881489318354727688466687662865637674543934569396378645854
7948378615735254683931643684932961965827837178259572261725779631756 925289325298114275366643513779359293478781
8499777948659415831715753881968536132563619812533772564871222122 1235846917731867742288277491617548339927727676411364421446747
693176352462476211811873383963581485996387215589499 52553365513776143555813377936721571995635283662245677522972473874936162854
2247419729343637157984793152321739371171312343385898423121651 4715892578145975566793615879575539832729118681363611484271
686497863182664331843778977979419438572791337722398396933952792225774576528337622343161 1
28851514125578926853249528294794 449892488
95735793694474183599167181192626178337427797691642135544821542127 1155288112917678325799611576396882414
173472138817253412553764236346265 595447774288612116837832136875187877137956264445516528817325592312842826734363
991857599533771866598419871712485454 767358686241882811845483627832183278313242453414737232311
5585914212639482386322325 37148961989196661143441418686126853233326452792468788127634249925538882
54153275768977 8811755694688872462889831227876185618675814273929146625142379729556722556394843227812744646
51963254484199432256867455414994 57495622973883851175596511145111893828451935617528563189691845767868153375376922842953328189712
2193567888699194968692594145777198429596554546669 91329914441452576139417361175222
9383775416549 77495519585775737813593158665983649328748543668587548864635632315
9584124255996 96991746589964196241
87374758594153757119572543397776766397476685746967447433541358648441213886692678297841351 63676635998478177346518134865144125118213341654548867188591
6738771348469392131378419868164532288125967685784539549835982633188359577726385114654112824858131162 98175798848845771946822264724151333178116721416196666439656425424411
9146244381416892459948861493164627945431989378836343 41768516895695982748999
95586323528189446714894985541 4613443578555896169221834835941363312589637536383189122514823
716233237462787652317862273685689863823 749124816378577298662911329911468295141918826717637874827539272516373974596672218216759286
317115457514859385675554963214342988485 579865438779937872348874823365354525496412191168242176143
973898919544613174718823646828428875138958124813612947449379 236872649382969795912879629726372871881427923822782
3298327385982464914642863599364552754613469335398245272239554653142 7852392848682764765658777982967514331754572654575458428247547712955391761246363882
4752269286 5641338279537853356198973
7732489287916574424827381846415347562495461786396928686449513616516 5274345847874323548369828393328242154291671363
2918353364863138976217284516567269175526431125678458894725313282992953879528796183495336 542499893891634362147314924136218279857
274661137224347353392153 65
5864862133782792299511676882857313122452 7329871349
8472162674518831969684953645313976236774831981267397237463233635489786715396 545167742373637723324915846843678253283412377276831238264869958226865435
595528199174242393544815314463527752188 2894559655127991863456759573736194818571811183412114776558161
5157227194221672154733521751583616164776327219722 8736333776516841313827493344476687676942226547662212365982188893
82895891517165141686976151351856823982968547624949846779913231263415356149792692776373873672 4362472298298415878771613521851341979562262436139868
322733924151922256149268856614837894889869392452116741557578729156142959577416329979314834737885 27857769887963366217459256
31742349265587723418727 565369267868174494115381661231291797212727731998972814654623411283762345655163
1638473979982961845316415286889132141589994285761359382751572386733649715847841269462 3974138784372169157121334817728766269656346318444948153119
187697433718241746736626155384146675512152949344578647 923414858711952867684893396632522713197864952353222
137643843915562455798131596892313559684313294788912 7476637291363423233982349549631887576
12647393169869438411653438346473495574 8489966219273817187455652858
6349972268838 84565143132337252484425387875775413
342958336 334599734595768463545987732324219438449266731476569863756734265522925372
533183997294513148147579323174632351887681386465521663176163646574256191481695176 52933421882935617551344726351
52 1534728535374355142741975332212378761154995846623537493713158896519264788871
9136519523129248618528332252555763847687 153481128383743619856786911944946998139
81378415362852687686876963831836961735899715325856719124884689694495668357645927115759321351 46343743376386495939422486813688251347568844993742556169262443469229577654924
775791435625918652438839772 761528491579625329881553649576213622963974765883382315945554114473239361265
6262727158988567236635862627757643945362374545565934137942369715 83973325224267168783781972582768863964592373579482969853
32851438999556172 47222443988611498379963885141156567782169555616654275532475992
6356995589834159267933335115622936363366913359398955274571157847837473179812392539391239779581 1872351913225854234263335415162687928516774536658288284572926198571257751766
23652767374363398937547713478894981744499467921979753756391359274423582833 1
946491942219523154212457838751641 6827368187163855355327262215258768764882755137544523418875966929496924
41525938779716386675118369944334543258343764452238217183936377357867327137963763876475441848 58844697966918597837429381683823926778342831948575538979316947186659567165156955545694155877669
389167461366621642 795381888746136468934395798721871218144783761143739186817822537645514139363
6996254971566465834516948725885611827328643443853765176588894146 66468931434124857831136629823515817325884
48823941312799816579733828845729633466 931476968192764725883987419382642824436641768194248938
6936354156691669444337154436769837777448136791424 8632
94448826664299745427425981155957 76554248781835897966814154647423518279655988511249859173123418438435
3943288543588593441725315138511857483961273218611313227833951284739595772417539184311392727159 9542332724191486248196865237214232215618337682438438
669962616976897335244543322494279418851722248156651394835642128963441726518835661 839647844429798192
672365437189669713465813 32449589314363732792338663915754648329832195321699
137943984268218962179313282378479939951153375577679279586697753754884 83427423841
264918591 47493595258619139356655663781587281459189945217369
78225968567111448268365294138468675151465832838928118831514615233252621874276264363376726289837 74993368799445726811974593749225396177596289661387176295199765358437137541824117949257
66412614189543241 9136355757273969396448225725872428397276379168355427775548381611577471856
594992849341949545153399485868893351469172895927684237617 77176753664651297994659355884619691984223734364562367862138256371318114937178854322
82272431928488611142323697654156171318777297 3
3442146634956488995321511445686466463571674894614323676614115862583279721 13893619336915289196715453937936472433522615532285411966548481468394978492314194867179228261382
6332534626699658766589817352887854432974973886787338172 4331587494758772862936461556614491161223436134361162789518762
435966968419534632918 2441974
333863453286557292387751761365324787579167146683467886393512628697 8611136548473358736538
2975856635752579141794289212349988238446141 1662346119824468
862879417361127243979576862667314611566571195667625541974752474136 692862674756252555656474678142995415314956447226939696291493658541862325347
367289743594489 53161641988447144511116485854719394357725723649692572813161399665143477858634793
37547985885918978354348595536616319515547227137287811282942284391181924275 362852969582176737617955164352883832194342794694494978779172567725139149
52176353583676516895796361864917666441242867975557453488614512326925278126687985292378661 5721993326569923846778193954369245184438548481
199641913 53858967616454294346576325199578
332871783389362679 36674377592636369821862865599733365474957631397812242585834695636986143
4272261978965815463636938137573113853783682615822489798645911381 7538333828359164654976249295915324617888484512832982336235641744241691817117468382397
338363682144523737831813553693233946992765 78945796658412956667
7949494134366492438812117519752689896425771441115437336111267543425966433415165444785565586124772435 246223365178185154856492915247921682599576569465752256924545
4996256198695474412347458475446239547597282362265461386159383376117694423 672656674944888657157594566278619639548756575178175478226575656484766726
45438549556814495769517175276958197572811658835638911217938 86674168572173554842774724481227144633889578469749666321299
459251 6415822118889623944987599124115557423822645525396873137881531147857881647265692391947
571572293 33256723475789148315492219327515855927241171168735118156156512924889277441295991323567467891
37644443741949962159899722923214355595348654144852114736145385817344761495746 257543345345468187576137595715254491821948145178711211177265728582859473213987685
74188358974571578995629357929 422218613138447284831332642255316959316241318873392665434726354913385518348888517537119722
9935192918623781872459764579729342732911159978462271843448885324844871545359 18988148476716574
615577399324641719242393643187562 69847
97663952472471537245792663828116764776161172985456478734424131434218923721844511888341985741714 35152
182195 86763245933196825699234748662844166999369119474232653184788621134175315532624542478347247292
948139616648471187123361 133875324118437447977517347648838594576
34775621936872212245443481352281797836234223379878719273741915482772651434 9791729351789254416437638425534265458685138
617941211 7145329595895623549657782659
47151139 47329624386785235793972675724393793112
457281484732725592743621632818698111778984516327251599972372814648154951424565331328652383112737 978327918126586311531915993935679961359545475528181486489224918696488557414719527786311
28 297876858275238649646443644775
386232554821812161429748737684319763313117599792697841651482254878775682782422882677346478542421192 35894247883433877781273667491396194351547417212664313498894689928932
24897536978358516763787946168428849322537935457672243153739194592484655733551633661799 556939921687548134531576628934154178392443
94392997942622 85132777345869439438386643774621793195243577452612172317183339578692547163919996325587
21938322577552944762749766879283738181 7414523497625869859283814737869546
72759265277767632285226456543556814576776463 12936396494771553854662149158739225267474482454342951726461963851184647388665839
38 48344957172843154757245587234996894
79523798712571622545932264135342855538179545821942452358973559771475549443 78
7376719329618242742646244522745429939719374538748898 81222745365769347553395782881399
1748524343524232299996795828 3623193923848763744715422586394665764919546885193257551684155239
6827 793577875491341249554213744353124834981911737263628668168772459768943785587358338139
6698917788916734214913895665197988296451376998729875344 85294144721675241272251843633786969189288335788728697222866355971493854214317751661983122543
8622988184835414292362778114746519219668162595928168168311882327628189413815464982676346258936 5157141518552136981936349714445316919367739564194
2516227343295514956742616287973179673537996551261795873748 671724112916258718844446479491934485215973599385755236117593383754
57868215976332 74188254313522963836824877673195292634217346224132273142619886683775826275
74224683553421687658514429185639845526564597994541542877415223163827988248287147132 81874672325278633667415248593373166338635663535891586963955862212319543447313582
1183295883115941328682429755113373628188184575332968469299775 829337965778112795413185271639325363987995467745651632886136639961115193561642526745642562
46243494589193296298299673679417117931136578697768864852744683286735365178787159594394751699161715 52774332537172843162784942366647741885398659658735399975862669772336
864473253171924937125619495683328982866526175 998781138788618354845534813159319566333591569256989526439813856
5493975279891954117952259952298381765693591367719216955 1877773492235421777987948854592934912695578968711126849613639572569359882353324852317592294
6358786572437347584382312269359585751845281421368 28239721498793512425491794855384213917119699695168153287591448371262371524918817627151
21959493483182529 32426751511922446545998348958145326
2659237382457661924516268788294325737169735915 487992671999959398413295994138886978415411679419215696357645964478353426
964888247621543974445 29517993657638249223851323186958181512535593823447569831468367266589488411427743214779
951278769946651365938712542781862551364982729593589292376781988838783 8
4167567519336329366882933867864579311148142455175856744827784 176599691965212259596178242699142588241685512165832555571357658
6368569545558224317257864227195352736956385526426128227886319711791638891215995518311 471923595947921493129295234378622372667374652754831823719
21768647 51577828165175734843783646886586141597813763848468976677643
64315622865485915111749843277687363556598941474853696752911459292239 5431776996661
8825543942371554651335855623832886239162818672617868644381642345623678972965659757892744992651397 862696865632843931788433682283382
787216286392893623526442341934496441689748644189496822879322262422427256 966721346
8258368817475642434756235723488264 817534381766654722548325293612443858219872932989472291812718838586991615
97931182597957888786427433 49816521656581973422153453949864681738977988
583691994147443119115617331897421965195521783482274128513982978121493349267355872799542811 121737987246153483179158374158853219317938474792619953134673367516775788
24718267742257148794244833489553879164966574239547333252 15572799288441594476323624935661347983385457
48545362152642717856856476642644833138967271723757283839514174121471286589318483152627937725 4577912256821375553343215425
293829337163723411658849995213334794348982383986966981895914594544417516195587694686293228581 529889914463594694528366839614154984813325292136821277669299751877557217
62163446287911728716258369166392257893781964538264864599943181 3941365326838611813525717171117411134326454674823546923592154785479768446828781
17182392712634977 992556332986595667517456128275834491859346296272487392966289745174618673297452795221417252815419
5258757326929115313746621589728576146846886474 212469342557698546295767639323857
5965786824696891486618721344429833923751276349119831239239443232252466725161 51153747582715435729843913875994845769649468671979441532133957394946561666858264285772
96534412165164 58543263657738258452
1935275324322686311999679612222696362754549646911441954637 436134765373324374633695866649
469 16826744653491946343349197115988
278971922618972477866287582391132144699424349985759885742838389927155468725824793688329 763562622687654754
96662482269619147432572215363828734883537353136522497544694337251 13917559637782962138894242365252474919918181423532766434156556966814754366235
5795871982818753472717727199792617526864483561657962913 6117
553231666185426672 5662571412364951287817
22148953473518411474494374446484496618624985548148744 85959674866194627443544834632695437719566268558537338573552112254693194562634987111355
5761181915488996254146423165332475142 741276631523866739798483376874427
65551178313641954864585134593824967271951595536215196366886531734726179 46475391
498936419599253356965898161936934635543348871687883642474853244195822739822172234577259 1723478841324264534599
21224327168272619216439459642798829439528187 6552164129228478121661881896468479459192875263679377495472
8569358224288318448138931342219686462739883352511564528 798929
14471351137739715283936983199484373399696562542175522143478155514 3274269177492354789351
5895557867811 3195423624163798527217372765865395153153
9864886454322382846225931256177267398 548279695961167
4871354452754632793634439563681724273727273954489427396759526742861763454653515662944 4855171312912964144627
15722537873677925327346662199131349 828261677313266134319687825947867228628
171396219137737252865161475183377294954946663812647935657942278864254161538177 895793493263886411156998521531714866182291224965116543364433859725117
2372662882558153196721481315427991921133646238655449895642212189731287 988253124147167579547252755297454819472167259628526966538668724653679763138548831881
2151783496133968599174194897439896479568377967919254547 12292235916
7226288752943522923191 574998129355293693296632555438624675231415699779512225729591644217324931737
85273 14563686252568532629733143547772743321193361589758243841413676
7918398354982225876157812759712911175368186825711283139165513582137359891832259937558141 14672362255572833678124511314345321996357395572379193811312336459347229645223244251
637665123128957912125316123354144156554284173958219711262262361519155188233465423313745725224531 438417764775756616483434727967995984498919733784322779832184723
574855388374957117454318332968961753388464481352574722192173613746215924959581188232288628989578388 3223913271134199963495412372587776269589432815211552841928123239713623
35544182479793414473249168525334364886479696597435192 58148222664781279945179882527626542693657542968854665478267663379
8169925684981852472824362464622353274351823487686317146869624757946548124798784151284454244 377884492189832482548248
584434683797999814561914646753691148141383343344227421453369625361577 71734515153712157927698573781168561445611855694439219264485135567558
99381138942887324696787783669741924 9396554946388599971814761212122157895514263867133728164468352743592473214791
249382394832432192878712485787773515381247694144972117856154983899845781614313812 78478358652766486326389399546143768189863124241651299915191271934538669192183454857761994
521 93528331818814949911275245165472584667816869758131734742581592478496
35716382379 66447
33181979864787512666852196381845465663985528239936163915234365342573485439687465812 948639921133259667742388631672255141898523677252217641396422563249117328141422
5189844736471239752521226914661122766388929822 682726673674427
76342442597219 3235589355355613597776441598427519
4531168869882165676813442658 742328653297813761589844345941661279233187626211988581239535621281988143261151186
719855569951971176792383731789456286168718733145 54374239914753343126776377325591625634315688765632844979832595866443896883287354518859
59766521 14893652344688754387387913215435612613714664229788886262138255116665183561215676932524466
443345295179923443974596156941916553156846883385237468821927496193542712446382333424247524824742763 6419
6428465 21347225868262975785941671292388826687416213629463482889478173
8 79122652756451796568892
28771544564968878614474781722719553781251396618485443964583642788545446313989275823722 661368241923116129433867989316128461
18691783285246536691127375595548928885387169688134 2736336392195899681435737987255178456762139735399948647176951454643663977719722727533748
35231178599883193285996196349695 573433223441354279347692518378952354913522347775782115361168635862795346592
72951 788124795134198274845211231437253649592215972795616965716758824915198189192727113
8413739324288647683427 341272239415261941771889784423999245126288893385361184878124
7 913263853588622639341218373648838668246277568763925549434295753495597
8811777652144897612594928131871796881617844639194812391846968758 716566
67165147427543948414416591565946314398489866986535545942414 23149654949114218737173888489886362951436353593163386453489294341729989315117372897498
9246797234122811865166689739622832774846195192525795788179 1146534131139992239356837198756678171377725531478924933548718652722
66318574519457298355961784711539414129744987622999988298383351848269898387721 447111873895458548419238273799525686839163859158296
985212656877 17518294753435882878966793688824467884819483526882151685489674788
3339424685931414945851154557696981513196435565629713752825458315826929215725519728875523649124269 784469721357164957517666316683847967754511183254196346466211135354529787631849362372349819924456479
967131312575481187363513352 32113125922391389137821735583793634362253417493497242286853676454683214529911882729966944532
386455997852157141226989138419763682432252556415171922643831949842472681224587353482493 447899277544328823884616
526397445221469643 967778251
6854569394151882659197125627873355934415262685927699316787961 9998359148159256371734493537555518916573817
3268429824959653652945467192967815918579 131435362245442199553584735664632243742577226851169699754154391252965161196594651311
3716438784475355841214343461755286645883316311618291139119732752975982256931993312873574897 68253639642619125315931859945572698789547158
53787784899833548111525426 9162724961146389288578368285846993939442699426516284423681457984498
174227782561436822328527281437223538254319692553231448832317389562622292233154264658561722 56433186952834137261534878266633837215966875
5632295942641339822458741819867877542935641179364249893665391435 689669
37 437599946536714663839491293324571329813263387543748336863
574631388 12366294416496621557
1732522537942933875541931485732561678 65358
76393682468424623156211713182597616348462 9753619437
129685291344 8782369288929279246492127923364768941364789784716
2425891966883119899518242649716798664668738 11649897866143121
85236618966318616174643526372678647178484734657642737865381335 843585128535989214867461276143816376724433879957789623213356954397166472767343896542352879956837
1755345387466616362658657153323183573564438747661742158195391 4339323611322554777674955368694388753857872442155713777
8168 8983675546482374782318322
28417359533739624598558641 8822551482523764833419812584348578627
1185532466744163955965878478 48719183586971132617961159352616279917859948217439742278361636529583325599143368211792
263782314792214852196828614174214618249585247133629759215 9381793416356492377397516398569153999839944356924
87712443392 4781175473157215423746652197413
986617163477981432786367388267518537812436281186897457798247196784212995642864 35384329312237354935355224
46646169263443469861644336116597631136227433279916623893961 556877596695196
8533143788159563817554998536619575392418186688869583916397571935787256 1388972222233
149239617663875 1636
66992298932121429413176924111274461299797539189168512887561746832563924449983717718643964378849488 1621292544297975121724692789631137476837557
949949742559177912772577978126897295747692963961177761631765949229769184416944978458952868 9719111334
737998214492312945542562956464553466987914522896273951 1189421918766284277611976475916982918427323155619497451
27371793366369139252871768894948283447757446928877152724242235341979937234891 53769372177945943131833689664217342864153655728642822223849393187689944611314823135518
1925364818465756261186481415888342123346592233271256389242836837173251432198435732 894265234249355691461546133139327725365244881721546645499854753971588367414
39 595118786876698595976759528645822127527144673584955899153923196497326552565913822637932621852
65938773543558862887372946385226256398493836 8544471629351181818368618167294251349819149722992935637927939474885668561129935
215216192142141291979635246479836496778975148334452186 1847966134656944478999969527367219255376714614215295548
2 55381898587135528115838944151544359982967166582554669613392214544875789
4746182165438732438138435373291811511119695831539 5344995627291813842154283274973193454395158566476714395289239736717915477418196695867988784676167
57538914862434559191891962539294681878269872365316696674923519865172991822515869737235641 943696711324626781663754272422711333637952291759629852141115285423966822226
1998398237888216343518536554394995742368149169349266447737769275632438891266423 54777819594963
85595132879367541763455254459512318872273652421267796298494243 234499919739318956172134577221259649664496224122378394628687119561721522
5945124844486128564678725535425649734136166991632874385319487888498639365167514326559728 85285925862444997834119669751572947
969868929955488532 312976235394385765869561594882383687612721991
64516222327388388345927599862572424 882121815954217976362288861159913955368133785415829518877482499133745
8371133127332586128489 852335865476564
821673935747773685132177866518943324195613447431451824694 552161332137428938924425839816625343189148365815816643239129181371515582
898276671755959745596387118432472262467523364872569772119531324998866648474696644 43518366463214152487486288631837372553567488732789721431916674383885185613284195934168289884554
776836188469636462889527797958464943831979696279447541838565693933699132573 15644789378333485628376277772211472232821382265696428177467987197789593262954
392512821434963512329889761183165774924437295941339156756315 96178297535338173488171998188185351626194256717489978977349517119118726893383458353819578724
379731861763572123181381873367745393937369495273223 727852476862376243332283182239916859349154825626126223361628933377129713253689543831
48245546144493929681233471474948415733314276393314461782489133392895487998445 34669677127
168117514849551 8681522856238673297399799443168536825583912547619714422757
9532617441618225333634341 937546597266391597866836838866271146866228863787756744639971
3368871 8963584383477135497732583717677351541313674
996165676838861565235123535913732 42324946298896661952626889772649725749741538683266628976622218954275687773422
918716411118416848943235955148157568397469 72634219757683518657139
2141678322615271462936915512671125981529636884844987263143316544 8782543293871538795713187756695294962745556595912282462847888951852
771136652787261286582267793 33914871817639664666197214
88583316983935347834589189553795175865689357924139864956897727816232769645433874241774775 597369184437535839191966258962847143869685
37176555338288926898422859142999178726655852835 3551997829745824452383539611577615321578667345454557339113898345751529185538233513544823273
753186957139856665452876697112169751231833141255924127578329513191211271173213925712162967 4321617573623697944241942884315761427525
6762368453887935124249457185464752254273822 9517433164628121888426172515822114217174142114242429652521469374848898745274348199349597
27373785 274191175952758325238469
873663548282294371923675745512749637141936 363341145174981379546857733112159919664829629868431791483912846252163577
162369428978699785313821411969815384316383663314998743186395346 4299339666336
123864156723917969651642611 12288581436835469632335369782835588979643163327966447935114229151779
4832428257558573691453747937856927715252987266836462458213419276381737194693 5918944669557247427454784919548838832233249961717293577739961511597558356156497119648769897152456198
5516498981256345743283191355768 3752973295452111298371282312821129457349
2143185899115266835281361433856595442192443239538823969473832712839745639882128874694675 8918795954561366641191166517625483414446665225981587523495138567
2266758774887781895288885294556758162851295781653479478344771828717531172191232185557798 8784913947488415743557994199662326219292455111135772143375592691651
887882562419396634336887635645872767142413316518293423217518772346361623655833744861 31687546658423265
61455522211696893388527846631815368362569 484388688287721565922636258357966942456953562466691945133599672647835634835
21788181497759781435841792526916515229569529156415221325327783153168442167589444744376695 668915892178636
26512971735759373334622876899 283431377775234847558316856947795
39114982624723652989922168928516641354361842852688442713 596127728355851865795118499995837776771575145374838969189848622547367589984
63599713647531922621975911419547466276353782588521259436847186813772661279574191946671189298697869 5656868657559214268365177923285743439579211117234342
5584955635459275684697741293154883319747496336913297194719 19181571563995338339562384664851547885586497233929174921443488384
9554269592223973827533229481766337464817876917497251593174465325 73795699324921899294929254275892548166989577689
5353553445 6698672574821657435843463792528685497621415299452334
2636915256738842349217814775586379976139244151593923585728471845498575926958943578537 677497998
77514299831151969631377273823234523387699811481558569623 52534365246266586238327724986239637741525222557453422964999392297439963374553456641468184842992795
984875165117277242779175187761457124318385931364671478832291883746471641458765127621181 7222913745869723322384593114
629 7967372579645567149244664939654785794445411126184389281635943778381344713273231449158698
571495215673482617767975443523351138632991477785761446947751 93823641578644668588643136232646794276959116932389142643756
51219445434131893388763473237171534167146918156295669163738848632539425235533212527881 76841512591921114236428935688539916126247477276794583631337854781861725
1813952215511 38586423138312747529673946458128185548358258354454628
316269812556836636167673661511 2191228587717593439693274221968512353643543917581236477712577934146464461734655798765898244992
8 254167367976439855236167977165254211334391473372221988368512599991224469356672516649335548
698434789 691191431679927784417896163652838444866122446367795785593514716696343247846
1316143812277964959317585428235227685486667529482874997831387151146684459888578928867469867961 74355315734339943925553968811214754573934861314867668741938889999841472941
5262257434248654241629228235867874459461836 35321394975665991182713
345659436333892979976759538319849152946825487758724488784379394776181382881 26585493521519282837269396296965
2675756643369881342259389538722944665267225294241533299255 22746318447325462918326812454888153215534
316942951882892862114864716539324272 25422776697795989139486189619638723451954326214699471118422196214276952274692553622745997
9356766336568841192138395346368668512251375723174253159136811991111856232 25837866665669387863861494666322524727684935733712429794438123894165866599291268728951675723317652
5157978922352498814 555149
6789178643185559733228166883426184511188931573792478 3923736126152929362621676492775439349563299844913362297277592
52244136937267373234465979782889866 3162112232
95779773738859495937497684739875551239827394274134374983153958294433 45156584836814169798892715572265858947234787399689534873426659296163421721973583456729
521429959459357847686952938321653725189793629746217341 788322526911563361528786345735
221121896451776259915576641787988391696846244283217673792564592649133684929411497325 39476441189799724483117124746768178713516
12637622747561545429954332775197481149978958448713533877 31622867241145386534373174285474969111926554449443651953886757
4388398 21959564773878778996247769711258458483741535193267252484685263727765997622
9534259658357741683825 692854658544916263234876641165716854313364112564496199
495545665445689855472343851745 922668453819862274624564734247842961461911677689378
4781684199942362588841869765836655988549767765211975594692447455816318436772514276 663351332238343834813728679136439577593156566873922
14131599134678112965 612863166836193958897124249739623382219226176
127968566758643313773251328928282747182828484123292195886983839915324134575222822199994525571395541 286832389522479131963573555822949694563
87882664941992374712599131242787421932973685586624651294266731 31134592792266389653
68484291688619945939872769478738448764899821415459589265236573172754 2461137627236696342313881199661914763141235363476811695878972956318741986
612592217433121923787327417 833293239389188312733349598322758895236631442737828116776258827174526
1617278335517572638514535447179891219125253514476492493561638586396569 294612754611665367128
9248248884287161911659656765121441648725 6522649153738523738216599821366684466313999479424938271359228881787227825938828368147237
418149252296125396837944198989399557814991673242281922624164979758866399967433124484672711692734652 8127979758537993984318786432617244817258965
9479728461471847132775717453364831421818852534871955319842749643728782681263 838238737253649779157456447
1842514436456944747381611725345142313834579756 26951132186148633921998345656169932116387897634226369415966694765287877972564812688319399
17822879475178883922419388576136791968521658 68958655941181177753349186471265613619
212166192228134795714369236799587391634927945719419465625312472461485754699664642635614915 38
427867729962746259979328594997347755314779594941698978814254997 977252425769121174122639488886278772473242767654425915678521298336689491553347
4618971327348611848765475165621714595416415616894564365981323937549789848557997 37948577916196275259983394195834267376259934169362892322237538363424234315693328836215
577792216688885321536687437734259878911548679744727453832238236853257519 7663891881572735691621417328793929384789442149526984
26982 2298379158498414692424692593298182624356672119146734
62493842294826528939298978863825467 552324248279752366461819217283536384555394587
14326262988913969716858793989635789587147933477268175161549982743981334197 6335641257367511537924437375512557637724515989386239767257849831479618
83176261253684622199451 16882121759717148979998835671258191658381
8658227965411393626843781129676993242168565572317985568879 584284492613665743864
2154315314524433946359732825562878253571871369772 46166694391237214311164859633624725283694658553884991431852793965
2621124136217377912 4417911967247427536488911916495291154743136
9714128815798956792779599537569881481261953649655234699114431214 5256476482961598153636569687217
11571971436599994266926419715624275134684814512746754341952855679583981596736372394 85355686443966376239783751165182685675554179
5583254786218923893233 358492684189986428536764929761387242187675
2867452451335379136556621221445163483956755967 94736545332699818163628882162192
64145493556447977 244
446979983751775425344279523643665133169611441597815688156696697533845392758653828183584 2199463619312864755524348973276352396698974265527431417135487595886453783861753157564141
897853624428556739727269565783967782673595395 74451146518794197679622337613724734446456669885677381514935531377143623241853491
9353588728728373 841328473244799731264295464369351547985352464241327675734156
5142718523687219362731699345737 562969585389293582253261127925173943442836
9519987875286527488994461271618611422323252833112347134823169128964668294797789922762 4995574983953138249351157728143862141284264766314612834397917874262515265979687758249181443
338927688522581419542471474284844967991892752527617521 339377229912297343247
8625844311853633727712523212482467 963476
52313946282769291689747982554791652 22183142311524355167477532346241616433187672534118849217467965976125853563
51488311186931923295865627513244752371876126663 558572958337134686998597592551917372557292343824734931249746648621651711925197668876351335296
622164869643746352331432472812739782253139457379495738764853 49676974953129977447453183628989683349327969641611733656864753423859456154924487131222645732872
8665361866298158767152338155333176495173518373631391295365 4783259676586245767756912332125463876477914193419459338796286245469928821964
85985586574539653214462674571118 23162335441633652539338777378315786165785137196399495496942739
3937762634975641133927373826797584498212451431269341758776519831471136528227518883573458 131235171616962191315244649923453912493167415449474
854528741433432619879428854265719657123779489577332953545891639356382232665987142323964624535714757 36187154874853987511987429642962572126675
68959561124344 361168834719198855
19221483841995276552365833471868867288658864927215549 7847479644736123559726618822671633679964
434252259855142561 6379863983627697491914756348544575314332961443778924
1329368879944692745127248811213722934521474746361 79792992721211729373472522978962331445856213245991786145682663627841834587756298424389
3253388443761954171626 59319519779471779758979624424881742329197
4778254158523651312222647 48649425144753467416825546616342863395643
46876126925248291948852555238185736547142964357462263653429661948541376513986517483276339848558 45472413418781251828125365688794
7585572465512545174565538474546134535973492325369219 2852817785213532691392489415135646561615841183682945136937563337523468374
8414238785175952839796341672477328644174416779 82243899313232892572896237951728171675833715
32991435561791465426816845762588311143125535884525123341838 73576481877714657328529668972245893
619566148926786384335275188128721772437767225435991444312777 538736386963948849963181423442651752
66347156556845293282951698463736472765586948616642294425799594377452931466991196 8222655335295646568789297937247238
961697916532963741888994242964616574648699947671578566954878 14937385188394756744382943839724164453633364644576
8963421557128924443535762482469699837884925759732246914 34938338533721384669249798971567873172842635182
976933366496462182224335998237376639663171352586554928223 425446221977679244712695731
394476966318144351123624618246432121829466336167676144675578354868426895459377632682151716722957 585275838181449951653213897
24859649137221247362454258973188 94121847934656456147325976541378142572479616812173216311114695373
384333125441632222248313436578853223 24568436243817995896428238739853381541522487
6263929287287349 8745944
2518371357727551433115385483785762719856 53295589181293737619729826
81982473933553 8179955519714667818858733141592472446918388
8632576174981974676654446961465575576183613591927521578611266583892995696179668511922813952716281912 385857534412319742354953625265193153526752181926762581364323387896344293635263
18776382695188551652192952 6757395214496
6669518584836 911865538531889228267182437694145263611566435623886913663281137482811489682139185466294338564
32242137124945239447758141479671916429114747428534856 1915342758561749443192849572836988923862661861571814881734
2735419494846211778788697741861462335773533913638516598782239262596332462 523211619624449615738853724557725347611789394843177841641558773952795
9767292839362735348572481869829365351815316349831939426582911835116899565321153169758642977231834 9371754863757688339569499452195365322198
86294159635839642224629913638237926598894938274575915681578225748291226136126965354891718373 26687395999192968159194257992586164814526335591825534686681185788657373494476
4619566185452785365895188442332954941119189465541828651196926361751893722469163875922988323795649366 89751641359758639776361885538915141915415412323513479862413298477179125
54447848647534431617772221629949852463852331354 36525283779533588819196837958986685738885773495997187513832984377168457
4178637222212817919392839952691488884754874178 8947559587396395138887
5842651255547898512586 21395386516895754768233373574317736419467533664975967
41435675996962823469351171213918488178255265688 524985652166956421126112443938377499978148114446816371397
892244351955976111589745615969893483134711761756423292711117674992721695757317661793743899 365
811735343113238679713392799517919896274954576544779299857482429313315385 367946666164348672958346884229284127755719248734837415858529335184148547363144
362451356826235143964884937731184782478 383153998461518
76691587172518766633322443347289242917398359949562841895277293119389512411351156393 554932788629779618325535799564633572986118153651
1945 5481565128812746838657786667952673324131667357957716211317565937386985714215499613518235
93763157414965616825192271234262121282881288386716663132 931432786713872239657
953318331873759791351452564716312147544432112332 7937733182991432591697541112998518425496555973387799823712346515769185738872172551538
4421994679743224965935276296281222446465271528779156394252688 8545665542616618191936234466129934182746577823288884579
29168474789955495482646489 8953218442258784499456365591897147653424862484138164624333917466513841
135649486672643672723582267878968348123281215265689454786752 113682116451854226345758723966463884437
6529856936299668966976619351 32327323234437567887337159925133492516389892287796
613887756276521482257541263533551267777531897167455 1117781
96655863788231376926789131663568886585334973148281786549842 56438959973735129337744267656222637255441435724666915444971144576
7283554192447726888 5854598795866377676574845867855718235231621
235323345811987911477968722382254159299683 384638652996329343563165786823795855381944657384286991574283445486275395
282265818312642857589966228551419626645578563896146 44145612
27891884268951935999566968831895287519676657 23892261183179125889695465881773746657343431566583659256169359212842813953619119
86394916346816896739139564337868941395736253396375553168 733592381127957968368664498587283253138771879685295697213874728671558347
29112987838129863699565663819786642297458778572147696295842546451519723439171142279915 83324898919711173815962958236682868115611316671754237324985391162883242377
613123914256433329762 126
8496374199843949395168759139738383194393476494437374797425915457538914398946423 515959212751868451328533272312932384831145643994254813947197916987711974891734898713171
68553761845537588697477793262521841291895769435669765286631989441998244 45698281931421681139874452917974963875
48259158765642851545825326928 186597697522971899172649746415917239317915223833159682451337173916896936186518425355133
4533917636365672858429571291682974689477346884698289196824938834815431634156996295722579484755328384 365476473529398386253771433937435419319341265619
3213342827742967167118837784597877156482256784323891276634516546366918 42587112825744189437499877743237362422126757146318581967579951859961971481945373633228413611656897
3483284768 35342246498818117322457241686972794824825429788539187148234979582625
6149535398513792616144779861714434453447521214736297516685397871431237542943786821161832466591 8922539982421
89451355865522396555913 881964994
343648753641559972959543654981132162853483729882243647364155942196775888 57654377932472715935838912349184352336543367142529372935659394
7989719943519996598265743655938699461874 47922593331396982487694659267313366111535864287625366852221587249
3368444374135686295572819 185669825514
918438878727578388724227235411371869963 2387636526943546627163985995367532793891172947828354961
561338815478518542466251959316241755769736616155873965898131223114169614947788353677177 661189128468191426582528752661656838295219355
96831669165434998716371644435 8296753269464557637144924164623656292359819287894681314881857794752696
325746195213861127333972529365454542339659268761 652565298199425187846537818989315579777133854877245834175153619373628
736483183624778847574236384 4767377479526414412737391848592
8569776877836988968518529668542568826514286641279416769764159877855881384271392751571971 27677641478137287265255811123162488235422172
662182485434222626974429859 357883147314952643997119944762314127292813711799853631982247171983353857543495
8497664229143548595528711323417553133863483753335461739655288127599652334246978853785724 3281631296572444847753287716898327139632379551723827548497422762758653
49752138975897361274424324686734785642476189756644332956762877957214363487 6846633997657564547843715264314321354689971685
335812957622526669745642368693368375495646564513181813884863224253579835 137843463339892785452413258963375495972582366985781415446675942396219
7922452584687647783112 75
4241352697887262182749196 44825192496745512752595928565366669963515649585273647627256642685991672617489589762
15559863856142314849311472472611863625335 7772479362238184181134138639162454637894465113245531725525339477761
4485216446666147183113516773766614171297754433588734737887455748216933346432915 896672666587212684
4724273778511791853761847843394451438923991823353772656426627639713174847428883977163934881 53185591795465979289432824788696863343648773182837361794633188375457
747971847335688522979563343476915726485217956155227725758719425496264764 3289747234614286429763738735683499831488744899873
1372415539125913656314341778174824825 88487458523246178686716954964516954615471265697188448554762897657657884634595732394342752
192497982458835146336435711616824472358194562781779536187547119949241 6228419314145271159444447
6859319435523392622493295327681225664137132233445549 714463282839145425551792792128311592327345876379312989
876546713477489434817949718176733589273363165163324 25152956651175395291237347992461463392785188739546732458687194729686277357529399649872543
644418939929269888118936 5362858486973778568147639622566525794899572392529217443638669418916181248372485482568519627
2699737195255811385575399832783669846717342195113732438258432379 3485777919917
756376155861694128184949115411397364288386247571379 529838943125733746358173658161218841889957966
958713457692351415984431261446521835959375777597965531525752437327675563646626426987 26922382381525758649414689811535813952976141576515342311569963283347125
344844521946478672713623344584596972855534719769382871513233497247362792473152613721626355162239656 86944645363113464194172985847188612489635882117783416579616685675159422296558591581579323162231913
99481887614277524753289123454531651243927929 85822756497241196397644799569516496745774531963827
165438113442362979163697774633696615671468575 487281677955974729627768712365595518558243581135463915295281628251763765896662963196791356315148393
4416767364739868114338886847449721818139367785258176889956546537 6351137469
9215637856145759635451413177674125173735542689399778947973547393937941345997446638 8241829558649759463218224376285378647758981385
8213767241826844792746614756767422998321633969988515461816789939 8851612985932431484357
6745352183917933639 995237179
9312287678785726288952729964957948626823929 165881879178212762623287375285194939581347696958578
7682652737824591237537498828933125725486996279654384833219518 4712685635589376537
73717716314346782556648496525566395688323768998114466225745893989488785293961386498922 75284862975126631139725972372463814518863568591344653719
6215 375472991752224274465857236237499179239933933614445587251847576166134164
696741222365331231623637456212935451375318581712652991621559153299952 35215551634158627264382237332635733874212277693676112638
5694 21
9599848864326547121835321269534146768824315491515558885425265911218411448955143716439 723811647618879726115783866339941773554397539512148233787169
64258836653723553813685417218355135751353738653583 2164842746797443257172554575421163488743479825
2229595274968575421828682129811615252788833931629952179616413657766169789176958143116395523668218127 11166319
12783744482651623428929753953366847352676519736745 5878461113
76182399172485887131273471627587528422115351922581376843295165638175557356569923144527567569 4811655419148367489475134228683117447362281437472916143585821443286723733334627897742638763236366
4135682822117267663927537984487293567755995998218235453212191928541 69952952555753554691265112165757136341147897223282141718884244854213855662463417818281354785356428
87565418361675458697351573333238442253997987585695629148815615 8517197353862586838945921834781753734417114667899117691114521922725389961636
551136547771585445812435458912822983766987481224888728552276476424 925526941437118369813516795965268
184236752549698955147624153593451218 58
35643715743982338948326372665964414994858654459385668247683446277 53746858653561539535837156394826189911689929534299527693912671359671262614796247468641783
326162291363372756521948781316326891331813167523879518 226426941
1753614323646988943437631116886142698714444147622288284975671782746913145488618987534 546176254369231196791489712654319478816196513673543743164744215866835565384934326791263769522315919
65191 9697421132813531655142811851343891562523794896656518
19613797 5398326815787713
14244939751 5181739933492153924446477212488132967874581148647441992676133332163685914352499254557253125239575
6236524415484253527462781138766264185842 8592331253845584677493844829425923944862427769347946588385626727841242674697114963333986
165252761917364471981828543986465896611639 266967679
5187474939654443621579552894357485914649984894346135394 314
73752967597938226532282136541765622692979445731285657292422272675914531 221645548265236133489168384263851169411223157171141391393692
98654687457444733758791489414 152249496119968474733463542463
912 65656193688899763696649596118634649
62518712739369968271646363798221 395755756256928778649958742776879779322453967383497523857477433533224637359951727469868648439865
5122624855468268326915383439452291146723 6518198277369475587851433445746984
49316434623327636276465794984792823353591668964336314693562343473683571535612 225785244979811638949815588455741676487442424
33448161756214992433562995 6772919152194545439991357787815994545955156641545995
68713749788184646787861839532593915541997681876334948783217419355716 5664453694586123726371397456997199591791113979522623384457893376176953785331412991949831671434
176622 119187168525368533781691633514195948851288921773897934641731631327391721644653419329491941
42687138797691613421854177945397286575489887245177738558882877 3576415786168567995368678831994944541945158688
5287449495 557375917373343916254599976796798
3633756668734984161764366797759621 2592863295763697216222522774424153584688192386538548514
749458554373417177135794384514239 5413733588
73475873687148678331989261923645472723 56397554886628247111255591952595359597183282833159667817196836444125168184588272948581216168466
34358875415257444918263673393937962637524875328469147696274461865373296113243659266859563163838253 823632845188424239741879698266478637695624279814189273683622348589963879312353329896939734712177773
97224858427229255644677874788277764 64888855493924924138338361427568583988281687794779832576574626747283571326374375571843246998417299
1299649331731934822599717373142 53887136516523612291353761953226871142276298949219698897186969135626
315745282113469169276423492465683943492486225866213 947377998949478161143353186311919336839732392394257367897972845467633515848696427687795853233875424
2651387131882738373117161735512941345287463 1475454241118836455464499944814958944275347714631784
1439772657464491396669548186511687339245791393 24958652769661712953225858312989298837
138877148949321198447656442879138519464762846887679979293449596694 3927277897861477923359124564523615619266972325259727193277116634224919226149178
89527966659353842797811375434124215934622 8777312255779884278648348722276415714585447966532
9323558234146622278276626654846636751615615732754 75527258536967334472866694134194563489723745122849784
281962494964373326997748128785915657 551299771158191718426626839553568912648561353497245268656
91651921274493757255327567373725985184521 7547638294148725268913571219185594494786877846493791892534955299916748763772712717827
527212339556111463514739 8387962129137815595262944372474529237694118698512975655713112636176775885233185385772434634466945
254619577519768253654137496515367818319 893213883355725985574638441441448485352899735
849869821947934729451741639235343971827492414129123187725965778726881773 384498791716355
369915125 7127784888164472276471967625526581963155235971433177436774892191883418866522
3513512617425589418425163919 66484583331226631255318451941297872765536917448715941677814367398299764756
47697729426225792254716819126484858526384646538767462915875718319692926348482652187728414641 292353789644252126852187545763452237582561973158287396148126649734
1638553485433146481723351945855181212848211491545982791 4436284212832266912497943496198745297429944139211844438952249123125
16245557482797892187567972317421298976554488987947974736592686191654751247893791365185121623786167 4526612
21734493639629614772933996621432967416781579571528784736688955392 84175986715862356934652278886585376266452
54842391788821548197747838788447665 751927341949
1998792132288482892212796696622883388275 592575388692184453683981347523433383333956822246293529878476649923
2141351996762639188166156478769378193359723276947575435439377243543291538747796758917997617492 826444497237
89584185198794864122717618317692441274695858423782684568357 18512944
947939368532897534948126159 8661378469452628843228483762375114671876579124676422939345286265963961528383675147587988549333
7436122744874531546722694828232876257543425913932529842899364615149795226233456458733559 25977311664847936742181767891651646894471
744973986865734875375733256274768193266111168937313929582 85117651279573
87956676478122732381696421713428637274824937333494129691292916933321248338115482 56127552891942681936838327232187633375172522214859719945557132486727
55316856163 721523146546983716223652274929416235466694316944551993429837415836958433961381394949374565751417394
89495199663 6455975294879742611447568742547231563978996185912848926
29151881448936472125837784478273522727466351278973984447974492447989 8584312719929469688922638287992197569292464871477456283144853723184
6223847413767834111357311219842766842668798875825653689 75285982498338357695717645862497715262965719717215411
385654533549497554519626633146853895538976961536353998632 25445612574151352285646493221843326619652631275895278736772793754629281224848554561
64446144842647589268848465569439877495819585437846333369475382851593857452187714771387122 16314268294543174198495326762367684626119945
768921665835851681379 363
3892689894398881939947527897123947196532868365693275677324236712485934285929363737257367849771537735 97971537726515263364279656692746154527143225866982859418335449419683766155799219389595431947883836
65789832248232132983952945667651368124592711759 79859444616462532697145288529285843466979484724241932231895546134787533733
44225499792257674524192516478474686498491171931456228776835128995894186565346354346621476847883539 8939628183732746163631894442568313276944678
484 93866479571369224334713269653353471
35113438778137899736679321677928 638557986948121871688257646584998277874639251369516517531857917418197881377413556881371611366
82485984716457969576113164932142247498734 535935181781894716643116746539173941395816976687714755149338336979168228945394548277694824336272
4586467323266524887949177795142 64617296371567991361886361282398837114558413793851452629181951522521
975418394772485866776525339818399719 5138563761358622865259
151257552538876991149129231176549883677752347633154223595936969 87333859228831298392726541123257815169569
386796 985771924549755
238863447824373 9799925
236648739667 61845967696186968768211515
828191748818 342294726795719437784999331972363991732255845837861827314
4396627175155422879273317 256364936636575694825465641594698
71741918688 7844927999751586977841954636875769852441549678279468466619971316416567254227371596815162559223612867
34731314761334631 228617149735654236113929845997494
24597232892451763258662535352292641952691583916592687 31922831271567235861412513943359367751194128555237168325741235
6564834431585123924752129871893 811329592357197188718515812973884421624482412793895927626611296849461129782
85813484952962293194857756358988538253342275657142885733125316821944 82551641645826682427728775635626325749655716571994299464859481465488589755762538
63631342987318428531212288384862247663171523884166667752775893 1379987488796641472717827837886865958226359894279772527513938833381649647241371635818596253227297444
7549493225639584684886811286622816385 2728382672636918
445231383782886772545176455677861731847567849711381547362435415215718223128743978952698 85599774877452313735594175442151296979559528756531745617989147243755274713839158629371379122569
3771822987686696419 9217818691473
11322645589576343255485515782736451992687841992567893279348225681669366815729573944319367 5847727139667856155596887833414198189953719141319267
1421978198848749 75294244931535713256494727353265218817969239699795733298555572318653958546638
192657571418547382167727873135276838256157 64554
5417668572418562983711661693749837792134412686482658143532342553669897336286 683815921856356346589842572692812412359548
21456827438893346495675786944434194134835558771669186 78358311968861649199787177157644936964955399248182924827
49577614328526825219417766423877958999125774824982222616781 926346892558786485
94 581658637815654847683533196895214731465314131342639795497521798841394
149266753882834499552729753976588 4141788535874856688612583342526425215372186342
44723326974642757225496389238461956415732441617 3987646393174685663421144445398445393916958373
34593213763258135548835145485782112625 75998772698685661963237638211268929799219981457236129422862785218881517743
49528895139697777914364632753746791891331645327756172158494781466683492747799464621 845353843455168387694861563262917565867774577661346969465444932124969799859818912372936931
154612833867131253327554731957819168225799733752 5871855371416344484
114843554161912924918862174712291951922919219874429498549889 76434819111688987863414
91312363333285865151892827183422567 468767268191247213869861365231359998313668175543968565317
5975154377381246988494433 962876518876
53582828932593939313642885861813661259258927446852615418935789933171831434951 518742866742375286219981134291353394133977854245283
964447635774811176892331743475765334242849 9952974363642274441842117131147
1335998368946723187572 63111986471354363649
11453852514874 176328775568137978396952384782369319541288334758884
61534651129497448233882231197266972747184716717774535878734714543669731318886738941455 53421678937733575
9898853619532523653797238634142819 13222993542484442955483953358748541224397152454
73638322165453188612636516473355413725994527261389343788249 88519969156487351864976868418673345424564835875673778564376214973677479415888354698
455669575474355783852297752149443887894389358172699296161698232899613928813292 91639653256317639411422243626325718934118921411471697284369
1369713456361492546473227661 67
17399756547732668248152483146637243187463134547452599593 658991447967328369962157944594598267257865343326813948357713947382384245944661844674626683345219
31557475217476133 59563917651436447
4787184839388265338259968958355764796681398421639631117459394715146755839892649425971929297458 8358676846424397253234575967
313626285479518986984844848491593234936344574937558572255763937435186978966 687793275568161367814565832384586516838726656462633871414716329647845
4627974699 7217757291673543522853627317779
6663191434863853868668783235758885297 9898885114864368979134855689765398125337216698552448334763261823589883626777415
98434891567 7647917723993416817672879944553381165146388245521923843358759577992714829339145386553414
39919368424688746149458372349552357523461382659196977751317185775417791453986932187245211 54995428716371986483621985337473535795817825665296471432541693834961451684346773264518763971
9113255475461539817198555599865413277736793296832974274754116543233 883758255831238665347774196579388792125
513257125718768352984868481623348621584574614529551818323521723931895 699794792647169421191963671699822625665481981116464296826412733833496
39253659415967914258 8648773113399486389238592
85161542552571129717148648976118954239197339314112125731115994145587981349131522 321775288772684287
992314135997624787888583521623 94723324194787243179321728168926
645594373631624862193774864855471517872999952196658132377446762518683 9675897158237222362158811822627422771566555949857448369146159925512238384467468376887112346
35975494833757441858141932877473548782953613 29668114177815482359331135198647152833426476179356177484816966917226857952826744168393194
92281171764227781893478814699534644724894462396334721463527438119617 21479248
26813393146514762363313488575849659525583828172643868116895263942448 5297729272293688956376952824683631956738658678167
85777447993898957974521226689223133516776551937464 28854866989835268654441552187173937394399779131711743949956224372824722585243
745271817537625295198681855374133 22754271694171831787832156211238772978767985745598967348799324192894871
64439239424859347566485646713967679745722272159684226124473263525327979459219116451795769727716 666944663724522196812494722799769481895196316554799495471226771958335519621345263428
2347612236994636986873344252691851632653932887561611121876312 3537288665746196673266891251197113925248235711424488256696587618289
4243397342111491954453545343168533556973582323 41535
69427989823713725897217115 58999379871422423517769364273337756341
9978362719125942311397686149953269861449825323938656777483359232415218913671248618922656947316 67815279928221668586693777966128347575967347899878991352814623151263738316744961924352583
3266241457496636965319397791486 5747526736569278562318873752713536433287865176494639256422668677
8522241589272684171487678911557615343335194662514456228932143276555973928559978 38866951226943656389215636224748654986566
7722698846121132355319232 6595855473455345532338274739118192743825
621332465974126837856195334755864218657 528
725744 127994955357516286817257777244959868264279725371442619741295639728146853654332828233
36 6227344912538597627978194
511942398515282769913145955182784232 532497638227942247695995756663239878311354727736271794228145221567
6278166264936177563158541735938394631624357333362271481114368575531147514439481695 33473831948383351
2847488385455377518527943174214453291859522244595246926286623255697483529481 64556595856424525134571971696
742766337765 43876936134419348469658524859495932288262166372948
3892686522164376395791586993269245467298133781272921621298797722441779849258887974575 16582384887661816987559685724288876215116114794132763
87882874482265149966724399731774853137361 397254654484698887155598715843258391928774371734655618529452473757191614228417191
5433625788916845627767328148844538739833638935382225364423982299818436112348923 3
35464582695959993298736112191899129 5592652263341796296356732354834961349378328867919
69187289288245877364397848351473559458353795765248557417149162367267278533128276439266122223259916 4698
81219387858 91945242818693716485113
355829578195899712212536245992759832281154582777669845462981212642369641647588817854 7328494323121856287137347126
42271714398 22457491323189514763489512676347368348561388481458873323754583853451535582129262
59549518329947249125486944138556725972326851795843389143595557791 55398892141251384246273869543255295371
2597639936834265213784256193688158235595288486742831973 549159636785682473189598958683433278421337255717
186236426339917234216635839218236888143716353866182579378948 544119814998914
85475373476972158431626538577224766824682943149831134894143 41431577
29317385923843718324999465287123411747742697679949515328268474584429575331983117725836 242397984625
89571845395735625749691892376392644914912142675482796415579861373862792644175652344611 3811869649343742434613515644982589932818575389182695368644893136
87646119986212485267136893948853331 7219833683755418683993356485965137143538924579955275643546271895291672254931212457
592524518872681381223988491252953667585662265462545622798542 673574578657992
91556751814585874494328357841133674594318496182336168996434459323724296 694928569779622687133888226725373214145748223575411423512437137346
48163747139916972527711351267241457882253532487581539251823868 56649181661735883981975418258332111271777
7376956937747554572929749211269 929893495356326788377684
9499121318824332159215 678987173389953184469415
61534996724 74925417762756922877866223
962982734224351942882738751886852956586243746481292319227434499183 1483
794344531574576411186527663165227 923823955831461992748729115479858931142783581369221827655748797751971186219357442938258361924241678
76887876422768831585764845194233857536842 629178415265519985442349322521466572232783675935737767725736212173858649146853113836662143
4299885387522294245326764428141187 96282181174743842675273184985919443559384763871264786424691
6882772442563329313476961541514427474638639253649556834189295843991956468756333746196226233 115624
4778117 1397
9772 4859791152
2743 76
9515487384496426922387364959 376262758135554939983189316492341243418743194134329331653613553949315968661727262699937379446615982
967121683134515874451369777383365672998375263697744698377633725948 297685174358849969741619329186968692835433316
9561459923857194691482222847222843637565323662356526864718911823325 65411914523577951233993559492598721427835957561118442277444247563961311131695276483
1255835282636831123927828278265371493923784877445477661657755295853865 16712528532185589171239635913949753
52328489283352628859759433522635118583985688143542411285792412635545151696878673 447539479629631535215281513571375294791598862522
157525 2751899212719387597684475244167349388573619711389312463
694467962646124326353763254945115976597489 953559148875733176237163618439317129169376781549757441679
26927625855323426 595368567844383553593442224429839556178
54928759598363828676764338527788181182341895331813462314197542564 766194
62389823356961666356394674815529713233375416714163913444147179 245958341586598874252848876746167326234866467586627892472138227
8296785951493272232282656355345347293926912714468472237878763791887753219473788795116617362577 8223936916728986699745842274688173465153434257899439761341177184855867
15 8759719754517848294256977811995998163745573352231262973223369
18749499829316483288115448923387388517495849559836448822276531132593498479566 1425553852186122619335398839787987896592867133374
57934231618929695857479748915789588192 779491316474788418324662869912849817637724366318942
3298638566519187483648377159852939357399749486359521614285588311818686918425342419644393 1593977134644989216445991162345288724629328144329
94252871361445342756157938589136164377826964142945254637319858116463952 76874
6753954744949185642664563744432576816527179951291897314 624217767668247791959278932134132658793556656633659223
981681985 94192363249459855516852933999522487655
8552332268665411757859338293512452141545613491547688452424513154578836959225951781928821 48513667556871131483129781991888333157716716155585699136726234617558394142472398472
786 7954169128736224286938126424914566146771297712656323379393313921211297728995
523941563864965457421745839552919598737597737 3945749667284116587959993
557135263212863671625363196637185285626331886451215526248283418789645973825416288134 76552256472656555569119863114346256858254571755334959199582195815655664239595
946493767396 31758739263526129735136797641862873186842142633726837425629457814
21557947668911369394313945765855 858241412586862722411
1957179855832323193881421276974855777833877617634617879677348383 549437738665427973371944896563324323748341492422258326228116113357347725541179314315841
883829462383515482922564526927773912526783899876 854437176163182275689187597243533453445824467826596
5846382356117883376225559793478382968235248688253795759443456294241367293628148881 342748738777485967455936199172931378552
2715587185545749576816764 91699314418
28511285828729314661124938682825892483144273992491624193185774242889973199 113856949421352622625578292339555162124441667931876784344
47883344696783532424237267895 632574
5418573515434288 581326364315849534667246113248222142464275743599788313156822976461845766449926678883439664398436
684797842555976931588389863126483815844222379116677237776414521 1636799595134823292288538625955678786435531562716288939579651976369
652273 3642187476212349965712524625717143817828593892368389536
2677367797457721574346346633394111477846 1471198461867896424561697968721881963466364679373817792133934654371677369481424499915988679
88 972317718534317233814
95358414742296742373761117226659119955658426917518 1767525217234794857734622371115549392373679281575269749643597325
611427698455167291871289877922828448866428875277696982131 93738383694151621484975643929941966586814743779288346758964867861781499533414295
96732459387375539179428174665759331542837695385466151 74335179583863976467572689136887954458194326262154656293333367716928878559568986
6249799461975114864539311341557884683646791742696295114 9639493553555962116
969814 348728931447829742827356722759754418744154413125978493141241962824912642534521483158187966743928699
434613921692572132753991452566266335636855333479372811832166464961964312758523323792469253779 281653583233253518836439361833735722234468675674576844223234
59488611511644987182737555 292191782946
48836786837286536454894396282189996467395864414 9948915484532116726892393355873389822783
92376194576268548866397869119696385521347541182328726219254395326763871619572 421282699921495237925541421984537856978781694216443653489828942511788
6764536743155798653539572789637762938857925233658974266832617343815498829424174859457828257427 314818367636631292325615648382157587335376634615943
486294351278913531967293491647381349297 5949787891339471433658826545495
44787991177969272847164599642541111885 41229796455616472831654595725297447396646167682683129496
13996443 6854299918235534264466739354
872316165835835765164537377198782565765329521413 45572167251
2435679619638253689 8369744474278797586117173758982118399145217762583543254828
542245195156119212556253426382324215987798614668891 327733512965824719537171581782439627
146441873967816313791634866749544882627599995219526876493748145448291538933178985 5268527314642866535576967966845811599741472264528464437527628488131335841619392278968539657886
32616329577756489541291863558149736481914965731851554785731214462 2156782786467684374927465821327429359124966161573
465446196456666198128 4947264356197759175273955174422796728635664299
786723619598112587543613439158561 1246878789314389278424467544893724712428418356633812339367
679583566817484729371622988829793319557543952467661926952955873 417448575376
1179184255641212195596776295657998127246948579189 745316122555515635
52 54572442245639842869716276992347837392993357591481455246777
95999493151658779676952797926628397654659462 969844248121159613389961615867912964664782249173591635724514235621742914194516879
8873965562435542835184476864117241774143714448638968721766368392 8197477119763311744373411918983539126579432127383139895998994
87531666641945561193725639315857147384274818726394886756895 96994321
653692931643996433891465369716334477249385438761363456198894 84448333155691342812183753976377787377244764132355597995153425576
8461157377685355531893872695 6887789196997
939691579488756731332568761438568675444638466394797438767381451944214936 87286615249898368273488224
5495466355159688283353539549525641914187455231454818426227692892747144164188 2612473764234317422251849816472133759436146593972393696118646488716461238925236
4368596 67467162717798741489595831487151325553627455676671758222264
89122771956662884235646258673447876199734342327596359684259418156544487336653777748183153275237336 7695951656415412329677428811345898631835537835
77273851115491378246989415995369651294778892851354513 1833432168122934385421214892919278611
591331818875124233159973815898669815196784375596141846315389572542 5165752979317172866855276373977331694822714593287679659519846
3253565937752698426256591426197942491848138948 1919544582417131832279114453976
868 462348738113422821137579461
541116327176321389769515 44791737434469744753951382268167958315918417342487823989987262899458889381847533453765624
98836717227361356533233219494112512388269834269853421636579111374894526772453279428861917437633 4237453485848714391487353
7127622978388222149148621781935 7937885253597274684474337798511617459797225526669127765627688
732448231967751329912264168154766411354266243716 224537254466165174
8772883985448792933823572949454499791754646885319815935589466 712496961289213638556452673283875349572555762358596128738884924668665788166799828662895877352165
9417529784651472761198991995299338366717782361756317815261959265482159575624295964988666285 39665621877574718377137
448352939732572536113122889546116849912789817914253783224872293814913349469583871448568298998 11233898317283821835733421916127
79483333662821659737851766456754191495499885199467639882354196838565533873344233633175544756241935 79142751537114159667977527139122336121191724888338
667951166199558352927945672585924 448
8792487688316381497149885487792771812811688827758496839666588959846 5443472773598157655949
8276213779515814451731378677827 8151158768119854998362872413235112111354347497948882582634273778194121492676395299899943369
24213131891613298131661782932421593821139435216915921179 66878
87365982975323224952235363715561294146168989533764823177521383194666757423426 2968
7685752557478516578367153 536332197714173737
53645593335738683167165264636 232279838783258626675
6929784649899414258429645133549278967 13545641479992846797654747
25691312767353586114577678439392735668338127771661246461194588914241447296 72933255639846251519743387956258247942948692558181167144891152779295995236916795519811565263
588259613849383545484128566185317722685583482471223956628771429225565539311882181716267644647761783 9545835879455344263454648196563141168197995962331451183253144385331487841648
44649326513333835658519693837128256343637754936265518547273647273196713599628 57326536291721812586324769127276629646645619543351755111783379872511466
424881214425159216285455426245916314831666674119389627 6258756682517
5122671559875157312153841 4
381954163914375268262634198213329528823987196513261978671614821596552757614667 6527461731533477751152783619285125986857361633917448152881325245468522514637298728166
53914979289945697357137731572272687587983126185261843795789399845 13187516284756796936153263981719861579787982285369643369
3276772513256368283491216278777414786883858885541391 4564936343912917861753179371861544529728624747366
9225252227922618895456681334296726433651382311563966447512 8951763219
25 536498533141137427127315924685344626374895665158744182338647255346324398544137278
56593151561257135223792143546585248664192271 3279967884431722945644647996529879666666812158135887337279315929941845394
813188864447813829395162237239759218578186838889951388187553157768223982654964275 887879613833252458422672229266579786833549861514597916555372769922543891942524574379657
